;FLAVOR:Marlin
;TIME:702
;Filament used: 0.626418m
;Layer height: 0.2
;MINX:124.896
;MINY:124.897
;MINZ:0.2
;MAXX:225.103
;MAXY:225.104
;MAXZ:13
;Generated with Cura_SteamEngine 4.8.0
M140 S60
M105
M190 S60
M104 S210
M105
M109 S210
M82 ;absolute extrusion mode
M201 X500.00 Y500.00 Z100.00 E5000.00 ;Setup machine max acceleration
M203 X500.00 Y500.00 Z10.00 E50.00 ;Setup machine max feedrate
M204 P500.00 R1000.00 T500.00 ;Setup Print/Retract/Travel acceleration
M205 X8.00 Y8.00 Z0.40 E5.00 ;Setup Jerk
M220 S100 ;Reset Feedrate
M221 S100 ;Reset Flowrate

G28 ;Home
M420 S1 Z2 ;Enable ABL using saved Mesh and Fade Height

G92 E0 ;Reset Extruder
G1 Z2.0 F3000 ;Move Z Axis up
G1 X10.1 Y20 Z0.28 F5000.0 ;Move to start position
G1 X10.1 Y200.0 Z0.28 F1500.0 E15 ;Draw the first line
G1 X10.4 Y200.0 Z0.28 F5000.0 ;Move to side a little
G1 X10.4 Y20 Z0.28 F1500.0 E30 ;Draw the second line
G92 E0 ;Reset Extruder
G1 Z2.0 F3000 ;Move Z Axis up

G92 E0
G92 E0
G1 F2100 E-1.5
;LAYER_COUNT:65
;LAYER:0
M107
G0 F6000 X135.326 Y133.082 Z0.2
;TYPE:SKIRT
G1 F2100 E0
G1 F1200 X135.819 Y132.603 E0.02286
G1 X136.494 Y132.003 E0.0529
G1 X137.219 Y131.465 E0.08293
G1 X137.99 Y130.994 E0.11298
G1 X138.798 Y130.592 E0.14299
G1 X139.64 Y130.263 E0.17306
G1 X140.507 Y130.01 E0.2031
G1 X141.392 Y129.835 E0.23311
G1 X142.261 Y129.741 E0.26218
G1 X143.425 Y129.666 E0.30097
G1 X143.854 Y129.644 E0.31526
G1 X146.446 Y129.44 E0.40174
G1 X148.909 Y129.178 E0.48412
G1 X151.474 Y128.83 E0.57021
G1 X153.953 Y128.421 E0.65378
G1 X156.449 Y127.938 E0.73834
G1 X158.924 Y127.385 E0.82268
G1 X161.622 Y126.7 E0.91527
G1 X162.095 Y126.575 E0.93154
G1 X162.933 Y126.371 E0.96023
G1 X163.278 Y126.294 E0.97198
G1 X163.9 Y126.165 E0.99311
G1 X166.276 Y125.693 E1.07368
G1 X167.982 Y125.39 E1.13131
G1 X168.759 Y125.283 E1.1574
G1 X169.601 Y125.202 E1.18553
G1 X170.181 Y125.155 E1.20489
G1 X170.76 Y125.113 E1.22419
G1 X172.56 Y124.995 E1.28419
G1 X173.531 Y124.938 E1.31654
G1 X173.864 Y124.923 E1.32763
G1 X174.75 Y124.9 E1.35711
G1 X175.089 Y124.897 E1.36838
G1 X175.501 Y124.9 E1.38209
G1 X175.907 Y124.911 E1.3956
G1 X176.969 Y124.961 E1.43096
G1 X177.161 Y124.972 E1.43735
G1 X179.463 Y125.124 E1.51409
G1 X180.879 Y125.243 E1.56135
G1 X181.232 Y125.278 E1.57315
G1 X181.743 Y125.348 E1.5903
G1 X182.555 Y125.48 E1.61766
G1 X183.154 Y125.588 E1.63791
G1 X183.843 Y125.72 E1.66124
G1 X185.658 Y126.082 E1.7228
G1 X186.614 Y126.28 E1.75527
G1 X186.904 Y126.345 E1.76515
G1 X187.748 Y126.543 E1.79399
G1 X188.128 Y126.64 E1.80703
G1 X188.255 Y126.675 E1.81141
G1 X188.646 Y126.791 E1.82498
G1 X189.84 Y127.172 E1.86666
G1 X190.016 Y127.23 E1.87282
G1 X192.196 Y127.971 E1.94941
G1 X193.238 Y128.344 E1.98622
G1 X193.633 Y128.495 E2.00028
G1 X194.247 Y128.744 E2.02232
G1 X194.618 Y128.902 E2.03573
G1 X195.226 Y129.177 E2.05793
G1 X195.853 Y129.474 E2.081
G1 X196.549 Y129.814 E2.10676
G1 X197.787 Y130.424 E2.15267
G1 X198.742 Y130.902 E2.18819
G1 X199.118 Y131.096 E2.20226
G1 X199.729 Y131.423 E2.22531
G1 X199.966 Y131.554 E2.23432
G1 X200.138 Y131.652 E2.2409
G1 X200.585 Y131.922 E2.25827
G1 X201.737 Y132.659 E2.30375
G1 X201.907 Y132.77 E2.31051
G1 X203.73 Y133.988 E2.38343
G1 X203.909 Y134.111 E2.39065
G1 X204.834 Y134.758 E2.4282
G1 X205.145 Y134.984 E2.44098
G1 X205.569 Y135.305 E2.45867
G1 X205.861 Y135.534 E2.47101
G1 X206.372 Y135.951 E2.49295
G1 X206.583 Y136.128 E2.50211
G1 X207.243 Y136.698 E2.53112
G1 X208.053 Y137.404 E2.56685
G1 X208.872 Y138.126 E2.60317
G1 X209.469 Y138.661 E2.62983
G1 X209.661 Y138.837 E2.63849
G1 X210.33 Y139.468 E2.66908
G1 X210.615 Y139.748 E2.68237
G1 X210.714 Y139.849 E2.68707
G1 X210.984 Y140.135 E2.70015
G1 X211.812 Y141.05 E2.7412
G1 X213.405 Y142.866 E2.82154
G1 X213.528 Y143.009 E2.82782
G1 X214.307 Y143.931 E2.86796
G1 X214.592 Y144.283 E2.88303
G1 X214.851 Y144.626 E2.89732
G1 X215.377 Y145.355 E2.92722
G1 X215.533 Y145.578 E2.93627
G1 X216.037 Y146.318 E2.96605
G1 X216.656 Y147.238 E3.00293
G1 X217.223 Y148.09 E3.03697
G1 X217.507 Y148.521 E3.05414
G1 X217.674 Y148.782 E3.06445
G1 X218.403 Y149.965 E3.11066
G1 X218.796 Y150.664 E3.13733
G1 X219.357 Y151.759 E3.17826
G1 X220.51 Y154.095 E3.2649
G1 X220.873 Y154.859 E3.29303
G1 X221.076 Y155.314 E3.3096
G1 X221.321 Y155.902 E3.33079
G1 X221.445 Y156.212 E3.3419
G1 X221.706 Y156.901 E3.3664
G1 X222.061 Y157.911 E3.40201
G1 X222.397 Y158.889 E3.4364
G1 X222.783 Y160.035 E3.47662
G1 X223.02 Y160.758 E3.50193
G1 X223.094 Y160.996 E3.51022
G1 X223.335 Y161.797 E3.53804
G1 X223.415 Y162.076 E3.54769
G1 X223.462 Y162.25 E3.55369
G1 X223.583 Y162.746 E3.57067
G1 X223.835 Y163.907 E3.61018
G1 X224.297 Y166.225 E3.6888
G1 X224.337 Y166.437 E3.69597
G1 X224.61 Y167.98 E3.74809
G1 X224.716 Y168.75 E3.77394
G1 X224.779 Y169.385 E3.79517
G1 X224.799 Y169.607 E3.80258
G1 X224.883 Y170.7 E3.83904
G1 X225.003 Y172.509 E3.89934
G1 X225.063 Y173.532 E3.93342
G1 X225.077 Y173.864 E3.94448
G1 X225.1 Y174.749 E3.97392
G1 X225.103 Y175.088 E3.9852
G1 X225.1 Y175.501 E3.99893
G1 X225.089 Y175.907 E4.01244
G1 X225.039 Y176.969 E4.0478
G1 X225.028 Y177.161 E4.0542
G1 X224.876 Y179.463 E4.13093
G1 X224.757 Y180.879 E4.17819
G1 X224.722 Y181.232 E4.18999
G1 X224.652 Y181.743 E4.20715
G1 X224.52 Y182.555 E4.23451
G1 X224.481 Y182.78 E4.2421
G1 X224.364 Y183.408 E4.26335
G1 X224.293 Y183.775 E4.27578
G1 X223.852 Y185.982 E4.35064
G1 X223.707 Y186.672 E4.37409
G1 X223.655 Y186.904 E4.382
G1 X223.457 Y187.748 E4.41083
G1 X223.36 Y188.128 E4.42388
G1 X223.325 Y188.255 E4.42826
G1 X223.209 Y188.646 E4.44182
G1 X222.828 Y189.84 E4.48351
G1 X222.77 Y190.016 E4.48967
G1 X222.031 Y192.192 E4.56611
G1 X221.657 Y193.238 E4.60305
G1 X221.501 Y193.646 E4.61758
G1 X221.253 Y194.256 E4.63948
G1 X221.094 Y194.626 E4.65288
G1 X220.773 Y195.334 E4.67873
G1 X220.659 Y195.576 E4.68763
G1 X220.243 Y196.432 E4.71928
G1 X219.935 Y197.055 E4.7424
G1 X219.547 Y197.823 E4.77102
G1 X218.868 Y199.111 E4.81944
G1 X218.715 Y199.391 E4.83006
G1 X218.422 Y199.907 E4.84979
G1 X218.216 Y200.253 E4.86319
G1 X217.883 Y200.789 E4.88417
G1 X217.762 Y200.978 E4.89164
G1 X217.257 Y201.752 E4.92238
G1 X216.939 Y202.223 E4.94128
G1 X216.176 Y203.319 E4.98569
G1 X215.888 Y203.721 E5.00214
G1 X215.291 Y204.544 E5.03596
G1 X215.129 Y204.762 E5.04499
G1 X214.201 Y205.972 E5.09571
G1 X214.007 Y206.217 E5.1061
G1 X213.339 Y207.035 E5.14123
G1 X213.11 Y207.305 E5.15301
G1 X212.104 Y208.453 E5.20377
G1 X211.881 Y208.7 E5.21484
G1 X211.038 Y209.601 E5.25588
G1 X210.799 Y209.848 E5.26731
G1 X209.815 Y210.831 E5.31357
G1 X209.599 Y211.04 E5.32357
G1 X208.842 Y211.753 E5.35816
G1 X208.576 Y211.996 E5.37014
G1 X207.378 Y213.047 E5.42315
G1 X207.143 Y213.247 E5.43341
G1 X206.354 Y213.898 E5.46743
G1 X206.079 Y214.116 E5.4791
G1 X204.768 Y215.124 E5.53411
G1 X204.54 Y215.295 E5.54359
G1 X203.721 Y215.889 E5.57724
G1 X202.615 Y216.669 E5.62225
G1 X202.062 Y217.048 E5.64455
G1 X201.59 Y217.364 E5.66344
G1 X200.551 Y218.044 E5.70474
G1 X199.844 Y218.468 E5.73216
G1 X199.216 Y218.814 E5.75601
G1 X198.29 Y219.308 E5.79092
G1 X197.58 Y219.672 E5.81745
G1 X196.915 Y220.005 E5.84219
G1 X195.976 Y220.467 E5.877
G1 X195.553 Y220.671 E5.89262
G1 X195.274 Y220.801 E5.90285
G1 X194.381 Y221.199 E5.93537
G1 X194.052 Y221.338 E5.94725
G1 X193.634 Y221.507 E5.96225
G1 X193.252 Y221.653 E5.97585
G1 X192.184 Y222.034 E6.01356
G1 X189.865 Y222.82 E6.095
G1 X188.575 Y223.23 E6.14002
G1 X187.819 Y223.438 E6.1661
G1 X186.849 Y223.666 E6.19924
G1 X186.601 Y223.721 E6.20769
G1 X185.797 Y223.889 E6.23501
G1 X184.749 Y224.101 E6.27057
G1 X183.469 Y224.351 E6.31395
G1 X182.903 Y224.458 E6.33311
G1 X182.612 Y224.509 E6.34294
G1 X181.626 Y224.666 E6.37614
G1 X181.32 Y224.71 E6.38643
G1 X181.133 Y224.734 E6.3927
G1 X180.698 Y224.78 E6.40725
G1 X179.805 Y224.854 E6.43705
G1 X176.801 Y225.05 E6.53717
G1 X176.062 Y225.089 E6.56179
G1 X175.54 Y225.103 E6.57916
G1 X174.89 Y225.104 E6.60078
G1 X174.557 Y225.099 E6.61185
G1 X173.946 Y225.08 E6.63218
G1 X173.729 Y225.071 E6.63941
G1 X173.113 Y225.038 E6.65992
G1 X171.939 Y224.959 E6.69906
G1 X170.883 Y224.874 E6.7343
G1 X170.677 Y224.855 E6.74118
G1 X169.607 Y224.747 E6.77695
G1 X169.332 Y224.716 E6.78615
G1 X167.915 Y224.534 E6.83367
G1 X167.63 Y224.493 E6.84324
G1 X166.409 Y224.301 E6.88435
G1 X166.194 Y224.265 E6.8916
G1 X165.134 Y224.074 E6.92743
G1 X164.083 Y223.871 E6.96303
G1 X163.874 Y223.828 E6.97013
G1 X162.711 Y223.574 E7.00972
G1 X161.948 Y223.376 E7.03594
G1 X160.848 Y223.045 E7.07415
G1 X160.571 Y222.958 E7.0838
G1 X159.613 Y222.639 E7.11739
G1 X157.684 Y221.985 E7.18513
G1 X157.204 Y221.818 E7.20204
G1 X156.982 Y221.737 E7.2099
G1 X156.1 Y221.407 E7.24122
G1 X155.744 Y221.266 E7.25395
G1 X155.653 Y221.228 E7.25723
G1 X155.238 Y221.044 E7.27233
G1 X154.091 Y220.504 E7.3145
G1 X153.925 Y220.424 E7.32063
G1 X151.771 Y219.362 E7.4005
G1 X151.594 Y219.273 E7.40709
G1 X150.425 Y218.668 E7.45087
G1 X149.693 Y218.25 E7.47891
G1 X148.907 Y217.757 E7.50977
G1 X148.717 Y217.634 E7.51729
G1 X147.898 Y217.095 E7.5499
G1 X147.115 Y216.575 E7.58117
G1 X145.934 Y215.778 E7.62856
G1 X145.364 Y215.384 E7.6516
G1 X144.705 Y214.91 E7.6786
G1 X144.473 Y214.738 E7.68821
G1 X144.315 Y214.617 E7.69483
G1 X143.927 Y214.304 E7.71141
G1 X142.856 Y213.396 E7.75811
G1 X140.864 Y211.649 E7.84623
G1 X140.356 Y211.191 E7.86898
G1 X139.974 Y210.827 E7.88653
G1 X139.403 Y210.256 E7.91339
G1 X139.188 Y210.035 E7.92364
G1 X138.835 Y209.66 E7.94077
G1 X138.64 Y209.448 E7.95035
G1 X137.874 Y208.586 E7.98871
G1 X136.804 Y207.367 E8.04266
G1 X136.41 Y206.913 E8.06265
G1 X136.14 Y206.597 E8.07647
G1 X135.993 Y206.42 E8.08413
G1 X135.336 Y205.615 E8.11869
G1 X135.142 Y205.37 E8.12908
G1 X135.06 Y205.263 E8.13356
G1 X134.77 Y204.866 E8.14992
G1 X134.126 Y203.936 E8.18754
G1 X132.801 Y201.954 E8.26684
G1 X132.682 Y201.772 E8.27407
G1 X131.989 Y200.685 E8.31694
G1 X131.77 Y200.325 E8.33096
G1 X131.522 Y199.898 E8.34738
G1 X131.361 Y199.61 E8.35836
G1 X131.115 Y199.153 E8.37562
G1 X130.981 Y198.896 E8.38526
G1 X130.105 Y197.148 E8.45029
G1 X129.343 Y195.583 E8.50818
G1 X129.2 Y195.275 E8.51948
G1 X128.801 Y194.38 E8.55207
G1 X128.659 Y194.047 E8.56411
G1 X128.491 Y193.631 E8.57903
G1 X128.347 Y193.252 E8.59252
G1 X128.018 Y192.334 E8.62495
G1 X127.235 Y190.03 E8.70589
G1 X127.173 Y189.843 E8.71244
G1 X126.77 Y188.575 E8.75669
G1 X126.562 Y187.819 E8.78277
G1 X126.334 Y186.849 E8.81591
G1 X126.278 Y186.597 E8.8245
G1 X126.103 Y185.758 E8.85301
G1 X125.866 Y184.585 E8.89281
G1 X125.641 Y183.428 E8.93201
G1 X125.542 Y182.905 E8.94971
G1 X125.491 Y182.612 E8.95961
G1 X125.334 Y181.626 E8.99281
G1 X125.29 Y181.32 E9.0031
G1 X125.266 Y181.133 E9.00937
G1 X125.22 Y180.698 E9.02392
G1 X125.146 Y179.805 E9.05372
G1 X124.95 Y176.801 E9.15384
G1 X124.911 Y176.062 E9.17846
G1 X124.897 Y175.539 E9.19586
G1 X124.896 Y174.876 E9.21791
G1 X124.901 Y174.537 E9.22919
G1 X124.92 Y173.939 E9.24909
G1 X124.93 Y173.716 E9.25651
G1 X124.967 Y173.033 E9.27926
G1 X125.09 Y171.088 E9.34408
G1 X125.169 Y169.987 E9.3808
G1 X125.22 Y169.383 E9.40096
G1 X125.286 Y168.733 E9.42269
G1 X125.322 Y168.428 E9.4329
G1 X125.348 Y168.231 E9.43951
G1 X125.422 Y167.754 E9.45556
G1 X125.639 Y166.552 E9.49619
G1 X126.185 Y163.8 E9.58951
G1 X126.35 Y163.008 E9.61641
G1 X126.496 Y162.358 E9.63857
G1 X126.638 Y161.778 E9.65843
G1 X127.166 Y159.763 E9.72771
G1 X127.733 Y157.322 E9.81106
G1 X128.248 Y154.789 E9.89703
G1 X128.67 Y152.345 E9.97953
G1 X129.04 Y149.787 E10.06549
G1 X129.329 Y147.288 E10.14916
G1 X129.55 Y144.76 E10.23356
G1 X129.69 Y142.454 E10.3104
G1 X129.776 Y141.555 E10.34044
G1 X129.94 Y140.667 E10.37047
G1 X130.183 Y139.797 E10.40052
G1 X130.501 Y138.952 E10.43055
G1 X130.893 Y138.138 E10.4606
G1 X131.356 Y137.363 E10.49062
G1 X131.885 Y136.631 E10.52066
G1 X132.453 Y135.974 E10.54955
G1 X132.665 Y135.749 E10.55983
G1 X132.979 Y135.43 E10.57472
G1 X133.389 Y135.032 E10.59372
G1 X135.326 Y133.082 E10.68514
G1 F2100 E9.18514
;MESH:Warp_Reaction_Chamber_Lens.stl
G0 F6000 X142.051 Y139.841
G0 X142.748 Y140.537
G0 X142.535 Y140.579
;TYPE:WALL-OUTER
G1 F2100 E10.68514
G1 F1200 X142.923 Y140.192 E10.70337
G1 X148.958 Y146.228 E10.98726
G1 X149.379 Y145.777 E11.00778
G1 X149.576 Y145.56 E11.01753
G1 X149.859 Y145.238 E11.03178
G1 X150.128 Y144.922 E11.04559
G1 X150.374 Y144.617 E11.05862
G1 X150.586 Y144.341 E11.07019
G1 X150.756 Y144.112 E11.07968
G1 X150.925 Y143.923 E11.08811
G1 X151.138 Y143.738 E11.0975
G1 X151.374 Y143.546 E11.10762
G1 X151.767 Y143.161 E11.12591
G1 X152.019 Y142.879 E11.13849
G1 X152.177 Y142.694 E11.14658
G1 X152.533 Y142.411 E11.16171
G1 X152.789 Y142.193 E11.17289
G1 X153.098 Y141.956 E11.18585
G1 X153.395 Y141.743 E11.198
G1 X153.774 Y141.485 E11.21325
G1 X154.211 Y141.204 E11.23053
G1 X154.767 Y140.867 E11.25216
G1 X155.52 Y140.442 E11.28091
G1 X156.45 Y139.949 E11.31592
G1 X157.483 Y139.434 E11.35431
G1 X158.636 Y138.893 E11.39668
G1 X159.764 Y138.403 E11.43758
G1 X161.003 Y137.911 E11.48192
G1 X162.175 Y137.481 E11.52344
G1 X163.282 Y137.094 E11.56245
G1 X163.332 Y137.079 E11.56418
G1 X164.175 Y136.798 E11.59374
G1 X164.639 Y136.654 E11.6099
G1 X164.966 Y136.569 E11.62113
G1 X165.23 Y136.509 E11.63014
G1 X165.578 Y136.436 E11.64196
G1 X169.303 Y135.695 E11.76829
G1 X169.643 Y135.642 E11.77973
G1 X169.948 Y135.608 E11.78994
G1 X170.527 Y135.558 E11.80927
G1 X171.392 Y135.495 E11.83811
G1 X172.408 Y135.426 E11.87198
G1 X173.421 Y135.361 E11.90574
G1 X174.288 Y135.311 E11.93463
G1 X174.87 Y135.285 E11.95401
G1 X175.274 Y135.281 E11.96744
G1 X175.552 Y135.289 E11.97669
G1 X179.679 Y135.561 E12.11426
G1 X179.957 Y135.59 E12.12355
G1 X180.319 Y135.643 E12.13572
G1 X180.888 Y135.743 E12.15494
G1 X181.7 Y135.898 E12.18243
G1 X183.733 Y136.303 E12.25138
G1 X184.64 Y136.491 E12.28219
G1 X185.149 Y136.604 E12.29953
G1 X185.498 Y136.692 E12.3115
G1 X185.819 Y136.787 E12.32263
G1 X189.358 Y137.988 E12.44693
G1 X189.721 Y138.113 E12.4597
G1 X189.985 Y138.214 E12.4691
G1 X190.324 Y138.36 E12.48138
G1 X190.845 Y138.605 E12.50053
G1 X191.628 Y138.983 E12.52945
G1 X193.452 Y139.881 E12.59707
G1 X194.276 Y140.298 E12.62778
G1 X194.746 Y140.541 E12.64538
G1 X194.786 Y140.565 E12.64693
G1 X195.01 Y140.687 E12.65542
G1 X195.341 Y140.89 E12.66833
G1 X198.765 Y143.179 E12.80532
G1 X199.001 Y143.351 E12.81503
G1 X199.279 Y143.571 E12.82682
G1 X199.724 Y143.946 E12.84618
G1 X200.383 Y144.514 E12.87511
G1 X201.182 Y145.211 E12.91038
G1 X201.912 Y145.853 E12.94271
G1 X202.601 Y146.469 E12.97345
G1 X202.987 Y146.822 E12.99085
G1 X203.279 Y147.107 E13.00442
G1 X203.475 Y147.316 E13.01395
G1 X206.163 Y150.381 E13.14954
G1 X206.369 Y150.634 E13.1604
G1 X206.589 Y150.93 E13.17266
G1 X206.92 Y151.403 E13.19186
G1 X207.409 Y152.123 E13.22081
G1 X208 Y153.002 E13.25604
G1 X208.539 Y153.812 E13.2884
G1 X208.88 Y154.331 E13.30906
G1 X209.328 Y155.027 E13.33659
G1 X209.541 Y155.388 E13.35053
G1 X209.67 Y155.63 E13.35965
G1 X211.489 Y159.317 E13.49639
G1 X211.625 Y159.628 E13.50768
G1 X211.74 Y159.918 E13.51806
G1 X211.938 Y160.468 E13.5375
G1 X212.211 Y161.244 E13.56486
G1 X212.223 Y161.285 E13.56628
G1 X212.541 Y162.211 E13.59884
G1 X212.881 Y163.216 E13.63413
G1 X213.19 Y164.159 E13.66714
G1 X213.328 Y164.595 E13.68235
G1 X213.425 Y164.936 E13.69414
G1 X213.502 Y165.263 E13.70531
G1 X214.305 Y169.303 E13.84231
G1 X214.357 Y169.634 E13.85346
G1 X214.392 Y169.948 E13.86396
G1 X214.442 Y170.525 E13.88323
G1 X214.505 Y171.392 E13.91214
G1 X214.574 Y172.408 E13.94601
G1 X214.639 Y173.418 E13.97967
G1 X214.689 Y174.286 E14.00859
G1 X214.715 Y174.863 E14.0278
G1 X214.719 Y175.272 E14.0414
G1 X214.711 Y175.552 E14.05072
G1 X214.44 Y179.671 E14.18802
G1 X214.411 Y179.953 E14.19744
G1 X214.358 Y180.313 E14.20955
G1 X214.257 Y180.888 E14.22896
G1 X214.102 Y181.7 E14.25646
G1 X213.697 Y183.733 E14.32541
G1 X213.509 Y184.64 E14.35621
G1 X213.396 Y185.149 E14.37356
G1 X213.308 Y185.498 E14.38553
G1 X213.213 Y185.819 E14.39666
G1 X212.012 Y189.358 E14.52096
G1 X211.887 Y189.721 E14.53373
G1 X211.786 Y189.985 E14.54313
G1 X211.643 Y190.318 E14.55519
G1 X211.395 Y190.845 E14.57456
G1 X210.975 Y191.713 E14.60663
G1 X210.53 Y192.613 E14.64002
G1 X209.974 Y193.71 E14.68093
G1 X209.447 Y194.67 E14.71735
G1 X209.248 Y194.994 E14.73
G1 X209.211 Y195.043 E14.73204
G1 X208.663 Y195.913 E14.76624
G1 X208.404 Y196.276 E14.78107
G1 X207.918 Y196.985 E14.80966
G1 X207.164 Y198.045 E14.85293
G1 X206.393 Y199.085 E14.89599
G1 X205.591 Y200.096 E14.93891
G1 X204.746 Y201.092 E14.98235
G1 X203.881 Y202.046 E15.02518
G1 X202.981 Y202.976 E15.06823
G1 X202.046 Y203.881 E15.11151
G1 X201.086 Y204.751 E15.1546
G1 X200.108 Y205.582 E15.19728
G1 X200.04 Y205.633 E15.20011
G1 X199.084 Y206.393 E15.24073
G1 X198.048 Y207.162 E15.28364
G1 X196.988 Y207.916 E15.32691
G1 X196.217 Y208.446 E15.35803
G1 X195.917 Y208.66 E15.37028
G1 X195.045 Y209.21 E15.40457
G1 X194.835 Y209.364 E15.41323
G1 X194.669 Y209.447 E15.41941
G1 X193.697 Y209.983 E15.45632
G1 X193.573 Y210.042 E15.46089
G1 X192.612 Y210.532 E15.49677
G1 X191.629 Y211.018 E15.53324
G1 X190.797 Y211.418 E15.56395
G1 X190.319 Y211.643 E15.58152
G1 X189.948 Y211.8 E15.59492
G1 X189.679 Y211.902 E15.60449
G1 X185.819 Y213.212 E15.74006
G1 X185.498 Y213.308 E15.75121
G1 X185.149 Y213.396 E15.76318
G1 X184.585 Y213.519 E15.78238
G1 X183.732 Y213.696 E15.81135
G1 X182.749 Y213.895 E15.84471
G1 X181.742 Y214.093 E15.87884
G1 X180.833 Y214.266 E15.90962
G1 X180.313 Y214.358 E15.92718
G1 X179.911 Y214.415 E15.94069
G1 X179.635 Y214.442 E15.94991
G1 X175.51 Y214.713 E16.08741
G1 X175.178 Y214.72 E16.09845
G1 X174.87 Y214.715 E16.1087
G1 X174.288 Y214.688 E16.12807
G1 X173.419 Y214.639 E16.15702
G1 X172.301 Y214.559 E16.1943
G1 X171.149 Y214.457 E16.23277
G1 X169.905 Y214.317 E16.27441
G1 X168.704 Y214.144 E16.31476
G1 X167.518 Y213.94 E16.35479
G1 X166.498 Y213.749 E16.3893
G1 X165.231 Y213.495 E16.43228
G1 X164.941 Y213.426 E16.4422
G1 X164.59 Y213.327 E16.45433
G1 X164.042 Y213.151 E16.47347
G1 X163.217 Y212.879 E16.50236
G1 X161.295 Y212.229 E16.56985
G1 X160.436 Y211.931 E16.60009
G1 X159.961 Y211.761 E16.61687
G1 X159.644 Y211.636 E16.6282
G1 X159.358 Y211.509 E16.63861
G1 X155.519 Y209.615 E16.78099
G1 X155.288 Y209.49 E16.78972
G1 X154.991 Y209.31 E16.80127
G1 X154.522 Y209.006 E16.81986
G1 X153.806 Y208.534 E16.84839
G1 X152.93 Y207.952 E16.88337
G1 X152.122 Y207.409 E16.91575
G1 X151.36 Y206.889 E16.94643
G1 X150.882 Y206.553 E16.96586
G1 X150.634 Y206.369 E16.97613
G1 X150.381 Y206.163 E16.98698
G1 X147.278 Y203.442 E17.12425
G1 X147.042 Y203.215 E17.13514
G1 X146.823 Y202.988 E17.14563
G1 X146.432 Y202.559 E17.16494
G1 X145.854 Y201.911 E17.19382
G1 X145.154 Y201.117 E17.22903
G1 X144.512 Y200.383 E17.26146
G1 X144.107 Y199.914 E17.28207
G1 X143.571 Y199.279 E17.30971
G1 X143.322 Y198.963 E17.32309
G1 X143.154 Y198.73 E17.33264
G1 X140.867 Y195.305 E17.46962
G1 X140.688 Y195.011 E17.48107
G1 X140.538 Y194.741 E17.49134
G1 X140.272 Y194.226 E17.51062
G1 X139.448 Y192.578 E17.5719
G1 X138.982 Y191.629 E17.60707
G1 X138.581 Y190.795 E17.63785
G1 X138.357 Y190.318 E17.65537
G1 X138.197 Y189.941 E17.66899
G1 X138.098 Y189.679 E17.67831
G1 X136.788 Y185.819 E17.81389
G1 X136.692 Y185.498 E17.82503
G1 X136.604 Y185.149 E17.837
G1 X136.481 Y184.585 E17.8562
G1 X136.304 Y183.732 E17.88518
G1 X136.105 Y182.749 E17.91853
G1 X135.907 Y181.742 E17.95267
G1 X135.733 Y180.83 E17.98355
G1 X135.642 Y180.313 E18.00101
G1 X135.584 Y179.906 E18.01468
G1 X135.558 Y179.635 E18.02374
G1 X135.287 Y175.51 E18.16123
G1 X135.28 Y175.182 E18.17214
G1 X135.285 Y174.87 E18.18252
G1 X135.312 Y174.288 E18.2019
G1 X135.362 Y173.421 E18.23078
G1 X135.429 Y172.364 E18.26601
G1 X135.493 Y171.39 E18.29848
G1 X135.557 Y170.526 E18.32729
G1 X135.608 Y169.949 E18.34656
G1 X135.649 Y169.583 E18.35881
G1 X135.701 Y169.269 E18.36939
G1 X136.385 Y165.83 E18.48601
G1 X136.516 Y165.191 E18.50771
G1 X136.579 Y164.906 E18.51742
G1 X136.63 Y164.654 E18.52597
G1 X136.949 Y163.703 E18.55933
G1 X136.975 Y163.632 E18.56185
G1 X137.13 Y163.168 E18.57812
G1 X137.157 Y163.096 E18.58067
G1 X137.435 Y162.303 E18.60862
G1 X137.858 Y161.156 E18.64928
G1 X138.266 Y160.117 E18.68641
G1 X138.378 Y159.825 E18.69681
G1 X138.395 Y159.791 E18.69808
G1 X138.892 Y158.638 E18.73984
G1 X139.425 Y157.501 E18.7816
G1 X139.95 Y156.444 E18.82086
G1 X140.321 Y155.749 E18.84706
G1 X140.437 Y155.526 E18.85542
G1 X140.534 Y155.359 E18.86184
G1 X140.867 Y154.768 E18.88441
G1 X141.246 Y154.144 E18.90869
G1 X141.517 Y153.723 E18.92534
G1 X142.065 Y152.904 E18.95812
G1 X142.216 Y152.688 E18.96688
G1 X142.418 Y152.508 E18.97588
G1 X142.608 Y152.293 E18.98542
G1 X142.784 Y152.103 E18.99404
G1 X142.964 Y151.946 E19.00198
G1 X143.218 Y151.714 E19.01342
G1 X143.433 Y151.484 E19.0239
G1 X143.616 Y151.284 E19.03291
G1 X143.766 Y151.089 E19.04109
G1 X143.98 Y150.874 E19.05118
G1 X144.184 Y150.711 E19.05987
G1 X144.462 Y150.503 E19.07142
G1 X144.764 Y150.263 E19.08425
G1 X145.096 Y149.987 E19.09861
G1 X145.448 Y149.681 E19.11412
G1 X145.843 Y149.322 E19.13187
G1 X146.183 Y149.002 E19.1474
G1 X145.94 Y148.754 E19.15895
G1 X140.149 Y142.964 E19.43132
G1 X140.537 Y142.576 E19.44957
G1 X146.578 Y148.62 E19.73379
G1 X146.956 Y148.316 E19.74992
G1 X147.712 Y147.564 E19.78539
G1 X148.269 Y147.004 E19.81166
G1 X148.575 Y146.623 E19.82791
G1 X142.535 Y140.579 E20.11211
;MESH:NONMESH
G0 F300 X142.535 Y140.579 Z0.4
G0 F6000 X142.777 Y140.579
G0 X148.748 Y146.614
G0 X148.372 Y147.097
G0 X147.049 Y148.42
G0 X146.569 Y148.793
G0 X140.537 Y142.818
G0 X140.693 Y142.42
;TIME_ELAPSED:35.938552
;LAYER:1
M106 S85
;TYPE:WALL-OUTER
;MESH:Warp_Reaction_Chamber_Lens.stl
G1 F1704.7 X146.736 Y148.467 E20.39645
G1 X146.922 Y148.316 E20.40442
G1 X148.269 Y146.968 E20.4678
G1 X148.418 Y146.781 E20.47575
G1 X147.643 Y146.001 E20.51232
G1 X142.379 Y140.735 E20.75997
G1 X143.336 Y139.777 E20.80501
G1 X149.338 Y145.775 E21.08723
G1 X149.739 Y145.324 E21.1073
G1 X149.998 Y145.02 E21.12059
G1 X150.249 Y144.715 E21.13372
G1 X150.473 Y144.431 E21.14575
G1 X150.655 Y144.186 E21.15591
G1 X150.856 Y143.948 E21.16627
G1 X151.09 Y143.723 E21.17706
G1 X151.302 Y143.552 E21.18612
G1 X151.49 Y143.368 E21.19487
G1 X151.705 Y143.152 E21.20501
G1 X152.117 Y142.682 E21.2258
G1 X152.445 Y142.42 E21.23976
G1 X152.775 Y142.14 E21.25415
G1 X153.026 Y141.95 E21.26462
G1 X153.338 Y141.725 E21.27742
G1 X153.72 Y141.465 E21.29279
G1 X154.171 Y141.176 E21.3106
G1 X154.736 Y140.833 E21.33259
G1 X155.494 Y140.404 E21.36156
G1 X156.338 Y139.955 E21.39335
G1 X157.386 Y139.43 E21.43234
G1 X158.617 Y138.851 E21.47758
G1 X159.654 Y138.401 E21.51518
G1 X159.936 Y138.285 E21.52532
G1 X160.986 Y137.868 E21.5629
G1 X162.161 Y137.437 E21.60453
G1 X163.281 Y137.046 E21.64398
G1 X164.182 Y136.746 E21.67557
G1 X164.437 Y136.668 E21.68444
G1 X164.75 Y136.578 E21.69527
G1 X165.11 Y136.489 E21.7076
G1 X165.353 Y136.435 E21.71588
G1 X166.227 Y136.259 E21.74554
G1 X169.29 Y135.65 E21.84941
G1 X169.614 Y135.599 E21.86032
G1 X169.947 Y135.56 E21.87147
G1 X170.52 Y135.513 E21.89059
G1 X171.387 Y135.449 E21.9195
G1 X172.531 Y135.372 E21.95764
G1 X173.419 Y135.315 E21.98724
G1 X174.288 Y135.265 E22.01619
G1 X174.866 Y135.239 E22.03543
G1 X175.261 Y135.234 E22.04857
G1 X175.535 Y135.242 E22.05769
G1 X179.679 Y135.514 E22.19581
G1 X179.993 Y135.548 E22.20632
G1 X180.328 Y135.597 E22.21758
G1 X180.894 Y135.698 E22.2367
G1 X181.746 Y135.861 E22.26555
G1 X182.872 Y136.083 E22.30372
G1 X183.743 Y136.258 E22.33327
G1 X184.598 Y136.434 E22.36231
G1 X185.157 Y136.558 E22.38135
G1 X185.543 Y136.656 E22.3946
G1 X185.812 Y136.736 E22.40393
G1 X189.74 Y138.069 E22.54189
G1 X190.031 Y138.183 E22.55229
G1 X190.345 Y138.319 E22.56367
G1 X190.863 Y138.562 E22.5827
G1 X191.646 Y138.941 E22.61163
G1 X193.473 Y139.841 E22.67937
G1 X194.25 Y140.232 E22.7083
G1 X194.766 Y140.499 E22.72763
G1 X195.11 Y140.692 E22.74075
G1 X195.349 Y140.839 E22.75008
G1 X196.291 Y141.471 E22.78781
G1 X198.796 Y143.142 E22.88796
G1 X199.049 Y143.328 E22.8984
G1 X199.316 Y143.54 E22.90974
G1 X199.753 Y143.911 E22.92881
G1 X200.412 Y144.479 E22.95775
G1 X201.275 Y145.233 E22.99586
G1 X201.946 Y145.821 E23.02554
G1 X202.45 Y146.273 E23.04805
G1 X202.597 Y146.401 E23.05454
G1 X203.017 Y146.786 E23.07349
G1 X203.309 Y147.071 E23.08706
G1 X203.493 Y147.265 E23.09595
G1 X206.224 Y150.38 E23.23374
G1 X206.43 Y150.637 E23.24469
G1 X206.626 Y150.9 E23.2556
G1 X206.956 Y151.376 E23.27486
G1 X207.446 Y152.095 E23.3038
G1 X208.085 Y153.047 E23.34194
G1 X208.578 Y153.788 E23.37154
G1 X209.09 Y154.57 E23.40263
G1 X209.366 Y155.001 E23.41965
G1 X209.571 Y155.347 E23.43303
G1 X209.702 Y155.59 E23.44221
G1 X211.529 Y159.295 E23.57961
G1 X211.663 Y159.598 E23.59063
G1 X211.783 Y159.903 E23.60153
G1 X211.981 Y160.45 E23.62088
G1 X212.268 Y161.273 E23.64987
G1 X212.598 Y162.238 E23.68379
G1 X212.924 Y163.201 E23.7176
G1 X213.196 Y164.026 E23.74649
G1 X213.372 Y164.58 E23.76583
G1 X213.478 Y164.959 E23.77892
G1 X213.543 Y165.233 E23.78828
G1 X214.35 Y169.29 E23.92586
G1 X214.4 Y169.608 E23.93657
G1 X214.44 Y169.947 E23.94792
G1 X214.487 Y170.519 E23.96701
G1 X214.551 Y171.387 E23.99596
G1 X214.628 Y172.531 E24.0341
G1 X214.685 Y173.417 E24.06363
G1 X214.735 Y174.286 E24.09258
G1 X214.761 Y174.859 E24.11165
G1 X214.766 Y175.259 E24.12496
G1 X214.758 Y175.535 E24.13414
G1 X214.486 Y179.679 E24.27227
G1 X214.453 Y179.989 E24.28264
G1 X214.404 Y180.322 E24.29383
G1 X214.302 Y180.894 E24.31316
G1 X214.139 Y181.746 E24.34201
G1 X213.917 Y182.872 E24.38018
G1 X213.742 Y183.743 E24.40973
G1 X213.566 Y184.598 E24.43876
G1 X213.442 Y185.157 E24.45781
G1 X213.344 Y185.543 E24.47105
G1 X213.264 Y185.812 E24.48039
G1 X211.934 Y189.732 E24.61807
G1 X211.817 Y190.031 E24.62875
G1 X211.684 Y190.339 E24.63991
G1 X211.437 Y190.865 E24.65923
G1 X210.979 Y191.809 E24.69413
G1 X210.581 Y192.615 E24.72403
G1 X210.56 Y192.653 E24.72547
G1 X210.002 Y193.758 E24.76665
G1 X209.519 Y194.637 E24.8
G1 X209.298 Y195.012 E24.81448
G1 X209.195 Y195.152 E24.82026
G1 X208.7 Y195.936 E24.8511
G1 X208.378 Y196.386 E24.8695
G1 X207.953 Y197.008 E24.89456
G1 X207.198 Y198.069 E24.93787
G1 X206.426 Y199.11 E24.98098
G1 X205.616 Y200.131 E25.02433
G1 X204.782 Y201.114 E25.0672
G1 X203.911 Y202.074 E25.11031
G1 X203.01 Y203.005 E25.15341
G1 X202.074 Y203.911 E25.19673
G1 X201.114 Y204.782 E25.23985
G1 X200.132 Y205.615 E25.28268
G1 X199.935 Y205.769 E25.29099
G1 X199.115 Y206.422 E25.32586
G1 X198.072 Y207.196 E25.36906
G1 X197.011 Y207.951 E25.41237
G1 X196.386 Y208.378 E25.43754
G1 X195.94 Y208.697 E25.45578
G1 X195.154 Y209.193 E25.48669
G1 X194.858 Y209.409 E25.49888
G1 X194.607 Y209.535 E25.50822
G1 X193.728 Y210.019 E25.5416
G1 X193.535 Y210.114 E25.54875
G1 X192.592 Y210.592 E25.58392
G1 X191.779 Y210.996 E25.61411
G1 X190.866 Y211.438 E25.64785
G1 X190.345 Y211.681 E25.66697
G1 X189.97 Y211.842 E25.68054
G1 X189.721 Y211.937 E25.68941
G1 X188.64 Y212.302 E25.72736
G1 X187.879 Y212.563 E25.75411
G1 X187.65 Y212.639 E25.76214
G1 X185.797 Y213.269 E25.82723
G1 X185.488 Y213.359 E25.83794
G1 X185.157 Y213.442 E25.84929
G1 X184.597 Y213.564 E25.86835
G1 X183.856 Y213.719 E25.89353
G1 X182.621 Y213.967 E25.93543
G1 X181.747 Y214.14 E25.96506
G1 X180.895 Y214.302 E25.99391
G1 X180.322 Y214.404 E26.01326
G1 X179.93 Y214.46 E26.02643
G1 X179.66 Y214.487 E26.03546
G1 X178.639 Y214.555 E26.06949
G1 X178.52 Y214.561 E26.07346
G1 X175.687 Y214.747 E26.16788
G1 X175.391 Y214.762 E26.17774
G1 X174.971 Y214.762 E26.19171
G1 X174.632 Y214.751 E26.20299
G1 X174.288 Y214.734 E26.21445
G1 X173.421 Y214.684 E26.24333
G1 X172.342 Y214.609 E26.27931
G1 X171.145 Y214.503 E26.31927
G1 X169.9 Y214.363 E26.36094
G1 X168.699 Y214.19 E26.4013
G1 X167.558 Y213.994 E26.43981
G1 X166.487 Y213.794 E26.47604
G1 X165.218 Y213.54 E26.51909
G1 X164.905 Y213.465 E26.52979
G1 X164.581 Y213.371 E26.54101
G1 X164.028 Y213.195 E26.56032
G1 X163.202 Y212.924 E26.58923
G1 X161.281 Y212.273 E26.65669
G1 X160.157 Y211.88 E26.6963
G1 X159.806 Y211.748 E26.70877
G1 X159.44 Y211.596 E26.72195
G1 X159.029 Y211.398 E26.73712
G1 X155.499 Y209.657 E26.86803
G1 X155.24 Y209.515 E26.87786
G1 X154.965 Y209.348 E26.88856
G1 X154.499 Y209.045 E26.90705
G1 X153.782 Y208.573 E26.9356
G1 X152.832 Y207.941 E26.97355
G1 X152.096 Y207.448 E27.00301
G1 X151.375 Y206.957 E27.03203
G1 X150.906 Y206.63 E27.05104
G1 X150.579 Y206.385 E27.06463
G1 X150.366 Y206.212 E27.07376
G1 X147.362 Y203.577 E27.20666
G1 X147.161 Y203.393 E27.21573
G1 X146.864 Y203.095 E27.22972
G1 X146.63 Y202.845 E27.24111
G1 X146.399 Y202.592 E27.2525
G1 X145.821 Y201.943 E27.28141
G1 X145.064 Y201.083 E27.31952
G1 X144.478 Y200.413 E27.34912
G1 X143.91 Y199.754 E27.37806
G1 X143.536 Y199.311 E27.39734
G1 X143.287 Y198.995 E27.41072
G1 X143.127 Y198.773 E27.41982
G1 X142.051 Y197.16 E27.48431
G1 X141.199 Y195.889 E27.53521
G1 X140.923 Y195.472 E27.55184
G1 X140.762 Y195.22 E27.56178
G1 X140.551 Y194.856 E27.57578
G1 X140.391 Y194.554 E27.58714
G1 X140.233 Y194.249 E27.59857
G1 X139.842 Y193.472 E27.6275
G1 X139.444 Y192.674 E27.65716
G1 X138.94 Y191.648 E27.69518
G1 X138.562 Y190.866 E27.72407
G1 X138.316 Y190.339 E27.74341
G1 X138.158 Y189.97 E27.75676
G1 X138.063 Y189.721 E27.76563
G1 X137.698 Y188.64 E27.80358
G1 X137.436 Y187.877 E27.83041
G1 X137.361 Y187.65 E27.83836
G1 X136.731 Y185.797 E27.90345
G1 X136.639 Y185.481 E27.9144
G1 X136.558 Y185.157 E27.92551
G1 X136.436 Y184.597 E27.94457
G1 X136.281 Y183.856 E27.96975
G1 X136.033 Y182.621 E28.01165
G1 X135.86 Y181.747 E28.04128
G1 X135.698 Y180.895 E28.07013
G1 X135.596 Y180.322 E28.08948
G1 X135.539 Y179.925 E28.10282
G1 X135.513 Y179.66 E28.11168
G1 X135.445 Y178.639 E28.14571
G1 X135.439 Y178.52 E28.14968
G1 X135.253 Y175.687 E28.2441
G1 X135.238 Y175.391 E28.25396
G1 X135.238 Y174.971 E28.26793
G1 X135.249 Y174.632 E28.27921
G1 X135.266 Y174.288 E28.29067
G1 X135.316 Y173.418 E28.31965
G1 X135.371 Y172.531 E28.34921
G1 X135.447 Y171.386 E28.38738
G1 X135.512 Y170.52 E28.41626
G1 X135.542 Y170.18 E28.42761
G1 X135.58 Y169.787 E28.44075
G1 X135.637 Y169.378 E28.45448
G1 X135.681 Y169.132 E28.46279
G1 X136.39 Y165.577 E28.58336
G1 X136.58 Y164.671 E28.61415
G1 X136.717 Y164.241 E28.62916
G1 X137.087 Y163.155 E28.66732
G1 X137.387 Y162.303 E28.69736
G1 X137.808 Y161.157 E28.73797
G1 X138.234 Y160.075 E28.77665
G1 X138.332 Y159.817 E28.78583
G1 X138.851 Y158.618 E28.82928
G1 X139.384 Y157.48 E28.87108
G1 X139.909 Y156.426 E28.91024
G1 X140.4 Y155.498 E28.94516
G1 X140.683 Y155.003 E28.96412
G1 X140.83 Y154.741 E28.97412
G1 X141.201 Y154.127 E28.99798
G1 X141.481 Y153.692 E29.01518
G1 X142.128 Y152.726 E29.05385
G1 X142.436 Y152.416 E29.06839
G1 X142.647 Y152.146 E29.07978
G1 X142.842 Y151.983 E29.08824
G1 X143.13 Y151.727 E29.10105
G1 X143.348 Y151.511 E29.11126
G1 X143.582 Y151.25 E29.12292
G1 X143.744 Y151.05 E29.13148
G1 X143.953 Y150.848 E29.14115
G1 X144.16 Y150.684 E29.14993
G1 X144.425 Y150.486 E29.16093
G1 X144.631 Y150.324 E29.16965
G1 X144.971 Y150.046 E29.18426
G1 X145.348 Y149.723 E29.20077
G1 X145.734 Y149.378 E29.21799
G1 X143.657 Y147.3 E29.31571
G1 X142.812 Y146.458 E29.35538
G1 X141.948 Y145.591 E29.39609
G1 X139.735 Y143.378 E29.50019
G1 X140.693 Y142.42 E29.54525
;MESH:NONMESH
G0 F300 X140.693 Y142.42 Z0.6
G0 F9000 X140.693 Y142.662
G0 X146.727 Y148.64
G0 X147.015 Y148.419
G0 X148.373 Y147.061
G0 X148.591 Y146.772
G0 X142.62 Y140.735
G0 X142.346 Y140.767
;TIME_ELAPSED:46.875534
;LAYER:2
M106 S170
;TYPE:WALL-OUTER
;MESH:Warp_Reaction_Chamber_Lens.stl
G1 F1705 X143.67 Y139.443 E29.60753
G1 X149.629 Y145.401 E29.88779
G1 X150.001 Y144.962 E29.90693
G1 X150.243 Y144.666 E29.91965
G1 X150.462 Y144.385 E29.9315
G1 X150.703 Y144.061 E29.94493
G1 X150.858 Y143.878 E29.95291
G1 X151.045 Y143.706 E29.96136
G1 X151.252 Y143.532 E29.97035
G1 X151.634 Y143.15 E29.98832
G1 X151.896 Y142.854 E30.00147
G1 X152.054 Y142.669 E30.00956
G1 X152.359 Y142.426 E30.02253
G1 X152.664 Y142.166 E30.03586
G1 X152.939 Y141.956 E30.04737
G1 X153.276 Y141.714 E30.06117
G1 X153.669 Y141.442 E30.07706
G1 X154.127 Y141.148 E30.09516
G1 X154.72 Y140.791 E30.11819
G1 X155.472 Y140.362 E30.14698
G1 X156.4 Y139.872 E30.18189
G1 X157.303 Y139.419 E30.21549
G1 X157.681 Y139.239 E30.22941
G1 X158.591 Y138.812 E30.26284
G1 X159.777 Y138.299 E30.30582
G1 X160.969 Y137.825 E30.34849
G1 X162.147 Y137.394 E30.39021
G1 X163.273 Y137 E30.42989
G1 X164.191 Y136.694 E30.46207
G1 X164.25 Y136.678 E30.4641
G1 X164.62 Y136.562 E30.477
G1 X164.919 Y136.484 E30.48728
G1 X165.175 Y136.426 E30.49601
G1 X165.566 Y136.345 E30.50929
G1 X168.916 Y135.677 E30.62291
G1 X169.333 Y135.596 E30.63703
G1 X169.58 Y135.556 E30.64536
G1 X169.955 Y135.515 E30.6579
G1 X170.514 Y135.466 E30.67657
G1 X171.383 Y135.403 E30.70555
G1 X172.401 Y135.334 E30.73948
G1 X173.417 Y135.269 E30.77334
G1 X174.288 Y135.219 E30.80236
G1 X174.86 Y135.194 E30.8214
G1 X175.22 Y135.187 E30.83338
G1 X175.474 Y135.193 E30.84183
G1 X177.402 Y135.318 E30.90609
G1 X179.683 Y135.469 E30.98212
G1 X179.974 Y135.498 E30.99185
G1 X180.347 Y135.555 E31.0044
G1 X180.901 Y135.652 E31.02311
G1 X181.755 Y135.816 E31.05203
G1 X182.755 Y136.012 E31.08592
G1 X183.754 Y136.213 E31.11981
G1 X184.61 Y136.39 E31.14889
G1 X185.166 Y136.514 E31.16783
G1 X185.538 Y136.605 E31.18057
G1 X185.816 Y136.689 E31.19023
G1 X189.385 Y137.9 E31.31558
G1 X189.755 Y138.027 E31.3286
G1 X190.036 Y138.135 E31.33861
G1 X190.369 Y138.28 E31.35069
G1 X190.881 Y138.519 E31.36948
G1 X191.666 Y138.9 E31.3985
G1 X192.772 Y139.443 E31.43948
G1 X193.495 Y139.801 E31.46632
G1 X194.275 Y140.192 E31.49534
G1 X194.788 Y140.46 E31.51459
G1 X195.121 Y140.645 E31.52726
G1 X195.362 Y140.795 E31.5367
G1 X198.816 Y143.102 E31.67485
G1 X199.06 Y143.277 E31.68483
G1 X199.349 Y143.509 E31.69716
G1 X199.781 Y143.872 E31.71593
G1 X200.441 Y144.443 E31.74496
G1 X201.37 Y145.254 E31.78597
G1 X201.977 Y145.787 E31.81284
G1 X202.625 Y146.365 E31.84172
G1 X203.053 Y146.759 E31.86107
G1 X203.327 Y147.023 E31.87372
G1 X203.522 Y147.231 E31.88321
G1 X205.792 Y149.817 E31.99765
G1 X206.287 Y150.385 E32.02271
G1 X206.45 Y150.586 E32.03132
G1 X206.67 Y150.885 E32.04367
G1 X206.993 Y151.346 E32.06239
G1 X207.483 Y152.069 E32.09144
G1 X208.17 Y153.093 E32.13245
G1 X208.617 Y153.765 E32.15929
G1 X208.901 Y154.195 E32.17643
G1 X209.404 Y154.976 E32.20733
G1 X209.611 Y155.32 E32.22068
G1 X209.738 Y155.559 E32.22969
G1 X210.159 Y156.41 E32.26127
G1 X210.245 Y156.589 E32.26787
G1 X210.567 Y157.239 E32.292
G1 X210.741 Y157.596 E32.30521
G1 X211.571 Y159.277 E32.36756
G1 X211.695 Y159.552 E32.37759
G1 X211.831 Y159.901 E32.39005
G1 X212.024 Y160.432 E32.40884
G1 X212.311 Y161.258 E32.43793
G1 X212.643 Y162.224 E32.4719
G1 X212.968 Y163.188 E32.50574
G1 X213.24 Y164.015 E32.53469
G1 X213.413 Y164.555 E32.55355
G1 X213.488 Y164.822 E32.56278
G1 X213.585 Y165.213 E32.57618
G1 X214.396 Y169.284 E32.71424
G1 X214.444 Y169.58 E32.72421
G1 X214.485 Y169.955 E32.73676
G1 X214.534 Y170.511 E32.75532
G1 X214.597 Y171.383 E32.7844
G1 X214.666 Y172.401 E32.81834
G1 X214.731 Y173.415 E32.85213
G1 X214.781 Y174.286 E32.88115
G1 X214.806 Y174.855 E32.90009
G1 X214.813 Y175.216 E32.9121
G1 X214.807 Y175.474 E32.92069
G1 X214.682 Y177.402 E32.98495
G1 X214.531 Y179.682 E33.06095
G1 X214.502 Y179.974 E33.0707
G1 X214.446 Y180.342 E33.08309
G1 X214.349 Y180.898 E33.10186
G1 X214.184 Y181.755 E33.13088
G1 X213.988 Y182.755 E33.16478
G1 X213.787 Y183.754 E33.19867
G1 X213.61 Y184.61 E33.22774
G1 X213.486 Y185.166 E33.24669
G1 X213.395 Y185.538 E33.25943
G1 X213.313 Y185.81 E33.26888
G1 X212.1 Y189.385 E33.39444
G1 X212.081 Y189.436 E33.39625
G1 X211.974 Y189.753 E33.40738
G1 X211.865 Y190.036 E33.41746
G1 X211.72 Y190.369 E33.42954
G1 X211.481 Y190.881 E33.44834
G1 X210.984 Y191.904 E33.48617
G1 X210.622 Y192.638 E33.51339
G1 X210.183 Y193.501 E33.54559
G1 X210.061 Y193.75 E33.55481
G1 X209.587 Y194.611 E33.5875
G1 X209.453 Y194.881 E33.59753
G1 X209.177 Y195.26 E33.61312
G1 X208.737 Y195.959 E33.64059
G1 X208.353 Y196.497 E33.66258
G1 X207.987 Y197.031 E33.68411
G1 X207.231 Y198.093 E33.72747
G1 X206.458 Y199.135 E33.77062
G1 X205.651 Y200.152 E33.8138
G1 X204.808 Y201.146 E33.85715
G1 X203.941 Y202.102 E33.90008
G1 X203.039 Y203.034 E33.94321
G1 X202.107 Y203.936 E33.98635
G1 X201.146 Y204.808 E34.02951
G1 X200.157 Y205.647 E34.07265
G1 X199.14 Y206.454 E34.11583
G1 X198.096 Y207.229 E34.15908
G1 X197.034 Y207.985 E34.20243
G1 X196.497 Y208.353 E34.22409
G1 X195.963 Y208.734 E34.2459
G1 X195.261 Y209.176 E34.2735
G1 X194.881 Y209.453 E34.28914
G1 X194.611 Y209.587 E34.29916
G1 X193.75 Y210.061 E34.33185
G1 X193.497 Y210.185 E34.34122
G1 X192.644 Y210.618 E34.37304
G1 X191.852 Y211.011 E34.40245
G1 X190.883 Y211.48 E34.43825
G1 X190.376 Y211.718 E34.45688
G1 X190.006 Y211.877 E34.47027
G1 X189.74 Y211.98 E34.47976
G1 X185.809 Y213.312 E34.61781
G1 X185.512 Y213.401 E34.62812
G1 X185.155 Y213.489 E34.64035
G1 X184.611 Y213.609 E34.65888
G1 X183.754 Y213.786 E34.68798
G1 X182.754 Y213.988 E34.72192
G1 X181.755 Y214.185 E34.75578
G1 X180.901 Y214.348 E34.7847
G1 X180.328 Y214.449 E34.80405
G1 X179.943 Y214.506 E34.817
G1 X179.682 Y214.531 E34.82572
G1 X179.3 Y214.558 E34.83845
G1 X177.401 Y214.681 E34.90175
G1 X176.236 Y214.759 E34.94058
G1 X175.518 Y214.805 E34.96451
G1 X175.219 Y214.813 E34.97446
G1 X174.926 Y214.809 E34.98421
G1 X174.289 Y214.781 E35.00541
G1 X173.419 Y214.73 E35.0344
G1 X172.339 Y214.655 E35.07041
G1 X171.141 Y214.549 E35.11041
G1 X169.896 Y214.409 E35.15208
G1 X168.693 Y214.236 E35.1925
G1 X167.552 Y214.04 E35.23101
G1 X166.476 Y213.839 E35.26741
G1 X165.172 Y213.576 E35.31166
G1 X164.922 Y213.517 E35.3202
G1 X164.555 Y213.411 E35.33291
G1 X164.014 Y213.24 E35.35178
G1 X163.189 Y212.968 E35.38067
G1 X161.265 Y212.317 E35.44823
G1 X160.346 Y211.996 E35.48061
G1 X159.924 Y211.844 E35.49552
G1 X159.58 Y211.711 E35.50779
G1 X159.356 Y211.61 E35.51596
G1 X159.027 Y211.45 E35.52813
G1 X157.225 Y210.559 E35.59499
G1 X155.469 Y209.693 E35.66011
G1 X155.223 Y209.56 E35.66941
G1 X154.931 Y209.38 E35.68082
G1 X154.476 Y209.087 E35.69882
G1 X152.971 Y208.09 E35.75887
G1 X152.069 Y207.485 E35.79499
G1 X151.349 Y206.995 E35.82396
G1 X150.827 Y206.628 E35.84518
G1 X150.559 Y206.429 E35.85628
G1 X150.347 Y206.255 E35.86541
G1 X147.226 Y203.518 E36.00347
G1 X147 Y203.304 E36.01382
G1 X146.745 Y203.039 E36.02606
G1 X146.368 Y202.627 E36.04463
G1 X145.253 Y201.368 E36.10057
G1 X144.441 Y200.442 E36.14153
G1 X143.873 Y199.782 E36.17049
G1 X143.467 Y199.297 E36.19153
G1 X143.256 Y199.032 E36.20279
G1 X143.096 Y198.809 E36.21192
G1 X140.971 Y195.628 E36.33916
G1 X140.786 Y195.35 E36.35027
G1 X140.633 Y195.101 E36.35999
G1 X140.45 Y194.77 E36.37257
G1 X140.193 Y194.276 E36.39109
G1 X139.442 Y192.772 E36.447
G1 X138.899 Y191.666 E36.48798
G1 X138.519 Y190.881 E36.51699
G1 X138.279 Y190.37 E36.53576
G1 X138.12 Y189.999 E36.54919
G1 X138.02 Y189.74 E36.55842
G1 X136.688 Y185.809 E36.69647
G1 X136.599 Y185.512 E36.70678
G1 X136.511 Y185.155 E36.71901
G1 X136.391 Y184.611 E36.73754
G1 X136.214 Y183.754 E36.76665
G1 X136.012 Y182.754 E36.80058
G1 X135.815 Y181.755 E36.83444
G1 X135.651 Y180.898 E36.86347
G1 X135.55 Y180.322 E36.88292
G1 X135.494 Y179.943 E36.89566
G1 X135.469 Y179.682 E36.90438
G1 X135.442 Y179.3 E36.91712
G1 X135.319 Y177.401 E36.98041
G1 X135.241 Y176.236 E37.01924
G1 X135.195 Y175.518 E37.04317
G1 X135.187 Y175.224 E37.05296
G1 X135.191 Y174.926 E37.06287
G1 X135.219 Y174.289 E37.08408
G1 X135.27 Y173.417 E37.11313
G1 X135.334 Y172.402 E37.14695
G1 X135.439 Y170.87 E37.19803
G1 X135.466 Y170.514 E37.2099
G1 X135.517 Y169.936 E37.2292
G1 X135.561 Y169.549 E37.24216
G1 X135.604 Y169.289 E37.25092
G1 X135.789 Y168.35 E37.28275
G1 X136.357 Y165.51 E37.37908
G1 X136.427 Y165.171 E37.3906
G1 X136.508 Y164.795 E37.40339
G1 X136.569 Y164.54 E37.41211
G1 X136.678 Y164.215 E37.42351
G1 X137.04 Y163.147 E37.46102
G1 X137.339 Y162.3 E37.49089
G1 X137.759 Y161.157 E37.53139
G1 X138.201 Y160.033 E37.57157
G1 X138.29 Y159.797 E37.57995
G1 X138.394 Y159.561 E37.58853
G1 X138.809 Y158.599 E37.62338
G1 X139.328 Y157.49 E37.6641
G1 X139.869 Y156.403 E37.70449
G1 X140.362 Y155.472 E37.73953
G1 X140.797 Y154.71 E37.76871
G1 X141.16 Y154.106 E37.79215
G1 X141.446 Y153.66 E37.80977
G1 X142.026 Y152.794 E37.84444
G1 X142.175 Y152.582 E37.85305
G1 X142.228 Y152.519 E37.85579
G1 X142.44 Y152.333 E37.86517
G1 X142.636 Y152.083 E37.87574
G1 X142.814 Y151.934 E37.88346
G1 X143.092 Y151.69 E37.89576
G1 X143.514 Y151.272 E37.91552
G1 X143.722 Y151.012 E37.92659
G1 X143.918 Y150.827 E37.93556
G1 X144.136 Y150.657 E37.94475
G1 X144.405 Y150.456 E37.95592
G1 X144.653 Y150.261 E37.96641
G1 X145.015 Y149.963 E37.98201
G1 X145.358 Y149.671 E37.99699
G1 X144.584 Y148.892 E38.03351
G1 X143.239 Y147.55 E38.09671
G1 X143.173 Y147.482 E38.09986
G1 X142.472 Y146.784 E38.13276
G1 X140.593 Y144.903 E38.22119
G1 X139.698 Y144.01 E38.26324
G1 X139.402 Y143.712 E38.27721
G1 X140.726 Y142.388 E38.33949
G1 X145.315 Y146.98 E38.55541
G1 X146.781 Y148.45 E38.62446
G1 X148.403 Y146.828 E38.70076
G1 X142.346 Y140.767 E38.98575
;TIME_ELAPSED:57.137524
;LAYER:3
M106 S255
;MESH:Warp_Reaction_Chamber_Lens.stl
G0 F12000 X142.346 Y140.767 Z0.8
;TYPE:WALL-OUTER
G1 F1704 X143.952 Y139.161 E39.0613
G1 X149.864 Y145.073 E39.33938
G1 X150.236 Y144.617 E39.35895
G1 X150.452 Y144.34 E39.37063
G1 X150.677 Y144.036 E39.38321
G1 X150.827 Y143.854 E39.39106
G1 X151.06 Y143.646 E39.40145
G1 X151.266 Y143.442 E39.41109
G1 X151.454 Y143.264 E39.4197
G1 X151.693 Y143.001 E39.43152
G1 X151.993 Y142.657 E39.4467
G1 X152.274 Y142.432 E39.45867
G1 X152.544 Y142.199 E39.47054
G1 X152.857 Y141.959 E39.48365
G1 X153.209 Y141.707 E39.49805
G1 X153.619 Y141.421 E39.51468
G1 X154.085 Y141.12 E39.53313
G1 X154.744 Y140.724 E39.5587
G1 X155.446 Y140.324 E39.58558
G1 X156.377 Y139.832 E39.6206
G1 X157.434 Y139.304 E39.6599
G1 X158.572 Y138.771 E39.70169
G1 X159.759 Y138.257 E39.74471
G1 X160.952 Y137.782 E39.78742
G1 X162.134 Y137.35 E39.82928
G1 X163.266 Y136.954 E39.86917
G1 X164.199 Y136.643 E39.90188
G1 X164.292 Y136.617 E39.90509
G1 X164.616 Y136.516 E39.91638
G1 X164.894 Y136.443 E39.92594
G1 X165.183 Y136.377 E39.9358
G1 X166.047 Y136.201 E39.96512
G1 X169.274 Y135.559 E40.07456
G1 X169.557 Y135.514 E40.08409
G1 X169.937 Y135.469 E40.09682
G1 X170.505 Y135.421 E40.11578
G1 X172.102 Y135.308 E40.16902
G1 X173.416 Y135.223 E40.21282
G1 X174.288 Y135.173 E40.24187
G1 X174.866 Y135.148 E40.26111
G1 X175.241 Y135.14 E40.27359
G1 X175.554 Y135.151 E40.284
G1 X179.688 Y135.422 E40.4218
G1 X179.961 Y135.451 E40.43093
G1 X180.34 Y135.507 E40.44367
G1 X180.907 Y135.607 E40.46282
G1 X182.473 Y135.909 E40.51587
G1 X183.764 Y136.168 E40.55966
G1 X184.622 Y136.346 E40.5888
G1 X185.18 Y136.47 E40.60782
G1 X185.55 Y136.56 E40.62048
G1 X185.853 Y136.654 E40.63103
G1 X187.53 Y137.221 E40.68991
G1 X188.059 Y137.402 E40.70851
G1 X189.764 Y137.98 E40.76839
G1 X190.031 Y138.083 E40.77791
G1 X190.379 Y138.234 E40.79052
G1 X190.898 Y138.476 E40.80957
G1 X192.335 Y139.176 E40.86273
G1 X193.517 Y139.76 E40.90658
G1 X194.298 Y140.153 E40.93566
G1 X194.851 Y140.442 E40.95642
G1 X195.144 Y140.605 E40.96757
G1 X195.375 Y140.747 E40.97659
G1 X198.605 Y142.906 E41.10581
G1 X198.838 Y143.059 E41.11508
G1 X198.852 Y143.072 E41.11571
G1 X199.083 Y143.237 E41.12515
G1 X199.425 Y143.513 E41.13977
G1 X199.809 Y143.836 E41.15646
G1 X201.016 Y144.882 E41.20958
G1 X202.006 Y145.752 E41.25342
G1 X202.543 Y146.233 E41.2774
G1 X202.657 Y146.332 E41.28242
G1 X203.119 Y146.758 E41.30332
G1 X203.352 Y146.983 E41.31409
G1 X203.573 Y147.219 E41.32485
G1 X205.973 Y149.956 E41.44592
G1 X206.293 Y150.318 E41.46199
G1 X206.302 Y150.332 E41.46254
G1 X206.482 Y150.553 E41.47202
G1 X206.746 Y150.912 E41.48684
G1 X207.03 Y151.318 E41.50332
G1 X207.521 Y152.042 E41.53242
G1 X208.656 Y153.739 E41.60032
G1 X208.909 Y154.123 E41.61562
G1 X209.445 Y154.954 E41.64851
G1 X209.644 Y155.288 E41.66144
G1 X209.79 Y155.561 E41.67174
G1 X210.164 Y156.316 E41.69976
G1 X210.284 Y156.565 E41.70895
G1 X210.573 Y157.147 E41.73057
G1 X210.694 Y157.397 E41.7398
G1 X211.28 Y158.579 E41.78368
G1 X211.486 Y159.001 E41.7993
G1 X211.613 Y159.255 E41.80875
G1 X211.731 Y159.52 E41.81839
G1 X211.895 Y159.943 E41.83348
G1 X212.067 Y160.414 E41.85016
G1 X212.354 Y161.242 E41.87931
G1 X213.013 Y163.174 E41.9472
G1 X213.285 Y164.002 E41.97619
G1 X213.451 Y164.529 E41.99457
G1 X213.562 Y164.913 E42.00786
G1 X213.634 Y165.221 E42.01838
G1 X214.445 Y169.298 E42.15664
G1 X214.487 Y169.559 E42.16543
G1 X214.531 Y169.937 E42.17809
G1 X214.579 Y170.505 E42.19705
G1 X214.692 Y172.101 E42.25027
G1 X214.777 Y173.414 E42.29403
G1 X214.827 Y174.286 E42.32308
G1 X214.852 Y174.861 E42.34222
G1 X214.86 Y175.237 E42.35473
G1 X214.849 Y175.554 E42.36528
G1 X214.579 Y179.68 E42.5028
G1 X214.55 Y179.957 E42.51207
G1 X214.494 Y180.334 E42.52474
G1 X214.393 Y180.907 E42.5441
G1 X214.091 Y182.473 E42.59714
G1 X213.832 Y183.764 E42.64094
G1 X213.654 Y184.622 E42.67008
G1 X213.53 Y185.18 E42.68909
G1 X213.441 Y185.545 E42.70159
G1 X213.348 Y185.848 E42.71213
G1 X212.779 Y187.53 E42.77119
G1 X212.598 Y188.059 E42.78978
G1 X212.02 Y189.764 E42.84966
G1 X211.917 Y190.031 E42.85918
G1 X211.768 Y190.375 E42.87165
G1 X211.524 Y190.899 E42.89087
G1 X211.027 Y191.923 E42.92873
G1 X210.619 Y192.744 E42.95922
G1 X210.253 Y193.465 E42.98612
G1 X210.102 Y193.773 E42.99753
G1 X209.66 Y194.575 E43.02798
G1 X209.496 Y194.908 E43.04033
G1 X209.417 Y195.019 E43.04486
G1 X209.162 Y195.366 E43.05918
G1 X208.774 Y195.981 E43.08337
G1 X208.327 Y196.607 E43.10895
G1 X208.022 Y197.054 E43.12695
G1 X207.753 Y197.434 E43.14244
G1 X207.429 Y197.885 E43.16091
G1 X207.266 Y198.116 E43.17031
G1 X206.919 Y198.581 E43.18961
G1 X206.491 Y199.16 E43.21356
G1 X205.683 Y200.178 E43.25678
G1 X204.839 Y201.173 E43.30018
G1 X203.971 Y202.13 E43.34315
G1 X203.069 Y203.064 E43.38634
G1 X202.13 Y203.971 E43.42976
G1 X201.173 Y204.839 E43.47273
G1 X200.183 Y205.679 E43.51592
G1 X199.165 Y206.487 E43.55914
G1 X198.12 Y207.263 E43.60243
G1 X197.057 Y208.02 E43.64584
G1 X196.607 Y208.327 E43.66396
G1 X195.985 Y208.771 E43.68938
G1 X195.367 Y209.161 E43.71368
G1 X194.914 Y209.493 E43.73236
G1 X194.576 Y209.66 E43.7449
G1 X193.773 Y210.102 E43.77539
G1 X193.46 Y210.256 E43.78699
G1 X192.665 Y210.659 E43.81663
G1 X191.925 Y211.026 E43.84411
G1 X190.901 Y211.522 E43.88195
G1 X190.442 Y211.738 E43.89882
G1 X190.033 Y211.916 E43.91366
G1 X189.732 Y212.03 E43.92436
G1 X185.834 Y213.354 E44.06129
G1 X185.812 Y213.359 E44.06204
G1 X185.544 Y213.44 E44.07135
G1 X185.111 Y213.546 E44.08618
G1 X184.623 Y213.654 E44.1028
G1 X183.055 Y213.975 E44.15603
G1 X181.312 Y214.316 E44.2151
G1 X180.905 Y214.393 E44.22888
G1 X180.339 Y214.493 E44.248
G1 X179.956 Y214.551 E44.26088
G1 X179.648 Y214.58 E44.27117
G1 X179.322 Y214.603 E44.28204
G1 X177.323 Y214.732 E44.34867
G1 X176.281 Y214.802 E44.3834
G1 X175.811 Y214.831 E44.39906
G1 X175.535 Y214.852 E44.40827
G1 X175.516 Y214.851 E44.4089
G1 X175.236 Y214.86 E44.41822
G1 X174.79 Y214.849 E44.43306
G1 X174.289 Y214.827 E44.44974
G1 X173.418 Y214.776 E44.47876
G1 X172.336 Y214.701 E44.51483
G1 X171.137 Y214.595 E44.55487
G1 X169.891 Y214.455 E44.59657
G1 X168.69 Y214.282 E44.63693
G1 X167.546 Y214.086 E44.67553
G1 X166.465 Y213.883 E44.71211
G1 X165.203 Y213.631 E44.75492
G1 X164.917 Y213.563 E44.76469
G1 X164.556 Y213.459 E44.77719
G1 X164.002 Y213.285 E44.7965
G1 X163.175 Y213.012 E44.82547
G1 X161.249 Y212.36 E44.8931
G1 X159.906 Y211.888 E44.94045
G1 X159.589 Y211.764 E44.95177
G1 X159.34 Y211.653 E44.96083
G1 X155.453 Y209.738 E45.10495
G1 X155.23 Y209.616 E45.11341
G1 X154.918 Y209.426 E45.12556
G1 X154.45 Y209.126 E45.14405
G1 X153.133 Y208.253 E45.1966
G1 X152.04 Y207.521 E45.24035
G1 X151.321 Y207.031 E45.26929
G1 X150.846 Y206.699 E45.28857
G1 X150.539 Y206.472 E45.30127
G1 X150.302 Y206.277 E45.31148
G1 X150.051 Y206.059 E45.32253
G1 X147.175 Y203.534 E45.44982
G1 X146.986 Y203.355 E45.45848
G1 X146.722 Y203.081 E45.47114
G1 X146.335 Y202.66 E45.49016
G1 X145.275 Y201.462 E45.54336
G1 X144.406 Y200.47 E45.58722
G1 X143.837 Y199.809 E45.61623
G1 X143.464 Y199.366 E45.63549
G1 X143.231 Y199.075 E45.64789
G1 X143.046 Y198.815 E45.65851
G1 X140.742 Y195.366 E45.79646
G1 X140.598 Y195.131 E45.80563
G1 X140.417 Y194.805 E45.81803
G1 X140.153 Y194.299 E45.83701
G1 X139.438 Y192.867 E45.89025
G1 X138.857 Y191.687 E45.934
G1 X138.477 Y190.899 E45.96309
G1 X138.262 Y190.442 E45.97989
G1 X138.083 Y190.031 E45.9948
G1 X137.97 Y189.732 E46.00543
G1 X136.646 Y185.834 E46.14235
G1 X136.641 Y185.812 E46.14311
G1 X136.558 Y185.539 E46.1526
G1 X136.453 Y185.107 E46.16738
G1 X136.346 Y184.623 E46.18387
G1 X136.025 Y183.055 E46.2371
G1 X135.684 Y181.312 E46.29617
G1 X135.607 Y180.905 E46.30995
G1 X135.506 Y180.334 E46.32924
G1 X135.449 Y179.957 E46.34192
G1 X135.42 Y179.648 E46.35224
G1 X135.397 Y179.322 E46.36311
G1 X135.268 Y177.323 E46.42974
G1 X135.198 Y176.281 E46.46447
G1 X135.169 Y175.811 E46.48013
G1 X135.148 Y175.532 E46.48944
G1 X135.149 Y175.516 E46.48997
G1 X135.14 Y175.242 E46.49909
G1 X135.151 Y174.79 E46.51413
G1 X135.173 Y174.289 E46.53081
G1 X135.224 Y173.417 E46.55986
G1 X135.289 Y172.398 E46.59382
G1 X135.356 Y171.377 E46.62785
G1 X135.389 Y170.921 E46.64306
G1 X135.463 Y170.011 E46.67343
G1 X135.514 Y169.551 E46.68882
G1 X135.564 Y169.251 E46.69894
G1 X136.225 Y165.929 E46.81159
G1 X136.382 Y165.16 E46.8377
G1 X136.494 Y164.635 E46.85555
G1 X136.565 Y164.406 E46.86352
G1 X137.001 Y163.124 E46.90856
G1 X137.291 Y162.297 E46.93771
G1 X137.71 Y161.158 E46.97808
G1 X138.167 Y159.991 E47.01976
G1 X138.249 Y159.777 E47.02738
G1 X138.769 Y158.575 E47.07094
G1 X139.301 Y157.439 E47.11266
G1 X139.831 Y156.376 E47.15217
G1 X140.229 Y155.63 E47.18029
G1 X140.324 Y155.446 E47.18718
G1 X140.762 Y154.679 E47.21656
G1 X141.099 Y154.121 E47.23824
G1 X141.223 Y153.924 E47.24598
G1 X141.424 Y153.612 E47.25833
G1 X142.002 Y152.745 E47.29298
G1 X142.196 Y152.471 E47.30415
G1 X142.229 Y152.436 E47.30575
G1 X142.441 Y152.255 E47.31502
G1 X142.623 Y152.023 E47.32483
G1 X142.836 Y151.845 E47.33406
G1 X143.152 Y151.563 E47.34815
G1 X143.35 Y151.369 E47.35737
G1 X143.569 Y151.134 E47.36805
G1 X143.771 Y150.902 E47.37828
G1 X143.967 Y150.744 E47.38666
G1 X144.195 Y150.572 E47.39615
G1 X144.536 Y150.308 E47.4105
G1 X145.032 Y149.908 E47.43169
G1 X139.12 Y143.995 E47.7098
G1 X140.726 Y142.389 E47.78534
G1 X146.781 Y148.45 E48.07029
G1 X148.403 Y146.828 E48.14658
G1 X142.346 Y140.767 E48.43158
;TIME_ELAPSED:67.495879
;LAYER:4
;MESH:Warp_Reaction_Chamber_Lens.stl
G0 F12000 X142.346 Y140.767 Z1
;TYPE:WALL-OUTER
G1 F1704.9 X144.197 Y138.917 E48.51862
G1 X147.803 Y142.523 E48.68824
G1 X148.689 Y143.406 E48.72984
G1 X150.061 Y144.781 E48.79445
G1 X150.441 Y144.295 E48.81496
G1 X150.644 Y144.018 E48.82639
G1 X150.82 Y143.801 E48.83568
G1 X151.024 Y143.616 E48.84484
G1 X151.257 Y143.392 E48.85559
G1 X151.44 Y143.205 E48.86429
G1 X151.667 Y142.952 E48.8756
G1 X151.933 Y142.643 E48.88916
G1 X152.189 Y142.438 E48.90007
G1 X152.433 Y142.225 E48.91084
G1 X152.766 Y141.969 E48.92481
G1 X153.14 Y141.699 E48.94015
G1 X153.508 Y141.445 E48.95502
G1 X153.583 Y141.39 E48.95812
G1 X154.087 Y141.067 E48.97803
G1 X154.647 Y140.727 E48.99982
G1 X155.416 Y140.289 E49.02925
G1 X156.359 Y139.79 E49.06474
G1 X157.414 Y139.263 E49.10396
G1 X158.554 Y138.729 E49.14583
G1 X159.747 Y138.212 E49.18907
G1 X160.936 Y137.739 E49.23164
G1 X162.12 Y137.306 E49.27357
G1 X163.258 Y136.907 E49.31368
G1 X164.221 Y136.586 E49.34744
G1 X164.332 Y136.556 E49.35126
G1 X164.62 Y136.465 E49.36131
G1 X164.898 Y136.395 E49.37084
G1 X165.151 Y136.337 E49.37948
G1 X165.956 Y136.172 E49.40681
G1 X167.58 Y135.85 E49.46187
G1 X168.484 Y135.668 E49.49254
G1 X169.269 Y135.513 E49.51916
G1 X169.555 Y135.468 E49.52879
G1 X169.928 Y135.423 E49.54128
G1 X170.502 Y135.375 E49.56044
G1 X172.013 Y135.267 E49.61082
G1 X173.414 Y135.177 E49.65752
G1 X174.288 Y135.127 E49.68663
G1 X174.868 Y135.102 E49.70594
G1 X175.256 Y135.095 E49.71885
G1 X175.519 Y135.103 E49.7276
G1 X176.316 Y135.154 E49.75416
G1 X177.966 Y135.264 E49.80917
G1 X178.885 Y135.323 E49.83979
G1 X179.228 Y135.347 E49.85123
G1 X179.694 Y135.376 E49.86676
G1 X180.02 Y135.412 E49.87767
G1 X180.345 Y135.46 E49.8886
G1 X180.913 Y135.561 E49.90778
G1 X182.398 Y135.848 E49.95809
G1 X183.775 Y136.123 E50.00479
G1 X184.634 Y136.301 E50.03397
G1 X185.199 Y136.427 E50.05322
G1 X185.557 Y136.514 E50.06548
G1 X185.891 Y136.618 E50.07711
G1 X189.781 Y137.937 E50.21373
G1 X190.088 Y138.058 E50.2247
G1 X190.396 Y138.191 E50.23586
G1 X190.916 Y138.434 E50.25495
G1 X191.705 Y138.816 E50.28411
G1 X192.621 Y139.265 E50.31804
G1 X193.539 Y139.719 E50.3521
G1 X194.323 Y140.114 E50.3813
G1 X194.83 Y140.378 E50.40031
G1 X195.167 Y140.564 E50.41311
G1 X195.449 Y140.741 E50.42419
G1 X198.489 Y142.774 E50.54583
G1 X198.87 Y143.025 E50.561
G1 X199.136 Y143.221 E50.57199
G1 X199.394 Y143.426 E50.58295
G1 X199.837 Y143.799 E50.60221
G1 X200.983 Y144.792 E50.65265
G1 X202.038 Y145.719 E50.69936
G1 X202.69 Y146.3 E50.7284
G1 X203.115 Y146.691 E50.74761
G1 X203.403 Y146.969 E50.76092
G1 X203.579 Y147.155 E50.76944
G1 X206.331 Y150.293 E50.90826
G1 X206.541 Y150.557 E50.91948
G1 X206.735 Y150.815 E50.93022
G1 X207.066 Y151.29 E50.94947
G1 X207.916 Y152.548 E50.99997
G1 X208.696 Y153.715 E51.04666
G1 X209.177 Y154.449 E51.07585
G1 X209.294 Y154.636 E51.08318
G1 X209.486 Y154.933 E51.09495
G1 X209.692 Y155.279 E51.10834
G1 X209.814 Y155.507 E51.11694
G1 X210.58 Y157.057 E51.17444
G1 X210.894 Y157.698 E51.19818
G1 X211.659 Y159.245 E51.25559
G1 X211.789 Y159.541 E51.26634
G1 X211.911 Y159.85 E51.27739
G1 X212.109 Y160.396 E51.2967
G1 X212.399 Y161.226 E51.32595
G1 X213.056 Y163.161 E51.39391
G1 X213.329 Y163.991 E51.42297
G1 X213.464 Y164.415 E51.43777
G1 X213.607 Y164.901 E51.45462
G1 X213.673 Y165.182 E51.46422
G1 X214.487 Y169.269 E51.60283
G1 X214.531 Y169.547 E51.61219
G1 X214.577 Y169.928 E51.62495
G1 X214.625 Y170.499 E51.64401
G1 X214.733 Y172.013 E51.6945
G1 X214.823 Y173.412 E51.74112
G1 X214.873 Y174.286 E51.77024
G1 X214.898 Y174.862 E51.78942
G1 X214.905 Y175.253 E51.80242
G1 X214.897 Y175.519 E51.81127
G1 X214.846 Y176.316 E51.83784
G1 X214.736 Y177.966 E51.89284
G1 X214.677 Y178.885 E51.92347
G1 X214.653 Y179.228 E51.9349
G1 X214.625 Y179.686 E51.95016
G1 X214.589 Y180.013 E51.96111
G1 X214.541 Y180.339 E51.97207
G1 X214.439 Y180.913 E51.99146
G1 X214.152 Y182.398 E52.04176
G1 X213.877 Y183.775 E52.08847
G1 X213.699 Y184.634 E52.11764
G1 X213.574 Y185.195 E52.13676
G1 X213.486 Y185.557 E52.14915
G1 X213.384 Y185.886 E52.16061
G1 X212.063 Y189.781 E52.2974
G1 X211.942 Y190.088 E52.30838
G1 X211.812 Y190.39 E52.31931
G1 X211.566 Y190.916 E52.33863
G1 X211.17 Y191.737 E52.36894
G1 X210.704 Y192.682 E52.40399
G1 X210.648 Y192.787 E52.40795
G1 X210.324 Y193.428 E52.43184
G1 X210.144 Y193.795 E52.44543
G1 X209.733 Y194.54 E52.47373
G1 X209.538 Y194.934 E52.48835
G1 X209.47 Y195.03 E52.49226
G1 X209.145 Y195.474 E52.51057
G1 X208.811 Y196.004 E52.5314
G1 X208.302 Y196.719 E52.56059
G1 X208.057 Y197.078 E52.57505
G1 X207.298 Y198.141 E52.61849
G1 X206.524 Y199.185 E52.66172
G1 X205.716 Y200.203 E52.70495
G1 X205.231 Y200.772 E52.72981
G1 X204.87 Y201.201 E52.74846
G1 X204.001 Y202.159 E52.79148
G1 X203.098 Y203.093 E52.83469
G1 X202.159 Y204.001 E52.87813
G1 X201.195 Y204.875 E52.92141
G1 X200.209 Y205.711 E52.96441
G1 X199.19 Y206.52 E53.00768
G1 X198.144 Y207.296 E53.051
G1 X197.081 Y208.055 E53.09445
G1 X196.719 Y208.302 E53.10902
G1 X196.008 Y208.808 E53.13805
G1 X195.476 Y209.143 E53.15896
G1 X194.932 Y209.54 E53.18136
G1 X194.54 Y209.734 E53.1959
G1 X193.795 Y210.144 E53.22419
G1 X193.422 Y210.327 E53.238
G1 X192.685 Y210.701 E53.26549
G1 X191.999 Y211.042 E53.29097
G1 X191.73 Y211.171 E53.3009
G1 X191.698 Y211.189 E53.30212
G1 X190.916 Y211.566 E53.33099
G1 X190.394 Y211.809 E53.35014
G1 X190.052 Y211.959 E53.36256
G1 X189.783 Y212.061 E53.37213
G1 X185.834 Y213.403 E53.51085
G1 X185.582 Y213.479 E53.51961
G1 X185.195 Y213.575 E53.53287
G1 X184.635 Y213.698 E53.55194
G1 X183.146 Y214.004 E53.6025
G1 X181.77 Y214.276 E53.64915
G1 X180.913 Y214.439 E53.67816
G1 X180.343 Y214.539 E53.69741
G1 X179.948 Y214.598 E53.7107
G1 X179.694 Y214.623 E53.71918
G1 X175.518 Y214.898 E53.85838
G1 X175.241 Y214.905 E53.8676
G1 X174.869 Y214.899 E53.87997
G1 X174.289 Y214.873 E53.89928
G1 X173.416 Y214.822 E53.92837
G1 X172.333 Y214.747 E53.96447
G1 X171.134 Y214.641 E54.00451
G1 X169.886 Y214.501 E54.04628
G1 X168.685 Y214.328 E54.08663
G1 X167.54 Y214.131 E54.12528
G1 X166.453 Y213.928 E54.16206
G1 X165.457 Y213.728 E54.19584
G1 X165.184 Y213.676 E54.20509
G1 X164.926 Y213.614 E54.21391
G1 X164.545 Y213.505 E54.22709
G1 X163.99 Y213.329 E54.24646
G1 X163.163 Y213.055 E54.27543
G1 X161.231 Y212.402 E54.34326
G1 X160.416 Y212.119 E54.37196
G1 X160.216 Y212.046 E54.37904
G1 X159.887 Y211.93 E54.39064
G1 X159.812 Y211.899 E54.39334
G1 X159.561 Y211.803 E54.40228
G1 X159.275 Y211.673 E54.41273
G1 X155.427 Y209.776 E54.55542
G1 X155.202 Y209.655 E54.56392
G1 X155.169 Y209.633 E54.56524
G1 X154.895 Y209.467 E54.57589
G1 X154.427 Y209.166 E54.5944
G1 X153.177 Y208.338 E54.64427
G1 X152.016 Y207.56 E54.69075
G1 X151.293 Y207.068 E54.71984
G1 X150.817 Y206.735 E54.73916
G1 X150.52 Y206.516 E54.75143
G1 X150.25 Y206.292 E54.7631
G1 X147.161 Y203.586 E54.89969
G1 X146.919 Y203.352 E54.91089
G1 X146.694 Y203.12 E54.92164
G1 X146.301 Y202.69 E54.94101
G1 X145.296 Y201.556 E54.99141
G1 X144.372 Y200.501 E55.03805
G1 X143.8 Y199.837 E55.0672
G1 X143.427 Y199.393 E55.08649
G1 X143.189 Y199.097 E55.09912
G1 X143.027 Y198.871 E55.10837
G1 X141.669 Y196.837 E55.18971
G1 X140.711 Y195.406 E55.24699
G1 X140.561 Y195.159 E55.2566
G1 X140.38 Y194.836 E55.26892
G1 X140.112 Y194.319 E55.28828
G1 X139.434 Y192.964 E55.33868
G1 X138.815 Y191.706 E55.38531
G1 X138.434 Y190.916 E55.41448
G1 X138.189 Y190.39 E55.43378
G1 X138.041 Y190.052 E55.44606
G1 X137.939 Y189.783 E55.45562
G1 X136.595 Y185.828 E55.59456
G1 X136.521 Y185.582 E55.6031
G1 X136.425 Y185.195 E55.61636
G1 X136.302 Y184.635 E55.63543
G1 X135.996 Y183.146 E55.68599
G1 X135.724 Y181.77 E55.73264
G1 X135.561 Y180.913 E55.76166
G1 X135.46 Y180.338 E55.78107
G1 X135.402 Y179.948 E55.79419
G1 X135.377 Y179.694 E55.80268
G1 X135.102 Y175.518 E55.94187
G1 X135.095 Y175.246 E55.95092
G1 X135.101 Y174.869 E55.96346
G1 X135.127 Y174.289 E55.98277
G1 X135.178 Y173.415 E56.01189
G1 X135.243 Y172.395 E56.04589
G1 X135.339 Y170.967 E56.09349
G1 X135.412 Y170.064 E56.12362
G1 X135.468 Y169.544 E56.14102
G1 X135.512 Y169.279 E56.14995
G1 X135.666 Y168.495 E56.17652
G1 X136.26 Y165.516 E56.27756
G1 X136.284 Y165.41 E56.28117
G1 X136.336 Y165.147 E56.29009
G1 X136.425 Y164.74 E56.30395
G1 X136.519 Y164.398 E56.31574
G1 X136.938 Y163.166 E56.35902
G1 X137.174 Y162.496 E56.38265
G1 X137.243 Y162.294 E56.38975
G1 X137.661 Y161.158 E56.43001
G1 X138.207 Y159.758 E56.47999
G1 X138.725 Y158.561 E56.52337
G1 X139.26 Y157.418 E56.56534
G1 X139.791 Y156.353 E56.60493
G1 X140.198 Y155.591 E56.63366
G1 X140.286 Y155.421 E56.64003
G1 X140.655 Y154.773 E56.66483
G1 X141.066 Y154.087 E56.69143
G1 X141.355 Y153.632 E56.70935
G1 X141.991 Y152.681 E56.74741
G1 X142.195 Y152.392 E56.75917
G1 X142.241 Y152.347 E56.76131
G1 X142.442 Y152.175 E56.77011
G1 X142.608 Y151.963 E56.77907
G1 X142.789 Y151.812 E56.78691
G1 X143.015 Y151.615 E56.79688
G1 X143.222 Y151.424 E56.80625
G1 X143.445 Y151.2 E56.81676
G1 X143.633 Y150.996 E56.82598
G1 X143.836 Y150.804 E56.83528
G1 X144.074 Y150.617 E56.84535
G1 X144.365 Y150.397 E56.85748
G1 X144.737 Y150.105 E56.87321
G1 X144.145 Y149.508 E56.90117
G1 X143.982 Y149.348 E56.90877
G1 X140.423 Y145.785 E57.07627
G1 X138.876 Y144.238 E57.14903
G1 X140.726 Y142.388 E57.23605
G1 X145.315 Y146.98 E57.45197
G1 X146.781 Y148.45 E57.52102
G1 X148.403 Y146.828 E57.59732
G1 X142.346 Y140.767 E57.88232
;TIME_ELAPSED:77.854739
;LAYER:5
;MESH:Warp_Reaction_Chamber_Lens.stl
G0 F12000 X142.346 Y140.767 Z1.2
;TYPE:WALL-OUTER
G1 F1705.9 X144.415 Y138.699 E57.97961
G1 X148.148 Y142.429 E58.15513
G1 X148.959 Y143.235 E58.19316
G1 X149.521 Y143.798 E58.21962
G1 X149.733 Y144.014 E58.22968
G1 X150.234 Y144.513 E58.2532
G1 X150.606 Y144.012 E58.27396
G1 X150.763 Y143.807 E58.28255
G1 X150.938 Y143.638 E58.29064
G1 X151.356 Y143.216 E58.31039
G1 X151.605 Y142.94 E58.32276
G1 X151.871 Y142.63 E58.33634
G1 X152.104 Y142.444 E58.34626
G1 X152.332 Y142.242 E58.35639
G1 X152.546 Y142.076 E58.3654
G1 X152.874 Y141.834 E58.37895
G1 X153.069 Y141.695 E58.38692
G1 X153.411 Y141.458 E58.40076
G1 X153.536 Y141.366 E58.40592
G1 X154.008 Y141.063 E58.42458
G1 X154.615 Y140.693 E58.44822
G1 X155.39 Y140.252 E58.47788
G1 X156.336 Y139.75 E58.5135
G1 X157.393 Y139.222 E58.5528
G1 X158.534 Y138.687 E58.59471
G1 X159.723 Y138.172 E58.63781
G1 X160.919 Y137.697 E58.68061
G1 X162.106 Y137.262 E58.72266
G1 X163.251 Y136.861 E58.76301
G1 X164.23 Y136.534 E58.79734
G1 X164.373 Y136.495 E58.80227
G1 X164.622 Y136.417 E58.81094
G1 X165.089 Y136.302 E58.82694
G1 X165.866 Y136.143 E58.85332
G1 X169.264 Y135.467 E58.96855
G1 X169.545 Y135.422 E58.97802
G1 X169.92 Y135.378 E58.99058
G1 X170.496 Y135.329 E59.0098
G1 X171.926 Y135.227 E59.05749
G1 X173.413 Y135.131 E59.10705
G1 X174.288 Y135.081 E59.1362
G1 X174.794 Y135.059 E59.15304
G1 X175.245 Y135.048 E59.16805
G1 X175.518 Y135.057 E59.17713
G1 X179.702 Y135.33 E59.31659
G1 X179.972 Y135.359 E59.32562
G1 X180.349 Y135.414 E59.33829
G1 X180.919 Y135.516 E59.35755
G1 X181.777 Y135.68 E59.38661
G1 X182.781 Y135.877 E59.42064
G1 X184.13 Y136.15 E59.46641
G1 X184.529 Y136.234 E59.47997
G1 X184.643 Y136.256 E59.48384
G1 X185.208 Y136.382 E59.50309
G1 X185.582 Y136.474 E59.5159
G1 X185.844 Y136.553 E59.525
G1 X189.801 Y137.896 E59.66399
G1 X190.058 Y137.995 E59.67315
G1 X190.411 Y138.147 E59.68593
G1 X190.934 Y138.391 E59.70512
G1 X192.223 Y139.018 E59.7528
G1 X193.56 Y139.679 E59.80241
G1 X194.344 Y140.073 E59.83159
G1 X194.788 Y140.305 E59.84825
G1 X195.193 Y140.526 E59.8636
G1 X195.42 Y140.666 E59.87247
G1 X198.722 Y142.873 E60.00456
G1 X198.939 Y143.021 E60.0133
G1 X199.205 Y143.218 E60.02431
G1 X199.42 Y143.388 E60.03343
G1 X199.865 Y143.763 E60.05278
G1 X200.949 Y144.702 E60.10048
G1 X202.069 Y145.685 E60.15005
G1 X202.636 Y146.193 E60.17537
G1 X202.728 Y146.272 E60.1794
G1 X203.15 Y146.661 E60.19849
G1 X203.428 Y146.927 E60.21129
G1 X203.61 Y147.123 E60.22018
G1 X203.834 Y147.376 E60.23142
G1 X204.372 Y147.992 E60.25862
G1 X205.811 Y149.63 E60.33114
G1 X206.369 Y150.267 E60.35931
G1 X206.548 Y150.489 E60.36879
G1 X206.77 Y150.785 E60.3811
G1 X207.102 Y151.262 E60.40043
G1 X207.907 Y152.452 E60.44821
G1 X208.735 Y153.691 E60.49778
G1 X209.215 Y154.423 E60.52689
G1 X209.363 Y154.659 E60.53616
G1 X209.527 Y154.912 E60.54618
G1 X209.726 Y155.244 E60.55906
G1 X209.895 Y155.565 E60.57112
G1 X211.604 Y159.032 E60.69969
G1 X211.718 Y159.268 E60.7084
G1 X211.848 Y159.568 E60.71928
G1 X211.953 Y159.83 E60.72867
G1 X212.152 Y160.379 E60.74809
G1 X212.441 Y161.21 E60.77735
G1 X212.774 Y162.18 E60.81146
G1 X213.1 Y163.147 E60.8454
G1 X213.374 Y163.978 E60.8745
G1 X213.489 Y164.342 E60.8872
G1 X213.586 Y164.664 E60.89839
G1 X213.659 Y164.923 E60.90734
G1 X213.717 Y165.169 E60.91574
G1 X213.858 Y165.868 E60.93946
G1 X214.533 Y169.264 E61.05462
G1 X214.577 Y169.539 E61.06388
G1 X214.622 Y169.92 E61.07664
G1 X214.671 Y170.493 E61.09577
G1 X214.773 Y171.926 E61.14355
G1 X214.869 Y173.411 E61.19305
G1 X214.919 Y174.286 E61.2222
G1 X214.941 Y174.79 E61.23898
G1 X214.952 Y175.24 E61.25395
G1 X214.943 Y175.518 E61.2632
G1 X214.671 Y179.694 E61.40239
G1 X214.642 Y179.968 E61.41155
G1 X214.587 Y180.343 E61.42416
G1 X214.485 Y180.916 E61.44352
G1 X214.32 Y181.777 E61.47267
G1 X214.123 Y182.781 E61.5067
G1 X213.85 Y184.13 E61.55248
G1 X213.766 Y184.529 E61.56604
G1 X213.744 Y184.643 E61.56991
G1 X213.618 Y185.208 E61.58916
G1 X213.526 Y185.582 E61.60197
G1 X213.449 Y185.838 E61.61086
G1 X212.104 Y189.801 E61.75006
G1 X212.005 Y190.058 E61.75922
G1 X211.853 Y190.411 E61.772
G1 X211.609 Y190.934 E61.79119
G1 X211.084 Y192.015 E61.83116
G1 X210.744 Y192.704 E61.85672
G1 X210.394 Y193.391 E61.88236
G1 X210.215 Y193.756 E61.89588
G1 X210.111 Y193.95 E61.9032
G1 X209.807 Y194.505 E61.92425
G1 X209.58 Y194.963 E61.94125
G1 X209.128 Y195.582 E61.96675
G1 X208.848 Y196.027 E61.98423
G1 X208.277 Y196.829 E62.01698
G1 X208.091 Y197.101 E62.02794
G1 X207.331 Y198.165 E62.07143
G1 X206.556 Y199.211 E62.11473
G1 X205.747 Y200.23 E62.158
G1 X204.901 Y201.228 E62.20151
G1 X204.032 Y202.187 E62.24456
G1 X203.396 Y202.841 E62.2749
G1 X203.127 Y203.122 E62.28784
G1 X202.187 Y204.031 E62.33133
G1 X201.514 Y204.639 E62.3615
G1 X201.222 Y204.906 E62.37466
G1 X200.235 Y205.743 E62.4177
G1 X199.216 Y206.552 E62.46097
G1 X198.168 Y207.329 E62.50437
G1 X197.104 Y208.089 E62.54785
G1 X196.829 Y208.277 E62.55893
G1 X196.031 Y208.845 E62.59151
G1 X195.583 Y209.127 E62.60912
G1 X194.957 Y209.583 E62.63488
G1 X194.505 Y209.807 E62.65166
G1 X193.817 Y210.186 E62.67778
G1 X193.384 Y210.398 E62.69382
G1 X192.706 Y210.742 E62.7191
G1 X192.072 Y211.057 E62.74265
G1 X190.936 Y211.607 E62.78463
G1 X190.592 Y211.769 E62.79728
G1 X190.066 Y212.004 E62.81644
G1 X189.717 Y212.133 E62.82881
G1 X185.846 Y213.447 E62.96478
G1 X185.572 Y213.528 E62.97428
G1 X185.208 Y213.619 E62.98676
G1 X184.646 Y213.743 E63.0059
G1 X183.238 Y214.032 E63.05371
G1 X181.78 Y214.32 E63.10314
G1 X181.03 Y214.462 E63.12853
G1 X180.913 Y214.486 E63.1325
G1 X180.347 Y214.585 E63.15161
G1 X179.968 Y214.643 E63.16436
G1 X179.701 Y214.669 E63.17329
G1 X177.169 Y214.834 E63.25768
G1 X176.372 Y214.888 E63.28425
G1 X175.468 Y214.944 E63.31437
G1 X175.148 Y214.949 E63.32502
G1 X174.871 Y214.945 E63.33423
G1 X174.289 Y214.919 E63.35361
G1 X173.413 Y214.869 E63.38279
G1 X172.333 Y214.792 E63.4188
G1 X171.13 Y214.687 E63.45897
G1 X169.882 Y214.546 E63.50074
G1 X168.679 Y214.374 E63.54116
G1 X167.534 Y214.177 E63.5798
G1 X166.442 Y213.973 E63.61675
G1 X165.169 Y213.719 E63.65993
G1 X164.901 Y213.655 E63.66909
G1 X164.535 Y213.55 E63.68175
G1 X163.978 Y213.374 E63.70118
G1 X163.148 Y213.099 E63.73026
G1 X162.179 Y212.774 E63.76426
G1 X161.217 Y212.446 E63.79806
G1 X160.396 Y212.161 E63.82697
G1 X159.869 Y211.973 E63.84558
G1 X159.545 Y211.847 E63.85714
G1 X159.311 Y211.742 E63.86567
G1 X155.402 Y209.815 E64.01062
G1 X155.174 Y209.691 E64.01926
G1 X154.874 Y209.508 E64.03094
G1 X154.404 Y209.205 E64.04954
G1 X153.222 Y208.423 E64.09668
G1 X151.989 Y207.598 E64.14602
G1 X151.265 Y207.104 E64.17518
G1 X150.787 Y206.77 E64.19457
G1 X150.489 Y206.55 E64.20689
G1 X150.269 Y206.37 E64.21635
G1 X147.127 Y203.617 E64.35529
G1 X146.921 Y203.42 E64.36477
G1 X146.658 Y203.15 E64.37731
G1 X146.27 Y202.725 E64.39645
G1 X145.009 Y201.3 E64.45973
G1 X144.336 Y200.53 E64.49375
G1 X143.763 Y199.867 E64.52289
G1 X143.392 Y199.423 E64.54214
G1 X143.151 Y199.123 E64.55494
G1 X142.991 Y198.9 E64.56407
G1 X140.67 Y195.428 E64.70297
G1 X140.522 Y195.184 E64.71246
G1 X140.339 Y194.855 E64.72498
G1 X140.074 Y194.344 E64.74413
G1 X139.429 Y193.059 E64.79195
G1 X138.773 Y191.725 E64.84139
G1 X138.392 Y190.934 E64.8706
G1 X138.229 Y190.588 E64.88332
G1 X137.996 Y190.066 E64.90233
G1 X137.867 Y189.717 E64.91471
G1 X136.553 Y185.846 E65.05067
G1 X136.472 Y185.572 E65.06017
G1 X136.381 Y185.208 E65.07265
G1 X136.256 Y184.643 E65.0919
G1 X135.968 Y183.238 E65.1396
G1 X135.68 Y181.78 E65.18903
G1 X135.538 Y181.03 E65.21442
G1 X135.514 Y180.913 E65.21839
G1 X135.414 Y180.343 E65.23764
G1 X135.357 Y179.968 E65.25026
G1 X135.331 Y179.701 E65.25918
G1 X135.166 Y177.169 E65.34357
G1 X135.112 Y176.372 E65.37014
G1 X135.056 Y175.468 E65.40027
G1 X135.051 Y175.151 E65.41081
G1 X135.055 Y174.871 E65.42012
G1 X135.081 Y174.289 E65.4395
G1 X135.166 Y172.857 E65.48721
G1 X135.264 Y171.368 E65.53684
G1 X135.329 Y170.496 E65.56593
G1 X135.38 Y169.92 E65.58516
G1 X135.422 Y169.537 E65.59798
G1 X135.466 Y169.274 E65.60684
G1 X135.788 Y167.646 E65.66204
G1 X136.201 Y165.584 E65.73199
G1 X136.292 Y165.132 E65.74732
G1 X136.382 Y164.721 E65.76131
G1 X136.47 Y164.399 E65.77242
G1 X136.882 Y163.187 E65.81499
G1 X137.196 Y162.291 E65.84657
G1 X137.612 Y161.159 E65.88668
G1 X138.165 Y159.739 E65.93737
G1 X138.683 Y158.541 E65.98078
G1 X139.219 Y157.399 E66.02274
G1 X139.749 Y156.335 E66.06227
G1 X140.249 Y155.395 E66.09769
G1 X140.694 Y154.616 E66.12753
G1 X141.059 Y154.012 E66.151
G1 X141.306 Y153.625 E66.16627
G1 X141.795 Y152.89 E66.19563
G1 X142.129 Y152.402 E66.2153
G1 X142.258 Y152.245 E66.22206
G1 X142.285 Y152.259 E66.22307
G1 X142.589 Y151.908 E66.23851
G1 X142.828 Y151.708 E66.24888
G1 X143.091 Y151.474 E66.26059
G1 X143.351 Y151.228 E66.27249
G1 X143.551 Y151.021 E66.28207
G1 X143.756 Y150.814 E66.29176
G1 X143.962 Y150.651 E66.30049
G1 X144.19 Y150.486 E66.30985
G1 X144.469 Y150.273 E66.32153
G1 X142.577 Y148.382 E66.4105
G1 X141.831 Y147.632 E66.44568
G1 X138.657 Y144.457 E66.595
G1 X140.726 Y142.388 E66.69232
G1 X146.781 Y148.45 E66.97729
G1 X148.403 Y146.828 E67.05359
G1 X142.346 Y140.767 E67.33858
;TIME_ELAPSED:88.246052
;LAYER:6
;MESH:Warp_Reaction_Chamber_Lens.stl
G0 F12000 X142.346 Y140.767 Z1.4
;TYPE:WALL-OUTER
G1 F1706.7 X144.612 Y138.502 E67.44515
G1 X146.872 Y140.763 E67.55147
G1 X148.352 Y142.239 E67.62099
G1 X149.397 Y143.277 E67.66998
G1 X150.378 Y144.263 E67.71624
G1 X150.675 Y143.855 E67.73303
G1 X150.835 Y143.662 E67.74137
G1 X151.069 Y143.436 E67.75219
G1 X151.275 Y143.228 E67.76192
G1 X151.545 Y142.927 E67.77537
G1 X151.808 Y142.619 E67.78884
G1 X152.02 Y142.449 E67.79788
G1 X152.21 Y142.276 E67.80643
G1 X152.483 Y142.064 E67.81792
G1 X152.753 Y141.865 E67.82908
G1 X153.002 Y141.687 E67.83926
G1 X153.314 Y141.471 E67.85188
G1 X153.489 Y141.342 E67.85911
G1 X153.968 Y141.034 E67.87805
G1 X154.584 Y140.658 E67.90206
G1 X155.364 Y140.214 E67.93191
G1 X156.313 Y139.71 E67.96765
G1 X157.372 Y139.181 E68.00702
G1 X158.516 Y138.645 E68.04904
G1 X159.711 Y138.127 E68.09236
G1 X160.902 Y137.654 E68.13498
G1 X162.092 Y137.218 E68.17713
G1 X163.243 Y136.815 E68.21769
G1 X164.241 Y136.481 E68.2527
G1 X164.609 Y136.372 E68.26546
G1 X164.871 Y136.304 E68.27447
G1 X165.387 Y136.193 E68.29202
G1 X166.701 Y135.929 E68.3366
G1 X169.259 Y135.421 E68.42334
G1 X169.537 Y135.377 E68.4327
G1 X169.912 Y135.333 E68.44526
G1 X170.49 Y135.284 E68.46455
G1 X171.365 Y135.22 E68.49373
G1 X172.389 Y135.151 E68.52787
G1 X173.711 Y135.068 E68.57192
G1 X174.288 Y135.035 E68.59115
G1 X174.872 Y135.01 E68.61059
G1 X175.247 Y135.002 E68.62306
G1 X175.517 Y135.011 E68.63205
G1 X179.709 Y135.285 E68.77177
G1 X179.972 Y135.312 E68.78057
G1 X180.352 Y135.369 E68.79335
G1 X180.925 Y135.47 E68.8127
G1 X182.25 Y135.725 E68.85758
G1 X183.795 Y136.034 E68.90998
G1 X184.657 Y136.212 E68.93926
G1 X185.221 Y136.338 E68.95848
G1 X185.586 Y136.428 E68.97098
G1 X185.855 Y136.508 E68.98032
G1 X189.818 Y137.852 E69.1195
G1 X190.074 Y137.952 E69.12864
G1 X190.428 Y138.105 E69.14147
G1 X190.951 Y138.349 E69.16066
G1 X191.742 Y138.732 E69.18989
G1 X192.663 Y139.184 E69.22402
G1 X193.581 Y139.638 E69.25808
G1 X194.367 Y140.034 E69.28735
G1 X194.883 Y140.303 E69.30671
G1 X195.209 Y140.482 E69.31908
G1 X195.448 Y140.629 E69.32841
G1 X198.936 Y142.958 E69.4679
G1 X199.15 Y143.115 E69.47673
G1 X199.447 Y143.35 E69.48933
G1 X199.893 Y143.726 E69.50873
G1 X200.916 Y144.612 E69.55374
G1 X202.101 Y145.651 E69.60616
G1 X202.851 Y146.324 E69.63968
G1 X203.183 Y146.628 E69.65465
G1 X203.454 Y146.888 E69.66714
G1 X203.646 Y147.093 E69.67648
G1 X206.407 Y150.238 E69.81567
G1 X206.583 Y150.458 E69.82504
G1 X206.805 Y150.757 E69.83743
G1 X207.139 Y151.234 E69.8568
G1 X207.898 Y152.356 E69.90185
G1 X208.774 Y153.666 E69.95427
G1 X209.257 Y154.403 E69.98358
G1 X209.431 Y154.681 E69.99448
G1 X209.571 Y154.897 E70.00304
G1 X209.763 Y155.214 E70.01537
G1 X209.894 Y155.459 E70.02461
G1 X211.663 Y159.047 E70.15767
G1 X211.767 Y159.266 E70.16573
G1 X211.908 Y159.595 E70.17763
G1 X211.995 Y159.811 E70.18538
G1 X212.194 Y160.361 E70.20483
G1 X212.638 Y161.641 E70.24989
G1 X213.239 Y163.419 E70.31232
G1 X213.516 Y164.273 E70.34218
G1 X213.593 Y164.522 E70.35085
G1 X213.697 Y164.881 E70.36328
G1 X213.762 Y165.156 E70.37268
G1 X214.579 Y169.259 E70.51182
G1 X214.622 Y169.531 E70.52098
G1 X214.667 Y169.912 E70.53374
G1 X214.716 Y170.488 E70.55297
G1 X214.78 Y171.365 E70.58222
G1 X214.849 Y172.389 E70.61635
G1 X214.932 Y173.709 E70.66034
G1 X214.965 Y174.286 E70.67956
G1 X214.99 Y174.867 E70.69891
G1 X214.998 Y175.243 E70.71141
G1 X214.989 Y175.517 E70.72053
G1 X214.716 Y179.701 E70.85999
G1 X214.688 Y179.971 E70.86902
G1 X214.632 Y180.347 E70.88166
G1 X214.53 Y180.925 E70.90118
G1 X214.275 Y182.25 E70.94606
G1 X213.966 Y183.795 E70.99847
G1 X213.788 Y184.657 E71.02774
G1 X213.662 Y185.221 E71.04696
G1 X213.572 Y185.586 E71.05947
G1 X213.492 Y185.855 E71.0688
G1 X212.148 Y189.818 E71.20798
G1 X212.048 Y190.074 E71.21712
G1 X211.895 Y190.428 E71.22995
G1 X211.651 Y190.951 E71.24915
G1 X211.072 Y192.145 E71.29328
G1 X210.787 Y192.724 E71.31475
G1 X210.708 Y192.875 E71.32041
G1 X210.465 Y193.356 E71.33834
G1 X210.232 Y193.83 E71.35591
G1 X209.88 Y194.469 E71.38017
G1 X209.626 Y194.983 E71.39924
G1 X209.58 Y195.05 E71.40194
G1 X209.111 Y195.689 E71.42831
G1 X208.885 Y196.05 E71.44247
G1 X208.251 Y196.939 E71.47879
G1 X208.014 Y197.281 E71.49263
G1 X207.365 Y198.189 E71.52975
G1 X206.589 Y199.236 E71.57309
G1 X205.78 Y200.255 E71.61637
G1 X205.08 Y201.077 E71.65228
G1 X204.936 Y201.25 E71.65977
G1 X204.061 Y202.215 E71.70309
G1 X203.156 Y203.151 E71.74639
G1 X202.215 Y204.061 E71.78993
G1 X201.419 Y204.78 E71.82561
G1 X201.249 Y204.937 E71.83331
G1 X200.261 Y205.775 E71.8764
G1 X199.415 Y206.445 E71.91229
G1 X199.241 Y206.585 E71.91972
G1 X198.192 Y207.363 E71.96316
G1 X197.128 Y208.123 E72.00665
G1 X196.94 Y208.251 E72.01421
G1 X196.05 Y208.885 E72.05055
G1 X195.69 Y209.11 E72.06467
G1 X194.984 Y209.626 E72.09376
G1 X194.469 Y209.88 E72.11286
G1 X193.839 Y210.227 E72.13678
G1 X193.346 Y210.469 E72.15505
G1 X192.726 Y210.784 E72.17818
G1 X192.146 Y211.072 E72.19971
G1 X190.951 Y211.651 E72.24388
G1 X190.425 Y211.895 E72.26317
G1 X190.076 Y212.049 E72.27585
G1 X189.82 Y212.146 E72.28496
G1 X185.858 Y213.492 E72.42413
G1 X185.594 Y213.569 E72.43328
G1 X185.221 Y213.663 E72.44607
G1 X184.658 Y213.787 E72.46525
G1 X183.33 Y214.06 E72.51034
G1 X181.785 Y214.367 E72.56273
G1 X180.926 Y214.53 E72.59181
G1 X180.351 Y214.63 E72.61122
G1 X179.972 Y214.688 E72.62398
G1 X179.708 Y214.714 E72.6328
G1 X175.516 Y214.99 E72.77253
G1 X175.246 Y214.997 E72.78151
G1 X174.873 Y214.991 E72.79392
G1 X174.289 Y214.965 E72.81336
G1 X173.411 Y214.915 E72.84261
G1 X172.33 Y214.838 E72.87866
G1 X171.126 Y214.732 E72.91886
G1 X169.877 Y214.592 E72.96066
G1 X168.674 Y214.42 E73.00108
G1 X167.528 Y214.223 E73.03975
G1 X166.431 Y214.018 E73.07687
G1 X165.353 Y213.801 E73.11344
G1 X165.093 Y213.746 E73.12228
G1 X164.744 Y213.658 E73.13425
G1 X164.525 Y213.595 E73.14183
G1 X163.966 Y213.418 E73.16134
G1 X163.136 Y213.143 E73.19042
G1 X161.199 Y212.488 E73.25843
G1 X160.473 Y212.234 E73.28401
G1 X160.384 Y212.206 E73.28711
G1 X159.7 Y211.954 E73.31136
G1 X159.346 Y211.809 E73.32408
G1 X159.024 Y211.653 E73.33598
G1 X156.834 Y210.571 E73.41722
G1 X155.369 Y209.851 E73.47152
G1 X155.16 Y209.736 E73.47945
G1 X154.852 Y209.548 E73.49145
G1 X154.383 Y209.246 E73.51001
G1 X152.961 Y208.303 E73.56676
G1 X151.96 Y207.633 E73.60682
G1 X151.139 Y207.072 E73.63989
G1 X150.758 Y206.805 E73.65537
G1 X150.459 Y206.585 E73.66771
G1 X150.242 Y206.407 E73.67705
G1 X147.094 Y203.649 E73.81625
G1 X146.89 Y203.454 E73.82564
G1 X146.632 Y203.188 E73.83796
G1 X146.236 Y202.755 E73.85748
G1 X145.093 Y201.465 E73.9148
G1 X144.299 Y200.559 E73.95487
G1 X143.637 Y199.788 E73.98867
G1 X143.351 Y199.446 E74.0035
G1 X143.114 Y199.15 E74.01611
G1 X142.955 Y198.929 E74.02517
G1 X140.63 Y195.45 E74.16434
G1 X140.488 Y195.215 E74.17347
G1 X140.299 Y194.879 E74.18629
G1 X140.034 Y194.367 E74.20547
G1 X139.426 Y193.155 E74.25057
G1 X138.731 Y191.744 E74.30288
G1 X138.349 Y190.951 E74.33216
G1 X138.105 Y190.425 E74.35144
G1 X137.951 Y190.076 E74.36413
G1 X137.854 Y189.82 E74.37324
G1 X136.507 Y185.855 E74.51251
G1 X136.429 Y185.587 E74.5218
G1 X136.337 Y185.221 E74.53435
G1 X136.213 Y184.658 E74.55352
G1 X135.94 Y183.33 E74.59862
G1 X135.633 Y181.785 E74.65101
G1 X135.47 Y180.926 E74.68009
G1 X135.369 Y180.347 E74.69964
G1 X135.312 Y179.972 E74.71225
G1 X135.286 Y179.708 E74.72108
G1 X135.01 Y175.516 E74.86081
G1 X135.003 Y175.251 E74.86962
G1 X135.009 Y174.873 E74.8822
G1 X135.035 Y174.289 E74.90164
G1 X135.115 Y172.938 E74.94665
G1 X135.218 Y171.363 E74.99915
G1 X135.284 Y170.49 E75.02827
G1 X135.334 Y169.912 E75.04756
G1 X135.377 Y169.529 E75.06038
G1 X135.42 Y169.269 E75.06915
G1 X136.177 Y165.463 E75.19822
G1 X136.364 Y164.586 E75.22804
G1 X136.417 Y164.414 E75.23403
G1 X136.825 Y163.21 E75.27631
G1 X137.174 Y162.219 E75.31125
G1 X137.563 Y161.159 E75.34881
G1 X138.123 Y159.72 E75.40017
G1 X138.641 Y158.522 E75.44358
G1 X139.178 Y157.378 E75.48561
G1 X139.709 Y156.312 E75.52522
G1 X140.211 Y155.369 E75.56075
G1 X140.656 Y154.59 E75.59059
G1 X141.032 Y153.969 E75.61474
G1 X141.345 Y153.482 E75.63399
G1 X141.76 Y152.861 E75.65883
G1 X142.139 Y152.311 E75.68105
G1 X142.267 Y152.148 E75.68794
G1 X142.303 Y152.162 E75.68923
G1 X142.575 Y151.848 E75.70304
G1 X142.826 Y151.639 E75.71391
G1 X143.091 Y151.403 E75.72571
G1 X143.352 Y151.157 E75.73764
G1 X143.546 Y150.961 E75.74681
G1 X143.732 Y150.781 E75.75542
G1 X143.919 Y150.638 E75.76325
G1 X144.218 Y150.428 E75.7754
G1 X144.023 Y150.221 E75.78486
G1 X143.235 Y149.437 E75.82183
G1 X141.958 Y148.151 E75.88211
G1 X138.461 Y144.653 E76.04662
G1 X140.726 Y142.388 E76.15316
G1 X146.781 Y148.45 E76.43813
G1 X148.403 Y146.828 E76.51443
G1 X142.346 Y140.767 E76.79943
;TIME_ELAPSED:98.636692
;LAYER:7
;MESH:Warp_Reaction_Chamber_Lens.stl
G0 F12000 X142.346 Y140.767 Z1.6
;TYPE:WALL-OUTER
G1 F1706.9 X144.789 Y138.324 E76.91434
G1 X146.992 Y140.525 E77.01791
G1 X147.06 Y140.596 E77.02118
G1 X147.843 Y141.374 E77.05789
G1 X148.375 Y141.907 E77.08294
G1 X148.581 Y142.109 E77.09254
G1 X148.838 Y142.369 E77.1047
G1 X150.496 Y144.021 E77.18254
G1 X150.792 Y143.65 E77.19833
G1 X151.193 Y143.239 E77.21743
G1 X151.371 Y143.043 E77.22623
G1 X151.621 Y142.753 E77.23897
G1 X151.942 Y142.448 E77.2537
G1 X152.231 Y142.193 E77.26651
G1 X152.631 Y141.896 E77.28308
G1 X152.931 Y141.682 E77.29534
G1 X153.217 Y141.484 E77.30691
G1 X153.442 Y141.318 E77.31621
G1 X153.929 Y141.005 E77.33547
G1 X154.553 Y140.624 E77.35978
G1 X155.338 Y140.176 E77.38984
G1 X156.291 Y139.671 E77.42572
G1 X157.352 Y139.14 E77.46518
G1 X158.496 Y138.603 E77.50721
G1 X159.687 Y138.087 E77.55038
G1 X160.885 Y137.611 E77.59326
G1 X162.078 Y137.174 E77.63552
G1 X163.237 Y136.769 E77.67635
G1 X164.261 Y136.426 E77.71227
G1 X164.605 Y136.325 E77.72419
G1 X164.862 Y136.26 E77.73301
G1 X165.195 Y136.187 E77.74435
G1 X165.686 Y136.085 E77.76103
G1 X169.254 Y135.375 E77.88203
G1 X169.528 Y135.332 E77.89125
G1 X169.904 Y135.288 E77.90384
G1 X170.484 Y135.238 E77.9232
G1 X171.36 Y135.174 E77.95242
G1 X173.409 Y135.039 E78.02072
G1 X174.288 Y134.989 E78.05
G1 X174.873 Y134.964 E78.06947
G1 X175.249 Y134.956 E78.08198
G1 X175.516 Y134.964 E78.09087
G1 X179.716 Y135.239 E78.23086
G1 X179.979 Y135.267 E78.23966
G1 X180.358 Y135.323 E78.2524
G1 X180.93 Y135.425 E78.27172
G1 X182.176 Y135.664 E78.31392
G1 X183.806 Y135.989 E78.3692
G1 X184.669 Y136.168 E78.39852
G1 X185.235 Y136.294 E78.4178
G1 X185.61 Y136.386 E78.43064
G1 X185.86 Y136.463 E78.43935
G1 X186.393 Y136.642 E78.45805
G1 X188.947 Y137.509 E78.54775
G1 X189.704 Y137.767 E78.57435
G1 X190.036 Y137.887 E78.58609
G1 X190.444 Y138.061 E78.60085
G1 X190.969 Y138.306 E78.62012
G1 X192.114 Y138.862 E78.66245
G1 X193.603 Y139.596 E78.71767
G1 X194.62 Y140.113 E78.75561
G1 X194.905 Y140.262 E78.76631
G1 X195.234 Y140.443 E78.7788
G1 X195.464 Y140.585 E78.78779
G1 X198.957 Y142.918 E78.9275
G1 X199.182 Y143.082 E78.93676
G1 X199.473 Y143.313 E78.94911
G1 X199.921 Y143.69 E78.96859
G1 X200.882 Y144.522 E79.01087
G1 X202.131 Y145.617 E79.06611
G1 X202.979 Y146.38 E79.10405
G1 X203.217 Y146.597 E79.11477
G1 X203.488 Y146.857 E79.12726
G1 X203.678 Y147.06 E79.1365
G1 X206.444 Y150.212 E79.27598
G1 X206.62 Y150.428 E79.28525
G1 X206.841 Y150.726 E79.29759
G1 X207.175 Y151.206 E79.31704
G1 X207.889 Y152.26 E79.35938
G1 X208.812 Y153.641 E79.41463
G1 X209.341 Y154.452 E79.44683
G1 X209.429 Y154.592 E79.45233
G1 X209.609 Y154.87 E79.46335
G1 X209.803 Y155.193 E79.47588
G1 X209.935 Y155.441 E79.48522
G1 X210.184 Y155.941 E79.5038
G1 X211.125 Y157.852 E79.57465
G1 X211.785 Y159.188 E79.62421
G1 X211.899 Y159.444 E79.63353
G1 X212.036 Y159.793 E79.646
G1 X212.237 Y160.343 E79.66548
G1 X212.656 Y161.548 E79.70791
G1 X213.188 Y163.119 E79.76308
G1 X213.438 Y163.883 E79.78982
G1 X213.463 Y163.954 E79.79232
G1 X213.638 Y164.512 E79.81177
G1 X213.742 Y164.871 E79.8242
G1 X213.806 Y165.143 E79.83349
G1 X214.625 Y169.254 E79.97291
G1 X214.667 Y169.522 E79.98194
G1 X214.712 Y169.904 E79.99473
G1 X214.762 Y170.482 E80.01403
G1 X214.826 Y171.36 E80.04331
G1 X214.961 Y173.407 E80.11154
G1 X215.011 Y174.286 E80.14082
G1 X215.036 Y174.868 E80.1602
G1 X215.044 Y175.245 E80.17274
G1 X215.036 Y175.516 E80.18175
G1 X214.762 Y179.708 E80.32148
G1 X214.734 Y179.975 E80.33041
G1 X214.678 Y180.352 E80.34308
G1 X214.575 Y180.93 E80.36261
G1 X214.336 Y182.176 E80.40481
G1 X214.011 Y183.806 E80.46009
G1 X213.832 Y184.669 E80.4894
G1 X213.706 Y185.235 E80.50869
G1 X213.614 Y185.609 E80.5215
G1 X213.537 Y185.86 E80.53023
G1 X213.358 Y186.393 E80.54893
G1 X212.491 Y188.947 E80.63864
G1 X212.233 Y189.704 E80.66524
G1 X212.113 Y190.036 E80.67698
G1 X211.939 Y190.444 E80.69174
G1 X211.694 Y190.969 E80.711
G1 X211.087 Y192.218 E80.75719
G1 X210.827 Y192.745 E80.77674
G1 X210.535 Y193.318 E80.79813
G1 X210.29 Y193.816 E80.81659
G1 X209.953 Y194.435 E80.84003
G1 X209.669 Y195.009 E80.86133
G1 X209.095 Y195.797 E80.89375
G1 X208.922 Y196.073 E80.90459
G1 X208.226 Y197.049 E80.94446
G1 X208.101 Y197.229 E80.95175
G1 X207.398 Y198.213 E80.99197
G1 X206.622 Y199.261 E81.03534
G1 X205.807 Y200.287 E81.07892
G1 X204.967 Y201.277 E81.12211
G1 X204.092 Y202.243 E81.16546
G1 X203.185 Y203.18 E81.20883
G1 X202.243 Y204.092 E81.25244
G1 X201.277 Y204.967 E81.29579
G1 X200.287 Y205.807 E81.33897
G1 X199.309 Y206.581 E81.38046
G1 X199.263 Y206.62 E81.38246
G1 X198.216 Y207.396 E81.42581
G1 X197.147 Y208.161 E81.46953
G1 X197.05 Y208.225 E81.47339
G1 X196.073 Y208.922 E81.51331
G1 X195.798 Y209.094 E81.5241
G1 X195.007 Y209.67 E81.55664
G1 X194.434 Y209.954 E81.57791
G1 X193.861 Y210.269 E81.59966
G1 X193.308 Y210.541 E81.62016
G1 X192.747 Y210.825 E81.64107
G1 X192.218 Y211.088 E81.66072
G1 X191.542 Y211.417 E81.68573
G1 X190.971 Y211.692 E81.70681
G1 X190.437 Y211.941 E81.7264
G1 X190.099 Y212.089 E81.73868
G1 X189.838 Y212.188 E81.74796
G1 X185.869 Y213.537 E81.88739
G1 X185.608 Y213.613 E81.89643
G1 X185.235 Y213.707 E81.90922
G1 X184.67 Y213.832 E81.92847
G1 X183.422 Y214.089 E81.97085
G1 X181.793 Y214.412 E82.02608
G1 X180.932 Y214.576 E82.05523
G1 X180.355 Y214.676 E82.07471
G1 X179.975 Y214.734 E82.0875
G1 X179.715 Y214.76 E82.09619
G1 X175.515 Y215.036 E82.23618
G1 X175.248 Y215.043 E82.24507
G1 X174.875 Y215.037 E82.25747
G1 X174.289 Y215.011 E82.27698
G1 X173.412 Y214.96 E82.3062
G1 X172.324 Y214.884 E82.34248
G1 X171.122 Y214.778 E82.38261
G1 X169.872 Y214.638 E82.42445
G1 X168.67 Y214.466 E82.46483
G1 X167.521 Y214.268 E82.50361
G1 X166.42 Y214.062 E82.54087
G1 X165.142 Y213.807 E82.58421
G1 X164.881 Y213.744 E82.59314
G1 X164.515 Y213.64 E82.60579
G1 X163.954 Y213.463 E82.62536
G1 X162.149 Y212.86 E82.68866
G1 X160.363 Y212.247 E82.75146
G1 X160.019 Y212.122 E82.76363
G1 X159.642 Y211.981 E82.77702
G1 X159.343 Y211.858 E82.78777
G1 X159.023 Y211.704 E82.79959
G1 X155.35 Y209.892 E82.93581
G1 X155.13 Y209.772 E82.94414
G1 X154.83 Y209.589 E82.95583
G1 X154.357 Y209.285 E82.97453
G1 X152.786 Y208.243 E83.03723
G1 X151.732 Y207.533 E83.0795
G1 X151.206 Y207.175 E83.10066
G1 X150.728 Y206.84 E83.12008
G1 X150.428 Y206.619 E83.13247
G1 X150.214 Y206.444 E83.14166
G1 X147.06 Y203.68 E83.28115
G1 X146.859 Y203.488 E83.29039
G1 X146.596 Y203.218 E83.30293
G1 X146.205 Y202.79 E83.32221
G1 X144.94 Y201.36 E83.38571
G1 X144.104 Y200.402 E83.428
G1 X143.69 Y199.922 E83.44909
G1 X143.317 Y199.476 E83.46842
G1 X143.081 Y199.182 E83.48096
G1 X142.921 Y198.958 E83.49012
G1 X142.749 Y198.704 E83.50032
G1 X142.613 Y198.497 E83.50856
G1 X140.589 Y195.472 E83.62961
G1 X140.445 Y195.235 E83.63884
G1 X140.261 Y194.904 E83.65143
G1 X139.994 Y194.39 E83.6707
G1 X139.422 Y193.251 E83.71309
G1 X138.688 Y191.762 E83.76831
G1 X138.197 Y190.734 E83.8062
G1 X138.059 Y190.438 E83.81706
G1 X137.911 Y190.099 E83.82936
G1 X137.812 Y189.838 E83.83865
G1 X136.46 Y185.86 E83.97839
G1 X136.385 Y185.601 E83.98736
G1 X136.293 Y185.235 E83.99991
G1 X136.168 Y184.67 E84.01915
G1 X135.911 Y183.422 E84.06153
G1 X135.588 Y181.793 E84.11677
G1 X135.424 Y180.932 E84.14592
G1 X135.324 Y180.355 E84.1654
G1 X135.266 Y179.975 E84.17818
G1 X135.24 Y179.715 E84.18687
G1 X134.964 Y175.515 E84.32687
G1 X134.957 Y175.253 E84.33559
G1 X134.963 Y174.875 E84.34816
G1 X134.989 Y174.289 E84.36767
G1 X135.064 Y173.02 E84.40995
G1 X135.172 Y171.359 E84.46531
G1 X135.238 Y170.484 E84.4945
G1 X135.289 Y169.904 E84.51386
G1 X135.332 Y169.52 E84.52671
G1 X135.374 Y169.264 E84.53534
G1 X136.135 Y165.436 E84.66515
G1 X136.203 Y165.106 E84.67636
G1 X136.262 Y164.844 E84.68529
G1 X136.318 Y164.577 E84.69437
G1 X136.369 Y164.411 E84.70014
G1 X136.769 Y163.233 E84.74152
G1 X137.09 Y162.318 E84.77377
G1 X137.513 Y161.16 E84.81478
G1 X138.035 Y159.821 E84.86258
G1 X138.079 Y159.702 E84.8668
G1 X138.6 Y158.503 E84.91028
G1 X139.137 Y157.357 E84.95237
G1 X139.67 Y156.29 E84.99204
G1 X140.173 Y155.343 E85.0277
G1 X140.457 Y154.843 E85.04683
G1 X140.622 Y154.558 E85.05778
G1 X140.882 Y154.125 E85.07458
G1 X141.001 Y153.934 E85.08207
G1 X141.209 Y153.608 E85.09493
G1 X141.592 Y153.027 E85.11807
G1 X141.851 Y152.66 E85.13301
G1 X141.992 Y152.447 E85.14151
G1 X142.143 Y152.225 E85.15044
G1 X142.248 Y152.133 E85.15508
G1 X142.558 Y151.789 E85.17048
G1 X142.75 Y151.629 E85.1788
G1 X142.952 Y151.454 E85.18769
G1 X143.19 Y151.241 E85.19831
G1 X143.369 Y151.065 E85.20666
G1 X143.585 Y150.862 E85.21652
G1 X143.947 Y150.557 E85.23226
G1 X143.763 Y150.321 E85.24221
G1 X140.487 Y147.035 E85.39654
G1 X138.283 Y144.831 E85.50021
G1 X140.726 Y142.388 E85.61512
G1 X145.486 Y147.151 E85.83909
G1 X146.781 Y148.45 E85.9001
G1 X148.403 Y146.828 E85.97639
G1 X142.346 Y140.767 E86.26139
;MESH:NONMESH
G0 F300 X142.346 Y140.767 Z1.8
G0 F12000 X142.347 Y140.767
;TIME_ELAPSED:109.072311
;LAYER:8
;TYPE:WALL-OUTER
;MESH:Warp_Reaction_Chamber_Lens.stl
G1 F1707.8 X144.952 Y138.162 E86.38392
G1 X146.223 Y139.434 E86.44373
G1 X148.689 Y141.894 E86.55958
G1 X150.127 Y143.317 E86.62687
G1 X150.607 Y143.786 E86.64919
G1 X150.956 Y143.41 E86.66625
G1 X151.214 Y143.138 E86.67872
G1 X151.529 Y142.779 E86.6946
G1 X151.693 Y142.585 E86.70305
G1 X151.927 Y142.379 E86.71342
G1 X152.145 Y142.198 E86.72285
G1 X152.51 Y141.927 E86.73797
G1 X152.862 Y141.676 E86.75234
G1 X153.12 Y141.497 E86.76279
G1 X153.394 Y141.294 E86.77413
G1 X153.89 Y140.975 E86.79375
G1 X154.522 Y140.589 E86.81838
G1 X155.312 Y140.138 E86.84863
G1 X156.268 Y139.631 E86.88462
G1 X157.331 Y139.099 E86.92416
G1 X158.483 Y138.558 E86.96649
G1 X159.669 Y138.044 E87.00948
G1 X160.868 Y137.568 E87.05239
G1 X162.064 Y137.13 E87.09475
G1 X163.229 Y136.723 E87.1358
G1 X164.274 Y136.373 E87.17245
G1 X164.602 Y136.277 E87.18382
G1 X164.854 Y136.214 E87.19246
G1 X165.313 Y136.114 E87.20808
G1 X165.595 Y136.056 E87.21766
G1 X169.248 Y135.329 E87.34154
G1 X169.516 Y135.288 E87.35056
G1 X169.897 Y135.242 E87.36332
G1 X170.478 Y135.192 E87.38272
G1 X171.663 Y135.107 E87.42223
G1 X173.408 Y134.993 E87.48039
G1 X174.489 Y134.934 E87.5164
G1 X174.874 Y134.918 E87.52922
G1 X175.252 Y134.91 E87.54179
G1 X175.515 Y134.918 E87.55054
G1 X179.614 Y135.186 E87.68717
G1 X179.912 Y135.214 E87.69712
G1 X180.355 Y135.276 E87.712
G1 X181.162 Y135.421 E87.73927
G1 X182.102 Y135.602 E87.77111
G1 X183.816 Y135.944 E87.82924
G1 X184.877 Y136.167 E87.8653
G1 X185.253 Y136.252 E87.87812
G1 X185.62 Y136.341 E87.89068
G1 X185.877 Y136.419 E87.89962
G1 X189.865 Y137.771 E88.03967
G1 X190.105 Y137.865 E88.04825
G1 X190.46 Y138.018 E88.0611
G1 X190.987 Y138.264 E88.08045
G1 X192.058 Y138.784 E88.12005
G1 X192.703 Y139.1 E88.14393
G1 X193.796 Y139.643 E88.18453
G1 X194.413 Y139.954 E88.20751
G1 X194.932 Y140.225 E88.22698
G1 X195.259 Y140.404 E88.23938
G1 X195.486 Y140.544 E88.24825
G1 X198.987 Y142.883 E88.38829
G1 X199.202 Y143.039 E88.39713
G1 X199.5 Y143.275 E88.40977
G1 X199.949 Y143.653 E88.42929
G1 X200.85 Y144.432 E88.46891
G1 X201.392 Y144.905 E88.49283
G1 X202.306 Y145.712 E88.53339
G1 X202.773 Y146.131 E88.55425
G1 X203.254 Y146.568 E88.57587
G1 X203.522 Y146.826 E88.58824
G1 X203.71 Y147.027 E88.59739
G1 X206.481 Y150.183 E88.73708
G1 X206.649 Y150.392 E88.746
G1 X206.876 Y150.698 E88.75867
G1 X207.212 Y151.178 E88.77816
G1 X207.88 Y152.164 E88.81777
G1 X208.852 Y153.618 E88.87594
G1 X209.334 Y154.354 E88.90521
G1 X209.691 Y154.919 E88.92743
G1 X209.79 Y155.083 E88.93381
G1 X209.926 Y155.325 E88.94304
G1 X210.052 Y155.571 E88.95223
G1 X211.828 Y159.171 E89.08575
G1 X211.937 Y159.418 E89.09473
G1 X212.078 Y159.772 E89.1074
G1 X212.279 Y160.326 E89.127
G1 X212.672 Y161.453 E89.1667
G1 X213.232 Y163.106 E89.22475
G1 X213.568 Y164.133 E89.26069
G1 X213.682 Y164.502 E89.27353
G1 X213.787 Y164.862 E89.28601
G1 X213.849 Y165.124 E89.29496
G1 X213.945 Y165.598 E89.31105
G1 X214.393 Y167.86 E89.38774
G1 X214.671 Y169.248 E89.43482
G1 X214.712 Y169.514 E89.44377
G1 X214.758 Y169.897 E89.4566
G1 X214.808 Y170.475 E89.4759
G1 X214.893 Y171.663 E89.51552
G1 X215.007 Y173.406 E89.57361
G1 X215.066 Y174.486 E89.60959
G1 X215.082 Y174.87 E89.62237
G1 X215.09 Y175.248 E89.63494
G1 X215.082 Y175.515 E89.64383
G1 X214.814 Y179.614 E89.78045
G1 X214.787 Y179.908 E89.79027
G1 X214.724 Y180.355 E89.80529
G1 X214.579 Y181.162 E89.83256
G1 X214.398 Y182.102 E89.8644
G1 X214.056 Y183.816 E89.92253
G1 X213.834 Y184.874 E89.95848
G1 X213.749 Y185.25 E89.9713
G1 X213.661 Y185.615 E89.98379
G1 X213.583 Y185.871 E89.99269
G1 X212.232 Y189.857 E90.13268
G1 X212.135 Y190.105 E90.14153
G1 X211.985 Y190.454 E90.15417
G1 X211.736 Y190.987 E90.17373
G1 X211.345 Y191.796 E90.20362
G1 X210.867 Y192.769 E90.23968
G1 X210.605 Y193.283 E90.25887
G1 X210.315 Y193.874 E90.28076
G1 X210.025 Y194.4 E90.30074
G1 X209.715 Y195.03 E90.32409
G1 X209.078 Y195.904 E90.36006
G1 X208.953 Y196.104 E90.36791
G1 X208.059 Y197.359 E90.41916
G1 X207.427 Y198.234 E90.45506
G1 X206.65 Y199.282 E90.49845
G1 X205.843 Y200.302 E90.54171
G1 X204.99 Y201.306 E90.58553
G1 X204.118 Y202.268 E90.62871
G1 X203.205 Y203.21 E90.67234
G1 X202.274 Y204.115 E90.71553
G1 X201.306 Y204.99 E90.75893
G1 X200.31 Y205.835 E90.80237
G1 X199.287 Y206.646 E90.84579
G1 X198.235 Y207.428 E90.88939
G1 X197.157 Y208.203 E90.93355
G1 X196.097 Y208.958 E90.97683
G1 X195.866 Y209.106 E90.98595
G1 X195.032 Y209.714 E91.02028
G1 X194.399 Y210.027 E91.04377
G1 X193.884 Y210.31 E91.06331
G1 X193.27 Y210.612 E91.08607
G1 X192.767 Y210.867 E91.10483
G1 X192.291 Y211.103 E91.1225
G1 X191.607 Y211.438 E91.14783
G1 X190.807 Y211.82 E91.17732
G1 X190.454 Y211.984 E91.19026
G1 X190.114 Y212.133 E91.20261
G1 X189.86 Y212.229 E91.21164
G1 X188.506 Y212.691 E91.25923
G1 X187.866 Y212.906 E91.28168
G1 X185.88 Y213.582 E91.35146
G1 X185.622 Y213.657 E91.36039
G1 X185.249 Y213.751 E91.37319
G1 X184.682 Y213.876 E91.3925
G1 X183.514 Y214.117 E91.43217
G1 X181.8 Y214.457 E91.49028
G1 X180.938 Y214.622 E91.51947
G1 X180.359 Y214.722 E91.53902
G1 X179.979 Y214.78 E91.5518
G1 X179.722 Y214.806 E91.56039
G1 X175.514 Y215.083 E91.70066
G1 X175.251 Y215.089 E91.70941
G1 X174.876 Y215.083 E91.72188
G1 X174.289 Y215.057 E91.74142
G1 X173.41 Y215.006 E91.77071
G1 X172.322 Y214.93 E91.80698
G1 X171.118 Y214.824 E91.84718
G1 X169.868 Y214.684 E91.88902
G1 X168.665 Y214.511 E91.92944
G1 X167.512 Y214.314 E91.96835
G1 X166.23 Y214.071 E92.01174
G1 X165.128 Y213.851 E92.04912
G1 X164.872 Y213.79 E92.05787
G1 X164.505 Y213.685 E92.07057
G1 X163.942 Y213.507 E92.09021
G1 X162.816 Y213.133 E92.12967
G1 X162.135 Y212.904 E92.15357
G1 X160.991 Y212.513 E92.19378
G1 X160.181 Y212.229 E92.22233
G1 X159.745 Y212.072 E92.23774
G1 X159.586 Y212.009 E92.24343
G1 X159.338 Y211.906 E92.25236
G1 X159.023 Y211.755 E92.26398
G1 X155.328 Y209.933 E92.401
G1 X154.806 Y209.628 E92.42111
G1 X154.334 Y209.325 E92.43977
G1 X153.356 Y208.678 E92.47877
G1 X151.909 Y207.71 E92.53667
G1 X151.017 Y207.099 E92.57263
G1 X150.699 Y206.876 E92.58555
G1 X150.399 Y206.655 E92.59794
G1 X150.187 Y206.481 E92.60707
G1 X147.769 Y204.363 E92.71398
G1 X147.027 Y203.712 E92.74681
G1 X146.828 Y203.522 E92.75596
G1 X146.57 Y203.256 E92.76829
G1 X146.171 Y202.82 E92.78794
G1 X145.06 Y201.567 E92.84364
G1 X144.103 Y200.471 E92.89204
G1 X143.696 Y199.997 E92.91282
G1 X143.276 Y199.499 E92.93448
G1 X143.043 Y199.209 E92.94686
G1 X142.885 Y198.987 E92.95592
G1 X140.549 Y195.495 E93.09566
G1 X140.406 Y195.26 E93.1048
G1 X140.222 Y194.929 E93.1174
G1 X139.954 Y194.413 E93.13674
G1 X139.42 Y193.347 E93.17639
G1 X139.1 Y192.702 E93.20034
G1 X138.646 Y191.78 E93.23452
G1 X138.18 Y190.807 E93.27041
G1 X138.016 Y190.454 E93.28335
G1 X137.866 Y190.112 E93.29577
G1 X137.77 Y189.857 E93.30484
G1 X137.309 Y188.506 E93.35231
G1 X137.094 Y187.866 E93.37477
G1 X136.415 Y185.871 E93.44486
G1 X136.341 Y185.615 E93.45372
G1 X136.249 Y185.249 E93.46628
G1 X136.123 Y184.679 E93.48569
G1 X135.883 Y183.514 E93.52525
G1 X135.543 Y181.8 E93.58337
G1 X135.377 Y180.934 E93.6127
G1 X135.277 Y180.355 E93.63224
G1 X135.22 Y179.979 E93.64489
G1 X135.194 Y179.722 E93.65348
G1 X134.917 Y175.514 E93.79375
G1 X134.911 Y175.255 E93.80236
G1 X134.917 Y174.876 E93.81497
G1 X134.943 Y174.289 E93.83451
G1 X135.013 Y173.101 E93.87409
G1 X135.127 Y171.354 E93.93232
G1 X135.209 Y170.28 E93.96815
G1 X135.244 Y169.897 E93.98094
G1 X135.287 Y169.512 E93.99382
G1 X135.328 Y169.259 E94.00235
G1 X135.956 Y166.095 E94.10964
G1 X136.159 Y165.095 E94.14358
G1 X136.278 Y164.554 E94.162
G1 X136.32 Y164.41 E94.16699
G1 X136.713 Y163.256 E94.20754
G1 X137.035 Y162.335 E94.23999
G1 X137.464 Y161.16 E94.28159
G1 X138.041 Y159.675 E94.33458
G1 X138.388 Y158.88 E94.36343
G1 X138.558 Y158.483 E94.37779
G1 X139.096 Y157.336 E94.41993
G1 X139.632 Y156.262 E94.45985
G1 X140.075 Y155.434 E94.49109
G1 X140.135 Y155.317 E94.49546
G1 X140.59 Y154.523 E94.5259
G1 X140.822 Y154.137 E94.54088
G1 X140.971 Y153.894 E94.55036
G1 X141.297 Y153.387 E94.57041
G1 X141.688 Y152.801 E94.59384
G1 X141.844 Y152.591 E94.60254
G1 X142.142 Y152.145 E94.62038
G1 X142.227 Y152.039 E94.6249
G1 X142.248 Y152.054 E94.62576
G1 X142.547 Y151.727 E94.64049
G1 X142.737 Y151.569 E94.64871
G1 X142.951 Y151.383 E94.65814
G1 X143.202 Y151.158 E94.66935
G1 X143.452 Y150.921 E94.68081
G1 X143.746 Y150.648 E94.69415
G1 X142.915 Y149.803 E94.73357
G1 X140.31 Y147.183 E94.85646
G1 X138.121 Y144.993 E94.95945
G1 X140.726 Y142.388 E95.08198
G1 X145.315 Y146.98 E95.2979
G1 X146.781 Y148.45 E95.36695
G1 X148.402 Y146.828 E95.44322
G1 X144.702 Y143.122 E95.6174
G1 X142.347 Y140.767 E95.72817
;TIME_ELAPSED:119.379222
;LAYER:9
;MESH:Warp_Reaction_Chamber_Lens.stl
G0 F12000 X142.347 Y140.767 Z2
;TYPE:WALL-OUTER
G1 F1708.8 X145.101 Y138.012 E95.85773
G1 X148.625 Y141.532 E96.0234
G1 X150.709 Y143.604 E96.12114
G1 X151.145 Y143.132 E96.14251
G1 X151.361 Y142.89 E96.1533
G1 X151.633 Y142.57 E96.16727
G1 X151.85 Y142.375 E96.17697
G1 X152.046 Y142.214 E96.18541
G1 X152.389 Y141.958 E96.19964
G1 X152.796 Y141.667 E96.21629
G1 X153.023 Y141.51 E96.22547
G1 X153.347 Y141.27 E96.23888
G1 X153.851 Y140.946 E96.2588
G1 X154.49 Y140.555 E96.28372
G1 X155.286 Y140.1 E96.31422
G1 X156.245 Y139.591 E96.35033
G1 X157.311 Y139.058 E96.38997
G1 X158.459 Y138.519 E96.43215
G1 X159.657 Y138 E96.47557
G1 X160.852 Y137.525 E96.51834
G1 X162.05 Y137.086 E96.56078
G1 X163.222 Y136.676 E96.60208
G1 X164.287 Y136.319 E96.63944
G1 X164.838 Y136.17 E96.65842
G1 X165.506 Y136.026 E96.68115
G1 X166.245 Y135.881 E96.7062
G1 X166.442 Y135.84 E96.71289
G1 X167.929 Y135.546 E96.7633
G1 X169.243 Y135.283 E96.80788
G1 X169.506 Y135.243 E96.81672
G1 X169.889 Y135.197 E96.82955
G1 X170.628 Y135.135 E96.85422
G1 X171.576 Y135.066 E96.88583
G1 X173.546 Y134.939 E96.95149
G1 X174.428 Y134.89 E96.98087
G1 X174.876 Y134.872 E96.99578
G1 X175.185 Y134.867 E97.00606
G1 X175.514 Y134.872 E97.01701
G1 X179.729 Y135.147 E97.1575
G1 X179.99 Y135.176 E97.16623
G1 X180.359 Y135.23 E97.17863
G1 X181.094 Y135.362 E97.20347
G1 X182.029 Y135.541 E97.23514
G1 X182.817 Y135.696 E97.26185
G1 X183.962 Y135.927 E97.3007
G1 X184.829 Y136.109 E97.33016
G1 X185.263 Y136.207 E97.34496
G1 X185.629 Y136.297 E97.3575
G1 X185.888 Y136.374 E97.36648
G1 X189.883 Y137.729 E97.50679
G1 X190.121 Y137.822 E97.51529
G1 X190.476 Y137.975 E97.52815
G1 X191.144 Y138.289 E97.5527
G1 X192.002 Y138.705 E97.58441
G1 X192.723 Y139.059 E97.61113
G1 X193.769 Y139.579 E97.64998
G1 X194.56 Y139.979 E97.67946
G1 X194.957 Y140.187 E97.69437
G1 X195.284 Y140.366 E97.70677
G1 X195.515 Y140.508 E97.71579
G1 X199.015 Y142.846 E97.85578
G1 X199.228 Y143.002 E97.86456
G1 X199.526 Y143.237 E97.87718
G1 X199.977 Y143.617 E97.8968
G1 X200.815 Y144.341 E97.93363
G1 X202.194 Y145.55 E97.99463
G1 X202.956 Y146.234 E98.02869
G1 X203.285 Y146.535 E98.04352
G1 X203.556 Y146.795 E98.05601
G1 X203.742 Y146.993 E98.06504
G1 X206.518 Y150.156 E98.20502
G1 X206.689 Y150.369 E98.2141
G1 X206.911 Y150.668 E98.22649
G1 X207.248 Y151.15 E98.24605
G1 X208.174 Y152.52 E98.30105
G1 X208.968 Y153.711 E98.34866
G1 X209.374 Y154.331 E98.37331
G1 X209.737 Y154.907 E98.39595
G1 X209.85 Y155.093 E98.40319
G1 X210.012 Y155.388 E98.41438
G1 X210.193 Y155.751 E98.42787
G1 X210.523 Y156.424 E98.4528
G1 X210.613 Y156.601 E98.45941
G1 X211.278 Y157.953 E98.50952
G1 X211.871 Y159.154 E98.55407
G1 X211.982 Y159.405 E98.5632
G1 X212.087 Y159.676 E98.57286
G1 X212.123 Y159.762 E98.57597
G1 X212.374 Y160.456 E98.60051
G1 X212.688 Y161.358 E98.63228
G1 X213.32 Y163.225 E98.69784
G1 X213.594 Y164.063 E98.72716
G1 X213.727 Y164.492 E98.7421
G1 X213.832 Y164.852 E98.75457
G1 X213.895 Y165.117 E98.76363
G1 X214.16 Y166.441 E98.80854
G1 X214.454 Y167.929 E98.85899
G1 X214.717 Y169.243 E98.90356
G1 X214.757 Y169.506 E98.91241
G1 X214.803 Y169.889 E98.92524
G1 X214.865 Y170.626 E98.94984
G1 X214.934 Y171.576 E98.98152
G1 X215.061 Y173.544 E99.04711
G1 X215.11 Y174.425 E99.07646
G1 X215.128 Y174.871 E99.0913
G1 X215.133 Y175.182 E99.10165
G1 X215.128 Y175.514 E99.11269
G1 X214.854 Y179.72 E99.25288
G1 X214.825 Y179.983 E99.26168
G1 X214.77 Y180.359 E99.27432
G1 X214.638 Y181.094 E99.29916
G1 X214.459 Y182.029 E99.33082
G1 X214.304 Y182.817 E99.35753
G1 X214.073 Y183.962 E99.39638
G1 X213.892 Y184.826 E99.42574
G1 X213.793 Y185.263 E99.44064
G1 X213.703 Y185.629 E99.45318
G1 X213.626 Y185.888 E99.46217
G1 X212.272 Y189.881 E99.6024
G1 X212.178 Y190.121 E99.61098
G1 X212.028 Y190.47 E99.62361
G1 X211.711 Y191.144 E99.64838
G1 X211.387 Y191.811 E99.67305
G1 X211.381 Y191.828 E99.67365
G1 X210.91 Y192.786 E99.70915
G1 X210.676 Y193.245 E99.72629
G1 X210.341 Y193.925 E99.7515
G1 X210.084 Y194.393 E99.76926
G1 X209.758 Y195.055 E99.7938
G1 X209.062 Y196.011 E99.83313
G1 X208.99 Y196.127 E99.83767
G1 X208.54 Y196.757 E99.86342
G1 X208.224 Y197.186 E99.88115
G1 X207.456 Y198.257 E99.92498
G1 X206.677 Y199.303 E99.96836
G1 X205.862 Y200.333 E100.01204
G1 X205.021 Y201.324 E100.05527
G1 X204.143 Y202.291 E100.09871
G1 X203.235 Y203.23 E100.14216
G1 X202.292 Y204.144 E100.18584
G1 X201.329 Y205.016 E100.22905
G1 X200.332 Y205.861 E100.27252
G1 X199.303 Y206.677 E100.3162
G1 X198.257 Y207.456 E100.35957
G1 X197.035 Y208.335 E100.40964
G1 X196.761 Y208.537 E100.42096
G1 X196.122 Y208.993 E100.44707
G1 X195.99 Y209.077 E100.45228
G1 X195.057 Y209.757 E100.49068
G1 X194.363 Y210.1 E100.51642
G1 X193.906 Y210.352 E100.53378
G1 X193.232 Y210.683 E100.55876
G1 X192.788 Y210.908 E100.57531
G1 X192.366 Y211.118 E100.59099
G1 X191.675 Y211.455 E100.61656
G1 X190.879 Y211.837 E100.64593
G1 X190.474 Y212.025 E100.66078
G1 X190.13 Y212.176 E100.67327
G1 X189.876 Y212.272 E100.6823
G1 X185.891 Y213.626 E100.82229
G1 X185.636 Y213.7 E100.83112
G1 X185.263 Y213.795 E100.84392
G1 X184.54 Y213.953 E100.86853
G1 X183.606 Y214.146 E100.90026
G1 X183.073 Y214.251 E100.91832
G1 X182.816 Y214.305 E100.92706
G1 X181.673 Y214.528 E100.96579
G1 X180.802 Y214.693 E100.99528
G1 X180.365 Y214.768 E101.01002
G1 X180.059 Y214.813 E101.02031
G1 X179.726 Y214.852 E101.03146
G1 X175.513 Y215.129 E101.17189
G1 X175.253 Y215.135 E101.18054
G1 X174.878 Y215.129 E101.19301
G1 X174.133 Y215.094 E101.21782
G1 X173.408 Y215.052 E101.24197
G1 X172.319 Y214.976 E101.27828
G1 X171.114 Y214.87 E101.31851
G1 X169.863 Y214.73 E101.36038
G1 X168.66 Y214.557 E101.40081
G1 X167.509 Y214.36 E101.43965
G1 X166.267 Y214.126 E101.48168
G1 X165.448 Y213.961 E101.50947
G1 X165.117 Y213.897 E101.52068
G1 X164.863 Y213.835 E101.52938
G1 X164.495 Y213.729 E101.54212
G1 X163.93 Y213.552 E101.56181
G1 X162.366 Y213.03 E101.61665
G1 X161.025 Y212.573 E101.66377
G1 X160.33 Y212.332 E101.68823
G1 X159.721 Y212.111 E101.70978
G1 X159.531 Y212.037 E101.71656
G1 X159.248 Y211.916 E101.7268
G1 X155.3 Y209.971 E101.87318
G1 X155.087 Y209.853 E101.88128
G1 X154.855 Y209.71 E101.89035
G1 X154.791 Y209.673 E101.8928
G1 X154.186 Y209.281 E101.91678
G1 X153.401 Y208.763 E101.94806
G1 X151.882 Y207.747 E102.00884
G1 X151.039 Y207.17 E102.04282
G1 X150.669 Y206.911 E102.05784
G1 X150.36 Y206.684 E102.0706
G1 X150.16 Y206.519 E102.07922
G1 X147.771 Y204.426 E102.18486
G1 X147.226 Y203.946 E102.20901
G1 X146.986 Y203.738 E102.21958
G1 X146.802 Y203.561 E102.22807
G1 X146.533 Y203.285 E102.24089
G1 X146.036 Y202.736 E102.26552
G1 X145.403 Y202.025 E102.29718
G1 X144.872 Y201.422 E102.3239
G1 X144.103 Y200.541 E102.3628
G1 X143.528 Y199.871 E102.39216
G1 X143.238 Y199.525 E102.40718
G1 X143.005 Y199.235 E102.41955
G1 X142.849 Y199.016 E102.4285
G1 X140.508 Y195.517 E102.56852
G1 X140.367 Y195.285 E102.57755
G1 X140.183 Y194.954 E102.59014
G1 X139.843 Y194.294 E102.61484
G1 X139.415 Y193.444 E102.64649
G1 X138.604 Y191.8 E102.70746
G1 X138.162 Y190.877 E102.7415
G1 X137.973 Y190.47 E102.75642
G1 X137.823 Y190.128 E102.76884
G1 X137.728 Y189.876 E102.7778
G1 X136.373 Y185.888 E102.91789
G1 X136.298 Y185.629 E102.92686
G1 X136.205 Y185.263 E102.93942
G1 X136.046 Y184.537 E102.96414
G1 X135.854 Y183.606 E102.99575
G1 X135.749 Y183.073 E103.01382
G1 X135.695 Y182.816 E103.02256
G1 X135.472 Y181.673 E103.06129
G1 X135.307 Y180.802 E103.09077
G1 X135.231 Y180.36 E103.10569
G1 X135.186 Y180.053 E103.11601
G1 X135.147 Y179.719 E103.1272
G1 X134.871 Y175.513 E103.26739
G1 X134.865 Y175.257 E103.27591
G1 X134.871 Y174.878 E103.28851
G1 X134.906 Y174.133 E103.31332
G1 X134.961 Y173.183 E103.34497
G1 X135.081 Y171.35 E103.40607
G1 X135.159 Y170.334 E103.43996
G1 X135.199 Y169.889 E103.45482
G1 X135.241 Y169.504 E103.4677
G1 X135.282 Y169.254 E103.47612
G1 X136.051 Y165.385 E103.60733
G1 X136.236 Y164.53 E103.63642
G1 X136.269 Y164.42 E103.64024
G1 X136.656 Y163.278 E103.68035
G1 X136.981 Y162.351 E103.71302
G1 X137.404 Y161.19 E103.75412
G1 X137.995 Y159.664 E103.80854
G1 X138.387 Y158.766 E103.84113
G1 X138.516 Y158.464 E103.85206
G1 X139.055 Y157.316 E103.89424
G1 X139.59 Y156.244 E103.93409
G1 X140.1 Y155.286 E103.97018
G1 X140.553 Y154.495 E104.0005
G1 X140.761 Y154.149 E104.01393
G1 X140.943 Y153.854 E104.02546
G1 X141.107 Y153.596 E104.03563
G1 X141.655 Y152.768 E104.06865
G1 X141.839 Y152.52 E104.07892
G1 X142.041 Y152.216 E104.09106
G1 X142.198 Y151.988 E104.10027
G1 X142.247 Y151.973 E104.10197
G1 X142.531 Y151.668 E104.11583
G1 X142.725 Y151.508 E104.1242
G1 X142.924 Y151.336 E104.13295
G1 X143.227 Y151.062 E104.14653
G1 X143.562 Y150.752 E104.16171
G1 X141.695 Y148.871 E104.24986
G1 X137.971 Y145.143 E104.42512
G1 X140.726 Y142.388 E104.55471
G1 X145.315 Y146.98 E104.77063
G1 X146.781 Y148.45 E104.83968
G1 X148.401 Y146.827 E104.91595
G1 X142.347 Y140.767 E105.20085
;TIME_ELAPSED:129.749848
;LAYER:10
;MESH:Warp_Reaction_Chamber_Lens.stl
G0 F12000 X142.347 Y140.767 Z2.2
;TYPE:WALL-OUTER
G1 F1709.9 X145.242 Y137.872 E105.33703
G1 X148.25 Y140.882 E105.47856
G1 X149.561 Y142.192 E105.5402
G1 X149.58 Y142.213 E105.54114
G1 X150.801 Y143.432 E105.59853
G1 X151.186 Y143.008 E105.61758
G1 X151.489 Y142.656 E105.63303
G1 X151.85 Y142.308 E105.6497
G1 X151.968 Y142.211 E105.65478
G1 X152.267 Y141.989 E105.66717
G1 X152.727 Y141.66 E105.68598
G1 X152.925 Y141.523 E105.69399
G1 X153.3 Y141.246 E105.70949
G1 X153.811 Y140.917 E105.72971
G1 X154.459 Y140.521 E105.75497
G1 X155.26 Y140.062 E105.78567
G1 X156.223 Y139.551 E105.82193
G1 X157.29 Y139.017 E105.86162
G1 X158.438 Y138.477 E105.90381
G1 X159.634 Y137.96 E105.94715
G1 X160.835 Y137.482 E105.99014
G1 X162.036 Y137.042 E106.03268
G1 X163.214 Y136.63 E106.07419
G1 X164.299 Y136.266 E106.11226
G1 X164.572 Y136.192 E106.12166
G1 X164.838 Y136.122 E106.13081
G1 X165.413 Y135.998 E106.15038
G1 X169.238 Y135.237 E106.28009
G1 X169.498 Y135.197 E106.28884
G1 X169.881 Y135.152 E106.30166
G1 X170.547 Y135.095 E106.3239
G1 X171.488 Y135.026 E106.35528
G1 X173.491 Y134.896 E106.42204
G1 X174.367 Y134.847 E106.45122
G1 X174.878 Y134.826 E106.46823
G1 X175.23 Y134.82 E106.47994
G1 X175.513 Y134.826 E106.48935
G1 X179.736 Y135.102 E106.63011
G1 X179.993 Y135.13 E106.63871
G1 X180.37 Y135.185 E106.65138
G1 X181.027 Y135.303 E106.67358
G1 X181.954 Y135.48 E106.70497
G1 X182.826 Y135.651 E106.73453
G1 X183.92 Y135.872 E106.77165
G1 X184.782 Y136.052 E106.80094
G1 X185.276 Y136.163 E106.81778
G1 X185.618 Y136.248 E106.8295
G1 X185.894 Y136.328 E106.83906
G1 X186.203 Y136.43 E106.84988
G1 X189.893 Y137.683 E106.97949
G1 X190.142 Y137.781 E106.98839
G1 X190.456 Y137.918 E106.99979
G1 X190.499 Y137.935 E107.00133
G1 X191.094 Y138.214 E107.02318
G1 X191.947 Y138.627 E107.0547
G1 X192.743 Y139.017 E107.08419
G1 X193.744 Y139.514 E107.12136
G1 X194.526 Y139.909 E107.1505
G1 X194.982 Y140.148 E107.16762
G1 X195.309 Y140.327 E107.18002
G1 X195.537 Y140.467 E107.18892
G1 X199.044 Y142.81 E107.3292
G1 X199.254 Y142.964 E107.33786
G1 X199.553 Y143.2 E107.35053
G1 X200.066 Y143.633 E107.37286
G1 X200.782 Y144.252 E107.40434
G1 X201.452 Y144.837 E107.43392
G1 X202.291 Y145.574 E107.47106
G1 X202.866 Y146.091 E107.49678
G1 X203.318 Y146.504 E107.51714
G1 X203.577 Y146.754 E107.52912
G1 X203.77 Y146.955 E107.53839
G1 X206.555 Y150.129 E107.67883
G1 X206.719 Y150.333 E107.68754
G1 X206.946 Y150.639 E107.70021
G1 X207.285 Y151.122 E107.71984
G1 X207.862 Y151.973 E107.75403
G1 X208.357 Y152.711 E107.78359
G1 X208.977 Y153.643 E107.82082
G1 X209.414 Y154.308 E107.84729
G1 X209.706 Y154.77 E107.86546
G1 X209.731 Y154.806 E107.86692
G1 X209.927 Y155.13 E107.87952
G1 X210.052 Y155.364 E107.88834
G1 X210.199 Y155.658 E107.89927
G1 X211.914 Y159.136 E108.02825
G1 X212.02 Y159.377 E108.03701
G1 X212.161 Y159.734 E108.04977
G1 X212.391 Y160.368 E108.0722
G1 X212.703 Y161.262 E108.1037
G1 X212.991 Y162.105 E108.13333
G1 X213.347 Y163.16 E108.17036
G1 X213.62 Y163.993 E108.19952
G1 X213.772 Y164.482 E108.21655
G1 X213.877 Y164.842 E108.22902
G1 X213.939 Y165.104 E108.23798
G1 X214.763 Y169.238 E108.37818
G1 X214.803 Y169.498 E108.38693
G1 X214.848 Y169.881 E108.39975
G1 X214.905 Y170.545 E108.42192
G1 X214.974 Y171.488 E108.45337
G1 X215.104 Y173.489 E108.52006
G1 X215.153 Y174.364 E108.54921
G1 X215.174 Y174.873 E108.56615
G1 X215.18 Y175.227 E108.57793
G1 X215.174 Y175.513 E108.58744
G1 X214.899 Y179.727 E108.7279
G1 X214.871 Y179.986 E108.73656
G1 X214.816 Y180.364 E108.74927
G1 X214.698 Y181.024 E108.77157
G1 X214.52 Y181.954 E108.80306
G1 X214.349 Y182.826 E108.83262
G1 X214.128 Y183.92 E108.86974
G1 X213.949 Y184.779 E108.89892
G1 X213.837 Y185.276 E108.91587
G1 X213.752 Y185.618 E108.92759
G1 X213.672 Y185.894 E108.93715
G1 X213.57 Y186.203 E108.94797
G1 X212.317 Y189.893 E109.07758
G1 X212.219 Y190.141 E109.08645
G1 X212.082 Y190.456 E109.09788
G1 X212.066 Y190.498 E109.09937
G1 X211.786 Y191.094 E109.12127
G1 X211.424 Y191.844 E109.14897
G1 X210.95 Y192.81 E109.18476
G1 X210.746 Y193.21 E109.1997
G1 X210.399 Y193.918 E109.22592
G1 X210.163 Y194.346 E109.24218
G1 X209.797 Y195.088 E109.26969
G1 X209.048 Y196.115 E109.31197
G1 X208.929 Y196.285 E109.31887
G1 X208.387 Y197.019 E109.34922
G1 X207.484 Y198.277 E109.40072
G1 X206.705 Y199.324 E109.44413
G1 X205.889 Y200.355 E109.48786
G1 X205.047 Y201.347 E109.53114
G1 X204.168 Y202.315 E109.57463
G1 X203.259 Y203.254 E109.6181
G1 X202.316 Y204.169 E109.6618
G1 X201.352 Y205.042 E109.70505
G1 X200.354 Y205.888 E109.74857
G1 X199.324 Y206.705 E109.7923
G1 X198.277 Y207.484 E109.8357
G1 X197.019 Y208.387 E109.8872
G1 X196.29 Y208.925 E109.91734
G1 X196.111 Y209.051 E109.92462
G1 X195.082 Y209.8 E109.96695
G1 X194.329 Y210.174 E109.99492
G1 X194.043 Y210.329 E110.00573
G1 X193.928 Y210.394 E110.01013
G1 X193.194 Y210.754 E110.03732
G1 X192.808 Y210.95 E110.05172
G1 X192.439 Y211.134 E110.06543
G1 X191.824 Y211.433 E110.08818
G1 X191.744 Y211.474 E110.09117
G1 X190.882 Y211.885 E110.12293
G1 X190.485 Y212.07 E110.1375
G1 X190.145 Y212.219 E110.14984
G1 X189.894 Y212.315 E110.15878
G1 X188.802 Y212.685 E110.19713
G1 X188.687 Y212.726 E110.20119
G1 X187.897 Y212.992 E110.22892
G1 X185.894 Y213.673 E110.29928
G1 X185.65 Y213.744 E110.30773
G1 X185.276 Y213.839 E110.32057
G1 X184.625 Y213.982 E110.34274
G1 X183.697 Y214.174 E110.37425
G1 X182.827 Y214.349 E110.40377
G1 X181.733 Y214.563 E110.44085
G1 X180.871 Y214.727 E110.47003
G1 X180.367 Y214.813 E110.48704
G1 X179.985 Y214.872 E110.49989
G1 X179.735 Y214.897 E110.50825
G1 X175.512 Y215.175 E110.64901
G1 X175.256 Y215.181 E110.65753
G1 X174.88 Y215.175 E110.67004
G1 X174.208 Y215.144 E110.69241
G1 X173.254 Y215.089 E110.72419
G1 X172.319 Y215.022 E110.75537
G1 X171.11 Y214.916 E110.79574
G1 X169.858 Y214.776 E110.83764
G1 X168.655 Y214.603 E110.87806
G1 X167.503 Y214.405 E110.91694
G1 X166.307 Y214.18 E110.95742
G1 X165.101 Y213.94 E110.99831
G1 X164.853 Y213.88 E111.0068
G1 X164.485 Y213.774 E111.01954
G1 X163.842 Y213.571 E111.04196
G1 X162.105 Y212.991 E111.10287
G1 X161.058 Y212.634 E111.13966
G1 X160.311 Y212.375 E111.16596
G1 X159.77 Y212.18 E111.18509
G1 X159.474 Y212.064 E111.19566
G1 X159.233 Y211.96 E111.20439
G1 X155.272 Y210.008 E111.35126
G1 X155.072 Y209.898 E111.35886
G1 X154.765 Y209.71 E111.37083
G1 X154.225 Y209.361 E111.39221
G1 X153.445 Y208.848 E111.42327
G1 X152.708 Y208.357 E111.45272
G1 X151.967 Y207.858 E111.48243
G1 X151.122 Y207.285 E111.51639
G1 X150.64 Y206.946 E111.53599
G1 X150.332 Y206.719 E111.54872
G1 X150.131 Y206.556 E111.55732
G1 X146.954 Y203.771 E111.69784
G1 X146.767 Y203.592 E111.70645
G1 X146.507 Y203.323 E111.7189
G1 X146.053 Y202.824 E111.74133
G1 X145.424 Y202.119 E111.77276
G1 X144.836 Y201.452 E111.80233
G1 X144.101 Y200.611 E111.83948
G1 X143.531 Y199.946 E111.86861
G1 X143.205 Y199.557 E111.88549
G1 X142.981 Y199.275 E111.89747
G1 X142.811 Y199.043 E111.90704
G1 X140.468 Y195.539 E112.04723
G1 X140.329 Y195.31 E112.05614
G1 X140.145 Y194.978 E112.06877
G1 X139.837 Y194.384 E112.09102
G1 X139.411 Y193.54 E112.12247
G1 X138.525 Y191.742 E112.18914
G1 X138.113 Y190.881 E112.22088
G1 X137.932 Y190.489 E112.23524
G1 X137.78 Y190.142 E112.24784
G1 X137.685 Y189.894 E112.25668
G1 X137.315 Y188.802 E112.29503
G1 X137.274 Y188.687 E112.29909
G1 X137.008 Y187.897 E112.32681
G1 X136.327 Y185.894 E112.39718
G1 X136.254 Y185.643 E112.40587
G1 X136.161 Y185.276 E112.41846
G1 X136.018 Y184.625 E112.44063
G1 X135.826 Y183.697 E112.47215
G1 X135.651 Y182.827 E112.50167
G1 X135.437 Y181.733 E112.53874
G1 X135.272 Y180.867 E112.56806
G1 X135.187 Y180.367 E112.58493
G1 X135.128 Y179.985 E112.59779
G1 X135.103 Y179.735 E112.60615
G1 X134.825 Y175.512 E112.74691
G1 X134.819 Y175.26 E112.75529
G1 X134.825 Y174.88 E112.76793
G1 X134.856 Y174.207 E112.79034
G1 X134.91 Y173.264 E112.82175
G1 X134.967 Y172.377 E112.85132
G1 X135.041 Y171.261 E112.88852
G1 X135.108 Y170.389 E112.91761
G1 X135.153 Y169.881 E112.93457
G1 X135.196 Y169.495 E112.94749
G1 X135.236 Y169.248 E112.95581
G1 X136.009 Y165.36 E113.08765
G1 X136.065 Y165.107 E113.09627
G1 X136.118 Y164.849 E113.10503
G1 X136.192 Y164.517 E113.11635
G1 X136.329 Y164.1 E113.13094
G1 X136.643 Y163.178 E113.16334
G1 X136.926 Y162.366 E113.19194
G1 X137.069 Y161.97 E113.20594
G1 X137.393 Y161.088 E113.2372
G1 X137.958 Y159.634 E113.28908
G1 X138.385 Y158.656 E113.32457
G1 X138.571 Y158.241 E113.3397
G1 X139.014 Y157.296 E113.37441
G1 X139.55 Y156.222 E113.41433
G1 X140.059 Y155.265 E113.45039
G1 X140.258 Y154.915 E113.46378
G1 X140.519 Y154.464 E113.48111
G1 X140.701 Y154.161 E113.49287
G1 X140.914 Y153.815 E113.50638
G1 X141.057 Y153.589 E113.51527
G1 X141.621 Y152.735 E113.54931
G1 X141.833 Y152.449 E113.56115
G1 X142.158 Y151.964 E113.58057
G1 X142.238 Y151.892 E113.58415
G1 X142.614 Y151.528 E113.60156
G1 X142.813 Y151.362 E113.61018
G1 X143.091 Y151.114 E113.62257
G1 X143.388 Y150.843 E113.63594
G1 X142.737 Y150.188 E113.66666
G1 X142.716 Y150.169 E113.6676
G1 X137.832 Y145.282 E113.8974
G1 X140.726 Y142.388 E114.03352
G1 X146.781 Y148.45 E114.3185
G1 X148.402 Y146.828 E114.39477
G1 X142.347 Y140.767 E114.67972
;MESH:NONMESH
G0 F300 X142.347 Y140.767 Z2.4
G0 F12000 X142.347 Y140.766
;TIME_ELAPSED:140.186466
;LAYER:11
;TYPE:WALL-OUTER
;MESH:Warp_Reaction_Chamber_Lens.stl
G1 F1710.9 X145.368 Y137.746 E114.82179
G1 X150.886 Y143.264 E115.08134
G1 X151.251 Y142.85 E115.0997
G1 X151.508 Y142.546 E115.11294
G1 X151.724 Y142.348 E115.12268
G1 X151.9 Y142.203 E115.13027
G1 X152.19 Y141.989 E115.14226
G1 X152.654 Y141.655 E115.16127
G1 X152.828 Y141.536 E115.16828
G1 X153.253 Y141.222 E115.18586
G1 X153.447 Y141.096 E115.19355
G1 X153.776 Y140.886 E115.20653
G1 X154.428 Y140.486 E115.23197
G1 X155.234 Y140.024 E115.26287
G1 X156.2 Y139.511 E115.29925
G1 X157.269 Y138.976 E115.33901
G1 X158.419 Y138.435 E115.38128
G1 X159.616 Y137.917 E115.42466
G1 X160.932 Y137.397 E115.47173
G1 X162.022 Y136.999 E115.51032
G1 X163.205 Y136.584 E115.55202
G1 X164.052 Y136.301 E115.58172
G1 X164.302 Y136.226 E115.5904
G1 X165.489 Y135.937 E115.63103
G1 X169.092 Y135.22 E115.75322
G1 X169.411 Y135.166 E115.76398
G1 X170.255 Y135.075 E115.79222
G1 X170.468 Y135.055 E115.79933
G1 X171.401 Y134.986 E115.83045
G1 X173.436 Y134.853 E115.89828
G1 X174.306 Y134.804 E115.92726
G1 X174.662 Y134.79 E115.93911
G1 X174.95 Y134.783 E115.94869
G1 X175.932 Y134.808 E115.98136
G1 X179.595 Y135.047 E116.10345
G1 X179.909 Y135.076 E116.11394
G1 X180.751 Y135.207 E116.14228
G1 X180.957 Y135.244 E116.14924
G1 X181.881 Y135.418 E116.18052
G1 X182.836 Y135.606 E116.21289
G1 X183.878 Y135.816 E116.24824
G1 X184.71 Y135.989 E116.27651
G1 X185.264 Y136.112 E116.29538
G1 X186.311 Y136.419 E116.33167
G1 X189.774 Y137.596 E116.45332
G1 X190.083 Y137.709 E116.46427
G1 X190.854 Y138.05 E116.49231
G1 X191.044 Y138.139 E116.49928
G1 X191.89 Y138.548 E116.53054
G1 X192.765 Y138.977 E116.56295
G1 X193.719 Y139.449 E116.59835
G1 X194.496 Y139.842 E116.62731
G1 X194.977 Y140.093 E116.64536
G1 X195.911 Y140.663 E116.68175
G1 X198.951 Y142.693 E116.80333
G1 X199.213 Y142.879 E116.81402
G1 X199.877 Y143.413 E116.84236
G1 X200.037 Y143.548 E116.84932
G1 X200.749 Y144.162 E116.88059
G1 X201.483 Y144.802 E116.91298
G1 X202.28 Y145.504 E116.94831
G1 X202.912 Y146.071 E116.97655
G1 X203.34 Y146.461 E116.99581
G1 X204.085 Y147.245 E117.03178
G1 X204.562 Y147.785 E117.05574
G1 X204.595 Y147.826 E117.05749
G1 X206.496 Y149.994 E117.15339
G1 X206.71 Y150.251 E117.16452
G1 X207.202 Y150.925 E117.19227
G1 X207.327 Y151.102 E117.19948
G1 X207.853 Y151.876 E117.23061
G1 X208.396 Y152.685 E117.26301
G1 X208.987 Y153.572 E117.29846
G1 X209.454 Y154.285 E117.32681
G1 X209.763 Y154.775 E117.34608
G1 X210.274 Y155.708 E117.38146
G1 X211.894 Y158.996 E117.50337
G1 X212.025 Y159.276 E117.51365
G1 X212.332 Y160.071 E117.542
G1 X212.409 Y160.279 E117.54938
G1 X212.719 Y161.167 E117.58066
G1 X213.034 Y162.09 E117.6131
G1 X213.374 Y163.097 E117.64845
G1 X213.647 Y163.923 E117.67738
G1 X213.811 Y164.454 E117.69587
G1 X214.066 Y165.498 E117.73161
G1 X214.78 Y169.092 E117.85348
G1 X214.834 Y169.408 E117.86415
G1 X214.925 Y170.252 E117.89238
G1 X214.945 Y170.465 E117.89949
G1 X215.014 Y171.401 E117.93071
G1 X215.147 Y173.434 E117.99847
G1 X215.196 Y174.303 E118.02742
G1 X215.21 Y174.659 E118.03927
G1 X215.217 Y174.945 E118.04879
G1 X215.192 Y175.932 E118.08163
G1 X214.953 Y179.595 E118.20372
G1 X214.924 Y179.909 E118.2142
G1 X214.794 Y180.747 E118.24241
G1 X214.756 Y180.957 E118.24951
G1 X214.582 Y181.881 E118.28078
G1 X214.394 Y182.836 E118.31315
G1 X214.184 Y183.878 E118.34851
G1 X214.011 Y184.71 E118.37677
G1 X213.889 Y185.262 E118.39557
G1 X213.58 Y186.312 E118.43198
G1 X212.404 Y189.774 E118.55359
G1 X212.291 Y190.083 E118.56453
G1 X211.95 Y190.854 E118.59257
G1 X211.861 Y191.044 E118.59955
G1 X211.476 Y191.841 E118.62899
G1 X210.991 Y192.83 E118.66562
G1 X210.817 Y193.173 E118.67842
G1 X210.435 Y193.95 E118.70721
G1 X210.243 Y194.299 E118.72046
G1 X209.918 Y194.959 E118.74493
G1 X209.746 Y195.242 E118.75595
G1 X209.158 Y196.048 E118.78913
G1 X209.033 Y196.199 E118.79565
G1 X208.488 Y196.937 E118.82616
G1 X207.512 Y198.297 E118.88184
G1 X206.732 Y199.345 E118.92529
G1 X205.916 Y200.376 E118.96902
G1 X205.073 Y201.37 E119.01237
G1 X204.193 Y202.338 E119.05588
G1 X203.284 Y203.279 E119.0994
G1 X202.339 Y204.194 E119.14315
G1 X201.375 Y205.068 E119.18643
G1 X200.375 Y205.915 E119.23001
G1 X199.345 Y206.732 E119.27374
G1 X198.297 Y207.512 E119.31719
G1 X196.938 Y208.487 E119.37282
G1 X196.151 Y209.07 E119.4054
G1 X196.052 Y209.155 E119.40974
G1 X195.195 Y209.78 E119.44502
G1 X194.8 Y209.996 E119.45999
G1 X194.293 Y210.247 E119.47881
G1 X193.95 Y210.435 E119.49182
G1 X193.156 Y210.825 E119.52124
G1 X192.829 Y210.991 E119.53344
G1 X192.511 Y211.149 E119.54525
G1 X191.838 Y211.478 E119.57016
G1 X191.025 Y211.87 E119.60018
G1 X190.526 Y212.101 E119.61847
G1 X189.512 Y212.493 E119.65463
G1 X188.775 Y212.745 E119.68053
G1 X187.035 Y213.333 E119.74162
G1 X186.978 Y213.354 E119.74364
G1 X186.044 Y213.67 E119.77644
G1 X185.732 Y213.767 E119.7873
G1 X184.918 Y213.964 E119.81516
G1 X184.71 Y214.011 E119.82225
G1 X183.789 Y214.202 E119.85354
G1 X182.836 Y214.394 E119.88587
G1 X181.791 Y214.599 E119.92129
G1 X180.937 Y214.762 E119.95021
G1 X180.398 Y214.854 E119.96839
G1 X179.324 Y214.97 E120.00432
G1 X178.539 Y215.023 E120.03049
G1 X175.66 Y215.21 E120.12645
G1 X175.337 Y215.224 E120.1372
G1 X174.496 Y215.204 E120.16518
G1 X174.282 Y215.194 E120.17231
G1 X173.34 Y215.141 E120.20369
G1 X172.316 Y215.068 E120.23783
G1 X171.106 Y214.962 E120.27823
G1 X169.854 Y214.822 E120.32013
G1 X168.65 Y214.649 E120.36059
G1 X167.497 Y214.451 E120.3995
G1 X166.347 Y214.235 E120.43842
G1 X165.235 Y214.013 E120.47613
G1 X164.917 Y213.941 E120.48698
G1 X164.104 Y213.702 E120.51516
G1 X163.904 Y213.64 E120.52213
G1 X162.09 Y213.035 E120.58573
G1 X161.167 Y212.719 E120.61818
G1 X160.294 Y212.417 E120.6489
G1 X159.81 Y212.242 E120.66602
G1 X158.75 Y211.773 E120.70457
G1 X155.446 Y210.144 E120.82709
G1 X155.198 Y210.014 E120.83641
G1 X154.26 Y209.44 E120.87298
G1 X153.49 Y208.933 E120.90364
G1 X151.803 Y207.804 E120.97116
G1 X151.083 Y207.312 E121.00016
G1 X150.636 Y207 E121.0183
G1 X149.788 Y206.315 E121.05455
G1 X147.037 Y203.904 E121.17622
G1 X146.792 Y203.677 E121.18733
G1 X146.213 Y203.069 E121.21525
G1 X146.069 Y202.913 E121.22231
G1 X145.445 Y202.213 E121.2535
G1 X144.802 Y201.483 E121.28586
G1 X144.101 Y200.681 E121.32129
G1 X143.55 Y200.038 E121.34945
G1 X143.184 Y199.604 E121.36833
G1 X142.542 Y198.723 E121.40459
G1 X140.565 Y195.768 E121.52284
G1 X140.344 Y195.422 E121.5365
G1 X139.93 Y194.661 E121.56531
G1 X139.83 Y194.473 E121.57239
G1 X139.409 Y193.636 E121.60355
G1 X138.976 Y192.764 E121.63594
G1 X138.521 Y191.837 E121.67028
G1 X138.13 Y191.025 E121.70026
G1 X137.897 Y190.521 E121.71873
G1 X137.508 Y189.513 E121.75466
G1 X137.255 Y188.775 E121.78061
G1 X136.667 Y187.035 E121.8417
G1 X136.644 Y186.973 E121.8439
G1 X136.33 Y186.044 E121.87651
G1 X136.233 Y185.731 E121.88741
G1 X136.035 Y184.915 E121.91534
G1 X135.989 Y184.71 E121.92233
G1 X135.798 Y183.789 E121.95361
G1 X135.606 Y182.836 E121.98595
G1 X135.401 Y181.791 E122.02136
G1 X135.237 Y180.933 E122.05042
G1 X135.143 Y180.378 E122.06914
G1 X135.028 Y179.315 E122.1047
G1 X134.79 Y175.66 E122.22653
G1 X134.776 Y175.332 E122.23745
G1 X134.796 Y174.496 E122.26526
G1 X134.806 Y174.282 E122.27238
G1 X134.859 Y173.346 E122.30357
G1 X134.921 Y172.374 E122.33596
G1 X134.988 Y171.391 E122.36873
G1 X134.991 Y171.307 E122.37153
G1 X135.057 Y170.443 E122.40035
G1 X135.104 Y169.903 E122.41838
G1 X135.274 Y168.823 E122.45474
G1 X135.424 Y168.059 E122.48063
G1 X135.785 Y166.256 E122.54179
G1 X135.795 Y166.195 E122.54385
G1 X135.967 Y165.335 E122.57302
G1 X136.051 Y164.947 E122.58622
G1 X136.13 Y164.672 E122.59574
G1 X136.42 Y163.689 E122.62983
G1 X136.597 Y163.171 E122.64803
G1 X136.871 Y162.384 E122.67575
G1 X137.246 Y161.352 E122.71227
G1 X137.363 Y161.036 E122.72348
G1 X137.904 Y159.651 E122.77293
G1 X137.915 Y159.617 E122.77412
G1 X138.485 Y158.314 E122.82142
G1 X138.973 Y157.275 E122.8596
G1 X139.512 Y156.194 E122.89978
G1 X139.982 Y155.315 E122.93293
G1 X140.02 Y155.24 E122.93573
G1 X140.485 Y154.433 E122.96671
G1 X140.641 Y154.171 E122.97685
G1 X140.885 Y153.776 E122.99229
G1 X141.009 Y153.581 E122.99998
G1 X141.228 Y153.244 E123.01334
G1 X141.588 Y152.703 E123.03496
G1 X141.828 Y152.378 E123.0484
G1 X142.1 Y151.97 E123.0647
G1 X142.237 Y151.813 E123.07163
G1 X142.594 Y151.473 E123.08803
G1 X142.809 Y151.294 E123.09734
G1 X143.223 Y150.928 E123.11572
G1 X137.705 Y145.409 E123.37529
G1 X140.726 Y142.388 E123.51739
G1 X145.315 Y146.98 E123.73331
G1 X146.781 Y148.45 E123.80236
G1 X148.402 Y146.828 E123.87863
G1 X144.574 Y142.993 E124.05885
G1 X142.347 Y140.766 E124.1636
;MESH:NONMESH
G0 F300 X142.347 Y140.766 Z2.6
G0 F12000 X142.347 Y140.767
;TIME_ELAPSED:150.539227
;LAYER:12
;TYPE:WALL-OUTER
;MESH:Warp_Reaction_Chamber_Lens.stl
G1 F1711 X145.485 Y137.629 E124.31121
G1 X150.961 Y143.106 E124.5688
G1 X151.378 Y142.614 E124.59026
G1 X151.571 Y142.42 E124.59936
G1 X151.836 Y142.191 E124.61101
G1 X152.077 Y142.012 E124.62099
G1 X152.585 Y141.648 E124.64178
G1 X152.731 Y141.548 E124.64766
G1 X153.206 Y141.198 E124.66729
G1 X153.737 Y140.856 E124.68829
G1 X154.397 Y140.451 E124.71405
G1 X155.208 Y139.986 E124.74514
G1 X156.173 Y139.473 E124.78149
G1 X157.254 Y138.932 E124.8217
G1 X158.424 Y138.383 E124.86468
G1 X159.598 Y137.875 E124.90723
G1 X160.823 Y137.388 E124.95107
G1 X162.008 Y136.955 E124.99304
G1 X162.414 Y136.813 E125.00734
G1 X164.257 Y136.236 E125.07157
G1 X166.575 Y135.674 E125.15091
G1 X167.205 Y135.549 E125.17227
G1 X169.401 Y135.167 E125.2464
G1 X171.676 Y134.923 E125.3225
G1 X172.372 Y134.875 E125.34571
G1 X172.579 Y134.863 E125.3526
G1 X174.65 Y134.776 E125.42155
G1 X177.045 Y134.833 E125.50123
G1 X177.694 Y134.875 E125.52286
G1 X179.898 Y135.074 E125.59646
G1 X182.169 Y135.428 E125.67291
G1 X183.019 Y135.595 E125.70172
G1 X185.081 Y136.058 E125.77201
G1 X187.379 Y136.734 E125.85168
G1 X187.983 Y136.939 E125.87289
G1 X190.094 Y137.714 E125.94769
G1 X192.16 Y138.63 E126.02286
G1 X192.949 Y139.016 E126.05207
G1 X194.802 Y139.986 E126.12163
G1 X196.861 Y141.242 E126.20185
G1 X197.392 Y141.596 E126.22308
G1 X199.223 Y142.887 E126.29759
G1 X200.988 Y144.31 E126.373
G1 X201.651 Y144.887 E126.40223
G1 X203.198 Y146.312 E126.47219
G1 X204.848 Y148.045 E126.55178
G1 X205.268 Y148.523 E126.57294
G1 X206.695 Y150.232 E126.64699
G1 X208.046 Y152.082 E126.72318
G1 X208.242 Y152.372 E126.73483
G1 X208.557 Y152.846 E126.75375
G1 X209.657 Y154.581 E126.82208
G1 X210.812 Y156.695 E126.9022
G1 X211.093 Y157.267 E126.9234
G1 X212.039 Y159.311 E126.99831
G1 X212.854 Y161.422 E127.07357
G1 X213.137 Y162.251 E127.10271
G1 X213.767 Y164.268 E127.17299
G1 X214.327 Y166.579 E127.25208
G1 X214.451 Y167.2 E127.27314
G1 X214.833 Y169.397 E127.34731
G1 X215.077 Y171.676 E127.42354
G1 X215.125 Y172.369 E127.44665
G1 X215.137 Y172.576 E127.45355
G1 X215.224 Y174.655 E127.52275
G1 X215.167 Y177.045 E127.60227
G1 X215.125 Y177.694 E127.6239
G1 X214.926 Y179.898 E127.6975
G1 X214.572 Y182.169 E127.77395
G1 X214.405 Y183.019 E127.80276
G1 X213.943 Y185.077 E127.87291
G1 X213.266 Y187.379 E127.95272
G1 X213.065 Y187.97 E127.97348
G1 X212.294 Y190.073 E128.04798
G1 X211.367 Y192.168 E128.12418
G1 X211.035 Y192.847 E128.14932
G1 X210.009 Y194.811 E128.22302
G1 X209.433 Y195.754 E128.25977
G1 X209.222 Y195.994 E128.2704
G1 X208.588 Y196.856 E128.30599
G1 X207.541 Y198.315 E128.36572
G1 X206.76 Y199.366 E128.40927
G1 X205.942 Y200.398 E128.45307
G1 X205.099 Y201.392 E128.49642
G1 X204.219 Y202.362 E128.53998
G1 X203.308 Y203.303 E128.58354
G1 X202.363 Y204.22 E128.62733
G1 X201.397 Y205.094 E128.67066
G1 X200.397 Y205.941 E128.71425
G1 X199.371 Y206.756 E128.75783
G1 X198.315 Y207.541 E128.80159
G1 X196.857 Y208.587 E128.86128
G1 X196.168 Y209.098 E128.88981
G1 X195.911 Y209.321 E128.90112
G1 X195.642 Y209.517 E128.91219
G1 X195.412 Y209.661 E128.92122
G1 X193.432 Y210.742 E128.99625
G1 X192.635 Y211.139 E129.02587
G1 X190.713 Y212.029 E129.09631
G1 X188.474 Y212.895 E129.17616
G1 X187.882 Y213.095 E129.19694
G1 X185.719 Y213.77 E129.27231
G1 X183.528 Y214.301 E129.34729
G1 X182.671 Y214.473 E129.37636
G1 X180.601 Y214.833 E129.44624
G1 X178.216 Y215.089 E129.52602
G1 X177.573 Y215.131 E129.54745
G1 X175.325 Y215.224 E129.62229
G1 X173.114 Y215.171 E129.69585
G1 X172.313 Y215.114 E129.72256
G1 X171.085 Y215.006 E129.76356
G1 X169.849 Y214.868 E129.80492
G1 X168.639 Y214.694 E129.84558
G1 X167.491 Y214.497 E129.88432
G1 X166.896 Y214.385 E129.90446
G1 X164.928 Y213.945 E129.97153
G1 X162.732 Y213.298 E130.04767
G1 X161.92 Y213.026 E130.07616
G1 X159.929 Y212.296 E130.14669
G1 X157.733 Y211.323 E130.22658
G1 X157.168 Y211.045 E130.24752
G1 X155.194 Y210.012 E130.32162
G1 X153.214 Y208.804 E130.39876
G1 X152.518 Y208.34 E130.42659
G1 X150.786 Y207.12 E130.49705
G1 X148.92 Y205.616 E130.57676
G1 X148.45 Y205.204 E130.59755
G1 X146.784 Y203.669 E130.6729
G1 X145.223 Y202.03 E130.74818
G1 X144.993 Y201.772 E130.75967
G1 X144.63 Y201.355 E130.77806
G1 X143.297 Y199.758 E130.84725
G1 X141.885 Y197.823 E130.92692
G1 X141.755 Y197.631 E130.93463
G1 X141.533 Y197.296 E130.948
G1 X140.343 Y195.42 E131.02189
G1 X139.242 Y193.402 E131.09835
G1 X138.935 Y192.784 E131.1213
G1 X138.844 Y192.596 E131.12825
G1 X137.971 Y190.713 E131.19728
G1 X137.105 Y188.474 E131.27713
G1 X136.904 Y187.877 E131.29808
G1 X136.236 Y185.741 E131.37251
G1 X135.697 Y183.52 E131.44853
G1 X135.526 Y182.666 E131.4775
G1 X135.167 Y180.601 E131.54721
G1 X134.91 Y178.208 E131.62726
G1 X134.869 Y177.573 E131.64842
G1 X134.776 Y175.32 E131.72342
G1 X134.831 Y173.065 E131.79845
G1 X134.888 Y172.159 E131.82864
G1 X135.076 Y170.092 E131.89767
G1 X135.445 Y167.726 E131.97732
G1 X135.569 Y167.103 E131.99844
G1 X136.054 Y164.936 E132.0723
G1 X136.704 Y162.725 E132.14895
G1 X136.817 Y162.399 E132.16043
G1 X137.022 Y161.83 E132.18054
G1 X137.333 Y160.983 E132.21055
G1 X137.874 Y159.601 E132.25992
G1 X137.877 Y159.59 E132.26029
G1 X138.405 Y158.376 E132.30433
G1 X138.932 Y157.254 E132.34556
G1 X139.322 Y156.476 E132.3745
G1 X139.469 Y156.176 E132.38561
G1 X140.027 Y155.134 E132.42493
G1 X140.45 Y154.401 E132.45307
G1 X140.58 Y154.185 E132.46146
G1 X140.855 Y153.737 E132.47894
G1 X141.202 Y153.198 E132.50026
G1 X141.554 Y152.67 E132.52137
G1 X141.823 Y152.307 E132.5364
G1 X142.059 Y151.95 E132.55063
G1 X142.224 Y151.724 E132.55994
G1 X142.235 Y151.733 E132.56041
G1 X142.584 Y151.41 E132.57623
G1 X142.805 Y151.225 E132.58581
G1 X143.061 Y151.002 E132.5971
G1 X137.587 Y145.526 E132.85463
G1 X140.726 Y142.388 E133.00226
G1 X146.781 Y148.45 E133.28723
G1 X148.402 Y146.828 E133.3635
G1 X142.347 Y140.767 E133.64845
;TIME_ELAPSED:160.846440
;LAYER:13
;MESH:Warp_Reaction_Chamber_Lens.stl
G0 F12000 X142.347 Y140.767 Z2.8
;TYPE:WALL-OUTER
G1 F1710.7 X145.595 Y137.518 E133.80125
G1 X151.025 Y142.951 E134.05673
G1 X151.387 Y142.517 E134.07553
G1 X151.599 Y142.322 E134.08511
G1 X151.846 Y142.126 E134.0956
G1 X151.994 Y142.014 E134.10177
G1 X152.204 Y141.866 E134.11031
G1 X152.515 Y141.642 E134.12306
G1 X152.634 Y141.561 E134.12785
G1 X153.158 Y141.174 E134.14952
G1 X153.693 Y140.829 E134.17069
G1 X154.37 Y140.415 E134.19708
G1 X155.182 Y139.949 E134.22822
G1 X156.15 Y139.434 E134.26469
G1 X156.767 Y139.125 E134.28764
G1 X156.779 Y139.134 E134.28814
G1 X159.278 Y137.975 E134.37976
G1 X161.743 Y137.022 E134.46766
G1 X164.257 Y136.236 E134.55527
G1 X166.804 Y135.619 E134.64243
G1 X169.403 Y135.167 E134.73017
G1 X172.018 Y134.886 E134.81765
G1 X174.65 Y134.776 E134.90527
G1 X177.284 Y134.839 E134.9929
G1 X179.9 Y135.074 E135.08026
G1 X182.509 Y135.482 E135.16809
G1 X185.078 Y136.057 E135.25565
G1 X187.593 Y136.797 E135.34284
G1 X190.075 Y137.706 E135.43076
G1 X192.479 Y138.77 E135.5182
G1 X194.802 Y139.986 E135.6054
G1 X197.05 Y141.357 E135.69298
G1 X199.206 Y142.873 E135.78064
G1 X201.262 Y144.531 E135.86849
G1 X203.196 Y146.31 E135.95589
G1 X205.01 Y148.213 E136.04333
G1 X206.696 Y150.233 E136.13085
G1 X208.253 Y152.366 E136.21868
G1 X209.66 Y154.586 E136.3061
G1 X210.923 Y156.901 E136.39381
G1 X212.026 Y159.28 E136.48103
G1 X212.978 Y161.744 E136.56888
G1 X213.764 Y164.257 E136.65646
G1 X214.381 Y166.802 E136.74356
G1 X214.822 Y169.341 E136.82927
G1 X214.838 Y169.445 E136.83277
G1 X215.114 Y172.012 E136.91864
G1 X215.224 Y174.655 E137.00662
G1 X215.161 Y177.284 E137.09409
G1 X214.926 Y179.9 E137.18145
G1 X214.518 Y182.509 E137.26928
G1 X213.944 Y185.074 E137.3567
G1 X213.196 Y187.615 E137.4448
G1 X212.294 Y190.075 E137.53195
G1 X211.23 Y192.479 E137.61939
G1 X210.014 Y194.803 E137.70662
G1 X209.363 Y195.87 E137.7482
G1 X209.333 Y195.895 E137.7495
G1 X208.985 Y196.373 E137.76916
G1 X208.688 Y196.775 E137.78578
G1 X207.568 Y198.338 E137.84974
G1 X206.787 Y199.387 E137.89324
G1 X205.969 Y200.42 E137.93706
G1 X205.125 Y201.415 E137.98046
G1 X204.244 Y202.385 E138.02404
G1 X203.333 Y203.328 E138.06765
G1 X202.386 Y204.245 E138.11149
G1 X201.42 Y205.12 E138.15485
G1 X200.419 Y205.968 E138.19848
G1 X199.387 Y206.787 E138.2423
G1 X198.337 Y207.567 E138.2858
G1 X196.776 Y208.687 E138.3497
G1 X196.195 Y209.118 E138.37377
G1 X195.9 Y209.329 E138.38583
G1 X195.851 Y209.383 E138.38825
G1 X195.412 Y209.661 E138.40554
G1 X193.079 Y210.932 E138.4939
G1 X190.697 Y212.035 E138.58121
G1 X188.259 Y212.977 E138.66814
G1 X185.739 Y213.765 E138.75596
G1 X183.196 Y214.381 E138.84298
G1 X180.592 Y214.834 E138.93089
G1 X177.982 Y215.114 E139.0182
G1 X175.368 Y215.223 E139.10522
G1 X172.71 Y215.161 E139.19365
G1 X170.102 Y214.926 E139.28074
G1 X167.483 Y214.517 E139.3689
G1 X164.926 Y213.944 E139.45606
G1 X162.407 Y213.203 E139.54339
G1 X159.929 Y212.296 E139.63116
G1 X157.515 Y211.227 E139.71897
G1 X155.192 Y210.011 E139.80618
G1 X152.947 Y208.641 E139.89365
G1 X150.787 Y207.122 E139.98148
G1 X148.72 Y205.452 E140.06986
G1 X146.807 Y203.693 E140.1563
G1 X144.99 Y201.787 E140.24388
G1 X143.299 Y199.76 E140.33168
G1 X141.747 Y197.634 E140.41923
G1 X140.342 Y195.418 E140.5065
G1 X139.077 Y193.1 E140.59433
G1 X137.96 Y190.685 E140.68283
G1 X137.022 Y188.256 E140.76943
G1 X136.235 Y185.739 E140.85714
G1 X135.619 Y183.196 E140.94417
G1 X135.167 Y180.601 E141.03178
G1 X134.885 Y177.975 E141.11962
G1 X134.776 Y175.341 E141.20731
G1 X134.839 Y172.713 E141.29474
G1 X135.075 Y170.095 E141.38217
G1 X135.483 Y167.485 E141.47003
G1 X136.054 Y164.936 E141.55691
G1 X136.799 Y162.4 E141.64482
G1 X137.706 Y159.924 E141.73253
G1 X138.772 Y157.516 E141.82011
G1 X138.891 Y157.233 E141.83032
G1 X139.433 Y156.148 E141.87066
G1 X139.945 Y155.188 E141.90685
G1 X140.417 Y154.369 E141.93829
G1 X140.519 Y154.197 E141.94494
G1 X140.909 Y153.567 E141.96959
G1 X141.179 Y153.151 E141.98608
G1 X141.526 Y152.629 E142.00693
G1 X141.817 Y152.236 E142.02319
G1 X142.097 Y151.816 E142.03998
G1 X142.365 Y151.517 E142.05334
G1 X142.908 Y151.069 E142.07675
G1 X140.101 Y148.26 E142.20883
G1 X139.653 Y147.814 E142.22986
G1 X137.478 Y145.636 E142.33223
G1 X140.726 Y142.388 E142.48501
G1 X146.781 Y148.45 E142.76998
G1 X148.402 Y146.828 E142.84625
G1 X144.427 Y142.847 E143.03336
G1 X142.347 Y140.767 E143.1312
;MESH:NONMESH
G0 F300 X142.347 Y140.767 Z3
G0 F12000 X142.347 Y140.766
;TIME_ELAPSED:171.310182
;LAYER:14
;TYPE:WALL-OUTER
;MESH:Warp_Reaction_Chamber_Lens.stl
G1 F1710.3 X145.697 Y137.416 E143.28878
G1 X151.07 Y142.787 E143.54146
G1 X151.543 Y142.303 E143.56397
G1 X151.701 Y142.175 E143.57073
G1 X151.911 Y142.016 E143.57949
G1 X152.213 Y141.804 E143.59176
G1 X152.446 Y141.636 E143.60132
G1 X152.537 Y141.574 E143.60498
G1 X153.111 Y141.15 E143.62871
G1 X153.655 Y140.8 E143.65023
G1 X154.34 Y140.379 E143.67697
G1 X155.156 Y139.911 E143.70826
G1 X156.128 Y139.394 E143.74488
G1 X156.739 Y139.087 E143.76762
G1 X156.794 Y139.127 E143.76988
G1 X159.285 Y137.972 E143.8612
G1 X161.75 Y137.02 E143.94909
G1 X164.257 Y136.236 E144.03646
G1 X166.804 Y135.619 E144.12362
G1 X169.405 Y135.167 E144.21143
G1 X172.018 Y134.886 E144.29884
G1 X174.65 Y134.776 E144.38645
G1 X177.284 Y134.839 E144.47409
G1 X179.902 Y135.075 E144.56152
G1 X182.509 Y135.482 E144.64927
G1 X185.07 Y136.055 E144.73656
G1 X187.593 Y136.797 E144.82403
G1 X190.077 Y137.706 E144.91201
G1 X192.479 Y138.77 E144.99938
G1 X194.802 Y139.986 E145.08659
G1 X197.05 Y141.357 E145.17417
G1 X199.208 Y142.875 E145.26192
G1 X201.262 Y144.531 E145.34968
G1 X203.2 Y146.314 E145.43727
G1 X205.01 Y148.213 E145.52452
G1 X206.698 Y150.235 E145.61213
G1 X208.253 Y152.366 E145.69987
G1 X209.663 Y154.59 E145.78745
G1 X210.923 Y156.901 E145.875
G1 X212.027 Y159.282 E145.96229
G1 X212.978 Y161.744 E146.05007
G1 X213.764 Y164.257 E146.13765
G1 X214.381 Y166.802 E146.22475
G1 X214.833 Y169.401 E146.31249
G1 X215.114 Y172.012 E146.39983
G1 X215.224 Y174.655 E146.48781
G1 X215.161 Y177.284 E146.57528
G1 X214.925 Y179.902 E146.66271
G1 X214.518 Y182.509 E146.75047
G1 X213.946 Y185.066 E146.83762
G1 X213.204 Y187.591 E146.92515
G1 X212.294 Y190.077 E147.0132
G1 X211.23 Y192.479 E147.10058
G1 X210.014 Y194.803 E147.18782
G1 X209.205 Y196.129 E147.23948
G1 X209.148 Y196.209 E147.24275
G1 X208.789 Y196.694 E147.26282
G1 X207.596 Y198.357 E147.33089
G1 X206.814 Y199.408 E147.37446
G1 X205.999 Y200.437 E147.41812
G1 X205.146 Y201.443 E147.46199
G1 X204.269 Y202.409 E147.50538
G1 X203.357 Y203.352 E147.54901
G1 X202.41 Y204.27 E147.59288
G1 X201.443 Y205.146 E147.63628
G1 X200.441 Y205.994 E147.67994
G1 X199.408 Y206.814 E147.7238
G1 X198.357 Y207.595 E147.76736
G1 X196.695 Y208.787 E147.83538
G1 X196.21 Y209.148 E147.85549
G1 X195.882 Y209.364 E147.86855
G1 X195.405 Y209.665 E147.88731
G1 X193.089 Y210.928 E147.97505
G1 X190.711 Y212.03 E148.06223
G1 X188.259 Y212.977 E148.14965
G1 X185.737 Y213.765 E148.23753
G1 X183.196 Y214.381 E148.32449
G1 X180.587 Y214.834 E148.41257
G1 X177.982 Y215.114 E148.49971
G1 X175.373 Y215.223 E148.58656
G1 X173.444 Y215.179 E148.65074
G1 X172.7 Y215.16 E148.67549
G1 X170.096 Y214.925 E148.76245
G1 X167.483 Y214.517 E148.85041
G1 X164.924 Y213.943 E148.93764
G1 X162.407 Y213.203 E149.0249
G1 X159.929 Y212.296 E149.11267
G1 X157.507 Y211.223 E149.20077
G1 X155.191 Y210.01 E149.28773
G1 X152.947 Y208.641 E149.37516
G1 X150.794 Y207.127 E149.4627
G1 X148.738 Y205.469 E149.55055
G1 X146.806 Y203.691 E149.63788
G1 X144.99 Y201.787 E149.72539
G1 X143.296 Y199.756 E149.81335
G1 X141.747 Y197.634 E149.90074
G1 X140.341 Y195.416 E149.98808
G1 X139.077 Y193.1 E150.07584
G1 X137.97 Y190.711 E150.16341
G1 X137.022 Y188.256 E150.25094
G1 X136.235 Y185.737 E150.33872
G1 X135.619 Y183.196 E150.42568
G1 X135.167 Y180.601 E150.51329
G1 X134.885 Y177.975 E150.60113
G1 X134.776 Y175.339 E150.68888
G1 X134.839 Y172.713 E150.77625
G1 X135.076 Y170.09 E150.86384
G1 X135.485 Y167.476 E150.95184
G1 X136.051 Y164.947 E151.03804
G1 X136.183 Y164.493 E151.05376
G1 X136.796 Y162.409 E151.12601
G1 X137.71 Y159.915 E151.21436
G1 X138.823 Y157.403 E151.30574
G1 X138.783 Y157.356 E151.3078
G1 X138.85 Y157.212 E151.31308
G1 X139.393 Y156.126 E151.35346
G1 X139.888 Y155.201 E151.38836
G1 X139.993 Y155.011 E151.39558
G1 X140.382 Y154.339 E151.4214
G1 X140.46 Y154.207 E151.4265
G1 X140.859 Y153.56 E151.45178
G1 X141.157 Y153.102 E151.46996
G1 X141.487 Y152.605 E151.4898
G1 X141.812 Y152.165 E151.50799
G1 X142.1 Y151.732 E151.52529
G1 X142.238 Y151.56 E151.53262
G1 X142.432 Y151.4 E151.54099
G1 X142.756 Y151.121 E151.55521
G1 X137.375 Y145.739 E151.80834
G1 X140.726 Y142.388 E151.96596
G1 X145.554 Y147.219 E152.19312
G1 X146.781 Y148.45 E152.25093
G1 X148.402 Y146.828 E152.3272
G1 X142.347 Y140.766 E152.61218
;TIME_ELAPSED:181.643027
;LAYER:15
;MESH:Warp_Reaction_Chamber_Lens.stl
G0 F12000 X142.347 Y140.766 Z3.2
;TYPE:WALL-OUTER
G1 F1709.8 X145.794 Y137.319 E152.77431
G1 X151.113 Y142.637 E153.02448
G1 X151.475 Y142.289 E153.04118
G1 X151.811 Y142.03 E153.05529
G1 X152.44 Y141.586 E153.0809
G1 X153.064 Y141.126 E153.10668
G1 X153.616 Y140.77 E153.12853
G1 X154.303 Y140.348 E153.15534
G1 X155.13 Y139.873 E153.18706
G1 X156.105 Y139.354 E153.2238
G1 X156.707 Y139.052 E153.2462
G1 X156.803 Y139.122 E153.25015
G1 X159.293 Y137.968 E153.34143
G1 X161.757 Y137.018 E153.42927
G1 X164.257 Y136.236 E153.51639
G1 X166.804 Y135.619 E153.60355
G1 X169.407 Y135.166 E153.69143
G1 X172.018 Y134.886 E153.77877
G1 X174.65 Y134.776 E153.86639
G1 X177.284 Y134.839 E153.95402
G1 X179.904 Y135.075 E154.04152
G1 X182.509 Y135.482 E154.12921
G1 X185.07 Y136.055 E154.21649
G1 X187.593 Y136.797 E154.30396
G1 X190.079 Y137.707 E154.39201
G1 X192.479 Y138.77 E154.47932
G1 X194.802 Y139.986 E154.56653
G1 X197.05 Y141.357 E154.6541
G1 X199.203 Y142.871 E154.74164
G1 X201.262 Y144.531 E154.82961
G1 X203.203 Y146.318 E154.91736
G1 X205.01 Y148.213 E155.00445
G1 X206.699 Y150.237 E155.09213
G1 X208.253 Y152.366 E155.1798
G1 X209.665 Y154.595 E155.26756
G1 X210.923 Y156.901 E155.35493
G1 X212.028 Y159.283 E155.44226
G1 X212.978 Y161.744 E155.53
G1 X213.764 Y164.257 E155.61758
G1 X214.381 Y166.802 E155.70468
G1 X214.834 Y169.403 E155.79249
G1 X215.114 Y172.012 E155.87976
G1 X215.224 Y174.655 E155.96775
G1 X215.161 Y177.284 E156.05521
G1 X214.925 Y179.904 E156.14271
G1 X214.518 Y182.509 E156.2304
G1 X213.946 Y185.066 E156.31755
G1 X213.204 Y187.591 E156.40508
G1 X212.293 Y190.079 E156.49321
G1 X211.23 Y192.479 E156.58051
G1 X210.014 Y194.803 E156.66775
G1 X209.004 Y196.457 E156.73221
G1 X207.625 Y198.375 E156.81078
G1 X206.842 Y199.429 E156.85445
G1 X206.026 Y200.459 E156.89815
G1 X205.172 Y201.466 E156.94207
G1 X204.294 Y202.433 E156.98551
G1 X203.381 Y203.376 E157.02917
G1 X202.433 Y204.296 E157.0731
G1 X201.466 Y205.172 E157.1165
G1 X200.463 Y206.021 E157.16021
G1 X199.434 Y206.838 E157.20391
G1 X198.377 Y207.623 E157.2477
G1 X196.615 Y208.887 E157.31982
G1 X196.502 Y208.97 E157.32449
G1 X195.422 Y209.656 E157.36704
G1 X193.082 Y210.931 E157.45567
G1 X190.706 Y212.032 E157.54277
G1 X188.259 Y212.977 E157.63002
G1 X185.735 Y213.766 E157.71797
G1 X183.196 Y214.381 E157.80486
G1 X180.601 Y214.833 E157.89247
G1 X177.982 Y215.114 E157.98008
G1 X175.369 Y215.223 E158.06706
G1 X175.257 Y215.222 E158.07079
G1 X172.689 Y215.159 E158.15623
G1 X170.09 Y214.924 E158.24302
G1 X167.483 Y214.517 E158.33078
G1 X164.922 Y213.943 E158.41807
G1 X162.407 Y213.203 E158.50527
G1 X159.929 Y212.296 E158.59303
G1 X157.521 Y211.23 E158.68062
G1 X155.19 Y210.009 E158.76814
G1 X152.947 Y208.641 E158.85553
G1 X150.794 Y207.127 E158.94307
G1 X148.738 Y205.469 E159.03092
G1 X146.804 Y203.69 E159.11832
G1 X144.99 Y201.787 E159.20576
G1 X143.304 Y199.767 E159.29327
G1 X141.747 Y197.634 E159.38111
G1 X140.34 Y195.415 E159.4685
G1 X139.077 Y193.1 E159.55621
G1 X137.968 Y190.706 E159.64396
G1 X137.022 Y188.256 E159.73131
G1 X136.234 Y185.735 E159.81916
G1 X135.619 Y183.196 E159.90605
G1 X135.167 Y180.601 E159.99366
G1 X134.885 Y177.975 E160.0815
G1 X134.776 Y175.336 E160.16935
G1 X134.839 Y172.713 E160.25662
G1 X135.074 Y170.104 E160.34374
G1 X135.487 Y167.467 E160.43252
G1 X136.004 Y165.154 E160.51135
G1 X136.074 Y164.864 E160.52127
G1 X136.796 Y162.409 E160.60638
G1 X137.706 Y159.925 E160.69437
G1 X138.823 Y157.402 E160.78614
G1 X138.75 Y157.317 E160.78987
G1 X138.808 Y157.193 E160.79442
G1 X139.352 Y156.104 E160.83491
G1 X139.857 Y155.162 E160.87046
G1 X139.927 Y155.035 E160.87528
G1 X140.398 Y154.221 E160.90656
G1 X140.809 Y153.553 E160.93265
G1 X141.132 Y153.056 E160.95236
G1 X141.459 Y152.564 E160.97201
G1 X141.806 Y152.094 E160.99144
G1 X142.19 Y151.518 E161.01447
G1 X142.569 Y151.21 E161.03071
G1 X142.452 Y151.009 E161.03845
G1 X140.915 Y149.475 E161.11067
G1 X140.289 Y148.846 E161.14019
G1 X137.279 Y145.836 E161.28177
G1 X140.726 Y142.388 E161.44393
G1 X145.315 Y146.98 E161.65985
G1 X146.781 Y148.45 E161.7289
G1 X148.402 Y146.828 E161.80517
G1 X142.347 Y140.766 E162.09015
;TIME_ELAPSED:192.062501
;LAYER:16
;MESH:Warp_Reaction_Chamber_Lens.stl
G0 F12000 X142.347 Y140.766 Z3.4
;TYPE:WALL-OUTER
G1 F1710 X145.882 Y137.232 E162.2564
G1 X151.139 Y142.49 E162.50369
G1 X151.504 Y142.189 E162.51943
G1 X151.86 Y141.935 E162.53398
G1 X152.008 Y141.836 E162.5399
G1 X152.343 Y141.599 E162.55355
G1 X153.041 Y141.085 E162.58238
G1 X153.577 Y140.741 E162.60356
G1 X154.272 Y140.313 E162.63071
G1 X155.104 Y139.835 E162.66262
G1 X156.148 Y139.28 E162.70195
G1 X156.65 Y139.029 E162.72062
G1 X156.76 Y139.142 E162.72586
G1 X159.276 Y137.975 E162.81811
G1 X161.763 Y137.016 E162.90676
G1 X164.257 Y136.236 E162.99367
G1 X166.804 Y135.619 E163.08084
G1 X169.41 Y135.166 E163.16881
G1 X172.018 Y134.886 E163.25605
G1 X174.65 Y134.776 E163.34367
G1 X177.284 Y134.839 E163.4313
G1 X179.907 Y135.075 E163.5189
G1 X182.509 Y135.482 E163.60649
G1 X184.618 Y135.953 E163.67837
G1 X185.097 Y136.063 E163.69471
G1 X187.593 Y136.797 E163.78124
G1 X190.081 Y137.708 E163.86937
G1 X192.479 Y138.77 E163.9566
G1 X194.802 Y139.986 E164.04381
G1 X197.05 Y141.357 E164.13138
G1 X199.211 Y142.878 E164.21928
G1 X201.262 Y144.531 E164.30689
G1 X203.207 Y146.322 E164.39483
G1 X205.01 Y148.213 E164.48173
G1 X206.7 Y150.239 E164.56948
G1 X208.253 Y152.366 E164.65708
G1 X209.656 Y154.578 E164.7442
G1 X210.923 Y156.901 E164.83221
G1 X212.028 Y159.285 E164.9196
G1 X212.978 Y161.744 E165.00728
G1 X213.764 Y164.257 E165.09486
G1 X214.381 Y166.802 E165.18196
G1 X214.834 Y169.406 E165.26987
G1 X215.114 Y172.012 E165.35704
G1 X215.224 Y174.655 E165.44502
G1 X215.161 Y177.284 E165.53249
G1 X214.925 Y179.907 E165.62008
G1 X214.518 Y182.509 E165.70768
G1 X214.047 Y184.618 E165.77955
G1 X213.939 Y185.09 E165.79566
G1 X213.204 Y187.591 E165.88236
G1 X212.292 Y190.081 E165.97056
G1 X211.23 Y192.479 E166.05779
G1 X210.014 Y194.803 E166.14502
G1 X208.792 Y196.806 E166.22306
G1 X207.651 Y198.397 E166.28818
G1 X206.869 Y199.45 E166.33181
G1 X206.053 Y200.481 E166.37554
G1 X205.203 Y201.483 E166.41924
G1 X204.319 Y202.456 E166.46297
G1 X203.406 Y203.401 E166.50667
G1 X202.457 Y204.32 E166.55061
G1 X201.489 Y205.198 E166.59407
G1 X200.485 Y206.048 E166.63783
G1 X199.455 Y206.865 E166.68155
G1 X198.397 Y207.651 E166.72539
G1 X196.976 Y208.67 E166.78355
G1 X195.422 Y209.656 E166.84476
G1 X193.099 Y210.923 E166.93277
G1 X190.724 Y212.025 E167.01985
G1 X188.259 Y212.977 E167.10774
G1 X185.733 Y213.766 E167.19576
G1 X183.196 Y214.381 E167.28258
G1 X180.601 Y214.833 E167.37019
G1 X177.982 Y215.114 E167.4578
G1 X175.369 Y215.223 E167.54479
G1 X172.716 Y215.161 E167.63305
G1 X170.104 Y214.926 E167.72028
G1 X167.484 Y214.517 E167.80847
G1 X164.92 Y213.942 E167.89587
G1 X162.407 Y213.203 E167.98299
G1 X159.929 Y212.296 E168.07076
G1 X157.521 Y211.23 E168.15834
G1 X155.189 Y210.009 E168.2459
G1 X152.947 Y208.641 E168.33325
G1 X150.794 Y207.127 E168.42079
G1 X148.738 Y205.469 E168.50864
G1 X146.803 Y203.688 E168.59611
G1 X144.99 Y201.786 E168.68351
G1 X143.304 Y199.767 E168.77099
G1 X141.747 Y197.634 E168.85883
G1 X140.339 Y195.413 E168.94629
G1 X139.077 Y193.1 E169.03393
G1 X137.966 Y190.701 E169.12186
G1 X137.022 Y188.256 E169.20903
G1 X136.234 Y185.733 E169.29694
G1 X135.619 Y183.196 E169.38377
G1 X135.167 Y180.601 E169.47138
G1 X134.885 Y177.975 E169.55922
G1 X134.776 Y175.334 E169.64714
G1 X134.839 Y172.713 E169.73434
G1 X135.074 Y170.104 E169.82146
G1 X135.482 Y167.491 E169.90943
G1 X136.054 Y164.935 E169.99654
G1 X136.121 Y164.702 E170.0046
G1 X136.796 Y162.409 E170.08411
G1 X137.706 Y159.925 E170.17209
G1 X138.823 Y157.403 E170.26383
G1 X138.717 Y157.279 E170.26926
G1 X138.767 Y157.172 E170.27319
G1 X139.335 Y156.041 E170.31528
G1 X139.861 Y155.059 E170.35234
G1 X140.338 Y154.233 E170.38406
G1 X140.76 Y153.547 E170.41085
G1 X141.109 Y153.007 E170.43223
G1 X141.42 Y152.54 E170.45089
G1 X141.801 Y152.023 E170.47226
G1 X142.192 Y151.436 E170.49571
G1 X142.478 Y151.215 E170.50773
G1 X142.018 Y150.751 E170.52947
G1 X141.863 Y150.598 E170.53671
G1 X137.191 Y145.923 E170.75654
G1 X140.726 Y142.388 E170.92281
G1 X145.381 Y147.046 E171.14184
G1 X146.781 Y148.45 E171.20779
G1 X148.402 Y146.828 E171.28406
G1 X142.347 Y140.766 E171.56903
;TIME_ELAPSED:202.492623
;LAYER:17
;MESH:Warp_Reaction_Chamber_Lens.stl
G0 F12000 X142.347 Y140.766 Z3.6
;TYPE:WALL-OUTER
G1 F1709.2 X145.96 Y137.154 E171.73895
G1 X151.153 Y142.347 E171.98321
G1 X152.244 Y141.613 E172.02695
G1 X152.97 Y141.077 E172.05696
G1 X153.537 Y140.712 E172.07939
G1 X154.241 Y140.279 E172.10688
G1 X155.107 Y139.782 E172.14009
G1 X156.067 Y139.271 E172.17626
G1 X156.617 Y138.995 E172.19673
G1 X156.759 Y139.142 E172.20353
G1 X159.276 Y137.975 E172.2958
G1 X161.741 Y137.023 E172.38369
G1 X164.257 Y136.236 E172.47137
G1 X166.804 Y135.619 E172.55854
G1 X169.399 Y135.167 E172.64615
G1 X172.018 Y134.886 E172.73375
G1 X174.65 Y134.776 E172.82137
G1 X177.284 Y134.839 E172.909
G1 X179.909 Y135.076 E172.99667
G1 X182.509 Y135.482 E173.08419
G1 X185.07 Y136.055 E173.17148
G1 X187.593 Y136.797 E173.25894
G1 X190.083 Y137.709 E173.34714
G1 X192.479 Y138.77 E173.4343
G1 X194.802 Y139.986 E173.52151
G1 X197.05 Y141.357 E173.60908
G1 X199.213 Y142.879 E173.69705
G1 X201.262 Y144.531 E173.78459
G1 X203.22 Y146.335 E173.87314
G1 X205.01 Y148.213 E173.95943
G1 X206.701 Y150.24 E174.04723
G1 X208.253 Y152.366 E174.13478
G1 X209.656 Y154.578 E174.2219
G1 X210.923 Y156.901 E174.30991
G1 X212.029 Y159.287 E174.39738
G1 X212.978 Y161.744 E174.48498
G1 X213.764 Y164.257 E174.57256
G1 X214.381 Y166.802 E174.65966
G1 X214.834 Y169.408 E174.74763
G1 X215.114 Y172.012 E174.83474
G1 X215.224 Y174.655 E174.92272
G1 X215.161 Y177.284 E175.01019
G1 X214.924 Y179.909 E175.09785
G1 X214.518 Y182.509 E175.18538
G1 X213.946 Y185.066 E175.27253
G1 X213.204 Y187.591 E175.36006
G1 X212.291 Y190.083 E175.44833
G1 X211.23 Y192.479 E175.53549
G1 X210.014 Y194.803 E175.62272
G1 X208.641 Y197.053 E175.71039
G1 X207.829 Y198.208 E175.75735
G1 X207.68 Y198.416 E175.76586
G1 X206.896 Y199.471 E175.80958
G1 X206.075 Y200.508 E175.85357
G1 X205.228 Y201.506 E175.89711
G1 X204.337 Y202.488 E175.94121
G1 X203.43 Y203.425 E175.98458
G1 X202.481 Y204.345 E176.02854
G1 X201.51 Y205.224 E176.07211
G1 X200.498 Y206.081 E176.11621
G1 X199.476 Y206.892 E176.15961
G1 X198.416 Y207.679 E176.20352
G1 X197.479 Y208.351 E176.24187
G1 X195.422 Y209.656 E176.32289
G1 X193.099 Y210.923 E176.4109
G1 X190.696 Y212.036 E176.49898
G1 X188.259 Y212.977 E176.58587
G1 X185.73 Y213.767 E176.67399
G1 X183.196 Y214.381 E176.76071
G1 X180.601 Y214.833 E176.84832
G1 X177.982 Y215.114 E176.93593
G1 X175.368 Y215.223 E177.02295
G1 X175.207 Y215.221 E177.0283
G1 X172.716 Y215.161 E177.11118
G1 X170.104 Y214.926 E177.1984
G1 X167.484 Y214.517 E177.2866
G1 X164.918 Y213.942 E177.37406
G1 X162.407 Y213.203 E177.46112
G1 X159.929 Y212.296 E177.54889
G1 X157.521 Y211.23 E177.63647
G1 X155.188 Y210.008 E177.72407
G1 X152.947 Y208.641 E177.81138
G1 X150.794 Y207.127 E177.89892
G1 X148.738 Y205.469 E177.98677
G1 X146.801 Y203.687 E178.07431
G1 X144.99 Y201.786 E178.16164
G1 X143.286 Y199.743 E178.25012
G1 X141.747 Y197.634 E178.33696
G1 X140.338 Y195.411 E178.42449
G1 X139.077 Y193.1 E178.51206
G1 X137.964 Y190.696 E178.60017
G1 X137.022 Y188.256 E178.68716
G1 X136.233 Y185.73 E178.77518
G1 X135.619 Y183.196 E178.8619
G1 X135.167 Y180.601 E178.94951
G1 X134.885 Y177.975 E179.03735
G1 X134.776 Y175.332 E179.12533
G1 X134.839 Y172.713 E179.21247
G1 X135.074 Y170.104 E179.29959
G1 X135.482 Y167.491 E179.38755
G1 X136.051 Y164.946 E179.47429
G1 X136.796 Y162.409 E179.56224
G1 X137.706 Y159.925 E179.65022
G1 X138.823 Y157.403 E179.74196
G1 X138.684 Y157.24 E179.74909
G1 X138.726 Y157.151 E179.75236
G1 X139.272 Y156.062 E179.79288
G1 X139.795 Y155.084 E179.82977
G1 X140.277 Y154.245 E179.86195
G1 X140.71 Y153.54 E179.88947
G1 X141.084 Y152.962 E179.91237
G1 X141.392 Y152.499 E179.93086
G1 X141.796 Y151.952 E179.95348
G1 X142.29 Y151.209 E179.98315
G1 X142.141 Y151.029 E179.99093
G1 X137.114 Y146.001 E180.2274
G1 X140.726 Y142.388 E180.39733
G1 X145.335 Y147 E180.61419
G1 X146.781 Y148.45 E180.6823
G1 X148.402 Y146.828 E180.75857
G1 X142.347 Y140.766 E181.04354
;TIME_ELAPSED:212.920356
;LAYER:18
;MESH:Warp_Reaction_Chamber_Lens.stl
G0 F12000 X142.347 Y140.766 Z3.8
;TYPE:WALL-OUTER
G1 F1709.6 X146.033 Y137.081 E181.2169
G1 X151.235 Y142.285 E181.46163
G1 X152.254 Y141.605 E181.50238
G1 X152.967 Y141.077 E181.53189
G1 X153.536 Y140.709 E181.55442
G1 X154.244 Y140.276 E181.58203
G1 X155.084 Y139.792 E181.61427
G1 X156.058 Y139.272 E181.65099
G1 X156.615 Y138.993 E181.67171
G1 X156.759 Y139.142 E181.67861
G1 X159.276 Y137.975 E181.77088
G1 X161.741 Y137.023 E181.85877
G1 X164.257 Y136.236 E181.94645
G1 X166.804 Y135.619 E182.03361
G1 X169.414 Y135.166 E182.12172
G1 X172.018 Y134.886 E182.20883
G1 X174.65 Y134.776 E182.29645
G1 X177.284 Y134.839 E182.38408
G1 X179.911 Y135.076 E182.47181
G1 X182.509 Y135.482 E182.55927
G1 X185.07 Y136.055 E182.64655
G1 X187.593 Y136.797 E182.73402
G1 X190.071 Y137.704 E182.82179
G1 X192.479 Y138.77 E182.90937
G1 X194.802 Y139.986 E182.99658
G1 X197.05 Y141.357 E183.08416
G1 X199.215 Y142.88 E183.1722
G1 X201.262 Y144.531 E183.25967
G1 X203.19 Y146.304 E183.34679
G1 X205.01 Y148.213 E183.43451
G1 X206.703 Y150.242 E183.5224
G1 X208.253 Y152.366 E183.60986
G1 X209.656 Y154.578 E183.69698
G1 X210.923 Y156.901 E183.78499
G1 X212.03 Y159.289 E183.87253
G1 X212.978 Y161.744 E183.96006
G1 X213.764 Y164.257 E184.04764
G1 X214.381 Y166.802 E184.13474
G1 X214.834 Y169.41 E184.22278
G1 X215.114 Y172.012 E184.30982
G1 X215.224 Y174.655 E184.39781
G1 X215.161 Y177.284 E184.48527
G1 X214.924 Y179.911 E184.573
G1 X214.518 Y182.509 E184.66046
G1 X213.946 Y185.066 E184.74761
G1 X213.204 Y187.591 E184.83514
G1 X212.29 Y190.085 E184.92349
G1 X211.23 Y192.479 E185.01057
G1 X210.014 Y194.803 E185.09781
G1 X208.634 Y197.062 E185.18585
G1 X207.709 Y198.379 E185.23938
G1 X207.103 Y199.236 E185.27429
G1 X205.516 Y201.204 E185.35838
G1 X205.392 Y201.346 E185.36465
G1 X203.74 Y203.143 E185.44583
G1 X203.61 Y203.272 E185.45192
G1 X201.831 Y204.967 E185.53365
G1 X201.7 Y205.082 E185.53945
G1 X199.813 Y206.657 E185.6212
G1 X199.736 Y206.719 E185.62449
G1 X197.612 Y208.267 E185.7119
G1 X195.422 Y209.656 E185.79816
G1 X193.099 Y210.923 E185.88617
G1 X190.724 Y212.025 E185.97325
G1 X188.259 Y212.977 E186.06114
G1 X185.728 Y213.767 E186.14932
G1 X183.196 Y214.381 E186.23598
G1 X180.601 Y214.833 E186.32359
G1 X177.982 Y215.114 E186.4112
G1 X175.368 Y215.223 E186.49821
G1 X172.716 Y215.161 E186.58644
G1 X170.104 Y214.926 E186.67367
G1 X167.484 Y214.517 E186.76187
G1 X164.916 Y213.941 E186.8494
G1 X162.407 Y213.203 E186.93639
G1 X159.929 Y212.296 E187.02415
G1 X157.522 Y211.23 E187.11171
G1 X155.187 Y210.007 E187.19938
G1 X152.947 Y208.641 E187.28664
G1 X150.794 Y207.127 E187.37418
G1 X148.738 Y205.469 E187.46203
G1 X146.81 Y203.696 E187.54915
G1 X144.99 Y201.787 E187.63688
G1 X143.304 Y199.767 E187.72439
G1 X141.747 Y197.634 E187.81222
G1 X140.337 Y195.409 E187.89983
G1 X139.077 Y193.1 E187.98732
G1 X137.975 Y190.724 E188.07444
G1 X137.022 Y188.256 E188.16243
G1 X136.236 Y185.743 E188.25
G1 X135.619 Y183.196 E188.33717
G1 X135.167 Y180.601 E188.42478
G1 X134.885 Y177.975 E188.51262
G1 X134.776 Y175.33 E188.60067
G1 X134.839 Y172.713 E188.68774
G1 X135.074 Y170.104 E188.77486
G1 X135.482 Y167.491 E188.86282
G1 X136.051 Y164.946 E188.94956
G1 X136.796 Y162.409 E189.0375
G1 X137.706 Y159.925 E189.12549
G1 X138.823 Y157.403 E189.21723
G1 X138.681 Y157.237 E189.2245
G1 X139.268 Y156.063 E189.26816
G1 X139.784 Y155.096 E189.30461
G1 X140.259 Y154.269 E189.33633
G1 X140.684 Y153.575 E189.3634
G1 X141.046 Y153.013 E189.38563
G1 X141.375 Y152.521 E189.40532
G1 X141.53 Y152.311 E189.414
G1 X141.587 Y152.229 E189.41732
G1 X141.824 Y151.904 E189.4307
G1 X142.244 Y151.277 E189.4558
G1 X141.203 Y150.239 E189.50469
G1 X137.039 Y146.074 E189.70058
G1 X140.726 Y142.388 E189.87398
G1 X145.421 Y147.086 E190.09489
G1 X146.781 Y148.45 E190.15895
G1 X148.402 Y146.828 E190.23523
G1 X144.08 Y142.499 E190.43868
G1 X142.347 Y140.766 E190.5202
;TIME_ELAPSED:223.350253
;LAYER:19
;MESH:Warp_Reaction_Chamber_Lens.stl
G0 F12000 X142.347 Y140.766 Z4
;TYPE:WALL-OUTER
G1 F1709.7 X146.101 Y137.013 E190.69675
G1 X147.504 Y138.418 E190.76279
G1 X148.266 Y139.177 E190.79856
G1 X148.388 Y139.301 E190.80435
G1 X149.063 Y139.974 E190.83605
G1 X150.345 Y141.258 E190.8964
G1 X151.318 Y142.229 E190.94212
G1 X152.27 Y141.594 E190.98018
G1 X152.978 Y141.069 E191.0095
G1 X153.538 Y140.708 E191.03166
G1 X154.244 Y140.276 E191.05919
G1 X155.084 Y139.792 E191.09143
G1 X156.058 Y139.272 E191.12815
G1 X156.615 Y138.993 E191.14887
G1 X156.759 Y139.142 E191.15577
G1 X159.276 Y137.975 E191.24804
G1 X161.741 Y137.023 E191.33593
G1 X164.257 Y136.236 E191.42361
G1 X166.804 Y135.619 E191.51077
G1 X169.416 Y135.165 E191.59895
G1 X172.018 Y134.886 E191.68599
G1 X174.65 Y134.776 E191.77361
G1 X177.284 Y134.839 E191.86124
G1 X179.913 Y135.076 E191.94904
G1 X182.509 Y135.482 E192.03643
G1 X185.07 Y136.055 E192.12371
G1 X187.593 Y136.797 E192.21118
G1 X190.071 Y137.704 E192.29895
G1 X192.479 Y138.77 E192.38654
G1 X194.802 Y139.986 E192.47375
G1 X197.05 Y141.357 E192.56132
G1 X199.216 Y142.882 E192.64943
G1 X201.262 Y144.531 E192.73683
G1 X203.19 Y146.304 E192.82395
G1 X205.01 Y148.213 E192.91167
G1 X206.704 Y150.244 E192.99964
G1 X208.253 Y152.366 E193.08702
G1 X209.656 Y154.578 E193.17414
G1 X210.923 Y156.901 E193.26215
G1 X212.031 Y159.291 E193.34977
G1 X212.978 Y161.744 E193.43722
G1 X213.764 Y164.257 E193.5248
G1 X214.381 Y166.802 E193.6119
G1 X214.833 Y169.395 E193.69944
G1 X215.114 Y172.012 E193.78698
G1 X215.224 Y174.655 E193.87497
G1 X215.161 Y177.284 E193.96243
G1 X214.924 Y179.913 E194.05023
G1 X214.518 Y182.509 E194.13762
G1 X213.946 Y185.066 E194.22477
G1 X213.204 Y187.591 E194.3123
G1 X212.289 Y190.087 E194.40072
G1 X211.23 Y192.479 E194.48773
G1 X210.014 Y194.803 E194.57497
G1 X208.643 Y197.05 E194.66252
G1 X207.122 Y199.212 E194.75044
G1 X205.462 Y201.27 E194.83838
G1 X203.688 Y203.198 E194.92552
G1 X201.779 Y205.017 E195.01322
G1 X199.77 Y206.694 E195.10026
G1 X197.618 Y208.263 E195.18884
G1 X195.422 Y209.656 E195.27533
G1 X193.099 Y210.923 E195.36334
G1 X190.724 Y212.025 E195.45043
G1 X188.259 Y212.977 E195.53831
G1 X185.726 Y213.768 E195.62657
G1 X183.196 Y214.381 E195.71316
G1 X180.601 Y214.833 E195.80077
G1 X177.982 Y215.114 E195.88837
G1 X175.37 Y215.223 E195.97533
G1 X172.716 Y215.161 E196.06362
G1 X170.104 Y214.926 E196.15085
G1 X167.484 Y214.517 E196.23905
G1 X164.93 Y213.945 E196.3261
G1 X162.407 Y213.203 E196.41356
G1 X159.929 Y212.296 E196.50133
G1 X157.521 Y211.23 E196.58892
G1 X155.186 Y210.007 E196.67659
G1 X152.947 Y208.641 E196.76382
G1 X150.794 Y207.127 E196.85137
G1 X148.738 Y205.469 E196.93921
G1 X146.798 Y203.684 E197.02689
G1 X144.99 Y201.787 E197.11406
G1 X143.304 Y199.767 E197.20157
G1 X141.747 Y197.634 E197.2894
G1 X140.336 Y195.407 E197.37709
G1 X139.077 Y193.1 E197.4645
G1 X137.975 Y190.724 E197.55161
G1 X137.022 Y188.256 E197.63961
G1 X136.236 Y185.743 E197.72718
G1 X135.619 Y183.196 E197.81435
G1 X135.167 Y180.601 E197.90196
G1 X134.885 Y177.975 E197.9898
G1 X134.776 Y175.328 E198.07791
G1 X134.839 Y172.713 E198.16491
G1 X135.074 Y170.104 E198.25204
G1 X135.482 Y167.491 E198.34
G1 X136.051 Y164.946 E198.42674
G1 X136.796 Y162.409 E198.51468
G1 X137.706 Y159.925 E198.60267
G1 X138.823 Y157.402 E198.69444
G1 X138.68 Y157.236 E198.70173
G1 X139.263 Y156.072 E198.74503
G1 X139.776 Y155.108 E198.78135
G1 X140.242 Y154.295 E198.81252
G1 X140.656 Y153.617 E198.83894
G1 X141.008 Y153.069 E198.8606
G1 X141.37 Y152.528 E198.88225
G1 X141.543 Y152.296 E198.89188
G1 X141.825 Y151.905 E198.90791
G1 X142.187 Y151.359 E198.9297
G1 X136.971 Y146.142 E199.17507
G1 X140.726 Y142.388 E199.35167
G1 X145.508 Y147.173 E199.57667
G1 X146.781 Y148.45 E199.63664
G1 X148.402 Y146.828 E199.71291
G1 X144.185 Y142.604 E199.91143
G1 X142.347 Y140.766 E199.99789
;TIME_ELAPSED:233.780240
;LAYER:20
;MESH:Warp_Reaction_Chamber_Lens.stl
G0 F12000 X142.347 Y140.766 Z4.2
;TYPE:WALL-OUTER
G1 F1710 X146.161 Y136.952 E200.17729
G1 X151.39 Y142.183 E200.42329
G1 X152.285 Y141.584 E200.45911
G1 X152.978 Y141.07 E200.48781
G1 X153.539 Y140.707 E200.51003
G1 X154.244 Y140.276 E200.53751
G1 X155.084 Y139.792 E200.56976
G1 X156.058 Y139.272 E200.60648
G1 X156.614 Y138.992 E200.62719
G1 X156.759 Y139.142 E200.63413
G1 X159.276 Y137.975 E200.7264
G1 X161.741 Y137.023 E200.81429
G1 X164.257 Y136.236 E200.90197
G1 X166.804 Y135.619 E200.98913
G1 X169.418 Y135.165 E201.07738
G1 X172.018 Y134.886 E201.16435
G1 X174.65 Y134.776 E201.25197
G1 X177.284 Y134.839 E201.3396
G1 X179.915 Y135.077 E201.42746
G1 X182.509 Y135.482 E201.51479
G1 X185.07 Y136.055 E201.60207
G1 X187.593 Y136.797 E201.68954
G1 X190.089 Y137.712 E201.77796
G1 X192.479 Y138.77 E201.86489
G1 X194.802 Y139.986 E201.9521
G1 X197.05 Y141.357 E202.03968
G1 X199.203 Y142.871 E202.12722
G1 X201.262 Y144.531 E202.21519
G1 X203.19 Y146.304 E202.30231
G1 X205.01 Y148.213 E202.39003
G1 X206.694 Y150.23 E202.47742
G1 X208.253 Y152.366 E202.56538
G1 X209.656 Y154.578 E202.6525
G1 X210.923 Y156.901 E202.74051
G1 X212.031 Y159.293 E202.82819
G1 X212.978 Y161.744 E202.91558
G1 X213.764 Y164.257 E203.00316
G1 X214.381 Y166.802 E203.09026
G1 X214.835 Y169.414 E203.17843
G1 X215.114 Y172.012 E203.26534
G1 X215.224 Y174.655 E203.35332
G1 X215.161 Y177.284 E203.44079
G1 X214.923 Y179.915 E203.52865
G1 X214.518 Y182.509 E203.61598
G1 X213.946 Y185.066 E203.70312
G1 X213.204 Y187.591 E203.79066
G1 X212.296 Y190.071 E203.8785
G1 X211.23 Y192.479 E203.96608
G1 X210.014 Y194.803 E204.05332
G1 X208.643 Y197.05 E204.14087
G1 X207.115 Y199.221 E204.22917
G1 X205.469 Y201.262 E204.31638
G1 X203.679 Y203.206 E204.40427
G1 X201.787 Y205.01 E204.49122
G1 X199.77 Y206.694 E204.57861
G1 X197.608 Y208.27 E204.6676
G1 X195.422 Y209.656 E204.75369
G1 X193.099 Y210.923 E204.8417
G1 X190.724 Y212.025 E204.92878
G1 X188.259 Y212.977 E205.01667
G1 X185.743 Y213.764 E205.10435
G1 X183.196 Y214.381 E205.19151
G1 X180.601 Y214.833 E205.27912
G1 X177.982 Y215.114 E205.36673
G1 X175.367 Y215.223 E205.45378
G1 X175.131 Y215.219 E205.46163
G1 X172.716 Y215.161 E205.54198
G1 X170.104 Y214.926 E205.6292
G1 X167.484 Y214.517 E205.7174
G1 X164.912 Y213.94 E205.80507
G1 X162.407 Y213.203 E205.89192
G1 X159.929 Y212.296 E205.97969
G1 X157.521 Y211.23 E206.06727
G1 X155.184 Y210.006 E206.15502
G1 X152.947 Y208.641 E206.24218
G1 X150.794 Y207.127 E206.32972
G1 X148.738 Y205.469 E206.41757
G1 X146.797 Y203.682 E206.50532
G1 X144.99 Y201.786 E206.59243
G1 X143.304 Y199.767 E206.67992
G1 X141.747 Y197.634 E206.76775
G1 X140.335 Y195.405 E206.85551
G1 X139.077 Y193.1 E206.94285
G1 X137.975 Y190.724 E207.02997
G1 X137.022 Y188.256 E207.11796
G1 X136.236 Y185.743 E207.20554
G1 X135.619 Y183.196 E207.2927
G1 X135.167 Y180.601 E207.38031
G1 X134.885 Y177.975 E207.46815
G1 X134.776 Y175.345 E207.5557
G1 X134.839 Y172.713 E207.64327
G1 X135.074 Y170.104 E207.73039
G1 X135.482 Y167.491 E207.81836
G1 X136.051 Y164.945 E207.90513
G1 X136.796 Y162.409 E207.99304
G1 X137.706 Y159.925 E208.08102
G1 X138.823 Y157.402 E208.1728
G1 X138.679 Y157.235 E208.18013
G1 X139.259 Y156.077 E208.22321
G1 X139.768 Y155.121 E208.25923
G1 X140.224 Y154.321 E208.28986
G1 X140.628 Y153.658 E208.31568
G1 X140.97 Y153.126 E208.33671
G1 X141.352 Y152.554 E208.35959
G1 X141.519 Y152.336 E208.36873
G1 X141.761 Y151.998 E208.38255
G1 X142.139 Y151.433 E208.40516
G1 X141.836 Y151.127 E208.41948
G1 X141.572 Y150.865 E208.43186
G1 X141.371 Y150.662 E208.44136
G1 X141.086 Y150.379 E208.45472
G1 X139.542 Y148.833 E208.52739
G1 X138.177 Y147.47 E208.59155
G1 X136.911 Y146.202 E208.65114
G1 X140.726 Y142.388 E208.83056
G1 X146.781 Y148.45 E209.11554
G1 X148.402 Y146.828 E209.19181
G1 X142.347 Y140.766 E209.47678
;TIME_ELAPSED:244.210453
;LAYER:21
;MESH:Warp_Reaction_Chamber_Lens.stl
G0 F12000 X142.347 Y140.766 Z4.4
;TYPE:WALL-OUTER
G1 F1710.1 X146.216 Y136.898 E209.65874
G1 X151.454 Y142.139 E209.90519
G1 X152.301 Y141.574 E209.93906
G1 X152.997 Y141.057 E209.96789
G1 X153.539 Y140.708 E209.98934
G1 X154.244 Y140.276 E210.01684
G1 X155.117 Y139.774 E210.05033
G1 X156.058 Y139.272 E210.0858
G1 X156.614 Y138.991 E210.10652
G1 X156.759 Y139.142 E210.11349
G1 X159.276 Y137.975 E210.20576
G1 X161.741 Y137.023 E210.29365
G1 X164.257 Y136.236 E210.38133
G1 X166.804 Y135.619 E210.4685
G1 X169.399 Y135.167 E210.5561
G1 X172.018 Y134.886 E210.64371
G1 X174.65 Y134.776 E210.73133
G1 X177.284 Y134.839 E210.81896
G1 X179.917 Y135.077 E210.90689
G1 X182.509 Y135.482 E210.99415
G1 X185.07 Y136.055 E211.08143
G1 X187.593 Y136.797 E211.1689
G1 X190.071 Y137.704 E211.25667
G1 X192.479 Y138.77 E211.34426
G1 X194.802 Y139.986 E211.43147
G1 X197.05 Y141.357 E211.51904
G1 X199.203 Y142.871 E211.60658
G1 X201.262 Y144.531 E211.69455
G1 X203.19 Y146.304 E211.78167
G1 X205.01 Y148.213 E211.8694
G1 X206.707 Y150.247 E211.9575
G1 X208.253 Y152.366 E212.04474
G1 X209.656 Y154.578 E212.13186
G1 X210.923 Y156.901 E212.21987
G1 X212.032 Y159.295 E212.30763
G1 X212.978 Y161.744 E212.39495
G1 X213.764 Y164.257 E212.48252
G1 X214.381 Y166.802 E212.56962
G1 X214.833 Y169.395 E212.65716
G1 X215.114 Y172.012 E212.74471
G1 X215.224 Y174.655 E212.83269
G1 X215.161 Y177.284 E212.92016
G1 X214.923 Y179.917 E213.00809
G1 X214.518 Y182.509 E213.09534
G1 X213.946 Y185.066 E213.18249
G1 X213.204 Y187.591 E213.27002
G1 X212.296 Y190.071 E213.35786
G1 X211.23 Y192.479 E213.44545
G1 X210.014 Y194.803 E213.53269
G1 X208.643 Y197.05 E213.62024
G1 X207.129 Y199.203 E213.70778
G1 X205.469 Y201.262 E213.79575
G1 X203.696 Y203.19 E213.88286
G1 X201.787 Y205.01 E213.97059
G1 X199.77 Y206.694 E214.05798
G1 X197.634 Y208.253 E214.14594
G1 X195.422 Y209.656 E214.23306
G1 X193.099 Y210.923 E214.32107
G1 X190.724 Y212.025 E214.40815
G1 X188.259 Y212.977 E214.49604
G1 X185.722 Y213.769 E214.58443
G1 X183.196 Y214.381 E214.67088
G1 X180.601 Y214.833 E214.75849
G1 X177.982 Y215.114 E214.8461
G1 X175.368 Y215.223 E214.93312
G1 X172.716 Y215.161 E215.02135
G1 X170.104 Y214.926 E215.10857
G1 X167.485 Y214.517 E215.19674
G1 X164.93 Y213.945 E215.28382
G1 X162.407 Y213.203 E215.37129
G1 X159.929 Y212.296 E215.45905
G1 X157.521 Y211.23 E215.54664
G1 X155.183 Y210.005 E215.63443
G1 X152.947 Y208.641 E215.72155
G1 X150.794 Y207.127 E215.80909
G1 X148.738 Y205.469 E215.89694
G1 X146.81 Y203.696 E215.98405
G1 X144.99 Y201.787 E216.07178
G1 X143.304 Y199.767 E216.15929
G1 X141.747 Y197.634 E216.24713
G1 X140.334 Y195.403 E216.33496
G1 X139.077 Y193.1 E216.42223
G1 X137.975 Y190.724 E216.50934
G1 X137.022 Y188.256 E216.59733
G1 X136.236 Y185.743 E216.68491
G1 X135.619 Y183.196 E216.77207
G1 X135.167 Y180.601 E216.85968
G1 X134.885 Y177.975 E216.94752
G1 X134.776 Y175.323 E217.0358
G1 X134.839 Y172.713 E217.12264
G1 X135.074 Y170.104 E217.20976
G1 X135.482 Y167.491 E217.29773
G1 X136.051 Y164.945 E217.3845
G1 X136.796 Y162.409 E217.47241
G1 X137.706 Y159.925 E217.5604
G1 X138.823 Y157.402 E217.65217
G1 X138.68 Y157.236 E217.65945
G1 X138.728 Y157.134 E217.6632
G1 X139.256 Y156.082 E217.70235
G1 X139.773 Y155.108 E217.73903
G1 X140.22 Y154.326 E217.76899
G1 X140.601 Y153.699 E217.79339
G1 X140.934 Y153.181 E217.81387
G1 X141.342 Y152.57 E217.83831
G1 X141.565 Y152.277 E217.85056
G1 X141.796 Y151.947 E217.86395
G1 X142.095 Y151.497 E217.88192
G1 X136.856 Y146.257 E218.12837
G1 X140.726 Y142.388 E218.31038
G1 X146.781 Y148.45 E218.59536
G1 X148.402 Y146.828 E218.67163
G1 X144.58 Y142.999 E218.85157
G1 X142.347 Y140.766 E218.9566
;TIME_ELAPSED:254.640440
;LAYER:22
;MESH:Warp_Reaction_Chamber_Lens.stl
G0 F12000 X142.347 Y140.766 Z4.6
;TYPE:WALL-OUTER
G1 F1710.3 X146.266 Y136.848 E219.14091
G1 X151.516 Y142.097 E219.38783
G1 X152.307 Y141.569 E219.41947
G1 X152.98 Y141.069 E219.44735
G1 X153.539 Y140.708 E219.46948
G1 X154.244 Y140.276 E219.49698
G1 X155.084 Y139.792 E219.52923
G1 X156.058 Y139.272 E219.56595
G1 X156.614 Y138.991 E219.58667
G1 X156.759 Y139.142 E219.59363
G1 X159.276 Y137.975 E219.68591
G1 X161.741 Y137.023 E219.7738
G1 X164.257 Y136.236 E219.86148
G1 X166.804 Y135.619 E219.94864
G1 X169.399 Y135.167 E220.03625
G1 X172.018 Y134.886 E220.12386
G1 X174.65 Y134.776 E220.21148
G1 X177.284 Y134.839 E220.29911
G1 X179.919 Y135.077 E220.38711
G1 X182.509 Y135.482 E220.4743
G1 X185.07 Y136.055 E220.56158
G1 X187.593 Y136.797 E220.64905
G1 X190.071 Y137.704 E220.73682
G1 X192.479 Y138.77 E220.82441
G1 X194.802 Y139.986 E220.91161
G1 X197.05 Y141.357 E220.99919
G1 X199.203 Y142.871 E221.08673
G1 X201.262 Y144.531 E221.1747
G1 X203.19 Y146.304 E221.26182
G1 X205.01 Y148.213 E221.34954
G1 X206.708 Y150.249 E221.43772
G1 X208.253 Y152.366 E221.52489
G1 X209.656 Y154.578 E221.61201
G1 X210.923 Y156.901 E221.70002
G1 X212.025 Y159.276 E221.7871
G1 X212.978 Y161.744 E221.8751
G1 X213.764 Y164.257 E221.96267
G1 X214.381 Y166.802 E222.04977
G1 X214.833 Y169.395 E222.13731
G1 X215.114 Y172.012 E222.22486
G1 X215.224 Y174.655 E222.31284
G1 X215.161 Y177.284 E222.4003
G1 X214.923 Y179.919 E222.4883
G1 X214.518 Y182.509 E222.57549
G1 X213.946 Y185.066 E222.66264
G1 X213.204 Y187.591 E222.75017
G1 X212.296 Y190.071 E222.83801
G1 X211.23 Y192.479 E222.9256
G1 X210.014 Y194.803 E223.01284
G1 X208.643 Y197.05 E223.10039
G1 X207.129 Y199.203 E223.18793
G1 X205.469 Y201.262 E223.2759
G1 X203.696 Y203.19 E223.36301
G1 X201.787 Y205.01 E223.45074
G1 X199.77 Y206.694 E223.53813
G1 X197.634 Y208.253 E223.62609
G1 X195.422 Y209.656 E223.71321
G1 X193.099 Y210.923 E223.80122
G1 X190.724 Y212.025 E223.8883
G1 X188.259 Y212.977 E223.97619
G1 X185.743 Y213.764 E224.06387
G1 X183.196 Y214.381 E224.15103
G1 X180.601 Y214.833 E224.23864
G1 X177.982 Y215.114 E224.32625
G1 X175.363 Y215.223 E224.41343
G1 X175.08 Y215.218 E224.42285
G1 X172.716 Y215.161 E224.5015
G1 X170.104 Y214.926 E224.58872
G1 X167.485 Y214.517 E224.67689
G1 X164.93 Y213.945 E224.76397
G1 X162.407 Y213.203 E224.85144
G1 X159.929 Y212.296 E224.93921
G1 X157.521 Y211.23 E225.02679
G1 X155.182 Y210.005 E225.11461
G1 X152.947 Y208.641 E225.2017
G1 X150.794 Y207.127 E225.28924
G1 X148.738 Y205.469 E225.37709
G1 X146.81 Y203.696 E225.46421
G1 X144.99 Y201.787 E225.55193
G1 X143.304 Y199.767 E225.63945
G1 X141.747 Y197.634 E225.72728
G1 X140.344 Y195.422 E225.8144
G1 X139.077 Y193.1 E225.90238
G1 X137.975 Y190.724 E225.98949
G1 X137.022 Y188.256 E226.07749
G1 X136.236 Y185.743 E226.16506
G1 X135.619 Y183.196 E226.25223
G1 X135.167 Y180.601 E226.33984
G1 X134.885 Y177.975 E226.42768
G1 X134.776 Y175.321 E226.51603
G1 X134.839 Y172.713 E226.60279
G1 X135.074 Y170.104 E226.68992
G1 X135.482 Y167.491 E226.77788
G1 X136.052 Y164.945 E226.86466
G1 X136.796 Y162.409 E226.95256
G1 X137.706 Y159.925 E227.04055
G1 X138.823 Y157.402 E227.13232
G1 X138.678 Y157.234 E227.1397
G1 X139.253 Y156.087 E227.18238
G1 X139.752 Y155.145 E227.21783
G1 X140.192 Y154.369 E227.2475
G1 X140.577 Y153.735 E227.27217
G1 X140.899 Y153.233 E227.29201
G1 X141.33 Y152.586 E227.31786
G1 X141.612 Y152.218 E227.33329
G1 X142.056 Y151.558 E227.35974
G1 X136.806 Y146.307 E227.60671
G1 X140.726 Y142.388 E227.79107
G1 X145.315 Y146.98 E228.00699
G1 X146.781 Y148.45 E228.07604
G1 X148.402 Y146.828 E228.15231
G1 X142.347 Y140.766 E228.43729
;MESH:NONMESH
G0 F300 X142.347 Y140.766 Z4.8
G0 F12000 X142.347 Y140.767
;TIME_ELAPSED:265.148974
;LAYER:23
;TYPE:WALL-OUTER
;MESH:Warp_Reaction_Chamber_Lens.stl
G1 F1710.4 X146.312 Y136.802 E228.62379
G1 X151.57 Y142.06 E228.87111
G1 X152.306 Y141.571 E228.9005
G1 X152.975 Y141.072 E228.92826
G1 X153.538 Y140.708 E228.95056
G1 X154.244 Y140.276 E228.97809
G1 X155.084 Y139.792 E229.01033
G1 X156.058 Y139.272 E229.04705
G1 X156.614 Y138.991 E229.06777
G1 X156.759 Y139.142 E229.07474
G1 X159.276 Y137.975 E229.16701
G1 X161.741 Y137.023 E229.2549
G1 X164.257 Y136.236 E229.34258
G1 X166.804 Y135.619 E229.42974
G1 X169.425 Y135.164 E229.51822
G1 X172.018 Y134.886 E229.60496
G1 X174.65 Y134.776 E229.69258
G1 X177.284 Y134.839 E229.78021
G1 X179.896 Y135.074 E229.86744
G1 X182.509 Y135.482 E229.9554
G1 X185.07 Y136.055 E230.04268
G1 X187.593 Y136.797 E230.13015
G1 X190.071 Y137.704 E230.21792
G1 X192.479 Y138.77 E230.30551
G1 X194.802 Y139.986 E230.39272
G1 X197.05 Y141.357 E230.48029
G1 X199.203 Y142.871 E230.56783
G1 X201.262 Y144.531 E230.6558
G1 X203.19 Y146.304 E230.74292
G1 X205.01 Y148.213 E230.83064
G1 X206.694 Y150.23 E230.91804
G1 X208.253 Y152.366 E231.00599
G1 X209.656 Y154.578 E231.09311
G1 X210.923 Y156.901 E231.18112
G1 X212.025 Y159.276 E231.2682
G1 X212.978 Y161.744 E231.3562
G1 X213.764 Y164.257 E231.44377
G1 X214.381 Y166.802 E231.53087
G1 X214.833 Y169.395 E231.61842
G1 X215.114 Y172.012 E231.70596
G1 X215.224 Y174.655 E231.79394
G1 X215.161 Y177.284 E231.88141
G1 X214.926 Y179.896 E231.96863
G1 X214.518 Y182.509 E232.0566
G1 X213.946 Y185.066 E232.14374
G1 X213.204 Y187.591 E232.23128
G1 X212.296 Y190.071 E232.31912
G1 X211.23 Y192.479 E232.4067
G1 X210.014 Y194.803 E232.49394
G1 X208.643 Y197.05 E232.58149
G1 X207.129 Y199.203 E232.66903
G1 X205.469 Y201.262 E232.757
G1 X203.696 Y203.19 E232.84412
G1 X201.787 Y205.01 E232.93184
G1 X199.77 Y206.694 E233.01924
G1 X197.634 Y208.253 E233.10719
G1 X195.422 Y209.656 E233.19431
G1 X193.099 Y210.923 E233.28232
G1 X190.724 Y212.025 E233.3694
G1 X188.259 Y212.977 E233.45729
G1 X185.743 Y213.764 E233.54497
G1 X183.196 Y214.381 E233.63214
G1 X180.601 Y214.833 E233.71974
G1 X177.982 Y215.114 E233.80735
G1 X175.362 Y215.223 E233.89457
G1 X172.716 Y215.161 E233.9826
G1 X170.104 Y214.926 E234.06983
G1 X167.485 Y214.517 E234.15799
G1 X164.93 Y213.945 E234.24507
G1 X162.407 Y213.203 E234.33254
G1 X159.929 Y212.296 E234.42031
G1 X157.521 Y211.23 E234.5079
G1 X155.181 Y210.004 E234.59576
G1 X152.947 Y208.641 E234.6828
G1 X150.794 Y207.127 E234.77034
G1 X148.738 Y205.469 E234.85819
G1 X146.783 Y203.668 E234.9466
G1 X144.99 Y201.787 E235.03303
G1 X143.304 Y199.767 E235.12054
G1 X141.747 Y197.634 E235.20838
G1 X140.344 Y195.422 E235.2955
G1 X139.077 Y193.1 E235.38348
G1 X137.975 Y190.724 E235.47059
G1 X137.022 Y188.256 E235.55859
G1 X136.236 Y185.743 E235.64616
G1 X135.619 Y183.196 E235.73332
G1 X135.167 Y180.601 E235.82093
G1 X134.885 Y177.975 E235.90878
G1 X134.776 Y175.319 E235.99719
G1 X134.839 Y172.713 E236.08389
G1 X135.074 Y170.104 E236.17102
G1 X135.482 Y167.491 E236.25898
G1 X136.052 Y164.944 E236.34579
G1 X136.796 Y162.409 E236.43366
G1 X137.706 Y159.925 E236.52165
G1 X138.823 Y157.403 E236.61339
G1 X138.678 Y157.233 E236.62082
G1 X139.25 Y156.091 E236.6633
G1 X139.747 Y155.151 E236.69867
G1 X140.177 Y154.392 E236.72768
G1 X140.553 Y153.771 E236.75183
G1 X140.866 Y153.283 E236.77111
G1 X141.32 Y152.602 E236.79833
G1 X141.636 Y152.186 E236.81571
G1 X142.02 Y151.613 E236.83865
G1 X137.573 Y147.165 E237.04785
G1 X136.761 Y146.352 E237.08606
G1 X140.726 Y142.388 E237.27254
G1 X146.781 Y148.45 E237.55752
G1 X148.402 Y146.828 E237.63379
G1 X144.792 Y143.212 E237.80373
G1 X142.347 Y140.767 E237.91874
;TIME_ELAPSED:275.495021
;LAYER:24
;MESH:Warp_Reaction_Chamber_Lens.stl
G0 F12000 X142.347 Y140.767 Z5
;TYPE:WALL-OUTER
G1 F1710.5 X146.352 Y136.762 E238.10712
G1 X150.842 Y141.25 E238.31827
G1 X151.618 Y142.028 E238.35481
G1 X152.304 Y141.572 E238.38221
G1 X152.984 Y141.065 E238.41042
G1 X153.538 Y140.708 E238.43234
G1 X154.244 Y140.276 E238.45987
G1 X155.084 Y139.792 E238.49212
G1 X156.058 Y139.272 E238.52884
G1 X156.614 Y138.991 E238.54956
G1 X156.759 Y139.142 E238.55652
G1 X159.276 Y137.975 E238.6488
G1 X161.741 Y137.023 E238.73669
G1 X164.257 Y136.236 E238.82437
G1 X166.804 Y135.619 E238.91153
G1 X169.427 Y135.164 E239.00008
G1 X172.018 Y134.886 E239.08675
G1 X174.65 Y134.776 E239.17437
G1 X177.284 Y134.839 E239.262
G1 X179.896 Y135.074 E239.34922
G1 X182.509 Y135.482 E239.43719
G1 X185.07 Y136.055 E239.52447
G1 X187.593 Y136.797 E239.61194
G1 X190.071 Y137.704 E239.69971
G1 X192.479 Y138.77 E239.78729
G1 X194.802 Y139.986 E239.8745
G1 X197.05 Y141.357 E239.96208
G1 X199.203 Y142.871 E240.04962
G1 X201.262 Y144.531 E240.13759
G1 X203.19 Y146.304 E240.22471
G1 X205.01 Y148.213 E240.31243
G1 X206.694 Y150.23 E240.39982
G1 X208.253 Y152.366 E240.48778
G1 X209.656 Y154.578 E240.5749
G1 X210.923 Y156.901 E240.66291
G1 X212.025 Y159.276 E240.74999
G1 X212.978 Y161.744 E240.83798
G1 X213.764 Y164.257 E240.92556
G1 X214.381 Y166.802 E241.01266
G1 X214.836 Y169.423 E241.10114
G1 X215.114 Y172.012 E241.18774
G1 X215.224 Y174.655 E241.27573
G1 X215.161 Y177.284 E241.36319
G1 X214.926 Y179.896 E241.45042
G1 X214.518 Y182.509 E241.53838
G1 X213.946 Y185.066 E241.62553
G1 X213.204 Y187.591 E241.71306
G1 X212.285 Y190.097 E241.80184
G1 X211.23 Y192.479 E241.88849
G1 X210.014 Y194.803 E241.97573
G1 X208.643 Y197.05 E242.06327
G1 X207.129 Y199.203 E242.15082
G1 X205.469 Y201.262 E242.23878
G1 X203.696 Y203.19 E242.3259
G1 X201.787 Y205.01 E242.41363
G1 X199.77 Y206.694 E242.50102
G1 X197.634 Y208.253 E242.58897
G1 X195.422 Y209.656 E242.6761
G1 X193.099 Y210.923 E242.7641
G1 X190.724 Y212.025 E242.85119
G1 X188.259 Y212.977 E242.93907
G1 X185.743 Y213.764 E243.02676
G1 X183.196 Y214.381 E243.11392
G1 X180.601 Y214.833 E243.20153
G1 X177.982 Y215.114 E243.28914
G1 X175.322 Y215.224 E243.37768
G1 X172.715 Y215.161 E243.46442
G1 X170.104 Y214.926 E243.55161
G1 X167.485 Y214.517 E243.63978
G1 X164.93 Y213.945 E243.72686
G1 X162.407 Y213.203 E243.81433
G1 X159.929 Y212.296 E243.90209
G1 X157.521 Y211.23 E243.98968
G1 X155.194 Y210.012 E244.07704
G1 X152.947 Y208.641 E244.16459
G1 X150.794 Y207.127 E244.25213
G1 X148.738 Y205.469 E244.33998
G1 X146.782 Y203.667 E244.42843
G1 X144.99 Y201.787 E244.51482
G1 X143.304 Y199.767 E244.60233
G1 X141.747 Y197.634 E244.69017
G1 X140.344 Y195.422 E244.77729
G1 X139.077 Y193.1 E244.86527
G1 X137.975 Y190.724 E244.95238
G1 X137.022 Y188.256 E245.04037
G1 X136.236 Y185.743 E245.12795
G1 X135.619 Y183.196 E245.21511
G1 X135.167 Y180.601 E245.30272
G1 X134.885 Y177.975 E245.39056
G1 X134.776 Y175.317 E245.47904
G1 X134.839 Y172.713 E245.56568
G1 X135.074 Y170.104 E245.65281
G1 X135.482 Y167.491 E245.74077
G1 X136.055 Y164.932 E245.82799
G1 X136.796 Y162.409 E245.91545
G1 X137.706 Y159.925 E246.00344
G1 X138.823 Y157.403 E246.09518
G1 X138.678 Y157.233 E246.10261
G1 X138.729 Y157.127 E246.10652
G1 X139.247 Y156.095 E246.14493
G1 X139.737 Y155.167 E246.17983
G1 X140.162 Y154.414 E246.20859
G1 X140.525 Y153.812 E246.23197
G1 X140.832 Y153.332 E246.25092
G1 X141.318 Y152.606 E246.27998
G1 X141.528 Y152.325 E246.29165
G1 X141.72 Y152.06 E246.30253
G1 X141.986 Y151.662 E246.31845
G1 X141.685 Y151.358 E246.33268
G1 X141.409 Y151.084 E246.34562
G1 X139.689 Y149.362 E246.42657
G1 X138.888 Y148.563 E246.4642
G1 X136.721 Y146.392 E246.56622
G1 X140.726 Y142.388 E246.75458
G1 X145.315 Y146.98 E246.9705
G1 X146.781 Y148.45 E247.03955
G1 X148.402 Y146.828 E247.11582
G1 X142.347 Y140.767 E247.40077
;TIME_ELAPSED:285.925232
;LAYER:25
;MESH:Warp_Reaction_Chamber_Lens.stl
G0 F12000 X142.347 Y140.767 Z5.2
;TYPE:WALL-OUTER
G1 F1710.7 X146.388 Y136.726 E247.59085
G1 X151.662 Y142.001 E247.83895
G1 X152.317 Y141.561 E247.86519
G1 X152.97 Y141.075 E247.89226
G1 X153.537 Y140.708 E247.91473
G1 X154.312 Y140.237 E247.94489
G1 X155.084 Y139.792 E247.97453
G1 X156.058 Y139.271 E248.01127
G1 X156.612 Y138.99 E248.03193
G1 X156.759 Y139.142 E248.03896
G1 X159.276 Y137.975 E248.13124
G1 X161.741 Y137.023 E248.21913
G1 X164.257 Y136.236 E248.30681
G1 X166.804 Y135.619 E248.39397
G1 X169.399 Y135.167 E248.48158
G1 X172.018 Y134.886 E248.56919
G1 X174.65 Y134.776 E248.6568
G1 X177.284 Y134.839 E248.74444
G1 X179.896 Y135.074 E248.83166
G1 X182.509 Y135.482 E248.91963
G1 X185.07 Y136.055 E249.00691
G1 X187.593 Y136.797 E249.09438
G1 X190.071 Y137.704 E249.18215
G1 X192.479 Y138.77 E249.26973
G1 X194.802 Y139.986 E249.35694
G1 X197.05 Y141.357 E249.44452
G1 X199.203 Y142.871 E249.53206
G1 X201.262 Y144.531 E249.62003
G1 X203.19 Y146.304 E249.70715
G1 X205.01 Y148.213 E249.79487
G1 X206.712 Y150.254 E249.88326
G1 X208.253 Y152.366 E249.97022
G1 X209.656 Y154.578 E250.05734
G1 X210.923 Y156.901 E250.14535
G1 X212.025 Y159.276 E250.23243
G1 X212.978 Y161.744 E250.32042
G1 X213.764 Y164.257 E250.408
G1 X214.381 Y166.802 E250.4951
G1 X214.758 Y168.973 E250.56839
G1 X214.833 Y169.395 E250.58264
G1 X215.114 Y172.012 E250.67018
G1 X215.224 Y174.655 E250.75817
G1 X215.161 Y177.284 E250.84563
G1 X214.926 Y179.896 E250.93286
G1 X214.518 Y182.509 E251.02082
G1 X213.946 Y185.066 E251.10797
G1 X213.204 Y187.591 E251.1955
G1 X212.296 Y190.071 E251.28334
G1 X211.23 Y192.479 E251.37093
G1 X210.014 Y194.803 E251.45817
G1 X208.643 Y197.05 E251.54572
G1 X207.129 Y199.203 E251.63326
G1 X205.469 Y201.262 E251.72122
G1 X203.696 Y203.19 E251.80834
G1 X201.787 Y205.01 E251.89607
G1 X199.77 Y206.694 E251.98346
G1 X197.634 Y208.253 E252.07142
G1 X195.422 Y209.656 E252.15854
G1 X193.099 Y210.923 E252.24655
G1 X190.724 Y212.025 E252.33363
G1 X188.259 Y212.977 E252.42152
G1 X185.743 Y213.764 E252.5092
G1 X183.196 Y214.381 E252.59636
G1 X180.601 Y214.833 E252.68397
G1 X177.982 Y215.114 E252.77158
G1 X175.323 Y215.224 E252.86009
G1 X172.716 Y215.161 E252.94683
G1 X170.104 Y214.926 E253.03405
G1 X167.486 Y214.517 E253.12218
G1 X164.93 Y213.945 E253.2093
G1 X162.407 Y213.203 E253.29677
G1 X159.929 Y212.296 E253.38454
G1 X157.521 Y211.23 E253.47212
G1 X155.179 Y210.003 E253.56006
G1 X152.947 Y208.641 E253.64703
G1 X150.794 Y207.127 E253.73457
G1 X148.738 Y205.469 E253.82242
G1 X146.81 Y203.696 E253.90954
G1 X144.99 Y201.787 E253.99726
G1 X143.304 Y199.767 E254.08477
G1 X141.747 Y197.634 E254.17261
G1 X140.344 Y195.422 E254.25973
G1 X139.077 Y193.1 E254.34771
G1 X137.975 Y190.724 E254.43482
G1 X137.022 Y188.256 E254.52281
G1 X136.236 Y185.743 E254.61039
G1 X135.619 Y183.196 E254.69755
G1 X135.167 Y180.601 E254.78516
G1 X134.885 Y177.975 E254.87301
G1 X134.776 Y175.345 E254.96056
G1 X134.839 Y172.713 E255.04812
G1 X135.074 Y170.104 E255.13525
G1 X135.482 Y167.491 E255.22321
G1 X136.055 Y164.932 E255.31043
G1 X136.774 Y162.482 E255.39535
G1 X136.865 Y162.22 E255.40458
G1 X137.706 Y159.925 E255.48587
G1 X138.823 Y157.403 E255.57762
G1 X138.678 Y157.233 E255.58505
G1 X138.73 Y157.125 E255.58903
G1 X139.283 Y156.025 E255.62998
G1 X139.73 Y155.178 E255.66184
G1 X140.149 Y154.434 E255.69024
G1 X140.521 Y153.817 E255.7142
G1 X140.834 Y153.33 E255.73345
G1 X141.348 Y152.56 E255.76425
G1 X141.466 Y152.403 E255.77078
G1 X141.66 Y152.151 E255.78136
G1 X141.957 Y151.705 E255.79918
G1 X136.684 Y146.429 E256.04728
G1 X140.726 Y142.388 E256.23737
G1 X145.354 Y147.019 E256.45513
G1 X146.781 Y148.45 E256.52235
G1 X148.402 Y146.828 E256.59862
G1 X142.347 Y140.767 E256.88357
;TIME_ELAPSED:296.355607
;LAYER:26
;MESH:Warp_Reaction_Chamber_Lens.stl
G0 F12000 X142.347 Y140.767 Z5.4
;TYPE:WALL-OUTER
G1 F1710.7 X146.419 Y136.695 E257.0751
G1 X151.701 Y141.974 E257.32348
G1 X152.278 Y141.588 E257.34657
G1 X152.954 Y141.085 E257.3746
G1 X153.534 Y140.711 E257.39755
G1 X154.244 Y140.276 E257.42524
G1 X155.084 Y139.792 E257.45749
G1 X156.058 Y139.271 E257.49423
G1 X156.612 Y138.99 E257.51489
G1 X156.759 Y139.142 E257.52192
G1 X159.276 Y137.975 E257.6142
G1 X161.741 Y137.023 E257.70209
G1 X164.257 Y136.236 E257.78977
G1 X166.804 Y135.619 E257.87693
G1 X169.399 Y135.167 E257.96454
G1 X172.018 Y134.886 E258.05215
G1 X174.65 Y134.776 E258.13977
G1 X177.284 Y134.839 E258.2274
G1 X179.896 Y135.074 E258.31462
G1 X182.509 Y135.482 E258.40259
G1 X185.07 Y136.055 E258.48987
G1 X187.593 Y136.797 E258.57734
G1 X190.047 Y137.696 E258.66426
G1 X190.1 Y137.717 E258.66616
G1 X192.479 Y138.77 E258.75269
G1 X194.802 Y139.986 E258.8399
G1 X197.05 Y141.357 E258.92748
G1 X199.203 Y142.871 E259.01502
G1 X201.262 Y144.531 E259.10299
G1 X203.19 Y146.304 E259.1901
G1 X205.01 Y148.213 E259.27783
G1 X206.694 Y150.23 E259.36522
G1 X208.253 Y152.366 E259.45318
G1 X209.656 Y154.578 E259.5403
G1 X210.923 Y156.901 E259.62831
G1 X212.025 Y159.276 E259.71539
G1 X212.978 Y161.744 E259.80338
G1 X213.764 Y164.257 E259.89096
G1 X214.381 Y166.802 E259.97806
G1 X214.833 Y169.395 E260.0656
G1 X215.114 Y172.012 E260.15314
G1 X215.224 Y174.655 E260.24113
G1 X215.161 Y177.284 E260.32859
G1 X214.926 Y179.896 E260.41582
G1 X214.518 Y182.509 E260.50378
G1 X213.946 Y185.066 E260.59093
G1 X213.204 Y187.591 E260.67846
G1 X212.296 Y190.071 E260.7663
G1 X211.23 Y192.479 E260.85389
G1 X210.014 Y194.803 E260.94113
G1 X208.643 Y197.05 E261.02867
G1 X207.129 Y199.203 E261.11622
G1 X205.469 Y201.262 E261.20418
G1 X203.696 Y203.19 E261.2913
G1 X201.787 Y205.01 E261.37903
G1 X199.77 Y206.694 E261.46642
G1 X197.634 Y208.253 E261.55437
G1 X195.422 Y209.656 E261.6415
G1 X193.099 Y210.923 E261.72951
G1 X190.724 Y212.025 E261.81659
G1 X188.259 Y212.977 E261.90448
G1 X185.743 Y213.764 E261.99216
G1 X183.196 Y214.381 E262.07932
G1 X180.601 Y214.833 E262.16693
G1 X177.982 Y215.114 E262.25454
G1 X175.317 Y215.224 E262.34325
G1 X172.716 Y215.161 E262.42979
G1 X170.104 Y214.926 E262.51701
G1 X167.486 Y214.517 E262.60514
G1 X164.93 Y213.945 E262.69226
G1 X162.407 Y213.203 E262.77973
G1 X159.929 Y212.296 E262.86749
G1 X157.522 Y211.23 E262.95505
G1 X155.178 Y210.002 E263.04306
G1 X152.947 Y208.641 E263.12999
G1 X150.794 Y207.127 E263.21753
G1 X148.738 Y205.469 E263.30537
G1 X146.81 Y203.696 E263.39249
G1 X144.99 Y201.787 E263.48022
G1 X143.304 Y199.767 E263.56773
G1 X141.747 Y197.634 E263.65557
G1 X140.328 Y195.393 E263.74379
G1 X139.077 Y193.1 E263.83066
G1 X137.975 Y190.724 E263.91778
G1 X137.022 Y188.256 E264.00577
G1 X136.236 Y185.743 E264.09335
G1 X135.619 Y183.196 E264.18051
G1 X135.167 Y180.601 E264.26812
G1 X134.885 Y177.975 E264.35596
G1 X134.776 Y175.312 E264.44461
G1 X134.839 Y172.713 E264.53108
G1 X135.074 Y170.104 E264.6182
G1 X135.482 Y167.491 E264.70617
G1 X136.052 Y164.943 E264.79301
G1 X136.796 Y162.409 E264.88085
G1 X137.706 Y159.925 E264.96883
G1 X138.823 Y157.403 E265.06057
G1 X138.678 Y157.233 E265.06801
G1 X138.73 Y157.125 E265.07199
G1 X139.242 Y156.103 E265.11001
G1 X139.724 Y155.186 E265.14447
G1 X140.138 Y154.45 E265.17255
G1 X140.488 Y153.869 E265.19511
G1 X140.776 Y153.416 E265.21297
G1 X141.365 Y152.534 E265.24824
G1 X141.671 Y152.134 E265.26499
G1 X141.932 Y151.742 E265.28066
G1 X140.714 Y150.521 E265.33802
G1 X140.29 Y150.099 E265.35792
G1 X140.123 Y149.93 E265.36582
G1 X139.623 Y149.432 E265.38929
G1 X136.654 Y146.461 E265.52899
G1 X140.726 Y142.388 E265.72055
G1 X146.781 Y148.45 E266.00552
G1 X148.402 Y146.828 E266.08179
G1 X144.425 Y142.845 E266.269
G1 X142.347 Y140.767 E266.36674
;TIME_ELAPSED:306.785944
;LAYER:27
;MESH:Warp_Reaction_Chamber_Lens.stl
G0 F12000 X142.347 Y140.767 Z5.6
;TYPE:WALL-OUTER
G1 F1710.8 X146.446 Y136.668 E266.55954
G1 X151.227 Y141.45 E266.78445
G1 X151.733 Y141.953 E266.80818
G1 X152.256 Y141.604 E266.82909
G1 X152.945 Y141.092 E266.85765
G1 X153.535 Y140.711 E266.881
G1 X154.24 Y140.278 E266.90852
G1 X155.084 Y139.792 E266.94092
G1 X156.058 Y139.271 E266.97765
G1 X156.612 Y138.99 E266.99832
G1 X156.759 Y139.142 E267.00535
G1 X159.276 Y137.975 E267.09762
G1 X161.741 Y137.023 E267.18551
G1 X164.257 Y136.236 E267.27319
G1 X166.804 Y135.619 E267.36036
G1 X169.399 Y135.167 E267.44797
G1 X172.018 Y134.886 E267.53557
G1 X174.65 Y134.776 E267.62319
G1 X177.284 Y134.839 E267.71082
G1 X179.896 Y135.074 E267.79805
G1 X182.509 Y135.482 E267.88601
G1 X185.07 Y136.055 E267.9733
G1 X187.593 Y136.797 E268.06077
G1 X190.071 Y137.704 E268.14853
G1 X192.479 Y138.77 E268.23612
G1 X194.802 Y139.986 E268.32333
G1 X197.05 Y141.357 E268.41091
G1 X199.203 Y142.871 E268.49845
G1 X201.262 Y144.531 E268.58641
G1 X203.19 Y146.304 E268.67353
G1 X205.01 Y148.213 E268.76126
G1 X206.694 Y150.23 E268.84865
G1 X208.253 Y152.366 E268.93661
G1 X209.656 Y154.578 E269.02373
G1 X210.923 Y156.901 E269.11174
G1 X212.025 Y159.276 E269.19882
G1 X212.978 Y161.744 E269.28681
G1 X213.764 Y164.257 E269.37439
G1 X214.381 Y166.802 E269.46149
G1 X214.833 Y169.395 E269.54903
G1 X215.114 Y172.012 E269.63657
G1 X215.224 Y174.655 E269.72455
G1 X215.161 Y177.284 E269.81202
G1 X214.926 Y179.896 E269.89925
G1 X214.518 Y182.509 E269.98721
G1 X213.946 Y185.066 E270.07436
G1 X213.204 Y187.591 E270.16189
G1 X212.296 Y190.071 E270.24973
G1 X211.23 Y192.479 E270.33732
G1 X210.014 Y194.803 E270.42456
G1 X208.643 Y197.05 E270.5121
G1 X207.129 Y199.203 E270.59965
G1 X205.469 Y201.262 E270.68761
G1 X203.696 Y203.19 E270.77473
G1 X201.787 Y205.01 E270.86246
G1 X199.77 Y206.694 E270.94985
G1 X197.634 Y208.253 E271.0378
G1 X195.422 Y209.656 E271.12493
G1 X193.099 Y210.923 E271.21293
G1 X190.724 Y212.025 E271.30002
G1 X188.259 Y212.977 E271.3879
G1 X185.743 Y213.764 E271.47559
G1 X183.196 Y214.381 E271.56275
G1 X180.601 Y214.833 E271.65036
G1 X177.982 Y215.114 E271.73797
G1 X175.315 Y215.224 E271.82675
G1 X172.716 Y215.161 E271.91322
G1 X170.104 Y214.926 E272.00044
G1 X167.486 Y214.517 E272.08857
G1 X164.93 Y213.945 E272.17569
G1 X162.407 Y213.203 E272.26316
G1 X159.929 Y212.296 E272.35092
G1 X157.521 Y211.23 E272.43851
G1 X155.194 Y210.012 E272.52587
G1 X152.947 Y208.641 E272.61342
G1 X150.794 Y207.127 E272.70096
G1 X148.738 Y205.469 E272.78881
G1 X146.81 Y203.696 E272.87592
G1 X144.99 Y201.787 E272.96365
G1 X143.304 Y199.767 E273.05116
G1 X141.747 Y197.634 E273.139
G1 X140.344 Y195.422 E273.22612
G1 X139.077 Y193.1 E273.3141
G1 X137.975 Y190.724 E273.40121
G1 X137.022 Y188.256 E273.4892
G1 X136.236 Y185.743 E273.57678
G1 X135.619 Y183.196 E273.66394
G1 X135.167 Y180.601 E273.75155
G1 X134.885 Y177.975 E273.8394
G1 X134.776 Y175.31 E273.92811
G1 X134.839 Y172.713 E274.01451
G1 X135.074 Y170.104 E274.10164
G1 X135.482 Y167.491 E274.1896
G1 X136.052 Y164.943 E274.27644
G1 X136.796 Y162.409 E274.36428
G1 X137.706 Y159.925 E274.45227
G1 X138.823 Y157.403 E274.54401
G1 X138.678 Y157.233 E274.55144
G1 X138.729 Y157.125 E274.55541
G1 X139.239 Y156.107 E274.59328
G1 X139.719 Y155.194 E274.62759
G1 X140.127 Y154.466 E274.65535
G1 X140.471 Y153.895 E274.67752
G1 X140.755 Y153.448 E274.69513
G1 X141.382 Y152.51 E274.73266
G1 X141.681 Y152.119 E274.74903
G1 X141.911 Y151.774 E274.76282
G1 X140.737 Y150.597 E274.81811
G1 X140.265 Y150.127 E274.84027
G1 X140.154 Y150.014 E274.84554
G1 X136.626 Y146.487 E275.01146
G1 X140.726 Y142.388 E275.20429
G1 X145.527 Y147.192 E275.43018
G1 X146.781 Y148.45 E275.48926
G1 X148.402 Y146.828 E275.56553
G1 X144.968 Y143.388 E275.7272
G1 X142.347 Y140.767 E275.85048
;TIME_ELAPSED:317.216173
;LAYER:28
;MESH:Warp_Reaction_Chamber_Lens.stl
G0 F12000 X142.347 Y140.767 Z5.8
;TYPE:WALL-OUTER
G1 F1710.9 X146.467 Y136.646 E276.0443
G1 X151.758 Y141.937 E276.29317
G1 X152.233 Y141.619 E276.31218
G1 X152.93 Y141.102 E276.34104
G1 X153.532 Y140.713 E276.36488
G1 X154.24 Y140.278 E276.39252
G1 X155.084 Y139.792 E276.42491
G1 X156.058 Y139.271 E276.46165
G1 X156.612 Y138.99 E276.48231
G1 X156.759 Y139.142 E276.48935
G1 X159.276 Y137.975 E276.58162
G1 X161.741 Y137.023 E276.66951
G1 X164.257 Y136.236 E276.75719
G1 X166.804 Y135.619 E276.84435
G1 X169.399 Y135.167 E276.93196
G1 X172.018 Y134.886 E277.01957
G1 X174.65 Y134.776 E277.10719
G1 X177.284 Y134.839 E277.19482
G1 X179.896 Y135.074 E277.28205
G1 X182.509 Y135.482 E277.37001
G1 X185.07 Y136.055 E277.4573
G1 X187.593 Y136.797 E277.54476
G1 X190.071 Y137.704 E277.63253
G1 X192.479 Y138.77 E277.72012
G1 X194.802 Y139.986 E277.80733
G1 X197.05 Y141.357 E277.8949
G1 X199.203 Y142.871 E277.98245
G1 X201.262 Y144.531 E278.07041
G1 X203.19 Y146.304 E278.15753
G1 X205.01 Y148.213 E278.24526
G1 X206.694 Y150.23 E278.33265
G1 X208.253 Y152.366 E278.4206
G1 X209.656 Y154.578 E278.50773
G1 X210.923 Y156.901 E278.59573
G1 X212.025 Y159.276 E278.68282
G1 X212.978 Y161.744 E278.77081
G1 X213.764 Y164.257 E278.85838
G1 X214.381 Y166.802 E278.94548
G1 X214.833 Y169.395 E279.03303
G1 X215.114 Y172.012 E279.12057
G1 X215.224 Y174.655 E279.20855
G1 X215.161 Y177.284 E279.29602
G1 X214.926 Y179.896 E279.38324
G1 X214.518 Y182.509 E279.47121
G1 X213.946 Y185.066 E279.55835
G1 X213.204 Y187.591 E279.64589
G1 X212.296 Y190.071 E279.73373
G1 X211.23 Y192.479 E279.82131
G1 X210.014 Y194.803 E279.90855
G1 X208.643 Y197.05 E279.9961
G1 X207.129 Y199.203 E280.08364
G1 X205.469 Y201.262 E280.17161
G1 X203.696 Y203.19 E280.25873
G1 X201.787 Y205.01 E280.34645
G1 X199.77 Y206.694 E280.43385
G1 X197.634 Y208.253 E280.5218
G1 X195.422 Y209.656 E280.60892
G1 X193.099 Y210.923 E280.69693
G1 X190.724 Y212.025 E280.78401
G1 X188.259 Y212.977 E280.8719
G1 X185.743 Y213.764 E280.95958
G1 X183.196 Y214.381 E281.04675
G1 X180.601 Y214.833 E281.13436
G1 X177.982 Y215.114 E281.22196
G1 X175.365 Y215.223 E281.30908
G1 X172.716 Y215.161 E281.39721
G1 X170.104 Y214.926 E281.48444
G1 X167.491 Y214.518 E281.5724
G1 X164.93 Y213.945 E281.65968
G1 X162.407 Y213.203 E281.74715
G1 X159.929 Y212.296 E281.83492
G1 X157.521 Y211.23 E281.92251
G1 X155.194 Y210.012 E282.00986
G1 X152.947 Y208.641 E282.09741
G1 X150.794 Y207.127 E282.18496
G1 X148.738 Y205.469 E282.2728
G1 X146.81 Y203.696 E282.35992
G1 X144.99 Y201.787 E282.44765
G1 X143.304 Y199.767 E282.53516
G1 X141.747 Y197.634 E282.62299
G1 X140.344 Y195.422 E282.71012
G1 X139.077 Y193.1 E282.79809
G1 X137.975 Y190.724 E282.88521
G1 X137.022 Y188.256 E282.9732
G1 X136.236 Y185.743 E283.06078
G1 X135.619 Y183.196 E283.14794
G1 X135.167 Y180.601 E283.23555
G1 X134.885 Y177.975 E283.32339
G1 X134.776 Y175.345 E283.41094
G1 X134.839 Y172.713 E283.49851
G1 X135.074 Y170.104 E283.58563
G1 X135.482 Y167.491 E283.6736
G1 X136.052 Y164.943 E283.76044
G1 X136.796 Y162.409 E283.84828
G1 X137.706 Y159.925 E283.93626
G1 X138.823 Y157.403 E284.028
G1 X138.677 Y157.232 E284.03548
G1 X139.237 Y156.11 E284.07719
G1 X139.713 Y155.203 E284.11126
G1 X140.118 Y154.482 E284.13877
G1 X140.457 Y153.916 E284.16071
G1 X140.73 Y153.485 E284.17768
G1 X141.391 Y152.497 E284.21721
G1 X141.69 Y152.105 E284.23361
G1 X141.893 Y151.801 E284.24577
G1 X140.246 Y150.149 E284.32336
G1 X137.872 Y147.778 E284.43495
G1 X136.605 Y146.509 E284.4946
G1 X140.726 Y142.388 E284.68844
G1 X146.781 Y148.45 E284.97341
G1 X148.402 Y146.828 E285.04968
G1 X144.973 Y143.393 E285.21111
G1 X142.347 Y140.767 E285.33463
;MESH:NONMESH
G0 F300 X142.347 Y140.767 Z6
G0 F12000 X142.346 Y140.767
;TIME_ELAPSED:327.724785
;LAYER:29
;TYPE:WALL-OUTER
;MESH:Warp_Reaction_Chamber_Lens.stl
G1 F1711 X146.485 Y136.628 E285.52931
G1 X151.779 Y141.923 E285.77835
G1 X152.187 Y141.648 E285.79472
G1 X152.815 Y141.185 E285.82067
G1 X152.921 Y141.109 E285.82501
G1 X153.529 Y140.715 E285.8491
G1 X154.24 Y140.278 E285.87686
G1 X155.084 Y139.792 E285.90925
G1 X156.058 Y139.271 E285.94599
G1 X156.612 Y138.99 E285.96665
G1 X156.759 Y139.142 E285.97369
G1 X159.276 Y137.975 E286.06596
G1 X161.741 Y137.023 E286.15385
G1 X164.257 Y136.236 E286.24153
G1 X166.804 Y135.619 E286.32869
G1 X169.399 Y135.167 E286.4163
G1 X172.018 Y134.886 E286.50391
G1 X174.65 Y134.776 E286.59153
G1 X177.284 Y134.839 E286.67916
G1 X179.896 Y135.074 E286.76639
G1 X182.509 Y135.482 E286.85435
G1 X185.07 Y136.055 E286.94163
G1 X187.593 Y136.797 E287.0291
G1 X190.071 Y137.704 E287.11687
G1 X192.479 Y138.77 E287.20446
G1 X194.802 Y139.986 E287.29167
G1 X197.05 Y141.357 E287.37924
G1 X199.203 Y142.871 E287.46678
G1 X201.262 Y144.531 E287.55475
G1 X203.19 Y146.304 E287.64187
G1 X205.01 Y148.213 E287.7296
G1 X206.694 Y150.23 E287.81699
G1 X208.253 Y152.366 E287.90494
G1 X209.656 Y154.578 E287.99206
G1 X210.923 Y156.901 E288.08007
G1 X212.025 Y159.276 E288.16715
G1 X212.978 Y161.744 E288.25515
G1 X213.764 Y164.257 E288.34272
G1 X214.381 Y166.802 E288.42982
G1 X214.833 Y169.395 E288.51737
G1 X215.114 Y172.012 E288.60491
G1 X215.224 Y174.655 E288.69289
G1 X215.161 Y177.284 E288.78036
G1 X214.926 Y179.896 E288.86758
G1 X214.518 Y182.509 E288.95555
G1 X213.946 Y185.066 E289.04269
G1 X213.204 Y187.591 E289.13023
G1 X212.296 Y190.071 E289.21807
G1 X211.23 Y192.479 E289.30565
G1 X210.014 Y194.803 E289.39289
G1 X208.643 Y197.05 E289.48044
G1 X207.129 Y199.203 E289.56798
G1 X205.469 Y201.262 E289.65595
G1 X203.696 Y203.19 E289.74307
G1 X201.787 Y205.01 E289.83079
G1 X199.77 Y206.694 E289.91819
G1 X197.634 Y208.253 E290.00614
G1 X195.422 Y209.656 E290.09326
G1 X193.099 Y210.923 E290.18127
G1 X190.724 Y212.025 E290.26835
G1 X188.259 Y212.977 E290.35624
G1 X185.743 Y213.764 E290.44392
G1 X183.196 Y214.381 E290.53109
G1 X180.601 Y214.833 E290.6187
G1 X177.982 Y215.114 E290.7063
G1 X175.364 Y215.223 E290.79345
G1 X172.716 Y215.161 E290.88155
G1 X170.104 Y214.926 E290.96878
G1 X167.486 Y214.518 E291.0569
G1 X164.93 Y213.945 E291.14403
G1 X162.407 Y213.203 E291.2315
G1 X159.929 Y212.296 E291.31926
G1 X157.521 Y211.23 E291.40685
G1 X155.194 Y210.012 E291.49421
G1 X152.947 Y208.641 E291.58175
G1 X150.794 Y207.127 E291.6693
G1 X148.738 Y205.469 E291.75714
G1 X146.81 Y203.696 E291.84426
G1 X144.99 Y201.787 E291.93199
G1 X143.304 Y199.767 E292.0195
G1 X141.747 Y197.634 E292.10733
G1 X140.344 Y195.422 E292.19446
G1 X139.077 Y193.1 E292.28244
G1 X137.975 Y190.724 E292.36955
G1 X137.022 Y188.256 E292.45754
G1 X136.236 Y185.743 E292.54512
G1 X135.619 Y183.196 E292.63228
G1 X135.167 Y180.601 E292.71989
G1 X134.885 Y177.975 E292.80773
G1 X134.776 Y175.345 E292.89528
G1 X134.839 Y172.713 E292.98285
G1 X135.074 Y170.104 E293.06998
G1 X135.482 Y167.491 E293.15794
G1 X136.052 Y164.942 E293.24481
G1 X136.796 Y162.409 E293.33262
G1 X137.706 Y159.925 E293.42061
G1 X138.823 Y157.403 E293.51235
G1 X138.677 Y157.232 E293.51983
G1 X138.728 Y157.126 E293.52374
G1 X139.236 Y156.112 E293.56146
G1 X139.709 Y155.208 E293.59539
G1 X140.11 Y154.493 E293.62266
G1 X140.44 Y153.939 E293.64411
G1 X140.733 Y153.482 E293.66216
G1 X141.399 Y152.485 E293.70204
G1 X141.699 Y152.092 E293.71848
G1 X141.881 Y151.821 E293.72934
G1 X136.587 Y146.526 E293.97838
G1 X140.726 Y142.388 E294.17304
G1 X146.781 Y148.45 E294.45802
G1 X148.402 Y146.828 E294.53429
G1 X145.354 Y143.775 E294.67777
G1 X142.346 Y140.767 E294.81926
;MESH:NONMESH
G0 F300 X142.346 Y140.767 Z6.2
G0 F12000 X142.347 Y140.766
;TIME_ELAPSED:338.147853
;LAYER:30
;TYPE:WALL-OUTER
;MESH:Warp_Reaction_Chamber_Lens.stl
G1 F1711 X146.498 Y136.615 E295.01451
G1 X151.793 Y141.913 E295.26364
G1 X152.115 Y141.697 E295.27654
G1 X152.557 Y141.371 E295.2948
G1 X152.902 Y141.121 E295.30897
G1 X153.526 Y140.717 E295.3337
G1 X154.24 Y140.278 E295.36158
G1 X155.084 Y139.792 E295.39397
G1 X156.058 Y139.271 E295.43071
G1 X156.612 Y138.99 E295.45137
G1 X156.759 Y139.142 E295.4584
G1 X159.276 Y137.975 E295.55068
G1 X161.741 Y137.023 E295.63857
G1 X164.257 Y136.236 E295.72625
G1 X166.804 Y135.619 E295.81341
G1 X169.399 Y135.167 E295.90102
G1 X172.018 Y134.886 E295.98863
G1 X174.65 Y134.776 E296.07625
G1 X177.284 Y134.839 E296.16388
G1 X179.896 Y135.074 E296.2511
G1 X182.509 Y135.482 E296.33907
G1 X185.07 Y136.055 E296.42635
G1 X187.593 Y136.797 E296.51382
G1 X190.071 Y137.704 E296.60159
G1 X192.479 Y138.77 E296.68917
G1 X194.802 Y139.986 E296.77638
G1 X197.05 Y141.357 E296.86396
G1 X199.203 Y142.871 E296.9515
G1 X201.262 Y144.531 E297.03947
G1 X203.19 Y146.304 E297.12659
G1 X205.01 Y148.213 E297.21431
G1 X206.694 Y150.23 E297.30171
G1 X208.253 Y152.366 E297.38966
G1 X209.656 Y154.578 E297.47678
G1 X210.923 Y156.901 E297.56479
G1 X212.025 Y159.276 E297.65187
G1 X212.978 Y161.744 E297.73986
G1 X213.764 Y164.257 E297.82744
G1 X214.381 Y166.802 E297.91454
G1 X214.833 Y169.395 E298.00208
G1 X215.114 Y172.012 E298.08963
G1 X215.224 Y174.655 E298.17761
G1 X215.161 Y177.284 E298.26507
G1 X214.926 Y179.896 E298.3523
G1 X214.518 Y182.509 E298.44026
G1 X213.946 Y185.066 E298.52741
G1 X213.204 Y187.591 E298.61494
G1 X212.296 Y190.071 E298.70278
G1 X211.23 Y192.479 E298.79037
G1 X210.014 Y194.803 E298.87761
G1 X208.643 Y197.05 E298.96516
G1 X207.129 Y199.203 E299.0527
G1 X205.469 Y201.262 E299.14067
G1 X203.696 Y203.19 E299.22778
G1 X201.786 Y205.01 E299.31553
G1 X199.77 Y206.694 E299.4029
G1 X197.634 Y208.253 E299.49086
G1 X195.422 Y209.656 E299.57798
G1 X193.099 Y210.923 E299.66599
G1 X190.724 Y212.025 E299.75307
G1 X188.259 Y212.977 E299.84096
G1 X185.743 Y213.764 E299.92864
G1 X183.196 Y214.381 E300.0158
G1 X180.601 Y214.833 E300.10341
G1 X177.982 Y215.114 E300.19102
G1 X175.363 Y215.223 E300.2782
G1 X172.716 Y215.161 E300.36627
G1 X170.104 Y214.926 E300.45349
G1 X167.487 Y214.518 E300.54159
G1 X164.93 Y213.945 E300.62874
G1 X162.407 Y213.203 E300.71621
G1 X159.929 Y212.296 E300.80398
G1 X157.521 Y211.23 E300.89156
G1 X155.194 Y210.012 E300.97892
G1 X152.947 Y208.641 E301.06647
G1 X150.794 Y207.127 E301.15401
G1 X148.738 Y205.469 E301.24186
G1 X146.81 Y203.696 E301.32898
G1 X144.99 Y201.787 E301.4167
G1 X143.304 Y199.767 E301.50422
G1 X141.747 Y197.634 E301.59205
G1 X140.344 Y195.422 E301.67917
G1 X139.077 Y193.1 E301.76715
G1 X137.975 Y190.724 E301.85426
G1 X137.022 Y188.256 E301.94226
G1 X136.236 Y185.743 E302.02983
G1 X135.619 Y183.196 E302.117
G1 X135.167 Y180.601 E302.2046
G1 X134.885 Y177.975 E302.29245
G1 X134.776 Y175.345 E302.38
G1 X134.839 Y172.713 E302.46756
G1 X135.074 Y170.104 E302.55469
G1 X135.482 Y167.491 E302.64265
G1 X136.052 Y164.942 E302.72953
G1 X136.796 Y162.409 E302.81733
G1 X137.706 Y159.925 E302.90532
G1 X138.823 Y157.403 E302.99706
G1 X138.677 Y157.232 E303.00454
G1 X139.235 Y156.113 E303.04613
G1 X139.707 Y155.211 E303.07999
G1 X140.106 Y154.499 E303.10713
G1 X140.434 Y153.949 E303.12843
G1 X140.706 Y153.522 E303.14527
G1 X141.402 Y152.48 E303.18695
G1 X141.72 Y152.06 E303.20447
G1 X141.869 Y151.835 E303.21345
G1 X139.549 Y149.512 E303.32264
G1 X136.575 Y146.539 E303.46251
G1 X140.726 Y142.388 E303.65776
G1 X145.315 Y146.98 E303.87368
G1 X146.781 Y148.45 E303.94273
G1 X148.402 Y146.828 E304.019
G1 X142.347 Y140.766 E304.30398
;TIME_ELAPSED:348.494141
;LAYER:31
;MESH:Warp_Reaction_Chamber_Lens.stl
G0 F12000 X142.347 Y140.766 Z6.4
;TYPE:WALL-OUTER
G1 F1710.9 X146.505 Y136.608 E304.49955
G1 X151.804 Y141.905 E304.74876
G1 X152.043 Y141.746 E304.7583
G1 X152.297 Y141.558 E304.76881
G1 X152.891 Y141.128 E304.7932
G1 X153.523 Y140.719 E304.81824
G1 X154.24 Y140.278 E304.84624
G1 X155.084 Y139.792 E304.87863
G1 X156.058 Y139.271 E304.91537
G1 X156.612 Y138.99 E304.93603
G1 X156.759 Y139.142 E304.94307
G1 X159.276 Y137.975 E305.03534
G1 X161.741 Y137.023 E305.12323
G1 X164.257 Y136.236 E305.21091
G1 X166.804 Y135.619 E305.29807
G1 X169.399 Y135.167 E305.38568
G1 X172.018 Y134.886 E305.47329
G1 X174.65 Y134.776 E305.56091
G1 X177.284 Y134.839 E305.64854
G1 X179.896 Y135.074 E305.73577
G1 X182.509 Y135.482 E305.82373
G1 X185.07 Y136.055 E305.91101
G1 X187.593 Y136.797 E305.99848
G1 X190.071 Y137.704 E306.08625
G1 X192.479 Y138.77 E306.17384
G1 X194.802 Y139.986 E306.26105
G1 X197.05 Y141.357 E306.34862
G1 X199.203 Y142.871 E306.43616
G1 X201.262 Y144.531 E306.52413
G1 X203.19 Y146.304 E306.61125
G1 X205.01 Y148.213 E306.69898
G1 X206.694 Y150.23 E306.78637
G1 X208.253 Y152.366 E306.87432
G1 X209.656 Y154.578 E306.96144
G1 X210.923 Y156.901 E307.04945
G1 X212.025 Y159.276 E307.13653
G1 X212.978 Y161.744 E307.22453
G1 X213.764 Y164.257 E307.3121
G1 X214.381 Y166.802 E307.3992
G1 X214.833 Y169.395 E307.48675
G1 X215.114 Y172.012 E307.57429
G1 X215.224 Y174.655 E307.66227
G1 X215.161 Y177.284 E307.74974
G1 X214.926 Y179.896 E307.83696
G1 X214.518 Y182.509 E307.92493
G1 X213.946 Y185.066 E308.01207
G1 X213.204 Y187.591 E308.09961
G1 X212.296 Y190.071 E308.18745
G1 X211.23 Y192.479 E308.27503
G1 X210.014 Y194.803 E308.36227
G1 X208.643 Y197.05 E308.44982
G1 X207.129 Y199.203 E308.53736
G1 X205.469 Y201.262 E308.62533
G1 X203.696 Y203.19 E308.71245
G1 X201.787 Y205.01 E308.80017
G1 X199.77 Y206.694 E308.88757
G1 X197.634 Y208.253 E308.97552
G1 X195.422 Y209.656 E309.06264
G1 X193.099 Y210.923 E309.15065
G1 X190.724 Y212.025 E309.23773
G1 X188.259 Y212.977 E309.32562
G1 X185.743 Y213.764 E309.4133
G1 X183.196 Y214.381 E309.50047
G1 X180.601 Y214.833 E309.58808
G1 X177.982 Y215.114 E309.67568
G1 X175.363 Y215.223 E309.76287
G1 X172.716 Y215.161 E309.85093
G1 X170.104 Y214.926 E309.93816
G1 X167.487 Y214.518 E310.02625
G1 X164.93 Y213.945 E310.11341
G1 X162.407 Y213.203 E310.20088
G1 X159.929 Y212.296 E310.28864
G1 X157.521 Y211.23 E310.37623
G1 X155.194 Y210.012 E310.46359
G1 X152.947 Y208.641 E310.55113
G1 X150.794 Y207.127 E310.63868
G1 X148.738 Y205.469 E310.72652
G1 X146.81 Y203.696 E310.81364
G1 X144.99 Y201.787 E310.90137
G1 X143.304 Y199.767 E310.98888
G1 X141.747 Y197.634 E311.07671
G1 X140.344 Y195.422 E311.16384
G1 X139.077 Y193.1 E311.25182
G1 X137.975 Y190.724 E311.33893
G1 X137.022 Y188.256 E311.42692
G1 X136.236 Y185.743 E311.5145
G1 X135.619 Y183.196 E311.60166
G1 X135.167 Y180.601 E311.68927
G1 X134.885 Y177.975 E311.77711
G1 X134.776 Y175.345 E311.86466
G1 X134.839 Y172.713 E311.95223
G1 X135.074 Y170.104 E312.03935
G1 X135.482 Y167.491 E312.12732
G1 X136.055 Y164.93 E312.2146
G1 X136.796 Y162.409 E312.302
G1 X137.706 Y159.925 E312.38999
G1 X138.823 Y157.403 E312.48173
G1 X138.677 Y157.232 E312.48921
G1 X139.234 Y156.114 E312.53075
G1 X139.706 Y155.214 E312.56455
G1 X140.101 Y154.505 E312.59154
G1 X140.427 Y153.959 E312.6127
G1 X140.697 Y153.535 E312.62941
G1 X141.404 Y152.478 E312.67171
G1 X141.851 Y151.881 E312.69651
G1 X141.661 Y151.643 E312.70664
G1 X140.779 Y150.759 E312.74818
G1 X139.54 Y149.522 E312.80641
G1 X138.739 Y148.718 E312.84416
G1 X136.567 Y146.547 E312.9463
G1 X140.726 Y142.388 E313.14192
G1 X146.781 Y148.45 E313.4269
G1 X148.402 Y146.828 E313.50317
G1 X142.347 Y140.766 E313.78814
;TIME_ELAPSED:358.923968
;LAYER:32
;MESH:Warp_Reaction_Chamber_Lens.stl
G0 F12000 X142.347 Y140.766 Z6.6
;TYPE:WALL-OUTER
G1 F1711 X146.509 Y136.604 E313.98391
G1 X148.409 Y138.506 E314.07333
G1 X149.483 Y139.577 E314.12377
G1 X150.32 Y140.417 E314.16321
G1 X151.223 Y141.317 E314.20562
G1 X151.553 Y141.65 E314.22121
G1 X151.823 Y141.9 E314.23345
G1 X152.881 Y141.135 E314.27687
G1 X153.516 Y140.723 E314.30205
G1 X154.245 Y140.275 E314.33051
G1 X155.084 Y139.792 E314.36271
G1 X156.117 Y139.241 E314.40165
G1 X156.612 Y138.99 E314.42011
G1 X156.759 Y139.142 E314.42714
G1 X159.276 Y137.975 E314.51942
G1 X161.741 Y137.023 E314.6073
G1 X164.257 Y136.236 E314.69498
G1 X166.804 Y135.619 E314.78215
G1 X169.399 Y135.167 E314.86976
G1 X172.018 Y134.886 E314.95737
G1 X174.65 Y134.776 E315.04498
G1 X177.284 Y134.839 E315.13262
G1 X179.896 Y135.074 E315.21984
G1 X182.509 Y135.482 E315.3078
G1 X185.07 Y136.055 E315.39509
G1 X187.593 Y136.797 E315.48256
G1 X190.071 Y137.704 E315.57032
G1 X192.479 Y138.77 E315.65791
G1 X194.802 Y139.986 E315.74512
G1 X197.05 Y141.357 E315.8327
G1 X199.203 Y142.871 E315.92024
G1 X201.262 Y144.531 E316.00821
G1 X203.19 Y146.304 E316.09532
G1 X205.01 Y148.213 E316.18305
G1 X206.694 Y150.23 E316.27044
G1 X208.253 Y152.366 E316.3584
G1 X209.656 Y154.578 E316.44552
G1 X210.923 Y156.901 E316.53353
G1 X212.025 Y159.276 E316.62061
G1 X212.978 Y161.744 E316.7086
G1 X213.764 Y164.257 E316.79618
G1 X214.381 Y166.802 E316.88328
G1 X214.833 Y169.395 E316.97082
G1 X215.114 Y172.012 E317.05836
G1 X215.224 Y174.655 E317.14635
G1 X215.161 Y177.284 E317.23381
G1 X214.926 Y179.896 E317.32104
G1 X214.518 Y182.509 E317.409
G1 X213.946 Y185.066 E317.49615
G1 X213.204 Y187.591 E317.58368
G1 X212.296 Y190.071 E317.67152
G1 X211.23 Y192.479 E317.75911
G1 X210.014 Y194.803 E317.84635
G1 X208.643 Y197.05 E317.9339
G1 X207.129 Y199.203 E318.02144
G1 X205.469 Y201.262 E318.1094
G1 X203.696 Y203.19 E318.19652
G1 X201.787 Y205.01 E318.28425
G1 X199.77 Y206.694 E318.37164
G1 X197.634 Y208.253 E318.4596
G1 X195.422 Y209.656 E318.54672
G1 X193.099 Y210.923 E318.63473
G1 X190.724 Y212.025 E318.72181
G1 X188.259 Y212.977 E318.8097
G1 X185.743 Y213.764 E318.89738
G1 X183.196 Y214.381 E318.98454
G1 X180.601 Y214.833 E319.07215
G1 X177.982 Y215.114 E319.15976
G1 X175.362 Y215.223 E319.24697
G1 X172.716 Y215.161 E319.33501
G1 X170.104 Y214.926 E319.42223
G1 X167.487 Y214.518 E319.51033
G1 X164.93 Y213.945 E319.59748
G1 X162.407 Y213.203 E319.68495
G1 X159.929 Y212.296 E319.77272
G1 X157.521 Y211.23 E319.8603
G1 X155.194 Y210.012 E319.94766
G1 X152.947 Y208.641 E320.03521
G1 X150.794 Y207.127 E320.12275
G1 X148.738 Y205.469 E320.2106
G1 X146.81 Y203.696 E320.29772
G1 X144.99 Y201.787 E320.38544
G1 X143.304 Y199.767 E320.47295
G1 X141.747 Y197.634 E320.56079
G1 X140.344 Y195.422 E320.64791
G1 X139.077 Y193.1 E320.73589
G1 X137.975 Y190.724 E320.823
G1 X137.022 Y188.256 E320.911
G1 X136.236 Y185.743 E320.99857
G1 X135.619 Y183.196 E321.08573
G1 X135.167 Y180.601 E321.17334
G1 X134.885 Y177.975 E321.26119
G1 X134.776 Y175.345 E321.34874
G1 X134.839 Y172.713 E321.4363
G1 X135.074 Y170.104 E321.52343
G1 X135.482 Y167.491 E321.61139
G1 X136.052 Y164.941 E321.6983
G1 X136.796 Y162.409 E321.78607
G1 X137.706 Y159.925 E321.87406
G1 X138.823 Y157.402 E321.96583
G1 X138.677 Y157.232 E321.97329
G1 X139.233 Y156.115 E322.01478
G1 X139.704 Y155.218 E322.04848
G1 X140.128 Y154.46 E322.07737
G1 X140.421 Y153.968 E322.09642
G1 X140.686 Y153.551 E322.11285
G1 X141.409 Y152.47 E322.1561
G1 X141.866 Y151.856 E322.18156
G1 X141.278 Y151.265 E322.20929
G1 X136.564 Y146.551 E322.43102
G1 X140.726 Y142.388 E322.62681
G1 X145.315 Y146.98 E322.84274
G1 X146.781 Y148.45 E322.91179
G1 X148.402 Y146.828 E322.98806
G1 X142.347 Y140.766 E323.27303
;TIME_ELAPSED:369.355393
;LAYER:33
;MESH:Warp_Reaction_Chamber_Lens.stl
G0 F12000 X142.347 Y140.766 Z6.8
;TYPE:WALL-OUTER
G1 F1711.1 X146.508 Y136.605 E323.46875
G1 X149.885 Y139.982 E323.62759
G1 X150.149 Y140.249 E323.64008
G1 X150.493 Y140.591 E323.65622
G1 X150.718 Y140.818 E323.66685
G1 X151.81 Y141.908 E323.71816
G1 X152.885 Y141.132 E323.76226
G1 X153.522 Y140.719 E323.78751
G1 X154.24 Y140.278 E323.81554
G1 X155.084 Y139.792 E323.84793
G1 X156.058 Y139.271 E323.88467
G1 X156.612 Y138.99 E323.90533
G1 X156.759 Y139.142 E323.91236
G1 X159.276 Y137.975 E324.00464
G1 X161.741 Y137.023 E324.09253
G1 X164.257 Y136.236 E324.18021
G1 X166.804 Y135.619 E324.26737
G1 X169.399 Y135.167 E324.35498
G1 X172.018 Y134.886 E324.44259
G1 X174.65 Y134.776 E324.53021
G1 X177.284 Y134.839 E324.61784
G1 X179.896 Y135.074 E324.70506
G1 X182.509 Y135.482 E324.79303
G1 X185.07 Y136.055 E324.88031
G1 X187.593 Y136.797 E324.96778
G1 X190.071 Y137.704 E325.05555
G1 X192.479 Y138.77 E325.14313
G1 X194.802 Y139.986 E325.23034
G1 X197.05 Y141.357 E325.31792
G1 X199.203 Y142.871 E325.40546
G1 X201.262 Y144.531 E325.49343
G1 X203.19 Y146.304 E325.58055
G1 X205.01 Y148.213 E325.66827
G1 X206.694 Y150.23 E325.75567
G1 X208.253 Y152.366 E325.84362
G1 X209.656 Y154.578 E325.93074
G1 X210.923 Y156.901 E326.01875
G1 X212.025 Y159.276 E326.10583
G1 X212.978 Y161.744 E326.19382
G1 X213.764 Y164.257 E326.2814
G1 X214.381 Y166.802 E326.3685
G1 X214.833 Y169.395 E326.45604
G1 X215.114 Y172.012 E326.54359
G1 X215.224 Y174.655 E326.63157
G1 X215.161 Y177.284 E326.71903
G1 X214.926 Y179.896 E326.80626
G1 X214.518 Y182.509 E326.89422
G1 X213.946 Y185.066 E326.98137
G1 X213.204 Y187.591 E327.0689
G1 X212.296 Y190.071 E327.15674
G1 X211.23 Y192.479 E327.24433
G1 X210.014 Y194.803 E327.33157
G1 X208.643 Y197.05 E327.41912
G1 X207.129 Y199.203 E327.50666
G1 X205.469 Y201.262 E327.59463
G1 X203.696 Y203.19 E327.68174
G1 X201.787 Y205.01 E327.76947
G1 X199.77 Y206.694 E327.85686
G1 X197.634 Y208.253 E327.94482
G1 X195.422 Y209.656 E328.03194
G1 X193.099 Y210.923 E328.11995
G1 X190.724 Y212.025 E328.20703
G1 X188.259 Y212.977 E328.29492
G1 X185.743 Y213.764 E328.3826
G1 X183.196 Y214.381 E328.46976
G1 X180.601 Y214.833 E328.55737
G1 X177.982 Y215.114 E328.64498
G1 X175.361 Y215.223 E328.73223
G1 X172.716 Y215.161 E328.82023
G1 X170.104 Y214.926 E328.90745
G1 X167.487 Y214.518 E328.99555
G1 X164.93 Y213.945 E329.0827
G1 X162.407 Y213.203 E329.17017
G1 X159.929 Y212.296 E329.25794
G1 X157.521 Y211.23 E329.34553
G1 X155.194 Y210.012 E329.43288
G1 X152.947 Y208.641 E329.52043
G1 X150.794 Y207.127 E329.60797
G1 X148.738 Y205.469 E329.69582
G1 X146.81 Y203.696 E329.78294
G1 X144.99 Y201.787 E329.87066
G1 X143.304 Y199.767 E329.95818
G1 X141.747 Y197.634 E330.04601
G1 X140.344 Y195.422 E330.13313
G1 X139.077 Y193.1 E330.22111
G1 X137.975 Y190.724 E330.30822
G1 X137.022 Y188.256 E330.39622
G1 X136.236 Y185.743 E330.48379
G1 X135.619 Y183.196 E330.57096
G1 X135.167 Y180.601 E330.65857
G1 X134.885 Y177.975 E330.74641
G1 X134.776 Y175.345 E330.83396
G1 X134.839 Y172.713 E330.92152
G1 X135.074 Y170.104 E331.00865
G1 X135.482 Y167.491 E331.09661
G1 X136.052 Y164.941 E331.18352
G1 X136.796 Y162.409 E331.27129
G1 X137.706 Y159.925 E331.35928
G1 X138.823 Y157.403 E331.45102
G1 X138.677 Y157.232 E331.4585
G1 X139.233 Y156.115 E331.5
G1 X139.705 Y155.216 E331.53377
G1 X140.102 Y154.505 E331.56086
G1 X140.423 Y153.966 E331.58172
G1 X140.692 Y153.543 E331.5984
G1 X141.404 Y152.478 E331.64101
G1 X141.867 Y151.854 E331.66685
G1 X138.736 Y148.72 E331.81419
G1 X138.189 Y148.176 E331.83985
G1 X137.832 Y147.817 E331.85669
G1 X136.689 Y146.675 E331.91043
G1 X136.565 Y146.549 E331.91631
G1 X140.726 Y142.388 E332.11203
G1 X145.315 Y146.98 E332.32795
G1 X146.781 Y148.45 E332.397
G1 X148.402 Y146.828 E332.47327
G1 X142.347 Y140.766 E332.75825
;TIME_ELAPSED:379.787199
;LAYER:34
;MESH:Warp_Reaction_Chamber_Lens.stl
G0 F12000 X142.347 Y140.766 Z7
;TYPE:WALL-OUTER
G1 F1711 X146.502 Y136.611 E332.95369
G1 X151.799 Y141.907 E333.20282
G1 X152.068 Y141.729 E333.21355
G1 X152.385 Y141.494 E333.22667
G1 X152.896 Y141.125 E333.24763
G1 X153.525 Y140.718 E333.27255
G1 X154.24 Y140.278 E333.30048
G1 X155.084 Y139.792 E333.33287
G1 X156.058 Y139.271 E333.36961
G1 X156.612 Y138.99 E333.39027
G1 X156.759 Y139.142 E333.3973
G1 X159.276 Y137.975 E333.48958
G1 X161.741 Y137.023 E333.57747
G1 X164.257 Y136.236 E333.66515
G1 X166.804 Y135.619 E333.75231
G1 X169.399 Y135.167 E333.83992
G1 X172.018 Y134.886 E333.92753
G1 X174.65 Y134.776 E334.01514
G1 X177.284 Y134.839 E334.10278
G1 X179.896 Y135.074 E334.19
G1 X182.509 Y135.482 E334.27797
G1 X185.07 Y136.055 E334.36525
G1 X187.593 Y136.797 E334.45272
G1 X190.071 Y137.704 E334.54049
G1 X192.479 Y138.77 E334.62807
G1 X194.802 Y139.986 E334.71528
G1 X197.05 Y141.357 E334.80286
G1 X199.203 Y142.871 E334.8904
G1 X201.262 Y144.531 E334.97837
G1 X203.19 Y146.304 E335.06549
G1 X205.01 Y148.213 E335.15321
G1 X206.694 Y150.23 E335.2406
G1 X208.253 Y152.366 E335.32856
G1 X209.656 Y154.578 E335.41568
G1 X210.923 Y156.901 E335.50369
G1 X212.025 Y159.276 E335.59077
G1 X212.978 Y161.744 E335.67876
G1 X213.764 Y164.257 E335.76634
G1 X214.381 Y166.802 E335.85344
G1 X214.833 Y169.395 E335.94098
G1 X215.114 Y172.012 E336.02852
G1 X215.224 Y174.655 E336.11651
G1 X215.161 Y177.284 E336.20397
G1 X214.926 Y179.896 E336.2912
G1 X214.518 Y182.509 E336.37916
G1 X213.946 Y185.066 E336.46631
G1 X213.204 Y187.591 E336.55384
G1 X212.296 Y190.071 E336.64168
G1 X211.23 Y192.479 E336.72927
G1 X210.014 Y194.803 E336.81651
G1 X208.643 Y197.05 E336.90406
G1 X207.129 Y199.203 E336.9916
G1 X205.469 Y201.262 E337.07957
G1 X203.696 Y203.19 E337.16668
G1 X201.787 Y205.01 E337.25441
G1 X199.77 Y206.694 E337.3418
G1 X197.634 Y208.253 E337.42976
G1 X195.422 Y209.656 E337.51688
G1 X193.099 Y210.923 E337.60489
G1 X190.724 Y212.025 E337.69197
G1 X188.259 Y212.977 E337.77986
G1 X185.743 Y213.764 E337.86754
G1 X183.196 Y214.381 E337.9547
G1 X180.601 Y214.833 E338.04231
G1 X177.982 Y215.114 E338.12992
G1 X175.356 Y215.223 E338.21734
G1 X172.716 Y215.161 E338.30517
G1 X170.104 Y214.926 E338.39239
G1 X167.488 Y214.518 E338.48045
G1 X164.93 Y213.945 E338.56764
G1 X162.407 Y213.203 E338.65511
G1 X159.929 Y212.296 E338.74288
G1 X157.521 Y211.23 E338.83046
G1 X155.194 Y210.012 E338.91782
G1 X152.947 Y208.641 E339.00537
G1 X150.794 Y207.127 E339.09291
G1 X148.738 Y205.469 E339.18076
G1 X146.81 Y203.696 E339.26788
G1 X144.99 Y201.787 E339.3556
G1 X143.304 Y199.767 E339.44312
G1 X141.747 Y197.634 E339.53095
G1 X140.344 Y195.422 E339.61807
G1 X139.077 Y193.1 E339.70605
G1 X137.975 Y190.724 E339.79316
G1 X137.022 Y188.256 E339.88116
G1 X136.236 Y185.743 E339.96873
G1 X135.619 Y183.196 E340.0559
G1 X135.167 Y180.601 E340.1435
G1 X134.885 Y177.975 E340.23135
G1 X134.776 Y175.345 E340.3189
G1 X134.839 Y172.713 E340.40646
G1 X135.074 Y170.104 E340.49359
G1 X135.482 Y167.491 E340.58155
G1 X136.052 Y164.941 E340.66846
G1 X136.796 Y162.409 E340.75623
G1 X137.706 Y159.925 E340.84422
G1 X138.823 Y157.403 E340.93596
G1 X138.677 Y157.232 E340.94344
G1 X138.727 Y157.128 E340.94728
G1 X139.234 Y156.114 E340.98499
G1 X139.707 Y155.213 E341.01883
G1 X140.106 Y154.499 E341.04604
G1 X140.43 Y153.955 E341.06709
G1 X140.7 Y153.53 E341.08384
G1 X141.404 Y152.478 E341.12594
G1 X141.56 Y152.268 E341.13464
G1 X141.733 Y152.041 E341.14414
G1 X141.864 Y151.841 E341.15209
G1 X140.782 Y150.756 E341.20305
G1 X136.57 Y146.545 E341.40115
G1 X140.726 Y142.388 E341.59666
G1 X146.781 Y148.45 E341.88163
G1 X148.402 Y146.828 E341.9579
G1 X142.347 Y140.766 E342.24288
;TIME_ELAPSED:390.217509
;LAYER:35
;MESH:Warp_Reaction_Chamber_Lens.stl
G0 F12000 X142.347 Y140.766 Z7.2
;TYPE:WALL-OUTER
G1 F1711 X146.493 Y136.62 E342.43789
G1 X148.133 Y138.259 E342.51501
G1 X148.663 Y138.792 E342.54001
G1 X148.995 Y139.121 E342.55555
G1 X149.466 Y139.594 E342.57776
G1 X150.91 Y141.036 E342.64563
G1 X151.788 Y141.917 E342.687
G1 X152.14 Y141.679 E342.70113
G1 X152.645 Y141.307 E342.72199
G1 X152.906 Y141.118 E342.73271
G1 X153.527 Y140.716 E342.75732
G1 X154.24 Y140.278 E342.78515
G1 X155.084 Y139.792 E342.81754
G1 X156.058 Y139.271 E342.85428
G1 X156.612 Y138.99 E342.87494
G1 X156.759 Y139.142 E342.88197
G1 X159.276 Y137.975 E342.97425
G1 X161.741 Y137.023 E343.06214
G1 X164.257 Y136.236 E343.14982
G1 X166.804 Y135.619 E343.23698
G1 X169.399 Y135.167 E343.32459
G1 X172.018 Y134.886 E343.4122
G1 X174.65 Y134.776 E343.49982
G1 X177.284 Y134.839 E343.58745
G1 X179.896 Y135.074 E343.67467
G1 X182.509 Y135.482 E343.76264
G1 X185.07 Y136.055 E343.84992
G1 X187.593 Y136.797 E343.93739
G1 X190.071 Y137.704 E344.02516
G1 X192.479 Y138.77 E344.11274
G1 X194.802 Y139.986 E344.19995
G1 X197.05 Y141.357 E344.28753
G1 X199.203 Y142.871 E344.37507
G1 X201.262 Y144.531 E344.46304
G1 X203.19 Y146.304 E344.55016
G1 X205.01 Y148.213 E344.63788
G1 X206.694 Y150.23 E344.72528
G1 X208.253 Y152.366 E344.81323
G1 X209.656 Y154.578 E344.90035
G1 X210.923 Y156.901 E344.98836
G1 X212.025 Y159.276 E345.07544
G1 X212.978 Y161.744 E345.16344
G1 X213.764 Y164.257 E345.25101
G1 X214.381 Y166.802 E345.33811
G1 X214.833 Y169.395 E345.42565
G1 X215.114 Y172.012 E345.5132
G1 X215.224 Y174.655 E345.60118
G1 X215.161 Y177.284 E345.68864
G1 X214.926 Y179.896 E345.77587
G1 X214.518 Y182.509 E345.86383
G1 X213.946 Y185.066 E345.95098
G1 X213.204 Y187.591 E346.03851
G1 X212.296 Y190.071 E346.12635
G1 X211.23 Y192.479 E346.21394
G1 X210.014 Y194.803 E346.30118
G1 X208.643 Y197.05 E346.38873
G1 X207.129 Y199.203 E346.47627
G1 X205.469 Y201.262 E346.56424
G1 X203.696 Y203.19 E346.65136
G1 X201.787 Y205.01 E346.73908
G1 X199.77 Y206.694 E346.82647
G1 X197.634 Y208.253 E346.91443
G1 X195.422 Y209.656 E347.00155
G1 X193.099 Y210.923 E347.08956
G1 X190.724 Y212.025 E347.17664
G1 X188.259 Y212.977 E347.26453
G1 X185.743 Y213.764 E347.35221
G1 X183.196 Y214.381 E347.43937
G1 X180.601 Y214.833 E347.52698
G1 X177.982 Y215.114 E347.61459
G1 X175.356 Y215.223 E347.70201
G1 X172.716 Y215.161 E347.78984
G1 X170.103 Y214.926 E347.8771
G1 X169.337 Y214.808 E347.90288
G1 X167.489 Y214.518 E347.96509
G1 X164.93 Y213.945 E348.05231
G1 X162.407 Y213.203 E348.13978
G1 X159.929 Y212.296 E348.22755
G1 X157.521 Y211.23 E348.31514
G1 X155.194 Y210.012 E348.40249
G1 X152.947 Y208.641 E348.49004
G1 X150.794 Y207.127 E348.57758
G1 X148.738 Y205.469 E348.66543
G1 X146.81 Y203.696 E348.75255
G1 X144.99 Y201.787 E348.84027
G1 X143.304 Y199.767 E348.92779
G1 X141.747 Y197.634 E349.01562
G1 X140.344 Y195.422 E349.10274
G1 X139.077 Y193.1 E349.19072
G1 X137.975 Y190.724 E349.27783
G1 X137.022 Y188.256 E349.36583
G1 X136.859 Y187.732 E349.38408
G1 X136.796 Y187.536 E349.39093
G1 X136.236 Y185.743 E349.4534
G1 X135.619 Y183.196 E349.54057
G1 X135.167 Y180.601 E349.62818
G1 X135.027 Y179.293 E349.67193
G1 X135.017 Y179.216 E349.67451
G1 X134.885 Y177.975 E349.71602
G1 X134.776 Y175.345 E349.80357
G1 X134.839 Y172.713 E349.89114
G1 X135.074 Y170.104 E349.97826
G1 X135.482 Y167.491 E350.06622
G1 X136.052 Y164.94 E350.15316
G1 X136.796 Y162.409 E350.24091
G1 X137.706 Y159.925 E350.32889
G1 X138.823 Y157.403 E350.42064
G1 X138.676 Y157.231 E350.42816
G1 X139.236 Y156.112 E350.46978
G1 X139.709 Y155.21 E350.50365
G1 X140.111 Y154.492 E350.53102
G1 X140.437 Y153.945 E350.5522
G1 X140.709 Y153.517 E350.56907
G1 X141.401 Y152.481 E350.61051
G1 X141.713 Y152.071 E350.62764
G1 X141.873 Y151.831 E350.63724
G1 X136.578 Y146.535 E350.88632
G1 X140.726 Y142.388 E351.08141
G1 X145.315 Y146.98 E351.29733
G1 X146.781 Y148.45 E351.36638
G1 X148.402 Y146.828 E351.44265
G1 X142.347 Y140.766 E351.72762
;TIME_ELAPSED:400.648414
;LAYER:36
;MESH:Warp_Reaction_Chamber_Lens.stl
G0 F12000 X142.347 Y140.766 Z7.4
;TYPE:WALL-OUTER
G1 F1711 X146.478 Y136.635 E351.92193
G1 X151.771 Y141.928 E352.1709
G1 X152.212 Y141.632 E352.18856
G1 X152.927 Y141.104 E352.21813
G1 X153.551 Y140.703 E352.2428
G1 X154.277 Y140.257 E352.27114
G1 X155.084 Y139.792 E352.30211
G1 X156.085 Y139.258 E352.33985
G1 X156.613 Y138.99 E352.35954
G1 X156.759 Y139.142 E352.36655
G1 X159.276 Y137.975 E352.45883
G1 X161.741 Y137.023 E352.54672
G1 X164.257 Y136.236 E352.6344
G1 X166.804 Y135.619 E352.72156
G1 X169.399 Y135.167 E352.80917
G1 X172.018 Y134.886 E352.89678
G1 X174.65 Y134.776 E352.9844
G1 X177.284 Y134.839 E353.07203
G1 X179.896 Y135.074 E353.15926
G1 X182.509 Y135.482 E353.24722
G1 X185.07 Y136.055 E353.3345
G1 X187.593 Y136.797 E353.42197
G1 X190.071 Y137.704 E353.50974
G1 X192.479 Y138.77 E353.59733
G1 X194.802 Y139.986 E353.68453
G1 X197.05 Y141.357 E353.77211
G1 X199.203 Y142.871 E353.85965
G1 X201.262 Y144.531 E353.94762
G1 X203.19 Y146.304 E354.03474
G1 X205.01 Y148.213 E354.12246
G1 X206.694 Y150.23 E354.20986
G1 X208.253 Y152.366 E354.29781
G1 X209.656 Y154.578 E354.38493
G1 X210.923 Y156.901 E354.47294
G1 X212.025 Y159.276 E354.56002
G1 X212.978 Y161.744 E354.64802
G1 X213.764 Y164.257 E354.73559
G1 X214.381 Y166.802 E354.82269
G1 X214.833 Y169.395 E354.91024
G1 X215.114 Y172.012 E354.99778
G1 X215.224 Y174.655 E355.08576
G1 X215.161 Y177.284 E355.17323
G1 X214.926 Y179.896 E355.26045
G1 X214.518 Y182.509 E355.34841
G1 X213.946 Y185.066 E355.43556
G1 X213.204 Y187.591 E355.5231
G1 X212.296 Y190.071 E355.61093
G1 X211.23 Y192.479 E355.69852
G1 X210.014 Y194.803 E355.78576
G1 X208.643 Y197.05 E355.87331
G1 X207.129 Y199.203 E355.96085
G1 X205.469 Y201.262 E356.04882
G1 X203.696 Y203.19 E356.13594
G1 X201.787 Y205.01 E356.22366
G1 X199.77 Y206.694 E356.31105
G1 X197.634 Y208.253 E356.39901
G1 X195.422 Y209.656 E356.48613
G1 X193.099 Y210.923 E356.57414
G1 X190.724 Y212.025 E356.66122
G1 X188.259 Y212.977 E356.74911
G1 X185.743 Y213.764 E356.83679
G1 X183.196 Y214.381 E356.92395
G1 X180.601 Y214.833 E357.01156
G1 X177.982 Y215.114 E357.09917
G1 X175.355 Y215.223 E357.18662
G1 X172.716 Y215.161 E357.27442
G1 X170.104 Y214.926 E357.36165
G1 X167.488 Y214.518 E357.44971
G1 X164.93 Y213.945 E357.53689
G1 X162.407 Y213.203 E357.62436
G1 X159.929 Y212.296 E357.71213
G1 X157.521 Y211.23 E357.79972
G1 X155.194 Y210.012 E357.88707
G1 X152.947 Y208.641 E357.97462
G1 X150.794 Y207.127 E358.06216
G1 X148.738 Y205.469 E358.15001
G1 X146.81 Y203.696 E358.23713
G1 X144.99 Y201.787 E358.32485
G1 X143.304 Y199.767 E358.41237
G1 X141.747 Y197.634 E358.5002
G1 X140.344 Y195.422 E358.58732
G1 X139.077 Y193.1 E358.6753
G1 X137.975 Y190.724 E358.76242
G1 X137.022 Y188.256 E358.85041
G1 X136.236 Y185.743 E358.93798
G1 X135.619 Y183.196 E359.02515
G1 X135.167 Y180.601 E359.11276
G1 X134.885 Y177.975 E359.2006
G1 X134.776 Y175.345 E359.28815
G1 X134.839 Y172.713 E359.37572
G1 X135.074 Y170.104 E359.46284
G1 X135.482 Y167.491 E359.5508
G1 X136.053 Y164.94 E359.63775
G1 X136.796 Y162.409 E359.72548
G1 X137.706 Y159.925 E359.81347
G1 X138.822 Y157.405 E359.90514
G1 X138.678 Y157.231 E359.91265
G1 X138.743 Y157.096 E359.91763
G1 X139.255 Y156.076 E359.95559
G1 X139.71 Y155.207 E359.98822
G1 X140.112 Y154.491 E360.01553
G1 X140.451 Y153.924 E360.0375
G1 X140.718 Y153.504 E360.05406
G1 X141.396 Y152.489 E360.09465
G1 X141.699 Y152.09 E360.11132
G1 X141.886 Y151.815 E360.12238
G1 X136.592 Y146.521 E360.37139
G1 X140.726 Y142.388 E360.56582
G1 X146.781 Y148.45 E360.85079
G1 X148.402 Y146.828 E360.92706
G1 X142.347 Y140.766 E361.21204
;TIME_ELAPSED:411.078712
;LAYER:37
;MESH:Warp_Reaction_Chamber_Lens.stl
G0 F12000 X142.347 Y140.766 Z7.6
;TYPE:WALL-OUTER
G1 F1710.9 X146.46 Y136.653 E361.4055
G1 X149.582 Y139.774 E361.55232
G1 X150.1 Y140.295 E361.57676
G1 X150.227 Y140.42 E361.58269
G1 X150.666 Y140.861 E361.60338
G1 X151.749 Y141.942 E361.65428
G1 X152.241 Y141.613 E361.67396
G1 X152.941 Y141.094 E361.70295
G1 X153.53 Y140.714 E361.72626
G1 X154.24 Y140.278 E361.75397
G1 X155.084 Y139.792 E361.78636
G1 X156.058 Y139.272 E361.82309
G1 X156.614 Y138.991 E361.84381
G1 X156.759 Y139.142 E361.85077
G1 X159.276 Y137.975 E361.94305
G1 X161.741 Y137.023 E362.03093
G1 X164.257 Y136.236 E362.11862
G1 X166.804 Y135.619 E362.20578
G1 X169.399 Y135.167 E362.29339
G1 X172.018 Y134.886 E362.381
G1 X174.65 Y134.776 E362.46861
G1 X177.284 Y134.839 E362.55625
G1 X179.896 Y135.074 E362.64347
G1 X182.509 Y135.482 E362.73143
G1 X185.07 Y136.055 E362.81872
G1 X187.593 Y136.797 E362.90619
G1 X190.071 Y137.704 E362.99395
G1 X192.479 Y138.77 E363.08154
G1 X194.802 Y139.986 E363.16875
G1 X197.05 Y141.357 E363.25633
G1 X199.203 Y142.871 E363.34387
G1 X201.262 Y144.531 E363.43184
G1 X203.19 Y146.304 E363.51895
G1 X205.01 Y148.213 E363.60668
G1 X206.694 Y150.23 E363.69407
G1 X208.253 Y152.366 E363.78203
G1 X209.656 Y154.578 E363.86915
G1 X210.923 Y156.901 E363.95716
G1 X212.025 Y159.276 E364.04424
G1 X212.978 Y161.744 E364.13223
G1 X213.764 Y164.257 E364.21981
G1 X214.381 Y166.802 E364.30691
G1 X214.833 Y169.395 E364.39445
G1 X215.114 Y172.012 E364.48199
G1 X215.224 Y174.655 E364.56998
G1 X215.161 Y177.284 E364.65744
G1 X214.926 Y179.896 E364.74467
G1 X214.518 Y182.509 E364.83263
G1 X213.946 Y185.066 E364.91978
G1 X213.204 Y187.591 E365.00731
G1 X212.296 Y190.071 E365.09515
G1 X211.23 Y192.479 E365.18274
G1 X210.014 Y194.803 E365.26998
G1 X208.643 Y197.05 E365.35753
G1 X207.129 Y199.203 E365.44507
G1 X205.469 Y201.262 E365.53303
G1 X203.696 Y203.19 E365.62015
G1 X201.787 Y205.01 E365.70788
G1 X199.77 Y206.694 E365.79527
G1 X197.634 Y208.253 E365.88323
G1 X195.422 Y209.656 E365.97035
G1 X193.099 Y210.923 E366.05836
G1 X190.724 Y212.025 E366.14544
G1 X188.259 Y212.977 E366.23333
G1 X185.743 Y213.764 E366.32101
G1 X183.196 Y214.381 E366.40817
G1 X180.601 Y214.833 E366.49578
G1 X177.982 Y215.114 E366.58339
G1 X175.355 Y215.223 E366.67084
G1 X172.716 Y215.161 E366.75864
G1 X170.104 Y214.926 E366.84586
G1 X167.488 Y214.518 E366.93392
G1 X164.93 Y213.945 E367.02111
G1 X162.407 Y213.203 E367.10858
G1 X159.929 Y212.296 E367.19635
G1 X157.521 Y211.23 E367.28393
G1 X155.194 Y210.012 E367.37129
G1 X152.947 Y208.641 E367.45884
G1 X150.794 Y207.127 E367.54638
G1 X148.738 Y205.469 E367.63423
G1 X146.81 Y203.696 E367.72135
G1 X144.99 Y201.787 E367.80907
G1 X143.304 Y199.767 E367.89658
G1 X141.747 Y197.634 E367.98442
G1 X140.344 Y195.422 E368.07154
G1 X139.077 Y193.1 E368.15952
G1 X137.975 Y190.724 E368.24663
G1 X137.022 Y188.256 E368.33463
G1 X136.236 Y185.743 E368.4222
G1 X135.619 Y183.196 E368.50936
G1 X135.167 Y180.601 E368.59697
G1 X134.885 Y177.975 E368.68482
G1 X134.776 Y175.345 E368.77237
G1 X134.839 Y172.713 E368.85993
G1 X135.074 Y170.104 E368.94706
G1 X135.482 Y167.491 E369.03502
G1 X136.062 Y164.904 E369.1232
G1 X136.796 Y162.409 E369.2097
G1 X137.706 Y159.925 E369.29769
G1 X138.823 Y157.403 E369.38943
G1 X138.677 Y157.232 E369.39691
G1 X138.728 Y157.126 E369.40082
G1 X139.239 Y156.108 E369.43871
G1 X139.715 Y155.2 E369.47281
G1 X140.122 Y154.476 E369.50043
G1 X140.46 Y153.912 E369.5223
G1 X140.741 Y153.47 E369.53972
G1 X141.388 Y152.501 E369.57847
G1 X141.687 Y152.11 E369.59484
G1 X141.899 Y151.792 E369.60756
G1 X141.319 Y151.208 E369.63493
G1 X136.612 Y146.502 E369.85631
G1 X140.726 Y142.388 E370.04982
G1 X145.584 Y147.249 E370.2784
G1 X146.781 Y148.45 E370.33479
G1 X148.402 Y146.828 E370.41106
G1 X142.347 Y140.766 E370.69604
;MESH:NONMESH
G0 F300 X142.347 Y140.766 Z7.8
G0 F12000 X142.347 Y140.767
;TIME_ELAPSED:421.587055
;LAYER:38
;TYPE:WALL-OUTER
;MESH:Warp_Reaction_Chamber_Lens.stl
G1 F1710.8 X146.437 Y136.677 E370.88842
G1 X150.076 Y140.317 E371.05961
G1 X151.722 Y141.96 E371.13696
G1 X152.264 Y141.597 E371.15866
G1 X152.95 Y141.088 E371.18707
G1 X153.532 Y140.712 E371.21011
G1 X154.244 Y140.276 E371.23788
G1 X155.084 Y139.792 E371.27013
G1 X156.058 Y139.272 E371.30685
G1 X156.614 Y138.991 E371.32757
G1 X156.759 Y139.142 E371.33453
G1 X159.276 Y137.975 E371.42681
G1 X161.741 Y137.023 E371.5147
G1 X164.274 Y136.232 E371.60296
G1 X166.804 Y135.619 E371.68954
G1 X169.399 Y135.167 E371.77715
G1 X172.018 Y134.886 E371.86476
G1 X174.65 Y134.776 E371.95238
G1 X177.284 Y134.839 E372.04001
G1 X179.896 Y135.074 E372.12723
G1 X182.509 Y135.482 E372.2152
G1 X185.07 Y136.055 E372.30248
G1 X187.593 Y136.797 E372.38995
G1 X190.071 Y137.704 E372.47772
G1 X192.479 Y138.77 E372.5653
G1 X194.802 Y139.986 E372.65251
G1 X197.05 Y141.357 E372.74009
G1 X199.203 Y142.871 E372.82763
G1 X201.262 Y144.531 E372.9156
G1 X203.19 Y146.304 E373.00272
G1 X205.01 Y148.213 E373.09044
G1 X206.694 Y150.23 E373.17784
G1 X208.253 Y152.366 E373.26579
G1 X209.656 Y154.578 E373.35291
G1 X210.923 Y156.901 E373.44092
G1 X212.025 Y159.276 E373.528
G1 X212.978 Y161.744 E373.616
G1 X213.764 Y164.257 E373.70357
G1 X214.381 Y166.802 E373.79067
G1 X214.833 Y169.395 E373.87821
G1 X215.114 Y172.012 E373.96576
G1 X215.224 Y174.655 E374.05374
G1 X215.161 Y177.284 E374.14121
G1 X214.926 Y179.896 E374.22843
G1 X214.518 Y182.509 E374.31639
G1 X213.946 Y185.066 E374.40354
G1 X213.204 Y187.591 E374.49107
G1 X212.296 Y190.071 E374.57891
G1 X211.23 Y192.479 E374.6665
G1 X210.014 Y194.803 E374.75374
G1 X208.643 Y197.05 E374.84129
G1 X207.129 Y199.203 E374.92883
G1 X205.469 Y201.262 E375.0168
G1 X203.696 Y203.19 E375.10392
G1 X201.787 Y205.01 E375.19164
G1 X199.77 Y206.694 E375.27903
G1 X197.634 Y208.253 E375.36699
G1 X195.422 Y209.656 E375.45411
G1 X193.099 Y210.923 E375.54212
G1 X190.724 Y212.025 E375.6292
G1 X188.259 Y212.977 E375.71709
G1 X185.743 Y213.764 E375.80477
G1 X183.196 Y214.381 E375.89193
G1 X180.601 Y214.833 E375.97954
G1 X177.982 Y215.114 E376.06715
G1 X175.354 Y215.223 E376.15463
G1 X172.716 Y215.161 E376.2424
G1 X170.103 Y214.926 E376.32966
G1 X169.427 Y214.822 E376.35241
G1 X167.49 Y214.518 E376.41762
G1 X164.93 Y213.945 E376.50487
G1 X162.407 Y213.203 E376.59234
G1 X159.929 Y212.296 E376.68011
G1 X157.521 Y211.23 E376.76769
G1 X155.194 Y210.012 E376.85505
G1 X152.947 Y208.641 E376.9426
G1 X150.794 Y207.127 E377.03014
G1 X148.738 Y205.469 E377.11799
G1 X146.81 Y203.696 E377.20511
G1 X144.99 Y201.787 E377.29283
G1 X143.304 Y199.767 E377.38035
G1 X141.747 Y197.634 E377.46818
G1 X140.344 Y195.422 E377.5553
G1 X139.077 Y193.1 E377.64328
G1 X137.975 Y190.724 E377.73039
G1 X137.022 Y188.256 E377.81839
G1 X136.243 Y185.767 E377.90513
G1 X136.224 Y185.695 E377.90761
G1 X135.619 Y183.196 E377.99313
G1 X135.167 Y180.601 E378.08074
G1 X134.885 Y177.975 E378.16858
G1 X134.776 Y175.345 E378.25613
G1 X134.839 Y172.713 E378.34369
G1 X135.074 Y170.104 E378.43082
G1 X135.482 Y167.491 E378.51878
G1 X136.053 Y164.939 E378.60576
G1 X136.796 Y162.409 E378.69346
G1 X137.706 Y159.925 E378.78145
G1 X138.823 Y157.403 E378.87319
G1 X138.677 Y157.232 E378.88067
G1 X139.241 Y156.105 E378.92259
G1 X139.72 Y155.192 E378.95688
G1 X140.133 Y154.46 E378.98483
G1 X140.477 Y153.886 E379.00709
G1 X140.763 Y153.436 E379.02482
G1 X141.379 Y152.515 E379.06168
G1 X141.678 Y152.124 E379.07805
G1 X141.918 Y151.762 E379.09249
G1 X136.635 Y146.479 E379.34099
G1 X140.726 Y142.388 E379.53342
G1 X145.315 Y146.98 E379.74934
G1 X146.781 Y148.45 E379.81839
G1 X148.402 Y146.828 E379.89466
G1 X142.347 Y140.767 E380.17961
;TIME_ELAPSED:431.933273
;LAYER:39
;MESH:Warp_Reaction_Chamber_Lens.stl
G0 F12000 X142.347 Y140.767 Z8
;TYPE:WALL-OUTER
G1 F1710.7 X146.409 Y136.705 E380.37068
G1 X151.688 Y141.984 E380.61898
G1 X152.287 Y141.582 E380.64298
G1 X152.96 Y141.081 E380.67088
G1 X153.537 Y140.71 E380.6937
G1 X154.245 Y140.275 E380.72134
G1 X155.084 Y139.792 E380.75354
G1 X156.058 Y139.272 E380.79026
G1 X156.614 Y138.991 E380.81098
G1 X156.759 Y139.142 E380.81794
G1 X159.276 Y137.975 E380.91022
G1 X161.741 Y137.023 E380.99811
G1 X164.257 Y136.236 E381.08579
G1 X166.804 Y135.619 E381.17295
G1 X169.399 Y135.167 E381.26056
G1 X172.018 Y134.886 E381.34817
G1 X174.65 Y134.776 E381.43579
G1 X177.284 Y134.839 E381.52342
G1 X179.896 Y135.074 E381.61064
G1 X182.509 Y135.482 E381.69861
G1 X185.07 Y136.055 E381.78589
G1 X187.593 Y136.797 E381.87336
G1 X190.071 Y137.704 E381.96113
G1 X192.479 Y138.77 E382.04871
G1 X194.802 Y139.986 E382.13592
G1 X197.05 Y141.357 E382.2235
G1 X199.203 Y142.871 E382.31104
G1 X201.262 Y144.531 E382.39901
G1 X203.19 Y146.304 E382.48613
G1 X205.01 Y148.213 E382.57385
G1 X206.694 Y150.23 E382.66125
G1 X208.253 Y152.366 E382.7492
G1 X209.656 Y154.578 E382.83632
G1 X210.923 Y156.901 E382.92433
G1 X212.025 Y159.276 E383.01141
G1 X212.978 Y161.744 E383.0994
G1 X213.764 Y164.257 E383.18698
G1 X214.381 Y166.802 E383.27408
G1 X214.833 Y169.395 E383.36162
G1 X215.114 Y172.012 E383.44917
G1 X215.224 Y174.655 E383.53715
G1 X215.161 Y177.284 E383.62461
G1 X214.926 Y179.896 E383.71184
G1 X214.518 Y182.509 E383.7998
G1 X213.946 Y185.066 E383.88695
G1 X213.204 Y187.591 E383.97448
G1 X212.296 Y190.071 E384.06232
G1 X211.23 Y192.479 E384.14991
G1 X210.014 Y194.803 E384.23715
G1 X208.643 Y197.05 E384.3247
G1 X207.129 Y199.203 E384.41224
G1 X205.469 Y201.262 E384.50021
G1 X203.696 Y203.19 E384.58732
G1 X201.787 Y205.01 E384.67505
G1 X199.77 Y206.694 E384.76244
G1 X197.634 Y208.253 E384.8504
G1 X195.422 Y209.656 E384.93752
G1 X193.099 Y210.923 E385.02553
G1 X190.724 Y212.025 E385.11261
G1 X188.259 Y212.977 E385.2005
G1 X185.743 Y213.764 E385.28818
G1 X183.196 Y214.381 E385.37534
G1 X180.601 Y214.833 E385.46295
G1 X177.982 Y215.114 E385.55056
G1 X177.555 Y215.131 E385.56477
G1 X177.313 Y215.143 E385.57283
G1 X175.353 Y215.223 E385.63808
G1 X172.716 Y215.161 E385.72581
G1 X170.104 Y214.926 E385.81303
G1 X167.489 Y214.518 E385.90106
G1 X164.93 Y213.945 E385.98828
G1 X162.407 Y213.203 E386.07575
G1 X159.929 Y212.296 E386.16352
G1 X157.521 Y211.23 E386.2511
G1 X155.194 Y210.012 E386.33846
G1 X152.947 Y208.641 E386.42601
G1 X150.794 Y207.127 E386.51355
G1 X148.738 Y205.469 E386.6014
G1 X146.81 Y203.696 E386.68852
G1 X144.99 Y201.787 E386.77624
G1 X143.304 Y199.767 E386.86376
G1 X141.747 Y197.634 E386.95159
G1 X140.344 Y195.422 E387.03871
G1 X139.077 Y193.1 E387.12669
G1 X137.975 Y190.724 E387.2138
G1 X137.022 Y188.256 E387.3018
G1 X136.236 Y185.743 E387.38937
G1 X135.619 Y183.196 E387.47654
G1 X135.167 Y180.601 E387.56415
G1 X134.885 Y177.975 E387.65199
G1 X134.869 Y177.555 E387.66597
G1 X134.857 Y177.313 E387.67403
G1 X134.776 Y175.345 E387.73954
G1 X134.839 Y172.713 E387.8271
G1 X135.074 Y170.104 E387.91423
G1 X135.482 Y167.491 E388.00219
G1 X136.053 Y164.939 E388.08917
G1 X136.796 Y162.409 E388.17687
G1 X137.706 Y159.925 E388.26486
G1 X138.823 Y157.403 E388.3566
G1 X138.678 Y157.233 E388.36403
G1 X138.729 Y157.125 E388.36801
G1 X139.243 Y156.102 E388.40608
G1 X139.726 Y155.183 E388.44062
G1 X140.142 Y154.444 E388.46882
G1 X140.494 Y153.86 E388.4915
G1 X140.784 Y153.404 E388.50947
G1 X141.359 Y152.545 E388.54386
G1 X141.427 Y152.453 E388.54766
G1 X141.667 Y152.139 E388.56081
G1 X141.94 Y151.73 E388.57716
G1 X136.662 Y146.451 E388.82544
G1 X140.726 Y142.388 E389.01658
G1 X145.411 Y147.076 E389.23702
G1 X146.781 Y148.45 E389.30155
G1 X148.402 Y146.828 E389.37782
G1 X144.961 Y143.381 E389.53982
G1 X142.347 Y140.767 E389.66277
;TIME_ELAPSED:442.363554
;LAYER:40
;MESH:Warp_Reaction_Chamber_Lens.stl
G0 F12000 X142.347 Y140.767 Z8.2
;TYPE:WALL-OUTER
G1 F1710.6 X146.376 Y136.737 E389.85231
G1 X151.059 Y141.419 E390.07256
G1 X151.648 Y142.009 E390.10029
G1 X152.303 Y141.571 E390.12649
G1 X152.972 Y141.073 E390.15423
G1 X153.547 Y140.703 E390.17698
G1 X154.249 Y140.273 E390.20436
G1 X155.084 Y139.792 E390.23641
G1 X156.065 Y139.268 E390.2734
G1 X156.613 Y138.991 E390.29382
G1 X156.759 Y139.142 E390.30081
G1 X159.276 Y137.975 E390.39308
G1 X161.741 Y137.023 E390.48097
G1 X164.257 Y136.236 E390.56865
G1 X166.804 Y135.619 E390.65582
G1 X169.399 Y135.167 E390.74343
G1 X172.018 Y134.886 E390.83103
G1 X174.65 Y134.776 E390.91865
G1 X177.284 Y134.839 E391.00628
G1 X179.896 Y135.074 E391.09351
G1 X182.509 Y135.482 E391.18147
G1 X185.07 Y136.055 E391.26876
G1 X187.593 Y136.797 E391.35623
G1 X190.071 Y137.704 E391.44399
G1 X192.479 Y138.77 E391.53158
G1 X194.802 Y139.986 E391.61879
G1 X197.05 Y141.357 E391.70636
G1 X199.203 Y142.871 E391.79391
G1 X201.262 Y144.531 E391.88187
G1 X203.19 Y146.304 E391.96899
G1 X205.01 Y148.213 E392.05672
G1 X206.694 Y150.23 E392.14411
G1 X208.253 Y152.366 E392.23206
G1 X209.656 Y154.578 E392.31919
G1 X210.923 Y156.901 E392.40719
G1 X212.025 Y159.276 E392.49428
G1 X212.978 Y161.744 E392.58227
G1 X213.764 Y164.257 E392.66985
G1 X214.381 Y166.802 E392.75694
G1 X214.833 Y169.395 E392.84449
G1 X215.114 Y172.012 E392.93203
G1 X215.224 Y174.655 E393.02001
G1 X215.161 Y177.284 E393.10748
G1 X214.926 Y179.896 E393.19471
G1 X214.518 Y182.509 E393.28267
G1 X213.946 Y185.066 E393.36982
G1 X213.204 Y187.591 E393.45735
G1 X212.296 Y190.071 E393.54519
G1 X211.23 Y192.479 E393.63278
G1 X210.014 Y194.803 E393.72001
G1 X208.643 Y197.05 E393.80756
G1 X207.129 Y199.203 E393.8951
G1 X205.469 Y201.262 E393.98307
G1 X203.696 Y203.19 E394.07019
G1 X201.787 Y205.01 E394.15791
G1 X199.77 Y206.694 E394.24531
G1 X197.634 Y208.253 E394.33326
G1 X195.422 Y209.656 E394.42038
G1 X193.099 Y210.923 E394.50839
G1 X190.724 Y212.025 E394.59547
G1 X188.259 Y212.977 E394.68336
G1 X185.743 Y213.764 E394.77104
G1 X183.196 Y214.381 E394.85821
G1 X180.601 Y214.833 E394.94582
G1 X177.982 Y215.114 E395.03342
G1 X175.353 Y215.223 E395.12094
G1 X172.716 Y215.161 E395.20867
G1 X170.104 Y214.926 E395.2959
G1 X167.489 Y214.518 E395.38393
G1 X164.93 Y213.945 E395.47115
G1 X162.407 Y213.203 E395.55862
G1 X159.929 Y212.296 E395.64638
G1 X157.521 Y211.23 E395.73397
G1 X155.194 Y210.012 E395.82133
G1 X152.947 Y208.641 E395.90887
G1 X150.794 Y207.127 E395.99642
G1 X148.738 Y205.469 E396.08426
G1 X146.81 Y203.696 E396.17138
G1 X144.99 Y201.787 E396.25911
G1 X143.304 Y199.767 E396.34662
G1 X141.747 Y197.634 E396.43445
G1 X140.344 Y195.422 E396.52158
G1 X139.077 Y193.1 E396.60956
G1 X137.975 Y190.724 E396.69667
G1 X137.022 Y188.256 E396.78466
G1 X136.236 Y185.743 E396.87224
G1 X135.619 Y183.196 E396.9594
G1 X135.167 Y180.601 E397.04701
G1 X134.885 Y177.975 E397.13485
G1 X134.776 Y175.345 E397.2224
G1 X134.839 Y172.713 E397.30997
G1 X135.063 Y170.216 E397.39335
G1 X135.097 Y169.954 E397.40214
G1 X135.482 Y167.491 E397.48505
G1 X136.053 Y164.939 E397.57203
G1 X136.796 Y162.409 E397.65973
G1 X137.706 Y159.925 E397.74772
G1 X138.823 Y157.403 E397.83946
G1 X138.678 Y157.233 E397.84689
G1 X138.741 Y157.102 E397.85173
G1 X139.248 Y156.092 E397.88932
G1 X139.733 Y155.174 E397.92385
G1 X140.152 Y154.429 E397.95228
G1 X140.517 Y153.823 E397.97581
G1 X140.833 Y153.331 E397.99526
G1 X141.332 Y152.583 E398.02516
G1 X141.655 Y152.157 E398.04294
G1 X141.966 Y151.691 E398.06158
G1 X136.695 Y146.418 E398.30956
G1 X140.726 Y142.388 E398.49914
G1 X145.324 Y146.989 E398.71549
G1 X146.781 Y148.45 E398.78411
G1 X148.402 Y146.828 E398.86038
G1 X144.956 Y143.376 E399.02261
G1 X142.347 Y140.767 E399.14533
;TIME_ELAPSED:452.793831
;LAYER:41
;MESH:Warp_Reaction_Chamber_Lens.stl
G0 F12000 X142.347 Y140.767 Z8.4
;TYPE:WALL-OUTER
G1 F1710.5 X146.34 Y136.774 E399.33315
G1 X151.603 Y142.039 E399.58075
G1 X152.305 Y141.57 E399.60883
G1 X152.985 Y141.064 E399.63702
G1 X153.538 Y140.708 E399.6589
G1 X154.244 Y140.276 E399.68643
G1 X155.084 Y139.792 E399.71867
G1 X156.058 Y139.272 E399.7554
G1 X156.614 Y138.991 E399.77612
G1 X156.759 Y139.142 E399.78308
G1 X159.276 Y137.975 E399.87535
G1 X161.741 Y137.023 E399.96324
G1 X164.271 Y136.233 E400.0514
G1 X166.804 Y135.619 E400.13809
G1 X169.399 Y135.167 E400.2257
G1 X172.018 Y134.886 E400.3133
G1 X174.65 Y134.776 E400.40092
G1 X177.284 Y134.839 E400.48855
G1 X179.896 Y135.074 E400.57578
G1 X182.509 Y135.482 E400.66374
G1 X185.07 Y136.055 E400.75103
G1 X187.593 Y136.797 E400.8385
G1 X190.071 Y137.704 E400.92626
G1 X192.479 Y138.77 E401.01385
G1 X194.802 Y139.986 E401.10106
G1 X197.05 Y141.357 E401.18863
G1 X199.203 Y142.871 E401.27618
G1 X201.262 Y144.531 E401.36414
G1 X203.19 Y146.304 E401.45126
G1 X205.01 Y148.213 E401.53899
G1 X206.694 Y150.23 E401.62638
G1 X208.253 Y152.366 E401.71433
G1 X209.656 Y154.578 E401.80146
G1 X210.923 Y156.901 E401.88946
G1 X212.025 Y159.276 E401.97655
G1 X212.978 Y161.744 E402.06454
G1 X213.764 Y164.257 E402.15212
G1 X214.381 Y166.802 E402.23921
G1 X214.833 Y169.395 E402.32676
G1 X215.114 Y172.012 E402.4143
G1 X215.224 Y174.655 E402.50228
G1 X215.161 Y177.284 E402.58975
G1 X214.926 Y179.896 E402.67698
G1 X214.518 Y182.509 E402.76494
G1 X213.946 Y185.066 E402.85209
G1 X213.204 Y187.591 E402.93962
G1 X212.296 Y190.071 E403.02746
G1 X211.23 Y192.479 E403.11505
G1 X210.014 Y194.803 E403.20228
G1 X208.643 Y197.05 E403.28983
G1 X207.129 Y199.203 E403.37737
G1 X205.469 Y201.262 E403.46534
G1 X203.696 Y203.19 E403.55246
G1 X201.787 Y205.01 E403.64018
G1 X199.77 Y206.694 E403.72758
G1 X197.634 Y208.253 E403.81553
G1 X195.422 Y209.656 E403.90265
G1 X193.099 Y210.923 E403.99066
G1 X190.724 Y212.025 E404.07774
G1 X188.259 Y212.977 E404.16563
G1 X185.743 Y213.764 E404.25331
G1 X183.196 Y214.381 E404.34048
G1 X180.601 Y214.833 E404.42809
G1 X177.982 Y215.114 E404.5157
G1 X175.369 Y215.223 E404.60268
G1 X175.292 Y215.223 E404.60524
G1 X172.716 Y215.161 E404.69094
G1 X170.103 Y214.926 E404.7782
G1 X169.517 Y214.836 E404.79792
G1 X167.49 Y214.518 E404.86616
G1 X164.93 Y213.945 E404.95342
G1 X162.407 Y213.203 E405.04089
G1 X159.929 Y212.296 E405.12865
G1 X157.521 Y211.23 E405.21624
G1 X155.194 Y210.012 E405.3036
G1 X152.947 Y208.641 E405.39115
G1 X150.794 Y207.127 E405.47869
G1 X148.738 Y205.469 E405.56654
G1 X146.81 Y203.696 E405.65365
G1 X144.99 Y201.787 E405.74138
G1 X143.304 Y199.767 E405.82889
G1 X141.747 Y197.634 E405.91673
G1 X140.344 Y195.422 E406.00385
G1 X139.077 Y193.1 E406.09183
G1 X137.975 Y190.724 E406.17894
G1 X137.022 Y188.256 E406.26693
G1 X136.917 Y187.917 E406.27874
G1 X136.838 Y187.67 E406.28736
G1 X136.236 Y185.743 E406.35451
G1 X135.619 Y183.196 E406.44167
G1 X135.167 Y180.601 E406.52928
G1 X134.885 Y177.975 E406.61712
G1 X134.777 Y175.377 E406.70361
G1 X134.777 Y175.292 E406.70644
G1 X134.839 Y172.713 E406.79224
G1 X135.074 Y170.104 E406.87937
G1 X135.482 Y167.491 E406.96733
G1 X136.053 Y164.938 E407.05434
G1 X136.796 Y162.409 E407.14201
G1 X137.706 Y159.925 E407.23
G1 X138.823 Y157.403 E407.32174
G1 X138.678 Y157.233 E407.32917
G1 X139.249 Y156.093 E407.37158
G1 X139.74 Y155.162 E407.40658
G1 X140.17 Y154.402 E407.43563
G1 X140.534 Y153.799 E407.45905
G1 X140.844 Y153.315 E407.47817
G1 X141.314 Y152.611 E407.50632
G1 X141.643 Y152.174 E407.52452
G1 X141.998 Y151.646 E407.54568
G1 X136.732 Y146.381 E407.79335
G1 X140.726 Y142.388 E407.98119
G1 X146.781 Y148.45 E408.26617
G1 X148.402 Y146.828 E408.34244
G1 X144.862 Y143.282 E408.50909
G1 X142.347 Y140.767 E408.62739
;TIME_ELAPSED:463.224403
;LAYER:42
;MESH:Warp_Reaction_Chamber_Lens.stl
G0 F12000 X142.347 Y140.767 Z8.6
;TYPE:WALL-OUTER
G1 F1710.4 X146.296 Y136.818 E408.81314
G1 X151.553 Y142.072 E409.06034
G1 X152.307 Y141.57 E409.09047
G1 X152.976 Y141.072 E409.11821
G1 X153.539 Y140.708 E409.1405
G1 X154.244 Y140.276 E409.168
G1 X155.084 Y139.792 E409.20025
G1 X156.058 Y139.272 E409.23697
G1 X156.614 Y138.991 E409.25769
G1 X156.759 Y139.142 E409.26466
G1 X159.276 Y137.975 E409.35693
G1 X161.741 Y137.023 E409.44482
G1 X164.27 Y136.233 E409.53294
G1 X166.804 Y135.619 E409.61966
G1 X169.399 Y135.167 E409.70727
G1 X172.018 Y134.886 E409.79488
G1 X174.65 Y134.776 E409.8825
G1 X177.284 Y134.839 E409.97013
G1 X179.896 Y135.074 E410.05736
G1 X182.509 Y135.482 E410.14532
G1 X185.07 Y136.055 E410.2326
G1 X187.593 Y136.797 E410.32007
G1 X190.071 Y137.704 E410.40784
G1 X192.479 Y138.77 E410.49543
G1 X194.802 Y139.986 E410.58263
G1 X197.05 Y141.357 E410.67021
G1 X199.203 Y142.871 E410.75775
G1 X201.262 Y144.531 E410.84572
G1 X203.19 Y146.304 E410.93284
G1 X205.01 Y148.213 E411.02056
G1 X206.694 Y150.23 E411.10796
G1 X208.253 Y152.366 E411.19591
G1 X209.656 Y154.578 E411.28303
G1 X210.923 Y156.901 E411.37104
G1 X212.025 Y159.276 E411.45812
G1 X212.978 Y161.744 E411.54612
G1 X213.764 Y164.257 E411.63369
G1 X214.381 Y166.802 E411.72079
G1 X214.833 Y169.395 E411.80834
G1 X215.114 Y172.012 E411.89588
G1 X215.224 Y174.655 E411.98386
G1 X215.161 Y177.284 E412.07133
G1 X214.926 Y179.896 E412.15855
G1 X214.518 Y182.509 E412.24651
G1 X213.946 Y185.066 E412.33366
G1 X213.204 Y187.591 E412.4212
G1 X212.296 Y190.071 E412.50904
G1 X211.23 Y192.479 E412.59662
G1 X210.014 Y194.803 E412.68386
G1 X208.643 Y197.05 E412.77141
G1 X207.129 Y199.203 E412.85895
G1 X205.469 Y201.262 E412.94692
G1 X203.696 Y203.19 E413.03404
G1 X201.787 Y205.01 E413.12176
G1 X199.77 Y206.694 E413.20916
G1 X197.634 Y208.253 E413.29711
G1 X195.422 Y209.656 E413.38423
G1 X193.099 Y210.923 E413.47224
G1 X190.724 Y212.025 E413.55932
G1 X188.259 Y212.977 E413.64721
G1 X185.743 Y213.764 E413.73489
G1 X183.196 Y214.381 E413.82205
G1 X180.601 Y214.833 E413.90966
G1 X177.982 Y215.114 E413.99727
G1 X175.352 Y215.223 E414.08482
G1 X175.29 Y215.223 E414.08688
G1 X172.716 Y215.161 E414.17252
G1 X170.104 Y214.926 E414.25975
G1 X167.489 Y214.518 E414.34777
G1 X164.93 Y213.945 E414.43499
G1 X162.407 Y213.203 E414.52246
G1 X159.929 Y212.296 E414.61023
G1 X157.521 Y211.23 E414.69782
G1 X155.194 Y210.012 E414.78517
G1 X152.947 Y208.641 E414.87272
G1 X150.794 Y207.127 E414.96026
G1 X148.738 Y205.469 E415.04811
G1 X146.81 Y203.696 E415.13523
G1 X144.99 Y201.787 E415.22296
G1 X143.304 Y199.767 E415.31047
G1 X141.747 Y197.634 E415.3983
G1 X140.344 Y195.422 E415.48542
G1 X139.077 Y193.1 E415.5734
G1 X137.975 Y190.724 E415.66052
G1 X137.022 Y188.256 E415.74851
G1 X136.236 Y185.743 E415.83609
G1 X135.619 Y183.196 E415.92325
G1 X135.167 Y180.601 E416.01086
G1 X134.885 Y177.975 E416.0987
G1 X134.873 Y177.651 E416.10949
G1 X134.86 Y177.383 E416.11841
G1 X134.776 Y175.345 E416.18625
G1 X134.839 Y172.713 E416.27382
G1 X135.074 Y170.104 E416.36094
G1 X135.482 Y167.491 E416.44891
G1 X135.682 Y166.591 E416.47957
G1 X136.06 Y164.913 E416.53678
G1 X136.796 Y162.409 E416.62359
G1 X137.706 Y159.925 E416.71157
G1 X138.823 Y157.402 E416.80334
G1 X138.678 Y157.234 E416.81073
G1 X139.252 Y156.089 E416.85333
G1 X139.75 Y155.147 E416.88877
G1 X140.182 Y154.384 E416.91793
G1 X140.561 Y153.759 E416.94224
G1 X140.877 Y153.266 E416.96172
G1 X141.324 Y152.596 E416.98851
G1 X141.637 Y152.184 E417.00571
G1 X142.032 Y151.595 E417.0293
G1 X141.528 Y151.092 E417.05298
G1 X141.46 Y151.02 E417.05628
G1 X141.041 Y150.606 E417.07587
G1 X138.043 Y147.604 E417.21698
G1 X137.891 Y147.455 E417.22406
G1 X136.776 Y146.337 E417.27658
G1 X140.726 Y142.388 E417.46235
G1 X145.315 Y146.98 E417.67827
G1 X146.781 Y148.45 E417.74732
G1 X148.402 Y146.828 E417.82359
G1 X144.756 Y143.176 E417.99523
G1 X142.347 Y140.767 E418.10854
;MESH:NONMESH
G0 F300 X142.347 Y140.767 Z8.8
G0 F12000 X142.347 Y140.766
;TIME_ELAPSED:473.732922
;LAYER:43
;TYPE:WALL-OUTER
;MESH:Warp_Reaction_Chamber_Lens.stl
G1 F1710.2 X146.25 Y136.864 E418.2921
G1 X151.496 Y142.11 E418.53886
G1 X152.308 Y141.569 E418.57131
G1 X152.977 Y141.071 E418.59905
G1 X153.539 Y140.707 E418.62132
G1 X154.244 Y140.276 E418.64881
G1 X155.084 Y139.792 E418.68105
G1 X156.058 Y139.272 E418.71777
G1 X156.614 Y138.991 E418.73849
G1 X156.759 Y139.142 E418.74546
G1 X159.276 Y137.975 E418.83773
G1 X161.741 Y137.023 E418.92562
G1 X164.269 Y136.234 E419.0137
G1 X166.804 Y135.619 E419.10046
G1 X169.399 Y135.167 E419.18807
G1 X172.018 Y134.886 E419.27568
G1 X174.65 Y134.776 E419.3633
G1 X177.284 Y134.839 E419.45093
G1 X179.896 Y135.074 E419.53816
G1 X182.509 Y135.482 E419.62612
G1 X185.07 Y136.055 E419.7134
G1 X187.593 Y136.797 E419.80087
G1 X190.071 Y137.704 E419.88864
G1 X192.479 Y138.77 E419.97623
G1 X194.802 Y139.986 E420.06343
G1 X197.05 Y141.357 E420.15101
G1 X199.203 Y142.871 E420.23855
G1 X201.262 Y144.531 E420.32652
G1 X203.19 Y146.304 E420.41364
G1 X205.01 Y148.213 E420.50136
G1 X206.694 Y150.23 E420.58876
G1 X208.253 Y152.366 E420.67671
G1 X209.656 Y154.578 E420.76383
G1 X210.923 Y156.901 E420.85184
G1 X212.025 Y159.276 E420.93892
G1 X212.978 Y161.744 E421.02692
G1 X213.764 Y164.257 E421.11449
G1 X214.381 Y166.802 E421.20159
G1 X214.833 Y169.395 E421.28914
G1 X215.114 Y172.012 E421.37668
G1 X215.224 Y174.655 E421.46466
G1 X215.161 Y177.284 E421.55213
G1 X214.926 Y179.896 E421.63935
G1 X214.518 Y182.509 E421.72731
G1 X213.946 Y185.066 E421.81446
G1 X213.204 Y187.591 E421.902
G1 X212.296 Y190.071 E421.98983
G1 X211.23 Y192.479 E422.07742
G1 X210.014 Y194.803 E422.16466
G1 X208.643 Y197.05 E422.25221
G1 X207.129 Y199.203 E422.33975
G1 X205.469 Y201.262 E422.42772
G1 X203.696 Y203.19 E422.51484
G1 X201.787 Y205.01 E422.60256
G1 X199.77 Y206.694 E422.68995
G1 X197.634 Y208.253 E422.77791
G1 X195.422 Y209.656 E422.86503
G1 X193.099 Y210.923 E422.95304
G1 X190.724 Y212.025 E423.04012
G1 X188.259 Y212.977 E423.12801
G1 X185.743 Y213.764 E423.21569
G1 X183.196 Y214.381 E423.30285
G1 X180.601 Y214.833 E423.39046
G1 X177.982 Y215.114 E423.47807
G1 X175.356 Y215.224 E423.56549
G1 X172.716 Y215.161 E423.65332
G1 X170.104 Y214.926 E423.74055
G1 X167.49 Y214.518 E423.82854
G1 X164.93 Y213.945 E423.91579
G1 X162.407 Y213.203 E424.00326
G1 X159.929 Y212.296 E424.09103
G1 X157.521 Y211.23 E424.17862
G1 X155.194 Y210.012 E424.26597
G1 X152.947 Y208.641 E424.35352
G1 X150.794 Y207.127 E424.44107
G1 X148.738 Y205.469 E424.52891
G1 X146.81 Y203.696 E424.61603
G1 X144.99 Y201.787 E424.70376
G1 X143.304 Y199.767 E424.79127
G1 X141.747 Y197.634 E424.8791
G1 X140.344 Y195.422 E424.96623
G1 X139.077 Y193.1 E425.0542
G1 X137.975 Y190.724 E425.14132
G1 X137.022 Y188.256 E425.22931
G1 X136.236 Y185.743 E425.31689
G1 X135.619 Y183.196 E425.40405
G1 X135.167 Y180.601 E425.49166
G1 X134.885 Y177.975 E425.5795
G1 X134.776 Y175.345 E425.66705
G1 X134.839 Y172.713 E425.75462
G1 X135.074 Y170.104 E425.84174
G1 X135.482 Y167.491 E425.92971
G1 X136.053 Y164.938 E426.01672
G1 X136.796 Y162.409 E426.10439
G1 X137.706 Y159.925 E426.19237
G1 X138.817 Y157.416 E426.28364
G1 X138.684 Y157.222 E426.29146
G1 X139.254 Y156.085 E426.33377
G1 X139.755 Y155.14 E426.36934
G1 X140.198 Y154.361 E426.39915
G1 X140.585 Y153.723 E426.42397
G1 X140.911 Y153.216 E426.44401
G1 X141.335 Y152.58 E426.46944
G1 X141.595 Y152.238 E426.48373
G1 X141.824 Y151.904 E426.49719
G1 X142.07 Y151.538 E426.51186
G1 X136.822 Y146.291 E426.75869
G1 X140.726 Y142.388 E426.9423
G1 X146.781 Y148.45 E427.22727
G1 X148.402 Y146.828 E427.30354
G1 X144.65 Y143.069 E427.48019
G1 X142.347 Y140.766 E427.58851
;TIME_ELAPSED:484.076029
;LAYER:44
;MESH:Warp_Reaction_Chamber_Lens.stl
G0 F12000 X142.347 Y140.766 Z9
;TYPE:WALL-OUTER
G1 F1710 X146.197 Y136.916 E427.76961
G1 X147.465 Y138.183 E427.82923
G1 X148.364 Y139.085 E427.87158
G1 X151.434 Y142.152 E428.01591
G1 X152.295 Y141.578 E428.05033
G1 X152.987 Y141.064 E428.079
G1 X153.581 Y140.682 E428.10249
G1 X154.289 Y140.25 E428.13008
G1 X155.084 Y139.792 E428.16059
G1 X156.058 Y139.272 E428.19732
G1 X156.615 Y138.993 E428.21804
G1 X156.759 Y139.142 E428.22493
G1 X159.276 Y137.975 E428.3172
G1 X161.741 Y137.023 E428.40509
G1 X164.267 Y136.234 E428.49311
G1 X166.804 Y135.619 E428.57994
G1 X169.399 Y135.167 E428.66755
G1 X172.018 Y134.886 E428.75515
G1 X174.65 Y134.776 E428.84277
G1 X177.284 Y134.839 E428.9304
G1 X179.896 Y135.074 E429.01763
G1 X182.509 Y135.482 E429.10559
G1 X185.07 Y136.055 E429.19288
G1 X187.593 Y136.797 E429.28035
G1 X190.071 Y137.704 E429.36811
G1 X192.479 Y138.77 E429.4557
G1 X194.802 Y139.986 E429.54291
G1 X197.05 Y141.357 E429.63048
G1 X199.203 Y142.871 E429.71803
G1 X201.262 Y144.531 E429.80599
G1 X203.19 Y146.304 E429.89311
G1 X205.01 Y148.213 E429.98084
G1 X206.694 Y150.23 E430.06823
G1 X208.253 Y152.366 E430.15618
G1 X209.656 Y154.578 E430.24331
G1 X210.923 Y156.901 E430.33131
G1 X212.025 Y159.276 E430.4184
G1 X212.978 Y161.744 E430.50639
G1 X213.764 Y164.257 E430.59397
G1 X214.381 Y166.802 E430.68106
G1 X214.833 Y169.395 E430.76861
G1 X215.114 Y172.012 E430.85615
G1 X215.224 Y174.655 E430.94413
G1 X215.161 Y177.284 E431.0316
G1 X214.926 Y179.896 E431.11883
G1 X214.518 Y182.509 E431.20679
G1 X213.946 Y185.066 E431.29394
G1 X213.204 Y187.591 E431.38147
G1 X212.296 Y190.071 E431.46931
G1 X211.23 Y192.479 E431.5569
G1 X210.014 Y194.803 E431.64413
G1 X208.643 Y197.05 E431.73168
G1 X207.129 Y199.203 E431.81922
G1 X205.469 Y201.262 E431.90719
G1 X203.696 Y203.19 E431.99431
G1 X201.787 Y205.01 E432.08204
G1 X199.77 Y206.694 E432.16943
G1 X197.634 Y208.253 E432.25738
G1 X195.422 Y209.656 E432.3445
G1 X193.099 Y210.923 E432.43251
G1 X190.724 Y212.025 E432.51959
G1 X188.259 Y212.977 E432.60748
G1 X185.743 Y213.764 E432.69516
G1 X183.196 Y214.381 E432.78233
G1 X180.601 Y214.833 E432.86994
G1 X177.982 Y215.114 E432.95755
G1 X175.356 Y215.224 E433.04496
G1 X172.716 Y215.161 E433.13279
G1 X170.3 Y214.944 E433.21347
G1 X169.904 Y214.895 E433.22675
G1 X167.49 Y214.518 E433.30801
G1 X164.93 Y213.945 E433.39526
G1 X162.407 Y213.203 E433.48273
G1 X159.929 Y212.296 E433.5705
G1 X157.521 Y211.23 E433.65808
G1 X155.194 Y210.012 E433.74544
G1 X152.947 Y208.641 E433.83299
G1 X150.794 Y207.127 E433.92053
G1 X148.738 Y205.469 E434.00838
G1 X146.81 Y203.696 E434.0955
G1 X144.99 Y201.787 E434.18322
G1 X143.304 Y199.767 E434.27074
G1 X141.747 Y197.634 E434.35857
G1 X140.344 Y195.422 E434.44569
G1 X139.077 Y193.1 E434.53367
G1 X137.975 Y190.724 E434.62078
G1 X137.022 Y188.256 E434.70878
G1 X136.236 Y185.743 E434.79635
G1 X135.619 Y183.196 E434.88352
G1 X135.167 Y180.601 E434.97113
G1 X134.885 Y177.975 E435.05897
G1 X134.776 Y175.345 E435.14652
G1 X134.839 Y172.713 E435.23408
G1 X135.074 Y170.104 E435.32121
G1 X135.482 Y167.491 E435.40917
G1 X136.058 Y164.917 E435.4969
G1 X136.796 Y162.409 E435.58385
G1 X137.706 Y159.925 E435.67184
G1 X138.823 Y157.403 E435.76358
G1 X138.681 Y157.237 E435.77085
G1 X138.762 Y157.066 E435.77714
G1 X139.285 Y156.028 E435.8158
G1 X139.763 Y155.129 E435.84967
G1 X140.213 Y154.338 E435.87993
G1 X140.634 Y153.648 E435.90682
G1 X140.973 Y153.122 E435.92763
G1 X141.346 Y152.564 E435.94996
G1 X141.55 Y152.297 E435.96113
G1 X141.872 Y151.831 E435.97997
G1 X142.112 Y151.476 E435.99422
G1 X140.587 Y149.953 E436.06591
G1 X136.875 Y146.239 E436.24056
G1 X140.726 Y142.388 E436.42169
G1 X146.781 Y148.45 E436.70667
G1 X148.402 Y146.828 E436.78294
G1 X142.347 Y140.766 E437.06791
;TIME_ELAPSED:494.505800
;LAYER:45
;MESH:Warp_Reaction_Chamber_Lens.stl
G0 F12000 X142.347 Y140.766 Z9.2
;TYPE:WALL-OUTER
G1 F1709.9 X146.142 Y136.971 E437.24642
G1 X151.365 Y142.197 E437.49216
G1 X152.28 Y141.588 E437.52872
G1 X152.981 Y141.067 E437.55777
G1 X153.538 Y140.708 E437.57981
G1 X154.244 Y140.276 E437.60734
G1 X155.084 Y139.792 E437.63958
G1 X156.058 Y139.272 E437.67631
G1 X156.615 Y138.993 E437.69703
G1 X156.759 Y139.142 E437.70392
G1 X159.276 Y137.975 E437.79619
G1 X161.741 Y137.023 E437.88408
G1 X164.266 Y136.234 E437.97207
G1 X166.804 Y135.619 E438.05893
G1 X169.399 Y135.167 E438.14654
G1 X172.018 Y134.886 E438.23414
G1 X174.694 Y134.776 E438.32322
G1 X177.284 Y134.839 E438.40939
G1 X179.896 Y135.074 E438.49662
G1 X182.509 Y135.482 E438.58458
G1 X185.07 Y136.055 E438.67187
G1 X187.593 Y136.797 E438.75933
G1 X190.071 Y137.704 E438.8471
G1 X192.479 Y138.77 E438.93469
G1 X194.802 Y139.986 E439.0219
G1 X197.05 Y141.357 E439.10947
G1 X199.203 Y142.871 E439.19702
G1 X201.262 Y144.531 E439.28498
G1 X203.19 Y146.304 E439.3721
G1 X205.01 Y148.213 E439.45983
G1 X206.694 Y150.23 E439.54722
G1 X208.253 Y152.366 E439.63517
G1 X209.656 Y154.578 E439.7223
G1 X210.923 Y156.901 E439.8103
G1 X212.025 Y159.276 E439.89739
G1 X212.978 Y161.744 E439.98538
G1 X213.764 Y164.257 E440.07295
G1 X214.381 Y166.802 E440.16005
G1 X214.833 Y169.395 E440.2476
G1 X215.114 Y172.012 E440.33514
G1 X215.224 Y174.699 E440.42458
G1 X215.161 Y177.284 E440.51059
G1 X214.926 Y179.896 E440.59781
G1 X214.518 Y182.509 E440.68578
G1 X213.946 Y185.066 E440.77292
G1 X213.204 Y187.591 E440.86046
G1 X212.296 Y190.071 E440.9483
G1 X211.23 Y192.479 E441.03588
G1 X210.014 Y194.803 E441.12312
G1 X208.643 Y197.05 E441.21067
G1 X207.129 Y199.203 E441.29821
G1 X205.469 Y201.262 E441.38618
G1 X203.696 Y203.19 E441.4733
G1 X201.787 Y205.01 E441.56102
G1 X199.755 Y206.705 E441.64903
G1 X197.634 Y208.253 E441.73637
G1 X195.422 Y209.656 E441.82349
G1 X193.099 Y210.923 E441.9115
G1 X190.724 Y212.025 E441.99858
G1 X188.259 Y212.977 E442.08647
G1 X185.743 Y213.764 E442.17415
G1 X183.196 Y214.381 E442.26131
G1 X180.601 Y214.833 E442.34892
G1 X177.982 Y215.114 E442.43653
G1 X175.355 Y215.224 E442.52398
G1 X172.716 Y215.161 E442.61178
G1 X170.103 Y214.926 E442.69904
G1 X169.638 Y214.855 E442.71469
G1 X167.491 Y214.518 E442.78697
G1 X164.93 Y213.945 E442.87426
G1 X162.407 Y213.203 E442.96172
G1 X159.929 Y212.296 E443.04949
G1 X157.521 Y211.23 E443.13708
G1 X155.194 Y210.012 E443.22444
G1 X152.947 Y208.641 E443.31198
G1 X150.794 Y207.127 E443.39953
G1 X148.738 Y205.469 E443.48737
G1 X146.81 Y203.696 E443.57449
G1 X144.99 Y201.787 E443.66222
G1 X143.304 Y199.767 E443.74973
G1 X141.747 Y197.634 E443.83756
G1 X140.344 Y195.422 E443.92469
G1 X139.077 Y193.1 E444.01266
G1 X137.975 Y190.724 E444.09978
G1 X137.022 Y188.256 E444.18777
G1 X136.236 Y185.743 E444.27535
G1 X135.619 Y183.196 E444.36251
G1 X135.167 Y180.601 E444.45012
G1 X134.886 Y177.982 E444.53773
G1 X134.776 Y175.345 E444.62551
G1 X134.839 Y172.713 E444.71308
G1 X135.074 Y170.104 E444.8002
G1 X135.482 Y167.491 E444.88817
G1 X136.058 Y164.919 E444.97583
G1 X136.796 Y162.409 E445.06285
G1 X137.706 Y159.925 E445.15083
G1 X138.823 Y157.403 E445.24257
G1 X138.681 Y157.237 E445.24984
G1 X138.727 Y157.139 E445.25344
G1 X139.261 Y156.075 E445.29304
G1 X139.771 Y155.116 E445.32916
G1 X140.231 Y154.312 E445.35997
G1 X140.635 Y153.649 E445.38579
G1 X141.09 Y152.948 E445.41359
G1 X141.358 Y152.546 E445.42966
G1 X141.78 Y151.97 E445.45341
G1 X142.155 Y151.407 E445.47591
G1 X141.103 Y150.357 E445.52534
G1 X140.551 Y149.802 E445.55138
G1 X139.915 Y149.169 E445.58122
G1 X136.93 Y146.184 E445.72163
G1 X140.726 Y142.388 E445.90018
G1 X145.565 Y147.23 E446.12786
G1 X146.781 Y148.45 E446.18516
G1 X148.402 Y146.828 E446.26143
G1 X142.347 Y140.766 E446.5464
;TIME_ELAPSED:504.935395
;LAYER:46
;MESH:Warp_Reaction_Chamber_Lens.stl
G0 F12000 X142.347 Y140.766 Z9.4
;TYPE:WALL-OUTER
G1 F1709.7 X146.079 Y137.035 E446.72192
G1 X151.292 Y142.247 E446.9671
G1 X152.264 Y141.598 E447.00597
G1 X152.97 Y141.075 E447.03519
G1 X153.537 Y140.709 E447.05764
G1 X154.244 Y140.276 E447.08521
G1 X155.084 Y139.792 E447.11746
G1 X156.058 Y139.272 E447.15418
G1 X156.615 Y138.993 E447.1749
G1 X156.759 Y139.142 E447.18179
G1 X159.276 Y137.975 E447.27407
G1 X161.741 Y137.023 E447.36196
G1 X164.265 Y136.235 E447.4499
G1 X166.804 Y135.619 E447.5368
G1 X169.399 Y135.167 E447.62441
G1 X172.018 Y134.886 E447.71202
G1 X174.688 Y134.776 E447.8009
G1 X177.284 Y134.839 E447.88727
G1 X179.896 Y135.074 E447.97449
G1 X182.509 Y135.482 E448.06245
G1 X185.07 Y136.055 E448.14974
G1 X187.593 Y136.797 E448.23721
G1 X190.071 Y137.704 E448.32497
G1 X192.479 Y138.77 E448.41256
G1 X194.802 Y139.986 E448.49977
G1 X197.05 Y141.357 E448.58735
G1 X199.203 Y142.871 E448.67489
G1 X201.262 Y144.531 E448.76286
G1 X203.19 Y146.304 E448.84997
G1 X205.01 Y148.213 E448.9377
G1 X206.694 Y150.23 E449.02509
G1 X208.253 Y152.366 E449.11305
G1 X209.656 Y154.578 E449.20017
G1 X210.923 Y156.901 E449.28818
G1 X212.025 Y159.276 E449.37526
G1 X212.978 Y161.744 E449.46325
G1 X213.764 Y164.257 E449.55083
G1 X214.381 Y166.802 E449.63793
G1 X214.833 Y169.395 E449.72547
G1 X215.114 Y172.012 E449.81301
G1 X215.224 Y174.693 E449.90226
G1 X215.161 Y177.284 E449.98846
G1 X214.926 Y179.896 E450.07569
G1 X214.518 Y182.509 E450.16365
G1 X213.946 Y185.066 E450.2508
G1 X213.204 Y187.591 E450.33833
G1 X212.296 Y190.071 E450.42617
G1 X211.23 Y192.479 E450.51376
G1 X210.014 Y194.803 E450.601
G1 X208.643 Y197.05 E450.68854
G1 X207.129 Y199.203 E450.77609
G1 X205.469 Y201.262 E450.86405
G1 X203.696 Y203.19 E450.95117
G1 X201.787 Y205.01 E451.0389
G1 X199.765 Y206.698 E451.1265
G1 X197.634 Y208.253 E451.21424
G1 X195.422 Y209.656 E451.30137
G1 X193.099 Y210.923 E451.38938
G1 X190.724 Y212.025 E451.47646
G1 X188.259 Y212.977 E451.56435
G1 X185.743 Y213.764 E451.65203
G1 X183.196 Y214.381 E451.73919
G1 X180.601 Y214.833 E451.8268
G1 X177.982 Y215.114 E451.91441
G1 X175.355 Y215.224 E452.00186
G1 X172.716 Y215.161 E452.08966
G1 X170.104 Y214.926 E452.17688
G1 X167.49 Y214.518 E452.26488
G1 X164.93 Y213.945 E452.35213
G1 X162.407 Y213.203 E452.4396
G1 X159.929 Y212.296 E452.52737
G1 X157.521 Y211.23 E452.61495
G1 X155.194 Y210.012 E452.70231
G1 X152.947 Y208.641 E452.78986
G1 X150.794 Y207.127 E452.8774
G1 X148.738 Y205.469 E452.96525
G1 X146.81 Y203.696 E453.05237
G1 X144.99 Y201.787 E453.14009
G1 X143.304 Y199.767 E453.2276
G1 X141.747 Y197.634 E453.31544
G1 X140.344 Y195.422 E453.40256
G1 X139.077 Y193.1 E453.49054
G1 X137.975 Y190.724 E453.57765
G1 X137.106 Y188.474 E453.65788
G1 X137.007 Y188.206 E453.66738
G1 X136.243 Y185.766 E453.75242
G1 X136.03 Y184.896 E453.78221
G1 X135.618 Y183.192 E453.84052
G1 X135.167 Y180.601 E453.92799
G1 X135.063 Y179.627 E453.96057
G1 X135.049 Y179.511 E453.96446
G1 X134.885 Y177.975 E454.01583
G1 X134.776 Y175.345 E454.10338
G1 X134.839 Y172.713 E454.19095
G1 X135.074 Y170.104 E454.27808
G1 X135.482 Y167.491 E454.36604
G1 X136.057 Y164.921 E454.45363
G1 X136.796 Y162.409 E454.54072
G1 X137.706 Y159.925 E454.62871
G1 X138.823 Y157.403 E454.72045
G1 X138.681 Y157.237 E454.72771
G1 X138.726 Y157.143 E454.73118
G1 X139.265 Y156.07 E454.77112
G1 X139.78 Y155.103 E454.80756
G1 X140.248 Y154.286 E454.83887
G1 X140.666 Y153.602 E454.86553
G1 X141.021 Y153.05 E454.88736
G1 X141.369 Y152.53 E454.90817
G1 X141.629 Y152.177 E454.92276
G1 X141.82 Y151.911 E454.93365
G1 X142.206 Y151.333 E454.95676
G1 X136.994 Y146.119 E455.20197
G1 X140.726 Y142.388 E455.37749
G1 X146.781 Y148.45 E455.66246
G1 X148.402 Y146.828 E455.73873
G1 X142.347 Y140.766 E456.0237
;TIME_ELAPSED:515.365033
;LAYER:47
;MESH:Warp_Reaction_Chamber_Lens.stl
G0 F12000 X142.347 Y140.766 Z9.6
;TYPE:WALL-OUTER
G1 F1709.5 X146.008 Y137.105 E456.19591
G1 X151.207 Y142.304 E456.44045
G1 X152.249 Y141.608 E456.48213
G1 X152.965 Y141.079 E456.51174
G1 X153.535 Y140.71 E456.53432
G1 X154.244 Y140.276 E456.56197
G1 X155.084 Y139.792 E456.59421
G1 X156.058 Y139.272 E456.63094
G1 X156.615 Y138.993 E456.65166
G1 X156.759 Y139.142 E456.65855
G1 X159.276 Y137.975 E456.75083
G1 X161.741 Y137.023 E456.83871
G1 X164.264 Y136.235 E456.92663
G1 X166.804 Y135.619 E457.01356
G1 X169.336 Y135.178 E457.09904
G1 X169.473 Y135.159 E457.10364
G1 X172.018 Y134.886 E457.18877
G1 X174.683 Y134.776 E457.27749
G1 X177.284 Y134.839 E457.36402
G1 X179.896 Y135.074 E457.45125
G1 X182.509 Y135.482 E457.53921
G1 X185.07 Y136.055 E457.62649
G1 X187.593 Y136.797 E457.71396
G1 X190.071 Y137.704 E457.80173
G1 X192.479 Y138.77 E457.88932
G1 X194.802 Y139.986 E457.97652
G1 X197.05 Y141.357 E458.0641
G1 X199.203 Y142.871 E458.15164
G1 X201.262 Y144.531 E458.23961
G1 X203.19 Y146.304 E458.32673
G1 X205.01 Y148.213 E458.41445
G1 X206.694 Y150.23 E458.50185
G1 X208.253 Y152.366 E458.5898
G1 X209.656 Y154.578 E458.67692
G1 X210.923 Y156.901 E458.76493
G1 X212.025 Y159.276 E458.85201
G1 X212.978 Y161.744 E458.94001
G1 X213.764 Y164.257 E459.02758
G1 X214.381 Y166.802 E459.11468
G1 X214.833 Y169.395 E459.20223
G1 X215.114 Y172.012 E459.28977
G1 X215.224 Y174.688 E459.37885
G1 X215.161 Y177.284 E459.46522
G1 X214.926 Y179.896 E459.55244
G1 X214.518 Y182.509 E459.6404
G1 X213.946 Y185.066 E459.72755
G1 X213.204 Y187.591 E459.81509
G1 X212.296 Y190.071 E459.90293
G1 X211.222 Y192.495 E459.99111
G1 X210.014 Y194.803 E460.07775
G1 X208.643 Y197.05 E460.1653
G1 X207.338 Y198.905 E460.24073
G1 X206.974 Y199.396 E460.26106
G1 X205.722 Y200.948 E460.32739
G1 X205.302 Y201.444 E460.349
G1 X203.961 Y202.901 E460.41486
G1 X203.516 Y203.361 E460.43615
G1 X202.073 Y204.737 E460.50247
G1 X201.598 Y205.168 E460.5238
G1 X200.072 Y206.442 E460.58992
G1 X199.57 Y206.84 E460.61123
G1 X197.634 Y208.253 E460.69094
G1 X195.422 Y209.656 E460.77807
G1 X193.099 Y210.923 E460.86607
G1 X190.724 Y212.025 E460.95316
G1 X188.259 Y212.977 E461.04104
G1 X185.743 Y213.764 E461.12873
G1 X183.196 Y214.381 E461.21589
G1 X180.601 Y214.833 E461.3035
G1 X177.982 Y215.114 E461.39111
G1 X175.354 Y215.224 E461.47859
G1 X172.716 Y215.161 E461.56636
G1 X170.104 Y214.926 E461.65358
G1 X167.491 Y214.518 E461.74154
G1 X164.93 Y213.945 E461.82883
G1 X162.407 Y213.203 E461.9163
G1 X159.929 Y212.296 E462.00406
G1 X157.521 Y211.23 E462.09165
G1 X155.194 Y210.012 E462.17901
G1 X152.947 Y208.641 E462.26656
G1 X150.794 Y207.127 E462.3541
G1 X148.738 Y205.469 E462.44195
G1 X146.81 Y203.696 E462.52907
G1 X144.99 Y201.787 E462.61679
G1 X143.304 Y199.767 E462.7043
G1 X141.747 Y197.634 E462.79214
G1 X140.344 Y195.422 E462.87926
G1 X139.077 Y193.1 E462.96724
G1 X137.975 Y190.724 E463.05435
G1 X137.022 Y188.256 E463.14234
G1 X136.236 Y185.743 E463.22992
G1 X135.619 Y183.196 E463.31708
G1 X135.167 Y180.601 E463.40469
G1 X134.885 Y177.975 E463.49254
G1 X134.776 Y175.345 E463.58009
G1 X134.839 Y172.713 E463.66765
G1 X135.074 Y170.104 E463.75478
G1 X135.482 Y167.491 E463.84274
G1 X136.057 Y164.922 E463.9303
G1 X136.796 Y162.409 E464.01742
G1 X137.706 Y159.925 E464.10541
G1 X138.823 Y157.403 E464.19715
G1 X138.682 Y157.238 E464.20437
G1 X138.724 Y157.148 E464.20767
G1 X139.269 Y156.06 E464.24815
G1 X139.787 Y155.091 E464.28469
G1 X140.264 Y154.261 E464.31653
G1 X140.691 Y153.565 E464.34369
G1 X141.059 Y152.993 E464.36631
G1 X141.38 Y152.514 E464.38549
G1 X141.639 Y152.158 E464.40013
G1 X141.892 Y151.802 E464.41466
G1 X142.263 Y151.247 E464.43686
G1 X141.226 Y150.213 E464.48557
G1 X139.232 Y148.217 E464.57941
G1 X138.329 Y147.317 E464.62181
G1 X137.063 Y146.05 E464.68138
G1 X140.726 Y142.388 E464.85366
G1 X145.392 Y147.057 E465.0732
G1 X146.781 Y148.45 E465.13863
G1 X148.402 Y146.828 E465.2149
G1 X144.157 Y142.576 E465.41474
G1 X142.347 Y140.766 E465.49987
;TIME_ELAPSED:525.794436
;LAYER:48
;MESH:Warp_Reaction_Chamber_Lens.stl
G0 F12000 X142.347 Y140.766 Z9.8
;TYPE:WALL-OUTER
G1 F1709.8 X145.933 Y137.18 E465.66855
G1 X151.149 Y142.394 E465.91385
G1 X151.531 Y142.118 E465.92952
G1 X152.154 Y141.696 E465.95455
G1 X152.279 Y141.607 E465.95965
G1 X152.998 Y141.078 E465.98934
G1 X153.551 Y140.722 E466.01122
G1 X154.252 Y140.291 E466.03859
G1 X155.099 Y139.804 E466.07108
G1 X156.067 Y139.287 E466.10758
G1 X156.627 Y139.006 E466.12842
G1 X156.759 Y139.142 E466.13472
G1 X159.276 Y137.975 E466.227
G1 X161.741 Y137.023 E466.31489
G1 X164.263 Y136.235 E466.40277
G1 X166.637 Y135.66 E466.48401
G1 X167.042 Y135.578 E466.49776
G1 X169.399 Y135.167 E466.57733
G1 X172.018 Y134.886 E466.66494
G1 X174.678 Y134.776 E466.75349
G1 X177.284 Y134.839 E466.84019
G1 X179.896 Y135.074 E466.92742
G1 X182.509 Y135.482 E467.01538
G1 X185.07 Y136.055 E467.10266
G1 X187.593 Y136.797 E467.19013
G1 X190.071 Y137.704 E467.2779
G1 X192.479 Y138.77 E467.36549
G1 X194.802 Y139.986 E467.45269
G1 X197.05 Y141.357 E467.54027
G1 X199.203 Y142.871 E467.62781
G1 X201.262 Y144.531 E467.71578
G1 X203.19 Y146.304 E467.8029
G1 X205.01 Y148.213 E467.89062
G1 X206.694 Y150.23 E467.97802
G1 X208.253 Y152.366 E468.06597
G1 X209.656 Y154.578 E468.15309
G1 X210.923 Y156.901 E468.2411
G1 X212.025 Y159.276 E468.32818
G1 X212.978 Y161.744 E468.41618
G1 X213.764 Y164.257 E468.50375
G1 X214.381 Y166.802 E468.59085
G1 X214.833 Y169.395 E468.6784
G1 X215.114 Y172.012 E468.76594
G1 X215.224 Y174.683 E468.85485
G1 X215.161 Y177.284 E468.94139
G1 X214.926 Y179.896 E469.02861
G1 X214.518 Y182.509 E469.11657
G1 X213.946 Y185.066 E469.20372
G1 X213.204 Y187.591 E469.29125
G1 X212.296 Y190.071 E469.37909
G1 X211.224 Y192.491 E469.46713
G1 X210.048 Y194.737 E469.55145
G1 X209.925 Y194.949 E469.5596
G1 X208.636 Y197.061 E469.6419
G1 X208.443 Y197.334 E469.65302
G1 X207.643 Y198.446 E469.69858
G1 X206.887 Y199.464 E469.74075
G1 X206.07 Y200.495 E469.78451
G1 X205.22 Y201.497 E469.82821
G1 X204.296 Y202.513 E469.87389
G1 X203.422 Y203.417 E469.91571
G1 X202.472 Y204.337 E469.95969
G1 X201.467 Y205.246 E470.00476
G1 X200.455 Y206.101 E470.04883
G1 X199.469 Y206.883 E470.09068
G1 X198.366 Y207.701 E470.13636
G1 X197.32 Y208.453 E470.17921
G1 X195.422 Y209.656 E470.25395
G1 X193.099 Y210.923 E470.34195
G1 X190.724 Y212.025 E470.42904
G1 X188.259 Y212.977 E470.51692
G1 X185.743 Y213.764 E470.60461
G1 X183.196 Y214.381 E470.69177
G1 X180.601 Y214.833 E470.77938
G1 X177.982 Y215.114 E470.86699
G1 X175.353 Y215.224 E470.9545
G1 X172.716 Y215.161 E471.04224
G1 X170.103 Y214.926 E471.1295
G1 X169.728 Y214.869 E471.14211
G1 X167.492 Y214.518 E471.21739
G1 X164.93 Y213.945 E471.30471
G1 X162.407 Y213.203 E471.39218
G1 X159.929 Y212.296 E471.47994
G1 X157.521 Y211.23 E471.56753
G1 X155.194 Y210.012 E471.65489
G1 X152.916 Y208.62 E471.74368
G1 X150.794 Y207.127 E471.82998
G1 X148.738 Y205.469 E471.91783
G1 X146.81 Y203.696 E472.00494
G1 X144.99 Y201.787 E472.09267
G1 X143.304 Y199.767 E472.18018
G1 X141.747 Y197.634 E472.26802
G1 X140.344 Y195.422 E472.35514
G1 X139.077 Y193.1 E472.44312
G1 X137.975 Y190.724 E472.53023
G1 X137.022 Y188.256 E472.61822
G1 X136.236 Y185.743 E472.7058
G1 X135.619 Y183.196 E472.79296
G1 X135.167 Y180.601 E472.88057
G1 X134.885 Y177.975 E472.96842
G1 X134.776 Y175.345 E473.05596
G1 X134.839 Y172.713 E473.14353
G1 X135.074 Y170.104 E473.23066
G1 X135.482 Y167.491 E473.31862
G1 X136.056 Y164.924 E473.40611
G1 X136.796 Y162.409 E473.4933
G1 X137.706 Y159.925 E473.58129
G1 X138.823 Y157.402 E473.67306
G1 X138.695 Y157.254 E473.67957
G1 X138.751 Y157.135 E473.68394
G1 X139.287 Y156.068 E473.72366
G1 X139.802 Y155.107 E473.75992
G1 X139.823 Y155.064 E473.76151
G1 X140.298 Y154.241 E473.79312
G1 X140.72 Y153.555 E473.81991
G1 X141.091 Y152.978 E473.84272
G1 X141.404 Y152.51 E473.86145
G1 X141.798 Y151.976 E473.88352
G1 X142.188 Y151.389 E473.90696
G1 X142.395 Y151.232 E473.9156
G1 X140.1 Y148.939 E474.0235
G1 X139.305 Y148.141 E474.06097
G1 X137.139 Y145.977 E474.1628
G1 X140.726 Y142.389 E474.33155
G1 X145.324 Y146.989 E474.54787
G1 X146.781 Y148.45 E474.6165
G1 X148.402 Y146.828 E474.69277
G1 X144.111 Y142.53 E474.89477
G1 X142.347 Y140.766 E474.97774
;TIME_ELAPSED:536.226777
;LAYER:49
;MESH:Warp_Reaction_Chamber_Lens.stl
G0 F12000 X142.347 Y140.766 Z10
;TYPE:WALL-OUTER
G1 F1709.9 X145.853 Y137.261 E475.14263
G1 X151.131 Y142.538 E475.39087
G1 X151.515 Y142.208 E475.40771
G1 X151.72 Y142.055 E475.41622
G1 X152.376 Y141.594 E475.44288
G1 X153.023 Y141.118 E475.4696
G1 X153.594 Y140.749 E475.49221
G1 X154.283 Y140.325 E475.51912
G1 X155.138 Y139.834 E475.55191
G1 X156.089 Y139.327 E475.58776
G1 X156.661 Y139.041 E475.60903
G1 X156.759 Y139.142 E475.61371
G1 X159.276 Y137.975 E475.70598
G1 X161.741 Y137.023 E475.79387
G1 X164.276 Y136.232 E475.8822
G1 X166.804 Y135.619 E475.96871
G1 X169.399 Y135.167 E476.05632
G1 X172.018 Y134.886 E476.14393
G1 X174.672 Y134.776 E476.23228
G1 X177.313 Y134.841 E476.32015
G1 X179.896 Y135.074 E476.40641
G1 X182.509 Y135.482 E476.49437
G1 X185.07 Y136.055 E476.58165
G1 X187.593 Y136.797 E476.66912
G1 X190.071 Y137.704 E476.75689
G1 X192.479 Y138.77 E476.84448
G1 X194.802 Y139.986 E476.93168
G1 X197.05 Y141.357 E477.01926
G1 X199.203 Y142.871 E477.1068
G1 X201.262 Y144.531 E477.19477
G1 X203.19 Y146.304 E477.28189
G1 X205.029 Y148.235 E477.37058
G1 X206.702 Y150.24 E477.45743
G1 X208.218 Y152.317 E477.54296
G1 X208.266 Y152.387 E477.54578
G1 X209.656 Y154.578 E477.63208
G1 X210.923 Y156.901 E477.72009
G1 X212.025 Y159.276 E477.80717
G1 X212.978 Y161.744 E477.89516
G1 X213.764 Y164.257 E477.98274
G1 X214.381 Y166.802 E478.06984
G1 X214.833 Y169.395 E478.15738
G1 X215.114 Y172.012 E478.24493
G1 X215.224 Y174.677 E478.33364
G1 X215.159 Y177.313 E478.42134
G1 X214.926 Y179.896 E478.5076
G1 X214.518 Y182.509 E478.59556
G1 X213.946 Y185.066 E478.68271
G1 X213.204 Y187.591 E478.77024
G1 X212.296 Y190.071 E478.85808
G1 X211.225 Y192.489 E478.94604
G1 X210.014 Y194.803 E479.03291
G1 X208.867 Y196.684 E479.10618
G1 X207.643 Y198.388 E479.17596
G1 X206.859 Y199.443 E479.21968
G1 X206.043 Y200.473 E479.26339
G1 X205.189 Y201.48 E479.3073
G1 X204.31 Y202.448 E479.35079
G1 X203.397 Y203.392 E479.39447
G1 X202.449 Y204.311 E479.43839
G1 X201.48 Y205.189 E479.48188
G1 X200.475 Y206.039 E479.52566
G1 X200.325 Y206.16 E479.53207
G1 X199.448 Y206.855 E479.56928
G1 X198.388 Y207.643 E479.61322
G1 X196.817 Y208.771 E479.67754
G1 X195.422 Y209.656 E479.73249
G1 X193.099 Y210.923 E479.8205
G1 X190.724 Y212.025 E479.90758
G1 X188.259 Y212.977 E479.99547
G1 X185.743 Y213.764 E480.08315
G1 X183.196 Y214.381 E480.17031
G1 X180.601 Y214.833 E480.25792
G1 X177.982 Y215.114 E480.34553
G1 X175.353 Y215.224 E480.43305
G1 X172.716 Y215.161 E480.52078
G1 X170.104 Y214.926 E480.608
G1 X167.491 Y214.518 E480.69597
G1 X164.93 Y213.945 E480.78325
G1 X162.38 Y213.194 E480.87167
G1 X159.913 Y212.289 E480.95907
G1 X157.521 Y211.23 E481.04607
G1 X155.194 Y210.012 E481.13343
G1 X152.923 Y208.625 E481.22194
G1 X150.794 Y207.127 E481.30852
G1 X148.738 Y205.469 E481.39637
G1 X146.81 Y203.696 E481.48349
G1 X144.99 Y201.787 E481.57121
G1 X143.304 Y199.767 E481.65872
G1 X141.747 Y197.634 E481.74656
G1 X140.344 Y195.422 E481.83368
G1 X139.077 Y193.1 E481.92166
G1 X137.975 Y190.724 E482.00877
G1 X137.022 Y188.256 E482.09676
G1 X136.236 Y185.743 E482.18434
G1 X135.619 Y183.196 E482.2715
G1 X135.165 Y180.579 E482.35985
G1 X134.885 Y177.975 E482.44695
G1 X134.776 Y175.345 E482.5345
G1 X134.839 Y172.713 E482.62207
G1 X135.074 Y170.104 E482.7092
G1 X135.482 Y167.491 E482.79716
G1 X136.056 Y164.926 E482.88458
G1 X136.796 Y162.409 E482.97184
G1 X137.706 Y159.925 E483.05983
G1 X138.823 Y157.402 E483.1516
G1 X138.727 Y157.292 E483.15645
G1 X138.781 Y157.178 E483.16065
G1 X139.326 Y156.094 E483.201
G1 X139.848 Y155.114 E483.23794
G1 X140.359 Y154.229 E483.27192
G1 X140.749 Y153.594 E483.29671
G1 X141.115 Y153.024 E483.31924
G1 X141.431 Y152.551 E483.33816
G1 X141.803 Y152.047 E483.35899
G1 X142.192 Y151.462 E483.38236
G1 X142.508 Y151.184 E483.39636
G1 X137.219 Y145.894 E483.64516
G1 X140.726 Y142.388 E483.8101
G1 X145.315 Y146.98 E484.02602
G1 X146.781 Y148.45 E484.09507
G1 X148.402 Y146.828 E484.17134
G1 X142.347 Y140.766 E484.45631
;MESH:NONMESH
G0 F300 X142.347 Y140.766 Z10.2
G0 F12000 X142.347 Y140.767
;TIME_ELAPSED:546.733337
;LAYER:50
;TYPE:WALL-OUTER
;MESH:Warp_Reaction_Chamber_Lens.stl
G1 F1710.3 X145.762 Y137.351 E484.61697
G1 X149.408 Y141 E484.78854
G1 X151.1 Y142.689 E484.86805
G1 X151.409 Y142.379 E484.88261
G1 X151.639 Y142.179 E484.89275
G1 X151.857 Y142.017 E484.90178
G1 X152.219 Y141.763 E484.91649
G1 X152.473 Y141.581 E484.92688
G1 X153.07 Y141.142 E484.95153
G1 X153.629 Y140.781 E484.97366
G1 X154.319 Y140.358 E485.00058
G1 X155.177 Y139.865 E485.03349
G1 X156.112 Y139.367 E485.06873
G1 X156.694 Y139.075 E485.09038
G1 X156.758 Y139.143 E485.09349
G1 X159.276 Y137.975 E485.18581
G1 X161.741 Y137.023 E485.2737
G1 X164.272 Y136.233 E485.36188
G1 X166.714 Y135.641 E485.44546
G1 X166.937 Y135.596 E485.45303
G1 X169.399 Y135.167 E485.53615
G1 X172.018 Y134.886 E485.62375
G1 X174.667 Y134.776 E485.71194
G1 X177.305 Y134.84 E485.7997
G1 X179.896 Y135.074 E485.88623
G1 X182.529 Y135.486 E485.97487
G1 X185.07 Y136.055 E486.06148
G1 X187.593 Y136.797 E486.14895
G1 X190.071 Y137.704 E486.23671
G1 X192.496 Y138.779 E486.32494
G1 X194.817 Y139.995 E486.41209
G1 X197.067 Y141.369 E486.49977
G1 X199.203 Y142.871 E486.58662
G1 X201.277 Y144.544 E486.67525
G1 X203.19 Y146.304 E486.76171
G1 X205.023 Y148.229 E486.85012
G1 X206.694 Y150.23 E486.93682
G1 X208.253 Y152.366 E487.02478
G1 X209.656 Y154.578 E487.1119
G1 X210.923 Y156.901 E487.19991
G1 X212.025 Y159.276 E487.28699
G1 X212.978 Y161.744 E487.37498
G1 X213.764 Y164.257 E487.46256
G1 X214.381 Y166.802 E487.54966
G1 X214.833 Y169.395 E487.6372
G1 X215.114 Y172.012 E487.72474
G1 X215.224 Y174.672 E487.81329
G1 X215.16 Y177.305 E487.90089
G1 X214.926 Y179.896 E487.98742
G1 X214.514 Y182.529 E488.07606
G1 X213.946 Y185.066 E488.16253
G1 X213.204 Y187.591 E488.25006
G1 X212.295 Y190.071 E488.33791
G1 X211.227 Y192.485 E488.42571
G1 X210 Y194.826 E488.51362
G1 X209.074 Y196.344 E488.57276
G1 X208.854 Y196.641 E488.58505
G1 X207.615 Y198.368 E488.65575
G1 X206.832 Y199.422 E488.69942
G1 X206.017 Y200.451 E488.74308
G1 X205.168 Y201.452 E488.78673
G1 X204.282 Y202.429 E488.8306
G1 X203.373 Y203.368 E488.87407
G1 X202.425 Y204.286 E488.91796
G1 X201.458 Y205.163 E488.96138
G1 X200.455 Y206.012 E489.00509
G1 X199.427 Y206.828 E489.04874
G1 X198.37 Y207.613 E489.09253
G1 X196.642 Y208.853 E489.16327
G1 X196.369 Y209.055 E489.17457
G1 X195.422 Y209.656 E489.21187
G1 X193.099 Y210.923 E489.29988
G1 X190.724 Y212.025 E489.38696
G1 X188.259 Y212.977 E489.47485
G1 X185.743 Y213.764 E489.56253
G1 X183.196 Y214.381 E489.64969
G1 X180.601 Y214.833 E489.7373
G1 X177.982 Y215.114 E489.82491
G1 X175.352 Y215.224 E489.91246
G1 X172.716 Y215.161 E490.00016
G1 X170.104 Y214.926 E490.08739
G1 X167.491 Y214.518 E490.17535
G1 X164.93 Y213.945 E490.26263
G1 X162.388 Y213.197 E490.35077
G1 X159.916 Y212.291 E490.43833
G1 X157.521 Y211.23 E490.52546
G1 X155.194 Y210.012 E490.61281
G1 X152.931 Y208.63 E490.70101
G1 X150.794 Y207.127 E490.7879
G1 X148.738 Y205.469 E490.87575
G1 X146.81 Y203.696 E490.96287
G1 X144.977 Y201.772 E491.05125
G1 X143.304 Y199.767 E491.13811
G1 X141.736 Y197.617 E491.22661
G1 X140.344 Y195.422 E491.31306
G1 X139.069 Y193.082 E491.40169
G1 X137.975 Y190.724 E491.48815
G1 X137.016 Y188.236 E491.57684
G1 X136.243 Y185.766 E491.66292
G1 X135.968 Y184.638 E491.70154
G1 X135.616 Y183.176 E491.75155
G1 X135.167 Y180.601 E491.83849
G1 X134.885 Y177.975 E491.92633
G1 X134.776 Y175.345 E492.01388
G1 X134.84 Y172.693 E492.10211
G1 X135.074 Y170.104 E492.18857
G1 X135.482 Y167.491 E492.27654
G1 X136.055 Y164.928 E492.36389
G1 X136.796 Y162.409 E492.45122
G1 X137.706 Y159.925 E492.53921
G1 X138.823 Y157.402 E492.63098
G1 X138.76 Y157.33 E492.63416
G1 X138.822 Y157.199 E492.63898
G1 X139.366 Y156.117 E492.67926
G1 X139.886 Y155.14 E492.71607
G1 X140.419 Y154.217 E492.75152
G1 X140.778 Y153.633 E492.77432
G1 X141.138 Y153.073 E492.79646
G1 X141.398 Y152.688 E492.81191
G1 X141.472 Y152.574 E492.81644
G1 X141.809 Y152.118 E492.83529
G1 X142.074 Y151.718 E492.85125
G1 X142.242 Y151.504 E492.8603
G1 X142.436 Y151.345 E492.86864
G1 X142.658 Y151.153 E492.87841
G1 X142.035 Y150.526 E492.90781
G1 X141.774 Y150.268 E492.92001
G1 X141.53 Y150.022 E492.93154
G1 X137.31 Y145.804 E493.12998
G1 X140.726 Y142.388 E493.29066
G1 X145.497 Y147.162 E493.51515
G1 X146.781 Y148.45 E493.57564
G1 X148.402 Y146.828 E493.65191
G1 X145.564 Y143.984 E493.78554
G1 X142.347 Y140.767 E493.93686
;TIME_ELAPSED:557.074064
;LAYER:51
;MESH:Warp_Reaction_Chamber_Lens.stl
G0 F12000 X142.347 Y140.767 Z10.4
;TYPE:WALL-OUTER
G1 F1710.6 X145.664 Y137.449 E494.0929
G1 X149.907 Y141.696 E494.29257
G1 X150.023 Y141.808 E494.29794
G1 X151.059 Y142.845 E494.34669
G1 X151.375 Y142.486 E494.3626
G1 X151.56 Y142.311 E494.37107
G1 X151.94 Y142.014 E494.38711
G1 X152.21 Y141.825 E494.39807
G1 X152.47 Y141.638 E494.40872
G1 X152.569 Y141.57 E494.41272
G1 X153.128 Y141.159 E494.43579
G1 X153.669 Y140.81 E494.45721
G1 X154.346 Y140.394 E494.48363
G1 X155.165 Y139.924 E494.51504
G1 X156.135 Y139.407 E494.5516
G1 X156.728 Y139.11 E494.57366
G1 X156.759 Y139.142 E494.57514
G1 X159.276 Y137.975 E494.66742
G1 X161.741 Y137.023 E494.75531
G1 X164.268 Y136.234 E494.84336
G1 X166.804 Y135.619 E494.93015
G1 X169.399 Y135.167 E495.01776
G1 X172.029 Y134.886 E495.10573
G1 X174.662 Y134.776 E495.19338
G1 X177.296 Y134.839 E495.28101
G1 X179.896 Y135.074 E495.36784
G1 X182.52 Y135.484 E495.45617
G1 X185.07 Y136.055 E495.54309
G1 X187.604 Y136.801 E495.63095
G1 X190.071 Y137.704 E495.71832
G1 X192.478 Y138.77 E495.80588
G1 X194.812 Y139.992 E495.8935
G1 X197.06 Y141.364 E495.9811
G1 X199.203 Y142.871 E496.06823
G1 X201.27 Y144.538 E496.15656
G1 X203.19 Y146.304 E496.24332
G1 X205.022 Y148.228 E496.33168
G1 X206.694 Y150.23 E496.41844
G1 X208.259 Y152.375 E496.50675
G1 X209.656 Y154.578 E496.59351
G1 X210.928 Y156.912 E496.68192
G1 X212.025 Y159.276 E496.7686
G1 X212.981 Y161.755 E496.85697
G1 X213.764 Y164.257 E496.94417
G1 X214.381 Y166.802 E497.03127
G1 X214.833 Y169.395 E497.11881
G1 X215.114 Y172.023 E497.20672
G1 X215.224 Y174.667 E497.29473
G1 X215.161 Y177.296 E497.3822
G1 X214.926 Y179.896 E497.46903
G1 X214.516 Y182.52 E497.55736
G1 X213.946 Y185.066 E497.64414
G1 X213.204 Y187.591 E497.73167
G1 X212.295 Y190.071 E497.81952
G1 X211.229 Y192.483 E497.90723
G1 X210.028 Y194.776 E497.99333
G1 X209.976 Y194.866 E497.99678
G1 X209.281 Y196.004 E498.04113
G1 X209.061 Y196.308 E498.05361
G1 X208.753 Y196.723 E498.0708
G1 X207.587 Y198.348 E498.13732
G1 X206.805 Y199.401 E498.18095
G1 X205.99 Y200.429 E498.22458
G1 X205.137 Y201.435 E498.26845
G1 X204.26 Y202.401 E498.31185
G1 X203.348 Y203.343 E498.35545
G1 X202.402 Y204.261 E498.3993
G1 X201.435 Y205.137 E498.4427
G1 X200.433 Y205.985 E498.48636
G1 X199.406 Y206.801 E498.52998
G1 X198.348 Y207.587 E498.57382
G1 X196.723 Y208.753 E498.64034
G1 X195.938 Y209.329 E498.67273
G1 X195.422 Y209.656 E498.69304
G1 X193.099 Y210.923 E498.78105
G1 X190.724 Y212.025 E498.86813
G1 X188.259 Y212.977 E498.95602
G1 X185.743 Y213.764 E499.0437
G1 X183.185 Y214.382 E499.13123
G1 X180.601 Y214.833 E499.21847
G1 X177.97 Y215.114 E499.30648
G1 X175.352 Y215.224 E499.39363
G1 X172.716 Y215.161 E499.48133
G1 X170.128 Y214.929 E499.56775
G1 X169.819 Y214.883 E499.57814
G1 X167.491 Y214.518 E499.65652
G1 X164.93 Y213.945 E499.7438
G1 X162.397 Y213.2 E499.83162
G1 X159.92 Y212.293 E499.91935
G1 X157.521 Y211.23 E500.00663
G1 X155.194 Y210.012 E500.09399
G1 X152.938 Y208.635 E500.18189
G1 X150.794 Y207.127 E500.26908
G1 X148.738 Y205.469 E500.35692
G1 X146.81 Y203.696 E500.44404
G1 X144.983 Y201.779 E500.53212
G1 X143.304 Y199.767 E500.61928
G1 X141.747 Y197.634 E500.70711
G1 X140.344 Y195.422 E500.79424
G1 X139.073 Y193.09 E500.88257
G1 X137.975 Y190.724 E500.96932
G1 X137.019 Y188.245 E501.05769
G1 X136.243 Y185.766 E501.14409
G1 X135.973 Y184.659 E501.18199
G1 X135.618 Y183.185 E501.23242
G1 X135.166 Y180.589 E501.32006
G1 X134.885 Y177.975 E501.4075
G1 X134.776 Y175.345 E501.49505
G1 X134.839 Y172.702 E501.58298
G1 X135.074 Y170.104 E501.66975
G1 X135.479 Y167.504 E501.75727
G1 X136.058 Y164.918 E501.84541
G1 X136.796 Y162.409 E501.93239
G1 X137.706 Y159.925 E502.02038
G1 X138.823 Y157.402 E502.11215
G1 X138.794 Y157.368 E502.11364
G1 X138.863 Y157.22 E502.11907
G1 X139.407 Y156.136 E502.15941
G1 X139.829 Y155.347 E502.18917
G1 X140.018 Y154.999 E502.20234
G1 X140.394 Y154.35 E502.22728
G1 X140.481 Y154.203 E502.23297
G1 X140.807 Y153.673 E502.25366
G1 X141.162 Y153.119 E502.27555
G1 X141.498 Y152.616 E502.29567
G1 X141.814 Y152.189 E502.31333
G1 X142.174 Y151.649 E502.33492
G1 X142.363 Y151.473 E502.34351
G1 X142.81 Y151.107 E502.36272
G1 X137.407 Y145.706 E502.61682
G1 X140.726 Y142.388 E502.77291
G1 X145.315 Y146.98 E502.98883
G1 X146.781 Y148.45 E503.05788
G1 X148.402 Y146.828 E503.13415
G1 X144.379 Y142.799 E503.32352
G1 X142.347 Y140.767 E503.4191
;MESH:NONMESH
G0 F300 X142.347 Y140.767 Z10.6
G0 F12000 X142.347 Y140.766
;TIME_ELAPSED:567.571621
;LAYER:52
;TYPE:WALL-OUTER
;MESH:Warp_Reaction_Chamber_Lens.stl
G1 F1710.8 X145.559 Y137.555 E503.57016
G1 X151.005 Y143.003 E503.82637
G1 X151.411 Y142.519 E503.84738
G1 X151.612 Y142.334 E503.85647
G1 X151.894 Y142.111 E503.86843
G1 X152.54 Y141.644 E503.89494
G1 X152.667 Y141.557 E503.90006
G1 X153.175 Y141.183 E503.92104
G1 X153.707 Y140.84 E503.94209
G1 X154.381 Y140.427 E503.96839
G1 X155.197 Y139.958 E503.99969
G1 X156.157 Y139.446 E504.03588
G1 X156.892 Y139.078 E504.06322
G1 X157.237 Y138.921 E504.07582
G1 X159.094 Y138.06 E504.1439
G1 X159.392 Y137.931 E504.1547
G1 X161.741 Y137.023 E504.23846
G1 X164.264 Y136.235 E504.32638
G1 X166.807 Y135.619 E504.4134
G1 X169.399 Y135.167 E504.50092
G1 X172.02 Y134.886 E504.58859
G1 X174.656 Y134.776 E504.67634
G1 X177.287 Y134.839 E504.76387
G1 X179.896 Y135.074 E504.851
G1 X182.511 Y135.482 E504.93903
G1 X185.07 Y136.055 E505.02625
G1 X187.596 Y136.798 E505.11382
G1 X190.071 Y137.704 E505.20148
G1 X192.481 Y138.771 E505.28914
G1 X194.807 Y139.989 E505.37647
G1 X197.052 Y141.359 E505.46395
G1 X199.203 Y142.871 E505.5514
G1 X201.264 Y144.532 E505.63944
G1 X203.19 Y146.304 E505.72648
G1 X205.025 Y148.231 E505.81499
G1 X206.694 Y150.23 E505.9016
G1 X208.254 Y152.368 E505.98963
G1 X209.656 Y154.578 E506.07667
G1 X210.924 Y156.904 E506.16479
G1 X212.025 Y159.276 E506.25176
G1 X212.978 Y161.746 E506.33982
G1 X213.764 Y164.257 E506.42733
G1 X214.381 Y166.802 E506.51443
G1 X214.833 Y169.395 E506.60197
G1 X215.114 Y172.015 E506.68962
G1 X215.224 Y174.661 E506.7777
G1 X215.161 Y177.287 E506.86506
G1 X214.926 Y179.896 E506.95219
G1 X214.518 Y182.511 E507.04022
G1 X213.946 Y185.066 E507.1273
G1 X213.204 Y187.591 E507.21483
G1 X212.296 Y190.071 E507.30267
G1 X211.227 Y192.485 E507.39049
G1 X210.009 Y194.812 E507.47784
G1 X209.362 Y195.871 E507.51912
G1 X209.299 Y195.925 E507.52188
G1 X208.653 Y196.805 E507.55819
G1 X207.558 Y198.33 E507.62063
G1 X206.777 Y199.38 E507.66415
G1 X205.963 Y200.407 E507.70774
G1 X205.111 Y201.412 E507.75156
G1 X204.235 Y202.377 E507.79491
G1 X203.324 Y203.319 E507.8385
G1 X202.378 Y204.236 E507.88232
G1 X201.412 Y205.111 E507.92567
G1 X200.411 Y205.958 E507.96928
G1 X199.38 Y206.777 E508.01307
G1 X198.33 Y207.558 E508.0566
G1 X196.804 Y208.653 E508.11907
G1 X196.184 Y209.11 E508.14469
G1 X195.926 Y209.297 E508.15528
G1 X195.855 Y209.381 E508.15894
G1 X195.422 Y209.656 E508.176
G1 X193.099 Y210.923 E508.26401
G1 X190.724 Y212.025 E508.35109
G1 X188.259 Y212.977 E508.43898
G1 X185.743 Y213.764 E508.52666
G1 X183.194 Y214.381 E508.61389
G1 X180.601 Y214.833 E508.70143
G1 X177.979 Y215.114 E508.78914
G1 X175.351 Y215.224 E508.87663
G1 X172.716 Y215.161 E508.96429
G1 X170.102 Y214.926 E509.05158
G1 X169.849 Y214.888 E509.06009
G1 X167.481 Y214.516 E509.13982
G1 X164.93 Y213.945 E509.22677
G1 X162.405 Y213.203 E509.3143
G1 X159.924 Y212.294 E509.40218
G1 X157.521 Y211.23 E509.48959
G1 X155.194 Y210.012 E509.57695
G1 X152.945 Y208.64 E509.66457
G1 X150.794 Y207.127 E509.75204
G1 X148.738 Y205.469 E509.83989
G1 X146.81 Y203.696 E509.927
G1 X144.984 Y201.779 E510.01506
G1 X143.306 Y199.77 E510.10212
G1 X141.747 Y197.634 E510.19007
G1 X140.344 Y195.422 E510.2772
G1 X139.076 Y193.098 E510.36525
G1 X137.975 Y190.724 E510.45229
G1 X137.018 Y188.243 E510.54073
G1 X136.243 Y185.766 E510.62706
G1 X135.995 Y184.75 E510.66184
G1 X135.619 Y183.194 E510.71508
G1 X135.167 Y180.595 E510.80282
G1 X134.885 Y177.972 E510.89057
G1 X134.776 Y175.345 E510.97802
G1 X134.839 Y172.711 E511.06565
G1 X135.074 Y170.104 E511.15271
G1 X135.477 Y167.52 E511.23969
G1 X135.563 Y167.126 E511.25311
G1 X136.059 Y164.916 E511.32844
G1 X136.796 Y162.409 E511.41535
G1 X137.541 Y160.376 E511.48737
G1 X137.774 Y159.772 E511.5089
G1 X138.732 Y157.607 E511.58764
G1 X138.904 Y157.24 E511.60112
G1 X139.446 Y156.158 E511.64137
G1 X139.84 Y155.424 E511.66908
G1 X139.959 Y155.196 E511.67763
G1 X140.082 Y154.979 E511.68593
G1 X140.429 Y154.38 E511.70895
G1 X140.54 Y154.193 E511.71619
G1 X140.836 Y153.712 E511.73497
G1 X141.094 Y153.314 E511.75075
G1 X141.189 Y153.162 E511.75671
G1 X141.532 Y152.649 E511.77723
G1 X141.819 Y152.26 E511.79331
G1 X142.169 Y151.736 E511.81427
G1 X142.349 Y151.554 E511.82278
G1 X142.424 Y151.512 E511.82564
G1 X142.678 Y151.288 E511.83691
G1 X142.957 Y151.046 E511.84919
G1 X137.512 Y145.601 E512.10531
G1 X140.726 Y142.388 E512.25646
G1 X146.781 Y148.45 E512.54143
G1 X148.402 Y146.828 E512.6177
G1 X142.347 Y140.766 E512.90268
;TIME_ELAPSED:577.846771
;LAYER:53
;MESH:Warp_Reaction_Chamber_Lens.stl
G0 F12000 X142.347 Y140.766 Z10.8
;TYPE:WALL-OUTER
G1 F1711 X145.446 Y137.667 E513.04845
G1 X149.738 Y141.961 E513.25037
G1 X150.938 Y143.157 E513.30673
G1 X151.304 Y142.735 E513.3253
G1 X151.473 Y142.532 E513.33409
G1 X151.673 Y142.348 E513.34313
G1 X152.04 Y142.06 E513.35864
G1 X152.61 Y141.651 E513.38198
G1 X152.764 Y141.544 E513.38822
G1 X153.222 Y141.207 E513.40713
G1 X153.746 Y140.869 E513.42787
G1 X154.407 Y140.464 E513.45365
G1 X155.222 Y139.996 E513.48491
G1 X156.179 Y139.486 E513.52098
G1 X157.255 Y138.948 E513.56099
G1 X158.414 Y138.406 E513.60354
G1 X159.602 Y137.888 E513.64665
G1 X160.808 Y137.413 E513.68976
G1 X162.068 Y136.949 E513.73442
G1 X162.872 Y136.669 E513.76274
G1 X164.259 Y136.236 E513.81106
G1 X166.209 Y135.763 E513.8778
G1 X167.837 Y135.438 E513.93302
G1 X169.399 Y135.167 E513.98575
G1 X171.339 Y134.96 E514.05064
G1 X172.338 Y134.893 E514.08394
G1 X173.274 Y134.834 E514.11513
G1 X174.651 Y134.776 E514.16097
G1 X176.671 Y134.825 E514.22818
G1 X178.324 Y134.932 E514.28327
G1 X179.896 Y135.074 E514.33577
G1 X181.764 Y135.365 E514.39865
G1 X182.808 Y135.57 E514.43404
G1 X183.732 Y135.756 E514.46538
G1 X185.07 Y136.055 E514.51098
G1 X187.022 Y136.629 E514.57866
G1 X188.577 Y137.157 E514.63328
G1 X190.071 Y137.705 E514.6862
G1 X191.785 Y138.463 E514.74854
G1 X192.747 Y138.935 E514.78418
G1 X193.597 Y139.356 E514.81573
G1 X194.803 Y139.986 E514.86098
G1 X196.542 Y141.047 E514.92874
G1 X197.91 Y141.961 E514.98346
G1 X199.203 Y142.871 E515.03605
G1 X200.675 Y144.058 E515.09894
G1 X201.529 Y144.801 E515.13659
G1 X202.185 Y145.379 E515.16567
G1 X203.19 Y146.304 E515.2111
G1 X204.595 Y147.779 E515.27885
G1 X205.68 Y149.016 E515.33358
G1 X206.694 Y150.23 E515.38619
G1 X207.804 Y151.751 E515.44882
G1 X208.44 Y152.696 E515.4867
G1 X208.933 Y153.439 E515.51636
G1 X209.656 Y154.578 E515.56123
G1 X210.632 Y156.366 E515.62898
G1 X211.36 Y157.842 E515.68372
G1 X212.025 Y159.276 E515.7363
G1 X212.705 Y161.039 E515.79914
G1 X213.074 Y162.112 E515.83688
G1 X213.354 Y162.942 E515.86602
G1 X213.764 Y164.257 E515.91183
G1 X214.239 Y166.216 E515.97888
G1 X214.562 Y167.837 E516.03385
G1 X214.833 Y169.395 E516.08645
G1 X215.04 Y171.339 E516.15147
G1 X215.107 Y172.338 E516.18477
G1 X215.166 Y173.27 E516.21583
G1 X215.224 Y174.656 E516.26197
G1 X215.175 Y176.671 E516.32901
G1 X215.068 Y178.324 E516.3841
G1 X214.926 Y179.896 E516.4366
G1 X214.635 Y181.764 E516.49948
G1 X214.43 Y182.808 E516.53487
G1 X214.244 Y183.732 E516.56622
G1 X213.946 Y185.066 E516.61168
G1 X213.372 Y187.021 E516.67945
G1 X212.842 Y188.578 E516.73415
G1 X212.295 Y190.071 E516.78704
G1 X211.537 Y191.785 E516.84937
G1 X211.103 Y192.67 E516.88216
G1 X210.862 Y193.151 E516.90005
G1 X210.623 Y193.637 E516.91806
G1 X210.009 Y194.811 E516.96213
G1 X209.538 Y195.582 E516.99218
G1 X209.263 Y195.961 E517.00775
G1 X209.087 Y196.16 E517.01659
G1 X208.553 Y196.885 E517.04654
G1 X207.531 Y198.308 E517.10481
G1 X206.75 Y199.359 E517.14836
G1 X205.933 Y200.39 E517.19211
G1 X205.09 Y201.384 E517.23546
G1 X204.21 Y202.353 E517.279
G1 X203.299 Y203.294 E517.32256
G1 X202.354 Y204.211 E517.36635
G1 X201.389 Y205.085 E517.40966
G1 X200.389 Y205.932 E517.45325
G1 X199.364 Y206.746 E517.49678
G1 X198.308 Y207.531 E517.54054
G1 X196.885 Y208.553 E517.59881
G1 X196.023 Y209.187 E517.6344
G1 X195.823 Y209.363 E517.64327
G1 X195.419 Y209.657 E517.65988
G1 X193.762 Y210.561 E517.72266
G1 X193.131 Y210.872 E517.74606
G1 X192.81 Y211.035 E517.75804
G1 X191.964 Y211.451 E517.78939
G1 X190.724 Y212.025 E517.83484
G1 X188.823 Y212.76 E517.90263
G1 X187.265 Y213.289 E517.95735
G1 X185.743 Y213.764 E518.01038
G1 X183.925 Y214.205 E518.0726
G1 X182.808 Y214.431 E518.11051
G1 X181.951 Y214.599 E518.13955
G1 X180.601 Y214.833 E518.18512
G1 X178.586 Y215.05 E518.25253
G1 X176.933 Y215.158 E518.30763
G1 X175.351 Y215.224 E518.36029
G1 X173.476 Y215.179 E518.42267
G1 X172.257 Y215.094 E518.46331
G1 X171.105 Y214.991 E518.50178
G1 X169.783 Y214.843 E518.54603
G1 X168.65 Y214.678 E518.58411
G1 X167.426 Y214.47 E518.6254
G1 X166.45 Y214.285 E518.65844
G1 X164.93 Y213.945 E518.71025
G1 X163.128 Y213.415 E518.77272
G1 X162.114 Y213.074 E518.8083
G1 X161.265 Y212.785 E518.83813
G1 X159.928 Y212.295 E518.88549
G1 X158.077 Y211.476 E518.95281
G1 X156.549 Y210.721 E519.0095
G1 X155.194 Y210.012 E519.06037
G1 X153.515 Y208.986 E519.12581
G1 X152.989 Y208.633 E519.14688
G1 X152.639 Y208.403 E519.16081
G1 X151.912 Y207.913 E519.18997
G1 X150.794 Y207.127 E519.23542
G1 X149.21 Y205.85 E519.3031
G1 X147.97 Y204.763 E519.35794
G1 X146.81 Y203.696 E519.41036
G1 X145.459 Y202.275 E519.47558
G1 X144.756 Y201.477 E519.51095
G1 X144.182 Y200.819 E519.53999
G1 X143.304 Y199.767 E519.58557
G1 X142.104 Y198.124 E519.65324
G1 X141.188 Y196.753 E519.70808
G1 X140.344 Y195.422 E519.7605
G1 X139.439 Y193.761 E519.82341
G1 X138.934 Y192.748 E519.86106
G1 X138.547 Y191.959 E519.89028
G1 X137.97 Y190.712 E519.93599
G1 X137.239 Y188.822 E520.00338
G1 X136.712 Y187.266 E520.05803
G1 X136.236 Y185.743 E520.1111
G1 X135.795 Y183.925 E520.17332
G1 X135.569 Y182.808 E520.21122
G1 X135.4 Y181.947 E520.24041
G1 X135.167 Y180.6 E520.28587
G1 X134.95 Y178.579 E520.35348
G1 X134.842 Y176.933 E520.40834
G1 X134.776 Y175.345 E520.4612
G1 X134.821 Y173.475 E520.52342
G1 X134.893 Y172.337 E520.56134
G1 X134.952 Y171.458 E520.59065
G1 X135.074 Y170.104 E520.63586
G1 X135.388 Y168.09 E520.70366
G1 X135.721 Y166.423 E520.7602
G1 X136.055 Y164.928 E520.81115
G1 X136.616 Y163.026 E520.8771
G1 X136.797 Y162.5 E520.8956
G1 X137.195 Y161.405 E520.93435
G1 X137.344 Y161.002 E520.94865
G1 X137.879 Y159.632 E520.99756
G1 X137.917 Y159.538 E521.00093
G1 X138.406 Y158.414 E521.0417
G1 X138.945 Y157.261 E521.08404
G1 X139.486 Y156.181 E521.12421
G1 X139.85 Y155.503 E521.14981
G1 X139.996 Y155.223 E521.16031
G1 X140.462 Y154.412 E521.19142
G1 X140.601 Y154.181 E521.20039
G1 X140.865 Y153.751 E521.21717
G1 X141.21 Y153.215 E521.23837
G1 X141.566 Y152.681 E521.25972
G1 X141.825 Y152.331 E521.2742
G1 X142.059 Y151.979 E521.28826
G1 X142.222 Y151.754 E521.2975
G1 X142.233 Y151.762 E521.29795
G1 X142.581 Y151.437 E521.31379
G1 X142.804 Y151.251 E521.32344
G1 X143.114 Y150.977 E521.33721
G1 X140.576 Y148.44 E521.45656
G1 X139.807 Y147.668 E521.4928
G1 X137.625 Y145.489 E521.59537
G1 X140.726 Y142.388 E521.74123
G1 X145.315 Y146.98 E521.95715
G1 X146.781 Y148.45 E522.0262
G1 X148.402 Y146.828 E522.10247
G1 X142.347 Y140.766 E522.38745
;MESH:NONMESH
G0 F300 X142.347 Y140.766 Z11
G0 F12000 X142.347 Y140.767
;TIME_ELAPSED:588.315827
;LAYER:54
;TYPE:WALL-OUTER
;MESH:Warp_Reaction_Chamber_Lens.stl
G1 F1710.6 X145.326 Y137.788 E522.52757
G1 X146.596 Y139.061 E522.58738
G1 X150.858 Y143.319 E522.78775
G1 X151.275 Y142.853 E522.80855
G1 X151.529 Y142.551 E522.82168
G1 X151.708 Y142.387 E522.82975
G1 X151.925 Y142.205 E522.83917
G1 X152.187 Y142.009 E522.85006
G1 X152.681 Y141.656 E522.87025
G1 X152.861 Y141.531 E522.87754
G1 X153.269 Y141.231 E522.89438
G1 X153.786 Y140.898 E522.91484
G1 X154.439 Y140.498 E522.94031
G1 X155.248 Y140.034 E522.97132
G1 X156.202 Y139.526 E523.00727
G1 X157.276 Y138.989 E523.04721
G1 X158.433 Y138.448 E523.08969
G1 X159.621 Y137.931 E523.13278
G1 X160.825 Y137.455 E523.17585
G1 X162.027 Y137.013 E523.21844
G1 X163.253 Y136.585 E523.26163
G1 X163.534 Y136.494 E523.27146
G1 X163.545 Y136.488 E523.27187
G1 X164.308 Y136.231 E523.29865
G1 X164.704 Y136.127 E523.31227
G1 X165.06 Y136.042 E523.32444
G1 X166.222 Y135.806 E523.36388
G1 X169.237 Y135.208 E523.46611
G1 X169.509 Y135.165 E523.47527
G1 X169.884 Y135.123 E523.48782
G1 X170.471 Y135.071 E523.50742
G1 X171.343 Y135.006 E523.5365
G1 X172.489 Y134.929 E523.57471
G1 X173.405 Y134.872 E523.60523
G1 X174.289 Y134.821 E523.63468
G1 X174.895 Y134.795 E523.65486
G1 X175.203 Y134.789 E523.6651
G1 X175.514 Y134.797 E523.67545
G1 X175.773 Y134.812 E523.68408
G1 X179.739 Y135.073 E523.81627
G1 X179.997 Y135.099 E523.8249
G1 X180.38 Y135.157 E523.83778
G1 X180.957 Y135.26 E523.85728
G1 X181.821 Y135.422 E523.88651
G1 X182.946 Y135.644 E523.92465
G1 X183.843 Y135.826 E523.9551
G1 X184.714 Y136.006 E523.98468
G1 X185.3 Y136.137 E524.00465
G1 X185.599 Y136.211 E524.01489
G1 X185.955 Y136.315 E524.02723
G1 X189.905 Y137.658 E524.16599
G1 X190.163 Y137.756 E524.17517
G1 X190.503 Y137.905 E524.18752
G1 X191.058 Y138.163 E524.20788
G1 X191.831 Y138.537 E524.23644
G1 X192.861 Y139.042 E524.27459
G1 X193.682 Y139.45 E524.30508
G1 X194.506 Y139.865 E524.33577
G1 X195.011 Y140.129 E524.35472
G1 X195.278 Y140.276 E524.36486
G1 X195.593 Y140.468 E524.37713
G1 X196.955 Y141.381 E524.43167
G1 X198.865 Y142.655 E524.50803
G1 X199.178 Y142.872 E524.5207
G1 X199.278 Y142.944 E524.52479
G1 X199.576 Y143.181 E524.53746
G1 X200.029 Y143.562 E524.55715
G1 X200.655 Y144.103 E524.58466
G1 X200.702 Y144.141 E524.58667
G1 X201.142 Y144.528 E524.60616
G1 X201.559 Y144.889 E524.62451
G1 X202.246 Y145.495 E524.65498
G1 X202.935 Y146.112 E524.68574
G1 X203.351 Y146.492 E524.70448
G1 X203.574 Y146.707 E524.71478
G1 X203.829 Y146.976 E524.72711
G1 X206.58 Y150.113 E524.86588
G1 X206.748 Y150.32 E524.87475
G1 X206.974 Y150.627 E524.88743
G1 X207.314 Y151.111 E524.9071
G1 X207.808 Y151.836 E524.93628
G1 X208.446 Y152.788 E524.9744
G1 X209.462 Y154.326 E525.03571
G1 X209.767 Y154.809 E525.05471
G1 X209.928 Y155.077 E525.06511
G1 X210.1 Y155.39 E525.07698
G1 X211.942 Y159.128 E525.21559
G1 X212.052 Y159.373 E525.22452
G1 X212.192 Y159.731 E525.2373
G1 X212.395 Y160.287 E525.25699
G1 X212.685 Y161.117 E525.28623
G1 X213.056 Y162.203 E525.3244
G1 X213.348 Y163.072 E525.35489
G1 X213.637 Y163.948 E525.38557
G1 X213.808 Y164.493 E525.40457
G1 X213.892 Y164.785 E525.41468
G1 X213.978 Y165.137 E525.42673
G1 X214.792 Y169.237 E525.56576
G1 X214.834 Y169.5 E525.57462
G1 X214.877 Y169.88 E525.58734
G1 X214.929 Y170.468 E525.60697
G1 X214.994 Y171.343 E525.63615
G1 X215.071 Y172.489 E525.67435
G1 X215.128 Y173.403 E525.70481
G1 X215.181 Y174.324 E525.7355
G1 X215.205 Y174.89 E525.75434
G1 X215.211 Y175.199 E525.76462
G1 X215.203 Y175.514 E525.7751
G1 X215.188 Y175.773 E525.78373
G1 X214.927 Y179.739 E525.91592
G1 X214.901 Y179.997 E525.92455
G1 X214.844 Y180.375 E525.93726
G1 X214.74 Y180.957 E525.95693
G1 X214.578 Y181.821 E525.98616
G1 X214.356 Y182.946 E526.0243
G1 X214.174 Y183.842 E526.05471
G1 X213.987 Y184.748 E526.08548
G1 X213.863 Y185.3 E526.1043
G1 X213.789 Y185.599 E526.11454
G1 X213.685 Y185.955 E526.12688
G1 X212.342 Y189.905 E526.26564
G1 X212.244 Y190.163 E526.27482
G1 X212.095 Y190.503 E526.28717
G1 X211.838 Y191.057 E526.30748
G1 X211.09 Y192.596 E526.36439
G1 X210.788 Y193.197 E526.38676
G1 X210.421 Y193.94 E526.41433
G1 X210.22 Y194.307 E526.42824
G1 X209.831 Y195.097 E526.45753
G1 X209.104 Y196.093 E526.49854
G1 X209.059 Y196.143 E526.50078
G1 X208.453 Y196.966 E526.53478
G1 X207.502 Y198.29 E526.58899
G1 X206.722 Y199.338 E526.63245
G1 X205.906 Y200.369 E526.67618
G1 X205.064 Y201.361 E526.71945
G1 X204.184 Y202.33 E526.76299
G1 X203.275 Y203.27 E526.80648
G1 X202.331 Y204.185 E526.85021
G1 X201.366 Y205.059 E526.89351
G1 X200.368 Y205.905 E526.93703
G1 X199.338 Y206.722 E526.98075
G1 X198.29 Y207.502 E527.0242
G1 X196.966 Y208.453 E527.07842
G1 X196.096 Y209.095 E527.11439
G1 X196.08 Y209.113 E527.11519
G1 X195.097 Y209.831 E527.15567
G1 X194.306 Y210.22 E527.18499
G1 X193.936 Y210.424 E527.19904
G1 X193.17 Y210.8 E527.22743
G1 X192.717 Y211.03 E527.24432
G1 X191.83 Y211.463 E527.27715
G1 X190.996 Y211.865 E527.30795
G1 X190.488 Y212.102 E527.32659
G1 X190.197 Y212.229 E527.33715
G1 X189.867 Y212.357 E527.34892
G1 X185.906 Y213.7 E527.48803
G1 X185.643 Y213.778 E527.49716
G1 X185.276 Y213.87 E527.50974
G1 X184.687 Y213.999 E527.5298
G1 X183.843 Y214.175 E527.55847
G1 X182.721 Y214.401 E527.59654
G1 X181.82 Y214.577 E527.62707
G1 X180.914 Y214.749 E527.65774
G1 X180.356 Y214.846 E527.67658
G1 X180.045 Y214.893 E527.68704
G1 X179.811 Y214.918 E527.69487
G1 X179.48 Y214.945 E527.70592
G1 X175.513 Y215.204 E527.83814
G1 X175.247 Y215.212 E527.84699
G1 X174.872 Y215.205 E527.85947
G1 X174.28 Y215.178 E527.87918
G1 X173.405 Y215.129 E527.90832
G1 X172.313 Y215.053 E527.94473
G1 X171.109 Y214.945 E527.98494
G1 X169.855 Y214.807 E528.0269
G1 X168.655 Y214.633 E528.06723
G1 X167.496 Y214.436 E528.10633
G1 X166.383 Y214.225 E528.14401
G1 X165.389 Y214.026 E528.17772
G1 X165.345 Y214.019 E528.17921
G1 X165.094 Y213.968 E528.18772
G1 X164.836 Y213.907 E528.19654
G1 X164.471 Y213.801 E528.20918
G1 X163.89 Y213.618 E528.22944
G1 X163.073 Y213.348 E528.25806
G1 X161.988 Y212.984 E528.29613
G1 X161.127 Y212.689 E528.3264
G1 X160.18 Y212.359 E528.35975
G1 X159.539 Y212.122 E528.38248
G1 X159.098 Y211.929 E528.39849
G1 X158.201 Y211.483 E528.43181
G1 X158.154 Y211.463 E528.43351
G1 X155.25 Y210.029 E528.54123
G1 X155.055 Y209.922 E528.54863
G1 X154.747 Y209.734 E528.56063
G1 X154.267 Y209.426 E528.5796
G1 X153.545 Y208.951 E528.60835
G1 X153.057 Y208.623 E528.6279
G1 X152.692 Y208.383 E528.64243
G1 X151.104 Y207.309 E528.7062
G1 X150.608 Y206.962 E528.72633
G1 X150.363 Y206.779 E528.7365
G1 X150.078 Y206.55 E528.74866
G1 X146.933 Y203.791 E528.88781
G1 X146.745 Y203.613 E528.89642
G1 X146.478 Y203.335 E528.90924
G1 X146.066 Y202.886 E528.92951
G1 X145.495 Y202.246 E528.95804
G1 X144.738 Y201.386 E528.99614
G1 X144.137 Y200.695 E529.0266
G1 X143.532 Y199.993 E529.05742
G1 X143.166 Y199.559 E529.07631
G1 X142.973 Y199.314 E529.08668
G1 X142.761 Y199.025 E529.0986
G1 X140.437 Y195.545 E529.23778
G1 X140.307 Y195.333 E529.24606
G1 X140.115 Y194.986 E529.25925
G1 X139.835 Y194.446 E529.27948
G1 X139.449 Y193.682 E529.30795
G1 X138.94 Y192.655 E529.34607
G1 X138.537 Y191.83 E529.37661
G1 X138.135 Y190.997 E529.40737
G1 X137.895 Y190.482 E529.42627
G1 X137.771 Y190.197 E529.43661
G1 X137.64 Y189.859 E529.44866
G1 X136.3 Y185.906 E529.58749
G1 X136.222 Y185.643 E529.59661
G1 X136.13 Y185.276 E529.6092
G1 X136.001 Y184.687 E529.62925
G1 X135.825 Y183.843 E529.65793
G1 X135.599 Y182.721 E529.69599
G1 X135.423 Y181.82 E529.72653
G1 X135.25 Y180.91 E529.75734
G1 X135.153 Y180.352 E529.77617
G1 X135.107 Y180.042 E529.7866
G1 X135.069 Y179.688 E529.79844
G1 X134.796 Y175.513 E529.9376
G1 X134.788 Y175.253 E529.94625
G1 X134.795 Y174.872 E529.95892
G1 X134.822 Y174.28 E529.97863
G1 X134.871 Y173.404 E530.00782
G1 X134.944 Y172.26 E530.04594
G1 X135.006 Y171.344 E530.07648
G1 X135.075 Y170.424 E530.10716
G1 X135.124 Y169.862 E530.12593
G1 X135.159 Y169.554 E530.13624
G1 X135.217 Y169.188 E530.14856
G1 X135.424 Y168.15 E530.18377
G1 X135.432 Y168.101 E530.18542
G1 X135.6 Y167.265 E530.21378
G1 X135.981 Y165.344 E530.27892
G1 X136.071 Y164.933 E530.29291
G1 X136.132 Y164.667 E530.30199
G1 X136.314 Y164.048 E530.32345
G1 X136.567 Y163.306 E530.34952
G1 X136.89 Y162.378 E530.3822
G1 X137.199 Y161.523 E530.41244
G1 X137.372 Y161.058 E530.42894
G1 X137.926 Y159.634 E530.47976
G1 X138.448 Y158.434 E530.52329
G1 X138.986 Y157.281 E530.5656
G1 X139.526 Y156.204 E530.60568
G1 X139.86 Y155.582 E530.62916
G1 X140.035 Y155.248 E530.6417
G1 X140.215 Y154.93 E530.65385
G1 X140.497 Y154.444 E530.67254
G1 X140.662 Y154.167 E530.68327
G1 X140.894 Y153.791 E530.69796
G1 X141.233 Y153.262 E530.71886
G1 X141.599 Y152.714 E530.74078
G1 X141.83 Y152.402 E530.75369
G1 X142.162 Y151.903 E530.77362
G1 X142.235 Y151.841 E530.77681
G1 X142.605 Y151.489 E530.79379
G1 X142.806 Y151.321 E530.80251
G1 X143.278 Y150.899 E530.82356
G1 X137.747 Y145.367 E531.08375
G1 X140.726 Y142.388 E531.22387
G1 X146.781 Y148.45 E531.50885
G1 X148.402 Y146.828 E531.58512
G1 X144.599 Y143.019 E531.76414
G1 X142.347 Y140.767 E531.87007
;TIME_ELAPSED:598.590480
;LAYER:55
;MESH:Warp_Reaction_Chamber_Lens.stl
G0 F12000 X142.347 Y140.767 Z11.2
;TYPE:WALL-OUTER
G1 F1709.6 X145.194 Y137.92 E532.00398
G1 X146.845 Y139.569 E532.08159
G1 X147.38 Y140.107 E532.10683
G1 X147.732 Y140.457 E532.12334
G1 X148.205 Y140.932 E532.14563
G1 X150.371 Y143.09 E532.24733
G1 X150.77 Y143.49 E532.26612
G1 X151.224 Y142.993 E532.28851
G1 X151.426 Y142.76 E532.29876
G1 X151.591 Y142.564 E532.30728
G1 X151.808 Y142.366 E532.31705
G1 X151.995 Y142.215 E532.32505
G1 X152.278 Y142.001 E532.33685
G1 X152.75 Y141.663 E532.35616
G1 X152.958 Y141.518 E532.36459
G1 X153.305 Y141.262 E532.37893
G1 X153.825 Y140.927 E532.39951
G1 X154.47 Y140.533 E532.42465
G1 X155.269 Y140.075 E532.45528
G1 X156.226 Y139.566 E532.49133
G1 X157.301 Y139.028 E532.53131
G1 X158.452 Y138.49 E532.57357
G1 X159.638 Y137.973 E532.6166
G1 X160.842 Y137.498 E532.65965
G1 X162.04 Y137.057 E532.70211
G1 X163.312 Y136.614 E532.74691
G1 X163.591 Y136.522 E532.75668
G1 X164.284 Y136.287 E532.78102
G1 X164.599 Y136.2 E532.79189
G1 X164.87 Y136.132 E532.80118
G1 X165.112 Y136.079 E532.80942
G1 X165.369 Y136.025 E532.81815
G1 X169.242 Y135.254 E532.9495
G1 X169.559 Y135.205 E532.96017
G1 X169.943 Y135.164 E532.97301
G1 X170.496 Y135.115 E532.99148
G1 X171.348 Y135.052 E533.01989
G1 X172.572 Y134.97 E533.06069
G1 X173.407 Y134.918 E533.08852
G1 X174.289 Y134.867 E533.1179
G1 X174.94 Y134.84 E533.13957
G1 X175.285 Y134.835 E533.15105
G1 X175.549 Y134.843 E533.15984
G1 X179.733 Y135.118 E533.2993
G1 X180.034 Y135.151 E533.30937
G1 X180.426 Y135.212 E533.32256
G1 X180.97 Y135.309 E533.34094
G1 X181.814 Y135.468 E533.36951
G1 X183.015 Y135.705 E533.41022
G1 X184.702 Y136.05 E533.46749
G1 X185.332 Y136.192 E533.48897
G1 X185.677 Y136.279 E533.50081
G1 X185.93 Y136.355 E533.50959
G1 X189.894 Y137.702 E533.64884
G1 X190.176 Y137.812 E533.65891
G1 X190.538 Y137.971 E533.67206
G1 X191.04 Y138.205 E533.69048
G1 X191.812 Y138.579 E533.71901
G1 X192.913 Y139.119 E533.7598
G1 X193.66 Y139.491 E533.78755
G1 X194.54 Y139.935 E533.82034
G1 X195.025 Y140.189 E533.83855
G1 X195.335 Y140.362 E533.85035
G1 X195.554 Y140.497 E533.85891
G1 X196.411 Y141.072 E533.89324
G1 X196.486 Y141.12 E533.8962
G1 X199.033 Y142.823 E533.9981
G1 X199.284 Y143.007 E534.00845
G1 X199.589 Y143.252 E534.02147
G1 X200.001 Y143.6 E534.0394
G1 X200.029 Y143.621 E534.04057
G1 X200.665 Y144.171 E534.06853
G1 X201.589 Y144.977 E534.10931
G1 X202.215 Y145.53 E534.1371
G1 X202.873 Y146.116 E534.1664
G1 X203.352 Y146.557 E534.18806
G1 X203.601 Y146.798 E534.19958
G1 X203.788 Y146.998 E534.20869
G1 X206.541 Y150.139 E534.34761
G1 X206.743 Y150.39 E534.35832
G1 X206.969 Y150.699 E534.37106
G1 X207.288 Y151.155 E534.38957
G1 X207.771 Y151.863 E534.41807
G1 X208.453 Y152.881 E534.45883
G1 X209.4 Y154.316 E534.51601
G1 X209.749 Y154.867 E534.5377
G1 X209.927 Y155.166 E534.54928
G1 X210.057 Y155.41 E534.55847
G1 X211.898 Y159.144 E534.69694
G1 X212.029 Y159.44 E534.70771
G1 X212.168 Y159.798 E534.72048
G1 X212.358 Y160.323 E534.73905
G1 X212.642 Y161.133 E534.7676
G1 X213.038 Y162.294 E534.8084
G1 X213.304 Y163.086 E534.83619
G1 X213.611 Y164.017 E534.86879
G1 X213.775 Y164.544 E534.88715
G1 X213.869 Y164.877 E534.89866
G1 X213.932 Y165.144 E534.90778
G1 X214.746 Y169.242 E535.04675
G1 X214.795 Y169.559 E535.05741
G1 X214.836 Y169.94 E535.07016
G1 X214.885 Y170.493 E535.08862
G1 X214.948 Y171.348 E535.11714
G1 X215.03 Y172.572 E535.15794
G1 X215.082 Y173.405 E535.1857
G1 X215.138 Y174.385 E535.21835
G1 X215.16 Y174.935 E535.23666
G1 X215.165 Y175.282 E535.2482
G1 X215.157 Y175.549 E535.25708
G1 X214.883 Y179.724 E535.39624
G1 X214.849 Y180.034 E535.40661
G1 X214.789 Y180.422 E535.41967
G1 X214.691 Y180.97 E535.43819
G1 X214.532 Y181.814 E535.46675
G1 X214.295 Y183.015 E535.50747
G1 X214.129 Y183.833 E535.53523
G1 X213.929 Y184.795 E535.56791
G1 X213.808 Y185.332 E535.58622
G1 X213.721 Y185.677 E535.59805
G1 X213.647 Y185.924 E535.60663
G1 X212.301 Y189.886 E535.7458
G1 X212.188 Y190.176 E535.75616
G1 X212.029 Y190.538 E535.76931
G1 X211.795 Y191.04 E535.78773
G1 X211.038 Y192.595 E535.84525
G1 X210.713 Y193.241 E535.8693
G1 X210.383 Y193.911 E535.89414
G1 X210.147 Y194.342 E535.91049
G1 X209.785 Y195.076 E535.93771
G1 X209.051 Y196.082 E535.97913
G1 X209.001 Y196.159 E535.98218
G1 X208.796 Y196.447 E535.99394
G1 X208.243 Y197.199 E536.02498
G1 X207.474 Y198.27 E536.06884
G1 X206.695 Y199.317 E536.11224
G1 X205.883 Y200.342 E536.15573
G1 X205.033 Y201.344 E536.19944
G1 X204.366 Y202.081 E536.2325
G1 X204.159 Y202.306 E536.24267
G1 X203.25 Y203.245 E536.28613
G1 X202.307 Y204.16 E536.32984
G1 X201.344 Y205.033 E536.37307
G1 X200.346 Y205.878 E536.41656
G1 X199.317 Y206.695 E536.46026
G1 X198.27 Y207.474 E536.50367
G1 X197.387 Y208.11 E536.53986
G1 X197.046 Y208.353 E536.55379
G1 X196.448 Y208.795 E536.57852
G1 X196.139 Y209.016 E536.59116
G1 X196.084 Y209.05 E536.59331
G1 X195.069 Y209.789 E536.63507
G1 X194.342 Y210.147 E536.66202
G1 X193.905 Y210.387 E536.6786
G1 X193.208 Y210.729 E536.70442
G1 X192.622 Y211.025 E536.72626
G1 X191.811 Y211.421 E536.75628
G1 X190.927 Y211.847 E536.78891
G1 X190.423 Y212.08 E536.80738
G1 X190.109 Y212.215 E536.81875
G1 X189.853 Y212.314 E536.82788
G1 X188.883 Y212.641 E536.86193
G1 X188.795 Y212.673 E536.86504
G1 X185.895 Y213.655 E536.96687
G1 X185.637 Y213.731 E536.97582
G1 X185.213 Y213.837 E536.99036
G1 X184.674 Y213.955 E537.00871
G1 X183.833 Y214.13 E537.03728
G1 X182.632 Y214.372 E537.07803
G1 X180.947 Y214.697 E537.1351
G1 X180.306 Y214.808 E537.15674
G1 X179.956 Y214.859 E537.1685
G1 X179.697 Y214.885 E537.17716
G1 X175.514 Y215.158 E537.31659
G1 X175.205 Y215.165 E537.32687
G1 X174.818 Y215.157 E537.33974
G1 X174.261 Y215.131 E537.35829
G1 X173.407 Y215.083 E537.38674
G1 X172.316 Y215.007 E537.42311
G1 X171.113 Y214.899 E537.46328
G1 X169.859 Y214.761 E537.50524
G1 X168.659 Y214.587 E537.54557
G1 X167.505 Y214.39 E537.58451
G1 X166.392 Y214.18 E537.62218
G1 X165.107 Y213.924 E537.66576
G1 X164.808 Y213.851 E537.676
G1 X164.431 Y213.74 E537.68907
G1 X163.897 Y213.572 E537.70769
G1 X163.086 Y213.304 E537.7361
G1 X161.927 Y212.914 E537.77677
G1 X160.318 Y212.36 E537.83337
G1 X159.73 Y212.147 E537.85417
G1 X159.435 Y212.032 E537.8647
G1 X159.021 Y211.837 E537.87992
G1 X157.097 Y210.891 E537.95123
G1 X155.284 Y209.995 E538.01849
G1 X155.036 Y209.857 E538.02793
G1 X154.728 Y209.667 E538.03997
G1 X154.293 Y209.386 E538.05719
G1 X154.273 Y209.375 E538.05795
G1 X153.659 Y208.969 E538.08243
G1 X153.566 Y208.91 E538.0861
G1 X152.718 Y208.345 E538.11999
G1 X151.865 Y207.77 E538.1542
G1 X151.132 Y207.273 E538.18366
G1 X150.599 Y206.898 E538.20533
G1 X150.325 Y206.693 E538.21672
G1 X150.114 Y206.52 E538.22579
G1 X146.967 Y203.759 E538.36504
G1 X146.776 Y203.579 E538.37376
G1 X146.474 Y203.264 E538.38828
G1 X146.098 Y202.854 E538.40678
G1 X145.529 Y202.215 E538.43524
G1 X144.719 Y201.295 E538.47601
G1 X144.172 Y200.666 E538.50373
G1 X143.53 Y199.92 E538.53647
G1 X143.178 Y199.499 E538.55472
G1 X142.964 Y199.227 E538.56623
G1 X142.803 Y199.004 E538.57538
G1 X140.483 Y195.53 E538.71432
G1 X140.321 Y195.265 E538.72465
G1 X140.13 Y194.916 E538.73788
G1 X139.876 Y194.426 E538.75624
G1 X139.49 Y193.66 E538.78477
G1 X138.946 Y192.562 E538.82553
G1 X138.579 Y191.811 E538.85333
G1 X138.153 Y190.927 E538.88597
G1 X137.92 Y190.423 E538.90443
G1 X137.782 Y190.102 E538.91606
G1 X137.686 Y189.853 E538.92493
G1 X137.359 Y188.883 E538.95898
G1 X137.327 Y188.795 E538.96209
G1 X136.345 Y185.895 E539.06393
G1 X136.269 Y185.637 E539.07287
G1 X136.163 Y185.213 E539.08741
G1 X136.045 Y184.674 E539.10576
G1 X135.87 Y183.833 E539.13433
G1 X135.628 Y182.632 E539.17508
G1 X135.302 Y180.943 E539.23229
G1 X135.191 Y180.301 E539.25396
G1 X135.141 Y179.954 E539.26562
G1 X135.115 Y179.697 E539.27421
G1 X134.842 Y175.514 E539.41364
G1 X134.835 Y175.209 E539.42378
G1 X134.843 Y174.818 E539.43679
G1 X134.869 Y174.261 E539.45534
G1 X134.917 Y173.406 E539.48382
G1 X134.995 Y172.183 E539.52458
G1 X135.052 Y171.349 E539.55238
G1 X135.126 Y170.37 E539.58504
G1 X135.175 Y169.823 E539.6033
G1 X135.216 Y169.47 E539.61512
G1 X135.258 Y169.215 E539.62372
G1 X135.461 Y168.202 E539.65808
G1 X135.476 Y168.115 E539.66102
G1 X135.631 Y167.347 E539.68708
G1 X136.023 Y165.367 E539.75421
G1 X136.113 Y164.958 E539.76814
G1 X136.175 Y164.661 E539.77823
G1 X136.238 Y164.419 E539.78655
G1 X136.619 Y163.293 E539.82608
G1 X136.945 Y162.361 E539.85892
G1 X137.077 Y161.994 E539.8719
G1 X137.403 Y161.106 E539.90336
G1 X137.968 Y159.653 E539.95521
G1 X138.49 Y158.453 E539.99874
G1 X139.027 Y157.302 E540.04098
G1 X139.566 Y156.227 E540.08098
G1 X139.87 Y155.661 E540.10235
G1 X140.072 Y155.274 E540.11687
G1 X140.281 Y154.906 E540.13094
G1 X140.531 Y154.475 E540.14751
G1 X140.722 Y154.157 E540.15985
G1 X140.923 Y153.831 E540.17259
G1 X141.26 Y153.304 E540.19339
G1 X141.639 Y152.739 E540.21602
G1 X141.836 Y152.473 E540.22703
G1 X142.042 Y152.16 E540.2395
G1 X142.2 Y151.932 E540.24872
G1 X142.237 Y151.92 E540.25002
G1 X142.585 Y151.579 E540.26622
G1 X142.807 Y151.392 E540.27587
G1 X143.093 Y151.137 E540.28862
G1 X143.447 Y150.812 E540.3046
G1 X140.891 Y148.247 E540.42504
G1 X137.877 Y145.236 E540.56674
G1 X140.726 Y142.388 E540.70072
G1 X145.315 Y146.98 E540.91665
G1 X146.781 Y148.45 E540.9857
G1 X148.402 Y146.828 E541.06197
G1 X144.672 Y143.092 E541.23756
G1 X142.347 Y140.767 E541.34692
;MESH:NONMESH
G0 F300 X142.347 Y140.767 Z11.4
G0 F12000 X142.346 Y140.767
;TIME_ELAPSED:609.038594
;LAYER:56
;TYPE:WALL-OUTER
;MESH:Warp_Reaction_Chamber_Lens.stl
G1 F1707.8 X145.053 Y138.061 E541.47422
G1 X148.274 Y141.279 E541.62566
G1 X149.412 Y142.411 E541.67905
G1 X150.463 Y143.454 E541.72829
G1 X150.716 Y143.622 E541.73839
G1 X151.171 Y143.131 E541.76066
G1 X151.413 Y142.859 E541.77277
G1 X151.65 Y142.579 E541.78497
G1 X151.877 Y142.377 E541.79508
G1 X152.085 Y142.204 E541.80407
G1 X152.43 Y141.947 E541.81838
G1 X153.055 Y141.505 E541.84384
G1 X153.354 Y141.286 E541.85617
G1 X153.864 Y140.956 E541.87637
G1 X154.501 Y140.567 E541.9012
G1 X155.295 Y140.113 E541.93162
G1 X156.252 Y139.604 E541.96767
G1 X157.317 Y139.071 E542.00728
G1 X158.471 Y138.531 E542.04966
G1 X159.657 Y138.016 E542.09266
G1 X160.859 Y137.541 E542.13565
G1 X162.054 Y137.101 E542.17801
G1 X163.226 Y136.693 E542.21928
G1 X164.282 Y136.337 E542.25635
G1 X164.602 Y136.247 E542.2674
G1 X164.91 Y136.17 E542.27796
G1 X165.163 Y136.115 E542.28657
G1 X165.43 Y136.059 E542.29565
G1 X167.426 Y135.66 E542.36335
G1 X169.247 Y135.3 E542.42509
G1 X169.517 Y135.257 E542.43418
G1 X169.892 Y135.215 E542.44673
G1 X170.521 Y135.159 E542.46773
G1 X171.352 Y135.098 E542.49545
G1 X172.104 Y135.048 E542.52051
G1 X172.379 Y135.028 E542.52968
G1 X173.407 Y134.964 E542.56394
G1 X174.289 Y134.913 E542.59333
G1 X174.876 Y134.888 E542.61287
G1 X175.253 Y134.881 E542.62541
G1 X175.515 Y134.888 E542.63413
G1 X179.726 Y135.164 E542.77449
G1 X180.071 Y135.203 E542.78603
G1 X180.472 Y135.267 E542.79954
G1 X180.983 Y135.358 E542.8168
G1 X181.806 Y135.513 E542.84466
G1 X182.544 Y135.659 E542.86968
G1 X182.815 Y135.711 E542.87886
G1 X184.69 Y136.095 E542.94251
G1 X185.258 Y136.222 E542.96187
G1 X185.623 Y136.313 E542.97438
G1 X185.955 Y136.412 E542.98591
G1 X189.867 Y137.742 E543.12333
G1 X190.122 Y137.84 E543.13242
G1 X190.468 Y137.99 E543.14496
G1 X191.039 Y138.256 E543.16591
G1 X191.648 Y138.552 E543.18844
G1 X191.796 Y138.621 E543.19387
G1 X192.468 Y138.952 E543.21878
G1 X192.717 Y139.072 E543.22798
G1 X193.639 Y139.531 E543.26223
G1 X194.567 Y140 E543.29681
G1 X195.045 Y140.252 E543.31479
G1 X195.33 Y140.413 E543.32567
G1 X195.562 Y140.558 E543.33477
G1 X196.831 Y141.408 E543.38557
G1 X197.258 Y141.691 E543.40261
G1 X199.004 Y142.86 E543.4725
G1 X199.291 Y143.07 E543.48433
G1 X199.606 Y143.326 E543.49783
G1 X200.002 Y143.66 E543.51506
G1 X200.636 Y144.206 E543.54289
G1 X201.619 Y145.066 E543.58633
G1 X202.185 Y145.564 E543.6114
G1 X202.84 Y146.149 E543.64061
G1 X203.352 Y146.621 E543.66377
G1 X203.589 Y146.853 E543.6748
G1 X203.78 Y147.059 E543.68415
G1 X206.505 Y150.168 E543.82165
G1 X206.674 Y150.376 E543.83056
G1 X206.727 Y150.445 E543.83346
G1 X206.963 Y150.771 E543.84684
G1 X207.263 Y151.199 E543.86423
G1 X207.733 Y151.889 E543.892
G1 X208.459 Y152.974 E543.93542
G1 X209.254 Y154.178 E543.9834
G1 X209.447 Y154.474 E543.99516
G1 X209.735 Y154.934 E544.01321
G1 X209.902 Y155.217 E544.02414
G1 X210.036 Y155.467 E544.03357
G1 X211.774 Y158.993 E544.16432
G1 X211.9 Y159.262 E544.1742
G1 X211.999 Y159.49 E544.18247
G1 X212.145 Y159.871 E544.19604
G1 X212.322 Y160.358 E544.21327
G1 X212.599 Y161.149 E544.24115
G1 X212.932 Y162.123 E544.27538
G1 X213.261 Y163.1 E544.30967
G1 X213.585 Y164.087 E544.34422
G1 X213.743 Y164.6 E544.36208
G1 X213.834 Y164.927 E544.37336
G1 X213.894 Y165.187 E544.38224
G1 X214.7 Y169.247 E544.51991
G1 X214.742 Y169.508 E544.5287
G1 X214.785 Y169.888 E544.54142
G1 X214.841 Y170.518 E544.56246
G1 X214.902 Y171.352 E544.59027
G1 X214.952 Y172.104 E544.61534
G1 X214.972 Y172.379 E544.62451
G1 X215.036 Y173.406 E544.65873
G1 X215.095 Y174.445 E544.69335
G1 X215.115 Y174.982 E544.71122
G1 X215.119 Y175.249 E544.7201
G1 X215.112 Y175.515 E544.72895
G1 X214.837 Y179.717 E544.86901
G1 X214.797 Y180.071 E544.88086
G1 X214.733 Y180.472 E544.89437
G1 X214.642 Y180.983 E544.91163
G1 X214.487 Y181.806 E544.93948
G1 X214.341 Y182.544 E544.9645
G1 X214.289 Y182.815 E544.97368
G1 X214.084 Y183.823 E545.0079
G1 X213.872 Y184.841 E545.04248
G1 X213.752 Y185.365 E545.06036
G1 X213.687 Y185.623 E545.06921
G1 X213.588 Y185.955 E545.08073
G1 X212.258 Y189.867 E545.21816
G1 X212.16 Y190.122 E545.22725
G1 X212.012 Y190.464 E545.23964
G1 X211.744 Y191.039 E545.26074
G1 X211.448 Y191.648 E545.28326
G1 X211.38 Y191.793 E545.28859
G1 X210.987 Y192.595 E545.31829
G1 X210.639 Y193.285 E545.344
G1 X210.342 Y193.888 E545.36635
G1 X210.073 Y194.377 E545.38492
G1 X209.739 Y195.055 E545.41005
G1 X209.353 Y195.581 E545.43175
G1 X209.068 Y195.975 E545.44793
G1 X208.949 Y196.158 E545.45519
G1 X208.409 Y196.916 E545.48614
G1 X208.214 Y197.179 E545.49703
G1 X207.447 Y198.247 E545.54076
G1 X206.668 Y199.296 E545.58422
G1 X205.853 Y200.325 E545.62788
G1 X205.012 Y201.316 E545.67111
G1 X204.134 Y202.283 E545.71455
G1 X203.226 Y203.221 E545.75798
G1 X202.284 Y204.135 E545.80163
G1 X201.321 Y205.007 E545.84484
G1 X200.324 Y205.852 E545.88831
G1 X199.301 Y206.664 E545.93175
G1 X198.247 Y207.447 E545.97542
G1 X197.127 Y208.253 E546.02131
G1 X196.92 Y208.406 E546.02988
G1 X196.114 Y208.98 E546.06279
G1 X195.976 Y209.067 E546.06821
G1 X195.07 Y209.726 E546.10547
G1 X195.029 Y209.753 E546.10711
G1 X194.378 Y210.073 E546.13123
G1 X193.874 Y210.349 E546.15035
G1 X193.245 Y210.658 E546.17365
G1 X192.781 Y210.895 E546.19098
G1 X192.328 Y211.119 E546.20779
G1 X190.998 Y211.764 E546.25696
G1 X190.468 Y212.01 E546.27639
G1 X190.123 Y212.16 E546.2889
G1 X189.8 Y212.283 E546.3004
G1 X185.884 Y213.61 E546.43792
G1 X185.623 Y213.687 E546.44697
G1 X185.256 Y213.779 E546.45955
G1 X184.643 Y213.915 E546.48044
G1 X183.823 Y214.085 E546.50829
G1 X182.544 Y214.342 E546.55168
G1 X180.941 Y214.651 E546.60598
G1 X180.362 Y214.752 E546.62553
G1 X179.98 Y214.809 E546.63837
G1 X179.652 Y214.842 E546.64934
G1 X177.867 Y214.957 E546.70883
G1 X177.374 Y214.991 E546.72527
G1 X175.515 Y215.112 E546.78723
G1 X175.248 Y215.119 E546.79611
G1 X175.165 Y215.119 E546.79887
G1 X174.764 Y215.108 E546.81222
G1 X174.242 Y215.084 E546.8296
G1 X173.408 Y215.037 E546.85738
G1 X172.319 Y214.961 E546.89369
G1 X171.117 Y214.853 E546.93383
G1 X169.864 Y214.715 E546.97575
G1 X168.664 Y214.541 E547.01608
G1 X167.507 Y214.345 E547.05511
G1 X166.405 Y214.135 E547.09243
G1 X165.315 Y213.919 E547.12938
G1 X165.023 Y213.855 E547.13933
G1 X164.778 Y213.794 E547.14772
G1 X164.388 Y213.679 E547.16125
G1 X163.891 Y213.522 E547.17858
G1 X163.1 Y213.26 E547.2063
G1 X162.124 Y212.933 E547.24053
G1 X160.335 Y212.318 E547.30345
G1 X159.693 Y212.084 E547.32618
G1 X159.48 Y212 E547.3338
G1 X159.192 Y211.872 E547.34428
G1 X155.454 Y210.028 E547.48291
G1 X155.224 Y209.908 E547.49154
G1 X155.03 Y209.799 E547.49894
G1 X154.795 Y209.655 E547.50811
G1 X154.284 Y209.327 E547.5283
G1 X153.727 Y208.958 E547.55052
G1 X153.592 Y208.872 E547.55585
G1 X153.194 Y208.604 E547.57181
G1 X152.743 Y208.307 E547.58977
G1 X151.16 Y207.237 E547.65332
G1 X150.595 Y206.837 E547.67634
G1 X150.33 Y206.638 E547.68736
G1 X150.114 Y206.458 E547.69672
G1 X147.006 Y203.732 E547.83422
G1 X146.745 Y203.482 E547.84624
G1 X146.546 Y203.274 E547.85581
G1 X146.118 Y202.807 E547.87688
G1 X145.562 Y202.184 E547.90465
G1 X144.701 Y201.204 E547.94804
G1 X143.63 Y199.968 E548.00244
G1 X143.182 Y199.431 E548.0257
G1 X142.977 Y199.167 E548.03681
G1 X142.819 Y198.945 E548.04588
G1 X140.518 Y195.501 E548.18364
G1 X140.339 Y195.204 E548.19517
G1 X140.146 Y194.847 E548.20867
G1 X139.907 Y194.386 E548.22594
G1 X139.531 Y193.638 E548.25379
G1 X138.95 Y192.468 E548.29724
G1 X138.236 Y190.998 E548.35159
G1 X137.988 Y190.464 E548.37117
G1 X137.84 Y190.123 E548.38354
G1 X137.717 Y189.8 E548.39503
G1 X136.39 Y185.884 E548.53255
G1 X136.313 Y185.623 E548.5416
G1 X136.221 Y185.256 E548.55419
G1 X136.085 Y184.643 E548.57507
G1 X135.915 Y183.823 E548.60293
G1 X135.658 Y182.544 E548.64632
G1 X135.348 Y180.937 E548.70075
G1 X135.247 Y180.358 E548.7203
G1 X135.191 Y179.98 E548.73301
G1 X135.158 Y179.652 E548.74397
G1 X135.043 Y177.867 E548.80347
G1 X135.009 Y177.374 E548.8199
G1 X134.888 Y175.515 E548.88186
G1 X134.881 Y175.253 E548.89058
G1 X134.881 Y175.165 E548.89351
G1 X134.892 Y174.764 E548.90685
G1 X134.916 Y174.242 E548.92423
G1 X134.963 Y173.407 E548.95205
G1 X135.012 Y172.656 E548.97708
G1 X135.028 Y172.381 E548.98624
G1 X135.098 Y171.354 E549.02048
G1 X135.176 Y170.315 E549.05513
G1 X135.214 Y169.893 E549.06922
G1 X135.257 Y169.509 E549.08208
G1 X135.311 Y169.182 E549.0931
G1 X135.523 Y168.118 E549.12918
G1 X136.037 Y165.545 E549.21645
G1 X136.109 Y165.195 E549.22834
G1 X136.233 Y164.618 E549.24797
G1 X136.286 Y164.419 E549.25482
G1 X136.403 Y164.079 E549.26678
G1 X136.417 Y164.028 E549.26853
G1 X136.676 Y163.27 E549.29518
G1 X137 Y162.345 E549.32777
G1 X137.429 Y161.166 E549.3695
G1 X138.01 Y159.671 E549.42285
G1 X138.531 Y158.472 E549.46633
G1 X138.817 Y157.864 E549.48868
G1 X139.068 Y157.323 E549.50852
G1 X139.606 Y156.249 E549.54847
G1 X139.879 Y155.74 E549.56768
G1 X140.11 Y155.3 E549.58421
G1 X140.347 Y154.882 E549.60019
G1 X140.565 Y154.506 E549.61465
G1 X140.782 Y154.145 E549.62865
G1 X140.952 Y153.87 E549.63941
G1 X141.281 Y153.355 E549.65973
G1 X141.671 Y152.771 E549.68309
G1 X141.841 Y152.544 E549.69252
G1 X142.035 Y152.249 E549.70427
G1 X142.199 Y152.013 E549.71382
G1 X142.246 Y152.002 E549.71543
G1 X142.537 Y151.689 E549.72964
G1 X142.806 Y151.465 E549.74129
G1 X143.09 Y151.212 E549.75394
G1 X143.581 Y150.759 E549.77616
G1 X143.412 Y150.505 E549.7863
G1 X141.239 Y148.316 E549.88889
G1 X138.02 Y145.094 E550.04038
G1 X140.726 Y142.388 E550.16766
G1 X145.343 Y147.008 E550.3849
G1 X146.781 Y148.45 E550.45263
G1 X148.403 Y146.828 E550.52892
G1 X142.346 Y140.767 E550.81392
;TIME_ELAPSED:619.322420
;LAYER:57
;MESH:Warp_Reaction_Chamber_Lens.stl
G0 F12000 X142.346 Y140.767 Z11.6
;TYPE:WALL-OUTER
G1 F1707.6 X144.899 Y138.215 E550.93398
G1 X148.645 Y141.956 E551.11007
G1 X150.565 Y143.862 E551.20005
G1 X151.096 Y143.288 E551.22606
G1 X151.273 Y143.098 E551.23469
G1 X151.482 Y142.863 E551.24515
G1 X151.71 Y142.594 E551.25688
G1 X151.957 Y142.378 E551.26779
G1 X152.177 Y142.194 E551.27733
G1 X152.551 Y141.916 E551.29283
G1 X152.888 Y141.676 E551.30659
G1 X153.153 Y141.492 E551.31732
G1 X153.4 Y141.31 E551.32753
G1 X153.906 Y140.985 E551.34753
G1 X154.131 Y140.845 E551.35634
G1 X154.532 Y140.601 E551.37196
G1 X155.321 Y140.151 E551.40217
G1 X156.275 Y139.644 E551.4381
G1 X157.338 Y139.112 E551.47764
G1 X158.491 Y138.573 E551.51997
G1 X159.674 Y138.058 E551.56288
G1 X160.876 Y137.584 E551.60586
G1 X162.068 Y137.144 E551.64812
G1 X163.233 Y136.739 E551.68914
G1 X164.269 Y136.39 E551.7255
G1 X164.605 Y136.295 E551.73711
G1 X164.943 Y136.21 E551.74871
G1 X165.473 Y136.096 E551.76674
G1 X169.26 Y135.344 E551.89515
G1 X169.516 Y135.303 E551.90378
G1 X169.9 Y135.26 E551.91663
G1 X170.545 Y135.203 E551.93816
G1 X171.357 Y135.143 E551.96524
G1 X172.739 Y135.051 E552.01131
G1 X174.289 Y134.959 E552.06296
G1 X174.873 Y134.934 E552.0824
G1 X175.25 Y134.927 E552.09494
G1 X175.516 Y134.934 E552.10379
G1 X179.719 Y135.21 E552.24388
G1 X179.976 Y135.236 E552.25247
G1 X180.358 Y135.294 E552.26532
G1 X180.995 Y135.407 E552.28684
G1 X181.799 Y135.558 E552.31405
G1 X182.806 Y135.756 E552.34818
G1 X183.811 Y135.96 E552.38229
G1 X184.413 Y136.086 E552.40275
G1 X184.674 Y136.138 E552.4116
G1 X185.244 Y136.266 E552.43103
G1 X185.61 Y136.357 E552.44358
G1 X185.875 Y136.435 E552.45276
G1 X189.849 Y137.783 E552.59234
G1 X190.106 Y137.883 E552.60151
G1 X190.447 Y138.031 E552.61387
G1 X191.039 Y138.307 E552.6356
G1 X191.777 Y138.663 E552.66285
G1 X193.015 Y139.272 E552.70874
G1 X194.405 Y139.968 E552.76044
G1 X194.92 Y140.237 E552.77977
G1 X195.251 Y140.42 E552.79235
G1 X195.486 Y140.563 E552.8015
G1 X196.29 Y141.102 E552.83369
G1 X196.441 Y141.201 E552.83969
G1 X198.844 Y142.807 E552.93583
G1 X199.054 Y142.954 E552.94435
G1 X199.303 Y143.14 E552.95469
G1 X199.616 Y143.395 E552.96812
G1 X199.989 Y143.708 E552.98431
G1 X200.607 Y144.241 E553.01146
G1 X200.934 Y144.529 E553.02595
G1 X201.382 Y144.917 E553.04566
G1 X202.153 Y145.598 E553.07987
G1 X202.808 Y146.181 E553.10904
G1 X203.238 Y146.577 E553.12848
G1 X203.51 Y146.839 E553.14104
G1 X203.7 Y147.039 E553.15022
G1 X206.468 Y150.195 E553.28984
G1 X206.638 Y150.405 E553.29883
G1 X206.864 Y150.709 E553.31143
G1 X207.237 Y151.243 E553.33309
G1 X207.696 Y151.916 E553.36019
G1 X208.466 Y153.067 E553.40624
G1 X209.321 Y154.362 E553.45786
G1 X209.637 Y154.861 E553.4775
G1 X209.83 Y155.182 E553.48996
G1 X209.959 Y155.42 E553.49896
G1 X210.118 Y155.739 E553.51082
G1 X211.813 Y159.179 E553.63837
G1 X211.923 Y159.424 E553.6473
G1 X212.063 Y159.78 E553.66002
G1 X212.286 Y160.394 E553.68175
G1 X212.556 Y161.165 E553.70892
G1 X213.003 Y162.476 E553.75499
G1 X213.492 Y163.947 E553.80655
G1 X213.667 Y164.506 E553.82603
G1 X213.771 Y164.866 E553.83849
G1 X213.835 Y165.135 E553.84769
G1 X214.309 Y167.507 E553.92814
G1 X214.43 Y168.126 E553.94912
G1 X214.655 Y169.253 E553.98735
G1 X214.697 Y169.516 E553.9962
G1 X214.74 Y169.9 E554.00905
G1 X214.797 Y170.543 E554.03053
G1 X214.857 Y171.357 E554.05767
G1 X214.949 Y172.738 E554.10371
G1 X215.041 Y174.285 E554.15525
G1 X215.066 Y174.869 E554.17469
G1 X215.073 Y175.246 E554.18723
G1 X215.066 Y175.516 E554.19622
G1 X214.79 Y179.719 E554.33631
G1 X214.764 Y179.976 E554.3449
G1 X214.707 Y180.353 E554.35758
G1 X214.593 Y180.995 E554.37927
G1 X214.442 Y181.799 E554.40648
G1 X214.244 Y182.806 E554.44061
G1 X214.04 Y183.811 E554.47472
G1 X213.914 Y184.413 E554.49518
G1 X213.862 Y184.674 E554.50403
G1 X213.734 Y185.244 E554.52346
G1 X213.643 Y185.61 E554.536
G1 X213.565 Y185.875 E554.54519
G1 X212.217 Y189.849 E554.68476
G1 X212.117 Y190.106 E554.69394
G1 X211.969 Y190.447 E554.7063
G1 X211.693 Y191.039 E554.72803
G1 X211.337 Y191.777 E554.75528
G1 X211.099 Y192.264 E554.77331
G1 X210.564 Y193.33 E554.81298
G1 X210.3 Y193.867 E554.83288
G1 X210 Y194.413 E554.8536
G1 X209.698 Y195.026 E554.87633
G1 X209.083 Y195.868 E554.91101
G1 X208.946 Y196.087 E554.9196
G1 X207.69 Y197.85 E554.9916
G1 X207.417 Y198.226 E555.00705
G1 X206.62 Y199.302 E555.05159
G1 X205.804 Y200.329 E555.09521
G1 X204.986 Y201.293 E555.13726
G1 X204.109 Y202.259 E555.18066
G1 X203.227 Y203.172 E555.22288
G1 X202.26 Y204.11 E555.26769
G1 X201.298 Y204.981 E555.31085
G1 X200.302 Y205.825 E555.35427
G1 X199.253 Y206.657 E555.3988
G1 X198.227 Y207.418 E555.44129
G1 X197.162 Y208.183 E555.48491
G1 X196.09 Y208.942 E555.52859
G1 X195.867 Y209.084 E555.53739
G1 X195.062 Y209.67 E555.5705
G1 X194.99 Y209.716 E555.57334
G1 X194.413 Y210.001 E555.59475
G1 X193.844 Y210.312 E555.61632
G1 X193.284 Y210.586 E555.63705
G1 X192.761 Y210.853 E555.65658
G1 X192.25 Y211.106 E555.67555
G1 X190.98 Y211.721 E555.72248
G1 X190.452 Y211.967 E555.74185
G1 X190.107 Y212.117 E555.75437
G1 X189.849 Y212.215 E555.76355
G1 X188.761 Y212.587 E555.80179
G1 X186.025 Y213.515 E555.89788
G1 X185.788 Y213.59 E555.90615
G1 X185.481 Y213.676 E555.91675
G1 X185.244 Y213.735 E555.92488
G1 X184.612 Y213.874 E555.9464
G1 X183.812 Y214.041 E555.97358
G1 X182.806 Y214.244 E556.00771
G1 X181.797 Y214.441 E556.04191
G1 X180.935 Y214.606 E556.0711
G1 X180.358 Y214.706 E556.09058
G1 X179.977 Y214.763 E556.10339
G1 X179.719 Y214.79 E556.11202
G1 X175.516 Y215.066 E556.25211
G1 X175.247 Y215.073 E556.26106
G1 X175.122 Y215.072 E556.26522
G1 X174.71 Y215.06 E556.27893
G1 X174.223 Y215.037 E556.29514
G1 X173.41 Y214.991 E556.32223
G1 X172.322 Y214.915 E556.3585
G1 X171.121 Y214.808 E556.39861
G1 X169.869 Y214.669 E556.4405
G1 X168.669 Y214.495 E556.48083
G1 X167.517 Y214.299 E556.5197
G1 X166.414 Y214.091 E556.55703
G1 X165.141 Y213.836 E556.60021
G1 X164.868 Y213.771 E556.60955
G1 X164.51 Y213.668 E556.62194
G1 X163.885 Y213.471 E556.64373
G1 X163.112 Y213.217 E556.67079
G1 X161.805 Y212.776 E556.71667
G1 X160.352 Y212.275 E556.76779
G1 X159.821 Y212.084 E556.78656
G1 X159.49 Y211.955 E556.79838
G1 X159.181 Y211.815 E556.80966
G1 X155.328 Y209.913 E556.95258
G1 X155.02 Y209.739 E556.96434
G1 X154.687 Y209.532 E556.97738
G1 X154.289 Y209.276 E556.99312
G1 X153.796 Y208.949 E557.0128
G1 X153.617 Y208.833 E557.01989
G1 X152.769 Y208.268 E557.05378
G1 X151.918 Y207.695 E557.08791
G1 X151.188 Y207.2 E557.11724
G1 X150.713 Y206.866 E557.13656
G1 X150.403 Y206.636 E557.14939
G1 X150.202 Y206.472 E557.15802
G1 X149.33 Y205.711 E557.19652
G1 X149.035 Y205.45 E557.20962
G1 X148.615 Y205.084 E557.22815
G1 X147.039 Y203.7 E557.29791
G1 X146.839 Y203.51 E557.30708
G1 X146.577 Y203.239 E557.31962
G1 X146.139 Y202.76 E557.34121
G1 X145.309 Y201.827 E557.38274
G1 X144.682 Y201.113 E557.41435
G1 X143.666 Y199.94 E557.46596
G1 X143.289 Y199.49 E557.48549
G1 X143.058 Y199.198 E557.49787
G1 X142.896 Y198.975 E557.50704
G1 X140.726 Y195.731 E557.63685
G1 X140.564 Y195.486 E557.64662
G1 X140.42 Y195.251 E557.65578
G1 X140.355 Y195.137 E557.66015
G1 X140.161 Y194.776 E557.67378
G1 X139.938 Y194.344 E557.68995
G1 X139.378 Y193.228 E557.73148
G1 X138.957 Y192.376 E557.76309
G1 X138.663 Y191.773 E557.7854
G1 X138.184 Y190.778 E557.82213
G1 X138.031 Y190.448 E557.83423
G1 X137.883 Y190.107 E557.84659
G1 X137.785 Y189.85 E557.85574
G1 X137.413 Y188.761 E557.89401
G1 X136.483 Y186.02 E557.99028
G1 X136.408 Y185.782 E557.99858
G1 X136.324 Y185.481 E558.00898
G1 X136.265 Y185.244 E558.0171
G1 X136.126 Y184.612 E558.03862
G1 X135.959 Y183.812 E558.0658
G1 X135.756 Y182.806 E558.09994
G1 X135.559 Y181.797 E558.13413
G1 X135.393 Y180.931 E558.16346
G1 X135.293 Y180.354 E558.18294
G1 X135.237 Y179.976 E558.19565
G1 X135.21 Y179.719 E558.20424
G1 X134.934 Y175.516 E558.34433
G1 X134.927 Y175.252 E558.35312
G1 X134.928 Y175.122 E558.35744
G1 X134.94 Y174.71 E558.37115
G1 X134.963 Y174.223 E558.38737
G1 X135.009 Y173.409 E558.41448
G1 X135.098 Y172.027 E558.46054
G1 X135.143 Y171.357 E558.48288
G1 X135.209 Y170.477 E558.51223
G1 X135.258 Y169.901 E558.53146
G1 X135.303 Y169.517 E558.54432
G1 X135.344 Y169.26 E558.55297
G1 X135.568 Y168.125 E558.59145
G1 X136.155 Y165.193 E558.6909
G1 X136.263 Y164.697 E558.70779
G1 X136.321 Y164.464 E558.71577
G1 X136.732 Y163.248 E558.75847
G1 X137.054 Y162.328 E558.79089
G1 X137.481 Y161.16 E558.83225
G1 X138.014 Y159.794 E558.88102
G1 X138.052 Y159.69 E558.8847
G1 X138.573 Y158.491 E558.92818
G1 X139.109 Y157.343 E558.97032
G1 X139.645 Y156.276 E559.01004
G1 X140.148 Y155.326 E559.04579
G1 X140.599 Y154.538 E559.07599
G1 X140.984 Y153.904 E559.10066
G1 X141.304 Y153.405 E559.12037
G1 X141.414 Y153.243 E559.12689
G1 X141.579 Y152.992 E559.13688
G1 X141.847 Y152.613 E559.15232
G1 X142.028 Y152.339 E559.16324
G1 X142.222 Y152.064 E559.17443
G1 X142.246 Y152.081 E559.17541
G1 X142.548 Y151.751 E559.19029
G1 X142.808 Y151.535 E559.20153
G1 X143.201 Y151.182 E559.2191
G1 X143.456 Y150.942 E559.23075
G1 X143.645 Y150.767 E559.23931
G1 X143.824 Y150.612 E559.24719
G1 X142.908 Y149.69 E559.29042
G1 X142.547 Y149.323 E559.30754
G1 X140.363 Y147.131 E559.41046
G1 X138.173 Y144.941 E559.51347
G1 X140.726 Y142.388 E559.63355
G1 X146.781 Y148.45 E559.91853
G1 X148.403 Y146.828 E559.99482
G1 X142.346 Y140.767 E560.27982
;TIME_ELAPSED:629.714856
;LAYER:58
;MESH:Warp_Reaction_Chamber_Lens.stl
G0 F12000 X142.346 Y140.767 Z11.8
;TYPE:WALL-OUTER
G1 F1707.2 X144.731 Y138.383 E560.39198
G1 X145.027 Y138.681 E560.40595
G1 X148.954 Y142.601 E560.59049
G1 X149.846 Y143.488 E560.63233
G1 X150.458 Y144.104 E560.66122
G1 X150.757 Y143.711 E560.67764
G1 X150.965 Y143.501 E560.68747
G1 X151.354 Y143.088 E560.70634
G1 X151.551 Y142.866 E560.71621
G1 X151.768 Y142.61 E560.72737
G1 X151.962 Y142.454 E560.73565
G1 X152.265 Y142.188 E560.74906
G1 X152.534 Y141.985 E560.76027
G1 X152.957 Y141.683 E560.77756
G1 X153.25 Y141.479 E560.78943
G1 X153.447 Y141.334 E560.79757
G1 X153.943 Y141.015 E560.81718
G1 X154.564 Y140.636 E560.84138
G1 X155.347 Y140.189 E560.87137
G1 X156.298 Y139.683 E560.9072
G1 X157.358 Y139.153 E560.94662
G1 X158.51 Y138.615 E560.9889
G1 X159.693 Y138.101 E561.0318
G1 X160.892 Y137.627 E561.07469
G1 X162.082 Y137.188 E561.11687
G1 X163.5 Y136.697 E561.16678
G1 X164.218 Y136.457 E561.19196
G1 X164.523 Y136.367 E561.20254
G1 X164.804 Y136.291 E561.21222
G1 X165.049 Y136.235 E561.22058
G1 X165.515 Y136.135 E561.23643
G1 X169.257 Y135.392 E561.36332
G1 X169.532 Y135.348 E561.37258
G1 X169.909 Y135.304 E561.38521
G1 X170.57 Y135.247 E561.40728
G1 X171.361 Y135.189 E561.43365
G1 X171.949 Y135.151 E561.45325
G1 X172.387 Y135.12 E561.46786
G1 X173.411 Y135.056 E561.50198
G1 X174.289 Y135.005 E561.53123
G1 X174.872 Y134.98 E561.55064
G1 X175.248 Y134.973 E561.56315
G1 X175.517 Y134.98 E561.5721
G1 X179.712 Y135.256 E561.71193
G1 X179.973 Y135.282 E561.72065
G1 X180.354 Y135.34 E561.73347
G1 X181.01 Y135.456 E561.75563
G1 X182.797 Y135.801 E561.81616
G1 X183.802 Y136.005 E561.85027
G1 X184.661 Y136.183 E561.87945
G1 X185.12 Y136.284 E561.89508
G1 X185.434 Y136.359 E561.90581
G1 X185.72 Y136.437 E561.91567
G1 X186.002 Y136.525 E561.9255
G1 X189.272 Y137.637 E562.04038
G1 X189.706 Y137.783 E562.05561
G1 X190.055 Y137.911 E562.06797
G1 X190.431 Y138.074 E562.0816
G1 X191.038 Y138.358 E562.10389
G1 X191.756 Y138.704 E562.1304
G1 X193.068 Y139.35 E562.17904
G1 X194.379 Y140.006 E562.2278
G1 X194.895 Y140.276 E562.24717
G1 X195.226 Y140.459 E562.25975
G1 X195.463 Y140.604 E562.26899
G1 X197.991 Y142.294 E562.37013
G1 X198.843 Y142.86 E562.40415
G1 X199.133 Y143.065 E562.41596
G1 X199.463 Y143.327 E562.42998
G1 X199.976 Y143.758 E562.45226
G1 X200.579 Y144.277 E562.47872
G1 X201.351 Y144.951 E562.51281
G1 X202.779 Y146.216 E562.57626
G1 X203.205 Y146.608 E562.59551
G1 X203.482 Y146.876 E562.60833
G1 X203.662 Y147.067 E562.61706
G1 X203.873 Y147.307 E562.62769
G1 X203.922 Y147.36 E562.63009
G1 X206.431 Y150.223 E562.75671
G1 X206.601 Y150.433 E562.76569
G1 X206.827 Y150.739 E562.77835
G1 X207.211 Y151.287 E562.8006
G1 X207.658 Y151.944 E562.82703
G1 X208.23 Y152.794 E562.86111
G1 X209.281 Y154.385 E562.92453
G1 X209.596 Y154.882 E562.9441
G1 X209.789 Y155.202 E562.95653
G1 X209.919 Y155.444 E562.96566
G1 X210.091 Y155.789 E562.97849
G1 X211.769 Y159.196 E563.1048
G1 X211.884 Y159.453 E563.11417
G1 X212.021 Y159.8 E563.12658
G1 X212.25 Y160.43 E563.14887
G1 X212.513 Y161.181 E563.17534
G1 X212.985 Y162.567 E563.22403
G1 X213.447 Y163.96 E563.27285
G1 X213.534 Y164.229 E563.28225
G1 X213.622 Y164.516 E563.29224
G1 X213.726 Y164.876 E563.3047
G1 X213.791 Y165.148 E563.314
G1 X214.584 Y169.129 E563.44901
G1 X214.646 Y169.482 E563.46093
G1 X214.696 Y169.909 E563.47523
G1 X214.753 Y170.568 E563.49723
G1 X214.811 Y171.361 E563.52368
G1 X214.849 Y171.949 E563.54327
G1 X214.88 Y172.385 E563.55781
G1 X214.944 Y173.411 E563.592
G1 X214.995 Y174.286 E563.62115
G1 X215.02 Y174.867 E563.6405
G1 X215.027 Y175.244 E563.65304
G1 X215.02 Y175.517 E563.66212
G1 X214.744 Y179.712 E563.80195
G1 X214.718 Y179.973 E563.81067
G1 X214.661 Y180.349 E563.82332
G1 X214.545 Y181.007 E563.84554
G1 X214.199 Y182.797 E563.90618
G1 X213.995 Y183.802 E563.94029
G1 X213.817 Y184.663 E563.96953
G1 X213.757 Y184.936 E563.97883
G1 X213.643 Y185.427 E563.99559
G1 X213.563 Y185.72 E564.0057
G1 X213.475 Y186.002 E564.01552
G1 X212.363 Y189.272 E564.1304
G1 X212.217 Y189.706 E564.14563
G1 X212.096 Y190.035 E564.15729
G1 X211.923 Y190.437 E564.17184
G1 X211.642 Y191.038 E564.19391
G1 X211.296 Y191.755 E564.22039
G1 X210.884 Y192.597 E564.25157
G1 X210.49 Y193.373 E564.28051
G1 X210.254 Y193.851 E564.29824
G1 X209.926 Y194.448 E564.3209
G1 X209.654 Y195.002 E564.34143
G1 X209.101 Y195.76 E564.37263
G1 X208.909 Y196.064 E564.38459
G1 X208.236 Y197.01 E564.42321
G1 X208.072 Y197.246 E564.43277
G1 X207.313 Y198.302 E564.47602
G1 X206.609 Y199.251 E564.51532
G1 X205.8 Y200.271 E564.55862
G1 X204.951 Y201.27 E564.60223
G1 X204.079 Y202.234 E564.64546
G1 X203.174 Y203.169 E564.68874
G1 X202.232 Y204.08 E564.73233
G1 X202.148 Y204.159 E564.73616
G1 X201.27 Y204.951 E564.77549
G1 X200.277 Y205.795 E564.81883
G1 X199.256 Y206.605 E564.86218
G1 X198.168 Y207.412 E564.90724
G1 X197.138 Y208.148 E564.94934
G1 X196.957 Y208.273 E564.95666
G1 X196.067 Y208.905 E564.99296
G1 X195.76 Y209.101 E565.00508
G1 X195.053 Y209.614 E565.03413
G1 X194.96 Y209.675 E565.03783
G1 X194.448 Y209.927 E565.05681
G1 X194.038 Y210.153 E565.07238
G1 X193.813 Y210.274 E565.08088
G1 X193.322 Y210.515 E565.09907
G1 X192.74 Y210.812 E565.1208
G1 X192.173 Y211.092 E565.14183
G1 X190.963 Y211.679 E565.18656
G1 X190.436 Y211.923 E565.20588
G1 X190.083 Y212.076 E565.21868
G1 X189.831 Y212.174 E565.22767
G1 X187.476 Y212.975 E565.3104
G1 X186.951 Y213.151 E565.32882
G1 X185.989 Y213.479 E565.36263
G1 X185.655 Y213.583 E565.37426
G1 X185.229 Y213.691 E565.38888
G1 X184.582 Y213.834 E565.41092
G1 X183.802 Y213.996 E565.43741
G1 X182.797 Y214.199 E565.47151
G1 X180.929 Y214.56 E565.53479
G1 X180.353 Y214.66 E565.55424
G1 X179.974 Y214.717 E565.56699
G1 X179.712 Y214.744 E565.57575
G1 X175.831 Y214.999 E565.70511
G1 X175.517 Y215.019 E565.71557
G1 X175.247 Y215.027 E565.72456
G1 X174.872 Y215.02 E565.73703
G1 X174.204 Y214.99 E565.75927
G1 X173.412 Y214.945 E565.78566
G1 X172.325 Y214.869 E565.8219
G1 X171.125 Y214.762 E565.86197
G1 X169.873 Y214.623 E565.90387
G1 X168.674 Y214.449 E565.94416
G1 X167.523 Y214.253 E565.983
G1 X166.425 Y214.046 E566.02016
G1 X165.155 Y213.792 E566.06324
G1 X164.878 Y213.726 E566.07271
G1 X164.52 Y213.623 E566.0851
G1 X163.879 Y213.421 E566.10745
G1 X162.764 Y213.05 E566.14653
G1 X161.742 Y212.705 E566.18241
G1 X160.37 Y212.232 E566.23068
G1 X159.845 Y212.044 E566.24923
G1 X159.509 Y211.913 E566.26122
G1 X159.284 Y211.814 E566.2694
G1 X156.949 Y210.664 E566.35597
G1 X155.36 Y209.878 E566.41493
G1 X155.138 Y209.757 E566.42334
G1 X154.839 Y209.574 E566.435
G1 X154.299 Y209.227 E566.45635
G1 X152.794 Y208.23 E566.51639
G1 X151.216 Y207.163 E566.57975
G1 X150.835 Y206.897 E566.5952
G1 X150.574 Y206.708 E566.60592
G1 X150.339 Y206.526 E566.61581
G1 X150.112 Y206.335 E566.62567
G1 X149.099 Y205.445 E566.67052
G1 X147.166 Y203.752 E566.75599
G1 X146.914 Y203.52 E566.76738
G1 X146.609 Y203.205 E566.78196
G1 X146.159 Y202.713 E566.80414
G1 X145.63 Y202.121 E566.83055
G1 X144.951 Y201.352 E566.86467
G1 X143.703 Y199.912 E566.92805
G1 X143.331 Y199.468 E566.94731
G1 X143.091 Y199.166 E566.96014
G1 X142.932 Y198.947 E566.96914
G1 X140.673 Y195.569 E567.1043
G1 X140.49 Y195.278 E567.11574
G1 X140.275 Y194.894 E567.13037
G1 X139.969 Y194.304 E567.15248
G1 X139.612 Y193.595 E567.17888
G1 X138.962 Y192.283 E567.22758
G1 X138.321 Y190.963 E567.27639
G1 X138.077 Y190.436 E567.2957
G1 X137.924 Y190.083 E567.3085
G1 X137.826 Y189.831 E567.31749
G1 X137.025 Y187.476 E567.40023
G1 X136.849 Y186.951 E567.41864
G1 X136.519 Y185.984 E567.45263
G1 X136.414 Y185.645 E567.46443
G1 X136.309 Y185.229 E567.4787
G1 X136.166 Y184.582 E567.50074
G1 X136.004 Y183.802 E567.52724
G1 X135.801 Y182.797 E567.56134
G1 X135.439 Y180.925 E567.62475
G1 X135.339 Y180.349 E567.6442
G1 X135.283 Y179.973 E567.65684
G1 X135.256 Y179.712 E567.66557
G1 X135.001 Y175.831 E567.79493
G1 X134.981 Y175.517 E567.80539
G1 X134.973 Y175.253 E567.81418
G1 X134.98 Y174.872 E567.82685
G1 X135.01 Y174.204 E567.84909
G1 X135.055 Y173.411 E567.87551
G1 X135.189 Y171.362 E567.94381
G1 X135.254 Y170.487 E567.97299
G1 X135.305 Y169.909 E567.99229
G1 X135.348 Y169.525 E568.00514
G1 X135.39 Y169.266 E568.01387
G1 X135.614 Y168.13 E568.05238
G1 X136.15 Y165.446 E568.14341
G1 X136.336 Y164.573 E568.1731
G1 X136.386 Y164.41 E568.17877
G1 X136.788 Y163.225 E568.22039
G1 X137.109 Y162.312 E568.25258
G1 X137.53 Y161.159 E568.2934
G1 X138.098 Y159.701 E568.34545
G1 X138.615 Y158.51 E568.38863
G1 X139.15 Y157.364 E568.4307
G1 X139.685 Y156.295 E568.47046
G1 X139.899 Y155.897 E568.48549
G1 X140.186 Y155.352 E568.50597
G1 X140.48 Y154.835 E568.52575
G1 X140.635 Y154.567 E568.53605
G1 X140.902 Y154.123 E568.55328
G1 X141.328 Y153.451 E568.57975
G1 X141.416 Y153.322 E568.58494
G1 X141.739 Y152.838 E568.60429
G1 X141.952 Y152.532 E568.61669
G1 X142.134 Y152.263 E568.6275
G1 X142.261 Y152.104 E568.63426
G1 X142.294 Y152.122 E568.63551
G1 X142.566 Y151.808 E568.64933
G1 X142.807 Y151.607 E568.65977
G1 X143.09 Y151.357 E568.67233
G1 X143.351 Y151.112 E568.68423
G1 X143.547 Y150.918 E568.69341
G1 X143.719 Y150.759 E568.7012
G1 X144.062 Y150.502 E568.71545
G1 X142.828 Y149.268 E568.7735
G1 X141.427 Y147.86 E568.83956
G1 X138.639 Y145.07 E568.97075
G1 X138.34 Y144.774 E568.98474
G1 X140.726 Y142.388 E569.09697
G1 X145.516 Y147.181 E569.32235
G1 X146.781 Y148.45 E569.38194
G1 X148.403 Y146.828 E569.45824
G1 X142.346 Y140.767 E569.74323
;TIME_ELAPSED:640.107654
;LAYER:59
;MESH:Warp_Reaction_Chamber_Lens.stl
G0 F12000 X142.346 Y140.767 Z12
;TYPE:WALL-OUTER
G1 F1706.4 X144.547 Y138.567 E569.84674
G1 X146.823 Y140.842 E569.95377
G1 X149.222 Y143.229 E570.06633
G1 X149.884 Y143.896 E570.09759
G1 X150.327 Y144.348 E570.11864
G1 X150.685 Y143.866 E570.13861
G1 X151.029 Y143.505 E570.15519
G1 X151.223 Y143.304 E570.16448
G1 X151.436 Y143.077 E570.17484
G1 X151.62 Y142.869 E570.18407
G1 X151.831 Y142.621 E570.1949
G1 X152.049 Y142.447 E570.20418
G1 X152.255 Y142.261 E570.21341
G1 X152.504 Y142.068 E570.22389
G1 X152.793 Y141.855 E570.23583
G1 X153.347 Y141.466 E570.25835
G1 X153.504 Y141.352 E570.2648
G1 X153.982 Y141.044 E570.28371
G1 X154.595 Y140.67 E570.3076
G1 X155.373 Y140.227 E570.33737
G1 X156.321 Y139.723 E570.37308
G1 X157.379 Y139.194 E570.41243
G1 X158.529 Y138.657 E570.45464
G1 X159.71 Y138.143 E570.49748
G1 X160.909 Y137.67 E570.54035
G1 X162.096 Y137.232 E570.58243
G1 X163.248 Y136.832 E570.62299
G1 X164.228 Y136.502 E570.65738
G1 X164.3 Y136.485 E570.65984
G1 X164.611 Y136.39 E570.67066
G1 X164.875 Y136.322 E570.67973
G1 X165.125 Y136.265 E570.68825
G1 X165.555 Y136.175 E570.70287
G1 X169.27 Y135.436 E570.82885
G1 X169.534 Y135.394 E570.83774
G1 X169.916 Y135.349 E570.85053
G1 X170.595 Y135.291 E570.8732
G1 X171.365 Y135.235 E570.89888
G1 X172.907 Y135.133 E570.95028
G1 X174.289 Y135.051 E570.99632
G1 X174.87 Y135.026 E571.01566
G1 X175.245 Y135.019 E571.02814
G1 X175.518 Y135.027 E571.03722
G1 X176.671 Y135.101 E571.07565
G1 X179.031 Y135.258 E571.15432
G1 X179.705 Y135.301 E571.17678
G1 X179.971 Y135.328 E571.18567
G1 X180.349 Y135.385 E571.19839
G1 X181.021 Y135.506 E571.2211
G1 X181.784 Y135.649 E571.24692
G1 X183.295 Y135.949 E571.29816
G1 X184.649 Y136.227 E571.34413
G1 X185.133 Y136.334 E571.36062
G1 X185.581 Y136.444 E571.37596
G1 X185.845 Y136.523 E571.38512
G1 X186.238 Y136.654 E571.3989
G1 X186.681 Y136.807 E571.41449
G1 X186.942 Y136.893 E571.42363
G1 X189.812 Y137.869 E571.52446
G1 X190.075 Y137.97 E571.53383
G1 X190.42 Y138.12 E571.54634
G1 X191.037 Y138.408 E571.56899
G1 X192.657 Y139.197 E571.62892
G1 X193.574 Y139.653 E571.66298
G1 X194.36 Y140.048 E571.69224
G1 X194.87 Y140.314 E571.71137
G1 X195.208 Y140.501 E571.72422
G1 X195.434 Y140.64 E571.73304
G1 X198.918 Y142.968 E571.87241
G1 X199.139 Y143.127 E571.88146
G1 X199.437 Y143.366 E571.89417
G1 X199.962 Y143.806 E571.91695
G1 X201.321 Y144.986 E571.97681
G1 X202.09 Y145.665 E572.01093
G1 X202.744 Y146.246 E572.04003
G1 X203.171 Y146.639 E572.05933
G1 X203.448 Y146.907 E572.07215
G1 X203.631 Y147.1 E572.081
G1 X206.326 Y150.171 E572.21689
G1 X206.542 Y150.431 E572.22814
G1 X206.795 Y150.772 E572.24226
G1 X207.185 Y151.331 E572.26493
G1 X207.621 Y151.97 E572.29066
G1 X208.479 Y153.252 E572.34197
G1 X209.241 Y154.408 E572.38802
G1 X209.553 Y154.901 E572.40742
G1 X209.687 Y155.12 E572.41596
G1 X209.826 Y155.366 E572.42536
G1 X209.965 Y155.638 E572.43552
G1 X211.681 Y159.116 E572.56451
G1 X211.832 Y159.446 E572.57658
G1 X211.921 Y159.666 E572.58447
G1 X212.072 Y160.072 E572.59888
G1 X212.214 Y160.465 E572.61278
G1 X212.471 Y161.198 E572.63861
G1 X212.967 Y162.659 E572.68993
G1 X213.403 Y163.97 E572.73588
G1 X213.506 Y164.295 E572.74722
G1 X213.647 Y164.765 E572.76354
G1 X213.719 Y165.042 E572.77306
G1 X213.784 Y165.34 E572.78321
G1 X214.563 Y169.263 E572.91623
G1 X214.606 Y169.534 E572.92536
G1 X214.651 Y169.916 E572.93815
G1 X214.709 Y170.593 E572.96075
G1 X214.765 Y171.365 E572.9865
G1 X214.867 Y172.906 E573.03786
G1 X214.949 Y174.286 E573.08384
G1 X214.974 Y174.865 E573.10312
G1 X214.981 Y175.241 E573.11563
G1 X214.973 Y175.518 E573.12484
G1 X214.899 Y176.671 E573.16327
G1 X214.699 Y179.704 E573.26437
G1 X214.672 Y179.969 E573.27323
G1 X214.616 Y180.344 E573.28584
G1 X214.494 Y181.021 E573.30872
G1 X214.351 Y181.784 E573.33454
G1 X214.051 Y183.295 E573.38578
G1 X213.773 Y184.65 E573.43178
G1 X213.646 Y185.216 E573.45107
G1 X213.556 Y185.581 E573.46358
G1 X213.477 Y185.845 E573.47274
G1 X213.346 Y186.238 E573.48652
G1 X213.193 Y186.681 E573.50211
G1 X213.108 Y186.94 E573.51118
G1 X212.954 Y187.389 E573.52696
G1 X212.655 Y188.274 E573.55803
G1 X212.131 Y189.812 E573.61208
G1 X212.03 Y190.075 E573.62145
G1 X211.882 Y190.416 E573.63381
G1 X211.592 Y191.038 E573.65664
G1 X211.068 Y192.119 E573.69659
G1 X210.833 Y192.593 E573.71419
G1 X210.439 Y193.369 E573.74313
G1 X210.212 Y193.83 E573.76022
G1 X209.854 Y194.484 E573.78502
G1 X209.614 Y194.971 E573.80308
G1 X209.116 Y195.654 E573.83119
G1 X208.872 Y196.042 E573.84644
G1 X208.261 Y196.9 E573.88147
G1 X208.114 Y197.115 E573.89014
G1 X207.352 Y198.179 E573.93366
G1 X206.576 Y199.226 E573.97701
G1 X205.768 Y200.245 E574.02026
G1 X204.92 Y201.243 E574.06382
G1 X204.05 Y202.204 E574.10694
G1 X203.145 Y203.14 E574.15024
G1 X202.208 Y204.046 E574.19359
G1 X201.243 Y204.92 E574.23689
G1 X200.251 Y205.763 E574.28019
G1 X199.231 Y206.572 E574.32349
G1 X198.179 Y207.352 E574.36705
G1 X197.118 Y208.112 E574.41046
G1 X196.902 Y208.26 E574.41917
G1 X196.045 Y208.868 E574.45412
G1 X195.653 Y209.117 E574.46956
G1 X195.042 Y209.561 E574.49468
G1 X194.921 Y209.639 E574.49947
G1 X194.484 Y209.854 E574.51567
G1 X193.783 Y210.237 E574.54224
G1 X193.36 Y210.444 E574.5579
G1 X192.72 Y210.77 E574.58179
G1 X192.096 Y211.079 E574.60495
G1 X190.947 Y211.635 E574.64741
G1 X190.636 Y211.781 E574.65883
G1 X190.191 Y211.982 E574.67507
G1 X189.922 Y212.091 E574.68473
G1 X189.643 Y212.19 E574.69457
G1 X185.852 Y213.475 E574.82771
G1 X185.581 Y213.556 E574.83712
G1 X185.216 Y213.647 E574.84963
G1 X184.551 Y213.793 E574.87227
G1 X183.791 Y213.951 E574.89809
G1 X182.279 Y214.253 E574.94937
G1 X180.922 Y214.514 E574.99533
G1 X180.349 Y214.615 E575.01469
G1 X179.969 Y214.672 E575.02747
G1 X179.704 Y214.698 E575.03632
G1 X179.291 Y214.727 E575.05009
G1 X178.077 Y214.805 E575.09055
G1 X177.146 Y214.868 E575.12159
G1 X175.518 Y214.973 E575.17585
G1 X175.243 Y214.981 E575.185
G1 X174.871 Y214.975 E575.19738
G1 X174.185 Y214.943 E575.22022
G1 X173.41 Y214.9 E575.24603
G1 X172.332 Y214.823 E575.28198
G1 X171.128 Y214.716 E575.32218
G1 X169.878 Y214.578 E575.36401
G1 X168.678 Y214.403 E575.40434
G1 X167.525 Y214.208 E575.44324
G1 X166.439 Y214.001 E575.48001
G1 X165.169 Y213.748 E575.52308
G1 X164.889 Y213.682 E575.53265
G1 X164.53 Y213.578 E575.54508
G1 X163.972 Y213.402 E575.56454
G1 X163.14 Y213.128 E575.59367
G1 X161.682 Y212.637 E575.64484
G1 X160.387 Y212.19 E575.69041
G1 X159.857 Y211.999 E575.70915
G1 X159.536 Y211.874 E575.7206
G1 X159.307 Y211.773 E575.72893
G1 X158.498 Y211.373 E575.75894
G1 X158.241 Y211.249 E575.76843
G1 X155.465 Y209.88 E575.87138
G1 X155.198 Y209.739 E575.88142
G1 X154.861 Y209.533 E575.89456
G1 X154.304 Y209.175 E575.91658
G1 X153.669 Y208.757 E575.94187
G1 X152.82 Y208.192 E575.97579
G1 X151.244 Y207.126 E576.03907
G1 X150.841 Y206.845 E576.05541
G1 X150.57 Y206.647 E576.06657
G1 X150.337 Y206.466 E576.07639
G1 X150.114 Y206.276 E576.08613
G1 X147.183 Y203.706 E576.21579
G1 X146.926 Y203.468 E576.22744
G1 X146.64 Y203.171 E576.24115
G1 X146.18 Y202.669 E576.2638
G1 X144.986 Y201.32 E576.32371
G1 X144.314 Y200.549 E576.35773
G1 X143.739 Y199.884 E576.38697
G1 X143.368 Y199.441 E576.40619
G1 X143.207 Y199.241 E576.41473
G1 X143.034 Y199.011 E576.4243
G1 X142.866 Y198.766 E576.43418
G1 X140.64 Y195.434 E576.56746
G1 X140.501 Y195.208 E576.57629
G1 X140.314 Y194.87 E576.58913
G1 X140 Y194.264 E576.61183
G1 X139.507 Y193.28 E576.64844
G1 X138.967 Y192.189 E576.68893
G1 X138.364 Y190.945 E576.73491
G1 X138.219 Y190.636 E576.74626
G1 X138.015 Y190.184 E576.76275
G1 X137.908 Y189.919 E576.77226
G1 X137.809 Y189.64 E576.78211
G1 X136.525 Y185.852 E576.91514
G1 X136.444 Y185.581 E576.92454
G1 X136.353 Y185.216 E576.93706
G1 X136.207 Y184.551 E576.9597
G1 X136.049 Y183.791 E576.98552
G1 X135.747 Y182.279 E577.0368
G1 X135.485 Y180.919 E577.08287
G1 X135.384 Y180.344 E577.10228
G1 X135.328 Y179.969 E577.1149
G1 X135.302 Y179.704 E577.12375
G1 X135.273 Y179.291 E577.13752
G1 X135.195 Y178.077 E577.17798
G1 X135.132 Y177.146 E577.20902
G1 X135.027 Y175.518 E577.26328
G1 X135.019 Y175.249 E577.27223
G1 X135.025 Y174.871 E577.2848
G1 X135.057 Y174.185 E577.30764
G1 X135.101 Y173.412 E577.3334
G1 X135.201 Y171.872 E577.38473
G1 X135.235 Y171.366 E577.40159
G1 X135.328 Y170.152 E577.44209
G1 X135.35 Y169.916 E577.44997
G1 X135.393 Y169.534 E577.46276
G1 X135.436 Y169.271 E577.47162
G1 X136.192 Y165.471 E577.60049
G1 X136.365 Y164.653 E577.6283
G1 X136.434 Y164.411 E577.63667
G1 X136.845 Y163.202 E577.67914
G1 X137.197 Y162.201 E577.71443
G1 X137.58 Y161.159 E577.75135
G1 X138.08 Y159.879 E577.79706
G1 X138.14 Y159.719 E577.80274
G1 X138.657 Y158.529 E577.8459
G1 X139.191 Y157.385 E577.88789
G1 X139.725 Y156.318 E577.92757
G1 X139.909 Y155.976 E577.94049
G1 X140.224 Y155.378 E577.96297
G1 X140.546 Y154.811 E577.98466
G1 X140.669 Y154.598 E577.99284
G1 X140.963 Y154.111 E578.01176
G1 X141.351 Y153.499 E578.03586
G1 X141.418 Y153.402 E578.03978
G1 X141.772 Y152.869 E578.06106
G1 X142.132 Y152.346 E578.08218
G1 X142.262 Y152.182 E578.08914
G1 X142.295 Y152.196 E578.09033
G1 X142.58 Y151.868 E578.10478
G1 X142.808 Y151.678 E578.11465
G1 X143.1 Y151.419 E578.12764
G1 X143.35 Y151.183 E578.13907
G1 X143.554 Y150.977 E578.14871
G1 X143.747 Y150.789 E578.15767
G1 X143.946 Y150.634 E578.16606
G1 X144.306 Y150.373 E578.18085
G1 X143.188 Y149.263 E578.23325
G1 X139.819 Y145.882 E578.392
G1 X138.526 Y144.589 E578.45282
G1 X140.726 Y142.388 E578.55633
G1 X145.315 Y146.98 E578.77225
G1 X146.781 Y148.45 E578.8413
G1 X148.403 Y146.828 E578.91759
G1 X142.346 Y140.767 E579.20259
;TIME_ELAPSED:650.498682
;LAYER:60
;MESH:Warp_Reaction_Chamber_Lens.stl
G0 F12000 X142.346 Y140.767 Z12.2
;TYPE:WALL-OUTER
G1 F1705.4 X144.343 Y138.77 E579.29652
G1 X150.178 Y144.599 E579.57084
G1 X150.71 Y143.897 E579.60014
G1 X150.88 Y143.7 E579.60879
G1 X151.096 Y143.507 E579.61843
G1 X151.518 Y143.066 E579.63873
G1 X151.73 Y142.824 E579.64943
G1 X151.892 Y142.635 E579.65771
G1 X152.133 Y142.441 E579.668
G1 X152.369 Y142.233 E579.67846
G1 X152.707 Y141.973 E579.69265
G1 X153.095 Y141.696 E579.7085
G1 X153.444 Y141.453 E579.72265
G1 X153.55 Y141.376 E579.727
G1 X154.021 Y141.073 E579.74563
G1 X154.626 Y140.705 E579.76918
G1 X155.399 Y140.265 E579.79877
G1 X156.343 Y139.763 E579.83433
G1 X157.399 Y139.235 E579.8736
G1 X158.548 Y138.699 E579.91577
G1 X159.727 Y138.185 E579.95854
G1 X160.926 Y137.712 E580.00141
G1 X162.11 Y137.276 E580.04338
G1 X163.256 Y136.878 E580.08373
G1 X164.208 Y136.559 E580.11712
G1 X164.278 Y136.54 E580.11953
G1 X164.614 Y136.437 E580.13122
G1 X164.883 Y136.368 E580.14046
G1 X165.138 Y136.309 E580.14917
G1 X165.597 Y136.213 E580.16476
G1 X169.275 Y135.482 E580.28949
G1 X169.521 Y135.441 E580.29778
G1 X169.923 Y135.396 E580.31123
G1 X170.621 Y135.336 E580.33454
G1 X171.37 Y135.281 E580.35951
G1 X172.99 Y135.174 E580.41351
G1 X174.289 Y135.097 E580.45679
G1 X174.869 Y135.072 E580.4761
G1 X175.165 Y135.065 E580.48595
G1 X175.434 Y135.07 E580.4949
G1 X175.743 Y135.087 E580.50519
G1 X176.352 Y135.128 E580.52549
G1 X176.672 Y135.147 E580.53616
G1 X179.62 Y135.341 E580.63442
G1 X179.944 Y135.371 E580.64524
G1 X180.346 Y135.431 E580.65876
G1 X180.913 Y135.532 E580.67791
G1 X181.776 Y135.694 E580.70712
G1 X183.366 Y136.01 E580.76104
G1 X184.637 Y136.272 E580.8042
G1 X185.208 Y136.398 E580.82365
G1 X185.491 Y136.467 E580.83334
G1 X185.754 Y136.542 E580.84243
G1 X186.047 Y136.638 E580.85269
G1 X186.626 Y136.837 E580.87305
G1 X186.931 Y136.938 E580.88374
G1 X189.794 Y137.911 E580.98431
G1 X190.061 Y138.013 E580.99382
G1 X190.399 Y138.161 E581.00609
G1 X191.037 Y138.459 E581.02951
G1 X191.717 Y138.788 E581.05463
G1 X192.636 Y139.238 E581.08867
G1 X194.333 Y140.085 E581.15175
G1 X194.846 Y140.353 E581.171
G1 X195.175 Y140.536 E581.18352
G1 X195.418 Y140.684 E581.19299
G1 X198.89 Y143.004 E581.33187
G1 X199.113 Y143.165 E581.34102
G1 X199.41 Y143.402 E581.35366
G1 X199.948 Y143.855 E581.37705
G1 X201.29 Y145.02 E581.43616
G1 X202.714 Y146.281 E581.49942
G1 X203.137 Y146.671 E581.51856
G1 X203.408 Y146.932 E581.53107
G1 X203.604 Y147.139 E581.54055
G1 X206.306 Y150.218 E581.6768
G1 X206.537 Y150.5 E581.68893
G1 X206.69 Y150.704 E581.69741
G1 X206.941 Y151.059 E581.71187
G1 X207.159 Y151.374 E581.72461
G1 X207.583 Y151.997 E581.74967
G1 X208.154 Y152.846 E581.78371
G1 X209.201 Y154.431 E581.84689
G1 X209.514 Y154.925 E581.86634
G1 X209.707 Y155.243 E581.87871
G1 X209.84 Y155.492 E581.8881
G1 X210.039 Y155.89 E581.9029
G1 X211.684 Y159.23 E582.02673
G1 X211.798 Y159.484 E582.03599
G1 X211.894 Y159.724 E582.04459
G1 X212.049 Y160.141 E582.05938
G1 X212.177 Y160.501 E582.07209
G1 X212.428 Y161.214 E582.09723
G1 X212.949 Y162.75 E582.15118
G1 X213.358 Y163.983 E582.19439
G1 X213.48 Y164.365 E582.20772
G1 X213.615 Y164.821 E582.22354
G1 X213.682 Y165.084 E582.23257
G1 X213.746 Y165.387 E582.24287
G1 X214.517 Y169.269 E582.37451
G1 X214.559 Y169.521 E582.383
G1 X214.604 Y169.923 E582.39646
G1 X214.664 Y170.619 E582.41969
G1 X214.719 Y171.37 E582.44474
G1 X214.826 Y172.989 E582.4987
G1 X214.903 Y174.286 E582.54192
G1 X214.922 Y174.686 E582.55524
G1 X214.935 Y175.16 E582.57101
G1 X214.93 Y175.434 E582.58012
G1 X214.913 Y175.743 E582.59041
G1 X214.872 Y176.352 E582.61072
G1 X214.853 Y176.672 E582.62138
G1 X214.659 Y179.62 E582.71964
G1 X214.629 Y179.943 E582.73043
G1 X214.57 Y180.34 E582.74378
G1 X214.468 Y180.913 E582.76314
G1 X214.306 Y181.776 E582.79234
G1 X213.99 Y183.366 E582.84626
G1 X213.728 Y184.639 E582.88949
G1 X213.602 Y185.208 E582.90887
G1 X213.533 Y185.491 E582.91856
G1 X213.458 Y185.754 E582.92766
G1 X213.362 Y186.047 E582.93791
G1 X213.163 Y186.626 E582.95827
G1 X213.063 Y186.929 E582.96889
G1 X212.089 Y189.794 E583.06953
G1 X211.987 Y190.061 E583.07904
G1 X211.839 Y190.399 E583.09131
G1 X211.541 Y191.037 E583.11473
G1 X211.053 Y192.045 E583.15198
G1 X210.728 Y192.698 E583.17624
G1 X210.341 Y193.463 E583.20476
G1 X210.171 Y193.807 E583.21752
G1 X209.781 Y194.518 E583.24449
G1 X209.567 Y194.95 E583.26052
G1 X209.133 Y195.547 E583.28507
G1 X208.835 Y196.019 E583.30364
G1 X208.287 Y196.79 E583.3351
G1 X208.077 Y197.094 E583.34739
G1 X207.776 Y197.518 E583.36468
G1 X207.319 Y198.155 E583.39076
G1 X206.544 Y199.201 E583.43406
G1 X205.731 Y200.225 E583.47754
G1 X204.894 Y201.212 E583.52059
G1 X204.02 Y202.176 E583.56387
G1 X203.114 Y203.111 E583.60717
G1 X202.791 Y203.426 E583.62218
G1 X202.175 Y204.021 E583.65066
G1 X201.212 Y204.894 E583.69389
G1 X200.225 Y205.731 E583.73693
G1 X199.206 Y206.54 E583.78021
G1 X198.157 Y207.317 E583.82363
G1 X197.351 Y207.897 E583.85665
G1 X197.094 Y208.078 E583.86711
G1 X196.663 Y208.376 E583.88454
G1 X196.022 Y208.831 E583.91068
G1 X195.546 Y209.134 E583.92945
G1 X195.033 Y209.506 E583.95053
G1 X194.881 Y209.602 E583.95651
G1 X194.519 Y209.781 E583.96994
G1 X193.807 Y210.171 E583.99694
G1 X193.29 Y210.427 E584.01613
G1 X192.699 Y210.729 E584.0382
G1 X192.153 Y210.999 E584.05846
G1 X190.93 Y211.593 E584.10368
G1 X190.567 Y211.763 E584.11701
G1 X190.132 Y211.957 E584.13285
G1 X189.881 Y212.057 E584.14184
G1 X189.586 Y212.161 E584.15224
G1 X185.841 Y213.43 E584.28376
G1 X185.567 Y213.512 E584.29327
G1 X185.206 Y213.602 E584.30565
G1 X184.52 Y213.754 E584.32902
G1 X183.781 Y213.906 E584.35411
G1 X182.191 Y214.224 E584.40804
G1 X180.916 Y214.469 E584.45122
G1 X180.345 Y214.569 E584.47051
G1 X179.965 Y214.626 E584.48329
G1 X179.698 Y214.653 E584.49221
G1 X175.519 Y214.927 E584.6315
G1 X175.241 Y214.935 E584.64075
G1 X174.869 Y214.929 E584.65313
G1 X174.166 Y214.896 E584.67654
G1 X173.415 Y214.853 E584.70156
G1 X172.331 Y214.778 E584.7377
G1 X171.132 Y214.67 E584.77774
G1 X169.883 Y214.532 E584.81953
G1 X168.683 Y214.357 E584.85986
G1 X167.531 Y214.162 E584.89873
G1 X166.45 Y213.956 E584.93533
G1 X165.261 Y213.721 E584.97564
G1 X164.922 Y213.644 E584.9872
G1 X164.54 Y213.533 E585.00043
G1 X163.87 Y213.321 E585.0238
G1 X163.508 Y213.2 E585.0365
G1 X163.153 Y213.084 E585.04892
G1 X162.184 Y212.76 E585.0829
G1 X160.404 Y212.147 E585.14552
G1 X159.882 Y211.96 E585.16396
G1 X159.554 Y211.832 E585.17567
G1 X159.315 Y211.726 E585.18437
G1 X156.852 Y210.513 E585.27568
G1 X156.47 Y210.322 E585.28989
G1 X155.412 Y209.801 E585.32911
G1 X155.182 Y209.676 E585.33782
G1 X154.882 Y209.493 E585.34951
G1 X154.311 Y209.125 E585.3721
G1 X152.846 Y208.154 E585.43056
G1 X151.272 Y207.09 E585.49375
G1 X151.148 Y207.001 E585.49883
G1 X150.856 Y206.8 E585.51062
G1 X150.499 Y206.536 E585.52538
G1 X150.279 Y206.356 E585.53484
G1 X149.947 Y206.068 E585.54946
G1 X147.191 Y203.652 E585.67136
G1 X146.953 Y203.43 E585.68218
G1 X146.753 Y203.225 E585.69171
G1 X146.198 Y202.62 E585.71901
G1 X145.02 Y201.29 E585.77811
G1 X143.775 Y199.856 E585.84127
G1 X143.405 Y199.414 E585.86044
G1 X143.219 Y199.183 E585.87031
G1 X143.053 Y198.958 E585.87961
G1 X142.88 Y198.706 E585.88977
G1 X140.685 Y195.418 E586.02126
G1 X140.535 Y195.175 E586.03076
G1 X140.41 Y194.952 E586.03926
G1 X140.206 Y194.565 E586.05381
G1 X140.031 Y194.224 E586.06656
G1 X139.571 Y193.306 E586.10071
G1 X138.973 Y192.097 E586.14557
G1 X138.406 Y190.928 E586.18879
G1 X138.235 Y190.563 E586.20219
G1 X138.04 Y190.125 E586.21814
G1 X137.94 Y189.873 E586.22716
G1 X137.839 Y189.586 E586.23728
G1 X136.57 Y185.841 E586.36879
G1 X136.488 Y185.567 E586.3783
G1 X136.398 Y185.206 E586.39068
G1 X136.246 Y184.52 E586.41405
G1 X136.094 Y183.781 E586.43914
G1 X135.776 Y182.191 E586.49307
G1 X135.531 Y180.916 E586.53626
G1 X135.43 Y180.34 E586.55571
G1 X135.374 Y179.965 E586.56832
G1 X135.347 Y179.698 E586.57724
G1 X135.073 Y175.519 E586.71654
G1 X135.065 Y175.247 E586.72559
G1 X135.071 Y174.869 E586.73816
G1 X135.104 Y174.167 E586.76153
G1 X135.165 Y173.14 E586.79575
G1 X135.251 Y171.794 E586.84061
G1 X135.345 Y170.499 E586.8838
G1 X135.395 Y169.924 E586.90299
G1 X135.438 Y169.542 E586.91578
G1 X135.482 Y169.275 E586.92478
G1 X135.567 Y168.839 E586.93955
G1 X136.231 Y165.505 E587.05262
G1 X136.246 Y165.444 E587.05471
G1 X136.422 Y164.609 E587.08309
G1 X136.604 Y164.052 E587.10258
G1 X136.901 Y163.179 E587.13325
G1 X137.212 Y162.293 E587.16448
G1 X137.63 Y161.157 E587.20474
G1 X138.113 Y159.921 E587.24888
G1 X138.182 Y159.738 E587.25539
G1 X138.699 Y158.549 E587.29851
G1 X139.233 Y157.405 E587.3405
G1 X139.763 Y156.345 E587.37992
G1 X139.919 Y156.055 E587.39087
G1 X140.262 Y155.404 E587.41534
G1 X140.613 Y154.787 E587.43895
G1 X140.704 Y154.629 E587.44502
G1 X141.023 Y154.1 E587.46556
G1 X141.378 Y153.542 E587.48756
G1 X141.805 Y152.904 E587.51309
G1 X142.12 Y152.442 E587.53169
G1 X142.251 Y152.287 E587.53844
G1 X142.442 Y152.123 E587.54682
G1 X142.598 Y151.925 E587.5552
G1 X142.81 Y151.75 E587.56434
G1 X143.103 Y151.487 E587.57744
G1 X143.518 Y151.087 E587.59661
G1 X143.696 Y150.892 E587.60539
G1 X143.947 Y150.683 E587.61625
G1 X144.207 Y150.489 E587.62704
G1 X144.557 Y150.218 E587.64177
G1 X138.727 Y144.386 E587.91604
G1 X140.726 Y142.388 E588.01004
G1 X146.781 Y148.45 E588.29502
G1 X148.403 Y146.828 E588.37131
G1 X142.346 Y140.767 E588.65631
;TIME_ELAPSED:660.857882
;LAYER:61
;MESH:Warp_Reaction_Chamber_Lens.stl
G0 F12000 X142.346 Y140.767 Z12.4
;TYPE:WALL-OUTER
G1 F1704.6 X144.119 Y138.995 E588.73968
G1 X146.177 Y141.054 E588.8365
G1 X146.323 Y141.203 E588.84344
G1 X149.999 Y144.878 E589.01633
G1 X150.365 Y144.414 E589.03598
G1 X150.73 Y143.931 E589.05612
G1 X150.892 Y143.751 E589.06417
G1 X151.114 Y143.559 E589.07394
G1 X151.53 Y143.131 E589.09379
G1 X151.715 Y142.923 E589.10305
G1 X151.953 Y142.648 E589.11514
G1 X152.218 Y142.435 E589.12645
G1 X152.471 Y142.216 E589.13758
G1 X152.8 Y141.963 E589.15138
G1 X153.164 Y141.703 E589.16626
G1 X153.589 Y141.406 E589.18351
G1 X154.083 Y141.088 E589.20305
G1 X154.658 Y140.739 E589.22542
G1 X155.425 Y140.303 E589.25476
G1 X156.366 Y139.803 E589.2902
G1 X157.42 Y139.277 E589.32938
G1 X158.567 Y138.741 E589.37149
G1 X159.746 Y138.228 E589.41426
G1 X160.943 Y137.755 E589.45707
G1 X162.124 Y137.32 E589.49893
G1 X163.263 Y136.924 E589.53903
G1 X164.2 Y136.611 E589.57189
G1 X164.254 Y136.596 E589.57376
G1 X164.582 Y136.494 E589.58518
G1 X164.892 Y136.413 E589.59584
G1 X165.127 Y136.359 E589.60386
G1 X165.639 Y136.252 E589.62125
G1 X169.28 Y135.527 E589.74473
G1 X169.549 Y135.484 E589.75379
G1 X169.931 Y135.441 E589.76658
G1 X170.646 Y135.38 E589.79044
G1 X172.395 Y135.257 E589.84876
G1 X174.29 Y135.143 E589.9119
G1 X174.868 Y135.117 E589.93115
G1 X175.209 Y135.11 E589.94249
G1 X175.52 Y135.119 E589.95284
G1 X179.691 Y135.393 E590.09187
G1 X179.962 Y135.42 E590.10092
G1 X180.341 Y135.477 E590.11367
G1 X181.049 Y135.603 E590.13759
G1 X181.767 Y135.74 E590.1619
G1 X182.77 Y135.937 E590.1959
G1 X183.771 Y136.14 E590.22987
G1 X184.63 Y136.317 E590.25904
G1 X185.189 Y136.441 E590.27808
G1 X185.561 Y136.533 E590.29083
G1 X185.823 Y136.613 E590.29994
G1 X186.92 Y136.983 E590.33845
G1 X188.995 Y137.689 E590.41135
G1 X189.775 Y137.953 E590.43874
G1 X190.044 Y138.057 E590.44833
G1 X190.318 Y138.174 E590.45824
G1 X191.036 Y138.51 E590.4846
G1 X191.698 Y138.829 E590.50904
G1 X193.223 Y139.581 E590.5656
G1 X194.313 Y140.127 E590.60615
G1 X194.821 Y140.392 E590.6252
G1 X195.158 Y140.579 E590.63802
G1 X195.396 Y140.725 E590.64731
G1 X198.861 Y143.04 E590.78591
G1 X199.087 Y143.203 E590.79518
G1 X199.383 Y143.44 E590.80779
G1 X199.935 Y143.904 E590.83177
G1 X200.491 Y144.384 E590.8562
G1 X201.261 Y145.055 E590.89017
G1 X202.679 Y146.311 E590.95318
G1 X203.103 Y146.702 E590.97236
G1 X203.373 Y146.963 E590.98485
G1 X203.552 Y147.151 E590.99348
G1 X203.742 Y147.364 E591.00298
G1 X206.287 Y150.265 E591.13133
G1 X206.497 Y150.523 E591.1424
G1 X206.676 Y150.762 E591.15233
G1 X206.935 Y151.13 E591.1673
G1 X207.546 Y152.023 E591.20328
G1 X208.115 Y152.871 E591.23725
G1 X208.853 Y153.985 E591.28169
G1 X209.161 Y154.454 E591.30036
G1 X209.474 Y154.946 E591.31975
G1 X209.666 Y155.265 E591.33213
G1 X209.801 Y155.516 E591.34161
G1 X211.641 Y159.247 E591.47998
G1 X211.758 Y159.505 E591.4894
G1 X211.896 Y159.858 E591.50201
G1 X212.141 Y160.536 E591.52598
G1 X212.455 Y161.44 E591.55781
G1 X212.714 Y162.197 E591.58442
G1 X213.138 Y163.463 E591.62883
G1 X213.314 Y163.995 E591.64747
G1 X213.455 Y164.439 E591.66296
G1 X213.591 Y164.905 E591.67911
G1 X213.658 Y165.187 E591.68875
G1 X214.472 Y169.273 E591.82732
G1 X214.516 Y169.549 E591.83661
G1 X214.559 Y169.931 E591.8494
G1 X214.62 Y170.643 E591.87317
G1 X214.743 Y172.395 E591.93158
G1 X214.857 Y174.286 E591.99459
G1 X214.883 Y174.862 E592.01377
G1 X214.89 Y175.205 E592.02518
G1 X214.881 Y175.52 E592.03566
G1 X214.607 Y179.691 E592.17469
G1 X214.58 Y179.962 E592.18375
G1 X214.524 Y180.336 E592.19632
G1 X214.397 Y181.049 E592.22041
G1 X214.26 Y181.767 E592.24472
G1 X214.063 Y182.77 E592.27872
G1 X213.684 Y184.627 E592.34176
G1 X213.559 Y185.189 E592.36091
G1 X213.467 Y185.561 E592.37365
G1 X213.387 Y185.823 E592.38276
G1 X213.018 Y186.918 E592.4212
G1 X212.311 Y188.995 E592.49417
G1 X212.047 Y189.775 E592.52156
G1 X211.946 Y190.037 E592.5309
G1 X211.829 Y190.312 E592.54084
G1 X211.49 Y191.036 E592.56743
G1 X211.171 Y191.698 E592.59187
G1 X210.73 Y192.593 E592.62505
G1 X210.299 Y193.442 E592.65672
G1 X210.134 Y193.778 E592.66917
G1 X209.706 Y194.554 E592.69865
G1 X209.522 Y194.93 E592.71257
G1 X209.15 Y195.438 E592.73351
G1 X208.798 Y195.996 E592.75546
G1 X208.312 Y196.68 E592.78336
G1 X208.045 Y197.069 E592.79906
G1 X207.654 Y197.618 E592.82147
G1 X207.285 Y198.131 E592.84249
G1 X206.511 Y199.176 E592.88574
G1 X205.703 Y200.194 E592.92897
G1 X204.858 Y201.19 E592.97242
G1 X203.99 Y202.148 E593.01541
G1 X203.564 Y202.59 E593.03583
G1 X203.086 Y203.081 E593.05862
G1 X202.148 Y203.99 E593.10206
G1 X201.19 Y204.858 E593.14506
G1 X200.199 Y205.699 E593.18829
G1 X199.176 Y206.511 E593.23173
G1 X198.688 Y206.875 E593.25198
G1 X197.937 Y207.426 E593.28296
G1 X197.072 Y208.043 E593.3183
G1 X196.681 Y208.311 E593.33407
G1 X195.999 Y208.794 E593.36186
G1 X195.438 Y209.15 E593.38396
G1 X195.024 Y209.451 E593.40099
G1 X194.852 Y209.561 E593.40778
G1 X194.555 Y209.706 E593.41877
G1 X193.785 Y210.13 E593.44801
G1 X193.348 Y210.346 E593.46422
G1 X192.679 Y210.687 E593.48919
G1 X192.06 Y210.994 E593.51217
G1 X190.91 Y211.551 E593.55467
G1 X190.389 Y211.794 E593.57379
G1 X190.074 Y211.932 E593.58523
G1 X189.775 Y212.048 E593.5959
G1 X185.877 Y213.371 E593.73281
G1 X185.566 Y213.467 E593.74364
G1 X185.189 Y213.559 E593.75654
G1 X184.49 Y213.712 E593.78034
G1 X183.771 Y213.861 E593.80477
G1 X182.77 Y214.063 E593.83873
G1 X181.461 Y214.318 E593.88309
G1 X180.91 Y214.423 E593.90174
G1 X180.341 Y214.523 E593.92096
G1 X179.962 Y214.58 E593.9337
G1 X179.691 Y214.607 E593.94276
G1 X176.993 Y214.785 E594.03269
G1 X175.485 Y214.882 E594.08295
G1 X175.24 Y214.889 E594.09111
G1 X174.867 Y214.883 E594.10351
G1 X174.288 Y214.856 E594.12279
G1 X173.416 Y214.807 E594.15184
G1 X172.334 Y214.732 E594.18791
G1 X171.136 Y214.624 E594.22792
G1 X169.887 Y214.486 E594.26972
G1 X168.688 Y214.311 E594.31002
G1 X167.541 Y214.116 E594.34871
G1 X166.459 Y213.912 E594.38534
G1 X165.247 Y213.671 E594.42644
G1 X164.918 Y213.596 E594.43766
G1 X164.551 Y213.488 E594.45038
G1 X163.861 Y213.269 E594.47446
G1 X162.198 Y212.715 E594.53276
G1 X160.427 Y212.107 E594.59504
G1 X160.239 Y212.037 E594.60171
G1 X159.895 Y211.916 E594.61384
G1 X159.573 Y211.79 E594.62534
G1 X159.33 Y211.682 E594.63419
G1 X159.103 Y211.572 E594.64258
G1 X156.181 Y210.128 E594.75098
G1 X155.47 Y209.779 E594.77732
G1 X155.21 Y209.639 E594.78715
G1 X154.904 Y209.452 E594.79907
G1 X154.319 Y209.075 E594.82222
G1 X153.716 Y208.678 E594.84623
G1 X152.871 Y208.115 E594.88001
G1 X152.025 Y207.545 E594.91393
G1 X151.3 Y207.053 E594.94308
G1 X150.827 Y206.722 E594.96228
G1 X150.529 Y206.501 E594.97462
G1 X150.306 Y206.319 E594.98419
G1 X149.44 Y205.562 E595.02245
G1 X147.167 Y203.566 E595.12306
G1 X146.968 Y203.38 E595.13212
G1 X146.702 Y203.103 E595.14489
G1 X146.218 Y202.573 E595.16876
G1 X145.055 Y201.26 E595.2271
G1 X143.812 Y199.828 E595.29017
G1 X143.517 Y199.477 E595.30542
G1 X143.222 Y199.112 E595.32103
G1 X143.071 Y198.907 E595.3295
G1 X142.895 Y198.647 E595.33994
G1 X140.721 Y195.39 E595.47018
G1 X140.574 Y195.15 E595.47955
G1 X140.428 Y194.89 E595.48946
G1 X140.221 Y194.495 E595.5043
G1 X139.734 Y193.53 E595.54025
G1 X139.28 Y192.616 E595.57419
G1 X138.83 Y191.697 E595.60822
G1 X138.448 Y190.909 E595.63735
G1 X138.204 Y190.385 E595.65658
G1 X138.068 Y190.074 E595.66787
G1 X137.952 Y189.775 E595.67853
G1 X136.627 Y185.872 E595.81562
G1 X136.532 Y185.561 E595.82644
G1 X136.441 Y185.189 E595.83918
G1 X136.288 Y184.49 E595.86298
G1 X136.139 Y183.771 E595.8874
G1 X135.937 Y182.77 E595.92136
G1 X135.576 Y180.907 E595.98448
G1 X135.476 Y180.336 E596.00376
G1 X135.42 Y179.962 E596.01634
G1 X135.393 Y179.691 E596.0254
G1 X135.118 Y175.49 E596.16542
G1 X135.111 Y175.245 E596.17357
G1 X135.117 Y174.867 E596.18615
G1 X135.144 Y174.288 E596.20543
G1 X135.193 Y173.415 E596.23451
G1 X135.303 Y171.716 E596.29113
G1 X135.391 Y170.505 E596.33152
G1 X135.441 Y169.931 E596.35068
G1 X135.484 Y169.549 E596.36347
G1 X135.527 Y169.281 E596.3725
G1 X136.273 Y165.53 E596.4997
G1 X136.285 Y165.482 E596.50134
G1 X136.464 Y164.629 E596.53033
G1 X136.588 Y164.251 E596.54356
G1 X136.608 Y164.184 E596.54589
G1 X136.816 Y163.577 E596.56723
G1 X136.957 Y163.157 E596.58197
G1 X137.26 Y162.296 E596.61232
G1 X137.679 Y161.157 E596.65269
G1 X138.146 Y159.963 E596.69533
G1 X138.224 Y159.756 E596.70269
G1 X138.741 Y158.568 E596.74578
G1 X139.274 Y157.426 E596.7877
G1 X139.804 Y156.367 E596.82709
G1 X140.3 Y155.43 E596.86235
G1 X140.678 Y154.765 E596.88779
G1 X141.084 Y154.088 E596.91404
G1 X141.402 Y153.589 E596.93372
G1 X141.996 Y152.703 E596.9692
G1 X142.199 Y152.415 E596.98092
G1 X142.236 Y152.378 E596.98266
G1 X142.441 Y152.202 E596.99165
G1 X142.613 Y151.985 E597.00086
G1 X142.809 Y151.821 E597.00936
G1 X143.09 Y151.571 E597.02187
G1 X143.483 Y151.187 E597.04014
G1 X143.681 Y150.958 E597.05021
G1 X143.885 Y150.774 E597.05935
G1 X144.373 Y150.407 E597.07966
G1 X144.835 Y150.041 E597.09926
G1 X138.953 Y144.16 E597.37591
G1 X140.726 Y142.388 E597.45928
G1 X146.781 Y148.45 E597.74426
G1 X148.403 Y146.828 E597.82055
G1 X142.346 Y140.767 E598.10555
;TIME_ELAPSED:671.216622
;LAYER:62
;MESH:Warp_Reaction_Chamber_Lens.stl
G0 F12000 X142.346 Y140.767 Z12.6
;TYPE:WALL-OUTER
G1 F1703.7 X143.861 Y139.252 E598.17681
G1 X149.789 Y145.181 E598.45567
G1 X150.151 Y144.744 E598.47454
G1 X150.395 Y144.434 E598.48766
G1 X150.597 Y144.165 E598.49885
G1 X150.756 Y143.958 E598.50753
G1 X150.924 Y143.778 E598.51572
G1 X151.114 Y143.613 E598.52409
G1 X151.352 Y143.39 E598.53494
G1 X151.563 Y143.174 E598.54498
G1 X151.794 Y142.915 E598.55652
G1 X152.014 Y142.662 E598.56768
G1 X152.304 Y142.43 E598.58003
G1 X152.591 Y142.182 E598.59264
G1 X152.881 Y141.961 E598.60477
G1 X153.232 Y141.71 E598.61912
G1 X153.63 Y141.432 E598.63527
G1 X154.1 Y141.13 E598.65385
G1 X154.736 Y140.747 E598.67854
G1 X155.451 Y140.34 E598.70591
G1 X156.389 Y139.843 E598.74121
G1 X157.441 Y139.318 E598.78032
G1 X158.586 Y138.783 E598.82235
G1 X159.763 Y138.27 E598.86506
G1 X160.96 Y137.798 E598.90785
G1 X162.138 Y137.364 E598.94961
G1 X163.271 Y136.971 E598.9895
G1 X164.198 Y136.66 E599.02202
G1 X164.226 Y136.653 E599.02298
G1 X164.619 Y136.532 E599.03665
G1 X164.926 Y136.452 E599.0472
G1 X165.165 Y136.398 E599.05535
G1 X165.681 Y136.29 E599.07289
G1 X169.3 Y135.571 E599.19561
G1 X169.563 Y135.528 E599.20447
G1 X169.939 Y135.486 E599.21706
G1 X170.671 Y135.424 E599.24149
G1 X172.397 Y135.302 E599.29904
G1 X174.289 Y135.189 E599.36208
G1 X174.865 Y135.163 E599.38126
G1 X175.265 Y135.157 E599.39456
G1 X175.521 Y135.165 E599.40308
G1 X179.698 Y135.44 E599.54231
G1 X179.994 Y135.47 E599.55221
G1 X180.336 Y135.523 E599.56372
G1 X180.901 Y135.623 E599.5828
G1 X181.761 Y135.785 E599.61191
G1 X182.761 Y135.982 E599.64581
G1 X184.618 Y136.362 E599.70885
G1 X185.175 Y136.485 E599.72782
G1 X185.553 Y136.578 E599.74077
G1 X185.818 Y136.658 E599.74998
G1 X189.735 Y137.987 E599.88755
G1 X190.028 Y138.099 E599.89798
G1 X190.342 Y138.235 E599.90937
G1 X191.037 Y138.561 E599.9349
G1 X191.678 Y138.87 E599.95857
G1 X191.91 Y138.986 E599.96719
G1 X192.596 Y139.321 E599.99259
G1 X193.509 Y139.775 E600.0265
G1 X194.287 Y140.165 E600.05544
G1 X194.8 Y140.433 E600.07469
G1 X195.129 Y140.614 E600.08718
G1 X195.372 Y140.765 E600.0967
G1 X195.62 Y140.929 E600.10659
G1 X198.845 Y143.086 E600.23563
G1 X199.075 Y143.251 E600.24505
G1 X199.36 Y143.481 E600.25723
G1 X199.921 Y143.954 E600.28163
G1 X200.462 Y144.419 E600.30536
G1 X201.23 Y145.089 E600.33926
G1 X202.646 Y146.344 E600.40219
G1 X203.07 Y146.733 E600.42133
G1 X203.343 Y146.995 E600.43391
G1 X203.54 Y147.205 E600.44349
G1 X206.268 Y150.315 E600.58109
G1 X206.472 Y150.564 E600.59179
G1 X206.686 Y150.857 E600.60386
G1 X207.017 Y151.33 E600.62306
G1 X207.509 Y152.05 E600.65207
G1 X208.077 Y152.897 E600.68599
G1 X209.122 Y154.478 E600.74902
G1 X209.403 Y154.917 E600.76635
G1 X209.638 Y155.309 E600.78156
G1 X209.763 Y155.544 E600.79041
G1 X209.896 Y155.809 E600.80027
G1 X211.604 Y159.276 E600.92882
G1 X211.732 Y159.564 E600.9393
G1 X211.854 Y159.877 E600.95047
G1 X212.105 Y160.571 E600.97502
G1 X212.671 Y162.212 E601.03275
G1 X212.996 Y163.18 E601.06672
G1 X213.269 Y164.006 E601.09565
G1 X213.444 Y164.56 E601.11497
G1 X213.553 Y164.941 E601.12815
G1 X213.612 Y165.193 E601.13676
G1 X214.155 Y167.912 E601.22898
G1 X214.428 Y169.293 E601.2758
G1 X214.472 Y169.563 E601.2849
G1 X214.514 Y169.939 E601.29749
G1 X214.576 Y170.668 E601.32182
G1 X214.698 Y172.397 E601.37947
G1 X214.811 Y174.286 E601.44241
G1 X214.837 Y174.859 E601.46149
G1 X214.843 Y175.262 E601.47489
G1 X214.835 Y175.521 E601.48351
G1 X214.56 Y179.697 E601.62271
G1 X214.53 Y179.994 E601.63264
G1 X214.478 Y180.332 E601.64401
G1 X214.377 Y180.901 E601.66323
G1 X214.215 Y181.761 E601.69234
G1 X214.018 Y182.761 E601.72624
G1 X213.639 Y184.615 E601.78918
G1 X213.515 Y185.175 E601.80825
G1 X213.422 Y185.553 E601.8212
G1 X213.344 Y185.812 E601.8302
G1 X212.013 Y189.735 E601.96798
G1 X211.901 Y190.028 E601.97842
G1 X211.768 Y190.336 E601.98957
G1 X211.439 Y191.037 E602.01533
G1 X211.13 Y191.678 E602.039
G1 X210.646 Y192.655 E602.07526
G1 X210.228 Y193.478 E602.10596
G1 X210.087 Y193.764 E602.11657
G1 X209.634 Y194.589 E602.14787
G1 X209.525 Y194.807 E602.15598
G1 X209.353 Y195.074 E602.16654
G1 X209.166 Y195.332 E602.17714
G1 X208.761 Y195.973 E602.20236
G1 X208.337 Y196.569 E602.22669
G1 X208.01 Y197.046 E602.24592
G1 X207.533 Y197.717 E602.2733
G1 X207.252 Y198.107 E602.28929
G1 X206.789 Y198.734 E602.31521
G1 X206.478 Y199.15 E602.33249
G1 X205.671 Y200.168 E602.3757
G1 X204.827 Y201.163 E602.41909
G1 X203.959 Y202.119 E602.46204
G1 X203.419 Y202.68 E602.48794
G1 X203.057 Y203.052 E602.5052
G1 X202.123 Y203.955 E602.54841
G1 X201.163 Y204.827 E602.59155
G1 X200.173 Y205.667 E602.63473
G1 X199.154 Y206.475 E602.67799
G1 X198.53 Y206.94 E602.70387
G1 X198.107 Y207.252 E602.72135
G1 X197.454 Y207.721 E602.74809
G1 X197.049 Y208.008 E602.7646
G1 X196.571 Y208.336 E602.78388
G1 X195.976 Y208.757 E602.80812
G1 X195.332 Y209.166 E602.8335
G1 X195.025 Y209.389 E602.84612
G1 X194.59 Y209.634 E602.86272
G1 X193.763 Y210.088 E602.8941
G1 X193.407 Y210.264 E602.90731
G1 X192.658 Y210.646 E602.93528
G1 X191.966 Y210.989 E602.96096
G1 X190.892 Y211.509 E603.00065
G1 X190.373 Y211.751 E603.0197
G1 X189.999 Y211.913 E603.03325
G1 X189.763 Y212.002 E603.04164
G1 X188.669 Y212.375 E603.08009
G1 X185.806 Y213.344 E603.18062
G1 X185.503 Y213.436 E603.19115
G1 X185.18 Y213.514 E603.2022
G1 X184.46 Y213.672 E603.22672
G1 X182.761 Y214.018 E603.28439
G1 X181.759 Y214.214 E603.31835
G1 X180.904 Y214.378 E603.3473
G1 X180.391 Y214.469 E603.36463
G1 X179.93 Y214.538 E603.38013
G1 X179.678 Y214.562 E603.38855
G1 X179.384 Y214.583 E603.39836
G1 X178.942 Y214.61 E603.41308
G1 X175.522 Y214.835 E603.52708
G1 X175.202 Y214.843 E603.53773
G1 X174.865 Y214.837 E603.54894
G1 X174.288 Y214.81 E603.56815
G1 X173.418 Y214.761 E603.59713
G1 X172.337 Y214.686 E603.63317
G1 X171.14 Y214.578 E603.67315
G1 X169.892 Y214.44 E603.71491
G1 X168.693 Y214.265 E603.75521
G1 X167.543 Y214.071 E603.794
G1 X166.472 Y213.867 E603.83026
G1 X165.232 Y213.621 E603.87231
G1 X164.912 Y213.547 E603.88323
G1 X164.561 Y213.444 E603.8954
G1 X163.855 Y213.219 E603.92004
G1 X162.213 Y212.671 E603.97762
G1 X161.256 Y212.344 E604.01125
G1 X160.348 Y212.029 E604.04322
G1 X159.914 Y211.874 E604.05855
G1 X159.587 Y211.746 E604.07023
G1 X159.346 Y211.638 E604.07901
G1 X158.904 Y211.422 E604.09537
G1 X156.519 Y210.245 E604.18383
G1 X155.482 Y209.734 E604.22228
G1 X155.196 Y209.578 E604.23312
G1 X154.927 Y209.413 E604.24362
G1 X154.326 Y209.025 E604.26741
G1 X154.137 Y208.898 E604.27498
G1 X153.739 Y208.638 E604.29079
G1 X152.267 Y207.654 E604.34968
G1 X151.328 Y207.017 E604.38742
G1 X150.882 Y206.707 E604.40549
G1 X150.867 Y206.693 E604.40617
G1 X150.55 Y206.462 E604.41922
G1 X150.333 Y206.283 E604.42857
G1 X147.205 Y203.54 E604.56695
G1 X146.987 Y203.335 E604.5769
G1 X146.734 Y203.07 E604.58909
G1 X146.238 Y202.526 E604.61357
G1 X145.089 Y201.229 E604.6712
G1 X144.265 Y200.282 E604.71295
G1 X143.848 Y199.799 E604.73418
G1 X143.481 Y199.361 E604.75318
G1 X143.242 Y199.064 E604.76586
G1 X143.077 Y198.833 E604.7753
G1 X140.754 Y195.356 E604.91439
G1 X140.608 Y195.12 E604.92362
G1 X140.431 Y194.797 E604.93587
G1 X140.236 Y194.424 E604.94987
G1 X139.774 Y193.51 E604.98393
G1 X139.321 Y192.596 E605.01786
G1 X138.49 Y190.891 E605.08094
G1 X138.247 Y190.369 E605.10009
G1 X138.085 Y189.995 E605.11365
G1 X137.996 Y189.758 E605.12207
G1 X136.655 Y185.806 E605.26087
G1 X136.565 Y185.503 E605.27139
G1 X136.485 Y185.176 E605.28258
G1 X136.327 Y184.457 E605.30707
G1 X135.982 Y182.761 E605.36463
G1 X135.786 Y181.759 E605.39859
G1 X135.622 Y180.904 E605.42755
G1 X135.53 Y180.386 E605.44505
G1 X135.462 Y179.931 E605.46035
G1 X135.438 Y179.678 E605.4688
G1 X135.417 Y179.384 E605.4786
G1 X135.39 Y178.942 E605.49333
G1 X135.165 Y175.522 E605.60733
G1 X135.157 Y175.207 E605.61781
G1 X135.163 Y174.865 E605.62918
G1 X135.19 Y174.288 E605.6484
G1 X135.239 Y173.418 E605.67738
G1 X135.257 Y173.158 E605.68605
G1 X135.303 Y172.399 E605.71134
G1 X135.436 Y170.508 E605.77439
G1 X135.486 Y169.94 E605.79335
G1 X135.533 Y169.53 E605.80708
G1 X135.573 Y169.286 E605.8153
G1 X136.114 Y166.563 E605.90764
G1 X136.212 Y166.081 E605.924
G1 X136.317 Y165.549 E605.94203
G1 X136.51 Y164.64 E605.97294
G1 X136.582 Y164.405 E605.98112
G1 X137.036 Y163.072 E606.02795
G1 X137.309 Y162.3 E606.05519
G1 X137.728 Y161.156 E606.09571
G1 X138.179 Y160.006 E606.1368
G1 X138.267 Y159.775 E606.14502
G1 X138.782 Y158.588 E606.18805
G1 X139.315 Y157.445 E606.23
G1 X139.746 Y156.581 E606.26211
G1 X140.336 Y155.456 E606.30436
G1 X140.774 Y154.69 E606.33371
G1 X141.133 Y154.093 E606.35688
G1 X141.398 Y153.679 E606.37323
G1 X142.028 Y152.736 E606.41095
G1 X142.196 Y152.498 E606.42064
G1 X142.235 Y152.457 E606.42252
G1 X142.44 Y152.282 E606.43149
G1 X142.627 Y152.045 E606.44153
G1 X142.811 Y151.892 E606.44949
G1 X143.147 Y151.592 E606.46447
G1 X143.348 Y151.395 E606.47383
G1 X143.588 Y151.138 E606.48553
G1 X143.778 Y150.914 E606.4953
G1 X144.188 Y150.59 E606.51268
G1 X144.393 Y150.437 E606.52118
G1 X144.736 Y150.163 E606.53579
G1 X145.139 Y149.83 E606.55317
G1 X139.211 Y143.903 E606.83198
G1 X140.725 Y142.388 E606.90322
G1 X145.315 Y146.98 E607.11917
G1 X146.781 Y148.45 E607.18822
G1 X148.403 Y146.828 E607.26451
G1 X142.346 Y140.767 E607.54951
;TIME_ELAPSED:681.574724
;LAYER:63
;MESH:Warp_Reaction_Chamber_Lens.stl
G0 F12000 X142.346 Y140.767 Z12.8
;TYPE:WALL-OUTER
G1 F1702.7 X143.564 Y139.55 E607.60678
G1 X149.535 Y145.522 E607.88766
G1 X149.914 Y145.087 E607.90685
G1 X150.185 Y144.759 E607.921
G1 X150.426 Y144.455 E607.9339
G1 X150.708 Y144.076 E607.94961
G1 X150.869 Y143.888 E607.95785
G1 X151.063 Y143.711 E607.96658
G1 X151.255 Y143.553 E607.97485
G1 X151.631 Y143.178 E607.99251
G1 X151.873 Y142.907 E608.0046
G1 X152.075 Y142.675 E608.01483
G1 X152.388 Y142.424 E608.02817
G1 X152.702 Y142.157 E608.04188
G1 X152.968 Y141.954 E608.05301
G1 X153.298 Y141.718 E608.0665
G1 X153.692 Y141.447 E608.08241
G1 X154.142 Y141.158 E608.1002
G1 X154.775 Y140.777 E608.12477
G1 X155.478 Y140.379 E608.15164
G1 X156.412 Y139.883 E608.18681
G1 X157.461 Y139.359 E608.22581
G1 X158.605 Y138.825 E608.2678
G1 X159.782 Y138.313 E608.3105
G1 X160.976 Y137.841 E608.3532
G1 X162.152 Y137.408 E608.39488
G1 X163.075 Y137.086 E608.42739
G1 X164.178 Y136.715 E608.4661
G1 X164.197 Y136.712 E608.46674
G1 X164.639 Y136.574 E608.48214
G1 X165.011 Y136.479 E608.49491
G1 X165.206 Y136.435 E608.50156
G1 X166.337 Y136.205 E608.53994
G1 X166.498 Y136.175 E608.54539
G1 X167.993 Y135.876 E608.5961
G1 X169.297 Y135.618 E608.64031
G1 X169.597 Y135.571 E608.65041
G1 X169.988 Y135.526 E608.6635
G1 X170.853 Y135.457 E608.69236
G1 X171.384 Y135.418 E608.71007
G1 X172.402 Y135.349 E608.74401
G1 X173.418 Y135.286 E608.77787
G1 X174.289 Y135.235 E608.80689
G1 X174.343 Y135.234 E608.80868
G1 X174.884 Y135.208 E608.8267
G1 X175.255 Y135.203 E608.83904
G1 X175.549 Y135.212 E608.84882
G1 X175.905 Y135.237 E608.86069
G1 X179.693 Y135.485 E608.98695
G1 X179.979 Y135.515 E608.99651
G1 X180.374 Y135.575 E609.0098
G1 X181.073 Y135.701 E609.03343
G1 X182.752 Y136.027 E609.09031
G1 X184.606 Y136.406 E609.15325
G1 X185.18 Y136.533 E609.17281
G1 X185.552 Y136.626 E609.18556
G1 X185.835 Y136.712 E609.1954
G1 X189.761 Y138.045 E609.3333
G1 X190.029 Y138.149 E609.34286
G1 X190.39 Y138.307 E609.35596
G1 X191.036 Y138.612 E609.37973
G1 X191.659 Y138.912 E609.40272
G1 X192.575 Y139.362 E609.43667
G1 X194.265 Y140.206 E609.4995
G1 X194.795 Y140.481 E609.51936
G1 X195.117 Y140.661 E609.53163
G1 X195.37 Y140.817 E609.54151
G1 X198.815 Y143.12 E609.67934
G1 X199.062 Y143.3 E609.6895
G1 X199.363 Y143.541 E609.70233
G1 X199.908 Y144.002 E609.72607
G1 X200.566 Y144.571 E609.755
G1 X201.2 Y145.124 E609.78299
G1 X202.614 Y146.376 E609.8458
G1 X203.05 Y146.776 E609.86548
G1 X203.319 Y147.038 E609.87797
G1 X203.528 Y147.26 E609.88811
G1 X203.756 Y147.523 E609.89969
G1 X204.335 Y148.18 E609.92881
G1 X206.255 Y150.371 E610.02571
G1 X206.441 Y150.601 E610.03555
G1 X206.678 Y150.923 E610.04884
G1 X207.081 Y151.505 E610.07239
G1 X208.039 Y152.922 E610.12928
G1 X208.692 Y153.908 E610.16861
G1 X209.081 Y154.501 E610.1922
G1 X209.4 Y155.001 E610.21193
G1 X209.593 Y155.323 E610.22442
G1 X209.737 Y155.594 E610.23462
G1 X211.542 Y159.252 E610.37029
G1 X211.683 Y159.565 E610.38171
G1 X211.827 Y159.935 E610.39492
G1 X212.069 Y160.607 E610.41867
G1 X212.627 Y162.227 E610.47566
G1 X212.952 Y163.195 E610.50962
G1 X213.225 Y164.018 E610.53846
G1 X213.403 Y164.582 E610.55813
G1 X213.505 Y164.943 E610.57061
G1 X213.577 Y165.241 E610.58081
G1 X213.643 Y165.582 E610.59236
G1 X214.382 Y169.297 E610.71834
G1 X214.428 Y169.591 E610.72824
G1 X214.474 Y169.988 E610.74153
G1 X214.543 Y170.852 E610.77036
G1 X214.582 Y171.384 E610.7881
G1 X214.651 Y172.4 E610.82197
G1 X214.714 Y173.418 E610.8559
G1 X214.765 Y174.286 E610.88482
G1 X214.792 Y174.877 E610.90449
G1 X214.797 Y175.252 E610.91697
G1 X214.788 Y175.549 E610.92685
G1 X214.763 Y175.905 E610.93872
G1 X214.516 Y179.685 E611.06471
G1 X214.485 Y179.979 E611.07454
G1 X214.426 Y180.368 E611.08763
G1 X214.299 Y181.073 E611.11145
G1 X213.973 Y182.752 E611.16834
G1 X213.595 Y184.603 E611.23118
G1 X213.467 Y185.18 E611.25083
G1 X213.376 Y185.545 E611.26335
G1 X213.29 Y185.829 E611.27322
G1 X211.958 Y189.753 E611.41104
G1 X211.851 Y190.029 E611.42089
G1 X211.693 Y190.39 E611.43399
G1 X211.388 Y191.036 E611.45775
G1 X211.088 Y191.659 E611.48075
G1 X210.627 Y192.592 E611.51537
G1 X210.158 Y193.514 E611.54977
G1 X210.046 Y193.74 E611.55816
G1 X209.56 Y194.625 E611.59174
G1 X209.435 Y194.88 E611.60119
G1 X209.183 Y195.224 E611.61537
G1 X208.724 Y195.951 E611.64397
G1 X208.363 Y196.458 E611.66467
G1 X207.975 Y197.023 E611.68746
G1 X207.411 Y197.817 E611.71986
G1 X207.219 Y198.083 E611.73077
G1 X206.658 Y198.842 E611.76216
G1 X206.446 Y199.125 E611.77392
G1 X205.639 Y200.142 E611.8171
G1 X204.796 Y201.136 E611.86045
G1 X203.929 Y202.091 E611.90335
G1 X203.275 Y202.77 E611.93471
G1 X203.028 Y203.023 E611.94647
G1 X202.095 Y203.925 E611.98963
G1 X201.398 Y204.56 E612.02099
G1 X201.131 Y204.8 E612.03293
G1 X200.147 Y205.635 E612.07585
G1 X199.13 Y206.442 E612.11904
G1 X198.086 Y207.217 E612.16228
G1 X197.026 Y207.973 E612.20558
G1 X196.46 Y208.362 E612.22843
G1 X195.954 Y208.72 E612.24904
G1 X195.225 Y209.182 E612.27775
G1 X195.016 Y209.334 E612.28634
G1 X194.778 Y209.486 E612.29574
G1 X194.625 Y209.56 E612.30139
G1 X193.791 Y210.02 E612.33307
G1 X193.466 Y210.182 E612.34515
G1 X192.638 Y210.604 E612.37606
G1 X191.872 Y210.983 E612.40448
G1 X190.877 Y211.465 E612.44125
G1 X190.341 Y211.715 E612.46092
G1 X189.989 Y211.867 E612.47368
G1 X189.711 Y211.972 E612.48356
G1 X187.055 Y212.875 E612.57687
G1 X185.782 Y213.304 E612.62155
G1 X185.544 Y213.375 E612.62981
G1 X185.161 Y213.471 E612.64294
G1 X184.43 Y213.631 E612.66783
G1 X182.752 Y213.973 E612.72479
G1 X181.593 Y214.199 E612.76406
G1 X180.898 Y214.332 E612.7876
G1 X180.315 Y214.435 E612.80729
G1 X179.938 Y214.491 E612.81996
G1 X179.649 Y214.519 E612.82962
G1 X175.523 Y214.789 E612.96714
G1 X175.211 Y214.797 E612.97753
G1 X174.823 Y214.79 E612.99043
G1 X174.109 Y214.754 E613.01421
G1 X173.419 Y214.715 E613.0372
G1 X172.339 Y214.64 E613.0732
G1 X171.144 Y214.532 E613.11311
G1 X169.897 Y214.394 E613.15484
G1 X168.697 Y214.219 E613.19517
G1 X167.55 Y214.025 E613.23387
G1 X166.483 Y213.822 E613.26999
G1 X165.225 Y213.573 E613.31264
G1 X164.903 Y213.495 E613.32366
G1 X164.531 Y213.387 E613.33655
G1 X163.849 Y213.17 E613.36035
G1 X163.701 Y213.118 E613.36557
G1 X163.085 Y212.915 E613.38714
G1 X162.229 Y212.629 E613.41716
G1 X161.272 Y212.301 E613.45081
G1 X160.398 Y211.998 E613.48157
G1 X159.921 Y211.827 E613.49843
G1 X159.593 Y211.698 E613.51015
G1 X159.334 Y211.583 E613.51957
G1 X155.476 Y209.679 E613.66267
G1 X155.227 Y209.543 E613.6721
G1 X154.919 Y209.354 E613.68412
G1 X154.335 Y208.975 E613.70728
G1 X154.206 Y208.888 E613.71245
G1 X153.766 Y208.6 E613.72995
G1 X152.921 Y208.038 E613.7637
G1 X151.944 Y207.38 E613.80288
G1 X151.356 Y206.98 E613.82653
G1 X150.924 Y206.679 E613.84404
G1 X150.566 Y206.414 E613.85886
G1 X150.335 Y206.224 E613.8688
G1 X147.222 Y203.494 E614.00652
G1 X147.04 Y203.32 E614.01489
G1 X146.764 Y203.036 E614.02806
G1 X146.444 Y202.687 E614.04381
G1 X145.722 Y201.878 E614.07988
G1 X145.124 Y201.2 E614.10995
G1 X144.35 Y200.31 E614.14918
G1 X143.885 Y199.771 E614.17285
G1 X143.502 Y199.316 E614.19263
G1 X143.274 Y199.027 E614.20488
G1 X143.113 Y198.804 E614.21402
G1 X140.798 Y195.34 E614.3526
G1 X140.639 Y195.079 E614.36276
G1 X140.45 Y194.736 E614.37579
G1 X140.125 Y194.104 E614.39943
G1 X139.362 Y192.575 E614.45626
G1 X138.843 Y191.513 E614.49558
G1 X138.534 Y190.874 E614.51918
G1 X138.282 Y190.335 E614.53897
G1 X138.133 Y189.989 E614.5515
G1 X138.028 Y189.711 E614.56139
G1 X137.125 Y187.055 E614.65469
G1 X136.695 Y185.783 E614.69935
G1 X136.625 Y185.545 E614.7076
G1 X136.529 Y185.161 E614.72077
G1 X136.368 Y184.427 E614.74576
G1 X136.027 Y182.752 E614.80261
G1 X135.667 Y180.895 E614.86553
G1 X135.564 Y180.309 E614.88532
G1 X135.509 Y179.936 E614.89786
G1 X135.481 Y179.649 E614.90745
G1 X135.211 Y175.523 E615.04497
G1 X135.203 Y175.216 E615.05519
G1 X135.21 Y174.823 E615.06826
G1 X135.246 Y174.11 E615.092
G1 X135.349 Y172.402 E615.14892
G1 X135.419 Y171.385 E615.18282
G1 X135.482 Y170.514 E615.21187
G1 X135.533 Y169.928 E615.23143
G1 X135.577 Y169.547 E615.24419
G1 X135.624 Y169.262 E615.25379
G1 X135.756 Y168.604 E615.27612
G1 X135.843 Y168.158 E615.29123
G1 X136.365 Y165.552 E615.37963
G1 X136.565 Y164.601 E615.41195
G1 X137.057 Y163.151 E615.46288
G1 X137.356 Y162.303 E615.49278
G1 X137.777 Y161.155 E615.53345
G1 X138.309 Y159.795 E615.58202
G1 X138.824 Y158.607 E615.62509
G1 X139.356 Y157.466 E615.66696
G1 X139.817 Y156.542 E615.70131
G1 X139.948 Y156.29 E615.71075
G1 X140.375 Y155.482 E615.74115
G1 X140.805 Y154.725 E615.77011
G1 X141.174 Y154.115 E615.79382
G1 X141.521 Y153.578 E615.81508
G1 X142.071 Y152.757 E615.84795
G1 X142.25 Y152.524 E615.85772
G1 X142.438 Y152.361 E615.866
G1 X142.641 Y152.104 E615.87689
G1 X142.84 Y151.936 E615.88555
G1 X143.091 Y151.715 E615.89668
G1 X143.493 Y151.315 E615.91554
G1 X143.671 Y151.102 E615.92477
G1 X143.83 Y150.923 E615.93273
G1 X144.039 Y150.746 E615.94184
G1 X144.413 Y150.468 E615.95734
G1 X144.717 Y150.226 E615.97027
G1 X145.045 Y149.955 E615.98442
G1 X145.48 Y149.577 E616.00359
G1 X139.508 Y143.606 E616.28447
G1 X140.725 Y142.388 E616.34173
G1 X145.315 Y146.98 E616.55768
G1 X146.781 Y148.45 E616.62673
G1 X148.403 Y146.828 E616.70302
G1 X142.346 Y140.767 E616.98802
;MESH:NONMESH
G0 F300 X142.346 Y140.767 Z13
G0 F12000 X142.588 Y140.767
G0 X148.584 Y146.828
G0 X146.781 Y148.631
G0 X140.782 Y142.613
G0 X140.641 Y142.472
;TIME_ELAPSED:692.607569
;LAYER:64
;TYPE:WALL-OUTER
;MESH:Warp_Reaction_Chamber_Lens.stl
G1 F1703.2 X143.752 Y145.583 E617.13435
G1 X144.515 Y146.35 E617.17034
G1 X144.532 Y146.365 E617.17109
G1 X146.689 Y148.525 E617.27262
G1 X147.029 Y148.222 E617.28777
G1 X148.284 Y146.968 E617.34678
G1 X148.431 Y146.687 E617.35732
G1 X147.022 Y145.273 E617.42372
G1 X142.432 Y140.683 E617.63962
G1 X143.209 Y139.905 E617.67619
G1 X149.221 Y145.918 E617.959
G1 X149.662 Y145.432 E617.98082
G1 X149.952 Y145.097 E617.99556
G1 X150.219 Y144.774 E618.0095
G1 X150.454 Y144.475 E618.02215
G1 X150.651 Y144.215 E618.033
G1 X150.808 Y144.014 E618.04148
G1 X150.998 Y143.821 E618.05049
G1 X151.202 Y143.656 E618.05921
G1 X151.624 Y143.26 E618.07846
G1 X151.846 Y143.021 E618.08931
G1 X152.136 Y142.689 E618.10397
G1 X152.483 Y142.409 E618.1188
G1 X152.812 Y142.132 E618.13311
G1 X153.061 Y141.945 E618.14347
G1 X153.361 Y141.73 E618.15574
G1 X153.741 Y141.472 E618.17102
G1 X154.19 Y141.182 E618.1888
G1 X154.746 Y140.847 E618.21039
G1 X155.503 Y140.417 E618.23934
G1 X156.479 Y139.9 E618.27608
G1 X157.482 Y139.4 E618.31335
G1 X158.624 Y138.867 E618.35527
G1 X159.799 Y138.355 E618.3979
G1 X160.993 Y137.884 E618.44059
G1 X162.166 Y137.452 E618.48217
G1 X163.286 Y137.063 E618.5216
G1 X164.118 Y136.785 E618.55078
G1 X164.634 Y136.624 E618.56875
G1 X164.952 Y136.54 E618.57969
G1 X165.397 Y136.443 E618.59484
G1 X166.349 Y136.251 E618.62714
G1 X169.294 Y135.665 E618.72701
G1 X169.623 Y135.614 E618.73809
G1 X169.948 Y135.578 E618.74896
G1 X170.277 Y135.548 E618.75995
G1 X171.386 Y135.464 E618.79694
G1 X171.482 Y135.459 E618.80014
G1 X172.405 Y135.395 E618.83091
G1 X174.289 Y135.281 E618.89369
G1 X174.869 Y135.255 E618.913
G1 X175.23 Y135.249 E618.92501
G1 X175.541 Y135.258 E618.93536
G1 X179.679 Y135.53 E619.07328
G1 X179.997 Y135.564 E619.08392
G1 X180.322 Y135.614 E619.09486
G1 X180.645 Y135.67 E619.10576
G1 X181.746 Y135.876 E619.14302
G1 X182.743 Y136.072 E619.17681
G1 X184.594 Y136.45 E619.23965
G1 X185.154 Y136.574 E619.25872
G1 X185.552 Y136.675 E619.27238
G1 X185.815 Y136.754 E619.28151
G1 X189.735 Y138.085 E619.4192
G1 X190.031 Y138.2 E619.42977
G1 X190.33 Y138.331 E619.44062
G1 X190.856 Y138.577 E619.45994
G1 X191.726 Y138.998 E619.49208
G1 X192.554 Y139.403 E619.52274
G1 X194.245 Y140.247 E619.5856
G1 X194.752 Y140.51 E619.6046
G1 X195.105 Y140.708 E619.61806
G1 X195.34 Y140.853 E619.62724
G1 X198.78 Y143.151 E619.76484
G1 X199.043 Y143.344 E619.77569
G1 X199.299 Y143.549 E619.7866
G1 X199.708 Y143.892 E619.80435
G1 X200.474 Y144.553 E619.838
G1 X201.17 Y145.158 E619.86867
G1 X201.998 Y145.89 E619.90543
G1 X202.581 Y146.41 E619.93141
G1 X203.006 Y146.798 E619.95056
G1 X203.3 Y147.086 E619.96424
G1 X203.485 Y147.281 E619.97318
G1 X206.213 Y150.392 E620.1108
G1 X206.422 Y150.652 E620.1219
G1 X206.612 Y150.91 E620.13256
G1 X206.803 Y151.181 E620.14358
G1 X207.434 Y152.105 E620.1808
G1 X208.001 Y152.949 E620.21462
G1 X208.612 Y153.87 E620.25138
G1 X209.042 Y154.524 E620.27741
G1 X209.356 Y155.016 E620.29682
G1 X209.523 Y155.298 E620.30772
G1 X209.678 Y155.58 E620.31842
G1 X211.515 Y159.303 E620.45651
G1 X211.651 Y159.611 E620.4677
G1 X211.768 Y159.91 E620.47838
G1 X211.966 Y160.457 E620.49773
G1 X212.275 Y161.337 E620.52875
G1 X212.878 Y163.115 E620.5912
G1 X213.181 Y164.03 E620.62326
G1 X213.356 Y164.586 E620.64264
G1 X213.455 Y164.931 E620.65458
G1 X213.529 Y165.244 E620.66528
G1 X214.335 Y169.294 E620.80262
G1 X214.385 Y169.617 E620.81349
G1 X214.422 Y169.944 E620.82444
G1 X214.452 Y170.274 E620.83546
G1 X214.536 Y171.386 E620.87255
G1 X214.541 Y171.482 E620.87575
G1 X214.605 Y172.403 E620.90645
G1 X214.719 Y174.286 E620.9692
G1 X214.745 Y174.862 E620.98838
G1 X214.751 Y175.227 E621.00052
G1 X214.742 Y175.541 E621.01096
G1 X214.471 Y179.67 E621.14859
G1 X214.436 Y179.994 E621.15943
G1 X214.387 Y180.318 E621.17033
G1 X214.33 Y180.645 E621.18137
G1 X214.124 Y181.746 E621.21862
G1 X213.928 Y182.743 E621.25242
G1 X213.55 Y184.594 E621.31525
G1 X213.426 Y185.154 E621.33433
G1 X213.325 Y185.552 E621.34799
G1 X213.248 Y185.809 E621.35691
G1 X211.918 Y189.727 E621.49453
G1 X211.8 Y190.031 E621.50537
G1 X211.669 Y190.33 E621.51623
G1 X211.422 Y190.858 E621.53562
G1 X210.991 Y191.752 E621.56863
G1 X210.563 Y192.614 E621.60064
G1 X210.087 Y193.551 E621.63559
G1 X210.004 Y193.719 E621.64183
G1 X209.465 Y194.705 E621.6792
G1 X209.35 Y194.909 E621.68699
G1 X209.199 Y195.117 E621.69554
G1 X208.687 Y195.928 E621.72744
G1 X208.388 Y196.348 E621.74459
G1 X207.941 Y197 E621.77088
G1 X207.29 Y197.915 E621.80823
G1 X206.526 Y198.95 E621.85102
G1 X206.413 Y199.1 E621.85726
G1 X205.607 Y200.116 E621.9004
G1 X204.765 Y201.109 E621.9437
G1 X203.899 Y202.063 E621.98655
G1 X202.999 Y202.994 E622.02962
G1 X202.063 Y203.899 E622.07292
G1 X201.109 Y204.765 E622.11578
G1 X200.12 Y205.604 E622.15891
G1 X199.254 Y206.293 E622.19572
G1 X199.105 Y206.409 E622.202
G1 X198.059 Y207.185 E622.24532
G1 X197.557 Y207.546 E622.26589
G1 X197.003 Y207.939 E622.28848
G1 X196.35 Y208.387 E622.31482
G1 X195.931 Y208.683 E622.33188
G1 X195.116 Y209.2 E622.36398
G1 X194.855 Y209.392 E622.37476
G1 X194.661 Y209.487 E622.38194
G1 X193.713 Y210.008 E622.41792
G1 X193.524 Y210.1 E622.42491
G1 X192.617 Y210.563 E622.45878
G1 X191.709 Y211.012 E622.49247
G1 X190.859 Y211.423 E622.52388
G1 X190.331 Y211.67 E622.54326
G1 X189.966 Y211.825 E622.55645
G1 X189.701 Y211.928 E622.56591
G1 X185.79 Y213.254 E622.70326
G1 X185.47 Y213.348 E622.71436
G1 X185.159 Y213.424 E622.725
G1 X184.592 Y213.549 E622.74432
G1 X183.744 Y213.726 E622.77313
G1 X182.743 Y213.928 E622.80709
G1 X181.838 Y214.106 E622.83777
G1 X180.892 Y214.286 E622.8698
G1 X180.324 Y214.387 E622.88899
G1 X179.919 Y214.446 E622.9026
G1 X179.651 Y214.472 E622.91155
G1 X175.514 Y214.743 E623.04945
G1 X175.191 Y214.751 E623.06019
G1 X174.869 Y214.744 E623.0709
G1 X174.289 Y214.718 E623.09021
G1 X173.36 Y214.664 E623.12117
G1 X172.342 Y214.594 E623.1551
G1 X171.148 Y214.486 E623.19498
G1 X169.901 Y214.348 E623.23671
G1 X168.702 Y214.173 E623.27701
G1 X167.56 Y213.979 E623.31554
G1 X166.593 Y213.798 E623.34826
G1 X165.227 Y213.525 E623.39459
G1 X164.935 Y213.456 E623.40457
G1 X164.587 Y213.355 E623.41662
G1 X164.267 Y213.256 E623.42776
G1 X163.844 Y213.119 E623.44255
G1 X162.243 Y212.584 E623.49869
G1 X160.474 Y211.977 E623.5609
G1 X159.952 Y211.79 E623.57934
G1 X159.599 Y211.65 E623.59197
G1 X159.358 Y211.543 E623.60074
G1 X155.506 Y209.643 E623.7436
G1 X155.242 Y209.498 E623.75362
G1 X154.976 Y209.335 E623.76399
G1 X154.542 Y209.056 E623.78115
G1 X153.711 Y208.508 E623.81426
G1 X152.948 Y208.001 E623.84473
G1 X152.033 Y207.385 E623.88142
G1 X151.384 Y206.944 E623.90751
G1 X150.909 Y206.612 E623.92679
G1 X150.592 Y206.375 E623.93995
G1 X150.373 Y206.195 E623.94938
G1 X147.26 Y203.466 E624.08707
G1 X147.031 Y203.246 E624.09764
G1 X146.8 Y203.006 E624.10871
G1 X146.411 Y202.58 E624.1279
G1 X145.791 Y201.887 E624.15883
G1 X145.158 Y201.17 E624.19064
G1 X144.434 Y200.338 E624.22732
G1 X143.921 Y199.743 E624.25345
G1 X143.548 Y199.3 E624.27271
G1 X143.297 Y198.981 E624.28621
G1 X143.136 Y198.758 E624.29536
G1 X140.842 Y195.324 E624.43272
G1 X140.669 Y195.038 E624.44384
G1 X140.512 Y194.753 E624.45466
G1 X140.359 Y194.461 E624.46562
G1 X139.854 Y193.465 E624.50276
G1 X138.997 Y191.727 E624.56722
G1 X138.577 Y190.859 E624.59929
G1 X138.33 Y190.331 E624.61868
G1 X138.175 Y189.966 E624.63187
G1 X138.072 Y189.701 E624.64132
G1 X136.746 Y185.79 E624.77868
G1 X136.652 Y185.47 E624.78977
G1 X136.575 Y185.155 E624.80055
G1 X136.451 Y184.592 E624.81973
G1 X136.273 Y183.739 E624.84871
G1 X136.072 Y182.743 E624.8825
G1 X135.894 Y181.838 E624.91318
G1 X135.714 Y180.892 E624.94521
G1 X135.612 Y180.318 E624.9646
G1 X135.554 Y179.917 E624.97808
G1 X135.528 Y179.651 E624.98697
G1 X135.257 Y175.514 E625.12486
G1 X135.249 Y175.196 E625.13544
G1 X135.256 Y174.869 E625.14632
G1 X135.282 Y174.289 E625.16563
G1 X135.338 Y173.324 E625.19778
G1 X135.395 Y172.405 E625.2284
G1 X135.528 Y170.52 E625.29125
G1 X135.577 Y169.949 E625.31031
G1 X135.625 Y169.542 E625.32395
G1 X135.669 Y169.276 E625.33291
G1 X136.233 Y166.439 E625.42912
G1 X136.507 Y165.094 E625.47477
G1 X136.598 Y164.672 E625.48913
G1 X136.682 Y164.399 E625.49863
G1 X137.103 Y163.159 E625.54219
G1 X137.404 Y162.305 E625.5723
G1 X137.826 Y161.155 E625.61305
G1 X138.351 Y159.814 E625.66094
G1 X138.866 Y158.626 E625.70401
G1 X139.397 Y157.487 E625.74581
G1 X139.923 Y156.434 E625.78496
G1 X140.413 Y155.507 E625.81983
G1 X140.843 Y154.751 E625.84876
G1 X141.218 Y154.131 E625.87286
G1 X141.494 Y153.702 E625.88983
G1 X141.976 Y152.98 E625.9187
G1 X142.14 Y152.739 E625.92839
G1 X142.435 Y152.444 E625.94227
G1 X142.656 Y152.164 E625.95413
G1 X142.842 Y152.006 E625.96225
G1 X143.09 Y151.788 E625.97323
G1 X143.346 Y151.536 E625.98518
G1 X143.585 Y151.271 E625.99705
G1 X143.748 Y151.067 E626.00574
G1 X143.963 Y150.856 E626.01575
G1 X144.154 Y150.704 E626.02387
G1 X144.433 Y150.497 E626.03543
G1 X144.732 Y150.261 E626.0481
G1 X145.055 Y149.993 E626.06206
G1 X145.391 Y149.703 E626.07682
G1 X145.876 Y149.262 E626.09862
G1 X139.863 Y143.25 E626.38143
G1 X140.641 Y142.472 E626.41803
;TIME_ELAPSED:702.861055
G1 F2100 E624.91803
M140 S0
M107
G91 ;Relative positioning
G1 E-2 F2700 ;Retract a bit
G1 E-2 Z0.2 F2400 ;Retract and raise Z
G1 X5 Y5 F3000 ;Wipe out
G1 Z10 ;Raise Z more
G90 ;Absolute positionning

G1 X0 Y350 ;Present print
M106 S0 ;Turn-off fan
M104 S0 ;Turn-off hotend
M140 S0 ;Turn-off bed

M84 X Y E ;Disable all steppers but Z

M82 ;absolute extrusion mode
M104 S0
;End of Gcode
;SETTING_3 {"global_quality": "[general]\\nversion = 4\\nname = Standard 1 - DD+
;SETTING_3 Tree Support\\ndefinition = creality_ender5plus\\n\\n[metadata]\\nqua
;SETTING_3 lity_type = standard\\nsetting_version = 16\\ntype = quality_changes\
;SETTING_3 \n\\n[values]\\nadhesion_type = skirt\\nsupport_enable = False\\nsupp
;SETTING_3 ort_structure = tree\\nsupport_type = buildplate\\n\\n", "extruder_qu
;SETTING_3 ality": ["[general]\\nversion = 4\\nname = Standard 1 - DD+Tree Suppo
;SETTING_3 rt\\ndefinition = creality_ender5plus\\n\\n[metadata]\\nquality_type 
;SETTING_3 = standard\\nsetting_version = 16\\nintent_category = default\\ntype 
;SETTING_3 = quality_changes\\nposition = 0\\n\\n[values]\\nbottom_layers = 0\\n
;SETTING_3 infill_sparse_density = 0\\nmaterial_print_temperature = 210\\nretrac
;SETTING_3 tion_amount = 1.5\\nretraction_speed = 35\\nskirt_line_count = 1\\nto
;SETTING_3 p_layers = 0\\nwall_line_count = 1\\nz_seam_type = shortest\\n\\n"]}
