;FLAVOR:Marlin
;TIME:1471
;Filament used: 0.809955m
;Layer height: 0.2
;MINX:159.828
;MINY:134.766
;MINZ:0.2
;MAXX:190.166
;MAXY:215.235
;MAXZ:9.2
;Generated with Cura_SteamEngine 4.8.0
M140 S60
M105
M190 S60
M104 S205
M105
M109 S205
M82 ;absolute extrusion mode
M201 X500.00 Y500.00 Z100.00 E5000.00 ;Setup machine max acceleration
M203 X500.00 Y500.00 Z10.00 E50.00 ;Setup machine max feedrate
M204 P500.00 R1000.00 T500.00 ;Setup Print/Retract/Travel acceleration
M205 X8.00 Y8.00 Z0.40 E5.00 ;Setup Jerk
M220 S100 ;Reset Feedrate
M221 S100 ;Reset Flowrate

G28 ;Home
M420 S1 Z2 ;Enable ABL using saved Mesh and Fade Height

G92 E0 ;Reset Extruder
G1 Z2.0 F3000 ;Move Z Axis up
G1 X10.1 Y20 Z0.28 F5000.0 ;Move to start position
G1 X10.1 Y200.0 Z0.28 F1500.0 E15 ;Draw the first line
G1 X10.4 Y200.0 Z0.28 F5000.0 ;Move to side a little
G1 X10.4 Y20 Z0.28 F1500.0 E30 ;Draw the second line
G92 E0 ;Reset Extruder
G1 Z2.0 F3000 ;Move Z Axis up

G92 E0
G92 E0
G1 F1440 E-1.5
;LAYER_COUNT:46
;LAYER:0
M107
G0 F6000 X162.404 Y138.713 Z0.2
;TYPE:SKIRT
G1 F1440 E0
G1 F1200 X163.036 Y138.02 E0.03119
G1 X163.725 Y137.383 E0.0624
G1 X164.465 Y136.808 E0.09357
G1 X165.252 Y136.297 E0.12478
G1 X166.079 Y135.856 E0.15596
G1 X166.942 Y135.487 E0.18717
G1 X167.832 Y135.192 E0.21836
G1 X168.744 Y134.974 E0.24955
G1 X169.672 Y134.835 E0.28076
G1 X170.508 Y134.778 E0.30863
G1 X170.943 Y134.768 E0.3231
G1 X171.423 Y134.766 E0.33906
G1 X178.365 Y134.807 E0.56996
G1 X179.055 Y134.821 E0.59291
G1 X179.991 Y134.88 E0.62411
G1 X180.919 Y135.019 E0.65532
G1 X181.831 Y135.236 E0.6865
G1 X182.722 Y135.53 E0.7177
G1 X183.584 Y135.898 E0.74888
G1 X184.412 Y136.339 E0.78008
G1 X185.199 Y136.849 E0.81127
G1 X185.94 Y137.424 E0.84246
G1 X186.629 Y138.06 E0.87365
G1 X187.262 Y138.752 E0.90484
G1 X187.833 Y139.496 E0.93604
G1 X188.339 Y140.286 E0.96724
G1 X188.776 Y141.116 E0.99844
G1 X189.14 Y141.98 E1.02962
G1 X189.43 Y142.872 E1.06082
G1 X189.642 Y143.786 E1.09203
G1 X189.776 Y144.714 E1.12321
G1 X189.831 Y145.65 E1.1544
G1 X189.81 Y146.508 E1.18294
G1 X189.802 Y146.636 E1.18721
G1 X189.68 Y149.244 E1.27405
G1 X189.633 Y151.777 E1.35831
G1 X189.656 Y154.262 E1.44096
G1 X189.751 Y156.75 E1.52377
G1 X189.759 Y157.048 E1.53369
G1 X189.755 Y157.639 E1.55335
G1 X189.739 Y158.076 E1.56789
G1 X189.641 Y160.179 E1.63791
G1 X189.596 Y162.701 E1.72181
G1 X189.62 Y165.208 E1.8052
G1 X189.71 Y167.603 E1.88491
G1 X189.755 Y168.507 E1.91501
G1 X189.762 Y169.444 E1.94618
G1 X189.739 Y170.067 E1.96691
G1 X189.659 Y171.702 E2.02136
G1 X189.605 Y174.237 E2.10569
G1 X189.624 Y176.742 E2.18901
G1 X189.742 Y179.825 E2.29163
G1 X189.757 Y180.114 E2.30125
G1 X189.762 Y181.197 E2.33727
G1 X189.643 Y183.84 E2.42527
G1 X189.602 Y186.327 E2.508
G1 X189.631 Y188.85 E2.59192
G1 X189.735 Y191.445 E2.6783
G1 X189.758 Y191.972 E2.69584
G1 X189.766 Y192.582 E2.71613
G1 X189.753 Y193.447 E2.74491
G1 X189.751 Y196.023 E2.83059
G1 X189.82 Y198.547 E2.91457
G1 X189.962 Y201.101 E2.99964
G1 X190.071 Y202.49 E3.04598
G1 X190.126 Y203.132 E3.06742
G1 X190.166 Y204.142 E3.10103
G1 X190.165 Y204.298 E3.10622
G1 X190.119 Y205.234 E3.13739
G1 X189.993 Y206.164 E3.16861
G1 X189.789 Y207.079 E3.19979
G1 X189.507 Y207.974 E3.231
G1 X189.151 Y208.841 E3.26217
G1 X188.721 Y209.675 E3.29338
G1 X188.222 Y210.469 E3.32457
G1 X187.658 Y211.218 E3.35575
G1 X187.031 Y211.916 E3.38696
G1 X186.348 Y212.558 E3.41814
G1 X185.612 Y213.14 E3.44935
G1 X184.829 Y213.656 E3.48054
G1 X184.006 Y214.105 E3.51172
G1 X183.147 Y214.481 E3.54291
G1 X182.259 Y214.783 E3.5741
G1 X181.348 Y215.008 E3.60531
G1 X180.422 Y215.155 E3.6365
G1 X179.381 Y215.225 E3.6712
G1 X178.974 Y215.233 E3.68474
G1 X178.694 Y215.235 E3.69405
G1 X171.317 Y215.191 E3.93942
G1 X170.635 Y215.178 E3.9621
G1 X169.699 Y215.12 E3.99329
G1 X168.772 Y214.983 E4.02446
G1 X167.859 Y214.767 E4.05567
G1 X166.968 Y214.474 E4.08686
G1 X166.105 Y214.106 E4.11807
G1 X165.277 Y213.667 E4.14924
G1 X164.489 Y213.158 E4.18044
G1 X163.747 Y212.584 E4.21164
G1 X163.057 Y211.949 E4.24283
G1 X162.424 Y211.257 E4.27402
G1 X161.852 Y210.514 E4.30521
G1 X161.345 Y209.725 E4.3364
G1 X160.907 Y208.895 E4.36762
G1 X160.541 Y208.032 E4.39879
G1 X160.251 Y207.14 E4.42999
G1 X160.037 Y206.227 E4.46118
G1 X159.902 Y205.299 E4.49237
G1 X159.847 Y204.381 E4.52296
G1 X159.828 Y203.248 E4.56065
G1 X159.83 Y146.297 E6.45484
G1 X159.84 Y145.612 E6.47763
G1 X159.894 Y144.676 E6.50881
G1 X160.027 Y143.748 E6.53999
G1 X160.239 Y142.834 E6.5712
G1 X160.528 Y141.942 E6.60239
G1 X160.892 Y141.077 E6.6336
G1 X161.328 Y140.247 E6.66478
G1 X161.833 Y139.457 E6.69597
G1 X162.404 Y138.713 E6.72716
G0 F6000 X162.798 Y138.866
G1 F1200 X163.428 Y138.195 E6.75778
G1 X164.113 Y137.58 E6.78839
G1 X164.849 Y137.027 E6.81901
G1 X165.631 Y136.541 E6.84964
G1 X166.452 Y136.124 E6.88026
G1 X167.305 Y135.779 E6.91087
G1 X168.186 Y135.51 E6.9415
G1 X169.086 Y135.319 E6.9721
G1 X170 Y135.206 E7.00274
G1 X170.52 Y135.178 E7.02006
G1 X170.945 Y135.168 E7.0342
G1 X171.421 Y135.166 E7.05003
G1 X178.357 Y135.207 E7.28072
G1 X179.047 Y135.221 E7.30368
G1 X179.966 Y135.28 E7.33431
G1 X180.876 Y135.418 E7.36492
G1 X181.771 Y135.635 E7.39555
G1 X182.643 Y135.928 E7.42615
G1 X183.487 Y136.296 E7.45677
G1 X184.296 Y136.736 E7.4874
G1 X185.064 Y137.244 E7.51803
G1 X185.784 Y137.817 E7.54863
G1 X186.452 Y138.451 E7.57926
G1 X187.063 Y139.14 E7.60989
G1 X187.611 Y139.879 E7.64049
G1 X188.094 Y140.663 E7.67112
G1 X188.506 Y141.487 E7.70176
G1 X188.846 Y142.342 E7.73236
G1 X189.11 Y143.224 E7.76299
G1 X189.296 Y144.126 E7.79362
G1 X189.403 Y145.04 E7.82422
G1 X189.431 Y145.961 E7.85487
G1 X189.411 Y146.483 E7.87225
G1 X189.4 Y146.653 E7.87791
G1 X189.28 Y149.219 E7.96335
G1 X189.233 Y151.738 E8.04715
G1 X189.258 Y154.316 E8.1329
G1 X189.357 Y156.956 E8.22076
G1 X189.359 Y157.056 E8.22409
G1 X189.355 Y157.626 E8.24305
G1 X189.34 Y158.057 E8.25739
G1 X189.241 Y160.187 E8.32831
G1 X189.196 Y162.698 E8.41184
G1 X189.22 Y165.191 E8.49477
G1 X189.312 Y167.638 E8.57621
G1 X189.356 Y168.527 E8.60581
G1 X189.362 Y169.43 E8.63585
G1 X189.339 Y170.047 E8.65639
G1 X189.259 Y171.672 E8.7105
G1 X189.205 Y174.232 E8.79566
G1 X189.224 Y176.761 E8.87978
G1 X189.34 Y179.794 E8.98073
G1 X189.358 Y180.135 E8.99209
G1 X189.362 Y181.179 E9.02681
G1 X189.245 Y183.78 E9.11341
G1 X189.202 Y186.36 E9.19923
G1 X189.231 Y188.836 E9.28159
G1 X189.358 Y191.988 E9.38651
G1 X189.366 Y192.576 E9.40607
G1 X189.353 Y193.441 E9.43484
G1 X189.351 Y196.033 E9.52105
G1 X189.42 Y198.547 E9.6047
G1 X189.562 Y201.108 E9.69001
G1 X189.679 Y202.6 E9.73979
G1 X189.727 Y203.166 E9.75868
G1 X189.766 Y204.139 E9.79107
G1 X189.765 Y204.295 E9.79626
G1 X189.719 Y205.214 E9.82686
G1 X189.593 Y206.127 E9.85752
G1 X189.389 Y207.024 E9.88811
G1 X189.108 Y207.901 E9.91874
G1 X188.752 Y208.75 E9.94936
G1 X188.323 Y209.565 E9.98
G1 X187.825 Y210.339 E10.01061
G1 X187.262 Y211.068 E10.04124
G1 X186.638 Y211.744 E10.07184
G1 X185.958 Y212.364 E10.10245
G1 X185.226 Y212.923 E10.13308
G1 X184.449 Y213.416 E10.16369
G1 X183.631 Y213.84 E10.19433
G1 X182.78 Y214.191 E10.22495
G1 X181.902 Y214.468 E10.25557
G1 X181.003 Y214.666 E10.28619
G1 X180.09 Y214.787 E10.31682
G1 X179.373 Y214.825 E10.3407
G1 X178.966 Y214.833 E10.35424
G1 X178.696 Y214.835 E10.36322
G1 X171.325 Y214.791 E10.60839
G1 X170.643 Y214.778 E10.63107
G1 X169.724 Y214.721 E10.6617
G1 X168.814 Y214.584 E10.69231
G1 X167.919 Y214.368 E10.72293
G1 X167.046 Y214.076 E10.75355
G1 X166.201 Y213.709 E10.78419
G1 X165.392 Y213.27 E10.8148
G1 X164.624 Y212.762 E10.84543
G1 X163.903 Y212.19 E10.87604
G1 X163.234 Y211.558 E10.90665
G1 X162.622 Y210.869 E10.9373
G1 X162.073 Y210.131 E10.96789
G1 X161.59 Y209.347 E10.99852
G1 X161.176 Y208.524 E11.02916
G1 X160.836 Y207.669 E11.05976
G1 X160.571 Y206.787 E11.09039
G1 X160.383 Y205.886 E11.12101
G1 X160.275 Y204.972 E11.15162
G1 X160.247 Y204.373 E11.17156
G1 X160.228 Y203.248 E11.20899
G1 X160.23 Y146.303 E13.10298
G1 X160.24 Y145.618 E13.12577
G1 X160.294 Y144.699 E13.15639
G1 X160.426 Y143.788 E13.18701
G1 X160.638 Y142.892 E13.21763
G1 X160.926 Y142.018 E13.24824
G1 X161.29 Y141.172 E13.27887
G1 X161.725 Y140.361 E13.30948
G1 X162.229 Y139.59 E13.34011
G1 X162.798 Y138.866 E13.37074
G0 F6000 X163.192 Y139.023
G1 F1200 X163.819 Y138.373 E13.40078
G1 X164.501 Y137.781 E13.43082
G1 X165.233 Y137.252 E13.46086
G1 X166.008 Y136.789 E13.49088
G1 X166.822 Y136.397 E13.52093
G1 X167.667 Y136.079 E13.55096
G1 X168.537 Y135.836 E13.581
G1 X169.425 Y135.672 E13.61104
G1 X170.532 Y135.578 E13.64799
G1 X170.948 Y135.568 E13.66183
G1 X171.419 Y135.566 E13.6775
G1 X178.349 Y135.607 E13.90799
G1 X179.039 Y135.621 E13.93095
G1 X179.94 Y135.679 E13.96098
G1 X180.833 Y135.817 E13.99103
G1 X181.71 Y136.033 E14.02107
G1 X182.564 Y136.326 E14.0511
G1 X183.389 Y136.693 E14.08113
G1 X184.178 Y137.132 E14.11116
G1 X184.926 Y137.639 E14.14122
G1 X185.625 Y138.21 E14.17124
G1 X186.272 Y138.841 E14.2013
G1 X186.86 Y139.526 E14.23132
G1 X187.385 Y140.261 E14.26136
G1 X187.843 Y141.039 E14.29139
G1 X188.23 Y141.855 E14.32143
G1 X188.544 Y142.702 E14.35147
G1 X188.782 Y143.573 E14.38151
G1 X188.941 Y144.462 E14.41154
G1 X189.022 Y145.362 E14.4416
G1 X189.012 Y146.458 E14.47805
G1 X189.002 Y146.611 E14.48315
G1 X188.88 Y149.228 E14.57029
G1 X188.833 Y151.734 E14.65365
G1 X188.858 Y154.299 E14.73897
G1 X188.952 Y156.78 E14.82155
G1 X188.959 Y157.064 E14.831
G1 X188.955 Y157.612 E14.84922
G1 X188.94 Y158.038 E14.8634
G1 X188.841 Y160.161 E14.93409
G1 X188.795 Y162.695 E15.01838
G1 X188.82 Y165.21 E15.10204
G1 X188.913 Y167.674 E15.18405
G1 X188.956 Y168.547 E15.21312
G1 X188.963 Y169.415 E15.24199
G1 X188.94 Y170.028 E15.26239
G1 X188.859 Y171.682 E15.31747
G1 X188.805 Y174.226 E15.4021
G1 X188.824 Y176.746 E15.48592
G1 X188.944 Y179.894 E15.5907
G1 X188.958 Y180.156 E15.59943
G1 X188.963 Y181.161 E15.63286
G1 X188.845 Y183.791 E15.72042
G1 X188.802 Y186.358 E15.80581
G1 X188.831 Y188.857 E15.88893
G1 X188.936 Y191.484 E15.97637
G1 X188.943 Y191.608 E15.98051
G1 X188.959 Y192.004 E15.99369
G1 X188.966 Y192.57 E16.01251
G1 X188.953 Y193.435 E16.04129
G1 X188.951 Y196.043 E16.12803
G1 X189.02 Y198.58 E16.21244
G1 X189.161 Y201.117 E16.29695
G1 X189.274 Y202.558 E16.34503
G1 X189.329 Y203.2 E16.36646
G1 X189.366 Y204.136 E16.39762
G1 X189.365 Y204.292 E16.4028
G1 X189.319 Y205.194 E16.43284
G1 X189.194 Y206.089 E16.4629
G1 X188.99 Y206.968 E16.49291
G1 X188.709 Y207.827 E16.52297
G1 X188.353 Y208.657 E16.55301
G1 X187.925 Y209.452 E16.58304
G1 X187.429 Y210.206 E16.61306
G1 X186.867 Y210.914 E16.64312
G1 X186.246 Y211.569 E16.67314
G1 X185.568 Y212.167 E16.70321
G1 X184.841 Y212.702 E16.73324
G1 X184.069 Y213.171 E16.76328
G1 X183.259 Y213.569 E16.7933
G1 X182.416 Y213.895 E16.82336
G1 X181.548 Y214.145 E16.8534
G1 X180.662 Y214.317 E16.88342
G1 X179.365 Y214.425 E16.92671
G1 X178.958 Y214.433 E16.94025
G1 X178.699 Y214.435 E16.94886
G1 X171.333 Y214.391 E17.19386
G1 X170.651 Y214.378 E17.21655
G1 X169.749 Y214.321 E17.24661
G1 X168.857 Y214.184 E17.27662
G1 X167.979 Y213.969 E17.30669
G1 X167.125 Y213.677 E17.33671
G1 X166.299 Y213.311 E17.36676
G1 X165.509 Y212.873 E17.3968
G1 X164.761 Y212.367 E17.42684
G1 X164.061 Y211.797 E17.45686
G1 X163.414 Y211.167 E17.4869
G1 X162.825 Y210.482 E17.51694
G1 X162.299 Y209.748 E17.54698
G1 X161.84 Y208.971 E17.57699
G1 X161.452 Y208.155 E17.60705
G1 X161.137 Y207.309 E17.63707
G1 X160.898 Y206.438 E17.66711
G1 X160.737 Y205.549 E17.69716
G1 X160.647 Y204.366 E17.73662
G1 X160.628 Y203.248 E17.77381
G1 X160.63 Y146.309 E19.66761
G1 X160.64 Y145.624 E19.6904
G1 X160.693 Y144.723 E19.72042
G1 X160.826 Y143.829 E19.75048
G1 X161.037 Y142.951 E19.78051
G1 X161.325 Y142.095 E19.81055
G1 X161.688 Y141.268 E19.84059
G1 X162.122 Y140.476 E19.87063
G1 X162.625 Y139.726 E19.90066
G1 X163.192 Y139.023 E19.9307
G1 F1440 E18.4307
;MESH:Vertical_Tension_Member.stl
G0 F6000 X170.163 Y146.185
G0 X171.249 Y146.185
G0 X176.741 Y146.593
G0 X174.697 Y150.378
G0 X175.283 Y154.417
G0 X177.852 Y157.334
G0 X174.946 Y161.062
G0 X174.904 Y165.145
G0 X177.3 Y168.523
G0 X177.85 Y169.011
G0 X174.946 Y172.747
G0 X174.904 Y176.83
G0 X177.396 Y180.288
G0 X177.845 Y180.706
G0 X175.385 Y183.393
G0 X174.943 Y186.145
G0 X174.991 Y187.364
G0 X175.219 Y188.416
G0 X176.221 Y190.905
G0 X177.85 Y192.382
G0 X175.981 Y194.753
G0 X175.403 Y195.855
G0 X175.024 Y197.176
G0 X174.935 Y198.264
G0 X175.052 Y199.461
G0 X175.33 Y200.423
G0 X175.901 Y201.578
G0 X176.6 Y202.455
G0 X177.637 Y203.628
;TYPE:WALL-INNER
G1 F1440 E19.9307
G1 F1200 X177.511 Y203.628 E19.93489
G1 X177.094 Y203.626 E19.94876
G1 X171.428 Y203.592 E20.13722
G1 X171.429 Y146.566 E22.03391
G1 X171.429 Y146.366 E22.04056
G1 X171.629 Y146.367 E22.04486
G1 X176.784 Y146.398 E22.21632
G1 X176.951 Y146.398 E22.22188
G1 X177.26 Y146.4 E22.23215
G1 X176.95 Y146.662 E22.23817
G1 X176.829 Y146.777 E22.24284
G1 X176.65 Y146.948 E22.25108
G1 X176.361 Y147.254 E22.26508
G1 X176.093 Y147.585 E22.27924
G1 X175.847 Y147.924 E22.29317
G1 X175.624 Y148.293 E22.30751
G1 X175.428 Y148.654 E22.32118
G1 X175.254 Y149.053 E22.33565
G1 X175.108 Y149.432 E22.34916
G1 X174.998 Y149.812 E22.36232
G1 X174.93 Y150.082 E22.37158
G1 X174.865 Y150.407 E22.3826
G1 X174.826 Y150.684 E22.39191
G1 X174.782 Y151.079 E22.40513
G1 X174.775 Y151.523 E22.4199
G1 X174.784 Y151.923 E22.4332
G1 X174.829 Y152.313 E22.44626
G1 X174.868 Y152.59 E22.45557
G1 X174.933 Y152.917 E22.46665
G1 X175.004 Y153.187 E22.47594
G1 X175.113 Y153.563 E22.48896
G1 X175.269 Y153.964 E22.50327
G1 X175.436 Y154.341 E22.51699
G1 X175.648 Y154.728 E22.53166
G1 X175.883 Y155.106 E22.54647
G1 X176.073 Y155.362 E22.55707
G1 X176.252 Y155.594 E22.56682
G1 X176.488 Y155.864 E22.57874
G1 X176.82 Y156.197 E22.59438
G1 X177.075 Y156.426 E22.60578
G1 X177.627 Y156.884 E22.62964
G1 X177.828 Y157.057 E22.63846
G1 X177.837 Y157.065 E22.63886
G1 X177.957 Y157.183 E22.64446
G1 X178.031 Y157.255 E22.64789
G1 X178.092 Y157.338 E22.65132
G1 X178.084 Y157.347 E22.65172
G1 X177.996 Y157.449 E22.6562
G1 X177.921 Y157.52 E22.65963
G1 X177.766 Y157.669 E22.66678
G1 X177.541 Y157.85 E22.67639
G1 X176.95 Y158.347 E22.70207
G1 X176.65 Y158.633 E22.71586
G1 X176.361 Y158.939 E22.72986
G1 X176.093 Y159.27 E22.74402
G1 X175.848 Y159.609 E22.75793
G1 X175.624 Y159.977 E22.77226
G1 X175.428 Y160.34 E22.78598
G1 X175.254 Y160.738 E22.80043
G1 X175.108 Y161.117 E22.81394
G1 X174.998 Y161.497 E22.8271
G1 X174.93 Y161.767 E22.83636
G1 X174.865 Y162.093 E22.84741
G1 X174.826 Y162.37 E22.85672
G1 X174.782 Y162.764 E22.8699
G1 X174.775 Y163.21 E22.88474
G1 X174.784 Y163.608 E22.89798
G1 X174.831 Y164.016 E22.91164
G1 X174.894 Y164.438 E22.92583
G1 X174.99 Y164.825 E22.93909
G1 X175.066 Y165.093 E22.94836
G1 X175.18 Y165.424 E22.96
G1 X175.366 Y165.872 E22.97614
G1 X175.523 Y166.189 E22.9879
G1 X175.764 Y166.608 E23.00398
G1 X175.97 Y166.913 E23.01622
G1 X176.153 Y167.153 E23.02626
G1 X176.357 Y167.407 E23.03709
G1 X176.654 Y167.723 E23.05152
G1 X176.952 Y168.005 E23.06516
G1 X177.409 Y168.391 E23.08506
G1 X177.746 Y168.664 E23.09949
G1 X177.899 Y168.81 E23.10652
G1 X177.964 Y168.872 E23.10951
G1 X178.087 Y169.019 E23.11588
G1 X178.047 Y169.079 E23.11828
G1 X177.984 Y169.142 E23.12124
G1 X177.859 Y169.266 E23.1271
G1 X177.627 Y169.468 E23.13733
G1 X177.409 Y169.645 E23.14667
G1 X176.95 Y170.032 E23.16664
G1 X176.65 Y170.318 E23.18042
G1 X176.361 Y170.624 E23.19442
G1 X176.093 Y170.955 E23.20859
G1 X175.847 Y171.295 E23.22255
G1 X175.624 Y171.663 E23.23686
G1 X175.428 Y172.025 E23.25055
G1 X175.254 Y172.424 E23.26503
G1 X175.108 Y172.802 E23.27851
G1 X174.998 Y173.182 E23.29166
G1 X174.93 Y173.452 E23.30092
G1 X174.865 Y173.778 E23.31198
G1 X174.826 Y174.055 E23.32128
G1 X174.782 Y174.45 E23.3345
G1 X174.775 Y174.895 E23.34931
G1 X174.784 Y175.293 E23.36255
G1 X174.831 Y175.701 E23.37621
G1 X174.894 Y176.123 E23.3904
G1 X174.99 Y176.51 E23.40366
G1 X175.066 Y176.778 E23.41293
G1 X175.18 Y177.109 E23.42457
G1 X175.366 Y177.557 E23.4407
G1 X175.523 Y177.874 E23.45247
G1 X175.764 Y178.293 E23.46855
G1 X175.97 Y178.598 E23.48079
G1 X176.153 Y178.838 E23.49083
G1 X176.357 Y179.092 E23.50166
G1 X176.654 Y179.408 E23.51608
G1 X176.952 Y179.69 E23.52973
G1 X177.505 Y180.156 E23.55378
G1 X177.724 Y180.334 E23.56317
G1 X177.897 Y180.494 E23.57101
G1 X177.903 Y180.5 E23.57129
G1 X178.088 Y180.705 E23.58047
G1 X177.929 Y180.882 E23.58839
G1 X177.923 Y180.888 E23.58867
G1 X177.747 Y181.056 E23.59676
G1 X177.523 Y181.235 E23.6063
G1 X176.95 Y181.717 E23.6312
G1 X176.65 Y182.003 E23.64499
G1 X176.361 Y182.31 E23.65901
G1 X176.093 Y182.641 E23.67318
G1 X175.848 Y182.979 E23.68706
G1 X175.624 Y183.348 E23.70142
G1 X175.428 Y183.71 E23.71511
G1 X175.254 Y184.109 E23.72959
G1 X175.108 Y184.487 E23.74307
G1 X174.998 Y184.868 E23.75626
G1 X174.93 Y185.138 E23.76552
G1 X174.865 Y185.463 E23.77654
G1 X174.826 Y185.74 E23.78584
G1 X174.782 Y186.135 E23.79906
G1 X174.775 Y186.58 E23.81387
G1 X174.784 Y186.978 E23.82711
G1 X174.831 Y187.386 E23.84077
G1 X174.894 Y187.808 E23.85496
G1 X174.99 Y188.194 E23.86819
G1 X175.066 Y188.464 E23.87752
G1 X175.18 Y188.795 E23.88916
G1 X175.366 Y189.242 E23.90526
G1 X175.523 Y189.559 E23.91703
G1 X175.764 Y189.977 E23.93308
G1 X175.97 Y190.284 E23.94537
G1 X176.153 Y190.523 E23.95539
G1 X176.357 Y190.777 E23.96622
G1 X176.654 Y191.093 E23.98064
G1 X176.952 Y191.376 E23.99431
G1 X177.387 Y191.743 E24.01324
G1 X177.766 Y192.054 E24.02955
G1 X177.898 Y192.18 E24.03562
G1 X177.963 Y192.242 E24.03861
G1 X178.087 Y192.39 E24.04503
G1 X178.048 Y192.45 E24.04741
G1 X177.984 Y192.513 E24.05039
G1 X177.864 Y192.631 E24.05599
G1 X177.623 Y192.843 E24.06667
G1 X177.41 Y193.016 E24.07579
G1 X176.951 Y193.402 E24.09574
G1 X176.651 Y193.688 E24.10953
G1 X176.361 Y193.995 E24.12357
G1 X176.093 Y194.326 E24.13774
G1 X175.848 Y194.664 E24.15162
G1 X175.624 Y195.033 E24.16598
G1 X175.428 Y195.395 E24.17967
G1 X175.254 Y195.794 E24.19415
G1 X175.108 Y196.173 E24.20766
G1 X174.998 Y196.553 E24.22082
G1 X174.93 Y196.823 E24.23008
G1 X174.865 Y197.148 E24.2411
G1 X174.826 Y197.425 E24.25041
G1 X174.782 Y197.82 E24.26362
G1 X174.775 Y198.265 E24.27843
G1 X174.784 Y198.663 E24.29167
G1 X174.831 Y199.071 E24.30533
G1 X174.894 Y199.493 E24.31952
G1 X174.99 Y199.879 E24.33275
G1 X175.066 Y200.149 E24.34208
G1 X175.18 Y200.48 E24.35372
G1 X175.366 Y200.927 E24.36982
G1 X175.523 Y201.245 E24.38162
G1 X175.764 Y201.663 E24.39767
G1 X175.97 Y201.969 E24.40994
G1 X176.153 Y202.208 E24.41995
G1 X176.357 Y202.462 E24.43078
G1 X176.651 Y202.775 E24.44507
G1 X176.952 Y203.062 E24.4589
G1 X177.191 Y203.262 E24.46926
G1 X177.511 Y203.529 E24.47822
G1 X177.637 Y203.628 E24.47961
G0 F6000 X178.097 Y203.797
G0 X178.672 Y204.034
;TYPE:WALL-OUTER
G1 F1200 X171.028 Y203.99 E24.73385
G1 X171.029 Y145.964 E26.6638
G1 X178.361 Y146.006 E26.90767
G1 X178.047 Y146.278 E26.92149
G1 X177.803 Y146.47 E26.93182
G1 X177.511 Y146.712 E26.94443
G1 X177.217 Y146.96 E26.95722
G1 X176.934 Y147.23 E26.97023
G1 X176.662 Y147.518 E26.98341
G1 X176.411 Y147.828 E26.99667
G1 X176.181 Y148.145 E27.0097
G1 X175.971 Y148.492 E27.02319
G1 X175.788 Y148.83 E27.03597
G1 X175.624 Y149.205 E27.04959
G1 X175.487 Y149.56 E27.06224
G1 X175.384 Y149.916 E27.07457
G1 X175.32 Y150.17 E27.08328
G1 X175.26 Y150.474 E27.09359
G1 X175.223 Y150.734 E27.10232
G1 X175.182 Y151.104 E27.1147
G1 X175.175 Y151.522 E27.12861
G1 X175.183 Y151.895 E27.14102
G1 X175.226 Y152.262 E27.15331
G1 X175.263 Y152.523 E27.16208
G1 X175.323 Y152.827 E27.17238
G1 X175.39 Y153.081 E27.18112
G1 X175.492 Y153.435 E27.19337
G1 X175.638 Y153.81 E27.20676
G1 X175.795 Y154.163 E27.21961
G1 X175.994 Y154.526 E27.23337
G1 X176.214 Y154.881 E27.24727
G1 X176.392 Y155.121 E27.2572
G1 X176.561 Y155.34 E27.2664
G1 X176.781 Y155.591 E27.27751
G1 X177.095 Y155.907 E27.29232
G1 X177.337 Y156.123 E27.30311
G1 X177.668 Y156.4 E27.31747
G1 X177.888 Y156.581 E27.32694
G1 X178.112 Y156.774 E27.33678
G1 X178.334 Y156.991 E27.3471
G1 X178.565 Y157.308 E27.36015
G1 X178.45 Y157.534 E27.36858
G1 X178.289 Y157.722 E27.37681
G1 X178.029 Y157.97 E27.38876
G1 X177.795 Y158.159 E27.39877
G1 X177.217 Y158.645 E27.42389
G1 X176.934 Y158.915 E27.43689
G1 X176.662 Y159.203 E27.45007
G1 X176.411 Y159.513 E27.46334
G1 X176.181 Y159.831 E27.47639
G1 X175.971 Y160.176 E27.48982
G1 X175.788 Y160.515 E27.50264
G1 X175.624 Y160.89 E27.51625
G1 X175.487 Y161.245 E27.52891
G1 X175.384 Y161.602 E27.54126
G1 X175.32 Y161.855 E27.54994
G1 X175.26 Y162.16 E27.56028
G1 X175.223 Y162.42 E27.56902
G1 X175.182 Y162.789 E27.58137
G1 X175.175 Y163.209 E27.59534
G1 X175.183 Y163.58 E27.60768
G1 X175.228 Y163.963 E27.62051
G1 X175.287 Y164.36 E27.63386
G1 X175.377 Y164.722 E27.64626
G1 X175.448 Y164.974 E27.65497
G1 X175.554 Y165.282 E27.6658
G1 X175.73 Y165.706 E27.68107
G1 X175.876 Y166 E27.69199
G1 X176.104 Y166.396 E27.70719
G1 X176.295 Y166.68 E27.71857
G1 X176.468 Y166.906 E27.72804
G1 X176.659 Y167.144 E27.73819
G1 X176.938 Y167.441 E27.75174
G1 X177.219 Y167.707 E27.76461
G1 X177.664 Y168.083 E27.78399
G1 X178.018 Y168.371 E27.79917
G1 X178.251 Y168.593 E27.80987
G1 X178.536 Y168.932 E27.8246
G1 X178.564 Y169.026 E27.82786
G1 X178.358 Y169.335 E27.84021
G1 X178.129 Y169.562 E27.85094
G1 X177.889 Y169.771 E27.86152
G1 X177.664 Y169.953 E27.87115
G1 X177.217 Y170.33 E27.8906
G1 X176.934 Y170.6 E27.90361
G1 X176.662 Y170.888 E27.91678
G1 X176.411 Y171.198 E27.93005
G1 X176.181 Y171.516 E27.9431
G1 X175.971 Y171.862 E27.95656
G1 X175.788 Y172.2 E27.96935
G1 X175.624 Y172.576 E27.98299
G1 X175.487 Y172.93 E27.99562
G1 X175.384 Y173.287 E28.00798
G1 X175.32 Y173.54 E28.01666
G1 X175.26 Y173.845 E28.02699
G1 X175.223 Y174.105 E28.03573
G1 X175.182 Y174.475 E28.04811
G1 X175.175 Y174.894 E28.06205
G1 X175.183 Y175.265 E28.07439
G1 X175.228 Y175.648 E28.08722
G1 X175.287 Y176.045 E28.10057
G1 X175.377 Y176.407 E28.11297
G1 X175.448 Y176.659 E28.12168
G1 X175.554 Y176.967 E28.13251
G1 X175.73 Y177.391 E28.14778
G1 X175.876 Y177.685 E28.1587
G1 X176.104 Y178.081 E28.1739
G1 X176.295 Y178.365 E28.18528
G1 X176.468 Y178.591 E28.19475
G1 X176.659 Y178.829 E28.2049
G1 X176.938 Y179.126 E28.21845
G1 X177.219 Y179.392 E28.23132
G1 X177.76 Y179.848 E28.25486
G1 X177.996 Y180.04 E28.26497
G1 X178.185 Y180.215 E28.27354
G1 X178.51 Y180.576 E28.2897
G1 X178.566 Y180.705 E28.29437
G1 X178.374 Y181.001 E28.30611
G1 X178.205 Y181.172 E28.31411
G1 X178.015 Y181.353 E28.32283
G1 X177.777 Y181.544 E28.33298
G1 X177.217 Y182.015 E28.35732
G1 X176.934 Y182.285 E28.37033
G1 X176.662 Y182.573 E28.38351
G1 X176.411 Y182.884 E28.3968
G1 X176.181 Y183.201 E28.40982
G1 X175.971 Y183.547 E28.42329
G1 X175.788 Y183.885 E28.43607
G1 X175.624 Y184.261 E28.44971
G1 X175.487 Y184.615 E28.46234
G1 X175.384 Y184.972 E28.4747
G1 X175.32 Y185.226 E28.48341
G1 X175.26 Y185.53 E28.49372
G1 X175.223 Y185.79 E28.50245
G1 X175.182 Y186.16 E28.51483
G1 X175.175 Y186.579 E28.52877
G1 X175.183 Y186.95 E28.54111
G1 X175.228 Y187.333 E28.55394
G1 X175.287 Y187.73 E28.56729
G1 X175.377 Y188.092 E28.57969
G1 X175.448 Y188.345 E28.58843
G1 X175.554 Y188.653 E28.59927
G1 X175.73 Y189.076 E28.61451
G1 X175.876 Y189.37 E28.62542
G1 X176.104 Y189.766 E28.64062
G1 X176.295 Y190.051 E28.65203
G1 X176.468 Y190.276 E28.66147
G1 X176.659 Y190.515 E28.67165
G1 X176.938 Y190.811 E28.68518
G1 X177.219 Y191.078 E28.69807
G1 X177.643 Y191.435 E28.71651
G1 X178.035 Y191.757 E28.73338
G1 X178.251 Y191.964 E28.74333
G1 X178.537 Y192.305 E28.75813
G1 X178.563 Y192.394 E28.76122
G1 X178.358 Y192.706 E28.77363
G1 X178.135 Y192.926 E28.78405
G1 X177.883 Y193.147 E28.7952
G1 X177.665 Y193.324 E28.80454
G1 X177.218 Y193.7 E28.82397
G1 X176.934 Y193.97 E28.837
G1 X176.662 Y194.258 E28.85018
G1 X176.411 Y194.569 E28.86347
G1 X176.181 Y194.886 E28.87649
G1 X175.971 Y195.232 E28.88996
G1 X175.788 Y195.57 E28.90274
G1 X175.624 Y195.946 E28.91638
G1 X175.487 Y196.301 E28.92904
G1 X175.384 Y196.657 E28.94137
G1 X175.32 Y196.911 E28.95008
G1 X175.26 Y197.215 E28.96038
G1 X175.223 Y197.475 E28.96912
G1 X175.182 Y197.845 E28.9815
G1 X175.175 Y198.264 E28.99544
G1 X175.183 Y198.635 E29.00778
G1 X175.228 Y199.018 E29.02061
G1 X175.287 Y199.415 E29.03396
G1 X175.377 Y199.777 E29.04636
G1 X175.448 Y200.03 E29.0551
G1 X175.554 Y200.338 E29.06594
G1 X175.73 Y200.761 E29.08118
G1 X175.876 Y201.056 E29.09212
G1 X176.104 Y201.451 E29.10729
G1 X176.295 Y201.736 E29.1187
G1 X176.468 Y201.961 E29.12814
G1 X176.659 Y202.2 E29.13832
G1 X176.935 Y202.493 E29.15171
G1 X177.219 Y202.763 E29.16474
G1 X177.763 Y203.219 E29.18835
G1 X178.036 Y203.434 E29.19991
G1 X178.411 Y203.757 E29.21637
G1 X178.646 Y203.988 E29.22733
G1 X178.672 Y204.034 E29.22909
G0 F6000 X178.097 Y203.797
G0 X176.563 Y203.512
G0 X176.565 Y203.232
;TYPE:SKIN
G1 F1200 X171.818 Y203.204 E29.38697
G1 X171.819 Y146.758 E31.26438
G1 X176.268 Y146.784 E31.41235
G1 X176.067 Y146.997 E31.42209
G1 X175.783 Y147.347 E31.43709
G1 X175.521 Y147.708 E31.45192
G1 X175.285 Y148.1 E31.46714
G1 X175.077 Y148.483 E31.48164
G1 X174.893 Y148.905 E31.49695
G1 X174.738 Y149.307 E31.51128
G1 X174.622 Y149.71 E31.52523
G1 X174.55 Y149.996 E31.53503
G1 X174.481 Y150.341 E31.54674
G1 X174.439 Y150.635 E31.55661
G1 X174.392 Y151.054 E31.57064
G1 X174.385 Y151.525 E31.58631
G1 X174.394 Y151.95 E31.60044
G1 X174.443 Y152.362 E31.61424
G1 X174.484 Y152.655 E31.62408
G1 X174.553 Y153.005 E31.63595
G1 X174.628 Y153.291 E31.64578
G1 X174.743 Y153.688 E31.65953
G1 X174.909 Y154.114 E31.67474
G1 X175.087 Y154.514 E31.6893
G1 X175.311 Y154.925 E31.70487
G1 X175.56 Y155.326 E31.72057
G1 X175.763 Y155.598 E31.73185
G1 X175.95 Y155.842 E31.74208
G1 X176.203 Y156.131 E31.75485
G1 X176.551 Y156.48 E31.77125
G1 X176.82 Y156.721 E31.78326
G1 X177.375 Y157.182 E31.80726
G1 X177.552 Y157.334 E31.81502
G1 X177.503 Y157.381 E31.81727
G1 X177.293 Y157.549 E31.82622
G1 X176.69 Y158.056 E31.85242
G1 X176.373 Y158.358 E31.86698
G1 X176.067 Y158.682 E31.88181
G1 X175.783 Y159.032 E31.8968
G1 X175.523 Y159.393 E31.9116
G1 X175.285 Y159.782 E31.92676
G1 X175.077 Y160.169 E31.94138
G1 X174.893 Y160.59 E31.95666
G1 X174.738 Y160.992 E31.97099
G1 X174.622 Y161.395 E31.98494
G1 X174.55 Y161.681 E31.99474
G1 X174.481 Y162.027 E32.00648
G1 X174.439 Y162.321 E32.01636
G1 X174.392 Y162.739 E32.03035
G1 X174.385 Y163.212 E32.04608
G1 X174.394 Y163.635 E32.06015
G1 X174.445 Y164.067 E32.07462
G1 X174.511 Y164.514 E32.08965
G1 X174.613 Y164.925 E32.10373
G1 X174.694 Y165.21 E32.11359
G1 X174.815 Y165.562 E32.12597
G1 X175.011 Y166.034 E32.14297
G1 X175.179 Y166.373 E32.15555
G1 X175.433 Y166.814 E32.17248
G1 X175.653 Y167.141 E32.18559
G1 X175.846 Y167.393 E32.19614
G1 X176.063 Y167.663 E32.20766
G1 X176.377 Y167.998 E32.22294
G1 X176.692 Y168.296 E32.23736
G1 X177.161 Y168.691 E32.25775
G1 X177.485 Y168.954 E32.27163
G1 X177.551 Y169.017 E32.27467
G1 X177.381 Y169.165 E32.28216
G1 X177.16 Y169.344 E32.29162
G1 X176.689 Y169.742 E32.31213
G1 X176.373 Y170.043 E32.32665
G1 X176.067 Y170.367 E32.34147
G1 X175.783 Y170.717 E32.35646
G1 X175.521 Y171.079 E32.37132
G1 X175.285 Y171.47 E32.38651
G1 X175.077 Y171.854 E32.40104
G1 X174.893 Y172.276 E32.41635
G1 X174.738 Y172.677 E32.43065
G1 X174.622 Y173.08 E32.4446
G1 X174.55 Y173.366 E32.45441
G1 X174.481 Y173.712 E32.46614
G1 X174.439 Y174.006 E32.47602
G1 X174.392 Y174.425 E32.49004
G1 X174.385 Y174.897 E32.50574
G1 X174.394 Y175.32 E32.51982
G1 X174.445 Y175.752 E32.53428
G1 X174.511 Y176.199 E32.54931
G1 X174.613 Y176.61 E32.5634
G1 X174.694 Y176.895 E32.57325
G1 X174.815 Y177.247 E32.58563
G1 X175.011 Y177.719 E32.60263
G1 X175.179 Y178.058 E32.61521
G1 X175.433 Y178.499 E32.63214
G1 X175.653 Y178.826 E32.64525
G1 X175.846 Y179.078 E32.65581
G1 X176.063 Y179.348 E32.66733
G1 X176.377 Y179.683 E32.6826
G1 X176.692 Y179.981 E32.69702
G1 X177.256 Y180.456 E32.72155
G1 X177.468 Y180.629 E32.73065
G1 X177.55 Y180.704 E32.73434
G1 X177.486 Y180.765 E32.73728
G1 X177.276 Y180.933 E32.74623
G1 X176.689 Y181.426 E32.77173
G1 X176.373 Y181.728 E32.78626
G1 X176.067 Y182.053 E32.80111
G1 X175.783 Y182.403 E32.8161
G1 X175.523 Y182.763 E32.83087
G1 X175.285 Y183.153 E32.84607
G1 X175.077 Y183.539 E32.86065
G1 X174.893 Y183.961 E32.87596
G1 X174.738 Y184.362 E32.89026
G1 X174.622 Y184.767 E32.90427
G1 X174.55 Y185.052 E32.91405
G1 X174.481 Y185.397 E32.92575
G1 X174.439 Y185.691 E32.93563
G1 X174.392 Y186.11 E32.94965
G1 X174.385 Y186.582 E32.96535
G1 X174.394 Y187.005 E32.97943
G1 X174.445 Y187.437 E32.9939
G1 X174.511 Y187.884 E33.00892
G1 X174.613 Y188.294 E33.02298
G1 X174.694 Y188.581 E33.03289
G1 X174.815 Y188.934 E33.04531
G1 X175.011 Y189.404 E33.06224
G1 X175.179 Y189.743 E33.07483
G1 X175.433 Y190.183 E33.09172
G1 X175.653 Y190.512 E33.10489
G1 X175.847 Y190.763 E33.11544
G1 X176.062 Y191.033 E33.12692
G1 X176.377 Y191.368 E33.14221
G1 X176.692 Y191.667 E33.15666
G1 X177.137 Y192.043 E33.17604
G1 X177.51 Y192.35 E33.1921
G1 X177.55 Y192.388 E33.19394
G1 X177.371 Y192.546 E33.20188
G1 X177.162 Y192.716 E33.21084
G1 X176.691 Y193.111 E33.23129
G1 X176.374 Y193.413 E33.24585
G1 X176.067 Y193.738 E33.26072
G1 X175.783 Y194.088 E33.27571
G1 X175.523 Y194.448 E33.29048
G1 X175.285 Y194.838 E33.30567
G1 X175.077 Y195.224 E33.32026
G1 X174.893 Y195.646 E33.33557
G1 X174.738 Y196.048 E33.3499
G1 X174.622 Y196.451 E33.36385
G1 X174.55 Y196.737 E33.37366
G1 X174.481 Y197.082 E33.38536
G1 X174.439 Y197.376 E33.39524
G1 X174.392 Y197.795 E33.40926
G1 X174.385 Y198.267 E33.42496
G1 X174.394 Y198.69 E33.43903
G1 X174.445 Y199.122 E33.4535
G1 X174.511 Y199.569 E33.46853
G1 X174.613 Y199.979 E33.48258
G1 X174.694 Y200.266 E33.4925
G1 X174.815 Y200.619 E33.50491
G1 X175.011 Y201.089 E33.52185
G1 X175.179 Y201.429 E33.53446
G1 X175.433 Y201.869 E33.55136
G1 X175.653 Y202.197 E33.5645
G1 X175.847 Y202.448 E33.57505
G1 X176.062 Y202.718 E33.58653
G1 X176.374 Y203.05 E33.60168
G1 X176.565 Y203.232 E33.61046
G0 F6000 X176.563 Y203.512
G0 X171.61 Y203.411
G0 X171.539 Y202.524
G0 X171.978 Y202.525
G1 F1200 X172.5 Y203.047 E33.63501
G0 F6000 X173.068 Y203.049
G1 F1200 X171.978 Y201.959 E33.68628
G0 F6000 X171.978 Y201.393
G1 F1200 X173.637 Y203.053 E33.76434
G0 F6000 X174.207 Y203.057
G1 F1200 X171.978 Y200.828 E33.86918
G0 F6000 X171.978 Y200.262
G1 F1200 X174.776 Y203.06 E34.00079
G0 F6000 X175.344 Y203.063
G1 F1200 X171.978 Y199.696 E34.15914
G0 F6000 X171.978 Y199.131
G1 F1200 X175.914 Y203.066 E34.34426
G0 F6000 X175.911 Y203.508
G0 X177.083 Y203.428
G0 X175.585 Y201.573
G0 X175.204 Y201.792
G1 F1200 X171.978 Y198.565 E34.49602
G0 F6000 X171.978 Y197.999
G1 F1200 X174.674 Y200.695 E34.62283
G0 F6000 X174.424 Y199.88
G1 F1200 X171.978 Y197.434 E34.73788
G0 F6000 X171.978 Y196.868
G1 F1200 X174.293 Y199.183 E34.84677
G0 F6000 X174.231 Y198.556
G1 F1200 X171.978 Y196.302 E34.95277
G0 F6000 X171.978 Y195.737
G1 F1200 X174.229 Y197.988 E35.05865
G0 F6000 X174.269 Y197.462
G1 F1200 X171.978 Y195.171 E35.16641
G0 F6000 X171.978 Y194.605
G1 F1200 X174.34 Y196.968 E35.27754
G0 F6000 X174.443 Y196.505
G1 F1200 X171.978 Y194.04 E35.39348
G0 F6000 X171.978 Y193.474
G1 F1200 X174.566 Y196.062 E35.51522
G0 F6000 X174.719 Y195.649
G1 F1200 X171.978 Y192.908 E35.64414
G0 F6000 X171.978 Y192.342
G1 F1200 X174.889 Y195.254 E35.78109
G0 F6000 X175.08 Y194.879
G1 F1200 X171.978 Y191.777 E35.927
G0 F6000 X171.978 Y191.211
G1 F1200 X175.289 Y194.522 E36.08274
G0 F6000 X175.515 Y194.183
G1 F1200 X171.978 Y190.645 E36.24913
G0 F6000 X171.978 Y190.08
G1 F1200 X175.759 Y193.861 E36.42698
G0 F6000 X176.019 Y193.555
G1 F1200 X171.978 Y189.514 E36.61706
G0 F6000 X171.978 Y188.948
G1 F1200 X176.295 Y193.266 E36.82014
G0 F6000 X176.585 Y192.99
G1 F1200 X171.978 Y188.383 E37.03684
G0 F6000 X171.978 Y187.817
G1 F1200 X176.893 Y192.732 E37.26802
G0 F6000 X177.202 Y192.475
G1 F1200 X171.978 Y187.251 E37.51374
G0 F6000 X171.978 Y186.686
G1 F1200 X174.968 Y189.676 E37.65439
G0 F6000 X175.362 Y189.482
G0 X174.985 Y188.568
G0 X174.569 Y188.711
G1 F1200 X171.978 Y186.12 E37.77626
G0 F6000 X171.978 Y185.554
G1 F1200 X174.36 Y187.936 E37.8883
G0 F6000 X174.265 Y187.276
G1 F1200 X171.978 Y184.989 E37.99587
G0 F6000 X171.978 Y184.423
G1 F1200 X174.226 Y186.671 E38.10161
G0 F6000 X174.231 Y186.111
G1 F1200 X171.978 Y183.857 E38.20761
G0 F6000 X171.978 Y183.291
G1 F1200 X174.291 Y185.604 E38.31641
G0 F6000 X174.373 Y185.121
G1 F1200 X171.978 Y182.726 E38.42906
G0 F6000 X171.978 Y182.16
G1 F1200 X174.484 Y184.666 E38.54693
G0 F6000 X174.615 Y184.232
G1 F1200 X171.978 Y181.594 E38.67099
G0 F6000 X171.978 Y181.029
G1 F1200 X174.776 Y183.827 E38.8026
G0 F6000 X174.95 Y183.436
G1 F1200 X171.978 Y180.463 E38.94242
G0 F6000 X171.978 Y179.897
G1 F1200 X175.148 Y183.068 E39.09155
G0 F6000 X175.363 Y182.717
G1 F1200 X171.978 Y179.332 E39.25077
G0 F6000 X171.978 Y178.766
G1 F1200 X175.597 Y182.385 E39.421
G0 F6000 X175.846 Y182.069
G1 F1200 X171.978 Y178.2 E39.60296
G0 F6000 X171.978 Y177.635
G1 F1200 X176.113 Y181.77 E39.79746
G0 F6000 X176.394 Y181.485
G1 F1200 X171.978 Y177.069 E40.00517
G0 F6000 X171.978 Y176.503
G1 F1200 X176.689 Y181.215 E40.22679
G0 F6000 X176.996 Y180.956
G1 F1200 X171.978 Y175.938 E40.46282
G0 F6000 X171.978 Y175.372
G1 F1200 X175.515 Y178.91 E40.62921
G0 F6000 X175.88 Y178.663
G0 X175.207 Y177.46
G0 X174.8 Y177.628
G1 F1200 X171.978 Y174.806 E40.76195
G0 F6000 X171.978 Y174.241
G1 F1200 X174.486 Y176.749 E40.87992
G0 F6000 X174.323 Y176.02
G1 F1200 X171.978 Y173.675 E40.99022
G0 F6000 X171.978 Y173.109
G1 F1200 X174.239 Y175.37 E41.09657
G0 F6000 X174.226 Y174.792
G1 F1200 X171.978 Y172.543 E41.20233
G0 F6000 X171.978 Y171.978
G1 F1200 X174.25 Y174.25 E41.3092
G0 F6000 X174.314 Y173.748
G1 F1200 X171.978 Y171.412 E41.41908
G0 F6000 X171.978 Y170.846
G1 F1200 X174.407 Y173.276 E41.53336
G0 F6000 X174.526 Y172.829
G1 F1200 X171.978 Y170.281 E41.65321
G0 F6000 X171.978 Y169.715
G1 F1200 X174.669 Y172.406 E41.77978
G0 F6000 X174.835 Y172.007
G1 F1200 X171.978 Y169.149 E41.91419
G0 F6000 X171.978 Y168.584
G1 F1200 X175.018 Y171.624 E42.05718
G0 F6000 X175.222 Y171.262
G1 F1200 X171.978 Y168.018 E42.20977
G0 F6000 X171.978 Y167.452
G1 F1200 X175.441 Y170.916 E42.37268
G0 F6000 X175.679 Y170.588
G1 F1200 X171.978 Y166.887 E42.54677
G0 F6000 X171.978 Y166.321
G1 F1200 X175.933 Y170.276 E42.7328
G0 F6000 X176.207 Y169.984
G1 F1200 X171.978 Y165.755 E42.93172
G0 F6000 X171.978 Y165.19
G1 F1200 X176.493 Y169.705 E43.14409
G0 F6000 X176.795 Y169.441
G1 F1200 X171.978 Y164.624 E43.37067
G0 F6000 X171.978 Y164.058
G1 F1200 X177.103 Y169.183 E43.61173
G0 F6000 X177.38 Y169.527
G0 X177.838 Y168.988
G0 X175.56 Y166.476
G0 X175.179 Y166.694
G1 F1200 X171.978 Y163.492 E43.76232
G0 F6000 X171.978 Y162.927
G1 F1200 X174.662 Y165.611 E43.88857
G0 F6000 X174.417 Y164.801
G1 F1200 X171.978 Y162.361 E44.00331
G0 F6000 X171.978 Y161.795
G1 F1200 X174.289 Y164.107 E44.11204
G0 F6000 X174.23 Y163.482
G1 F1200 X171.978 Y161.23 E44.21797
G0 F6000 X171.978 Y160.664
G1 F1200 X174.228 Y162.915 E44.32382
G0 F6000 X174.27 Y162.391
G1 F1200 X171.978 Y160.098 E44.43166
G0 F6000 X171.978 Y159.533
G1 F1200 X174.342 Y161.897 E44.54285
G0 F6000 X174.446 Y161.436
G1 F1200 X171.978 Y158.967 E44.65896
G0 F6000 X171.978 Y158.401
G1 F1200 X174.569 Y160.993 E44.78086
G0 F6000 X174.723 Y160.581
G1 F1200 X171.978 Y157.836 E44.90997
G0 F6000 X171.978 Y157.27
G1 F1200 X174.894 Y160.186 E45.04713
G0 F6000 X175.086 Y159.812
G1 F1200 X171.978 Y156.704 E45.19332
G0 F6000 X171.978 Y156.139
G1 F1200 X175.296 Y159.456 E45.34937
G0 F6000 X175.522 Y159.118
G1 F1200 X171.978 Y155.573 E45.51609
G0 F6000 X171.978 Y155.007
G1 F1200 X175.766 Y158.796 E45.69429
G0 F6000 X176.026 Y158.49
G1 F1200 X171.978 Y154.442 E45.8847
G0 F6000 X171.978 Y153.876
G1 F1200 X176.303 Y158.201 E46.08813
G0 F6000 X176.594 Y157.927
G1 F1200 X171.978 Y153.31 E46.30528
G0 F6000 X171.978 Y152.744
G1 F1200 X176.901 Y157.668 E46.53686
G0 F6000 X177.208 Y157.409
G1 F1200 X171.978 Y152.179 E46.78287
G0 F6000 X171.978 Y151.613
G1 F1200 X174.938 Y154.574 E46.92212
G0 F6000 X175.337 Y154.39
G0 X174.982 Y153.505
G0 X174.557 Y153.627
G1 F1200 X171.978 Y151.047 E47.04345
G0 F6000 X171.978 Y150.482
G1 F1200 X174.361 Y152.865 E47.15554
G0 F6000 X174.262 Y152.201
G1 F1200 X171.978 Y149.916 E47.263
G0 F6000 X171.978 Y149.35
G1 F1200 X174.226 Y151.598 E47.36874
G0 F6000 X174.232 Y151.039
G1 F1200 X171.978 Y148.785 E47.47476
G0 F6000 X171.978 Y148.219
G1 F1200 X174.291 Y150.533 E47.58358
G0 F6000 X174.376 Y150.051
G1 F1200 X171.978 Y147.653 E47.69637
G0 F6000 X171.978 Y147.088
G1 F1200 X174.487 Y149.596 E47.81436
G0 F6000 X174.62 Y149.164
G1 F1200 X172.377 Y146.921 E47.91987
G0 F6000 X172.946 Y146.924
G1 F1200 X174.781 Y148.76 E48.0062
G0 F6000 X174.956 Y148.369
G1 F1200 X173.514 Y146.927 E48.07403
G0 F6000 X174.084 Y146.931
G1 F1200 X175.156 Y148.003 E48.12445
G0 F6000 X175.368 Y147.649
G1 F1200 X174.653 Y146.934 E48.15809
G0 F6000 X175.221 Y146.937
G1 F1200 X175.604 Y147.32 E48.1761
G0 F6000 X175.854 Y147.004
G1 F1200 X175.79 Y146.941 E48.17909
G0 F6000 X176.438 Y146.74
;TYPE:SKIN
G1 F1200 X176.534 Y146.836 E48.18135
G0 F6000 X176.679 Y146.697
G1 F1200 X176.537 Y146.556 E48.18467
G1 F1440 E46.68467
G0 F6000 X176.537 Y146.507
G0 X175.403 Y149.114
G0 X175.024 Y150.435
G0 X174.935 Y151.522
G0 X175.09 Y152.88
G0 X175.417 Y153.902
G0 X176.702 Y156.32
G0 X177.852 Y157.334
G0 X175.981 Y159.698
G0 X175.403 Y160.799
G0 X175.024 Y162.121
G0 X174.935 Y163.209
G0 X175.052 Y164.406
G0 X175.33 Y165.367
G0 X176.605 Y167.926
G0 X177.85 Y169.011
G0 X175.981 Y171.383
G0 X175.403 Y172.485
G0 X175.024 Y173.806
G0 X174.935 Y174.894
G0 X175.052 Y176.091
G0 X175.33 Y177.052
G0 X176.643 Y179.647
G0 X177.845 Y180.706
G0 X175.981 Y183.068
G0 X175.403 Y184.17
G0 X175.024 Y185.491
G0 X174.935 Y186.579
G0 X175.052 Y187.776
G0 X175.33 Y188.738
G0 X175.901 Y189.893
G0 X177.85 Y192.382
G0 X175.981 Y194.753
G0 X175.403 Y195.855
G0 X175.024 Y197.176
G0 X174.935 Y198.264
G0 X175.052 Y199.461
G0 X175.33 Y200.423
G0 X175.901 Y201.578
G0 X177.083 Y203.428
G0 X176.721 Y203.513
G0 X176.722 Y203.309
G1 F1440 E48.18467
G1 F1200 X176.875 Y203.462 E48.18827
G0 F6000 X177.027 Y203.332
G1 F1200 X177.118 Y203.423 E48.19041
G0 F6000 X177.971 Y203.71
G1 F1200 X177.792 Y203.814 E48.19898
G1 F1440 E46.69898
G0 F6000 X177.754 Y203.729
G0 X176.1 Y201.876
G0 X175.512 Y200.86
G0 X175.146 Y199.838
G0 X174.944 Y198.651
G0 X174.986 Y197.445
G0 X175.26 Y196.225
G0 X175.763 Y195.113
G0 X176.481 Y194.1
G0 X177.837 Y192.358
G0 X175.901 Y189.893
G0 X175.33 Y188.738
G0 X175.052 Y187.776
G0 X174.935 Y186.579
G0 X175.086 Y185.174
G0 X175.403 Y184.17
G0 X175.981 Y183.068
G0 X177.845 Y180.706
G0 X175.901 Y178.208
G0 X175.33 Y177.052
G0 X175.052 Y176.091
G0 X174.935 Y174.894
G0 X175.086 Y173.488
G0 X175.403 Y172.485
G0 X175.981 Y171.383
G0 X177.838 Y168.988
G0 X175.901 Y166.523
G0 X175.33 Y165.367
G0 X175.052 Y164.406
G0 X174.935 Y163.209
G0 X175.086 Y161.803
G0 X175.403 Y160.799
G0 X175.981 Y159.698
G0 X177.852 Y157.334
G0 X176.015 Y155.015
G0 X175.417 Y153.902
G0 X175.027 Y152.562
G0 X174.935 Y151.522
G0 X175.086 Y150.118
G0 X175.403 Y149.114
G0 X175.981 Y148.012
G0 X176.424 Y147.474
G0 X177.479 Y146.35
G0 X177.556 Y146.443
G1 F1440 E48.19898
G1 F1200 X177.381 Y146.268 E48.20309
G0 F6000 X177.572 Y146.177
G1 F1200 X177.712 Y146.317 E48.20639
G1 F1440 E46.70639
;MESH:NONMESH
G0 F300 X177.712 Y146.317 Z0.4
G0 F6000 X177.637 Y146.22
G0 X176.481 Y147.36
G0 X175.763 Y148.374
G0 X175.26 Y149.484
G0 X174.986 Y150.704
G0 X174.944 Y151.911
G0 X175.159 Y153.144
G0 X175.581 Y154.269
G0 X176.201 Y155.266
G0 X177.852 Y157.334
G0 X175.981 Y159.698
G0 X175.403 Y160.799
G0 X175.024 Y162.121
G0 X174.935 Y163.209
G0 X175.052 Y164.406
G0 X175.33 Y165.367
G0 X175.901 Y166.523
G0 X177.85 Y169.011
G0 X175.981 Y171.383
G0 X175.403 Y172.485
G0 X175.024 Y173.806
G0 X174.935 Y174.894
G0 X175.052 Y176.091
G0 X175.33 Y177.052
G0 X175.901 Y178.208
G0 X177.845 Y180.706
G0 X175.981 Y183.068
G0 X175.403 Y184.17
G0 X175.024 Y185.491
G0 X174.935 Y186.579
G0 X175.052 Y187.776
G0 X175.33 Y188.738
G0 X175.901 Y189.893
G0 X177.85 Y192.382
G0 X175.981 Y194.753
G0 X175.403 Y195.855
G0 X175.024 Y197.176
G0 X174.935 Y198.264
G0 X175.052 Y199.461
G0 X175.33 Y200.423
G0 X175.901 Y201.578
G0 X176.6 Y202.455
G0 X177.632 Y203.628
;TIME_ELAPSED:94.391781
;LAYER:1
M106 S85
;TYPE:WALL-INNER
;MESH:Vertical_Tension_Member.stl
G1 F1440 E48.20639
G1 F1500 X177.423 Y203.627 E48.21334
G1 X177.1 Y203.626 E48.22408
G1 X171.448 Y203.592 E48.41207
G1 X171.449 Y146.566 E50.30876
G1 X171.449 Y146.366 E50.31541
G1 X171.649 Y146.367 E50.31971
G1 X176.782 Y146.398 E50.49044
G1 X176.932 Y146.398 E50.49543
G1 X177.258 Y146.4 E50.50627
G1 X176.931 Y146.676 E50.51282
G1 X176.822 Y146.779 E50.5171
G1 X176.681 Y146.913 E50.52357
G1 X176.431 Y147.173 E50.53556
G1 X176.229 Y147.409 E50.5459
G1 X176.04 Y147.655 E50.55621
G1 X175.833 Y147.939 E50.5679
G1 X175.655 Y148.234 E50.57936
G1 X175.501 Y148.512 E50.58993
G1 X175.364 Y148.784 E50.60006
G1 X175.14 Y149.335 E50.61985
G1 X175.045 Y149.623 E50.62993
G1 X174.963 Y149.936 E50.64069
G1 X174.883 Y150.263 E50.65189
G1 X174.832 Y150.598 E50.66316
G1 X174.796 Y150.922 E50.674
G1 X174.774 Y151.221 E50.68398
G1 X174.777 Y151.819 E50.70387
G1 X174.799 Y152.123 E50.714
G1 X174.894 Y152.77 E50.73575
G1 X174.976 Y153.102 E50.74713
G1 X175.064 Y153.413 E50.75788
G1 X175.158 Y153.697 E50.76783
G1 X175.304 Y154.054 E50.78066
G1 X175.44 Y154.359 E50.79176
G1 X175.606 Y154.661 E50.80322
G1 X175.801 Y154.986 E50.81583
G1 X175.975 Y155.241 E50.8261
G1 X176.223 Y155.564 E50.83964
G1 X176.429 Y155.804 E50.85016
G1 X176.681 Y156.068 E50.8623
G1 X176.93 Y156.305 E50.87373
G1 X177.42 Y156.719 E50.89507
G1 X177.603 Y156.867 E50.9029
G1 X177.832 Y157.066 E50.91299
G1 X177.85 Y157.082 E50.91379
G1 X178.086 Y157.338 E50.92537
G1 X178.07 Y157.356 E50.92617
G1 X177.972 Y157.467 E50.9311
G1 X177.748 Y157.681 E50.9414
G1 X177.503 Y157.877 E50.95184
G1 X176.931 Y158.361 E50.97676
G1 X176.681 Y158.598 E50.98821
G1 X176.431 Y158.859 E51.00024
G1 X176.229 Y159.094 E51.01054
G1 X176.04 Y159.34 E51.02086
G1 X175.833 Y159.625 E51.03258
G1 X175.655 Y159.919 E51.04401
G1 X175.501 Y160.197 E51.05458
G1 X175.364 Y160.469 E51.06471
G1 X175.14 Y161.02 E51.08449
G1 X175.045 Y161.309 E51.09461
G1 X174.963 Y161.622 E51.10537
G1 X174.883 Y161.949 E51.11657
G1 X174.832 Y162.284 E51.12784
G1 X174.796 Y162.607 E51.13865
G1 X174.774 Y162.906 E51.14862
G1 X174.777 Y163.504 E51.16851
G1 X174.799 Y163.807 E51.17861
G1 X174.893 Y164.456 E51.20042
G1 X174.977 Y164.788 E51.21181
G1 X175.082 Y165.157 E51.22457
G1 X175.18 Y165.438 E51.23447
G1 X175.304 Y165.739 E51.2453
G1 X175.44 Y166.044 E51.25641
G1 X175.606 Y166.346 E51.26787
G1 X175.801 Y166.672 E51.2805
G1 X175.975 Y166.927 E51.29077
G1 X176.222 Y167.249 E51.30427
G1 X176.429 Y167.49 E51.31484
G1 X176.682 Y167.753 E51.32697
G1 X176.93 Y167.99 E51.33838
G1 X177.42 Y168.404 E51.35972
G1 X177.603 Y168.552 E51.36755
G1 X177.831 Y168.75 E51.37759
G1 X177.85 Y168.767 E51.37844
G1 X178.084 Y169.024 E51.39
G1 X178.067 Y169.043 E51.39085
G1 X177.971 Y169.151 E51.39565
G1 X177.745 Y169.368 E51.40607
G1 X177.502 Y169.563 E51.41644
G1 X176.931 Y170.046 E51.44131
G1 X176.681 Y170.283 E51.45277
G1 X176.431 Y170.544 E51.46479
G1 X176.229 Y170.779 E51.4751
G1 X176.04 Y171.025 E51.48541
G1 X175.832 Y171.311 E51.49718
G1 X175.655 Y171.605 E51.50859
G1 X175.501 Y171.882 E51.51913
G1 X175.363 Y172.155 E51.5293
G1 X175.14 Y172.705 E51.54904
G1 X175.045 Y172.994 E51.55916
G1 X174.963 Y173.307 E51.56992
G1 X174.883 Y173.634 E51.58112
G1 X174.832 Y173.969 E51.59239
G1 X174.796 Y174.292 E51.6032
G1 X174.774 Y174.591 E51.61317
G1 X174.777 Y175.189 E51.63306
G1 X174.799 Y175.492 E51.64317
G1 X174.893 Y176.14 E51.66495
G1 X174.977 Y176.474 E51.6764
G1 X175.082 Y176.842 E51.68913
G1 X175.18 Y177.123 E51.69903
G1 X175.304 Y177.424 E51.70985
G1 X175.44 Y177.729 E51.72096
G1 X175.606 Y178.031 E51.73242
G1 X175.801 Y178.357 E51.74506
G1 X175.975 Y178.612 E51.75533
G1 X176.222 Y178.934 E51.76882
G1 X176.429 Y179.175 E51.77939
G1 X176.682 Y179.438 E51.79153
G1 X176.93 Y179.675 E51.80294
G1 X177.419 Y180.089 E51.82425
G1 X177.604 Y180.238 E51.83215
G1 X177.829 Y180.432 E51.84203
G1 X177.846 Y180.447 E51.84278
G1 X178.085 Y180.707 E51.85453
G1 X178.07 Y180.724 E51.85528
G1 X177.971 Y180.836 E51.86025
G1 X177.745 Y181.053 E51.87068
G1 X177.503 Y181.248 E51.88101
G1 X176.93 Y181.731 E51.90594
G1 X176.681 Y181.969 E51.91739
G1 X176.431 Y182.229 E51.92939
G1 X176.229 Y182.464 E51.9397
G1 X176.04 Y182.712 E51.95007
G1 X175.833 Y182.995 E51.96173
G1 X175.655 Y183.29 E51.97319
G1 X175.501 Y183.567 E51.98373
G1 X175.363 Y183.84 E51.99391
G1 X175.14 Y184.39 E52.01365
G1 X175.045 Y184.679 E52.02376
G1 X174.963 Y184.992 E52.03452
G1 X174.883 Y185.319 E52.04572
G1 X174.832 Y185.654 E52.05699
G1 X174.796 Y185.977 E52.0678
G1 X174.774 Y186.276 E52.07777
G1 X174.777 Y186.875 E52.0977
G1 X174.799 Y187.177 E52.10777
G1 X174.893 Y187.825 E52.12955
G1 X174.977 Y188.159 E52.141
G1 X175.082 Y188.527 E52.15373
G1 X175.18 Y188.809 E52.16366
G1 X175.304 Y189.109 E52.17446
G1 X175.44 Y189.415 E52.18559
G1 X175.606 Y189.716 E52.19703
G1 X175.801 Y190.042 E52.20966
G1 X175.975 Y190.296 E52.2199
G1 X176.222 Y190.62 E52.23345
G1 X176.429 Y190.86 E52.24399
G1 X176.681 Y191.123 E52.25611
G1 X176.929 Y191.361 E52.26754
G1 X177.419 Y191.774 E52.28885
G1 X177.604 Y191.923 E52.29675
G1 X177.829 Y192.117 E52.30664
G1 X177.846 Y192.132 E52.30739
G1 X178.084 Y192.394 E52.31916
G1 X178.069 Y192.411 E52.31992
G1 X177.971 Y192.521 E52.32482
G1 X177.745 Y192.738 E52.33524
G1 X177.503 Y192.933 E52.34557
G1 X176.93 Y193.416 E52.3705
G1 X176.681 Y193.654 E52.38196
G1 X176.431 Y193.914 E52.39395
G1 X176.229 Y194.149 E52.40426
G1 X176.04 Y194.397 E52.41463
G1 X175.833 Y194.68 E52.42629
G1 X175.655 Y194.975 E52.43775
G1 X175.501 Y195.253 E52.44832
G1 X175.364 Y195.525 E52.45845
G1 X175.14 Y196.075 E52.4782
G1 X175.045 Y196.364 E52.48832
G1 X174.963 Y196.677 E52.49908
G1 X174.883 Y197.004 E52.51028
G1 X174.832 Y197.339 E52.52155
G1 X174.796 Y197.662 E52.53236
G1 X174.774 Y197.961 E52.54233
G1 X174.777 Y198.56 E52.56226
G1 X174.799 Y198.863 E52.57236
G1 X174.894 Y199.511 E52.59414
G1 X174.976 Y199.844 E52.60555
G1 X175.082 Y200.212 E52.61829
G1 X175.18 Y200.493 E52.62818
G1 X175.304 Y200.795 E52.63904
G1 X175.44 Y201.1 E52.65015
G1 X175.606 Y201.401 E52.66158
G1 X175.801 Y201.727 E52.67422
G1 X175.975 Y201.981 E52.68446
G1 X176.222 Y202.305 E52.69801
G1 X176.429 Y202.545 E52.70855
G1 X176.681 Y202.809 E52.72069
G1 X176.93 Y203.046 E52.73212
G1 X177.177 Y203.254 E52.74286
G1 X177.423 Y203.462 E52.75062
G1 X177.632 Y203.628 E52.75354
G0 F7500 X178.091 Y203.797
G0 X178.665 Y204.034
;TYPE:WALL-OUTER
G1 F1500 X171.048 Y203.99 E53.00689
G1 X171.049 Y145.964 E54.93684
G1 X178.358 Y146.006 E55.17994
G1 X178.015 Y146.301 E55.19499
G1 X177.761 Y146.499 E55.2057
G1 X177.198 Y146.974 E55.2302
G1 X176.963 Y147.197 E55.24098
G1 X176.727 Y147.442 E55.25229
G1 X176.54 Y147.661 E55.26187
G1 X176.36 Y147.895 E55.27169
G1 X176.166 Y148.161 E55.28264
G1 X176.001 Y148.434 E55.29325
G1 X175.855 Y148.699 E55.30331
G1 X175.728 Y148.95 E55.31267
G1 X175.516 Y149.473 E55.33144
G1 X175.429 Y149.737 E55.34068
G1 X175.351 Y150.034 E55.3509
G1 X175.276 Y150.341 E55.36141
G1 X175.229 Y150.651 E55.37183
G1 X175.194 Y150.959 E55.38214
G1 X175.174 Y151.234 E55.39132
G1 X175.177 Y151.803 E55.41024
G1 X175.197 Y152.079 E55.41944
G1 X175.287 Y152.693 E55.44008
G1 X175.363 Y152.999 E55.45057
G1 X175.447 Y153.296 E55.46084
G1 X175.533 Y153.558 E55.47001
G1 X175.672 Y153.896 E55.48216
G1 X175.799 Y154.181 E55.49254
G1 X175.953 Y154.462 E55.5032
G1 X176.138 Y154.77 E55.51515
G1 X176.299 Y155.007 E55.52468
G1 X176.533 Y155.312 E55.53747
G1 X176.725 Y155.535 E55.54725
G1 X176.964 Y155.785 E55.55876
G1 X177.197 Y156.007 E55.56946
G1 X177.675 Y156.411 E55.59028
G1 X177.866 Y156.565 E55.59844
G1 X178.113 Y156.78 E55.60933
G1 X178.323 Y156.985 E55.61909
G1 X178.559 Y157.307 E55.63237
G1 X178.44 Y157.54 E55.64107
G1 X178.255 Y157.75 E55.65038
G1 X178.016 Y157.979 E55.66139
G1 X177.757 Y158.186 E55.67241
G1 X177.198 Y158.659 E55.69677
G1 X176.963 Y158.882 E55.70754
G1 X176.727 Y159.128 E55.71888
G1 X176.54 Y159.346 E55.72844
G1 X176.36 Y159.58 E55.73825
G1 X176.166 Y159.847 E55.74923
G1 X176.001 Y160.119 E55.75981
G1 X175.855 Y160.384 E55.76988
G1 X175.728 Y160.635 E55.77923
G1 X175.516 Y161.158 E55.798
G1 X175.429 Y161.422 E55.80725
G1 X175.351 Y161.72 E55.81749
G1 X175.276 Y162.027 E55.828
G1 X175.229 Y162.337 E55.83843
G1 X175.194 Y162.644 E55.84871
G1 X175.174 Y162.919 E55.85788
G1 X175.177 Y163.488 E55.87681
G1 X175.197 Y163.764 E55.88601
G1 X175.286 Y164.378 E55.90664
G1 X175.363 Y164.685 E55.91717
G1 X175.463 Y165.036 E55.92931
G1 X175.554 Y165.295 E55.93844
G1 X175.672 Y165.581 E55.94873
G1 X175.799 Y165.866 E55.95911
G1 X175.953 Y166.147 E55.96977
G1 X176.138 Y166.456 E55.98175
G1 X176.299 Y166.692 E55.99125
G1 X176.533 Y166.997 E56.00403
G1 X176.725 Y167.221 E56.01385
G1 X176.964 Y167.47 E56.02532
G1 X177.197 Y167.692 E56.03603
G1 X177.675 Y168.096 E56.05685
G1 X177.866 Y168.25 E56.06501
G1 X178.113 Y168.465 E56.0759
G1 X178.323 Y168.67 E56.08566
G1 X178.561 Y169.005 E56.09933
G1 X178.44 Y169.225 E56.10768
G1 X178.26 Y169.429 E56.11673
G1 X178.015 Y169.664 E56.12802
G1 X177.757 Y169.872 E56.13904
G1 X177.198 Y170.344 E56.16337
G1 X176.963 Y170.567 E56.17415
G1 X176.727 Y170.813 E56.18549
G1 X176.54 Y171.031 E56.19504
G1 X176.36 Y171.265 E56.20486
G1 X176.166 Y171.532 E56.21584
G1 X176.001 Y171.805 E56.22645
G1 X175.855 Y172.069 E56.23648
G1 X175.728 Y172.321 E56.24586
G1 X175.516 Y172.843 E56.2646
G1 X175.429 Y173.107 E56.27385
G1 X175.351 Y173.405 E56.28409
G1 X175.276 Y173.712 E56.29461
G1 X175.229 Y174.022 E56.30503
G1 X175.194 Y174.329 E56.31531
G1 X175.174 Y174.604 E56.32448
G1 X175.177 Y175.173 E56.34341
G1 X175.197 Y175.449 E56.35261
G1 X175.286 Y176.063 E56.37325
G1 X175.363 Y176.371 E56.38381
G1 X175.463 Y176.721 E56.39591
G1 X175.554 Y176.98 E56.40504
G1 X175.672 Y177.266 E56.41533
G1 X175.799 Y177.551 E56.42571
G1 X175.953 Y177.832 E56.43637
G1 X176.138 Y178.141 E56.44835
G1 X176.299 Y178.377 E56.45785
G1 X176.533 Y178.682 E56.47064
G1 X176.725 Y178.906 E56.48045
G1 X176.964 Y179.155 E56.49193
G1 X177.197 Y179.377 E56.50263
G1 X177.674 Y179.781 E56.52342
G1 X177.866 Y179.936 E56.53163
G1 X178.113 Y180.15 E56.5425
G1 X178.323 Y180.355 E56.55226
G1 X178.559 Y180.678 E56.56556
G1 X178.44 Y180.91 E56.57424
G1 X178.26 Y181.114 E56.58329
G1 X178.015 Y181.349 E56.59458
G1 X177.757 Y181.557 E56.6056
G1 X177.197 Y182.029 E56.62996
G1 X176.963 Y182.252 E56.64071
G1 X176.727 Y182.498 E56.65205
G1 X176.54 Y182.716 E56.6616
G1 X176.36 Y182.951 E56.67145
G1 X176.166 Y183.217 E56.6824
G1 X176.001 Y183.49 E56.69301
G1 X175.855 Y183.754 E56.70304
G1 X175.728 Y184.006 E56.71243
G1 X175.516 Y184.528 E56.73117
G1 X175.429 Y184.792 E56.74041
G1 X175.351 Y185.09 E56.75066
G1 X175.276 Y185.397 E56.76117
G1 X175.229 Y185.707 E56.7716
G1 X175.194 Y186.014 E56.78187
G1 X175.174 Y186.289 E56.79104
G1 X175.177 Y186.859 E56.81
G1 X175.197 Y187.134 E56.81917
G1 X175.286 Y187.748 E56.83981
G1 X175.363 Y188.056 E56.85037
G1 X175.463 Y188.406 E56.86247
G1 X175.554 Y188.666 E56.87164
G1 X175.672 Y188.951 E56.8819
G1 X175.799 Y189.237 E56.8923
G1 X175.953 Y189.517 E56.90293
G1 X176.138 Y189.826 E56.91491
G1 X176.299 Y190.062 E56.92441
G1 X176.533 Y190.368 E56.93722
G1 X176.725 Y190.591 E56.94701
G1 X176.964 Y190.84 E56.95849
G1 X177.197 Y191.063 E56.96922
G1 X177.674 Y191.466 E56.98999
G1 X177.866 Y191.621 E56.99819
G1 X178.113 Y191.835 E57.00906
G1 X178.323 Y192.04 E57.01883
G1 X178.561 Y192.375 E57.03249
G1 X178.44 Y192.595 E57.04084
G1 X178.26 Y192.799 E57.04989
G1 X178.015 Y193.034 E57.06118
G1 X177.757 Y193.242 E57.07221
G1 X177.197 Y193.714 E57.09657
G1 X176.963 Y193.937 E57.10732
G1 X176.727 Y194.183 E57.11866
G1 X176.54 Y194.401 E57.12821
G1 X176.36 Y194.636 E57.13805
G1 X176.166 Y194.902 E57.149
G1 X176.001 Y195.175 E57.15961
G1 X175.855 Y195.44 E57.16968
G1 X175.728 Y195.691 E57.17903
G1 X175.516 Y196.213 E57.19777
G1 X175.429 Y196.477 E57.20702
G1 X175.351 Y196.775 E57.21726
G1 X175.276 Y197.082 E57.22777
G1 X175.229 Y197.392 E57.2382
G1 X175.194 Y197.699 E57.24848
G1 X175.174 Y197.974 E57.25765
G1 X175.177 Y198.544 E57.27661
G1 X175.197 Y198.819 E57.28578
G1 X175.287 Y199.434 E57.30645
G1 X175.363 Y199.741 E57.31697
G1 X175.463 Y200.091 E57.32908
G1 X175.554 Y200.351 E57.33824
G1 X175.672 Y200.637 E57.34853
G1 X175.799 Y200.922 E57.35891
G1 X175.953 Y201.202 E57.36954
G1 X176.138 Y201.511 E57.38151
G1 X176.299 Y201.747 E57.39102
G1 X176.533 Y202.053 E57.40383
G1 X176.725 Y202.276 E57.41362
G1 X176.964 Y202.526 E57.42512
G1 X177.197 Y202.748 E57.43582
G1 X177.677 Y203.153 E57.45671
G1 X177.874 Y203.31 E57.46509
G1 X178.145 Y203.532 E57.47674
G1 X178.422 Y203.773 E57.48895
G1 X178.632 Y203.978 E57.49872
G1 X178.665 Y204.034 E57.50088
G0 F7500 X178.091 Y203.797
G0 X176.558 Y203.512
G0 X176.56 Y203.232
;TYPE:SKIN
G1 F1500 X171.838 Y203.204 E57.65793
G1 X171.839 Y146.758 E59.53534
G1 X176.264 Y146.784 E59.68251
G1 X176.142 Y146.911 E59.68837
G1 X175.926 Y147.163 E59.69941
G1 X175.728 Y147.421 E59.71023
G1 X175.508 Y147.723 E59.72266
G1 X175.317 Y148.039 E59.73494
G1 X175.156 Y148.33 E59.746
G1 X175.009 Y148.622 E59.75687
G1 X174.774 Y149.2 E59.77762
G1 X174.671 Y149.512 E59.78855
G1 X174.585 Y149.84 E59.79983
G1 X174.5 Y150.187 E59.81171
G1 X174.446 Y150.547 E59.82382
G1 X174.408 Y150.886 E59.83516
G1 X174.384 Y151.207 E59.84587
G1 X174.387 Y151.834 E59.86673
G1 X174.411 Y152.166 E59.8778
G1 X174.511 Y152.846 E59.90066
G1 X174.599 Y153.202 E59.91285
G1 X174.691 Y153.528 E59.92412
G1 X174.792 Y153.832 E59.93477
G1 X174.945 Y154.208 E59.94828
G1 X175.091 Y154.533 E59.96013
G1 X175.268 Y154.856 E59.97238
G1 X175.473 Y155.197 E59.98561
G1 X175.659 Y155.469 E59.99657
G1 X175.92 Y155.81 E60.01085
G1 X176.14 Y156.065 E60.02205
G1 X176.406 Y156.344 E60.03488
G1 X176.669 Y156.596 E60.04699
G1 X177.172 Y157.019 E60.06885
G1 X177.353 Y157.167 E60.07663
G1 X177.546 Y157.334 E60.08511
G1 X177.495 Y157.384 E60.08749
G1 X177.255 Y157.576 E60.09771
G1 X176.671 Y158.07 E60.12315
G1 X176.406 Y158.321 E60.13529
G1 X176.142 Y158.597 E60.148
G1 X175.927 Y158.848 E60.15899
G1 X175.728 Y159.106 E60.16983
G1 X175.508 Y159.409 E60.18228
G1 X175.318 Y159.724 E60.19452
G1 X175.156 Y160.015 E60.20559
G1 X175.009 Y160.307 E60.21647
G1 X174.774 Y160.885 E60.23722
G1 X174.671 Y161.198 E60.24818
G1 X174.585 Y161.526 E60.25946
G1 X174.5 Y161.873 E60.27134
G1 X174.446 Y162.233 E60.28345
G1 X174.408 Y162.571 E60.29476
G1 X174.384 Y162.892 E60.30547
G1 X174.387 Y163.519 E60.32632
G1 X174.411 Y163.85 E60.33736
G1 X174.51 Y164.532 E60.36028
G1 X174.6 Y164.889 E60.37252
G1 X174.71 Y165.274 E60.38584
G1 X174.815 Y165.576 E60.39648
G1 X174.945 Y165.893 E60.40787
G1 X175.091 Y166.217 E60.41969
G1 X175.267 Y166.54 E60.43193
G1 X175.472 Y166.883 E60.44522
G1 X175.659 Y167.156 E60.45622
G1 X175.919 Y167.495 E60.47043
G1 X176.14 Y167.753 E60.48173
G1 X176.407 Y168.03 E60.49453
G1 X176.669 Y168.28 E60.50657
G1 X177.172 Y168.704 E60.52845
G1 X177.352 Y168.851 E60.53618
G1 X177.546 Y169.019 E60.54472
G1 X177.492 Y169.071 E60.54721
G1 X177.254 Y169.262 E60.55736
G1 X176.671 Y169.755 E60.58276
G1 X176.406 Y170.006 E60.5949
G1 X176.142 Y170.282 E60.6076
G1 X175.927 Y170.533 E60.61859
G1 X175.728 Y170.791 E60.62943
G1 X175.506 Y171.095 E60.64195
G1 X175.318 Y171.41 E60.65415
G1 X175.156 Y171.699 E60.66517
G1 X175.008 Y171.993 E60.67612
G1 X174.774 Y172.571 E60.69686
G1 X174.671 Y172.883 E60.70778
G1 X174.585 Y173.211 E60.71906
G1 X174.5 Y173.558 E60.73094
G1 X174.446 Y173.918 E60.74305
G1 X174.408 Y174.256 E60.75436
G1 X174.384 Y174.577 E60.76507
G1 X174.387 Y175.204 E60.78593
G1 X174.411 Y175.535 E60.79696
G1 X174.51 Y176.216 E60.81985
G1 X174.6 Y176.575 E60.83216
G1 X174.71 Y176.959 E60.84545
G1 X174.815 Y177.261 E60.85608
G1 X174.945 Y177.578 E60.86748
G1 X175.091 Y177.902 E60.8793
G1 X175.267 Y178.225 E60.89153
G1 X175.472 Y178.568 E60.90482
G1 X175.659 Y178.841 E60.91583
G1 X175.919 Y179.18 E60.93004
G1 X176.14 Y179.438 E60.94134
G1 X176.407 Y179.715 E60.95413
G1 X176.669 Y179.965 E60.96618
G1 X177.171 Y180.39 E60.98805
G1 X177.349 Y180.533 E60.99565
G1 X177.546 Y180.703 E61.0043
G1 X177.483 Y180.765 E61.00724
G1 X177.255 Y180.947 E61.01695
G1 X176.669 Y181.441 E61.04244
G1 X176.406 Y181.692 E61.05453
G1 X176.142 Y181.966 E61.06718
G1 X175.925 Y182.218 E61.07825
G1 X175.728 Y182.478 E61.08909
G1 X175.508 Y182.779 E61.1015
G1 X175.318 Y183.095 E61.11376
G1 X175.156 Y183.384 E61.12478
G1 X175.008 Y183.678 E61.13573
G1 X174.774 Y184.256 E61.15647
G1 X174.671 Y184.568 E61.16739
G1 X174.585 Y184.896 E61.17867
G1 X174.5 Y185.243 E61.19055
G1 X174.446 Y185.603 E61.20266
G1 X174.408 Y185.941 E61.21397
G1 X174.384 Y186.262 E61.22468
G1 X174.387 Y186.89 E61.24557
G1 X174.411 Y187.22 E61.25657
G1 X174.51 Y187.901 E61.27946
G1 X174.6 Y188.26 E61.29177
G1 X174.71 Y188.644 E61.30506
G1 X174.815 Y188.948 E61.31575
G1 X174.945 Y189.263 E61.32709
G1 X175.091 Y189.589 E61.33897
G1 X175.268 Y189.911 E61.35119
G1 X175.473 Y190.253 E61.36445
G1 X175.659 Y190.524 E61.37538
G1 X175.919 Y190.866 E61.38967
G1 X176.14 Y191.123 E61.40095
G1 X176.405 Y191.398 E61.41365
G1 X176.668 Y191.651 E61.42579
G1 X177.171 Y192.075 E61.44767
G1 X177.349 Y192.218 E61.45526
G1 X177.546 Y192.388 E61.46392
G1 X177.483 Y192.45 E61.46686
G1 X177.255 Y192.632 E61.47656
G1 X176.669 Y193.126 E61.50205
G1 X176.406 Y193.377 E61.51414
G1 X176.142 Y193.651 E61.5268
G1 X175.925 Y193.903 E61.53786
G1 X175.728 Y194.163 E61.54871
G1 X175.508 Y194.464 E61.56111
G1 X175.317 Y194.78 E61.57339
G1 X175.156 Y195.071 E61.58445
G1 X175.009 Y195.363 E61.59532
G1 X174.774 Y195.94 E61.61605
G1 X174.671 Y196.253 E61.62701
G1 X174.585 Y196.581 E61.63828
G1 X174.5 Y196.928 E61.65017
G1 X174.446 Y197.288 E61.66227
G1 X174.408 Y197.626 E61.67359
G1 X174.384 Y197.947 E61.68429
G1 X174.387 Y198.575 E61.70518
G1 X174.411 Y198.906 E61.71622
G1 X174.511 Y199.587 E61.73911
G1 X174.599 Y199.945 E61.75137
G1 X174.71 Y200.331 E61.76473
G1 X174.815 Y200.631 E61.7753
G1 X174.945 Y200.949 E61.78673
G1 X175.091 Y201.274 E61.79858
G1 X175.268 Y201.596 E61.8108
G1 X175.473 Y201.938 E61.82406
G1 X175.659 Y202.209 E61.835
G1 X175.919 Y202.551 E61.84928
G1 X176.14 Y202.807 E61.86053
G1 X176.406 Y203.085 E61.87333
G1 X176.56 Y203.232 E61.88041
G0 F7500 X176.056 Y202.952
G1 F1500 X175.941 Y203.067 E61.88582
G0 F7500 X175.793 Y202.649
G1 F1500 X175.378 Y203.064 E61.90534
G0 F7500 X174.816 Y203.061
G1 F1500 X175.549 Y202.328 E61.93982
G0 F7500 X175.319 Y201.992
G1 F1500 X174.254 Y203.057 E61.98991
G0 F7500 X173.691 Y203.054
G1 F1500 X175.108 Y201.637 E62.05656
G0 F7500 X174.912 Y201.268
G1 F1500 X173.129 Y203.051 E62.14043
G0 F7500 X172.567 Y203.047
G1 F1500 X174.74 Y200.874 E62.24264
G0 F7500 X174.586 Y200.463
G1 F1500 X172.004 Y203.045 E62.36409
G0 F7500 X171.998 Y202.484
G1 F1500 X174.455 Y200.028 E62.47964
G0 F7500 X174.347 Y199.57
G1 F1500 X171.998 Y201.919 E62.59013
G0 F7500 X171.998 Y201.353
G1 F1500 X174.274 Y199.078 E62.69716
G0 F7500 X174.226 Y198.56
G1 F1500 X171.998 Y200.787 E62.80193
G0 F7500 X171.998 Y200.222
G1 F1500 X174.224 Y197.996 E62.90664
G0 F7500 X174.274 Y197.381
G1 F1500 X171.998 Y199.656 E63.01367
G0 F7500 X171.998 Y199.09
G1 F1500 X174.39 Y196.698 E63.12618
G0 F7500 X174.615 Y195.908
G1 F1500 X171.998 Y198.525 E63.24928
G0 F7500 X171.998 Y197.959
G1 F1500 X175.078 Y194.88 E63.39413
G0 F7500 X175.462 Y195.094
G0 X174.629 Y198.882
G0 X176.302 Y202.66
G0 X177.078 Y203.428
G0 X171.63 Y203.411
G0 X171.559 Y195.13
G0 X171.998 Y195.131
G1 F1500 X175.964 Y191.164 E63.5807
G0 F7500 X176.239 Y191.456
G1 F1500 X171.998 Y195.696 E63.78016
G0 F7500 X171.998 Y196.262
G1 F1500 X176.526 Y191.734 E63.99315
G0 F7500 X176.831 Y191.995
G1 F1500 X171.998 Y196.828 E64.22047
G0 F7500 X171.998 Y197.393
G1 F1500 X177.139 Y192.253 E64.46227
G0 F7500 X177.414 Y191.913
G0 X176.059 Y190.588
G0 X175.708 Y190.855
G1 F1500 X171.998 Y194.565 E64.63678
G0 F7500 X171.998 Y193.999
G1 F1500 X175.469 Y190.529 E64.80002
G0 F7500 X175.246 Y190.186
G1 F1500 X171.998 Y193.434 E64.95279
G0 F7500 X171.998 Y192.868
G1 F1500 X175.039 Y189.827 E65.09583
G0 F7500 X174.852 Y189.448
G1 F1500 X171.998 Y192.302 E65.23008
G0 F7500 X171.998 Y191.736
G1 F1500 X174.684 Y189.051 E65.35639
G0 F7500 X174.538 Y188.631
G1 F1500 X171.998 Y191.171 E65.47587
G0 F7500 X171.998 Y190.605
G1 F1500 X174.417 Y188.187 E65.58963
G0 F7500 X174.321 Y187.717
G1 F1500 X171.998 Y190.039 E65.69887
G0 F7500 X171.998 Y189.474
G1 F1500 X174.25 Y187.222 E65.8048
G0 F7500 X174.225 Y186.681
G1 F1500 X171.998 Y188.908 E65.90955
G0 F7500 X171.998 Y188.342
G1 F1500 X174.235 Y186.106 E66.01475
G0 F7500 X174.304 Y185.471
G1 F1500 X171.998 Y187.777 E66.12321
G0 F7500 X171.998 Y187.211
G1 F1500 X174.456 Y184.753 E66.23883
G0 F7500 X174.745 Y183.898
G1 F1500 X171.998 Y186.645 E66.36804
G0 F7500 X171.998 Y186.08
G1 F1500 X175.351 Y182.726 E66.52578
G0 F7500 X175.728 Y182.954
G0 X177.84 Y180.71
G0 X177.315 Y180.146
G0 X177.032 Y180.48
G1 F1500 X171.998 Y185.514 E66.76256
G0 F7500 X171.998 Y184.948
G1 F1500 X176.726 Y180.221 E66.98493
G0 F7500 X176.427 Y179.954
G1 F1500 X171.998 Y184.383 E67.19326
G0 F7500 X171.998 Y183.817
G1 F1500 X176.143 Y179.672 E67.38822
G0 F7500 X175.875 Y179.374
G1 F1500 X171.998 Y183.251 E67.57059
G0 F7500 X171.998 Y182.685
G1 F1500 X175.625 Y179.059 E67.74117
G0 F7500 X175.389 Y178.729
G1 F1500 X171.998 Y182.12 E67.90067
G0 F7500 X171.998 Y181.554
G1 F1500 X175.173 Y178.379 E68.05001
G0 F7500 X174.971 Y178.016
G1 F1500 X171.998 Y180.988 E68.18983
G0 F7500 X171.998 Y180.423
G1 F1500 X174.792 Y177.629 E68.32125
G0 F7500 X174.632 Y177.224
G1 F1500 X171.998 Y179.857 E68.44512
G0 F7500 X171.998 Y179.291
G1 F1500 X174.495 Y176.795 E68.56255
G0 F7500 X174.378 Y176.346
G1 F1500 X171.998 Y178.726 E68.6745
G0 F7500 X171.998 Y178.16
G1 F1500 X174.297 Y175.861 E68.78263
G0 F7500 X174.237 Y175.356
G1 F1500 X171.998 Y177.594 E68.88793
G0 F7500 X171.998 Y177.029
G1 F1500 X174.224 Y174.803 E68.99263
G0 F7500 X174.25 Y174.211
G1 F1500 X171.998 Y176.463 E69.09856
G0 F7500 X171.998 Y175.897
G1 F1500 X174.337 Y173.559 E69.20855
G0 F7500 X174.527 Y172.803
G1 F1500 X171.998 Y175.332 E69.32751
G0 F7500 X171.998 Y174.766
G1 F1500 X174.885 Y171.879 E69.46331
G0 F7500 X175.278 Y172.078
G0 X176.349 Y170.47
G0 X176.013 Y170.185
G1 F1500 X171.998 Y174.2 E69.65216
G0 F7500 X171.998 Y173.635
G1 F1500 X176.927 Y168.706 E69.884
G0 F7500 X176.62 Y168.447
G1 F1500 X171.998 Y173.069 E70.10141
G0 F7500 X171.998 Y172.503
G1 F1500 X176.327 Y168.174 E70.30503
G0 F7500 X176.047 Y167.889
G1 F1500 X171.998 Y171.937 E70.49546
G0 F7500 X171.998 Y171.372
G1 F1500 X175.785 Y167.585 E70.67359
G0 F7500 X175.539 Y167.265
G1 F1500 X171.998 Y170.806 E70.84015
G0 F7500 X171.998 Y170.24
G1 F1500 X175.311 Y166.928 E70.99596
G0 F7500 X175.1 Y166.573
G1 F1500 X171.998 Y169.675 E71.14187
G0 F7500 X171.998 Y169.109
G1 F1500 X174.907 Y166.201 E71.27867
G0 F7500 X174.735 Y165.807
G1 F1500 X171.998 Y168.543 E71.40739
G0 F7500 X171.998 Y167.978
G1 F1500 X174.581 Y165.395 E71.52889
G0 F7500 X174.452 Y164.958
G1 F1500 X171.998 Y167.412 E71.64431
G0 F7500 X171.998 Y166.846
G1 F1500 X174.342 Y164.502 E71.75457
G0 F7500 X174.272 Y164.007
G1 F1500 X171.998 Y166.281 E71.86153
G0 F7500 X171.998 Y165.715
G1 F1500 X174.226 Y163.488 E71.96631
G0 F7500 X174.223 Y162.925
G1 F1500 X171.998 Y165.149 E72.07094
G0 F7500 X171.998 Y164.584
G1 F1500 X174.277 Y162.305 E72.17814
G0 F7500 X174.397 Y161.619
G1 F1500 X171.998 Y164.018 E72.29098
G0 F7500 X171.998 Y163.452
G1 F1500 X174.622 Y160.828 E72.4144
G0 F7500 X175.036 Y160.982
G0 X175.483 Y160
G0 X175.099 Y159.786
G1 F1500 X171.998 Y162.886 E72.56024
G0 F7500 X171.998 Y162.321
G1 F1500 X177.129 Y157.19 E72.80159
G0 F7500 X176.821 Y156.933
G1 F1500 X171.998 Y161.755 E73.02842
G0 F7500 X171.998 Y161.189
G1 F1500 X176.516 Y156.672 E73.24091
G0 F7500 X176.23 Y156.392
G1 F1500 X171.998 Y160.624 E73.43997
G0 F7500 X171.998 Y160.058
G1 F1500 X175.957 Y156.099 E73.62619
G0 F7500 X175.701 Y155.789
G1 F1500 X171.998 Y159.492 E73.80037
G0 F7500 X171.998 Y158.927
G1 F1500 X175.46 Y155.465 E73.96321
G0 F7500 X175.239 Y155.12
G1 F1500 X171.998 Y158.361 E74.11566
G0 F7500 X171.998 Y157.795
G1 F1500 X175.032 Y154.761 E74.25837
G0 F7500 X174.847 Y154.381
G1 F1500 X171.998 Y157.23 E74.39238
G0 F7500 X171.998 Y156.664
G1 F1500 X174.68 Y153.983 E74.51851
G0 F7500 X174.533 Y153.563
G1 F1500 X171.998 Y156.098 E74.63774
G0 F7500 X171.998 Y155.533
G1 F1500 X174.412 Y153.119 E74.75129
G0 F7500 X174.318 Y152.647
G1 F1500 X171.998 Y154.967 E74.86042
G0 F7500 X171.998 Y154.401
G1 F1500 X174.248 Y152.152 E74.96623
G0 F7500 X174.224 Y151.61
G1 F1500 X171.998 Y153.836 E75.07093
G0 F7500 X171.998 Y153.27
G1 F1500 X174.235 Y151.033 E75.17615
G0 F7500 X174.306 Y150.397
G1 F1500 X171.998 Y152.704 E75.28469
G0 F7500 X171.998 Y152.138
G1 F1500 X174.46 Y149.676 E75.4005
G0 F7500 X174.757 Y148.814
G1 F1500 X171.998 Y151.573 E75.53027
G0 F7500 X171.998 Y151.007
G1 F1500 X175.375 Y147.63 E75.68911
G0 F7500 X175.501 Y146.938
G1 F1500 X171.998 Y150.441 E75.85388
G0 F7500 X171.998 Y149.876
G1 F1500 X174.939 Y146.935 E75.99222
G0 F7500 X174.376 Y146.932
G1 F1500 X171.998 Y149.31 E76.10407
G0 F7500 X171.998 Y148.744
G1 F1500 X173.814 Y146.929 E76.18947
G0 F7500 X173.251 Y146.926
G1 F1500 X171.998 Y148.179 E76.24841
G0 F7500 X171.998 Y147.613
G1 F1500 X172.689 Y146.922 E76.28091
G0 F7500 X172.126 Y146.919
G1 F1500 X171.998 Y147.047 E76.28693
G1 F1440 E74.78693
G0 F7500 X171.559 Y147.046
G0 X171.631 Y146.549
G0 X176.736 Y146.593
G0 X174.716 Y150.229
G0 X175.287 Y154.436
G0 X177.841 Y157.34
G0 X175.225 Y160.336
G0 X174.935 Y162.911
G0 X174.959 Y163.79
G0 X175.132 Y164.747
G0 X175.585 Y165.972
G0 X176.006 Y166.668
G0 X177.512 Y168.62
G0 X177.237 Y168.962
G1 F1440 E76.28693
G1 F1500 X176.562 Y169.637 E76.31868
G0 F7500 X176.857 Y169.964
G0 X177.84 Y169.025
G0 X175.936 Y166.585
G0 X175.452 Y165.675
G0 X175.051 Y164.424
G0 X174.938 Y163.497
G0 X174.992 Y162.306
G0 X175.291 Y161.076
G0 X175.794 Y159.999
G0 X177.395 Y157.745
G0 X177.841 Y157.34
G0 X175.936 Y154.899
G0 X175.452 Y153.99
G0 X175.052 Y152.739
G0 X174.938 Y151.812
G0 X174.992 Y150.62
G0 X175.291 Y149.391
G0 X175.433 Y149.087
G0 X176.545 Y146.895
G0 X176.468 Y146.82
;TYPE:SKIN
G1 F1500 X176.732 Y146.556 E76.32489
G0 F7500 X176.451 Y146.554
G1 F1500 X176.384 Y146.621 E76.32646
G1 F1440 E74.82646
G0 F7500 X176.385 Y146.506
G0 X176.736 Y146.593
G0 X175.51 Y148.851
G0 X175.119 Y149.976
G0 X174.935 Y151.226
G0 X174.959 Y152.105
G0 X175.218 Y153.365
G0 X175.746 Y154.581
G0 X177.311 Y156.851
G0 X177.841 Y157.34
G0 X175.966 Y159.714
G0 X175.51 Y160.536
G0 X175.119 Y161.662
G0 X174.935 Y162.911
G0 X174.959 Y163.79
G0 X175.132 Y164.747
G0 X175.585 Y165.972
G0 X176.816 Y168.117
G0 X177.84 Y169.025
G0 X175.966 Y171.399
G0 X175.51 Y172.222
G0 X175.119 Y173.347
G0 X174.935 Y174.596
G0 X174.959 Y175.475
G0 X175.132 Y176.433
G0 X175.585 Y177.657
G0 X176.815 Y179.802
G0 X177.84 Y180.71
G0 X175.966 Y183.084
G0 X175.51 Y183.907
G0 X175.119 Y185.032
G0 X174.935 Y186.281
G0 X174.959 Y187.16
G0 X175.132 Y188.118
G0 X175.585 Y189.343
G0 X176.823 Y191.507
G0 X177.84 Y192.395
G0 X175.966 Y194.769
G0 X175.51 Y195.592
G0 X175.119 Y196.717
G0 X174.935 Y197.966
G0 X174.959 Y198.845
G0 X175.234 Y200.164
G0 X175.648 Y201.1
G0 X176.938 Y203.197
G0 X176.906 Y203.234
G1 F1440 E76.32646
G1 F1500 X176.677 Y203.462 E76.33184
G0 F7500 X176.959 Y203.464
G1 F1500 X177.059 Y203.363 E76.3342
G0 F7500 X177.843 Y203.711
G1 F1500 X178.045 Y203.792 E76.34234
G1 F1440 E74.84234
G0 F7500 X177.984 Y203.73
G0 X176.548 Y202.436
G0 X175.746 Y201.321
G0 X175.234 Y200.164
G0 X174.959 Y198.845
G0 X174.956 Y197.677
G0 X175.199 Y196.409
G0 X175.643 Y195.329
G0 X176.354 Y194.25
G0 X177.037 Y193.536
G0 X177.876 Y192.846
G0 X177.715 Y191.807
G0 X176.548 Y190.752
G0 X175.746 Y189.636
G0 X175.234 Y188.479
G0 X175.051 Y187.794
G0 X174.938 Y186.868
G0 X174.992 Y185.676
G0 X175.291 Y184.446
G0 X175.794 Y183.37
G0 X176.55 Y182.338
G0 X177.84 Y180.71
G0 X175.936 Y178.27
G0 X175.33 Y177.065
G0 X175.051 Y176.109
G0 X174.938 Y175.182
G0 X174.992 Y173.991
G0 X175.291 Y172.761
G0 X175.794 Y171.685
G0 X177.643 Y169.216
G0 X177.84 Y169.025
G0 X175.936 Y166.585
G0 X175.452 Y165.675
G0 X175.051 Y164.424
G0 X174.938 Y163.497
G0 X174.992 Y162.306
G0 X175.291 Y161.076
G0 X175.794 Y159.999
G0 X177.528 Y157.627
G0 X177.841 Y157.34
G0 X175.936 Y154.899
G0 X175.452 Y153.99
G0 X175.052 Y152.739
G0 X174.938 Y151.812
G0 X174.992 Y150.62
G0 X175.291 Y149.391
G0 X175.794 Y148.315
G0 X176.406 Y147.479
G0 X177.418 Y146.397
G0 X177.556 Y146.298
G1 F1440 E76.34234
G1 F1500 X177.378 Y146.193 E76.3489
G0 F7500 X177.09 Y146.281
G1 F1440 E74.8489
;MESH:NONMESH
G0 F300 X177.09 Y146.281 Z0.6
G0 F7500 X177.09 Y146.298
G0 X175.643 Y148.588
G0 X175.199 Y149.669
G0 X174.956 Y150.937
G0 X174.959 Y152.105
G0 X175.218 Y153.365
G0 X175.746 Y154.581
G0 X177.311 Y156.851
G0 X177.841 Y157.34
G0 X175.966 Y159.714
G0 X175.51 Y160.536
G0 X175.119 Y161.662
G0 X174.935 Y162.911
G0 X174.959 Y163.79
G0 X175.132 Y164.747
G0 X175.585 Y165.972
G0 X176.105 Y166.832
G0 X177.84 Y169.025
G0 X175.966 Y171.399
G0 X175.51 Y172.222
G0 X175.119 Y173.347
G0 X174.935 Y174.596
G0 X174.959 Y175.475
G0 X175.132 Y176.433
G0 X175.585 Y177.657
G0 X176.105 Y178.517
G0 X177.84 Y180.71
G0 X175.966 Y183.084
G0 X175.51 Y183.907
G0 X175.119 Y185.032
G0 X174.935 Y186.281
G0 X174.959 Y187.16
G0 X175.132 Y188.118
G0 X175.585 Y189.343
G0 X176.347 Y190.519
G0 X177.84 Y192.395
G0 X175.966 Y194.769
G0 X175.51 Y195.592
G0 X175.119 Y196.717
G0 X174.935 Y197.966
G0 X174.959 Y198.845
G0 X175.234 Y200.164
G0 X175.746 Y201.321
G0 X176.394 Y202.223
G0 X177.63 Y203.628
;TIME_ELAPSED:146.511904
;LAYER:2
M106 S170
;TYPE:WALL-INNER
;MESH:Vertical_Tension_Member.stl
G1 F1440 E76.3489
G1 F1800 X177.436 Y203.628 E76.35535
G1 X177.216 Y203.626 E76.36267
G1 X177.133 Y203.626 E76.36543
G1 X171.468 Y203.592 E76.55385
G1 X171.469 Y146.566 E78.45054
G1 X171.469 Y146.366 E78.4572
G1 X171.669 Y146.367 E78.46149
G1 X176.76 Y146.397 E78.63082
G1 X177.04 Y146.398 E78.64014
G1 X177.254 Y146.4 E78.64726
G1 X177.039 Y146.58 E78.65062
G1 X176.831 Y146.767 E78.65755
G1 X176.788 Y146.806 E78.65948
G1 X176.522 Y147.075 E78.67207
G1 X176.274 Y147.345 E78.68426
G1 X175.919 Y147.814 E78.70382
G1 X175.725 Y148.106 E78.71548
G1 X175.436 Y148.625 E78.73524
G1 X175.291 Y148.944 E78.7469
G1 X175.184 Y149.214 E78.75656
G1 X175.065 Y149.539 E78.76807
G1 X174.988 Y149.831 E78.77811
G1 X174.916 Y150.115 E78.78786
G1 X174.847 Y150.457 E78.79946
G1 X174.816 Y150.747 E78.80916
G1 X174.778 Y151.048 E78.81925
G1 X174.767 Y151.394 E78.83076
G1 X174.771 Y151.69 E78.84061
G1 X174.785 Y152.031 E78.85196
G1 X174.866 Y152.621 E78.87177
G1 X174.935 Y152.965 E78.88344
G1 X175.098 Y153.536 E78.90319
G1 X175.218 Y153.861 E78.91471
G1 X175.337 Y154.133 E78.92459
G1 X175.478 Y154.439 E78.93579
G1 X175.632 Y154.708 E78.9461
G1 X175.779 Y154.955 E78.95566
G1 X175.975 Y155.252 E78.9675
G1 X176.209 Y155.555 E78.98023
G1 X176.441 Y155.822 E78.992
G1 X176.706 Y156.097 E79.0047
G1 X176.912 Y156.292 E79.01413
G1 X177.486 Y156.779 E79.03917
G1 X177.739 Y156.978 E79.04987
G1 X177.893 Y157.125 E79.05696
G1 X177.949 Y157.179 E79.05954
G1 X178.083 Y157.33 E79.06626
G1 X178.019 Y157.418 E79.06988
G1 X177.963 Y157.472 E79.07246
G1 X177.757 Y157.67 E79.08197
G1 X177.485 Y157.889 E79.09358
G1 X177.038 Y158.265 E79.11301
G1 X176.788 Y158.491 E79.12422
G1 X176.522 Y158.76 E79.1368
G1 X176.275 Y159.03 E79.14897
G1 X176.096 Y159.263 E79.15875
G1 X175.918 Y159.5 E79.1686
G1 X175.725 Y159.792 E79.18025
G1 X175.436 Y160.31 E79.19997
G1 X175.291 Y160.629 E79.21163
G1 X175.184 Y160.899 E79.22129
G1 X175.065 Y161.225 E79.23283
G1 X174.916 Y161.799 E79.25255
G1 X174.847 Y162.143 E79.26422
G1 X174.816 Y162.432 E79.27389
G1 X174.778 Y162.733 E79.28398
G1 X174.767 Y163.08 E79.29553
G1 X174.771 Y163.376 E79.30538
G1 X174.785 Y163.716 E79.31669
G1 X174.866 Y164.306 E79.3365
G1 X174.935 Y164.65 E79.34817
G1 X175.098 Y165.221 E79.36792
G1 X175.218 Y165.547 E79.37947
G1 X175.337 Y165.819 E79.38935
G1 X175.478 Y166.125 E79.40056
G1 X175.631 Y166.394 E79.41085
G1 X175.779 Y166.642 E79.42045
G1 X175.976 Y166.937 E79.43225
G1 X176.18 Y167.202 E79.44338
G1 X176.373 Y167.435 E79.45344
G1 X176.787 Y167.86 E79.47317
G1 X177.036 Y168.084 E79.48431
G1 X177.303 Y168.31 E79.49595
G1 X177.657 Y168.602 E79.51121
G1 X177.92 Y168.842 E79.52305
G1 X177.985 Y168.902 E79.52599
G1 X178.078 Y169.028 E79.5312
G1 X177.987 Y169.133 E79.53582
G1 X177.923 Y169.195 E79.53879
G1 X177.756 Y169.357 E79.54653
G1 X177.485 Y169.574 E79.55807
G1 X177.038 Y169.95 E79.5775
G1 X176.788 Y170.176 E79.58871
G1 X176.522 Y170.445 E79.60129
G1 X176.275 Y170.715 E79.61346
G1 X176.096 Y170.948 E79.62324
G1 X175.918 Y171.185 E79.63309
G1 X175.724 Y171.478 E79.64478
G1 X175.587 Y171.727 E79.65423
G1 X175.436 Y171.994 E79.66444
G1 X175.291 Y172.315 E79.67615
G1 X175.184 Y172.584 E79.68578
G1 X175.065 Y172.91 E79.69732
G1 X174.916 Y173.484 E79.71705
G1 X174.847 Y173.828 E79.72872
G1 X174.816 Y174.117 E79.73838
G1 X174.778 Y174.418 E79.74847
G1 X174.767 Y174.765 E79.76002
G1 X174.771 Y175.061 E79.76987
G1 X174.785 Y175.401 E79.78119
G1 X174.866 Y175.991 E79.80099
G1 X174.935 Y176.335 E79.81266
G1 X175.098 Y176.906 E79.83241
G1 X175.218 Y177.232 E79.84397
G1 X175.337 Y177.504 E79.85384
G1 X175.478 Y177.81 E79.86505
G1 X175.631 Y178.079 E79.87534
G1 X175.779 Y178.327 E79.88495
G1 X175.976 Y178.622 E79.89674
G1 X176.18 Y178.887 E79.90787
G1 X176.373 Y179.118 E79.91788
G1 X176.705 Y179.466 E79.93388
G1 X176.911 Y179.662 E79.94333
G1 X177.379 Y180.058 E79.96372
G1 X177.657 Y180.287 E79.9757
G1 X177.926 Y180.535 E79.98787
G1 X177.996 Y180.599 E79.99103
G1 X178.086 Y180.703 E79.9956
G1 X177.987 Y180.818 E80.00065
G1 X177.919 Y180.884 E80.0038
G1 X177.756 Y181.042 E80.01135
G1 X177.538 Y181.217 E80.02065
G1 X176.911 Y181.744 E80.04789
G1 X176.705 Y181.942 E80.05739
G1 X176.442 Y182.214 E80.06998
G1 X176.214 Y182.476 E80.08153
G1 X175.862 Y182.95 E80.10117
G1 X175.673 Y183.25 E80.11296
G1 X175.534 Y183.501 E80.1225
G1 X175.372 Y183.812 E80.13417
G1 X175.257 Y184.089 E80.14414
G1 X175.148 Y184.362 E80.15392
G1 X175.037 Y184.693 E80.16553
G1 X174.89 Y185.271 E80.18537
G1 X174.834 Y185.612 E80.19686
G1 X174.8 Y185.907 E80.20674
G1 X174.77 Y186.244 E80.21799
G1 X174.773 Y186.841 E80.23785
G1 X174.796 Y187.192 E80.24955
G1 X174.841 Y187.482 E80.25931
G1 X174.883 Y187.78 E80.26932
G1 X174.961 Y188.117 E80.28082
G1 X175.043 Y188.403 E80.29072
G1 X175.143 Y188.725 E80.30193
G1 X175.373 Y189.277 E80.32182
G1 X175.528 Y189.587 E80.33335
G1 X175.726 Y189.923 E80.34632
G1 X175.874 Y190.165 E80.35575
G1 X176.094 Y190.461 E80.36802
G1 X176.322 Y190.748 E80.38021
G1 X176.703 Y191.149 E80.39861
G1 X176.911 Y191.348 E80.40818
G1 X177.485 Y191.832 E80.43316
G1 X177.737 Y192.032 E80.44386
G1 X177.892 Y192.181 E80.45101
G1 X177.949 Y192.235 E80.45362
G1 X178.082 Y192.386 E80.46031
G1 X178.018 Y192.473 E80.4639
G1 X177.962 Y192.527 E80.46649
G1 X177.75 Y192.731 E80.47628
G1 X177.485 Y192.945 E80.48761
G1 X177.038 Y193.321 E80.50703
G1 X176.788 Y193.546 E80.51822
G1 X176.522 Y193.815 E80.5308
G1 X176.274 Y194.086 E80.54302
G1 X175.918 Y194.554 E80.56258
G1 X175.724 Y194.848 E80.57429
G1 X175.587 Y195.097 E80.58375
G1 X175.436 Y195.364 E80.59395
G1 X175.291 Y195.685 E80.60566
G1 X175.184 Y195.955 E80.61532
G1 X175.065 Y196.28 E80.62684
G1 X174.916 Y196.855 E80.64659
G1 X174.847 Y197.198 E80.65823
G1 X174.816 Y197.487 E80.6679
G1 X174.778 Y197.788 E80.67799
G1 X174.767 Y198.135 E80.68953
G1 X174.771 Y198.431 E80.69938
G1 X174.785 Y198.772 E80.71073
G1 X174.866 Y199.363 E80.73057
G1 X174.935 Y199.705 E80.74218
G1 X175.098 Y200.277 E80.76196
G1 X175.218 Y200.602 E80.77348
G1 X175.337 Y200.874 E80.78336
G1 X175.478 Y201.18 E80.79456
G1 X175.631 Y201.449 E80.80485
G1 X175.78 Y201.697 E80.81448
G1 X175.975 Y201.991 E80.82621
G1 X176.18 Y202.258 E80.83741
G1 X176.373 Y202.489 E80.84742
G1 X176.708 Y202.839 E80.86353
G1 X176.973 Y203.086 E80.87558
G1 X177.153 Y203.234 E80.88333
G1 X177.217 Y203.286 E80.88588
G1 X177.436 Y203.476 E80.8937
G1 X177.63 Y203.628 E80.89628
G0 F9000 X178.087 Y203.796
G0 X178.663 Y204.034
;TYPE:WALL-OUTER
G1 F1800 X171.068 Y203.99 E81.1489
G1 X171.069 Y145.964 E83.07885
G1 X178.349 Y146.006 E83.32099
G1 X178.026 Y146.29 E83.33529
G1 X177.742 Y146.512 E83.34728
G1 X177.301 Y146.882 E83.36643
G1 X177.064 Y147.095 E83.37703
G1 X176.812 Y147.351 E83.38898
G1 X176.581 Y147.602 E83.40032
G1 X176.245 Y148.045 E83.41881
G1 X176.067 Y148.314 E83.42954
G1 X175.793 Y148.806 E83.44827
G1 X175.659 Y149.1 E83.45902
G1 X175.558 Y149.356 E83.46817
G1 X175.447 Y149.659 E83.47891
G1 X175.375 Y149.931 E83.48826
G1 X175.306 Y150.203 E83.4976
G1 X175.243 Y150.518 E83.50828
G1 X175.213 Y150.798 E83.51765
G1 X175.177 Y151.08 E83.5271
G1 X175.167 Y151.397 E83.53765
G1 X175.171 Y151.679 E83.54703
G1 X175.184 Y151.995 E83.55755
G1 X175.261 Y152.555 E83.57635
G1 X175.324 Y152.871 E83.58707
G1 X175.479 Y153.412 E83.60579
G1 X175.589 Y153.712 E83.61641
G1 X175.702 Y153.969 E83.62575
G1 X175.834 Y154.256 E83.63626
G1 X175.977 Y154.506 E83.64584
G1 X176.118 Y154.742 E83.65498
G1 X176.301 Y155.019 E83.66602
G1 X176.519 Y155.302 E83.67791
G1 X176.736 Y155.552 E83.68892
G1 X176.988 Y155.813 E83.70098
G1 X177.179 Y155.994 E83.70973
G1 X177.739 Y156.469 E83.73416
G1 X178.003 Y156.677 E83.74534
G1 X178.236 Y156.9 E83.75606
G1 X178.431 Y157.119 E83.76582
G1 X178.557 Y157.36 E83.77486
G1 X178.323 Y157.68 E83.78805
G1 X178.014 Y157.977 E83.8023
G1 X177.739 Y158.198 E83.81404
G1 X177.301 Y158.567 E83.83308
G1 X177.064 Y158.78 E83.84368
G1 X176.812 Y159.036 E83.85563
G1 X176.581 Y159.288 E83.867
G1 X176.414 Y159.505 E83.87611
G1 X176.245 Y159.73 E83.88547
G1 X176.067 Y160 E83.89622
G1 X175.793 Y160.491 E83.91493
G1 X175.659 Y160.785 E83.92567
G1 X175.558 Y161.041 E83.93483
G1 X175.447 Y161.344 E83.94556
G1 X175.306 Y161.888 E83.96425
G1 X175.243 Y162.204 E83.97497
G1 X175.213 Y162.483 E83.9843
G1 X175.177 Y162.765 E83.99375
G1 X175.167 Y163.083 E84.00434
G1 X175.171 Y163.365 E84.01372
G1 X175.184 Y163.68 E84.0242
G1 X175.261 Y164.24 E84.043
G1 X175.324 Y164.556 E84.05372
G1 X175.479 Y165.097 E84.07244
G1 X175.589 Y165.398 E84.0831
G1 X175.702 Y165.655 E84.09244
G1 X175.834 Y165.942 E84.10294
G1 X175.977 Y166.192 E84.11252
G1 X176.118 Y166.429 E84.12169
G1 X176.301 Y166.704 E84.13268
G1 X176.492 Y166.952 E84.14309
G1 X176.671 Y167.167 E84.1524
G1 X177.065 Y167.572 E84.17119
G1 X177.299 Y167.783 E84.18167
G1 X177.559 Y168.003 E84.193
G1 X177.919 Y168.299 E84.2085
G1 X178.103 Y168.458 E84.21659
G1 X178.287 Y168.638 E84.22515
G1 X178.555 Y168.998 E84.24007
G1 X178.45 Y169.209 E84.24791
G1 X178.281 Y169.405 E84.25652
G1 X178.019 Y169.659 E84.26866
G1 X177.739 Y169.883 E84.28058
G1 X177.301 Y170.252 E84.29963
G1 X177.064 Y170.465 E84.31023
G1 X176.812 Y170.721 E84.32218
G1 X176.581 Y170.973 E84.33355
G1 X176.414 Y171.19 E84.34266
G1 X176.245 Y171.415 E84.35202
G1 X176.067 Y171.685 E84.36277
G1 X175.935 Y171.924 E84.37185
G1 X175.793 Y172.175 E84.38145
G1 X175.659 Y172.471 E84.39225
G1 X175.558 Y172.726 E84.40137
G1 X175.447 Y173.029 E84.41211
G1 X175.306 Y173.573 E84.4308
G1 X175.243 Y173.889 E84.44152
G1 X175.213 Y174.168 E84.45085
G1 X175.177 Y174.45 E84.4603
G1 X175.167 Y174.768 E84.47089
G1 X175.171 Y175.05 E84.48027
G1 X175.184 Y175.365 E84.49075
G1 X175.261 Y175.925 E84.50955
G1 X175.324 Y176.241 E84.52027
G1 X175.479 Y176.782 E84.53899
G1 X175.589 Y177.083 E84.54965
G1 X175.702 Y177.34 E84.55898
G1 X175.834 Y177.627 E84.56949
G1 X175.977 Y177.877 E84.57907
G1 X176.118 Y178.114 E84.58824
G1 X176.301 Y178.389 E84.59923
G1 X176.492 Y178.637 E84.60964
G1 X176.671 Y178.851 E84.61892
G1 X176.988 Y179.183 E84.63419
G1 X177.178 Y179.364 E84.64292
G1 X177.635 Y179.751 E84.66283
G1 X177.919 Y179.984 E84.67505
G1 X178.103 Y180.143 E84.68314
G1 X178.287 Y180.323 E84.6917
G1 X178.45 Y180.513 E84.70003
G1 X178.554 Y180.674 E84.7064
G1 X178.45 Y180.894 E84.7145
G1 X178.281 Y181.09 E84.7231
G1 X178.019 Y181.344 E84.73524
G1 X177.792 Y181.526 E84.74492
G1 X177.178 Y182.042 E84.77159
G1 X176.987 Y182.225 E84.78039
G1 X176.737 Y182.484 E84.79236
G1 X176.526 Y182.727 E84.80307
G1 X176.192 Y183.176 E84.82168
G1 X176.017 Y183.454 E84.83261
G1 X175.886 Y183.69 E84.84158
G1 X175.735 Y183.981 E84.85249
G1 X175.628 Y184.24 E84.86181
G1 X175.524 Y184.5 E84.87112
G1 X175.421 Y184.806 E84.88186
G1 X175.282 Y185.353 E84.90063
G1 X175.23 Y185.667 E84.91122
G1 X175.198 Y185.947 E84.92059
G1 X175.17 Y186.261 E84.93108
G1 X175.173 Y186.827 E84.9499
G1 X175.194 Y187.148 E84.9606
G1 X175.237 Y187.426 E84.96996
G1 X175.277 Y187.707 E84.9794
G1 X175.348 Y188.017 E84.98998
G1 X175.426 Y188.288 E84.99936
G1 X175.519 Y188.588 E85.0098
G1 X175.737 Y189.11 E85.02862
G1 X175.88 Y189.396 E85.03925
G1 X176.069 Y189.717 E85.05164
G1 X176.206 Y189.941 E85.06037
G1 X176.411 Y190.217 E85.07181
G1 X176.624 Y190.485 E85.0832
G1 X176.987 Y190.867 E85.10072
G1 X177.178 Y191.05 E85.10952
G1 X177.504 Y191.323 E85.12366
G1 X177.739 Y191.523 E85.13393
G1 X178.003 Y191.733 E85.14515
G1 X178.236 Y191.956 E85.15587
G1 X178.428 Y192.172 E85.16549
G1 X178.555 Y192.418 E85.17469
G1 X178.318 Y192.74 E85.18799
G1 X178.014 Y193.033 E85.20203
G1 X177.739 Y193.254 E85.21377
G1 X177.301 Y193.623 E85.23282
G1 X177.064 Y193.836 E85.24342
G1 X176.812 Y194.091 E85.25534
G1 X176.581 Y194.343 E85.26671
G1 X176.245 Y194.785 E85.28518
G1 X176.067 Y195.055 E85.29593
G1 X175.935 Y195.294 E85.30501
G1 X175.793 Y195.545 E85.31461
G1 X175.659 Y195.841 E85.32541
G1 X175.558 Y196.097 E85.33457
G1 X175.447 Y196.399 E85.34527
G1 X175.306 Y196.944 E85.36399
G1 X175.243 Y197.259 E85.37467
G1 X175.213 Y197.538 E85.38401
G1 X175.177 Y197.82 E85.39346
G1 X175.167 Y198.138 E85.40405
G1 X175.171 Y198.42 E85.41343
G1 X175.184 Y198.736 E85.42394
G1 X175.261 Y199.296 E85.44275
G1 X175.324 Y199.611 E85.45343
G1 X175.479 Y200.153 E85.47218
G1 X175.589 Y200.453 E85.48281
G1 X175.702 Y200.71 E85.49215
G1 X175.834 Y200.997 E85.50265
G1 X175.977 Y201.247 E85.51223
G1 X176.118 Y201.484 E85.5214
G1 X176.301 Y201.758 E85.53236
G1 X176.492 Y202.008 E85.54283
G1 X176.671 Y202.222 E85.55211
G1 X176.989 Y202.554 E85.5674
G1 X177.237 Y202.785 E85.57867
G1 X177.478 Y202.983 E85.58904
G1 X177.691 Y203.167 E85.5984
G1 X178.034 Y203.437 E85.61292
G1 X178.442 Y203.796 E85.631
G1 X178.63 Y203.976 E85.63966
G1 X178.663 Y204.034 E85.64187
G0 F9000 X178.087 Y203.796
G0 X176.555 Y203.512
G0 X176.557 Y203.232
;TYPE:SKIN
G1 F1800 X171.858 Y203.204 E85.79817
G1 X171.859 Y146.758 E87.67557
G1 X176.261 Y146.784 E87.82198
G1 X175.974 Y147.095 E87.83606
G1 X175.601 Y147.588 E87.85662
G1 X175.392 Y147.903 E87.86919
G1 X175.087 Y148.449 E87.88999
G1 X174.932 Y148.792 E87.90251
G1 X174.819 Y149.075 E87.91265
G1 X174.693 Y149.422 E87.92493
G1 X174.61 Y149.733 E87.93563
G1 X174.536 Y150.029 E87.94578
G1 X174.461 Y150.398 E87.9583
G1 X174.428 Y150.706 E87.96861
G1 X174.388 Y151.017 E87.97904
G1 X174.377 Y151.39 E87.99145
G1 X174.381 Y151.7 E88.00176
G1 X174.397 Y152.066 E88.01394
G1 X174.482 Y152.685 E88.03473
G1 X174.555 Y153.057 E88.04733
G1 X174.727 Y153.657 E88.06809
G1 X174.856 Y154.007 E88.0805
G1 X174.982 Y154.293 E88.0909
G1 X175.131 Y154.618 E88.10279
G1 X175.295 Y154.905 E88.11378
G1 X175.449 Y155.162 E88.12375
G1 X175.657 Y155.478 E88.13633
G1 X175.907 Y155.802 E88.14994
G1 X176.153 Y156.085 E88.16241
G1 X176.431 Y156.374 E88.17575
G1 X176.651 Y156.582 E88.18582
G1 X177.239 Y157.081 E88.21147
G1 X177.483 Y157.272 E88.22178
G1 X177.546 Y157.332 E88.22467
G1 X177.495 Y157.382 E88.22704
G1 X177.237 Y157.588 E88.23803
G1 X176.782 Y157.971 E88.25781
G1 X176.519 Y158.209 E88.2696
G1 X176.239 Y158.491 E88.28282
G1 X175.976 Y158.779 E88.29579
G1 X175.599 Y159.275 E88.31651
G1 X175.392 Y159.589 E88.32902
G1 X175.087 Y160.134 E88.3498
G1 X174.932 Y160.477 E88.36231
G1 X174.819 Y160.76 E88.37245
G1 X174.692 Y161.108 E88.38477
G1 X174.536 Y161.711 E88.40549
G1 X174.461 Y162.084 E88.41814
G1 X174.428 Y162.391 E88.42841
G1 X174.388 Y162.702 E88.43884
G1 X174.377 Y163.076 E88.45129
G1 X174.381 Y163.386 E88.4616
G1 X174.397 Y163.751 E88.47375
G1 X174.482 Y164.37 E88.49453
G1 X174.555 Y164.742 E88.50714
G1 X174.727 Y165.342 E88.5279
G1 X174.856 Y165.693 E88.54034
G1 X174.982 Y165.979 E88.55073
G1 X175.131 Y166.303 E88.56259
G1 X175.294 Y166.591 E88.5736
G1 X175.449 Y166.85 E88.58364
G1 X175.659 Y167.165 E88.59623
G1 X175.876 Y167.446 E88.60804
G1 X176.083 Y167.696 E88.61883
G1 X176.516 Y168.141 E88.63948
G1 X176.779 Y168.378 E88.65126
G1 X177.053 Y168.609 E88.66318
G1 X177.394 Y168.89 E88.67788
G1 X177.54 Y169.023 E88.68444
G1 X177.5 Y169.063 E88.68633
G1 X177.237 Y169.272 E88.6975
G1 X176.782 Y169.656 E88.7173
G1 X176.519 Y169.894 E88.7291
G1 X176.239 Y170.176 E88.74232
G1 X175.976 Y170.464 E88.75529
G1 X175.786 Y170.712 E88.76568
G1 X175.6 Y170.96 E88.77599
G1 X175.39 Y171.276 E88.78861
G1 X175.248 Y171.535 E88.79843
G1 X175.087 Y171.817 E88.80923
G1 X174.932 Y172.163 E88.82184
G1 X174.819 Y172.445 E88.83195
G1 X174.692 Y172.793 E88.84427
G1 X174.536 Y173.396 E88.86499
G1 X174.461 Y173.769 E88.87764
G1 X174.428 Y174.076 E88.88791
G1 X174.388 Y174.387 E88.89834
G1 X174.377 Y174.761 E88.91078
G1 X174.381 Y175.071 E88.92109
G1 X174.397 Y175.436 E88.93325
G1 X174.482 Y176.055 E88.95403
G1 X174.555 Y176.427 E88.96664
G1 X174.727 Y177.027 E88.9874
G1 X174.856 Y177.378 E88.99983
G1 X174.982 Y177.664 E89.01023
G1 X175.131 Y177.988 E89.02209
G1 X175.294 Y178.276 E89.0331
G1 X175.449 Y178.535 E89.04314
G1 X175.659 Y178.85 E89.05573
G1 X175.876 Y179.131 E89.06754
G1 X176.082 Y179.378 E89.07823
G1 X176.43 Y179.742 E89.09498
G1 X176.65 Y179.952 E89.1051
G1 X177.129 Y180.358 E89.12598
G1 X177.409 Y180.588 E89.13803
G1 X177.54 Y180.709 E89.14397
G1 X177.5 Y180.748 E89.14582
G1 X177.29 Y180.915 E89.15475
G1 X176.65 Y181.454 E89.18258
G1 X176.43 Y181.666 E89.19274
G1 X176.155 Y181.951 E89.20591
G1 X175.91 Y182.232 E89.21831
G1 X175.54 Y182.73 E89.23895
G1 X175.337 Y183.051 E89.25158
G1 X175.191 Y183.316 E89.26164
G1 X175.019 Y183.647 E89.27405
G1 X174.896 Y183.942 E89.28468
G1 X174.782 Y184.227 E89.29489
G1 X174.663 Y184.582 E89.30734
G1 X174.508 Y185.191 E89.32824
G1 X174.448 Y185.558 E89.34061
G1 X174.412 Y185.868 E89.35099
G1 X174.38 Y186.228 E89.36301
G1 X174.383 Y186.855 E89.38387
G1 X174.408 Y187.235 E89.39653
G1 X174.455 Y187.536 E89.40667
G1 X174.499 Y187.852 E89.41728
G1 X174.583 Y188.215 E89.42967
G1 X174.669 Y188.515 E89.44005
G1 X174.776 Y188.858 E89.452
G1 X175.018 Y189.439 E89.47293
G1 X175.185 Y189.774 E89.48538
G1 X175.392 Y190.124 E89.49891
G1 X175.55 Y190.383 E89.509
G1 X175.784 Y190.699 E89.52208
G1 X176.028 Y191.004 E89.53507
G1 X176.426 Y191.424 E89.55431
G1 X176.65 Y191.638 E89.56462
G1 X177.238 Y192.134 E89.5902
G1 X177.495 Y192.338 E89.60112
G1 X177.545 Y192.387 E89.60344
G1 X177.497 Y192.433 E89.60566
G1 X177.237 Y192.644 E89.61679
G1 X176.782 Y193.027 E89.63657
G1 X176.519 Y193.263 E89.64833
G1 X176.239 Y193.546 E89.66157
G1 X175.974 Y193.836 E89.67463
G1 X175.6 Y194.328 E89.69519
G1 X175.39 Y194.647 E89.70789
G1 X175.248 Y194.905 E89.71769
G1 X175.087 Y195.187 E89.72849
G1 X174.932 Y195.533 E89.7411
G1 X174.819 Y195.816 E89.75123
G1 X174.692 Y196.163 E89.76352
G1 X174.536 Y196.767 E89.78427
G1 X174.461 Y197.139 E89.79689
G1 X174.428 Y197.446 E89.80716
G1 X174.388 Y197.757 E89.81759
G1 X174.377 Y198.131 E89.83004
G1 X174.381 Y198.441 E89.84035
G1 X174.397 Y198.807 E89.85253
G1 X174.482 Y199.428 E89.87338
G1 X174.556 Y199.797 E89.8859
G1 X174.727 Y200.398 E89.90668
G1 X174.856 Y200.748 E89.91909
G1 X174.982 Y201.034 E89.92948
G1 X175.131 Y201.358 E89.94134
G1 X175.294 Y201.646 E89.95235
G1 X175.45 Y201.906 E89.96243
G1 X175.657 Y202.218 E89.97489
G1 X175.876 Y202.502 E89.98681
G1 X176.082 Y202.749 E89.99751
G1 X176.433 Y203.116 E90.0144
G1 X176.557 Y203.232 E90.02005
G0 F9000 X176.555 Y203.512
G0 X171.65 Y203.411
G0 X171.579 Y202.563
G0 X172.017 Y202.564
G1 F1800 X172.5 Y203.047 E90.04277
G0 F9000 X173.068 Y203.049
G1 F1800 X172.017 Y201.999 E90.09218
G0 F9000 X172.017 Y201.433
G1 F1800 X173.637 Y203.053 E90.16838
G0 F9000 X174.207 Y203.057
G1 F1800 X172.017 Y200.867 E90.27139
G0 F9000 X172.017 Y200.302
G1 F1800 X174.775 Y203.059 E90.4011
G0 F9000 X175.344 Y203.063
G1 F1800 X172.017 Y199.736 E90.55759
G0 F9000 X172.017 Y199.17
G1 F1800 X175.914 Y203.066 E90.74087
G0 F9000 X175.911 Y203.508
G0 X177.08 Y203.428
G0 X175.558 Y201.542
G0 X175.18 Y201.767
G1 F1800 X172.017 Y198.605 E90.88962
G0 F9000 X172.017 Y198.039
G1 F1800 X174.662 Y200.683 E91.01401
G0 F9000 X174.407 Y199.863
G1 F1800 X172.017 Y197.473 E91.12643
G0 F9000 X172.017 Y196.908
G1 F1800 X174.286 Y199.177 E91.23316
G0 F9000 X174.226 Y198.55
G1 F1800 X172.017 Y196.342 E91.33704
G0 F9000 X172.017 Y195.776
G1 F1800 X174.221 Y197.979 E91.44068
G0 F9000 X174.265 Y197.458
G1 F1800 X172.017 Y195.21 E91.54642
G0 F9000 X172.017 Y194.645
G1 F1800 X174.333 Y196.961 E91.65536
G0 F9000 X174.439 Y196.501
G1 F1800 X172.017 Y194.079 E91.76928
G0 F9000 X172.017 Y193.513
G1 F1800 X174.561 Y196.057 E91.88894
G0 F9000 X174.715 Y195.645
G1 F1800 X172.017 Y192.948 E92.01583
G0 F9000 X172.017 Y192.382
G1 F1800 X174.883 Y195.248 E92.15063
G0 F9000 X175.078 Y194.877
G1 F1800 X172.017 Y191.816 E92.29461
G0 F9000 X172.017 Y191.251
G1 F1800 X175.283 Y194.517 E92.44824
G0 F9000 X175.511 Y194.179
G1 F1800 X172.017 Y190.685 E92.61258
G0 F9000 X172.017 Y190.119
G1 F1800 X175.756 Y193.858 E92.78846
G0 F9000 X176.016 Y193.552
G1 F1800 X172.017 Y189.554 E92.97653
G0 F9000 X172.017 Y188.988
G1 F1800 X176.292 Y193.262 E93.17759
G0 F9000 X176.584 Y192.989
G1 F1800 X172.017 Y188.422 E93.39241
G0 F9000 X172.017 Y187.857
G1 F1800 X176.888 Y192.727 E93.6215
G0 F9000 X177.196 Y192.47
G1 F1800 X172.017 Y187.291 E93.86511
G0 F9000 X172.017 Y186.725
G1 F1800 X174.947 Y189.655 E94.00293
G0 F9000 X175.341 Y189.46
G0 X174.98 Y188.572
G0 X174.559 Y188.701
G1 F1800 X172.017 Y186.16 E94.12247
G0 F9000 X172.017 Y185.594
G1 F1800 X174.353 Y187.929 E94.23232
G0 F9000 X174.251 Y187.262
G1 F1800 X172.017 Y185.028 E94.33741
G0 F9000 X172.017 Y184.462
G1 F1800 X174.221 Y186.666 E94.44107
G0 F9000 X174.23 Y186.109
G1 F1800 X172.017 Y183.897 E94.54514
G0 F9000 X172.017 Y183.331
G1 F1800 X174.282 Y185.596 E94.65168
G0 F9000 X174.363 Y185.111
G1 F1800 X172.017 Y182.765 E94.76203
G0 F9000 X172.017 Y182.2
G1 F1800 X174.477 Y184.66 E94.87774
G0 F9000 X174.612 Y184.228
G1 F1800 X172.017 Y181.634 E94.99978
G0 F9000 X172.017 Y181.068
G1 F1800 X174.772 Y183.823 E95.12937
G0 F9000 X174.949 Y183.434
G1 F1800 X172.017 Y180.503 E95.26725
G0 F9000 X172.017 Y179.937
G1 F1800 X175.146 Y183.065 E95.41441
G0 F9000 X175.361 Y182.714
G1 F1800 X172.017 Y179.371 E95.57168
G0 F9000 X172.017 Y178.806
G1 F1800 X175.596 Y182.384 E95.74
G0 F9000 X175.842 Y182.065
G1 F1800 X172.017 Y178.24 E95.91992
G0 F9000 X172.017 Y177.674
G1 F1800 X176.111 Y181.768 E96.11248
G0 F9000 X176.39 Y181.481
G1 F1800 X172.017 Y177.109 E96.31815
G0 F9000 X172.017 Y176.543
G1 F1800 X176.686 Y181.212 E96.53777
G0 F9000 X176.994 Y180.954
G1 F1800 X172.017 Y175.977 E96.77187
G0 F9000 X172.017 Y175.411
G1 F1800 X175.485 Y178.879 E96.935
G0 F9000 X175.852 Y178.636
G0 X175.188 Y177.439
G0 X174.786 Y177.614
G1 F1800 X172.017 Y174.846 E97.06522
G0 F9000 X172.017 Y174.28
G1 F1800 X174.478 Y176.741 E97.18098
G0 F9000 X174.315 Y176.012
G1 F1800 X172.017 Y173.714 E97.28907
G0 F9000 X172.017 Y173.149
G1 F1800 X174.234 Y175.366 E97.39335
G0 F9000 X174.218 Y174.784
G1 F1800 X172.017 Y172.583 E97.49688
G0 F9000 X172.017 Y172.017
G1 F1800 X174.245 Y174.245 E97.60167
G0 F9000 X174.303 Y173.737
G1 F1800 X172.017 Y171.452 E97.70918
G0 F9000 X172.017 Y170.886
G1 F1800 X174.402 Y173.271 E97.82136
G0 F9000 X174.518 Y172.821
G1 F1800 X172.017 Y170.32 E97.939
G0 F9000 X172.017 Y169.755
G1 F1800 X174.665 Y172.402 E98.06353
G0 F9000 X174.829 Y172
G1 F1800 X172.017 Y169.189 E98.19577
G0 F9000 X172.017 Y168.623
G1 F1800 X175.013 Y171.619 E98.3367
G0 F9000 X175.217 Y171.257
G1 F1800 X172.017 Y168.058 E98.48719
G0 F9000 X172.017 Y167.492
G1 F1800 X175.438 Y170.913 E98.6481
G0 F9000 X175.679 Y170.588
G1 F1800 X172.017 Y166.926 E98.82035
G0 F9000 X172.017 Y166.361
G1 F1800 X175.931 Y170.274 E99.00443
G0 F9000 X176.204 Y169.982
G1 F1800 X172.017 Y165.795 E99.20138
G0 F9000 X172.017 Y165.229
G1 F1800 X176.491 Y169.702 E99.4118
G0 F9000 X176.79 Y169.436
G1 F1800 X172.017 Y164.663 E99.6363
G0 F9000 X172.017 Y164.098
G1 F1800 X177.097 Y169.178 E99.87525
G0 F9000 X177.381 Y169.517
G0 X177.841 Y169.02
G0 X175.536 Y166.45
G0 X175.153 Y166.667
G1 F1800 X172.017 Y163.532 E100.02274
G0 F9000 X172.017 Y162.966
G1 F1800 X174.651 Y165.6 E100.14663
G0 F9000 X174.398 Y164.782
G1 F1800 X172.017 Y162.401 E100.25863
G0 F9000 X172.017 Y161.835
G1 F1800 X174.284 Y164.101 E100.36524
G0 F9000 X174.224 Y163.476
G1 F1800 X172.017 Y161.269 E100.46905
G0 F9000 X172.017 Y160.704
G1 F1800 X174.221 Y162.907 E100.57269
G0 F9000 X174.267 Y162.387
G1 F1800 X172.017 Y160.138 E100.6785
G0 F9000 X172.017 Y159.572
G1 F1800 X174.336 Y161.891 E100.78758
G0 F9000 X174.443 Y161.432
G1 F1800 X172.017 Y159.007 E100.90167
G0 F9000 X172.017 Y158.441
G1 F1800 X174.565 Y160.989 E101.02152
G0 F9000 X174.719 Y160.576
G1 F1800 X172.017 Y157.875 E101.14859
G0 F9000 X172.017 Y157.31
G1 F1800 X174.889 Y160.181 E101.28365
G0 F9000 X175.084 Y159.811
G1 F1800 X172.017 Y156.744 E101.42792
G0 F9000 X172.017 Y156.178
G1 F1800 X175.29 Y159.451 E101.58187
G0 F9000 X175.519 Y159.114
G1 F1800 X172.017 Y155.612 E101.74659
G0 F9000 X172.017 Y155.047
G1 F1800 X175.764 Y158.793 E101.92282
G0 F9000 X176.025 Y158.488
G1 F1800 X172.017 Y154.481 E102.11132
G0 F9000 X172.017 Y153.915
G1 F1800 X176.301 Y158.199 E102.31282
G0 F9000 X176.592 Y157.925
G1 F1800 X172.017 Y153.35 E102.52802
G0 F9000 X172.017 Y152.784
G1 F1800 X176.896 Y157.663 E102.75751
G0 F9000 X177.205 Y157.406
G1 F1800 X172.017 Y152.218 E103.00154
G0 F9000 X172.017 Y151.653
G1 F1800 X174.931 Y154.567 E103.1386
G0 F9000 X175.33 Y154.384
G0 X174.973 Y153.498
G0 X174.548 Y153.618
G1 F1800 X172.017 Y151.087 E103.25765
G0 F9000 X172.017 Y150.521
G1 F1800 X174.351 Y152.855 E103.36744
G0 F9000 X174.252 Y152.19
G1 F1800 X172.017 Y149.956 E103.47254
G0 F9000 X172.017 Y149.39
G1 F1800 X174.219 Y151.591 E103.57609
G0 F9000 X174.226 Y151.033
G1 F1800 X172.017 Y148.824 E103.68
G0 F9000 X172.017 Y148.259
G1 F1800 X174.286 Y150.527 E103.7867
G0 F9000 X174.368 Y150.044
G1 F1800 X172.017 Y147.693 E103.89729
G0 F9000 X172.017 Y147.127
G1 F1800 X174.482 Y149.591 E104.01321
G0 F9000 X174.617 Y149.161
G1 F1800 X172.377 Y146.921 E104.11857
G0 F9000 X172.946 Y146.924
G1 F1800 X174.774 Y148.753 E104.20458
G0 F9000 X174.951 Y148.364
G1 F1800 X173.515 Y146.928 E104.27212
G0 F9000 X174.084 Y146.931
G1 F1800 X175.153 Y148 E104.32241
G0 F9000 X175.368 Y147.649
G1 F1800 X174.653 Y146.934 E104.35604
G0 F9000 X175.222 Y146.938
G1 F1800 X175.603 Y147.319 E104.37396
G0 F9000 X175.953 Y147.585
G0 X176.57 Y146.87
G0 X176.425 Y146.726
;TYPE:SKIN
G1 F1800 X176.533 Y146.834 E104.3765
G0 F9000 X176.674 Y146.692
G1 F1800 X176.537 Y146.556 E104.37971
G1 F1440 E102.87971
G0 F9000 X176.537 Y146.507
G0 X175.439 Y149.007
G0 X175.072 Y150.151
G0 X174.927 Y151.395
G0 X175.025 Y152.594
G0 X175.366 Y153.801
G0 X176.566 Y156.214
G0 X177.844 Y157.338
G0 X175.862 Y159.876
G0 X175.334 Y160.956
G0 X175.006 Y162.168
G0 X174.932 Y163.372
G0 X175.091 Y164.612
G0 X175.484 Y165.753
G0 X176.924 Y168.212
G0 X177.841 Y169.02
G0 X175.862 Y171.561
G0 X175.334 Y172.641
G0 X175.006 Y173.853
G0 X174.932 Y175.057
G0 X175.091 Y176.297
G0 X175.484 Y177.438
G0 X176.797 Y179.789
G0 X177.84 Y180.705
G0 X175.995 Y183.041
G0 X175.406 Y184.15
G0 X175.047 Y185.304
G0 X174.931 Y186.252
G0 X175 Y187.459
G0 X175.294 Y188.669
G0 X175.864 Y189.84
G0 X177.624 Y192.159
G0 X177.842 Y192.388
G0 X175.862 Y194.931
G0 X175.334 Y196.012
G0 X175.006 Y197.223
G0 X174.932 Y198.427
G0 X175.091 Y199.667
G0 X175.484 Y200.808
G0 X176.861 Y203.214
G0 X177.08 Y203.428
G0 X176.714 Y203.513
G0 X176.715 Y203.303
G1 F1440 E104.37971
G1 F1800 X176.875 Y203.462 E104.38346
G0 F9000 X177.062 Y203.366
G1 F1800 X177.114 Y203.419 E104.38469
G0 F9000 X177.968 Y203.707
G1 F1800 X177.79 Y203.812 E104.39352
G1 F1440 E102.89352
G0 F9000 X177.749 Y203.729
G0 X176.106 Y201.897
G0 X175.484 Y200.808
G0 X175.091 Y199.667
G0 X174.932 Y198.427
G0 X175.006 Y197.223
G0 X175.334 Y196.012
G0 X175.862 Y194.931
G0 X177.842 Y192.388
G0 X176.007 Y190.075
G0 X175.519 Y189.209
G0 X175.116 Y188.076
G0 X174.934 Y186.835
G0 X174.993 Y185.634
G0 X175.299 Y184.418
G0 X175.811 Y183.332
G0 X177.638 Y180.903
G0 X177.84 Y180.705
G0 X175.916 Y178.242
G0 X175.366 Y177.172
G0 X175.025 Y175.964
G0 X174.927 Y174.766
G0 X175.073 Y173.52
G0 X175.439 Y172.378
G0 X176.049 Y171.277
G0 X177.841 Y169.02
G0 X175.916 Y166.557
G0 X175.366 Y165.487
G0 X175.025 Y164.279
G0 X174.927 Y163.081
G0 X175.073 Y161.835
G0 X175.439 Y160.692
G0 X176.049 Y159.592
G0 X177.836 Y157.308
G0 X175.916 Y154.869
G0 X175.366 Y153.801
G0 X175.025 Y152.594
G0 X174.927 Y151.395
G0 X175.072 Y150.151
G0 X175.439 Y149.007
G0 X176.05 Y147.906
G0 X176.53 Y147.349
G0 X177.474 Y146.346
G0 X177.553 Y146.441
G1 F1440 E104.39352
G1 F1800 X177.372 Y146.259 E104.39779
G0 F9000 X177.572 Y146.177
G1 F1800 X177.71 Y146.314 E104.40102
G1 F1440 E102.90102
;MESH:NONMESH
G0 F300 X177.71 Y146.314 Z0.8
G0 F9000 X177.635 Y146.217
G0 X176.397 Y147.449
G0 X175.862 Y148.19
G0 X175.334 Y149.271
G0 X175.006 Y150.482
G0 X174.932 Y151.686
G0 X175.091 Y152.927
G0 X175.484 Y154.067
G0 X176.106 Y155.158
G0 X177.844 Y157.338
G0 X175.862 Y159.876
G0 X175.334 Y160.956
G0 X175.006 Y162.168
G0 X174.932 Y163.372
G0 X175.091 Y164.612
G0 X175.484 Y165.753
G0 X176.106 Y166.844
G0 X177.841 Y169.02
G0 X175.862 Y171.561
G0 X175.334 Y172.641
G0 X175.006 Y173.853
G0 X174.932 Y175.057
G0 X175.091 Y176.297
G0 X175.484 Y177.438
G0 X176.106 Y178.529
G0 X177.84 Y180.705
G0 X175.995 Y183.041
G0 X175.406 Y184.15
G0 X175.047 Y185.304
G0 X174.931 Y186.252
G0 X175 Y187.459
G0 X175.294 Y188.669
G0 X175.864 Y189.84
G0 X177.624 Y192.175
G0 X177.842 Y192.388
G0 X175.862 Y194.931
G0 X175.334 Y196.012
G0 X175.006 Y197.223
G0 X174.932 Y198.427
G0 X175.091 Y199.667
G0 X175.484 Y200.808
G0 X176.106 Y201.897
G0 X177.622 Y203.628
;TIME_ELAPSED:191.691477
;LAYER:3
M106 S255
;TYPE:WALL-INNER
;MESH:Vertical_Tension_Member.stl
G1 F1440 E104.40102
G1 F1800 X177.365 Y203.627 E104.40957
G1 X177.156 Y203.626 E104.41652
G1 X177.138 Y203.626 E104.41712
G1 X171.488 Y203.592 E104.60504
G1 X171.489 Y146.566 E106.50174
G1 X171.489 Y146.366 E106.50839
G1 X171.689 Y146.367 E106.51269
G1 X176.784 Y146.397 E106.68215
G1 X176.871 Y146.397 E106.68504
G1 X177.253 Y146.4 E106.69775
G1 X176.87 Y146.723 E106.70626
G1 X176.809 Y146.784 E106.70888
G1 X176.646 Y146.946 E106.71653
G1 X176.421 Y147.177 E106.72725
G1 X176.199 Y147.434 E106.73855
G1 X175.789 Y147.994 E106.76163
G1 X175.625 Y148.278 E106.77254
G1 X175.468 Y148.559 E106.78325
G1 X175.318 Y148.866 E106.79461
G1 X175.208 Y149.159 E106.80502
G1 X175.07 Y149.509 E106.81753
G1 X174.905 Y150.14 E106.83923
G1 X174.835 Y150.517 E106.85198
G1 X174.809 Y150.789 E106.86107
G1 X174.766 Y151.157 E106.87339
G1 X174.77 Y151.814 E106.89524
G1 X174.8 Y152.195 E106.90795
G1 X174.844 Y152.466 E106.91709
G1 X174.898 Y152.83 E106.92932
G1 X175.072 Y153.463 E106.95116
G1 X175.183 Y153.784 E106.96246
G1 X175.458 Y154.413 E106.98529
G1 X175.628 Y154.707 E106.99658
G1 X175.787 Y154.976 E107.00698
G1 X175.962 Y155.24 E107.01751
G1 X176.194 Y155.544 E107.03023
G1 X176.422 Y155.805 E107.04176
G1 X176.646 Y156.036 E107.05246
G1 X176.888 Y156.275 E107.06377
G1 X177.241 Y156.572 E107.07912
G1 X177.489 Y156.784 E107.08997
G1 X177.714 Y156.958 E107.09943
G1 X177.874 Y157.115 E107.10688
G1 X177.894 Y157.134 E107.1078
G1 X178.08 Y157.336 E107.11693
G1 X177.959 Y157.472 E107.12299
G1 X177.939 Y157.491 E107.12391
G1 X177.721 Y157.701 E107.13397
G1 X177.488 Y157.883 E107.14381
G1 X176.869 Y158.408 E107.1708
G1 X176.646 Y158.631 E107.18129
G1 X176.421 Y158.862 E107.19202
G1 X176.199 Y159.12 E107.20334
G1 X175.789 Y159.678 E107.22637
G1 X175.625 Y159.964 E107.23733
G1 X175.468 Y160.244 E107.24801
G1 X175.318 Y160.552 E107.25941
G1 X175.208 Y160.844 E107.26978
G1 X175.07 Y161.194 E107.2823
G1 X174.905 Y161.826 E107.30402
G1 X174.835 Y162.203 E107.31678
G1 X174.809 Y162.474 E107.32583
G1 X174.766 Y162.842 E107.33815
G1 X174.77 Y163.499 E107.36001
G1 X174.8 Y163.88 E107.37272
G1 X174.844 Y164.152 E107.38188
G1 X174.898 Y164.515 E107.39409
G1 X175.072 Y165.149 E107.41595
G1 X175.183 Y165.469 E107.42722
G1 X175.458 Y166.097 E107.45002
G1 X175.628 Y166.393 E107.46137
G1 X175.787 Y166.662 E107.47177
G1 X175.962 Y166.925 E107.48227
G1 X176.194 Y167.229 E107.49499
G1 X176.422 Y167.49 E107.50652
G1 X176.646 Y167.721 E107.51722
G1 X176.888 Y167.96 E107.52854
G1 X177.239 Y168.254 E107.54376
G1 X177.467 Y168.452 E107.55381
G1 X177.721 Y168.651 E107.56454
G1 X177.882 Y168.806 E107.57197
G1 X177.936 Y168.858 E107.57447
G1 X178.076 Y169.025 E107.58171
G1 X178.023 Y169.099 E107.58474
G1 X177.969 Y169.15 E107.58721
G1 X177.683 Y169.416 E107.6002
G1 X177.487 Y169.568 E107.60845
G1 X176.87 Y170.093 E107.6354
G1 X176.646 Y170.316 E107.64591
G1 X176.421 Y170.547 E107.65664
G1 X176.199 Y170.805 E107.66796
G1 X175.789 Y171.364 E107.69101
G1 X175.469 Y171.928 E107.71258
G1 X175.318 Y172.237 E107.72402
G1 X175.208 Y172.529 E107.7344
G1 X175.07 Y172.879 E107.74691
G1 X174.905 Y173.511 E107.76864
G1 X174.835 Y173.888 E107.78139
G1 X174.809 Y174.159 E107.79044
G1 X174.766 Y174.527 E107.80277
G1 X174.77 Y175.184 E107.82462
G1 X174.8 Y175.565 E107.83733
G1 X174.844 Y175.837 E107.8465
G1 X174.898 Y176.2 E107.8587
G1 X175.072 Y176.834 E107.88057
G1 X175.183 Y177.154 E107.89183
G1 X175.458 Y177.782 E107.91464
G1 X175.628 Y178.078 E107.92599
G1 X175.787 Y178.348 E107.93641
G1 X175.962 Y178.611 E107.94692
G1 X176.194 Y178.914 E107.95961
G1 X176.422 Y179.175 E107.97114
G1 X176.646 Y179.406 E107.98184
G1 X176.888 Y179.645 E107.99315
G1 X177.241 Y179.941 E108.00847
G1 X177.488 Y180.154 E108.01932
G1 X177.718 Y180.332 E108.029
G1 X177.895 Y180.503 E108.03718
G1 X177.959 Y180.565 E108.04015
G1 X178.075 Y180.711 E108.04635
G1 X178.023 Y180.784 E108.04933
G1 X177.958 Y180.845 E108.05229
G1 X177.686 Y181.098 E108.06465
G1 X177.467 Y181.27 E108.07391
G1 X177.153 Y181.54 E108.08768
G1 X176.869 Y181.778 E108.10001
G1 X176.645 Y182.002 E108.11054
G1 X176.421 Y182.233 E108.12125
G1 X176.199 Y182.49 E108.13254
G1 X175.789 Y183.049 E108.1556
G1 X175.625 Y183.334 E108.16654
G1 X175.468 Y183.613 E108.17718
G1 X175.318 Y183.922 E108.18861
G1 X175.208 Y184.214 E108.19899
G1 X175.07 Y184.563 E108.21147
G1 X174.905 Y185.197 E108.23326
G1 X174.835 Y185.573 E108.24598
G1 X174.809 Y185.844 E108.25503
G1 X174.766 Y186.212 E108.26736
G1 X174.77 Y186.87 E108.28924
G1 X174.8 Y187.25 E108.30192
G1 X174.844 Y187.522 E108.31108
G1 X174.898 Y187.885 E108.32329
G1 X175.072 Y188.519 E108.34516
G1 X175.183 Y188.839 E108.35642
G1 X175.458 Y189.467 E108.37923
G1 X175.628 Y189.763 E108.39058
G1 X175.787 Y190.033 E108.401
G1 X175.962 Y190.295 E108.41148
G1 X176.194 Y190.6 E108.42422
G1 X176.423 Y190.861 E108.43577
G1 X176.869 Y191.314 E108.45692
G1 X177.241 Y191.626 E108.47307
G1 X177.488 Y191.839 E108.48391
G1 X177.723 Y192.021 E108.4938
G1 X177.883 Y192.176 E108.50121
G1 X177.937 Y192.229 E108.50373
G1 X178.077 Y192.395 E108.51095
G1 X178.027 Y192.466 E108.51384
G1 X177.972 Y192.517 E108.51633
G1 X177.683 Y192.785 E108.52944
G1 X177.447 Y192.972 E108.53945
G1 X177.248 Y193.145 E108.54823
G1 X177.015 Y193.338 E108.55829
G1 X176.77 Y193.559 E108.56926
G1 X176.29 Y194.061 E108.59236
G1 X176.091 Y194.32 E108.60323
G1 X175.899 Y194.577 E108.6139
G1 X175.712 Y194.862 E108.62523
G1 X175.563 Y195.136 E108.63561
G1 X175.378 Y195.468 E108.64825
G1 X175.136 Y196.072 E108.66989
G1 X175.027 Y196.395 E108.68123
G1 X174.955 Y196.7 E108.69165
G1 X174.864 Y197.062 E108.70407
G1 X174.783 Y197.714 E108.72592
G1 X174.763 Y198.095 E108.73861
G1 X174.772 Y198.368 E108.74769
G1 X174.776 Y198.738 E108.76
G1 X174.867 Y199.391 E108.78193
G1 X174.946 Y199.764 E108.79461
G1 X175.027 Y200.031 E108.80389
G1 X175.126 Y200.379 E108.81592
G1 X175.38 Y200.985 E108.83778
G1 X175.533 Y201.289 E108.8491
G1 X175.702 Y201.566 E108.85989
G1 X175.876 Y201.861 E108.87128
G1 X176.09 Y202.148 E108.88319
G1 X176.314 Y202.43 E108.89517
G1 X176.645 Y202.776 E108.91109
G1 X176.911 Y203.037 E108.92349
G1 X177.145 Y203.229 E108.93356
G1 X177.158 Y203.24 E108.93411
G1 X177.365 Y203.42 E108.9413
G1 X177.622 Y203.628 E108.94546
G0 F9000 X178.083 Y203.802
G0 X178.666 Y204.034
;TYPE:WALL-OUTER
G1 F1800 X171.088 Y203.99 E109.19751
G1 X171.089 Y145.964 E111.12746
G1 X178.357 Y146.006 E111.3692
G1 X178.181 Y146.15 E111.37676
G1 X177.949 Y146.35 E111.38695
G1 X177.724 Y146.523 E111.39639
G1 X177.415 Y146.787 E111.40991
G1 X177.14 Y147.018 E111.42185
G1 X176.93 Y147.227 E111.43171
G1 X176.716 Y147.447 E111.44192
G1 X176.512 Y147.683 E111.45229
G1 X176.125 Y148.213 E111.47412
G1 X175.973 Y148.476 E111.48422
G1 X175.823 Y148.744 E111.49444
G1 X175.686 Y149.025 E111.50484
G1 X175.58 Y149.305 E111.51479
G1 X175.451 Y149.633 E111.52652
G1 X175.296 Y150.228 E111.54697
G1 X175.231 Y150.573 E111.55864
G1 X175.206 Y150.835 E111.5674
G1 X175.166 Y151.179 E111.57892
G1 X175.17 Y151.797 E111.59947
G1 X175.197 Y152.147 E111.61115
G1 X175.24 Y152.408 E111.61994
G1 X175.29 Y152.748 E111.63137
G1 X175.454 Y153.344 E111.65193
G1 X175.556 Y153.638 E111.66228
G1 X175.816 Y154.232 E111.68385
G1 X175.974 Y154.506 E111.69437
G1 X176.126 Y154.764 E111.70433
G1 X176.288 Y155.008 E111.71407
G1 X176.504 Y155.291 E111.72591
G1 X176.716 Y155.534 E111.73664
G1 X176.93 Y155.754 E111.74685
G1 X177.158 Y155.979 E111.7575
G1 X177.502 Y156.268 E111.77244
G1 X177.742 Y156.474 E111.78296
G1 X177.979 Y156.657 E111.79292
G1 X178.174 Y156.848 E111.802
G1 X178.492 Y157.193 E111.81761
G1 X178.551 Y157.325 E111.82242
G1 X178.413 Y157.564 E111.83159
G1 X178.253 Y157.744 E111.8396
G1 X177.983 Y158.004 E111.85207
G1 X177.741 Y158.193 E111.86228
G1 X177.14 Y158.703 E111.8885
G1 X176.93 Y158.912 E111.89835
G1 X176.716 Y159.132 E111.90856
G1 X176.512 Y159.369 E111.91896
G1 X176.125 Y159.897 E111.94074
G1 X175.973 Y160.161 E111.95087
G1 X175.823 Y160.429 E111.96108
G1 X175.686 Y160.711 E111.97151
G1 X175.58 Y160.99 E111.98144
G1 X175.451 Y161.318 E111.99316
G1 X175.296 Y161.913 E112.01361
G1 X175.231 Y162.259 E112.02532
G1 X175.206 Y162.52 E112.03404
G1 X175.166 Y162.864 E112.04556
G1 X175.17 Y163.482 E112.06612
G1 X175.197 Y163.832 E112.07779
G1 X175.24 Y164.094 E112.08662
G1 X175.29 Y164.433 E112.09802
G1 X175.454 Y165.03 E112.11861
G1 X175.556 Y165.323 E112.12893
G1 X175.816 Y165.917 E112.1505
G1 X175.974 Y166.192 E112.16104
G1 X176.126 Y166.449 E112.17098
G1 X176.288 Y166.693 E112.18072
G1 X176.504 Y166.976 E112.19256
G1 X176.716 Y167.219 E112.20328
G1 X176.93 Y167.439 E112.21349
G1 X177.158 Y167.664 E112.22415
G1 X177.501 Y167.952 E112.23904
G1 X177.721 Y168.143 E112.24873
G1 X177.983 Y168.347 E112.25978
G1 X178.23 Y168.585 E112.27118
G1 X178.524 Y168.936 E112.28641
G1 X178.551 Y169.047 E112.29021
G1 X178.325 Y169.365 E112.30319
G1 X177.949 Y169.715 E112.32027
G1 X177.74 Y169.878 E112.32909
G1 X177.414 Y170.157 E112.34336
G1 X177.14 Y170.388 E112.35528
G1 X176.93 Y170.597 E112.36513
G1 X176.716 Y170.817 E112.37534
G1 X176.512 Y171.054 E112.38574
G1 X176.125 Y171.582 E112.40752
G1 X175.823 Y172.114 E112.42786
G1 X175.686 Y172.396 E112.43829
G1 X175.58 Y172.675 E112.44822
G1 X175.451 Y173.003 E112.45994
G1 X175.296 Y173.598 E112.48039
G1 X175.231 Y173.944 E112.4921
G1 X175.206 Y174.205 E112.50082
G1 X175.166 Y174.549 E112.51234
G1 X175.17 Y175.167 E112.53289
G1 X175.197 Y175.517 E112.54457
G1 X175.24 Y175.779 E112.5534
G1 X175.29 Y176.118 E112.5648
G1 X175.454 Y176.715 E112.58539
G1 X175.556 Y177.008 E112.59571
G1 X175.816 Y177.602 E112.61727
G1 X175.974 Y177.877 E112.62782
G1 X176.126 Y178.135 E112.63778
G1 X176.288 Y178.378 E112.6475
G1 X176.504 Y178.661 E112.65934
G1 X176.716 Y178.904 E112.67006
G1 X176.93 Y179.124 E112.68027
G1 X177.158 Y179.349 E112.69093
G1 X177.502 Y179.638 E112.70587
G1 X177.741 Y179.844 E112.71636
G1 X177.983 Y180.032 E112.72656
G1 X178.254 Y180.294 E112.73909
G1 X178.535 Y180.648 E112.75413
G1 X178.553 Y180.729 E112.75689
G1 X178.325 Y181.05 E112.76998
G1 X177.948 Y181.401 E112.78711
G1 X177.721 Y181.579 E112.79671
G1 X177.414 Y181.843 E112.81017
G1 X177.14 Y182.073 E112.82207
G1 X176.93 Y182.283 E112.83195
G1 X176.716 Y182.503 E112.84216
G1 X176.512 Y182.739 E112.85253
G1 X176.125 Y183.268 E112.87433
G1 X175.973 Y183.532 E112.88447
G1 X175.823 Y183.799 E112.89465
G1 X175.686 Y184.081 E112.90508
G1 X175.58 Y184.36 E112.91501
G1 X175.451 Y184.688 E112.92673
G1 X175.372 Y184.986 E112.93698
G1 X175.296 Y185.284 E112.94721
G1 X175.231 Y185.629 E112.95889
G1 X175.206 Y185.89 E112.96761
G1 X175.166 Y186.234 E112.97913
G1 X175.17 Y186.853 E112.99972
G1 X175.197 Y187.202 E113.01136
G1 X175.24 Y187.464 E113.02019
G1 X175.29 Y187.803 E113.03159
G1 X175.454 Y188.4 E113.05218
G1 X175.556 Y188.693 E113.0625
G1 X175.816 Y189.287 E113.08406
G1 X175.974 Y189.562 E113.09461
G1 X176.126 Y189.82 E113.10457
G1 X176.288 Y190.063 E113.11429
G1 X176.504 Y190.347 E113.12615
G1 X176.716 Y190.589 E113.13685
G1 X177.141 Y191.02 E113.15699
G1 X177.502 Y191.323 E113.17266
G1 X177.741 Y191.529 E113.18316
G1 X177.983 Y191.717 E113.19335
G1 X178.23 Y191.956 E113.20478
G1 X178.524 Y192.306 E113.21998
G1 X178.551 Y192.417 E113.22378
G1 X178.328 Y192.732 E113.23662
G1 X177.94 Y193.092 E113.25422
G1 X177.702 Y193.28 E113.26431
G1 X177.504 Y193.452 E113.27303
G1 X177.277 Y193.641 E113.28286
G1 X177.049 Y193.846 E113.29306
G1 X176.594 Y194.322 E113.31496
G1 X176.41 Y194.561 E113.32499
G1 X176.227 Y194.807 E113.33519
G1 X176.055 Y195.068 E113.34558
G1 X175.913 Y195.33 E113.3555
G1 X175.74 Y195.641 E113.36733
G1 X175.511 Y196.21 E113.38773
G1 X175.412 Y196.505 E113.39808
G1 X175.343 Y196.798 E113.40809
G1 X175.258 Y197.136 E113.41969
G1 X175.182 Y197.749 E113.44023
G1 X175.163 Y198.099 E113.45189
G1 X175.172 Y198.363 E113.46067
G1 X175.176 Y198.708 E113.47215
G1 X175.261 Y199.322 E113.49277
G1 X175.334 Y199.664 E113.5044
G1 X175.412 Y199.922 E113.51336
G1 X175.504 Y200.247 E113.5246
G1 X175.744 Y200.818 E113.5452
G1 X175.883 Y201.095 E113.55551
G1 X176.043 Y201.358 E113.56574
G1 X176.209 Y201.639 E113.5766
G1 X176.407 Y201.904 E113.5876
G1 X176.616 Y202.167 E113.59878
G1 X176.93 Y202.495 E113.61388
G1 X177.179 Y202.739 E113.62547
G1 X177.413 Y202.932 E113.63556
G1 X177.622 Y203.113 E113.64476
G1 X178.093 Y203.494 E113.66491
G1 X178.293 Y203.666 E113.67368
G1 X178.503 Y203.862 E113.68323
G1 X178.666 Y204.034 E113.69112
G0 F9000 X178.083 Y203.802
G0 X176.551 Y203.512
G0 X176.553 Y203.232
;TYPE:SKIN
G1 F1800 X171.878 Y203.204 E113.84661
G1 X171.879 Y146.758 E115.72401
G1 X176.259 Y146.784 E115.86969
G1 X176.134 Y146.913 E115.87567
G1 X175.893 Y147.19 E115.88788
G1 X175.462 Y147.781 E115.91221
G1 X175.286 Y148.085 E115.92389
G1 X175.123 Y148.378 E115.93504
G1 X174.959 Y148.712 E115.94742
G1 X174.845 Y149.016 E115.95822
G1 X174.699 Y149.388 E115.97151
G1 X174.524 Y150.055 E115.99444
G1 X174.449 Y150.462 E116.00821
G1 X174.421 Y150.744 E116.01764
G1 X174.376 Y151.136 E116.03076
G1 X174.38 Y151.83 E116.05384
G1 X174.412 Y152.242 E116.06759
G1 X174.458 Y152.523 E116.07706
G1 X174.516 Y152.91 E116.09007
G1 X174.699 Y153.578 E116.11311
G1 X174.82 Y153.926 E116.12536
G1 X175.109 Y154.589 E116.14942
G1 X175.291 Y154.904 E116.16152
G1 X175.456 Y155.183 E116.1723
G1 X175.644 Y155.466 E116.1836
G1 X175.892 Y155.791 E116.1972
G1 X176.135 Y156.069 E116.20948
G1 X176.369 Y156.311 E116.22067
G1 X176.625 Y156.564 E116.23264
G1 X176.988 Y156.869 E116.24841
G1 X177.243 Y157.087 E116.25957
G1 X177.451 Y157.246 E116.26828
G1 X177.54 Y157.334 E116.27244
G1 X177.459 Y157.411 E116.27616
G1 X177.242 Y157.581 E116.28533
G1 X176.604 Y158.121 E116.31313
G1 X176.133 Y158.598 E116.33543
G1 X175.893 Y158.877 E116.34767
G1 X175.462 Y159.465 E116.37191
G1 X175.286 Y159.771 E116.38365
G1 X175.123 Y160.063 E116.39478
G1 X174.959 Y160.398 E116.40718
G1 X174.845 Y160.701 E116.41795
G1 X174.699 Y161.073 E116.43124
G1 X174.524 Y161.741 E116.45421
G1 X174.449 Y162.148 E116.46797
G1 X174.421 Y162.429 E116.47737
G1 X174.376 Y162.821 E116.49049
G1 X174.38 Y163.515 E116.51357
G1 X174.412 Y163.927 E116.52732
G1 X174.458 Y164.209 E116.53682
G1 X174.516 Y164.595 E116.5498
G1 X174.699 Y165.264 E116.57287
G1 X174.82 Y165.611 E116.58509
G1 X175.109 Y166.273 E116.60912
G1 X175.291 Y166.59 E116.62128
G1 X175.457 Y166.869 E116.63208
G1 X175.644 Y167.151 E116.64333
G1 X175.892 Y167.476 E116.65693
G1 X176.135 Y167.754 E116.66921
G1 X176.369 Y167.996 E116.6804
G1 X176.625 Y168.249 E116.69237
G1 X176.984 Y168.549 E116.70794
G1 X177.219 Y168.753 E116.71829
G1 X177.46 Y168.942 E116.72847
G1 X177.539 Y169.018 E116.73212
G1 X177.241 Y169.266 E116.74501
G1 X176.605 Y169.806 E116.77276
G1 X176.369 Y170.041 E116.78384
G1 X176.133 Y170.284 E116.79511
G1 X175.893 Y170.562 E116.80732
G1 X175.461 Y171.152 E116.83164
G1 X175.124 Y171.746 E116.85436
G1 X174.959 Y172.083 E116.86684
G1 X174.845 Y172.386 E116.87761
G1 X174.699 Y172.758 E116.8909
G1 X174.524 Y173.426 E116.91386
G1 X174.449 Y173.833 E116.92763
G1 X174.421 Y174.114 E116.93702
G1 X174.376 Y174.506 E116.95015
G1 X174.38 Y175.2 E116.97323
G1 X174.412 Y175.612 E116.98697
G1 X174.458 Y175.894 E116.99648
G1 X174.516 Y176.28 E117.00946
G1 X174.699 Y176.949 E117.03253
G1 X174.82 Y177.296 E117.04475
G1 X175.109 Y177.958 E117.06877
G1 X175.291 Y178.274 E117.0809
G1 X175.456 Y178.555 E117.09174
G1 X175.644 Y178.838 E117.10304
G1 X175.892 Y179.161 E117.11659
G1 X176.135 Y179.439 E117.12887
G1 X176.369 Y179.681 E117.14006
G1 X176.625 Y179.934 E117.15203
G1 X176.986 Y180.236 E117.16769
G1 X177.241 Y180.456 E117.17889
G1 X177.465 Y180.629 E117.1883
G1 X177.54 Y180.701 E117.19176
G1 X177.437 Y180.797 E117.19645
G1 X177.219 Y180.968 E117.20566
G1 X176.901 Y181.242 E117.21962
G1 X176.606 Y181.49 E117.23244
G1 X176.367 Y181.729 E117.24368
G1 X176.133 Y181.97 E117.25485
G1 X175.893 Y182.247 E117.26704
G1 X175.462 Y182.836 E117.29132
G1 X175.286 Y183.141 E117.30303
G1 X175.123 Y183.432 E117.31413
G1 X174.959 Y183.768 E117.32656
G1 X174.845 Y184.07 E117.3373
G1 X174.699 Y184.442 E117.35059
G1 X174.524 Y185.112 E117.37362
G1 X174.449 Y185.518 E117.38735
G1 X174.421 Y185.799 E117.39675
G1 X174.376 Y186.191 E117.40987
G1 X174.38 Y186.886 E117.43298
G1 X174.412 Y187.297 E117.4467
G1 X174.458 Y187.579 E117.4562
G1 X174.516 Y187.965 E117.46918
G1 X174.699 Y188.634 E117.49225
G1 X174.82 Y188.981 E117.50447
G1 X175.109 Y189.643 E117.5285
G1 X175.291 Y189.96 E117.54066
G1 X175.457 Y190.24 E117.55148
G1 X175.644 Y190.521 E117.56271
G1 X175.892 Y190.847 E117.57633
G1 X176.137 Y191.126 E117.58868
G1 X176.604 Y191.601 E117.61084
G1 X176.986 Y191.921 E117.62741
G1 X177.241 Y192.141 E117.63861
G1 X177.469 Y192.317 E117.64819
G1 X177.541 Y192.386 E117.65151
G1 X177.433 Y192.486 E117.65641
G1 X177.198 Y192.672 E117.66637
G1 X176.995 Y192.848 E117.67531
G1 X176.76 Y193.043 E117.68547
G1 X176.499 Y193.279 E117.69717
G1 X175.994 Y193.807 E117.72147
G1 X175.781 Y194.084 E117.73309
G1 X175.579 Y194.353 E117.74428
G1 X175.377 Y194.661 E117.75653
G1 X175.222 Y194.947 E117.76735
G1 X175.025 Y195.3 E117.7808
G1 X174.77 Y195.937 E117.80362
G1 X174.652 Y196.288 E117.81593
G1 X174.576 Y196.607 E117.82684
G1 X174.48 Y196.99 E117.83997
G1 X174.395 Y197.679 E117.86306
G1 X174.373 Y198.091 E117.87679
G1 X174.382 Y198.372 E117.88614
G1 X174.386 Y198.767 E117.89928
G1 X174.483 Y199.459 E117.92252
G1 X174.568 Y199.861 E117.93618
G1 X174.652 Y200.138 E117.94581
G1 X174.757 Y200.508 E117.9586
G1 X175.025 Y201.149 E117.98171
G1 X175.192 Y201.478 E117.99398
G1 X175.366 Y201.764 E118.00512
G1 X175.55 Y202.077 E118.01719
G1 X175.78 Y202.386 E118.03
G1 X176.02 Y202.687 E118.04281
G1 X176.368 Y203.051 E118.05956
G1 X176.553 Y203.232 E118.06817
G0 F9000 X176.054 Y202.955
G1 F1800 X175.941 Y203.067 E118.07346
G0 F9000 X175.788 Y202.654
G1 F1800 X175.379 Y203.064 E118.09272
G0 F9000 X174.816 Y203.061
G1 F1800 X175.542 Y202.335 E118.12687
G0 F9000 X175.316 Y201.995
G1 F1800 X174.254 Y203.057 E118.17682
G0 F9000 X173.692 Y203.054
G1 F1800 X175.104 Y201.642 E118.24324
G0 F9000 X174.907 Y201.272
G1 F1800 X173.129 Y203.051 E118.32689
G0 F9000 X172.567 Y203.047
G1 F1800 X174.737 Y200.877 E118.42896
G0 F9000 X174.579 Y200.469
G1 F1800 X172.038 Y203.011 E118.54851
G0 F9000 X172.038 Y202.445
G1 F1800 X174.451 Y200.032 E118.66201
G0 F9000 X174.342 Y199.575
G1 F1800 X172.038 Y201.879 E118.77038
G0 F9000 X172.038 Y201.314
G1 F1800 X174.268 Y199.083 E118.8753
G0 F9000 X174.223 Y198.563
G1 F1800 X172.038 Y200.748 E118.97807
G0 F9000 X172.038 Y200.182
G1 F1800 X174.216 Y198.004 E119.08052
G0 F9000 X174.27 Y197.385
G1 F1800 X172.038 Y199.616 E119.18548
G0 F9000 X172.038 Y199.051
G1 F1800 X174.386 Y196.702 E119.29595
G0 F9000 X174.607 Y195.916
G1 F1800 X172.038 Y198.485 E119.41679
G0 F9000 X172.038 Y197.919
G1 F1800 X175.07 Y194.887 E119.5594
G0 F9000 X175.455 Y195.103
G0 X174.605 Y198.752
G0 X176.186 Y202.542
G0 X177.076 Y203.428
G0 X171.67 Y203.411
G0 X171.599 Y195.09
G0 X172.038 Y195.091
G1 F1800 X175.961 Y191.168 E119.74393
G0 F9000 X176.238 Y191.456
G1 F1800 X172.038 Y195.657 E119.94151
G0 F9000 X172.038 Y196.222
G1 F1800 X176.522 Y191.739 E120.1524
G0 F9000 X176.83 Y191.996
G1 F1800 X172.038 Y196.788 E120.3778
G0 F9000 X172.038 Y197.354
G1 F1800 X177.134 Y192.258 E120.6175
G0 F9000 X177.418 Y191.925
G0 X176.052 Y190.596
G0 X175.701 Y190.862
G1 F1800 X172.038 Y194.525 E120.78979
G0 F9000 X172.038 Y193.96
G1 F1800 X175.462 Y190.536 E120.95085
G0 F9000 X175.242 Y190.19
G1 F1800 X172.038 Y193.394 E121.10155
G0 F9000 X172.038 Y192.828
G1 F1800 X175.033 Y189.833 E121.24243
G0 F9000 X174.85 Y189.45
G1 F1800 X172.038 Y192.263 E121.37472
G0 F9000 X172.038 Y191.697
G1 F1800 X174.678 Y189.057 E121.4989
G0 F9000 X174.533 Y188.636
G1 F1800 X172.038 Y191.131 E121.61626
G0 F9000 X172.038 Y190.565
G1 F1800 X174.412 Y188.192 E121.7279
G0 F9000 X174.317 Y187.721
G1 F1800 X172.038 Y190 E121.8351
G0 F9000 X172.038 Y189.434
G1 F1800 X174.245 Y187.227 E121.93891
G0 F9000 X174.219 Y186.688
G1 F1800 X172.038 Y188.868 E122.04147
G0 F9000 X172.038 Y188.303
G1 F1800 X174.223 Y186.118 E122.14425
G0 F9000 X174.292 Y185.483
G1 F1800 X172.038 Y187.737 E122.25027
G0 F9000 X172.038 Y187.171
G1 F1800 X174.45 Y184.759 E122.36372
G0 F9000 X174.733 Y183.91
G1 F1800 X172.038 Y186.606 E122.49051
G0 F9000 X172.038 Y186.04
G1 F1800 X175.322 Y182.756 E122.64498
G0 F9000 X175.696 Y182.988
G0 X177.841 Y180.704
G0 X177.316 Y180.152
G0 X177.029 Y180.483
G1 F1800 X172.038 Y185.474 E122.87974
G0 F9000 X172.038 Y184.909
G1 F1800 X176.723 Y180.223 E123.10013
G0 F9000 X176.423 Y179.957
G1 F1800 X172.038 Y184.343 E123.30641
G0 F9000 X172.038 Y183.777
G1 F1800 X176.141 Y179.675 E123.49938
G0 F9000 X175.87 Y179.379
G1 F1800 X172.038 Y183.212 E123.67965
G0 F9000 X172.038 Y182.646
G1 F1800 X175.617 Y179.067 E123.84799
G0 F9000 X175.383 Y178.735
G1 F1800 X172.038 Y182.08 E124.00533
G0 F9000 X172.038 Y181.515
G1 F1800 X175.169 Y178.383 E124.15263
G0 F9000 X174.963 Y178.024
G1 F1800 X172.038 Y180.949 E124.29021
G0 F9000 X172.038 Y180.383
G1 F1800 X174.791 Y177.63 E124.4197
G0 F9000 X174.627 Y177.228
G1 F1800 X172.038 Y179.817 E124.54148
G0 F9000 X172.038 Y179.252
G1 F1800 X174.492 Y176.798 E124.65691
G0 F9000 X174.371 Y176.353
G1 F1800 X172.038 Y178.686 E124.76665
G0 F9000 X172.038 Y178.12
G1 F1800 X174.291 Y175.867 E124.87262
G0 F9000 X174.231 Y175.361
G1 F1800 X172.038 Y177.555 E124.9758
G0 F9000 X172.038 Y176.989
G1 F1800 X174.216 Y174.81 E125.07827
G0 F9000 X174.247 Y174.214
G1 F1800 X172.038 Y176.423 E125.18217
G0 F9000 X172.038 Y175.858
G1 F1800 X174.335 Y173.561 E125.29022
G0 F9000 X174.518 Y172.811
G1 F1800 X172.038 Y175.292 E125.40689
G0 F9000 X172.038 Y174.726
G1 F1800 X174.873 Y171.891 E125.54024
G0 F9000 X175.27 Y172.084
G0 X176.282 Y170.539
G0 X175.948 Y170.25
G1 F1800 X172.038 Y174.161 E125.72418
G0 F9000 X172.038 Y173.595
G1 F1800 X176.925 Y168.708 E125.95405
G0 F9000 X177.232 Y168.966
G1 F1800 X176.589 Y169.61 E125.98432
G0 F9000 X176.873 Y169.945
G0 X177.837 Y169.023
G0 X176.9 Y168.114
G0 X176.617 Y168.45
G1 F1800 X172.038 Y173.029 E126.1997
G0 F9000 X172.038 Y172.464
G1 F1800 X176.324 Y168.177 E126.40132
G0 F9000 X176.045 Y167.891
G1 F1800 X172.038 Y171.898 E126.5898
G0 F9000 X172.038 Y171.332
G1 F1800 X175.778 Y167.592 E126.76572
G0 F9000 X175.533 Y167.271
G1 F1800 X172.038 Y170.766 E126.93011
G0 F9000 X172.038 Y170.201
G1 F1800 X175.308 Y166.931 E127.08392
G0 F9000 X175.097 Y166.576
G1 F1800 X172.038 Y169.635 E127.22781
G0 F9000 X172.038 Y169.069
G1 F1800 X174.903 Y166.204 E127.36257
G0 F9000 X174.732 Y165.81
G1 F1800 X172.038 Y168.504 E127.48929
G0 F9000 X172.038 Y167.938
G1 F1800 X174.576 Y165.4 E127.60867
G0 F9000 X174.449 Y164.961
G1 F1800 X172.038 Y167.372 E127.72207
G0 F9000 X172.038 Y166.807
G1 F1800 X174.339 Y164.506 E127.83031
G0 F9000 X174.263 Y164.016
G1 F1800 X172.038 Y166.241 E127.93496
G0 F9000 X172.038 Y165.675
G1 F1800 X174.218 Y163.495 E128.0375
G0 F9000 X174.215 Y162.932
G1 F1800 X172.038 Y165.11 E128.13993
G0 F9000 X172.038 Y164.544
G1 F1800 X174.271 Y162.311 E128.24496
G0 F9000 X174.386 Y161.63
G1 F1800 X172.038 Y163.978 E128.3554
G0 F9000 X172.038 Y163.413
G1 F1800 X174.622 Y160.829 E128.47695
G0 F9000 X175.032 Y160.991
G0 X175.47 Y160.013
G0 X175.086 Y159.799
G1 F1800 X172.038 Y162.847 E128.62031
G0 F9000 X172.038 Y162.281
G1 F1800 X177.124 Y157.195 E128.85954
G0 F9000 X176.819 Y156.935
G1 F1800 X172.038 Y161.716 E129.08443
G0 F9000 X172.038 Y161.15
G1 F1800 X176.511 Y156.677 E129.29482
G0 F9000 X176.227 Y156.395
G1 F1800 X172.038 Y160.584 E129.49186
G0 F9000 X172.038 Y160.018
G1 F1800 X175.952 Y156.104 E129.67596
G0 F9000 X175.694 Y155.797
G1 F1800 X172.038 Y159.453 E129.84793
G0 F9000 X172.038 Y158.887
G1 F1800 X175.454 Y155.471 E130.00861
G0 F9000 X175.235 Y155.125
G1 F1800 X172.038 Y158.321 E130.15896
G0 F9000 X172.038 Y157.756
G1 F1800 X175.026 Y154.767 E130.29953
G0 F9000 X174.844 Y154.384
G1 F1800 X172.038 Y157.19 E130.43152
G0 F9000 X172.038 Y156.624
G1 F1800 X174.673 Y153.99 E130.55544
G0 F9000 X174.53 Y153.567
G1 F1800 X172.038 Y156.059 E130.67265
G0 F9000 X172.038 Y155.493
G1 F1800 X174.407 Y153.123 E130.78411
G0 F9000 X174.315 Y152.65
G1 F1800 X172.038 Y154.927 E130.89121
G0 F9000 X172.038 Y154.362
G1 F1800 X174.243 Y152.156 E130.99495
G0 F9000 X174.217 Y151.617
G1 F1800 X172.038 Y153.796 E131.09744
G0 F9000 X172.038 Y153.23
G1 F1800 X174.224 Y151.045 E131.20024
G0 F9000 X174.295 Y150.407
G1 F1800 X172.038 Y152.665 E131.30643
G0 F9000 X172.038 Y152.099
G1 F1800 X174.455 Y149.681 E131.42014
G0 F9000 X174.743 Y148.828
G1 F1800 X172.038 Y151.533 E131.54738
G0 F9000 X172.038 Y150.968
G1 F1800 X175.366 Y147.64 E131.70392
G0 F9000 X175.501 Y146.938
G1 F1800 X172.038 Y150.402 E131.86683
G0 F9000 X172.038 Y149.836
G1 F1800 X174.939 Y146.935 E132.00328
G0 F9000 X174.376 Y146.932
G1 F1800 X172.038 Y149.27 E132.11325
G0 F9000 X172.038 Y148.705
G1 F1800 X173.814 Y146.929 E132.19679
G0 F9000 X173.252 Y146.925
G1 F1800 X172.038 Y148.139 E132.25389
G0 F9000 X172.038 Y147.573
G1 F1800 X172.689 Y146.922 E132.28452
G0 F9000 X172.127 Y146.919
G1 F1800 X172.038 Y147.008 E132.2887
G0 F9000 X171.599 Y147.007
G0 X171.671 Y146.549
G0 X176.383 Y146.506
G0 X176.382 Y146.624
;TYPE:SKIN
G1 F1800 X176.451 Y146.554 E132.29034
G0 F9000 X176.465 Y146.823
G1 F1800 X176.732 Y146.556 E132.29662
G1 F1440 E130.79662
G0 F9000 X176.781 Y146.57
G0 X175.466 Y148.931
G0 X175.062 Y150.176
G0 X174.927 Y151.166
G0 X175.003 Y152.443
G0 X175.333 Y153.725
G0 X175.923 Y154.891
G0 X177.835 Y157.338
G0 X175.924 Y159.767
G0 X175.357 Y160.903
G0 X175.062 Y161.861
G0 X174.927 Y162.851
G0 X175.003 Y164.129
G0 X175.333 Y165.41
G0 X175.924 Y166.576
G0 X177.837 Y169.023
G0 X175.924 Y171.452
G0 X175.357 Y172.588
G0 X175.062 Y173.546
G0 X174.927 Y174.536
G0 X175.003 Y175.814
G0 X175.333 Y177.095
G0 X175.924 Y178.262
G0 X177.841 Y180.704
G0 X175.924 Y183.138
G0 X175.357 Y184.273
G0 X174.994 Y185.596
G0 X174.931 Y186.862
G0 X175.055 Y187.852
G0 X175.333 Y188.78
G0 X175.924 Y189.947
G0 X177.838 Y192.392
G0 X175.849 Y194.945
G0 X175.523 Y195.538
G0 X175.111 Y196.74
G0 X174.944 Y197.728
G0 X174.937 Y198.725
G0 X175.182 Y199.987
G0 X175.624 Y201.088
G0 X176.934 Y203.199
G0 X176.903 Y203.236
G1 F1440 E132.29662
G1 F1800 X176.677 Y203.462 E132.30193
G0 F9000 X176.959 Y203.464
G1 F1800 X177.058 Y203.364 E132.30427
G0 F9000 X177.834 Y203.719
G1 F1800 X178.043 Y203.793 E132.31265
G1 F1440 E130.81265
G0 F9000 X177.984 Y203.73
G0 X176.76 Y202.664
G0 X176.009 Y201.772
G0 X175.526 Y200.918
G0 X175.102 Y199.724
G0 X174.937 Y198.725
G0 X174.944 Y197.728
G0 X175.181 Y196.44
G0 X175.703 Y195.214
G0 X176.412 Y194.166
G0 X177.549 Y193.096
G0 X177.875 Y192.836
G0 X177.826 Y191.899
G0 X176.978 Y191.196
G0 X176.093 Y190.202
G0 X175.602 Y189.394
G0 X175.225 Y188.47
G0 X174.959 Y187.23
G0 X174.968 Y185.863
G0 X175.223 Y184.614
G0 X175.765 Y183.414
G0 X176.54 Y182.341
G0 X177.841 Y180.704
G0 X175.924 Y178.262
G0 X175.333 Y177.095
G0 X175.003 Y175.814
G0 X174.927 Y174.536
G0 X175.062 Y173.546
G0 X175.466 Y172.302
G0 X175.924 Y171.452
G0 X177.837 Y169.023
G0 X175.924 Y166.576
G0 X175.333 Y165.41
G0 X175.003 Y164.129
G0 X174.927 Y162.851
G0 X175.062 Y161.861
G0 X175.466 Y160.617
G0 X175.924 Y159.767
G0 X177.835 Y157.338
G0 X175.923 Y154.891
G0 X175.333 Y153.725
G0 X175.003 Y152.443
G0 X174.927 Y151.166
G0 X175.062 Y150.176
G0 X175.466 Y148.931
G0 X175.924 Y148.083
G0 X176.6 Y147.254
G0 X177.411 Y146.397
G0 X177.554 Y146.3
G1 F1440 E132.31265
G1 F1800 X177.375 Y146.195 E132.31938
G0 F9000 X177.083 Y146.282
G1 F1440 E130.81938
;MESH:NONMESH
G0 F300 X177.083 Y146.282 Z1
G0 F9000 X177.083 Y146.298
G0 X175.611 Y148.633
G0 X175.222 Y149.559
G0 X174.968 Y150.808
G0 X174.931 Y151.806
G0 X175.055 Y152.797
G0 X175.333 Y153.725
G0 X175.923 Y154.891
G0 X177.835 Y157.338
G0 X175.924 Y159.767
G0 X175.357 Y160.903
G0 X175.062 Y161.861
G0 X174.927 Y162.851
G0 X175.003 Y164.129
G0 X175.333 Y165.41
G0 X175.924 Y166.576
G0 X177.837 Y169.023
G0 X175.924 Y171.452
G0 X175.357 Y172.588
G0 X175.062 Y173.546
G0 X174.927 Y174.536
G0 X175.003 Y175.814
G0 X175.333 Y177.095
G0 X175.924 Y178.262
G0 X177.841 Y180.704
G0 X175.924 Y183.138
G0 X175.357 Y184.273
G0 X174.994 Y185.596
G0 X174.931 Y186.862
G0 X175.055 Y187.852
G0 X175.333 Y188.78
G0 X175.924 Y189.947
G0 X177.838 Y192.392
G0 X175.849 Y194.945
G0 X175.523 Y195.538
G0 X175.111 Y196.74
G0 X174.944 Y197.728
G0 X174.937 Y198.725
G0 X175.182 Y199.987
G0 X175.674 Y201.211
G0 X176.163 Y201.966
G0 X177.628 Y203.628
;TIME_ELAPSED:237.585553
;LAYER:4
;TYPE:WALL-INNER
;MESH:Vertical_Tension_Member.stl
G1 F1440 E132.31938
G1 F1800 X177.459 Y203.628 E132.325
G1 X177.085 Y203.626 E132.33744
G1 X171.498 Y203.592 E132.52327
G1 X171.498 Y146.566 E134.41996
G1 X171.498 Y146.366 E134.42661
G1 X171.698 Y146.367 E134.43091
G1 X176.758 Y146.397 E134.59921
G1 X176.989 Y146.398 E134.6069
G1 X177.248 Y146.4 E134.61551
G1 X176.988 Y146.618 E134.62002
G1 X176.817 Y146.772 E134.62607
G1 X176.758 Y146.825 E134.62871
G1 X176.285 Y147.323 E134.65155
G1 X176.047 Y147.644 E134.66484
G1 X175.878 Y147.863 E134.67404
G1 X175.692 Y148.149 E134.68539
G1 X175.541 Y148.431 E134.69603
G1 X175.374 Y148.734 E134.70754
G1 X175.233 Y149.101 E134.72061
G1 X175.122 Y149.361 E134.73002
G1 X175.015 Y149.689 E134.74149
G1 X174.859 Y150.335 E134.76359
G1 X174.817 Y150.74 E134.77714
G1 X174.777 Y151.002 E134.78595
G1 X174.759 Y151.322 E134.79661
G1 X174.774 Y151.585 E134.80537
G1 X174.77 Y151.844 E134.81399
G1 X174.793 Y152.16 E134.82453
G1 X174.841 Y152.429 E134.83362
G1 X174.87 Y152.683 E134.84212
G1 X174.944 Y153.022 E134.85366
G1 X175.036 Y153.326 E134.86422
G1 X175.127 Y153.641 E134.87513
G1 X175.255 Y153.955 E134.88641
G1 X175.396 Y154.282 E134.89825
G1 X175.548 Y154.583 E134.90947
G1 X175.889 Y155.139 E134.93116
G1 X176.087 Y155.405 E134.94219
G1 X176.288 Y155.66 E134.95299
G1 X176.76 Y156.157 E134.97578
G1 X176.998 Y156.371 E134.98643
G1 X177.454 Y156.756 E135.00628
G1 X177.706 Y156.951 E135.01688
G1 X177.925 Y157.164 E135.02704
G1 X177.928 Y157.167 E135.02718
G1 X178.078 Y157.329 E135.03452
G1 X177.872 Y157.552 E135.04462
G1 X177.869 Y157.555 E135.04476
G1 X177.659 Y157.749 E135.05427
G1 X177.451 Y157.911 E135.06304
G1 X177.245 Y158.089 E135.07209
G1 X176.988 Y158.303 E135.08322
G1 X176.758 Y158.51 E135.09351
G1 X176.285 Y159.008 E135.11635
G1 X176.047 Y159.329 E135.12964
G1 X175.878 Y159.548 E135.13884
G1 X175.692 Y159.834 E135.15019
G1 X175.541 Y160.116 E135.16083
G1 X175.374 Y160.419 E135.17234
G1 X175.233 Y160.786 E135.18541
G1 X175.122 Y161.046 E135.19482
G1 X175.015 Y161.374 E135.20629
G1 X174.86 Y162.02 E135.22839
G1 X174.817 Y162.424 E135.2419
G1 X174.777 Y162.687 E135.25075
G1 X174.759 Y163.008 E135.26144
G1 X174.774 Y163.27 E135.27017
G1 X174.77 Y163.529 E135.27879
G1 X174.793 Y163.845 E135.28932
G1 X174.841 Y164.114 E135.29841
G1 X174.87 Y164.368 E135.30692
G1 X174.944 Y164.707 E135.31846
G1 X175.036 Y165.012 E135.32905
G1 X175.127 Y165.326 E135.33993
G1 X175.255 Y165.64 E135.3512
G1 X175.396 Y165.967 E135.36305
G1 X175.547 Y166.267 E135.37422
G1 X175.89 Y166.825 E135.396
G1 X176.112 Y167.121 E135.40831
G1 X176.288 Y167.346 E135.41781
G1 X176.76 Y167.842 E135.44058
G1 X176.998 Y168.056 E135.45123
G1 X177.453 Y168.441 E135.47105
G1 X177.708 Y168.639 E135.48179
G1 X177.919 Y168.843 E135.49155
G1 X178.077 Y169.015 E135.49932
G1 X177.872 Y169.237 E135.50937
G1 X177.659 Y169.434 E135.51902
G1 X177.451 Y169.596 E135.52779
G1 X177.245 Y169.774 E135.53684
G1 X176.988 Y169.988 E135.54797
G1 X176.757 Y170.195 E135.55828
G1 X176.285 Y170.694 E135.58113
G1 X176.047 Y171.014 E135.59439
G1 X175.878 Y171.233 E135.60359
G1 X175.692 Y171.519 E135.61494
G1 X175.541 Y171.802 E135.62561
G1 X175.373 Y172.105 E135.63713
G1 X175.233 Y172.471 E135.65017
G1 X175.122 Y172.73 E135.65954
G1 X175.015 Y173.06 E135.67108
G1 X174.941 Y173.373 E135.68177
G1 X174.859 Y173.704 E135.69312
G1 X174.817 Y174.11 E135.70669
G1 X174.777 Y174.372 E135.71551
G1 X174.759 Y174.693 E135.7262
G1 X174.774 Y174.956 E135.73496
G1 X174.77 Y175.214 E135.74354
G1 X174.793 Y175.53 E135.75408
G1 X174.841 Y175.799 E135.76317
G1 X174.87 Y176.052 E135.77164
G1 X174.944 Y176.393 E135.78325
G1 X175.036 Y176.697 E135.79381
G1 X175.127 Y177.013 E135.80475
G1 X175.255 Y177.325 E135.81596
G1 X175.396 Y177.652 E135.82781
G1 X175.547 Y177.952 E135.83898
G1 X175.89 Y178.51 E135.86076
G1 X176.112 Y178.806 E135.87307
G1 X176.288 Y179.031 E135.88257
G1 X176.761 Y179.528 E135.90539
G1 X176.997 Y179.74 E135.91594
G1 X177.454 Y180.127 E135.93586
G1 X177.707 Y180.324 E135.94653
G1 X177.925 Y180.535 E135.95662
G1 X177.928 Y180.538 E135.95676
G1 X178.077 Y180.7 E135.96408
G1 X177.872 Y180.922 E135.97413
G1 X177.869 Y180.925 E135.97427
G1 X177.663 Y181.116 E135.98361
G1 X177.451 Y181.282 E135.99257
G1 X177.245 Y181.459 E136.0016
G1 X176.988 Y181.673 E136.01273
G1 X176.757 Y181.882 E136.02309
G1 X176.285 Y182.379 E136.04588
G1 X176.047 Y182.699 E136.05915
G1 X175.878 Y182.918 E136.06835
G1 X175.692 Y183.204 E136.0797
G1 X175.541 Y183.487 E136.09036
G1 X175.373 Y183.79 E136.10189
G1 X175.233 Y184.156 E136.11492
G1 X175.122 Y184.415 E136.12429
G1 X175.015 Y184.745 E136.13583
G1 X174.941 Y185.058 E136.14653
G1 X174.859 Y185.389 E136.15787
G1 X174.817 Y185.795 E136.17145
G1 X174.777 Y186.057 E136.18026
G1 X174.759 Y186.378 E136.19095
G1 X174.774 Y186.641 E136.19972
G1 X174.77 Y186.9 E136.20833
G1 X174.793 Y187.215 E136.21884
G1 X174.841 Y187.484 E136.22792
G1 X174.87 Y187.737 E136.23639
G1 X174.944 Y188.078 E136.248
G1 X175.036 Y188.382 E136.25856
G1 X175.127 Y188.698 E136.2695
G1 X175.255 Y189.01 E136.28072
G1 X175.396 Y189.337 E136.29256
G1 X175.547 Y189.637 E136.30373
G1 X175.89 Y190.195 E136.32552
G1 X176.112 Y190.491 E136.33782
G1 X176.288 Y190.716 E136.34733
G1 X176.761 Y191.213 E136.37015
G1 X176.997 Y191.425 E136.3807
G1 X177.454 Y191.812 E136.40061
G1 X177.707 Y192.009 E136.41128
G1 X177.922 Y192.217 E136.42123
G1 X177.928 Y192.223 E136.42151
G1 X178.078 Y192.385 E136.42885
G1 X177.879 Y192.601 E136.43862
G1 X177.873 Y192.607 E136.4389
G1 X177.663 Y192.801 E136.44841
G1 X177.449 Y192.969 E136.45746
G1 X177.186 Y193.199 E136.46908
G1 X176.991 Y193.356 E136.47741
G1 X176.758 Y193.566 E136.48784
G1 X176.285 Y194.064 E136.51069
G1 X176.047 Y194.384 E136.52395
G1 X175.878 Y194.603 E136.53315
G1 X175.692 Y194.89 E136.54453
G1 X175.541 Y195.171 E136.55514
G1 X175.374 Y195.474 E136.56664
G1 X175.227 Y195.855 E136.58023
G1 X175.122 Y196.102 E136.58915
G1 X175.015 Y196.429 E136.6006
G1 X174.941 Y196.743 E136.61133
G1 X174.859 Y197.074 E136.62267
G1 X174.817 Y197.48 E136.63624
G1 X174.777 Y197.742 E136.64506
G1 X174.759 Y198.063 E136.65575
G1 X174.774 Y198.326 E136.66451
G1 X174.77 Y198.588 E136.67323
G1 X174.798 Y198.934 E136.68477
G1 X174.849 Y199.247 E136.69532
G1 X174.898 Y199.572 E136.70625
G1 X174.984 Y199.899 E136.7175
G1 X175.083 Y200.246 E136.7295
G1 X175.196 Y200.564 E136.74073
G1 X175.328 Y200.855 E136.75135
G1 X175.458 Y201.156 E136.76226
G1 X175.788 Y201.722 E136.78405
G1 X175.958 Y201.976 E136.79422
G1 X176.19 Y202.28 E136.80694
G1 X176.394 Y202.518 E136.81736
G1 X176.762 Y202.899 E136.83498
G1 X176.997 Y203.111 E136.84551
G1 X177.173 Y203.259 E136.85315
G1 X177.459 Y203.5 E136.86162
G1 X177.628 Y203.628 E136.86363
G0 F9000 X178.086 Y203.798
G0 X178.66 Y204.034
;TYPE:WALL-OUTER
G1 F1800 X171.098 Y203.99 E137.11515
G1 X171.098 Y145.964 E139.0451
G1 X178.356 Y146.006 E139.28651
G1 X178.183 Y146.147 E139.29393
G1 X177.927 Y146.366 E139.30514
G1 X177.708 Y146.534 E139.31432
G1 X177.501 Y146.71 E139.32336
G1 X177.25 Y146.92 E139.33424
G1 X177.037 Y147.112 E139.34378
G1 X176.592 Y147.581 E139.36528
G1 X176.364 Y147.888 E139.378
G1 X176.205 Y148.094 E139.38666
G1 X176.037 Y148.353 E139.39692
G1 X175.891 Y148.625 E139.40719
G1 X175.737 Y148.903 E139.41776
G1 X175.601 Y149.257 E139.43037
G1 X175.497 Y149.502 E139.43923
G1 X175.4 Y149.798 E139.44959
G1 X175.254 Y150.403 E139.47029
G1 X175.215 Y150.781 E139.48293
G1 X175.175 Y151.043 E139.49174
G1 X175.16 Y151.322 E139.50103
G1 X175.174 Y151.585 E139.50979
G1 X175.17 Y151.833 E139.51804
G1 X175.19 Y152.11 E139.52728
G1 X175.235 Y152.357 E139.53563
G1 X175.265 Y152.617 E139.54434
G1 X175.331 Y152.921 E139.55468
G1 X175.421 Y153.216 E139.56494
G1 X175.505 Y153.51 E139.57511
G1 X175.624 Y153.8 E139.58554
G1 X175.759 Y154.113 E139.59687
G1 X175.897 Y154.387 E139.60708
G1 X176.062 Y154.653 E139.61749
G1 X176.221 Y154.915 E139.62768
G1 X176.405 Y155.162 E139.63793
G1 X176.591 Y155.398 E139.64792
G1 X177.039 Y155.87 E139.66957
G1 X177.26 Y156.069 E139.67946
G1 X177.498 Y156.268 E139.68977
G1 X177.706 Y156.446 E139.69888
G1 X177.965 Y156.646 E139.70976
G1 X178.218 Y156.891 E139.72148
G1 X178.413 Y157.103 E139.73106
G1 X178.55 Y157.334 E139.73999
G1 X178.347 Y157.651 E139.75251
G1 X178.149 Y157.841 E139.76164
G1 X177.919 Y158.053 E139.77204
G1 X177.705 Y158.22 E139.78107
G1 X177.501 Y158.396 E139.79003
G1 X177.25 Y158.605 E139.8009
G1 X177.037 Y158.797 E139.81043
G1 X176.592 Y159.266 E139.83194
G1 X176.364 Y159.573 E139.84465
G1 X176.205 Y159.779 E139.85331
G1 X176.037 Y160.038 E139.86358
G1 X175.891 Y160.31 E139.87385
G1 X175.737 Y160.588 E139.88442
G1 X175.601 Y160.942 E139.89703
G1 X175.497 Y161.187 E139.90588
G1 X175.4 Y161.483 E139.91624
G1 X175.255 Y162.088 E139.93693
G1 X175.215 Y162.466 E139.94958
G1 X175.175 Y162.728 E139.95839
G1 X175.16 Y163.008 E139.96772
G1 X175.174 Y163.27 E139.97644
G1 X175.17 Y163.518 E139.98469
G1 X175.19 Y163.795 E139.99393
G1 X175.235 Y164.043 E140.00231
G1 X175.265 Y164.302 E140.01099
G1 X175.331 Y164.606 E140.02133
G1 X175.421 Y164.902 E140.03162
G1 X175.505 Y165.195 E140.04176
G1 X175.624 Y165.485 E140.05219
G1 X175.759 Y165.798 E140.06352
G1 X175.897 Y166.072 E140.07373
G1 X176.221 Y166.6 E140.09433
G1 X176.429 Y166.878 E140.10588
G1 X176.591 Y167.084 E140.1146
G1 X177.039 Y167.555 E140.13622
G1 X177.26 Y167.754 E140.14611
G1 X177.498 Y167.953 E140.15643
G1 X177.706 Y168.131 E140.16553
G1 X177.969 Y168.336 E140.17662
G1 X178.209 Y168.567 E140.1877
G1 X178.416 Y168.793 E140.1979
G1 X178.55 Y169.019 E140.20663
G1 X178.347 Y169.336 E140.21915
G1 X178.149 Y169.526 E140.22828
G1 X177.919 Y169.738 E140.23868
G1 X177.705 Y169.905 E140.24771
G1 X177.501 Y170.081 E140.25667
G1 X177.25 Y170.29 E140.26754
G1 X177.037 Y170.482 E140.27708
G1 X176.592 Y170.952 E140.2986
G1 X176.364 Y171.258 E140.3113
G1 X176.205 Y171.464 E140.31995
G1 X176.037 Y171.723 E140.33022
G1 X175.891 Y171.995 E140.34049
G1 X175.737 Y172.274 E140.35109
G1 X175.601 Y172.628 E140.3637
G1 X175.497 Y172.871 E140.37249
G1 X175.4 Y173.168 E140.38288
G1 X175.329 Y173.469 E140.39317
G1 X175.254 Y173.773 E140.40358
G1 X175.215 Y174.152 E140.41625
G1 X175.175 Y174.413 E140.42504
G1 X175.16 Y174.693 E140.43436
G1 X175.174 Y174.956 E140.44312
G1 X175.17 Y175.203 E140.45134
G1 X175.19 Y175.48 E140.46058
G1 X175.235 Y175.728 E140.46896
G1 X175.265 Y175.987 E140.47763
G1 X175.331 Y176.292 E140.48801
G1 X175.421 Y176.587 E140.49827
G1 X175.505 Y176.881 E140.50844
G1 X175.624 Y177.17 E140.51883
G1 X175.759 Y177.483 E140.53017
G1 X175.897 Y177.757 E140.54037
G1 X176.221 Y178.285 E140.56098
G1 X176.429 Y178.563 E140.57253
G1 X176.591 Y178.769 E140.58124
G1 X177.04 Y179.241 E140.60291
G1 X177.26 Y179.439 E140.61275
G1 X177.706 Y179.816 E140.63218
G1 X177.969 Y180.021 E140.64327
G1 X178.218 Y180.262 E140.65479
G1 X178.413 Y180.474 E140.66437
G1 X178.55 Y180.704 E140.67328
G1 X178.347 Y181.021 E140.6858
G1 X178.149 Y181.211 E140.69493
G1 X177.918 Y181.424 E140.70538
G1 X177.705 Y181.591 E140.71438
G1 X177.501 Y181.766 E140.72332
G1 X177.25 Y181.975 E140.73418
G1 X177.037 Y182.168 E140.74374
G1 X176.592 Y182.637 E140.76525
G1 X176.364 Y182.943 E140.77794
G1 X176.205 Y183.149 E140.78659
G1 X176.037 Y183.408 E140.79686
G1 X175.891 Y183.68 E140.80713
G1 X175.737 Y183.959 E140.81773
G1 X175.601 Y184.313 E140.83034
G1 X175.497 Y184.556 E140.83913
G1 X175.4 Y184.853 E140.84952
G1 X175.329 Y185.154 E140.85981
G1 X175.254 Y185.458 E140.87022
G1 X175.215 Y185.837 E140.8829
G1 X175.175 Y186.098 E140.89168
G1 X175.16 Y186.378 E140.901
G1 X175.174 Y186.641 E140.90976
G1 X175.17 Y186.889 E140.91801
G1 X175.19 Y187.165 E140.92722
G1 X175.235 Y187.413 E140.9356
G1 X175.265 Y187.672 E140.94427
G1 X175.331 Y187.977 E140.95465
G1 X175.421 Y188.272 E140.96491
G1 X175.505 Y188.566 E140.97508
G1 X175.624 Y188.855 E140.98548
G1 X175.759 Y189.168 E140.99681
G1 X175.897 Y189.442 E141.00702
G1 X176.221 Y189.97 E141.02762
G1 X176.429 Y190.248 E141.03917
G1 X176.591 Y190.454 E141.04789
G1 X177.04 Y190.926 E141.06955
G1 X177.26 Y191.124 E141.0794
G1 X177.706 Y191.501 E141.09882
G1 X177.969 Y191.706 E141.10991
G1 X178.218 Y191.947 E141.12144
G1 X178.413 Y192.159 E141.13102
G1 X178.55 Y192.389 E141.13992
G1 X178.346 Y192.708 E141.15252
G1 X178.15 Y192.895 E141.16153
G1 X177.918 Y193.109 E141.17202
G1 X177.704 Y193.277 E141.18107
G1 X177.444 Y193.504 E141.19255
G1 X177.251 Y193.66 E141.20081
G1 X177.037 Y193.853 E141.21039
G1 X176.592 Y194.322 E141.23189
G1 X176.364 Y194.628 E141.24459
G1 X176.205 Y194.834 E141.25324
G1 X176.037 Y195.094 E141.26354
G1 X175.891 Y195.365 E141.27378
G1 X175.737 Y195.643 E141.28435
G1 X175.601 Y195.998 E141.29699
G1 X175.497 Y196.243 E141.30584
G1 X175.4 Y196.538 E141.31617
G1 X175.329 Y196.839 E141.32646
G1 X175.254 Y197.143 E141.33687
G1 X175.215 Y197.522 E141.34954
G1 X175.175 Y197.783 E141.35833
G1 X175.16 Y198.063 E141.36765
G1 X175.174 Y198.326 E141.37641
G1 X175.17 Y198.575 E141.38469
G1 X175.195 Y198.885 E141.39504
G1 X175.245 Y199.188 E141.40525
G1 X175.29 Y199.491 E141.41544
G1 X175.37 Y199.793 E141.42583
G1 X175.464 Y200.124 E141.43728
G1 X175.567 Y200.414 E141.44751
G1 X175.695 Y200.696 E141.45781
G1 X175.816 Y200.975 E141.46793
G1 X176.127 Y201.51 E141.48851
G1 X176.283 Y201.743 E141.49784
G1 X176.501 Y202.028 E141.50977
G1 X176.69 Y202.249 E141.51944
G1 X177.04 Y202.611 E141.53619
G1 X177.26 Y202.809 E141.54603
G1 X177.709 Y203.187 E141.56555
G1 X177.974 Y203.388 E141.57662
G1 X178.181 Y203.574 E141.58587
G1 X178.381 Y203.737 E141.59445
G1 X178.66 Y204.034 E141.60801
G0 F9000 X178.086 Y203.798
G0 X176.874 Y202.783
G0 X176.429 Y202.273
G0 X175.104 Y200.55
;TYPE:FILL
G1 F3600 X171.577 Y201.495 E141.72945
G0 F9000 X175.715 Y195.184
G0 X177.15 Y193.121
G1 F3600 X171.577 Y187.548 E141.99159
G0 F9000 X171.577 Y189.071
G1 F3600 X174.892 Y188.183 E142.10574
G0 F9000 X171.577 Y185.038
G1 F3600 X176.287 Y167.462 E142.71094
G0 F9000 X175.38 Y165.493
G0 X174.691 Y163.391
G1 F3600 X171.577 Y164.225 E142.81816
G0 F9000 X171.577 Y170.577
G1 F3600 X174.771 Y173.771 E142.9684
G0 F9000 X174.758 Y175.796
G1 F3600 X171.577 Y176.648 E143.07793
G0 F9000 X175.273 Y161.103
G0 X175.504 Y160.588
G0 X176.566 Y158.596
G1 F3600 X171.577 Y153.606 E143.31262
G0 F9000 X171.577 Y151.801
G1 F3600 X174.7 Y150.965 E143.42015
G0 F9000 X175.437 Y149.019
G0 X176.52 Y146.822
G0 X176.432 Y146.734
;TYPE:SKIN
G1 F1800 X176.605 Y146.624 E143.42241
G1 X177.639 Y146.244 E143.43455
G1 F1440 E141.93455
G0 F9000 X177.571 Y146.301
G0 X176.409 Y147.427
G0 X175.681 Y148.509
G0 X175.169 Y149.733
G0 X174.937 Y151.018
G0 X174.957 Y198.913
G0 X175.235 Y200.197
G0 X175.338 Y200.447
G0 X176.676 Y203.264
G1 F1440 E143.43455
G1 F1800 X176.86 Y203.447 E143.43886
G0 F9000 X177.789 Y203.811
G1 F1800 X177.967 Y203.706 E143.44779
G0 F9000 X177.599 Y203.428
;MESH:NONMESH
G0 F300 X177.599 Y203.428 Z1.2
G0 F9000 X177.627 Y203.628
;TIME_ELAPSED:252.346094
;LAYER:5
;TYPE:WALL-INNER
;MESH:Vertical_Tension_Member.stl
G1 F1800 X177.504 Y203.628 E143.45188
G1 X177.079 Y203.626 E143.46602
G1 X171.298 Y203.591 E143.6583
G1 X171.298 Y146.565 E145.55499
G1 X171.298 Y146.365 E145.56164
G1 X171.498 Y146.366 E145.56594
G1 X176.774 Y146.397 E145.74142
G1 X176.925 Y146.397 E145.74645
G1 X177.168 Y146.399 E145.75453
G1 X177.253 Y146.4 E145.75735
G1 X177.168 Y146.474 E145.75788
G1 X176.924 Y146.675 E145.76351
G1 X176.815 Y146.778 E145.76779
G1 X176.664 Y146.92 E145.77469
G1 X176.461 Y147.134 E145.7845
G1 X176.22 Y147.405 E145.79656
G1 X175.863 Y147.889 E145.81656
G1 X175.701 Y148.138 E145.82644
G1 X175.571 Y148.383 E145.83567
G1 X175.411 Y148.667 E145.84651
G1 X175.259 Y149.005 E145.85884
G1 X175.158 Y149.27 E145.86827
G1 X175.038 Y149.611 E145.88029
G1 X174.93 Y150.041 E145.89504
G1 X174.86 Y150.344 E145.90538
G1 X174.818 Y150.633 E145.9151
G1 X174.765 Y151.182 E145.93344
G1 X174.762 Y151.47 E145.94302
G1 X174.768 Y151.742 E145.95207
G1 X174.781 Y152.024 E145.96146
G1 X174.815 Y152.311 E145.97107
G1 X174.903 Y152.855 E145.9894
G1 X174.976 Y153.137 E145.99909
G1 X175.053 Y153.396 E146.00807
G1 X175.164 Y153.74 E146.0201
G1 X175.352 Y154.179 E146.03598
G1 X175.537 Y154.562 E146.05013
G1 X175.685 Y154.797 E146.05936
G1 X175.823 Y155.033 E146.06846
G1 X175.986 Y155.273 E146.07811
G1 X176.189 Y155.537 E146.08918
G1 X176.375 Y155.755 E146.09871
G1 X176.796 Y156.19 E146.11885
G1 X177.057 Y156.42 E146.13042
G1 X177.499 Y156.792 E146.14963
G1 X177.696 Y156.943 E146.15789
G1 X177.889 Y157.126 E146.16674
G1 X177.974 Y157.207 E146.17064
G1 X178.083 Y157.333 E146.17618
G1 X178.001 Y157.417 E146.18009
G1 X177.807 Y157.616 E146.18933
G1 X177.615 Y157.783 E146.19779
G1 X177.38 Y157.971 E146.2078
G1 X177.174 Y158.153 E146.21695
G1 X176.968 Y158.322 E146.22581
G1 X176.756 Y158.513 E146.2353
G1 X176.463 Y158.817 E146.24934
G1 X176.219 Y159.091 E146.26154
G1 X175.863 Y159.574 E146.2815
G1 X175.701 Y159.823 E146.29138
G1 X175.571 Y160.068 E146.30061
G1 X175.411 Y160.352 E146.31145
G1 X175.259 Y160.69 E146.32377
G1 X175.158 Y160.955 E146.33321
G1 X175.038 Y161.296 E146.34523
G1 X174.93 Y161.726 E146.35998
G1 X174.86 Y162.029 E146.37032
G1 X174.818 Y162.318 E146.38003
G1 X174.765 Y162.867 E146.39838
G1 X174.762 Y163.156 E146.40799
G1 X174.768 Y163.427 E146.41701
G1 X174.781 Y163.709 E146.4264
G1 X174.815 Y163.996 E146.43601
G1 X174.903 Y164.539 E146.4543
G1 X174.977 Y164.824 E146.4641
G1 X175.134 Y165.347 E146.48226
G1 X175.244 Y165.62 E146.49205
G1 X175.353 Y165.868 E146.50106
G1 X175.538 Y166.247 E146.51509
G1 X175.685 Y166.482 E146.52431
G1 X175.823 Y166.718 E146.5334
G1 X175.986 Y166.958 E146.54305
G1 X176.189 Y167.222 E146.55412
G1 X176.375 Y167.44 E146.56365
G1 X176.796 Y167.875 E146.58379
G1 X177.057 Y168.105 E146.59536
G1 X177.263 Y168.281 E146.60437
G1 X177.499 Y168.477 E146.61458
G1 X177.695 Y168.628 E146.6228
G1 X177.887 Y168.811 E146.63163
G1 X177.971 Y168.89 E146.63546
G1 X178.082 Y169.019 E146.64112
G1 X178.001 Y169.102 E146.64498
G1 X177.808 Y169.3 E146.65418
G1 X177.614 Y169.469 E146.66273
G1 X177.379 Y169.657 E146.67274
G1 X177.181 Y169.833 E146.68155
G1 X176.969 Y170.006 E146.69065
G1 X176.756 Y170.198 E146.70019
G1 X176.463 Y170.502 E146.71424
G1 X176.219 Y170.776 E146.72644
G1 X175.863 Y171.259 E146.7464
G1 X175.701 Y171.508 E146.75628
G1 X175.571 Y171.753 E146.7655
G1 X175.411 Y172.037 E146.77634
G1 X175.259 Y172.375 E146.78867
G1 X175.158 Y172.64 E146.7981
G1 X175.038 Y172.981 E146.81012
G1 X174.93 Y173.411 E146.82487
G1 X174.86 Y173.715 E146.83525
G1 X174.818 Y174.004 E146.84496
G1 X174.765 Y174.552 E146.86327
G1 X174.762 Y174.841 E146.87288
G1 X174.768 Y175.112 E146.8819
G1 X174.781 Y175.394 E146.89129
G1 X174.815 Y175.68 E146.90087
G1 X174.856 Y175.945 E146.90979
G1 X174.903 Y176.225 E146.91923
G1 X174.976 Y176.507 E146.92892
G1 X175.051 Y176.762 E146.93776
G1 X175.135 Y177.034 E146.94723
G1 X175.244 Y177.305 E146.95694
G1 X175.353 Y177.553 E146.96595
G1 X175.538 Y177.933 E146.98001
G1 X175.691 Y178.177 E146.98959
G1 X175.822 Y178.403 E146.99828
G1 X175.986 Y178.643 E147.00795
G1 X176.189 Y178.907 E147.01902
G1 X176.375 Y179.125 E147.02855
G1 X176.796 Y179.56 E147.04869
G1 X177.057 Y179.79 E147.06026
G1 X177.263 Y179.966 E147.06927
G1 X177.499 Y180.162 E147.07947
G1 X177.695 Y180.314 E147.08772
G1 X177.889 Y180.497 E147.09659
G1 X177.974 Y180.578 E147.1005
G1 X178.082 Y180.704 E147.10602
G1 X178 Y180.788 E147.10992
G1 X177.808 Y180.985 E147.11907
G1 X177.614 Y181.154 E147.12763
G1 X177.379 Y181.342 E147.13764
G1 X177.179 Y181.52 E147.14654
G1 X176.923 Y181.73 E147.15756
G1 X176.664 Y181.977 E147.16946
G1 X176.462 Y182.19 E147.17922
G1 X176.22 Y182.459 E147.19126
G1 X175.827 Y182.994 E147.21334
G1 X175.635 Y183.305 E147.22549
G1 X175.5 Y183.554 E147.23491
G1 X175.369 Y183.802 E147.24424
G1 X175.257 Y184.065 E147.25375
G1 X175.158 Y184.325 E147.263
G1 X175.038 Y184.667 E147.27506
G1 X174.93 Y185.097 E147.2898
G1 X174.86 Y185.4 E147.30015
G1 X174.818 Y185.689 E147.30986
G1 X174.765 Y186.237 E147.32817
G1 X174.762 Y186.526 E147.33779
G1 X174.768 Y186.797 E147.3468
G1 X174.781 Y187.079 E147.35619
G1 X174.815 Y187.365 E147.36577
G1 X174.856 Y187.63 E147.37469
G1 X174.903 Y187.91 E147.38413
G1 X174.976 Y188.192 E147.39382
G1 X175.051 Y188.448 E147.40269
G1 X175.135 Y188.719 E147.41213
G1 X175.245 Y188.991 E147.42189
G1 X175.352 Y189.233 E147.43069
G1 X175.47 Y189.489 E147.44006
G1 X175.612 Y189.745 E147.4498
G1 X175.753 Y189.975 E147.45877
G1 X175.935 Y190.258 E147.46996
G1 X176.188 Y190.592 E147.4839
G1 X176.375 Y190.811 E147.49348
G1 X176.796 Y191.246 E147.51361
G1 X177.057 Y191.476 E147.52518
G1 X177.263 Y191.651 E147.53417
G1 X177.499 Y191.847 E147.54438
G1 X177.695 Y191.999 E147.55263
G1 X177.888 Y192.182 E147.56147
G1 X177.973 Y192.262 E147.56536
G1 X178.082 Y192.389 E147.57092
G1 X178.001 Y192.472 E147.57478
G1 X177.808 Y192.671 E147.584
G1 X177.606 Y192.845 E147.59287
G1 X177.379 Y193.027 E147.60254
G1 X177.167 Y193.214 E147.61195
G1 X176.923 Y193.416 E147.62248
G1 X176.664 Y193.661 E147.63434
G1 X176.462 Y193.875 E147.64413
G1 X176.22 Y194.144 E147.65616
G1 X175.862 Y194.631 E147.67627
G1 X175.7 Y194.88 E147.68615
G1 X175.577 Y195.114 E147.69494
G1 X175.411 Y195.408 E147.70617
G1 X175.259 Y195.745 E147.71846
G1 X175.158 Y196.01 E147.7279
G1 X175.038 Y196.352 E147.73995
G1 X174.93 Y196.782 E147.7547
G1 X174.86 Y197.085 E147.76504
G1 X174.818 Y197.374 E147.77475
G1 X174.765 Y197.922 E147.79307
G1 X174.762 Y198.211 E147.80268
G1 X174.768 Y198.483 E147.81173
G1 X174.781 Y198.764 E147.82108
G1 X174.815 Y199.05 E147.83066
G1 X174.856 Y199.315 E147.83958
G1 X174.903 Y199.595 E147.84902
G1 X174.976 Y199.877 E147.85871
G1 X175.051 Y200.133 E147.86759
G1 X175.135 Y200.404 E147.87702
G1 X175.245 Y200.676 E147.88678
G1 X175.352 Y200.918 E147.89558
G1 X175.47 Y201.174 E147.90496
G1 X175.612 Y201.43 E147.91469
G1 X175.753 Y201.66 E147.92367
G1 X175.935 Y201.943 E147.93486
G1 X176.188 Y202.277 E147.94879
G1 X176.375 Y202.496 E147.95837
G1 X176.796 Y202.931 E147.97851
G1 X177.057 Y203.161 E147.99008
G1 X177.178 Y203.262 E147.99532
G1 X177.504 Y203.535 E148.00436
G1 X177.627 Y203.628 E148.00564
G0 F9000 X178.088 Y203.798
G0 X178.662 Y204.034
;TYPE:WALL-OUTER
G1 F1800 X170.898 Y203.989 E148.26387
G1 X170.898 Y145.963 E150.19383
G1 X178.346 Y146.006 E150.44155
G1 X178.11 Y146.211 E150.45195
G1 X177.866 Y146.411 E150.46244
G1 X177.639 Y146.592 E150.4721
G1 X177.433 Y146.774 E150.48124
G1 X177.189 Y146.975 E150.49176
G1 X176.947 Y147.203 E150.50282
G1 X176.756 Y147.405 E150.51206
G1 X176.531 Y147.657 E150.5233
G1 X176.35 Y147.905 E150.53351
G1 X176.191 Y148.118 E150.54235
G1 X176.046 Y148.341 E150.5512
G1 X175.925 Y148.57 E150.55981
G1 X175.768 Y148.848 E150.57043
G1 X175.629 Y149.158 E150.58173
G1 X175.534 Y149.408 E150.59063
G1 X175.421 Y149.727 E150.60188
G1 X175.319 Y150.135 E150.61587
G1 X175.253 Y150.418 E150.62553
G1 X175.215 Y150.681 E150.63437
G1 X175.165 Y151.203 E150.65181
G1 X175.162 Y151.468 E150.66063
G1 X175.168 Y151.728 E150.66928
G1 X175.18 Y151.992 E150.67807
G1 X175.211 Y152.256 E150.68691
G1 X175.295 Y152.772 E150.7043
G1 X175.362 Y153.03 E150.71316
G1 X175.435 Y153.278 E150.72176
G1 X175.539 Y153.599 E150.73298
G1 X175.716 Y154.013 E150.74796
G1 X175.888 Y154.368 E150.76108
G1 X176.03 Y154.595 E150.76999
G1 X176.161 Y154.819 E150.77862
G1 X176.31 Y155.038 E150.78743
G1 X176.5 Y155.285 E150.79779
G1 X176.671 Y155.486 E150.80657
G1 X177.072 Y155.9 E150.82574
G1 X177.319 Y156.118 E150.8367
G1 X177.521 Y156.29 E150.84552
G1 X177.749 Y156.479 E150.85537
G1 X177.953 Y156.636 E150.86393
G1 X178.266 Y156.933 E150.87828
G1 X178.444 Y157.14 E150.88736
G1 X178.552 Y157.302 E150.89384
G1 X178.427 Y157.546 E150.90296
G1 X178.266 Y157.732 E150.91114
G1 X178.083 Y157.906 E150.91954
G1 X177.864 Y158.096 E150.92918
G1 X177.637 Y158.277 E150.93884
G1 X177.427 Y158.463 E150.94817
G1 X177.229 Y158.625 E150.95668
G1 X177.034 Y158.801 E150.96541
G1 X176.756 Y159.089 E150.97873
G1 X176.531 Y159.342 E150.98999
G1 X176.35 Y159.59 E151.0002
G1 X176.191 Y159.803 E151.00904
G1 X176.046 Y160.026 E151.01789
G1 X175.925 Y160.255 E151.0265
G1 X175.768 Y160.533 E151.03712
G1 X175.629 Y160.843 E151.04842
G1 X175.534 Y161.093 E151.05732
G1 X175.421 Y161.412 E151.06857
G1 X175.319 Y161.82 E151.08256
G1 X175.253 Y162.103 E151.09223
G1 X175.215 Y162.366 E151.10106
G1 X175.165 Y162.888 E151.1185
G1 X175.162 Y163.154 E151.12735
G1 X175.168 Y163.413 E151.13597
G1 X175.18 Y163.677 E151.14476
G1 X175.211 Y163.941 E151.1536
G1 X175.295 Y164.457 E151.17099
G1 X175.362 Y164.716 E151.17989
G1 X175.512 Y165.214 E151.19718
G1 X175.613 Y165.465 E151.20618
G1 X175.716 Y165.7 E151.21472
G1 X175.888 Y166.053 E151.22778
G1 X176.03 Y166.28 E151.23668
G1 X176.161 Y166.504 E151.24531
G1 X176.31 Y166.723 E151.25412
G1 X176.5 Y166.97 E151.26449
G1 X176.671 Y167.171 E151.27327
G1 X177.072 Y167.585 E151.29244
G1 X177.319 Y167.803 E151.30339
G1 X177.521 Y167.975 E151.31222
G1 X177.749 Y168.165 E151.32209
G1 X177.953 Y168.322 E151.33065
G1 X178.267 Y168.62 E151.34505
G1 X178.44 Y168.82 E151.35384
G1 X178.553 Y168.994 E151.36074
G1 X178.427 Y169.231 E151.36967
G1 X178.266 Y169.418 E151.37788
G1 X178.083 Y169.591 E151.38626
G1 X177.864 Y169.781 E151.3959
G1 X177.637 Y169.963 E151.40558
G1 X177.434 Y170.143 E151.4146
G1 X177.229 Y170.31 E151.42339
G1 X177.034 Y170.486 E151.43213
G1 X176.756 Y170.774 E151.44544
G1 X176.531 Y171.027 E151.4567
G1 X176.35 Y171.275 E151.46692
G1 X176.191 Y171.488 E151.47576
G1 X176.046 Y171.711 E151.4846
G1 X175.925 Y171.94 E151.49322
G1 X175.768 Y172.218 E151.50384
G1 X175.629 Y172.528 E151.51514
G1 X175.534 Y172.778 E151.52403
G1 X175.421 Y173.097 E151.53529
G1 X175.319 Y173.505 E151.54928
G1 X175.253 Y173.789 E151.55897
G1 X175.215 Y174.052 E151.56781
G1 X175.165 Y174.573 E151.58522
G1 X175.162 Y174.839 E151.59407
G1 X175.168 Y175.098 E151.60268
G1 X175.18 Y175.362 E151.61147
G1 X175.211 Y175.626 E151.62032
G1 X175.251 Y175.881 E151.6289
G1 X175.295 Y176.142 E151.6377
G1 X175.362 Y176.401 E151.6466
G1 X175.434 Y176.647 E151.65513
G1 X175.512 Y176.9 E151.66393
G1 X175.613 Y177.15 E151.6729
G1 X175.716 Y177.385 E151.68143
G1 X175.888 Y177.738 E151.6945
G1 X176.03 Y177.964 E151.70337
G1 X176.161 Y178.19 E151.71206
G1 X176.31 Y178.408 E151.72084
G1 X176.5 Y178.655 E151.73121
G1 X176.671 Y178.856 E151.73999
G1 X177.072 Y179.27 E151.75916
G1 X177.319 Y179.488 E151.77011
G1 X177.521 Y179.66 E151.77894
G1 X177.749 Y179.85 E151.78881
G1 X177.953 Y180.007 E151.79737
G1 X178.266 Y180.304 E151.81172
G1 X178.444 Y180.511 E151.8208
G1 X178.552 Y180.672 E151.82725
G1 X178.427 Y180.916 E151.83637
G1 X178.266 Y181.103 E151.84457
G1 X178.083 Y181.276 E151.85295
G1 X177.864 Y181.466 E151.86259
G1 X177.637 Y181.648 E151.87227
G1 X177.433 Y181.829 E151.88134
G1 X177.188 Y182.03 E151.89188
G1 X176.947 Y182.26 E151.90296
G1 X176.756 Y182.461 E151.91218
G1 X176.531 Y182.712 E151.9234
G1 X176.159 Y183.218 E151.94428
G1 X175.981 Y183.506 E151.95555
G1 X175.853 Y183.742 E151.96447
G1 X175.731 Y183.974 E151.97319
G1 X175.628 Y184.215 E151.98191
G1 X175.534 Y184.463 E151.99073
G1 X175.421 Y184.782 E152.00199
G1 X175.319 Y185.191 E152.01601
G1 X175.253 Y185.474 E152.02567
G1 X175.215 Y185.737 E152.03451
G1 X175.165 Y186.258 E152.05192
G1 X175.162 Y186.524 E152.06077
G1 X175.168 Y186.783 E152.06938
G1 X175.18 Y187.047 E152.07817
G1 X175.211 Y187.311 E152.08701
G1 X175.251 Y187.566 E152.0956
G1 X175.295 Y187.827 E152.1044
G1 X175.362 Y188.086 E152.1133
G1 X175.434 Y188.333 E152.12186
G1 X175.512 Y188.585 E152.13063
G1 X175.613 Y188.835 E152.1396
G1 X175.716 Y189.068 E152.14807
G1 X175.827 Y189.308 E152.15687
G1 X175.957 Y189.543 E152.1658
G1 X176.092 Y189.762 E152.17436
G1 X176.263 Y190.029 E152.1849
G1 X176.499 Y190.341 E152.19791
G1 X176.671 Y190.541 E152.20669
G1 X177.072 Y190.956 E152.22588
G1 X177.319 Y191.173 E152.23682
G1 X177.521 Y191.345 E152.24564
G1 X177.749 Y191.535 E152.25551
G1 X177.953 Y191.692 E152.26407
G1 X178.266 Y191.989 E152.27842
G1 X178.44 Y192.192 E152.28732
G1 X178.553 Y192.364 E152.29416
G1 X178.427 Y192.601 E152.30309
G1 X178.266 Y192.788 E152.3113
G1 X178.083 Y192.962 E152.3197
G1 X177.864 Y193.151 E152.32932
G1 X177.637 Y193.333 E152.33899
G1 X177.432 Y193.514 E152.34809
G1 X177.188 Y193.716 E152.35863
G1 X176.947 Y193.944 E152.36966
G1 X176.756 Y194.146 E152.37891
G1 X176.531 Y194.397 E152.39012
G1 X176.191 Y194.859 E152.4092
G1 X176.045 Y195.083 E152.41809
G1 X175.925 Y195.311 E152.42666
G1 X175.768 Y195.589 E152.43728
G1 X175.629 Y195.898 E152.44855
G1 X175.534 Y196.148 E152.45744
G1 X175.421 Y196.467 E152.4687
G1 X175.319 Y196.876 E152.48272
G1 X175.253 Y197.159 E152.49238
G1 X175.215 Y197.422 E152.50122
G1 X175.165 Y197.943 E152.51863
G1 X175.162 Y198.209 E152.52748
G1 X175.168 Y198.469 E152.53613
G1 X175.18 Y198.732 E152.54488
G1 X175.211 Y198.996 E152.55373
G1 X175.251 Y199.251 E152.56231
G1 X175.295 Y199.512 E152.57111
G1 X175.362 Y199.771 E152.58001
G1 X175.434 Y200.018 E152.58857
G1 X175.512 Y200.27 E152.59734
G1 X175.613 Y200.52 E152.60631
G1 X175.716 Y200.753 E152.61478
G1 X175.827 Y200.993 E152.62358
G1 X175.957 Y201.228 E152.63251
G1 X176.092 Y201.447 E152.64107
G1 X176.263 Y201.714 E152.65161
G1 X176.499 Y202.026 E152.66462
G1 X176.671 Y202.226 E152.6734
G1 X177.072 Y202.641 E152.69259
G1 X177.319 Y202.858 E152.70353
G1 X177.521 Y203.03 E152.71235
G1 X177.752 Y203.221 E152.72232
G1 X177.961 Y203.379 E152.73104
G1 X178.172 Y203.565 E152.74039
G1 X178.372 Y203.728 E152.74897
G1 X178.662 Y204.034 E152.76299
G0 F9000 X178.088 Y203.798
G0 X176.907 Y202.814
G0 X176.431 Y202.268
G0 X175.159 Y200.681
;TYPE:FILL
G1 F3600 X171.377 Y201.694 E152.89322
G0 F9000 X175.848 Y194.991
G0 X177.256 Y193.027
G1 F3600 X171.377 Y187.148 E153.16975
G0 F9000 X171.377 Y185.241
G1 F3600 X176.176 Y167.33 E153.78648
G0 F9000 X175.456 Y165.681
G0 X174.691 Y163.536
G1 F3600 X171.377 Y164.424 E153.9006
G0 F9000 X171.377 Y170.177
G1 F3600 X174.803 Y173.603 E154.06174
G0 F9000 X174.774 Y175.937
G1 F3600 X171.377 Y176.848 E154.17872
G0 F9000 X174.929 Y188.319
G1 F3600 X171.377 Y189.271 E154.30103
G1 F1440 E152.80103
G0 F9000 X175.087 Y161.764
G0 X175.408 Y160.751
G0 X176.662 Y158.493
G1 F1440 E154.30103
G1 F3600 X171.377 Y153.207 E154.54964
G0 F9000 X171.377 Y152.001
G1 F3600 X174.689 Y151.114 E154.66368
G0 F9000 X175.389 Y149.192
G0 X176.433 Y146.856
G0 X176.57 Y146.718
;TYPE:SKIN
G1 F1800 X176.392 Y146.613 E154.67224
G0 F9000 X176.348 Y146.658
G0 X177.355 Y146.3
G0 X177.375 Y146.195
G1 F1800 X177.554 Y146.299 E154.67895
G1 F1440 E153.17895
G0 F9000 X177.676 Y146.302
G0 X176.778 Y147.033
G0 X175.995 Y147.982
G0 X175.408 Y149.066
G0 X175.017 Y150.374
G0 X174.929 Y151.736
G0 X174.942 Y198.751
G0 X175.131 Y199.834
G0 X175.565 Y200.975
G0 X176.892 Y203.247
G0 X176.792 Y203.346
G1 F1440 E154.67895
G1 F1800 X177.009 Y203.413 E154.68123
G1 X177.839 Y203.714 E154.69011
G0 F9000 X178.103 Y203.734
G1 F1800 X177.983 Y203.854 E154.69293
;MESH:NONMESH
G0 F300 X177.983 Y203.854 Z1.4
G0 F9000 X177.629 Y203.628
;TIME_ELAPSED:267.528157
;LAYER:6
;TYPE:WALL-INNER
;MESH:Vertical_Tension_Member.stl
G1 F1800 X177.42 Y203.627 E154.69988
G1 X177.092 Y203.626 E154.71079
G1 X171.097 Y203.59 E154.91019
G1 X171.097 Y146.565 E156.80685
G1 X171.097 Y146.365 E156.8135
G1 X171.297 Y146.366 E156.8178
G1 X176.759 Y146.397 E156.99947
G1 X177.023 Y146.398 E157.00825
G1 X177.251 Y146.4 E157.01583
G1 X177.022 Y146.594 E157.0196
G1 X176.825 Y146.769 E157.02628
G1 X176.754 Y146.832 E157.02944
G1 X176.349 Y147.258 E157.04899
G1 X176.116 Y147.541 E157.06118
G1 X175.906 Y147.832 E157.07312
G1 X175.702 Y148.137 E157.08532
G1 X175.421 Y148.655 E157.10492
G1 X175.267 Y148.988 E157.11712
G1 X175.052 Y149.566 E157.13763
G1 X174.977 Y149.852 E157.14747
G1 X174.91 Y150.133 E157.15708
G1 X174.838 Y150.492 E157.16925
G1 X174.776 Y151.078 E157.18885
G1 X174.763 Y151.444 E157.20103
G1 X174.772 Y151.757 E157.21145
G1 X174.785 Y152.06 E157.22154
G1 X174.823 Y152.356 E157.23146
G1 X174.87 Y152.644 E157.24117
G1 X174.94 Y153 E157.25324
G1 X175.028 Y153.289 E157.26328
G1 X175.105 Y153.563 E157.27275
G1 X175.234 Y153.907 E157.28497
G1 X175.385 Y154.243 E157.29722
G1 X175.54 Y154.562 E157.30902
G1 X175.735 Y154.887 E157.32162
G1 X175.913 Y155.172 E157.3328
G1 X176.163 Y155.503 E157.3466
G1 X176.348 Y155.723 E157.35616
G1 X176.755 Y156.151 E157.3758
G1 X177.021 Y156.387 E157.38763
G1 X177.272 Y156.602 E157.39862
G1 X177.504 Y156.794 E157.40864
G1 X177.726 Y156.972 E157.4181
G1 X177.901 Y157.138 E157.42612
G1 X177.965 Y157.198 E157.42904
G1 X178.08 Y157.343 E157.4352
G1 X178.01 Y157.426 E157.43881
G1 X177.946 Y157.486 E157.44172
G1 X177.681 Y157.734 E157.4538
G1 X177.438 Y157.924 E157.46406
G1 X177.021 Y158.279 E157.48227
G1 X176.754 Y158.517 E157.49417
G1 X176.349 Y158.943 E157.51372
G1 X176.116 Y159.226 E157.52591
G1 X175.906 Y159.517 E157.53785
G1 X175.702 Y159.822 E157.55005
G1 X175.421 Y160.34 E157.56965
G1 X175.267 Y160.673 E157.58185
G1 X175.052 Y161.251 E157.60236
G1 X174.977 Y161.537 E157.6122
G1 X174.91 Y161.818 E157.62181
G1 X174.838 Y162.177 E157.63398
G1 X174.776 Y162.763 E157.65358
G1 X174.763 Y163.13 E157.6658
G1 X174.772 Y163.442 E157.67618
G1 X174.785 Y163.745 E157.68627
G1 X174.823 Y164.041 E157.69619
G1 X174.87 Y164.329 E157.7059
G1 X174.94 Y164.685 E157.71796
G1 X175.028 Y164.974 E157.72801
G1 X175.105 Y165.248 E157.73748
G1 X175.234 Y165.592 E157.7497
G1 X175.385 Y165.929 E157.76198
G1 X175.54 Y166.247 E157.77375
G1 X175.735 Y166.573 E157.78638
G1 X175.913 Y166.858 E157.79756
G1 X176.163 Y167.189 E157.81135
G1 X176.348 Y167.408 E157.82089
G1 X176.755 Y167.837 E157.84056
G1 X177.022 Y168.072 E157.85239
G1 X177.272 Y168.287 E157.86335
G1 X177.504 Y168.479 E157.87337
G1 X177.737 Y168.667 E157.88333
G1 X177.898 Y168.819 E157.89069
G1 X177.961 Y168.878 E157.89356
G1 X178.079 Y169.028 E157.89991
G1 X178.014 Y169.107 E157.90331
G1 X177.951 Y169.166 E157.90618
G1 X177.671 Y169.428 E157.91894
G1 X177.437 Y169.61 E157.9288
G1 X177.021 Y169.964 E157.94697
G1 X176.754 Y170.202 E157.95886
G1 X176.349 Y170.628 E157.97841
G1 X176.116 Y170.911 E157.99061
G1 X175.907 Y171.202 E158.00252
G1 X175.703 Y171.504 E158.01464
G1 X175.52 Y171.836 E158.02725
G1 X175.354 Y172.154 E158.03918
G1 X175.243 Y172.424 E158.04889
G1 X175.14 Y172.695 E158.05854
G1 X175.023 Y173.043 E158.07075
G1 X174.956 Y173.325 E158.08039
G1 X174.884 Y173.613 E158.09026
G1 X174.823 Y173.979 E158.1026
G1 X174.764 Y174.589 E158.12298
G1 X174.765 Y174.889 E158.13296
G1 X174.773 Y175.178 E158.14258
G1 X174.797 Y175.538 E158.15458
G1 X174.853 Y175.913 E158.16719
G1 X174.912 Y176.261 E158.17893
G1 X174.991 Y176.553 E158.18899
G1 X175.076 Y176.832 E158.19869
G1 X175.188 Y177.17 E158.21053
G1 X175.429 Y177.713 E158.23029
G1 X175.598 Y178.033 E158.24233
G1 X175.924 Y178.558 E158.26288
G1 X176.163 Y178.874 E158.27606
G1 X176.346 Y179.091 E158.2855
G1 X176.639 Y179.404 E158.29976
G1 X176.844 Y179.603 E158.30927
G1 X177.272 Y179.973 E158.32808
G1 X177.504 Y180.164 E158.33808
G1 X177.737 Y180.352 E158.34804
G1 X177.898 Y180.503 E158.35538
G1 X177.96 Y180.562 E158.35822
G1 X178.079 Y180.713 E158.36462
G1 X178.014 Y180.793 E158.36805
G1 X177.952 Y180.851 E158.37087
G1 X177.669 Y181.114 E158.38372
G1 X177.437 Y181.295 E158.39351
G1 X177.021 Y181.65 E158.4117
G1 X176.754 Y181.887 E158.42357
G1 X176.349 Y182.314 E158.44314
G1 X176.116 Y182.595 E158.45529
G1 X175.906 Y182.887 E158.46725
G1 X175.703 Y183.19 E158.47938
G1 X175.52 Y183.521 E158.49196
G1 X175.354 Y183.839 E158.50389
G1 X175.243 Y184.11 E158.51363
G1 X175.14 Y184.38 E158.52324
G1 X175.023 Y184.727 E158.53542
G1 X174.884 Y185.3 E158.55503
G1 X174.823 Y185.664 E158.56731
G1 X174.764 Y186.274 E158.58769
G1 X174.765 Y186.574 E158.59767
G1 X174.773 Y186.863 E158.60728
G1 X174.797 Y187.223 E158.61929
G1 X174.853 Y187.598 E158.6319
G1 X174.912 Y187.946 E158.64364
G1 X174.99 Y188.237 E158.65366
G1 X175.076 Y188.518 E158.66343
G1 X175.188 Y188.853 E158.67518
G1 X175.34 Y189.204 E158.6879
G1 X175.487 Y189.522 E158.69955
G1 X175.653 Y189.811 E158.71064
G1 X175.795 Y190.04 E158.7196
G1 X175.986 Y190.328 E158.73109
G1 X176.164 Y190.561 E158.74085
G1 X176.346 Y190.776 E158.75021
G1 X176.676 Y191.128 E158.76626
G1 X176.932 Y191.366 E158.77789
G1 X177.206 Y191.602 E158.78992
G1 X177.44 Y191.799 E158.80009
G1 X177.682 Y191.988 E158.8103
G1 X177.936 Y192.225 E158.82186
G1 X178.005 Y192.289 E158.82499
G1 X178.082 Y192.393 E158.82929
G1 X177.981 Y192.507 E158.83436
G1 X177.913 Y192.572 E158.83749
G1 X177.768 Y192.71 E158.84414
G1 X177.577 Y192.869 E158.85241
G1 X177.344 Y193.058 E158.86239
G1 X177.154 Y193.225 E158.8708
G1 X176.937 Y193.407 E158.88022
G1 X176.674 Y193.652 E158.89218
G1 X176.428 Y193.913 E158.90411
G1 X176.185 Y194.189 E158.91634
G1 X175.839 Y194.667 E158.93596
G1 X175.644 Y194.979 E158.9482
G1 X175.356 Y195.522 E158.96864
G1 X175.243 Y195.795 E158.97847
G1 X175.14 Y196.065 E158.98808
G1 X175.023 Y196.412 E159.00026
G1 X174.884 Y196.985 E159.01987
G1 X174.823 Y197.349 E159.03215
G1 X174.764 Y197.959 E159.05253
G1 X174.765 Y198.258 E159.06248
G1 X174.773 Y198.549 E159.07216
G1 X174.797 Y198.908 E159.08413
G1 X174.853 Y199.283 E159.09674
G1 X174.912 Y199.631 E159.10848
G1 X174.99 Y199.922 E159.1185
G1 X175.075 Y200.202 E159.12823
G1 X175.189 Y200.54 E159.14009
G1 X175.341 Y200.889 E159.15275
G1 X175.487 Y201.207 E159.16439
G1 X175.653 Y201.496 E159.17548
G1 X175.795 Y201.725 E159.18444
G1 X175.986 Y202.013 E159.19593
G1 X176.164 Y202.246 E159.20569
G1 X176.346 Y202.461 E159.21505
G1 X176.676 Y202.813 E159.2311
G1 X176.933 Y203.052 E159.24277
G1 X177.171 Y203.255 E159.25318
G1 X177.42 Y203.468 E159.261
G1 X177.629 Y203.628 E159.26379
G0 F9000 X178.089 Y203.798
G0 X178.666 Y204.034
;TYPE:WALL-OUTER
G1 F1800 X171.368 Y203.991 E159.50653
G1 X170.697 Y203.989 E159.52885
G1 X170.697 Y145.964 E161.45877
G1 X171.533 Y145.967 E161.48657
G1 X178.347 Y146.006 E161.71321
G1 X178.107 Y146.215 E161.7238
G1 X177.9 Y146.387 E161.73275
G1 X177.682 Y146.558 E161.74196
G1 X177.284 Y146.896 E161.75933
G1 X177.032 Y147.12 E161.77054
G1 X176.649 Y147.523 E161.78903
G1 X176.433 Y147.785 E161.80033
G1 X176.235 Y148.06 E161.8116
G1 X176.045 Y148.344 E161.82296
G1 X175.779 Y148.834 E161.84151
G1 X175.637 Y149.142 E161.85279
G1 X175.434 Y149.687 E161.87213
G1 X175.365 Y149.949 E161.88114
G1 X175.301 Y150.219 E161.89037
G1 X175.234 Y150.552 E161.90167
G1 X175.206 Y150.829 E161.91093
G1 X175.175 Y151.107 E161.92023
G1 X175.163 Y151.445 E161.93148
G1 X175.172 Y151.742 E161.94136
G1 X175.184 Y152.026 E161.95082
G1 X175.219 Y152.298 E161.95994
G1 X175.264 Y152.573 E161.96921
G1 X175.329 Y152.903 E161.9804
G1 X175.411 Y153.172 E161.98975
G1 X175.486 Y153.439 E161.99897
G1 X175.604 Y153.755 E162.01019
G1 X175.747 Y154.073 E162.02179
G1 X175.892 Y154.371 E162.03281
G1 X176.076 Y154.678 E162.04472
G1 X176.243 Y154.945 E162.05519
G1 X176.476 Y155.254 E162.06806
G1 X176.646 Y155.456 E162.07684
G1 X177.033 Y155.863 E162.09552
G1 X177.284 Y156.085 E162.10667
G1 X177.53 Y156.296 E162.11745
G1 X177.757 Y156.484 E162.12725
G1 X177.996 Y156.677 E162.13747
G1 X178.261 Y156.926 E162.14956
G1 X178.539 Y157.28 E162.16453
G1 X178.552 Y157.355 E162.16706
G1 X178.474 Y157.495 E162.1724
G1 X178.306 Y157.697 E162.18113
G1 X177.942 Y158.038 E162.19772
G1 X177.691 Y158.234 E162.20831
G1 X177.284 Y158.581 E162.2261
G1 X177.032 Y158.805 E162.23732
G1 X176.649 Y159.208 E162.25581
G1 X176.433 Y159.47 E162.2671
G1 X176.235 Y159.745 E162.27837
G1 X176.045 Y160.029 E162.28974
G1 X175.779 Y160.519 E162.30828
G1 X175.637 Y160.827 E162.31956
G1 X175.434 Y161.372 E162.33891
G1 X175.365 Y161.634 E162.34792
G1 X175.301 Y161.904 E162.35715
G1 X175.234 Y162.237 E162.36844
G1 X175.206 Y162.514 E162.3777
G1 X175.175 Y162.792 E162.38701
G1 X175.163 Y163.131 E162.39829
G1 X175.172 Y163.427 E162.40814
G1 X175.184 Y163.711 E162.41759
G1 X175.219 Y163.983 E162.42672
G1 X175.264 Y164.258 E162.43598
G1 X175.329 Y164.588 E162.44717
G1 X175.411 Y164.857 E162.45652
G1 X175.486 Y165.124 E162.46575
G1 X175.604 Y165.44 E162.47697
G1 X175.747 Y165.759 E162.48859
G1 X175.892 Y166.056 E162.49959
G1 X176.076 Y166.364 E162.51152
G1 X176.243 Y166.631 E162.52199
G1 X176.476 Y166.939 E162.53484
G1 X176.646 Y167.141 E162.54362
G1 X177.033 Y167.549 E162.56232
G1 X177.284 Y167.77 E162.57345
G1 X177.53 Y167.981 E162.58423
G1 X177.757 Y168.169 E162.59403
G1 X178.007 Y168.371 E162.60472
G1 X178.256 Y168.606 E162.61611
G1 X178.539 Y168.965 E162.63131
G1 X178.552 Y169.04 E162.63384
G1 X178.474 Y169.18 E162.63917
G1 X178.306 Y169.382 E162.64791
G1 X177.936 Y169.729 E162.66478
G1 X177.69 Y169.92 E162.67514
G1 X177.284 Y170.266 E162.69289
G1 X177.032 Y170.49 E162.7041
G1 X176.649 Y170.893 E162.72259
G1 X176.433 Y171.155 E162.73388
G1 X176.235 Y171.43 E162.74516
G1 X176.045 Y171.713 E162.75649
G1 X175.872 Y172.025 E162.76836
G1 X175.717 Y172.323 E162.77953
G1 X175.615 Y172.571 E162.78845
G1 X175.517 Y172.83 E162.79766
G1 X175.408 Y173.153 E162.809
G1 X175.344 Y173.422 E162.81819
G1 X175.276 Y173.694 E162.82752
G1 X175.22 Y174.031 E162.83888
G1 X175.164 Y174.608 E162.85816
G1 X175.165 Y174.882 E162.86728
G1 X175.173 Y175.159 E162.87649
G1 X175.195 Y175.495 E162.88769
G1 X175.248 Y175.85 E162.89963
G1 X175.303 Y176.175 E162.91059
G1 X175.375 Y176.442 E162.91979
G1 X175.457 Y176.71 E162.92911
G1 X175.562 Y177.026 E162.94019
G1 X175.789 Y177.538 E162.95882
G1 X175.945 Y177.834 E162.96995
G1 X176.254 Y178.331 E162.98941
G1 X176.476 Y178.624 E163.00164
G1 X176.645 Y178.825 E163.01037
G1 X176.925 Y179.124 E163.024
G1 X177.114 Y179.308 E163.03277
G1 X177.53 Y179.667 E163.05104
G1 X177.757 Y179.854 E163.06083
G1 X178.007 Y180.056 E163.07152
G1 X178.256 Y180.291 E163.0829
G1 X178.54 Y180.653 E163.09821
G1 X178.553 Y180.717 E163.10038
G1 X178.476 Y180.859 E163.10575
G1 X178.305 Y181.069 E163.11476
G1 X177.936 Y181.413 E163.13154
G1 X177.69 Y181.605 E163.14192
G1 X177.284 Y181.952 E163.15968
G1 X177.032 Y182.175 E163.17087
G1 X176.649 Y182.579 E163.18939
G1 X176.433 Y182.84 E163.20066
G1 X176.235 Y183.115 E163.21193
G1 X176.045 Y183.399 E163.22329
G1 X175.872 Y183.711 E163.23516
G1 X175.717 Y184.008 E163.2463
G1 X175.615 Y184.257 E163.25525
G1 X175.517 Y184.515 E163.26443
G1 X175.408 Y184.838 E163.27577
G1 X175.276 Y185.38 E163.29432
G1 X175.22 Y185.716 E163.30565
G1 X175.164 Y186.293 E163.32493
G1 X175.165 Y186.567 E163.33405
G1 X175.173 Y186.844 E163.34326
G1 X175.195 Y187.18 E163.35446
G1 X175.248 Y187.535 E163.3664
G1 X175.303 Y187.86 E163.37736
G1 X175.375 Y188.127 E163.38656
G1 X175.457 Y188.396 E163.39592
G1 X175.562 Y188.71 E163.40693
G1 X175.705 Y189.04 E163.41889
G1 X175.843 Y189.338 E163.42981
G1 X175.997 Y189.606 E163.44009
G1 X176.132 Y189.824 E163.44862
G1 X176.312 Y190.096 E163.45947
G1 X176.476 Y190.31 E163.46844
G1 X176.645 Y190.51 E163.47715
G1 X176.958 Y190.844 E163.49237
G1 X177.199 Y191.068 E163.50331
G1 X177.465 Y191.297 E163.51499
G1 X177.692 Y191.488 E163.52485
G1 X177.949 Y191.689 E163.53571
G1 X178.303 Y192.019 E163.5518
G1 X178.553 Y192.359 E163.56584
G1 X178.437 Y192.594 E163.57456
G1 X178.27 Y192.784 E163.58297
G1 X178.033 Y193.01 E163.59386
G1 X177.829 Y193.18 E163.60269
G1 X177.602 Y193.364 E163.61241
G1 X177.411 Y193.532 E163.62087
G1 X177.202 Y193.707 E163.62994
G1 X176.956 Y193.936 E163.64112
G1 X176.724 Y194.182 E163.65236
G1 X176.498 Y194.439 E163.66375
G1 X176.171 Y194.89 E163.68228
G1 X175.991 Y195.179 E163.6936
G1 X175.718 Y195.693 E163.71296
G1 X175.615 Y195.942 E163.72192
G1 X175.517 Y196.2 E163.7311
G1 X175.408 Y196.523 E163.74244
G1 X175.276 Y197.065 E163.76099
G1 X175.22 Y197.401 E163.77232
G1 X175.164 Y197.978 E163.7916
G1 X175.165 Y198.252 E163.80072
G1 X175.173 Y198.53 E163.80997
G1 X175.195 Y198.865 E163.82113
G1 X175.248 Y199.22 E163.83307
G1 X175.303 Y199.545 E163.84403
G1 X175.375 Y199.812 E163.85323
G1 X175.456 Y200.081 E163.86257
G1 X175.562 Y200.396 E163.87363
G1 X175.706 Y200.725 E163.88557
G1 X175.843 Y201.023 E163.89648
G1 X175.997 Y201.291 E163.90676
G1 X176.132 Y201.509 E163.91529
G1 X176.312 Y201.781 E163.92614
G1 X176.476 Y201.995 E163.93511
G1 X176.645 Y202.195 E163.94382
G1 X176.958 Y202.529 E163.95904
G1 X177.199 Y202.753 E163.96998
G1 X177.672 Y203.157 E163.99067
G1 X177.947 Y203.368 E164.0022
G1 X178.157 Y203.551 E164.01147
G1 X178.352 Y203.711 E164.01986
G1 X178.532 Y203.888 E164.02825
G1 X178.666 Y204.034 E164.03484
G0 F9000 X178.089 Y203.798
G0 X176.789 Y202.699
G0 X175.219 Y200.811
;TYPE:FILL
G1 F3600 X171.176 Y201.894 E164.17406
G0 F9000 X176.311 Y194.29
G0 X177.364 Y192.936
G1 F3600 X171.176 Y186.748 E164.46512
G0 F9000 X171.176 Y185.445
G1 F3600 X176.066 Y167.195 E165.09353
G0 F9000 X174.701 Y163.68
G1 F3600 X171.176 Y164.624 E165.2149
G0 F9000 X171.176 Y169.777
G1 F3600 X174.843 Y173.444 E165.38739
G0 F9000 X174.797 Y176.077
G1 F3600 X171.177 Y177.047 E165.51204
G0 F9000 X174.973 Y188.453
G1 F3600 X171.177 Y189.471 E165.64275
G1 F1440 E164.14275
G0 F9000 X175.067 Y161.853
G0 X175.416 Y160.735
G0 X175.768 Y160.098
G0 X176.766 Y158.397
G1 F1440 E165.64275
G1 F3600 X171.176 Y152.807 E165.90569
G0 F9000 X171.176 Y152.201
G1 F3600 X174.688 Y151.26 E166.02662
G0 F9000 X175.343 Y149.271
G0 X176.52 Y146.822
G0 X176.433 Y146.735
;TYPE:SKIN
G1 F1800 X176.606 Y146.625 E166.02887
G1 X177.64 Y146.245 E166.04096
G1 F1440 E164.54096
G0 F9000 X177.571 Y146.301
G0 X176.47 Y147.364
G0 X175.84 Y148.22
G0 X175.416 Y149.05
G0 X175.067 Y150.168
G0 X174.923 Y151.444
G0 X174.957 Y198.89
G0 X175.227 Y200.154
G0 X175.546 Y200.867
G0 X176.681 Y203.269
G1 F1440 E166.04096
G1 F1800 X176.86 Y203.447 E166.04516
G0 F9000 X177.789 Y203.811
G1 F1800 X177.967 Y203.706 E166.05407
G0 F9000 X177.578 Y203.428
;MESH:NONMESH
G0 F300 X177.578 Y203.428 Z1.6
G0 F9000 X177.629 Y203.628
;TIME_ELAPSED:282.630202
;LAYER:7
;TYPE:WALL-INNER
;MESH:Vertical_Tension_Member.stl
G1 F1800 X177.321 Y203.627 E166.06431
G1 X177.109 Y203.626 E166.07136
G1 X170.896 Y203.589 E166.27801
G1 X170.896 Y146.565 E168.17464
G1 X170.896 Y146.365 E168.18129
G1 X171.096 Y146.366 E168.18559
G1 X176.723 Y146.398 E168.37275
G1 X176.724 Y146.399 E168.3728
G1 X177.249 Y146.4 E168.39026
G1 X176.853 Y146.746 E168.39956
G1 X176.755 Y146.832 E168.4039
G1 X176.536 Y147.059 E168.41439
G1 X176.285 Y147.332 E168.42672
G1 X176.089 Y147.581 E168.43726
G1 X175.913 Y147.828 E168.44735
G1 X175.705 Y148.135 E168.45968
G1 X175.531 Y148.447 E168.47156
G1 X175.376 Y148.746 E168.48277
G1 X175.252 Y149.037 E168.49329
G1 X175.148 Y149.319 E168.50328
G1 X175.025 Y149.669 E168.51562
G1 X174.938 Y150.016 E168.52752
G1 X174.864 Y150.344 E168.5387
G1 X174.82 Y150.66 E168.54932
G1 X174.765 Y151.268 E168.56962
G1 X174.77 Y151.684 E168.58346
G1 X174.783 Y152.02 E168.59464
G1 X174.823 Y152.338 E168.6053
G1 X174.872 Y152.635 E168.61531
G1 X174.94 Y152.997 E168.62756
G1 X175.039 Y153.341 E168.63947
G1 X175.137 Y153.658 E168.65051
G1 X175.259 Y153.959 E168.66131
G1 X175.385 Y154.235 E168.6714
G1 X175.542 Y154.563 E168.68349
G1 X175.726 Y154.871 E168.69543
G1 X175.896 Y155.141 E168.70604
G1 X176.092 Y155.408 E168.71706
G1 X176.319 Y155.69 E168.7291
G1 X176.643 Y156.035 E168.74484
G1 X176.87 Y156.256 E168.75538
G1 X177.478 Y156.772 E168.7819
G1 X177.69 Y156.943 E168.79096
G1 X177.911 Y157.15 E168.80103
G1 X178.02 Y157.252 E168.80599
G1 X178.087 Y157.333 E168.80949
G1 X177.982 Y157.44 E168.81448
G1 X177.801 Y157.625 E168.82308
G1 X177.592 Y157.806 E168.83228
G1 X177.38 Y157.974 E168.84128
G1 X176.794 Y158.48 E168.86703
G1 X176.56 Y158.716 E168.87808
G1 X176.284 Y159.018 E168.89169
G1 X176.088 Y159.267 E168.90223
G1 X175.913 Y159.514 E168.9123
G1 X175.705 Y159.82 E168.9246
G1 X175.531 Y160.132 E168.93649
G1 X175.376 Y160.431 E168.94769
G1 X175.252 Y160.722 E168.95821
G1 X175.148 Y161.004 E168.9682
G1 X175.024 Y161.355 E168.98059
G1 X174.938 Y161.701 E168.99244
G1 X174.864 Y162.029 E169.00363
G1 X174.82 Y162.346 E169.01427
G1 X174.765 Y162.955 E169.03461
G1 X174.77 Y163.369 E169.04838
G1 X174.783 Y163.705 E169.05956
G1 X174.823 Y164.024 E169.07026
G1 X174.872 Y164.32 E169.08024
G1 X174.94 Y164.682 E169.09249
G1 X175.039 Y165.026 E169.10439
G1 X175.137 Y165.343 E169.11543
G1 X175.258 Y165.644 E169.12622
G1 X175.385 Y165.921 E169.13635
G1 X175.542 Y166.249 E169.14845
G1 X175.726 Y166.556 E169.16035
G1 X175.896 Y166.826 E169.17097
G1 X176.092 Y167.093 E169.18198
G1 X176.319 Y167.375 E169.19402
G1 X176.643 Y167.72 E169.20976
G1 X176.87 Y167.941 E169.2203
G1 X177.478 Y168.456 E169.2468
G1 X177.692 Y168.629 E169.25596
G1 X177.914 Y168.837 E169.26607
G1 X178.026 Y168.942 E169.27118
G1 X178.082 Y169.024 E169.27448
G1 X177.974 Y169.133 E169.27959
G1 X177.791 Y169.318 E169.28824
G1 X177.416 Y169.629 E169.30444
G1 X176.865 Y170.1 E169.32855
G1 X176.641 Y170.319 E169.33897
G1 X176.434 Y170.542 E169.34909
G1 X176.189 Y170.819 E169.36139
G1 X175.976 Y171.104 E169.37323
G1 X175.784 Y171.38 E169.38441
G1 X175.622 Y171.652 E169.39494
G1 X175.336 Y172.197 E169.41541
G1 X175.183 Y172.583 E169.42922
G1 X175.068 Y172.899 E169.44041
G1 X174.983 Y173.206 E169.451
G1 X174.848 Y173.802 E169.47133
G1 X174.799 Y174.215 E169.48516
G1 X174.769 Y174.55 E169.49634
G1 X174.767 Y174.87 E169.50699
G1 X174.777 Y175.17 E169.51697
G1 X174.798 Y175.539 E169.52926
G1 X174.851 Y175.893 E169.54117
G1 X174.906 Y176.219 E169.55217
G1 X174.987 Y176.532 E169.56292
G1 X175.076 Y176.823 E169.57304
G1 X175.191 Y177.17 E169.5852
G1 X175.332 Y177.5 E169.59713
G1 X175.472 Y177.799 E169.60812
G1 X175.629 Y178.08 E169.61882
G1 X175.791 Y178.342 E169.62907
G1 X175.987 Y178.644 E169.64104
G1 X176.191 Y178.909 E169.65216
G1 X176.435 Y179.182 E169.66434
G1 X176.643 Y179.405 E169.67449
G1 X176.869 Y179.626 E169.685
G1 X177.243 Y179.945 E169.70135
G1 X177.479 Y180.143 E169.71159
G1 X177.685 Y180.308 E169.72037
G1 X177.91 Y180.519 E169.73063
G1 X178.019 Y180.621 E169.7356
G1 X178.089 Y180.702 E169.73916
G1 X177.984 Y180.808 E169.74412
G1 X177.791 Y181.003 E169.75325
G1 X177.613 Y181.161 E169.76116
G1 X177.415 Y181.316 E169.76953
G1 X176.866 Y181.785 E169.79354
G1 X176.641 Y182.004 E169.80398
G1 X176.434 Y182.227 E169.8141
G1 X176.189 Y182.504 E169.8264
G1 X175.976 Y182.789 E169.83824
G1 X175.784 Y183.065 E169.84942
G1 X175.622 Y183.337 E169.85995
G1 X175.336 Y183.882 E169.88042
G1 X175.183 Y184.268 E169.89423
G1 X175.068 Y184.584 E169.90542
G1 X174.983 Y184.891 E169.91601
G1 X174.848 Y185.487 E169.93634
G1 X174.799 Y185.9 E169.95017
G1 X174.769 Y186.235 E169.96136
G1 X174.767 Y186.555 E169.972
G1 X174.777 Y186.855 E169.98198
G1 X174.798 Y187.224 E169.99428
G1 X174.851 Y187.578 E170.00618
G1 X174.906 Y187.905 E170.01721
G1 X174.987 Y188.217 E170.02793
G1 X175.076 Y188.508 E170.03805
G1 X175.191 Y188.855 E170.05021
G1 X175.332 Y189.184 E170.06212
G1 X175.472 Y189.484 E170.07313
G1 X175.629 Y189.766 E170.08386
G1 X175.791 Y190.027 E170.09408
G1 X175.987 Y190.329 E170.10605
G1 X176.191 Y190.594 E170.11718
G1 X176.435 Y190.867 E170.12936
G1 X176.643 Y191.089 E170.13947
G1 X176.869 Y191.311 E170.15001
G1 X177.244 Y191.631 E170.16641
G1 X177.509 Y191.852 E170.17788
G1 X177.735 Y192.032 E170.18749
G1 X177.903 Y192.191 E170.19519
G1 X177.999 Y192.281 E170.19956
G1 X178.089 Y192.387 E170.20419
G1 X177.997 Y192.481 E170.20856
G1 X177.802 Y192.68 E170.21783
G1 X177.591 Y192.862 E170.2271
G1 X177.38 Y193.03 E170.23607
G1 X176.794 Y193.535 E170.2618
G1 X176.56 Y193.771 E170.27285
G1 X176.284 Y194.073 E170.28646
G1 X176.088 Y194.322 E170.297
G1 X175.913 Y194.569 E170.30707
G1 X175.705 Y194.876 E170.3194
G1 X175.531 Y195.188 E170.33128
G1 X175.376 Y195.487 E170.34248
G1 X175.252 Y195.778 E170.353
G1 X175.148 Y196.059 E170.36297
G1 X175.024 Y196.41 E170.37535
G1 X174.938 Y196.757 E170.38724
G1 X174.864 Y197.085 E170.39843
G1 X174.82 Y197.402 E170.40907
G1 X174.765 Y198.011 E170.42941
G1 X174.77 Y198.425 E170.44318
G1 X174.783 Y198.76 E170.45433
G1 X174.823 Y199.079 E170.46502
G1 X174.872 Y199.376 E170.47503
G1 X174.94 Y199.738 E170.48728
G1 X175.039 Y200.082 E170.49919
G1 X175.137 Y200.399 E170.51023
G1 X175.258 Y200.699 E170.52099
G1 X175.385 Y200.975 E170.53109
G1 X175.542 Y201.304 E170.54321
G1 X175.726 Y201.612 E170.55515
G1 X175.896 Y201.882 E170.56576
G1 X176.092 Y202.149 E170.57678
G1 X176.319 Y202.43 E170.58879
G1 X176.646 Y202.779 E170.6047
G1 X176.905 Y203.026 E170.6166
G1 X177.161 Y203.246 E170.62783
G1 X177.322 Y203.384 E170.63359
G1 X177.629 Y203.628 E170.63897
G0 F9000 X178.09 Y203.797
G0 X178.668 Y204.034
;TYPE:WALL-OUTER
G1 F1800 X170.971 Y203.989 E170.89498
G1 X170.496 Y203.989 E170.91078
G1 X170.496 Y145.963 E172.84073
G1 X178.351 Y146.006 E173.10199
G1 X178.3 Y146.054 E173.10432
G1 X177.844 Y146.434 E173.12406
G1 X177.575 Y146.647 E173.13548
G1 X177.031 Y147.122 E173.1595
G1 X176.827 Y147.333 E173.16926
G1 X176.59 Y147.591 E173.18091
G1 X176.409 Y147.821 E173.19064
G1 X176.242 Y148.056 E173.20023
G1 X176.046 Y148.345 E173.21185
G1 X175.883 Y148.637 E173.22297
G1 X175.738 Y148.917 E173.23346
G1 X175.624 Y149.185 E173.24314
G1 X175.524 Y149.455 E173.25272
G1 X175.408 Y149.784 E173.26432
G1 X175.327 Y150.108 E173.27543
G1 X175.258 Y150.415 E173.2859
G1 X175.218 Y150.706 E173.29567
G1 X175.165 Y151.284 E173.31497
G1 X175.17 Y151.674 E173.32794
G1 X175.182 Y151.987 E173.33836
G1 X175.219 Y152.28 E173.34818
G1 X175.266 Y152.565 E173.35779
G1 X175.33 Y152.905 E173.3693
G1 X175.422 Y153.227 E173.38044
G1 X175.514 Y153.524 E173.39078
G1 X175.626 Y153.801 E173.40072
G1 X175.747 Y154.065 E173.41037
G1 X175.895 Y154.374 E173.42177
G1 X176.067 Y154.662 E173.43293
G1 X176.227 Y154.916 E173.44291
G1 X176.409 Y155.164 E173.45314
G1 X176.621 Y155.427 E173.46438
G1 X176.929 Y155.755 E173.47934
G1 X177.139 Y155.96 E173.4891
G1 X177.733 Y156.463 E173.51499
G1 X177.953 Y156.64 E173.52438
G1 X178.306 Y156.971 E173.54048
G1 X178.471 Y157.163 E173.5489
G1 X178.554 Y157.323 E173.55489
G1 X178.415 Y157.567 E173.56423
G1 X178.257 Y157.746 E173.57218
G1 X178.063 Y157.927 E173.581
G1 X177.84 Y158.12 E173.59081
G1 X177.635 Y158.282 E173.5995
G1 X177.067 Y158.773 E173.62447
G1 X176.85 Y158.992 E173.63473
G1 X176.589 Y159.277 E173.64758
G1 X176.409 Y159.506 E173.65727
G1 X176.242 Y159.742 E173.66688
G1 X176.046 Y160.03 E173.67847
G1 X175.883 Y160.322 E173.68959
G1 X175.738 Y160.602 E173.70008
G1 X175.624 Y160.87 E173.70977
G1 X175.524 Y161.14 E173.71934
G1 X175.408 Y161.47 E173.73098
G1 X175.327 Y161.794 E173.74209
G1 X175.258 Y162.1 E173.75252
G1 X175.218 Y162.391 E173.76229
G1 X175.165 Y162.971 E173.78166
G1 X175.17 Y163.359 E173.79457
G1 X175.182 Y163.672 E173.80498
G1 X175.219 Y163.966 E173.81484
G1 X175.266 Y164.25 E173.82441
G1 X175.33 Y164.59 E173.83592
G1 X175.422 Y164.912 E173.84706
G1 X175.514 Y165.209 E173.8574
G1 X175.626 Y165.486 E173.86734
G1 X175.747 Y165.751 E173.87703
G1 X175.895 Y166.059 E173.88839
G1 X176.067 Y166.347 E173.89955
G1 X176.227 Y166.601 E173.90953
G1 X176.409 Y166.849 E173.91977
G1 X176.621 Y167.112 E173.931
G1 X176.929 Y167.44 E173.94597
G1 X177.139 Y167.645 E173.95573
G1 X177.733 Y168.148 E173.98162
G1 X177.943 Y168.317 E173.99058
G1 X178.15 Y168.505 E173.99988
G1 X178.331 Y168.68 E174.00825
G1 X178.554 Y169.007 E174.02142
G1 X178.415 Y169.252 E174.03079
G1 X178.257 Y169.431 E174.03873
G1 X178.064 Y169.611 E174.04751
G1 X177.862 Y169.789 E174.05646
G1 X177.669 Y169.939 E174.06459
G1 X177.135 Y170.396 E174.08797
G1 X176.927 Y170.598 E174.09761
G1 X176.731 Y170.81 E174.10722
G1 X176.499 Y171.072 E174.11885
G1 X176.3 Y171.338 E174.1299
G1 X176.12 Y171.597 E174.14039
G1 X175.971 Y171.847 E174.15007
G1 X175.7 Y172.364 E174.16949
G1 X175.557 Y172.725 E174.1824
G1 X175.449 Y173.021 E174.19288
G1 X175.371 Y173.303 E174.20261
G1 X175.243 Y173.87 E174.22195
G1 X175.197 Y174.256 E174.23488
G1 X175.169 Y174.569 E174.24533
G1 X175.167 Y174.864 E174.25514
G1 X175.177 Y175.152 E174.26473
G1 X175.196 Y175.498 E174.27625
G1 X175.246 Y175.83 E174.28742
G1 X175.298 Y176.136 E174.29774
G1 X175.372 Y176.424 E174.30763
G1 X175.457 Y176.702 E174.3173
G1 X175.565 Y177.028 E174.32872
G1 X175.697 Y177.336 E174.33987
G1 X175.828 Y177.616 E174.35015
G1 X175.974 Y177.877 E174.3601
G1 X176.129 Y178.128 E174.36991
G1 X176.314 Y178.413 E174.38121
G1 X176.499 Y178.653 E174.39129
G1 X176.73 Y178.912 E174.40283
G1 X176.929 Y179.125 E174.41253
G1 X177.139 Y179.33 E174.42229
G1 X177.502 Y179.64 E174.43816
G1 X177.733 Y179.834 E174.4482
G1 X177.953 Y180.01 E174.45757
G1 X178.306 Y180.341 E174.47366
G1 X178.474 Y180.537 E174.48225
G1 X178.554 Y180.692 E174.48805
G1 X178.415 Y180.937 E174.49742
G1 X178.257 Y181.116 E174.50536
G1 X178.064 Y181.296 E174.51414
G1 X177.87 Y181.467 E174.52274
G1 X177.669 Y181.625 E174.53124
G1 X177.135 Y182.081 E174.5546
G1 X176.927 Y182.283 E174.56424
G1 X176.731 Y182.495 E174.57384
G1 X176.499 Y182.757 E174.58548
G1 X176.3 Y183.023 E174.59653
G1 X176.12 Y183.282 E174.60702
G1 X175.971 Y183.532 E174.6167
G1 X175.7 Y184.049 E174.63612
G1 X175.557 Y184.41 E174.64903
G1 X175.449 Y184.706 E174.65951
G1 X175.371 Y184.988 E174.66924
G1 X175.243 Y185.555 E174.68858
G1 X175.197 Y185.941 E174.70151
G1 X175.169 Y186.254 E174.71196
G1 X175.167 Y186.549 E174.72177
G1 X175.177 Y186.837 E174.73136
G1 X175.196 Y187.183 E174.74288
G1 X175.246 Y187.515 E174.75405
G1 X175.298 Y187.822 E174.7644
G1 X175.372 Y188.109 E174.77426
G1 X175.457 Y188.387 E174.78393
G1 X175.565 Y188.713 E174.79535
G1 X175.697 Y189.021 E174.8065
G1 X175.828 Y189.302 E174.81681
G1 X175.974 Y189.563 E174.82676
G1 X176.129 Y189.813 E174.83654
G1 X176.314 Y190.098 E174.84784
G1 X176.499 Y190.338 E174.85792
G1 X176.73 Y190.597 E174.86946
G1 X176.929 Y190.81 E174.87916
G1 X177.139 Y191.016 E174.88894
G1 X177.502 Y191.325 E174.9048
G1 X177.762 Y191.542 E174.91606
G1 X177.996 Y191.729 E174.92602
G1 X178.292 Y192.008 E174.93955
G1 X178.474 Y192.222 E174.9489
G1 X178.554 Y192.377 E174.9547
G1 X178.415 Y192.622 E174.96407
G1 X178.257 Y192.802 E174.97203
G1 X178.063 Y192.983 E174.98086
G1 X177.84 Y193.175 E174.99065
G1 X177.635 Y193.338 E174.99936
G1 X177.067 Y193.828 E175.02431
G1 X176.85 Y194.047 E175.03456
G1 X176.589 Y194.332 E175.04741
G1 X176.409 Y194.561 E175.0571
G1 X176.242 Y194.797 E175.06672
G1 X176.046 Y195.086 E175.07833
G1 X175.883 Y195.378 E175.08945
G1 X175.738 Y195.658 E175.09994
G1 X175.624 Y195.926 E175.10963
G1 X175.524 Y196.195 E175.11917
G1 X175.408 Y196.525 E175.13081
G1 X175.327 Y196.849 E175.14192
G1 X175.258 Y197.156 E175.15238
G1 X175.218 Y197.447 E175.16215
G1 X175.165 Y198.027 E175.18152
G1 X175.17 Y198.415 E175.19443
G1 X175.182 Y198.727 E175.20481
G1 X175.219 Y199.021 E175.21467
G1 X175.266 Y199.306 E175.22428
G1 X175.33 Y199.646 E175.23578
G1 X175.422 Y199.968 E175.24692
G1 X175.514 Y200.264 E175.25723
G1 X175.626 Y200.541 E175.26717
G1 X175.747 Y200.806 E175.27686
G1 X175.895 Y201.115 E175.28825
G1 X176.067 Y201.403 E175.29941
G1 X176.227 Y201.657 E175.3094
G1 X176.409 Y201.905 E175.31963
G1 X176.621 Y202.167 E175.33084
G1 X176.93 Y202.497 E175.34587
G1 X177.173 Y202.729 E175.35705
G1 X177.577 Y203.075 E175.37474
G1 X177.934 Y203.359 E175.38991
G1 X178.349 Y203.709 E175.40797
G1 X178.535 Y203.889 E175.41658
G1 X178.668 Y204.034 E175.42312
G0 F9000 X178.09 Y203.797
G0 X176.76 Y202.666
G0 X175.281 Y200.941
;TYPE:FILL
G1 F3600 X170.976 Y202.095 E175.57136
G0 F9000 X170.975 Y203.317
G1 F3600 X171.167 Y203.508 E175.58037
G0 F9000 X176.046 Y194.661
G0 X177.477 Y192.848
G1 F3600 X170.975 Y186.346 E175.8862
G0 F9000 X170.975 Y185.646
G1 F3600 X175.959 Y167.048 E176.5266
G0 F9000 X174.715 Y163.823
G1 F3600 X170.975 Y164.825 E176.65538
G0 F9000 X170.975 Y169.376
G1 F3600 X174.883 Y173.283 E176.83918
G0 F9000 X174.823 Y176.217
G1 F3600 X170.976 Y177.248 E176.97164
G0 F9000 X175.018 Y188.589
G1 F3600 X170.976 Y189.671 E177.11082
G1 F1440 E175.61082
G0 F9000 X175.094 Y161.739
G0 X175.521 Y160.5
G0 X176.873 Y158.303
G1 F1440 E177.11082
G1 F3600 X170.975 Y152.405 E177.38824
G0 F9000 X170.975 Y152.402
G1 F3600 X174.685 Y151.408 E177.51599
G0 F9000 X175.329 Y149.329
G0 X176.434 Y146.854
G0 X176.571 Y146.716
;TYPE:SKIN
G1 F1800 X176.392 Y146.613 E177.52447
G0 F9000 X176.349 Y146.656
G0 X177.352 Y146.3
G0 X177.374 Y146.197
G1 F1800 X177.552 Y146.301 E177.53136
G1 F1440 E176.03136
G0 F9000 X177.676 Y146.302
G0 X176.866 Y146.949
G0 X176.046 Y147.92
G0 X175.401 Y149.097
G0 X175.022 Y150.372
G0 X174.931 Y151.679
G0 X174.943 Y198.746
G0 X175.192 Y200.036
G0 X175.589 Y201
G0 X176.894 Y203.245
G0 X176.793 Y203.345
G1 F1440 E177.53136
G1 F1800 X177.01 Y203.412 E177.53366
G1 X177.84 Y203.714 E177.54258
G0 F9000 X178.105 Y203.732
G1 F1800 X177.983 Y203.854 E177.54545
;MESH:NONMESH
G0 F300 X177.983 Y203.854 Z1.8
G0 F9000 X177.631 Y203.628
;TIME_ELAPSED:297.998307
;LAYER:8
;TYPE:WALL-INNER
;MESH:Vertical_Tension_Member.stl
G1 F1800 X177.485 Y203.628 E177.55031
G1 X177.246 Y203.626 E177.55826
G1 X177.127 Y203.626 E177.56222
G1 X170.992 Y203.589 E177.76627
G1 X170.695 Y203.589 E177.77615
G1 X170.695 Y146.563 E179.67284
G1 X170.695 Y146.363 E179.67949
G1 X170.895 Y146.364 E179.68379
G1 X175.52 Y146.388 E179.83762
G1 X176.728 Y146.396 E179.8778
G1 X176.729 Y146.397 E179.87785
G1 X177.255 Y146.399 E179.89534
G1 X176.858 Y146.745 E179.90466
G1 X176.759 Y146.831 E179.90902
G1 X176.519 Y147.076 E179.92043
G1 X176.296 Y147.326 E179.93157
G1 X176.092 Y147.581 E179.94243
G1 X175.932 Y147.807 E179.95164
G1 X175.754 Y148.065 E179.96207
G1 X175.593 Y148.341 E179.9727
G1 X175.465 Y148.585 E179.98186
G1 X175.316 Y148.881 E179.99288
G1 X175.191 Y149.199 E180.00425
G1 X175.077 Y149.512 E180.01533
G1 X174.985 Y149.833 E180.02643
G1 X174.924 Y150.105 E180.0357
G1 X174.861 Y150.41 E180.04606
G1 X174.819 Y150.724 E180.0566
G1 X174.792 Y150.997 E180.06572
G1 X174.767 Y151.328 E180.07676
G1 X174.772 Y151.672 E180.08821
G1 X174.788 Y152.004 E180.09926
G1 X174.825 Y152.334 E180.11031
G1 X174.871 Y152.611 E180.11965
G1 X174.93 Y152.919 E180.13008
G1 X175.011 Y153.227 E180.14067
G1 X175.093 Y153.491 E180.14986
G1 X175.204 Y153.826 E180.1616
G1 X175.328 Y154.117 E180.17212
G1 X175.512 Y154.494 E180.18607
G1 X175.669 Y154.771 E180.19666
G1 X175.82 Y155.012 E180.20612
G1 X176.019 Y155.308 E180.21799
G1 X176.242 Y155.592 E180.23
G1 X176.455 Y155.83 E180.24062
G1 X176.648 Y156.038 E180.25006
G1 X176.878 Y156.258 E180.26064
G1 X177.248 Y156.575 E180.27685
G1 X177.465 Y156.757 E180.28627
G1 X177.668 Y156.921 E180.29495
G1 X177.835 Y157.067 E180.30233
G1 X177.858 Y157.087 E180.30334
G1 X178.086 Y157.34 E180.31467
G1 X178.065 Y157.362 E180.31568
G1 X177.791 Y157.637 E180.32859
G1 X177.613 Y157.793 E180.33646
G1 X177.35 Y158.001 E180.34761
G1 X176.759 Y158.516 E180.37369
G1 X176.519 Y158.761 E180.38509
G1 X176.296 Y159.011 E180.39624
G1 X176.092 Y159.266 E180.4071
G1 X175.932 Y159.492 E180.41631
G1 X175.754 Y159.751 E180.42676
G1 X175.593 Y160.026 E180.43736
G1 X175.465 Y160.27 E180.44652
G1 X175.316 Y160.566 E180.45755
G1 X175.191 Y160.884 E180.46891
G1 X175.077 Y161.197 E180.47999
G1 X174.985 Y161.518 E180.4911
G1 X174.924 Y161.79 E180.50037
G1 X174.861 Y162.095 E180.51073
G1 X174.819 Y162.409 E180.52126
G1 X174.792 Y162.683 E180.53042
G1 X174.767 Y163.014 E180.54146
G1 X174.772 Y163.357 E180.55287
G1 X174.788 Y163.689 E180.56393
G1 X174.825 Y164.02 E180.575
G1 X174.871 Y164.296 E180.58431
G1 X174.93 Y164.604 E180.59474
G1 X175.011 Y164.912 E180.60533
G1 X175.093 Y165.176 E180.61453
G1 X175.203 Y165.51 E180.62622
G1 X175.328 Y165.802 E180.63679
G1 X175.512 Y166.18 E180.65077
G1 X175.67 Y166.456 E180.66135
G1 X175.82 Y166.697 E180.67079
G1 X176.019 Y166.993 E180.68265
G1 X176.242 Y167.277 E180.69466
G1 X176.455 Y167.515 E180.70528
G1 X176.647 Y167.722 E180.71468
G1 X176.877 Y167.944 E180.72531
G1 X177.248 Y168.261 E180.74154
G1 X177.465 Y168.442 E180.75094
G1 X177.668 Y168.606 E180.75962
G1 X177.836 Y168.753 E180.76704
G1 X177.858 Y168.772 E180.76801
G1 X178.085 Y169.025 E180.77931
G1 X178.086 Y169.026 E180.77936
G1 X178.065 Y169.047 E180.78035
G1 X177.808 Y169.307 E180.79251
G1 X177.807 Y169.308 E180.79255
G1 X177.599 Y169.489 E180.80172
G1 X177.35 Y169.686 E180.81229
G1 X176.759 Y170.201 E180.83836
G1 X176.519 Y170.447 E180.84979
G1 X176.296 Y170.697 E180.86093
G1 X176.092 Y170.95 E180.87174
G1 X175.932 Y171.177 E180.88098
G1 X175.754 Y171.436 E180.89143
G1 X175.593 Y171.711 E180.90203
G1 X175.465 Y171.955 E180.91119
G1 X175.316 Y172.251 E180.92222
G1 X175.191 Y172.569 E180.93358
G1 X175.077 Y172.882 E180.94466
G1 X174.985 Y173.204 E180.9558
G1 X174.924 Y173.475 E180.96504
G1 X174.861 Y173.781 E180.97543
G1 X174.819 Y174.095 E180.98596
G1 X174.792 Y174.367 E180.99506
G1 X174.767 Y174.699 E181.00613
G1 X174.772 Y175.043 E181.01757
G1 X174.788 Y175.374 E181.02859
G1 X174.825 Y175.705 E181.03967
G1 X174.871 Y175.982 E181.04901
G1 X174.93 Y176.289 E181.05941
G1 X175.011 Y176.597 E181.07
G1 X175.093 Y176.861 E181.0792
G1 X175.203 Y177.195 E181.09089
G1 X175.328 Y177.487 E181.10146
G1 X175.512 Y177.865 E181.11544
G1 X175.669 Y178.14 E181.12597
G1 X175.82 Y178.382 E181.13546
G1 X176.02 Y178.679 E181.14737
G1 X176.242 Y178.961 E181.1593
G1 X176.455 Y179.201 E181.16998
G1 X176.648 Y179.407 E181.17937
G1 X176.877 Y179.629 E181.18997
G1 X177.248 Y179.946 E181.2062
G1 X177.465 Y180.127 E181.2156
G1 X177.668 Y180.291 E181.22428
G1 X177.914 Y180.519 E181.23544
G1 X178.024 Y180.621 E181.24043
G1 X178.086 Y180.71 E181.24404
G1 X177.981 Y180.817 E181.24902
G1 X177.808 Y180.992 E181.25721
G1 X177.599 Y181.174 E181.26642
G1 X177.353 Y181.37 E181.27689
G1 X177.117 Y181.571 E181.2872
G1 X176.877 Y181.78 E181.29778
G1 X176.645 Y182.002 E181.30846
G1 X176.455 Y182.207 E181.31776
G1 X176.245 Y182.442 E181.32824
G1 X176.052 Y182.692 E181.33874
G1 X175.892 Y182.918 E181.34795
G1 X175.707 Y183.192 E181.35895
G1 X175.54 Y183.49 E181.37031
G1 X175.387 Y183.787 E181.38142
G1 X175.254 Y184.093 E181.39252
G1 X175.055 Y184.644 E181.41201
G1 X174.971 Y184.953 E181.42266
G1 X174.91 Y185.222 E181.43183
G1 X174.842 Y185.546 E181.44284
G1 X174.804 Y185.887 E181.45425
G1 X174.775 Y186.216 E181.46524
G1 X174.769 Y186.552 E181.47642
G1 X174.779 Y186.83 E181.48567
G1 X174.797 Y187.143 E181.4961
G1 X174.837 Y187.458 E181.50666
G1 X174.883 Y187.73 E181.51583
G1 X174.945 Y188.059 E181.52697
G1 X175.036 Y188.384 E181.53819
G1 X175.169 Y188.783 E181.55218
G1 X175.291 Y189.078 E181.5628
G1 X175.544 Y189.618 E181.58263
G1 X175.725 Y189.92 E181.59434
G1 X175.908 Y190.206 E181.60564
G1 X176.096 Y190.465 E181.61628
G1 X176.324 Y190.745 E181.62829
G1 X176.599 Y191.041 E181.64173
G1 X176.822 Y191.262 E181.65217
G1 X177.247 Y191.63 E181.67087
G1 X177.465 Y191.812 E181.68031
G1 X177.668 Y191.976 E181.68899
G1 X177.955 Y192.242 E181.70201
G1 X178.026 Y192.307 E181.70521
G1 X178.086 Y192.395 E181.70875
G1 X177.977 Y192.519 E181.71425
G1 X177.906 Y192.585 E181.71747
G1 X177.791 Y192.693 E181.72272
G1 X177.612 Y192.849 E181.73061
G1 X177.324 Y193.079 E181.74287
G1 X176.759 Y193.571 E181.76779
G1 X176.517 Y193.82 E181.77934
G1 X176.245 Y194.128 E181.79301
G1 X176.052 Y194.377 E181.80348
G1 X175.892 Y194.603 E181.81269
G1 X175.707 Y194.877 E181.82369
G1 X175.54 Y195.175 E181.83505
G1 X175.387 Y195.472 E181.84616
G1 X175.254 Y195.778 E181.85726
G1 X175.055 Y196.329 E181.87675
G1 X174.971 Y196.638 E181.8874
G1 X174.91 Y196.907 E181.89657
G1 X174.842 Y197.231 E181.90758
G1 X174.804 Y197.572 E181.91899
G1 X174.775 Y197.901 E181.92998
G1 X174.769 Y198.237 E181.94116
G1 X174.779 Y198.516 E181.95044
G1 X174.797 Y198.828 E181.96084
G1 X174.837 Y199.143 E181.9714
G1 X174.883 Y199.415 E181.98057
G1 X174.945 Y199.745 E181.99174
G1 X175.037 Y200.069 E182.00294
G1 X175.169 Y200.468 E182.01692
G1 X175.291 Y200.763 E182.02754
G1 X175.405 Y201.011 E182.03662
G1 X175.544 Y201.304 E182.0474
G1 X175.725 Y201.606 E182.05911
G1 X175.909 Y201.892 E182.07042
G1 X176.096 Y202.15 E182.08102
G1 X176.324 Y202.43 E182.09303
G1 X176.599 Y202.726 E182.10647
G1 X176.822 Y202.947 E182.11691
G1 X177.158 Y203.238 E182.1317
G1 X177.247 Y203.315 E182.1352
G1 X177.485 Y203.513 E182.14279
G1 X177.631 Y203.628 E182.1445
G0 F9000 X178.092 Y203.797
G0 X178.673 Y204.034
;TYPE:WALL-OUTER
G1 F1800 X170.991 Y203.989 E182.4
G1 X170.295 Y203.989 E182.42315
G1 X170.295 Y145.963 E184.35311
G1 X170.657 Y145.963 E184.36515
G1 X175.522 Y145.988 E184.52696
G1 X178.354 Y146.006 E184.62115
G1 X178.258 Y146.093 E184.62546
G1 X178.034 Y146.285 E184.63528
G1 X177.581 Y146.645 E184.65452
G1 X177.034 Y147.122 E184.67866
G1 X176.811 Y147.35 E184.68927
G1 X176.601 Y147.584 E184.69972
G1 X176.412 Y147.821 E184.70981
G1 X176.26 Y148.036 E184.71856
G1 X176.092 Y148.28 E184.72842
G1 X175.943 Y148.535 E184.73824
G1 X175.821 Y148.768 E184.74699
G1 X175.681 Y149.045 E184.75731
G1 X175.565 Y149.34 E184.76785
G1 X175.458 Y149.635 E184.77829
G1 X175.373 Y149.932 E184.78857
G1 X175.315 Y150.189 E184.79733
G1 X175.256 Y150.477 E184.80711
G1 X175.216 Y150.77 E184.81694
G1 X175.191 Y151.032 E184.8257
G1 X175.167 Y151.34 E184.83597
G1 X175.172 Y151.659 E184.84658
G1 X175.187 Y151.972 E184.857
G1 X175.221 Y152.279 E184.86728
G1 X175.265 Y152.54 E184.87608
G1 X175.32 Y152.83 E184.8859
G1 X175.396 Y153.117 E184.89577
G1 X175.474 Y153.369 E184.90455
G1 X175.578 Y153.684 E184.91558
G1 X175.692 Y153.95 E184.92521
G1 X175.866 Y154.307 E184.93842
G1 X176.013 Y154.566 E184.94832
G1 X176.156 Y154.794 E184.95727
G1 X176.343 Y155.073 E184.96844
G1 X176.549 Y155.335 E184.97953
G1 X176.751 Y155.561 E184.98961
G1 X176.933 Y155.757 E184.99851
G1 X177.147 Y155.962 E185.00836
G1 X177.506 Y156.27 E185.0241
G1 X177.719 Y156.448 E185.03333
G1 X177.919 Y156.609 E185.04187
G1 X178.128 Y156.793 E185.05113
G1 X178.326 Y156.985 E185.0603
G1 X178.558 Y157.318 E185.0738
G1 X178.421 Y157.566 E185.08322
G1 X178.257 Y157.749 E185.0914
G1 X178.065 Y157.929 E185.10015
G1 X177.862 Y158.106 E185.10911
G1 X177.606 Y158.309 E185.11998
G1 X177.034 Y158.807 E185.1452
G1 X176.811 Y159.035 E185.15581
G1 X176.601 Y159.269 E185.16626
G1 X176.412 Y159.506 E185.17635
G1 X176.26 Y159.721 E185.1851
G1 X176.092 Y159.966 E185.19499
G1 X175.943 Y160.22 E185.20478
G1 X175.821 Y160.453 E185.21353
G1 X175.681 Y160.73 E185.22385
G1 X175.565 Y161.025 E185.23439
G1 X175.458 Y161.32 E185.24483
G1 X175.373 Y161.617 E185.25511
G1 X175.315 Y161.874 E185.26387
G1 X175.256 Y162.162 E185.27365
G1 X175.216 Y162.455 E185.28348
G1 X175.191 Y162.717 E185.29224
G1 X175.167 Y163.026 E185.30254
G1 X175.172 Y163.344 E185.31312
G1 X175.187 Y163.657 E185.32354
G1 X175.221 Y163.965 E185.33385
G1 X175.265 Y164.225 E185.34262
G1 X175.32 Y164.515 E185.35244
G1 X175.396 Y164.802 E185.36231
G1 X175.474 Y165.054 E185.37109
G1 X175.578 Y165.369 E185.38212
G1 X175.692 Y165.636 E185.39178
G1 X175.866 Y165.993 E185.40499
G1 X176.013 Y166.251 E185.41486
G1 X176.156 Y166.479 E185.42381
G1 X176.343 Y166.758 E185.43498
G1 X176.549 Y167.02 E185.44607
G1 X176.751 Y167.246 E185.45615
G1 X176.933 Y167.442 E185.46505
G1 X177.146 Y167.648 E185.4749
G1 X177.506 Y167.955 E185.49064
G1 X177.719 Y168.133 E185.49987
G1 X177.919 Y168.294 E185.50841
G1 X178.128 Y168.478 E185.51767
G1 X178.319 Y168.663 E185.52652
G1 X178.558 Y169.003 E185.54034
G1 X178.42 Y169.251 E185.54978
G1 X178.25 Y169.443 E185.55831
G1 X178.071 Y169.609 E185.56643
G1 X177.862 Y169.791 E185.57565
G1 X177.606 Y169.994 E185.58651
G1 X177.034 Y170.492 E185.61174
G1 X176.811 Y170.72 E185.62234
G1 X176.601 Y170.955 E185.63283
G1 X176.412 Y171.191 E185.64288
G1 X176.26 Y171.406 E185.65164
G1 X176.092 Y171.651 E185.66152
G1 X175.943 Y171.905 E185.67132
G1 X175.821 Y172.138 E185.68006
G1 X175.681 Y172.415 E185.69039
G1 X175.565 Y172.71 E185.70093
G1 X175.458 Y173.005 E185.71137
G1 X175.373 Y173.303 E185.72167
G1 X175.315 Y173.559 E185.7304
G1 X175.256 Y173.848 E185.74021
G1 X175.216 Y174.141 E185.75005
G1 X175.191 Y174.402 E185.75877
G1 X175.167 Y174.711 E185.76908
G1 X175.172 Y175.03 E185.77969
G1 X175.187 Y175.342 E185.79008
G1 X175.221 Y175.65 E185.80039
G1 X175.265 Y175.911 E185.80919
G1 X175.32 Y176.2 E185.81897
G1 X175.396 Y176.487 E185.82885
G1 X175.474 Y176.739 E185.83762
G1 X175.578 Y177.054 E185.84866
G1 X175.692 Y177.321 E185.85831
G1 X175.866 Y177.678 E185.87152
G1 X176.013 Y177.935 E185.88137
G1 X176.156 Y178.165 E185.89038
G1 X176.343 Y178.443 E185.90152
G1 X176.549 Y178.704 E185.91258
G1 X176.751 Y178.932 E185.92271
G1 X176.933 Y179.127 E185.93158
G1 X177.146 Y179.333 E185.94144
G1 X177.506 Y179.64 E185.95717
G1 X177.719 Y179.818 E185.96641
G1 X177.919 Y179.979 E185.97495
G1 X178.12 Y180.156 E185.98385
G1 X178.333 Y180.364 E185.99375
G1 X178.558 Y180.688 E186.00687
G1 X178.42 Y180.936 E186.01631
G1 X178.25 Y181.128 E186.02484
G1 X178.071 Y181.294 E186.03296
G1 X177.862 Y181.476 E186.04218
G1 X177.607 Y181.679 E186.05302
G1 X177.378 Y181.874 E186.06303
G1 X177.147 Y182.075 E186.07321
G1 X176.93 Y182.283 E186.08321
G1 X176.751 Y182.476 E186.09196
G1 X176.553 Y182.698 E186.10186
G1 X176.373 Y182.93 E186.11162
G1 X176.221 Y183.145 E186.12038
G1 X176.048 Y183.402 E186.13068
G1 X175.892 Y183.679 E186.14126
G1 X175.749 Y183.958 E186.15169
G1 X175.626 Y184.241 E186.16195
G1 X175.437 Y184.765 E186.18048
G1 X175.359 Y185.05 E186.1903
G1 X175.301 Y185.307 E186.19907
G1 X175.237 Y185.61 E186.20937
G1 X175.202 Y185.926 E186.21994
G1 X175.175 Y186.237 E186.23032
G1 X175.169 Y186.548 E186.24067
G1 X175.179 Y186.811 E186.24942
G1 X175.196 Y187.106 E186.25925
G1 X175.233 Y187.4 E186.26911
G1 X175.277 Y187.66 E186.27788
G1 X175.335 Y187.968 E186.2883
G1 X175.419 Y188.267 E186.29863
G1 X175.544 Y188.643 E186.31181
G1 X175.658 Y188.918 E186.32171
G1 X175.768 Y189.157 E186.33046
G1 X175.897 Y189.429 E186.34048
G1 X176.065 Y189.709 E186.35134
G1 X176.239 Y189.981 E186.36208
G1 X176.413 Y190.221 E186.37193
G1 X176.626 Y190.482 E186.38314
G1 X176.887 Y190.763 E186.3959
G1 X177.094 Y190.969 E186.40561
G1 X177.506 Y191.325 E186.42372
G1 X177.719 Y191.503 E186.43295
G1 X177.919 Y191.664 E186.44149
G1 X178.12 Y191.841 E186.4504
G1 X178.333 Y192.049 E186.4603
G1 X178.558 Y192.375 E186.47348
G1 X178.42 Y192.621 E186.48286
G1 X178.257 Y192.805 E186.49103
G1 X178.065 Y192.985 E186.49979
G1 X177.861 Y193.162 E186.50877
G1 X177.58 Y193.386 E186.52072
G1 X177.034 Y193.862 E186.54481
G1 X176.81 Y194.092 E186.55549
G1 X176.553 Y194.383 E186.5684
G1 X176.373 Y194.615 E186.57817
G1 X176.221 Y194.83 E186.58693
G1 X176.048 Y195.087 E186.59723
G1 X175.892 Y195.364 E186.60781
G1 X175.749 Y195.643 E186.61823
G1 X175.626 Y195.926 E186.6285
G1 X175.437 Y196.45 E186.64702
G1 X175.359 Y196.735 E186.65685
G1 X175.301 Y196.992 E186.66561
G1 X175.237 Y197.295 E186.67592
G1 X175.202 Y197.611 E186.68649
G1 X175.175 Y197.922 E186.69687
G1 X175.169 Y198.233 E186.70722
G1 X175.179 Y198.497 E186.71601
G1 X175.196 Y198.791 E186.7258
G1 X175.233 Y199.085 E186.73566
G1 X175.277 Y199.345 E186.74443
G1 X175.335 Y199.654 E186.75488
G1 X175.419 Y199.952 E186.76518
G1 X175.544 Y200.328 E186.77836
G1 X175.658 Y200.603 E186.78826
G1 X175.768 Y200.842 E186.79701
G1 X175.897 Y201.115 E186.80705
G1 X176.065 Y201.395 E186.81791
G1 X176.239 Y201.666 E186.82863
G1 X176.413 Y201.906 E186.83849
G1 X176.626 Y202.167 E186.84969
G1 X176.887 Y202.448 E186.86245
G1 X177.094 Y202.654 E186.87216
G1 X177.506 Y203.01 E186.89027
G1 X177.737 Y203.202 E186.90026
G1 X177.987 Y203.399 E186.91085
G1 X178.381 Y203.735 E186.92807
G1 X178.673 Y204.034 E186.94197
G0 F9000 X178.092 Y203.797
G0 X173.05 Y203.419
G0 X172.978 Y201.646
G0 X173.197 Y201.646
;TYPE:FILL
G1 F3600 X170.774 Y202.295 E187.0254
G0 F9000 X170.774 Y202.917
G1 F3600 X171.368 Y203.51 E187.05332
G0 F9000 X175.657 Y203.435
G0 X175.665 Y201.856
G0 X174.582 Y197.955
G0 X175.681 Y195.251
G0 X176.238 Y194.425
G0 X177.589 Y192.761
G1 F3600 X175.508 Y190.68 E187.1512
G1 F1440 E185.6512
G0 F9000 X175.67 Y190.559
G0 X175.665 Y194.607
G0 X174.627 Y198.844
G0 X175.651 Y201.869
G0 X175.657 Y203.435
G0 X173.05 Y203.419
G0 X172.978 Y189.222
G0 X173.197 Y189.222
G1 F1440 E187.1512
G1 F3600 X170.775 Y189.871 E187.2346
G0 F9000 X172.978 Y188.369
G0 X173.198 Y188.369
G1 F3600 X170.774 Y185.946 E187.34859
G0 F9000 X170.774 Y185.852
G1 F3600 X173.197 Y176.81 E187.65994
G0 F9000 X173.196 Y176.799
G1 F3600 X170.775 Y177.448 E187.74331
G0 F9000 X172.978 Y171.399
G0 X173.198 Y171.399
G1 F3600 X170.774 Y168.975 E187.85732
G0 F9000 X170.774 Y165.025
G1 F3600 X173.197 Y164.376 E187.94075
G1 F1440 E186.44075
G0 F9000 X172.978 Y164.376
G0 X173.05 Y146.557
G0 X175.657 Y146.571
G0 X175.665 Y147.867
G0 X174.618 Y152.018
G0 X175.651 Y155.127
G0 X175.665 Y159.552
G0 X174.618 Y163.703
G0 X175.854 Y166.893
G1 F1440 E187.94075
G1 F3600 X175.508 Y168.184 E187.98521
G0 F9000 X175.729 Y168.184
G0 X175.654 Y166.104
G0 X175.245 Y165.127
G0 X174.984 Y163.998
G0 X174.953 Y162.697
G0 X175.141 Y161.558
G0 X175.608 Y160.344
G0 X176.982 Y158.213
G1 F3600 X175.508 Y156.738 E188.05456
G0 F9000 X175.729 Y156.738
G0 X175.665 Y155.114
G0 X174.622 Y150.982
G0 X175.651 Y147.853
G0 X175.657 Y146.571
G0 X173.05 Y146.557
G0 X172.978 Y154.428
G0 X173.198 Y154.428
G1 F3600 X170.774 Y152.004 E188.16858
G0 F9000 X170.774 Y152.602
G1 F3600 X173.196 Y151.953 E188.25198
G0 F9000 X172.978 Y151.953
G0 X173.05 Y146.557
G0 X175.657 Y146.571
G0 X175.665 Y147.867
G0 X175.369 Y149.041
G0 X174.678 Y152.013
G0 X174.4 Y152.035
;TYPE:SKIN
G1 F1800 X174.439 Y152.388 E188.26379
G1 X174.487 Y152.679 E188.2736
G1 X174.55 Y153.005 E188.28465
G1 X174.636 Y153.334 E188.29596
G1 X174.722 Y153.61 E188.30557
G1 X174.839 Y153.964 E188.31797
G1 X174.973 Y154.279 E188.32936
G1 X175.167 Y154.676 E188.34405
G1 X175.334 Y154.97 E188.3553
G1 X175.439 Y155.138 E188.36189
G1 X175.439 Y159.521 E188.50767
G1 X175.252 Y159.837 E188.51988
G1 X175.118 Y160.092 E188.52946
G1 X174.959 Y160.406 E188.54117
G1 X174.826 Y160.746 E188.55331
G1 X174.706 Y161.076 E188.56499
G1 X174.607 Y161.422 E188.57696
G1 X174.542 Y161.708 E188.58671
G1 X174.477 Y162.029 E188.59761
G1 X174.431 Y162.364 E188.60885
G1 X174.404 Y162.65 E188.61841
G1 X174.377 Y163.002 E188.63015
G1 X174.382 Y163.369 E188.64236
G1 X174.4 Y163.72 E188.65405
G1 X174.439 Y164.074 E188.66589
G1 X174.487 Y164.365 E188.6757
G1 X174.55 Y164.69 E188.68671
G1 X174.636 Y165.019 E188.69802
G1 X174.722 Y165.295 E188.70764
G1 X174.838 Y165.648 E188.72
G1 X174.973 Y165.964 E188.73143
G1 X175.167 Y166.363 E188.74618
G1 X175.335 Y166.656 E188.75742
G1 X175.439 Y166.823 E188.76396
G1 X175.439 Y171.206 E188.90974
G1 X175.252 Y171.522 E188.92195
G1 X175.118 Y171.777 E188.93153
G1 X174.959 Y172.091 E188.94324
G1 X174.826 Y172.431 E188.95538
G1 X174.706 Y172.761 E188.96706
G1 X174.607 Y173.108 E188.97906
G1 X174.542 Y173.393 E188.98878
G1 X174.477 Y173.716 E188.99974
G1 X174.431 Y174.05 E189.01096
G1 X174.404 Y174.334 E189.02045
G1 X174.377 Y174.687 E189.03222
G1 X174.382 Y175.055 E189.04446
G1 X174.4 Y175.405 E189.05612
G1 X174.439 Y175.759 E189.06796
G1 X174.487 Y176.051 E189.07781
G1 X174.55 Y176.375 E189.08878
G1 X174.636 Y176.704 E189.10009
G1 X174.722 Y176.98 E189.10971
G1 X174.838 Y177.333 E189.12207
G1 X174.973 Y177.649 E189.1335
G1 X175.167 Y178.047 E189.14822
G1 X175.334 Y178.34 E189.15944
G1 X175.439 Y178.508 E189.16603
G1 X175.439 Y182.892 E189.31184
G1 X175.375 Y182.987 E189.31565
G1 X175.197 Y183.305 E189.32777
G1 X175.034 Y183.62 E189.33957
G1 X174.891 Y183.949 E189.3515
G1 X174.683 Y184.527 E189.37193
G1 X174.593 Y184.859 E189.38337
G1 X174.529 Y185.138 E189.39289
G1 X174.456 Y185.484 E189.40465
G1 X174.416 Y185.848 E189.41683
G1 X174.385 Y186.195 E189.42842
G1 X174.379 Y186.556 E189.44043
G1 X174.389 Y186.848 E189.45015
G1 X174.409 Y187.178 E189.46114
G1 X174.451 Y187.515 E189.47244
G1 X174.499 Y187.798 E189.48199
G1 X174.565 Y188.148 E189.49383
G1 X174.663 Y188.499 E189.50595
G1 X174.803 Y188.919 E189.52068
G1 X174.934 Y189.236 E189.53209
G1 X175.199 Y189.801 E189.55284
G1 X175.393 Y190.125 E189.5654
G1 X175.439 Y190.196 E189.56822
G1 X175.439 Y194.577 E189.71393
G1 X175.375 Y194.672 E189.71774
G1 X175.197 Y194.99 E189.72986
G1 X175.034 Y195.305 E189.74166
G1 X174.891 Y195.634 E189.75359
G1 X174.683 Y196.212 E189.77402
G1 X174.593 Y196.544 E189.78546
G1 X174.529 Y196.823 E189.79498
G1 X174.456 Y197.169 E189.80674
G1 X174.416 Y197.533 E189.81892
G1 X174.385 Y197.88 E189.83051
G1 X174.379 Y198.241 E189.84252
G1 X174.389 Y198.534 E189.85227
G1 X174.409 Y198.863 E189.86323
G1 X174.451 Y199.2 E189.87453
G1 X174.499 Y199.483 E189.88407
G1 X174.565 Y199.835 E189.89599
G1 X174.664 Y200.184 E189.90805
G1 X174.803 Y200.604 E189.92277
G1 X174.934 Y200.919 E189.93411
G1 X175.052 Y201.176 E189.94352
G1 X175.199 Y201.488 E189.95499
G1 X175.394 Y201.812 E189.96757
G1 X175.439 Y201.883 E189.97036
G1 X175.439 Y203.225 E190.015
G1 X173.268 Y203.212 E190.08721
G1 X173.268 Y146.766 E191.96461
G1 X175.439 Y146.778 E192.03682
G1 X175.439 Y147.834 E192.07194
G1 X175.424 Y147.856 E192.07283
G1 X175.252 Y148.152 E192.08421
G1 X175.118 Y148.407 E192.09379
G1 X174.959 Y148.721 E192.1055
G1 X174.826 Y149.061 E192.11764
G1 X174.706 Y149.391 E192.12932
G1 X174.607 Y149.737 E192.14129
G1 X174.542 Y150.023 E192.15105
G1 X174.477 Y150.344 E192.16194
G1 X174.431 Y150.679 E192.17319
G1 X174.404 Y150.964 E192.18271
G1 X174.377 Y151.316 E192.19445
G1 X174.382 Y151.684 E192.20669
G1 X174.4 Y152.035 E192.21838
G0 F9000 X174.678 Y152.013
G0 X175.651 Y147.853
G0 X175.729 Y146.994
G0 X175.278 Y146.994
G1 F1800 X175.221 Y146.937 E192.22106
G0 F9000 X174.652 Y146.933
G1 F1800 X175.278 Y147.559 E192.25051
G0 F9000 X175.154 Y148.001
G1 F1800 X174.084 Y146.931 E192.30084
G0 F9000 X173.514 Y146.927
G1 F1800 X174.956 Y148.369 E192.36866
G0 F9000 X174.774 Y148.752
G1 F1800 X173.427 Y147.406 E192.432
G0 F9000 X173.427 Y147.971
G1 F1800 X174.618 Y149.162 E192.48802
G0 F9000 X174.482 Y149.591
G1 F1800 X173.427 Y148.537 E192.53762
G0 F9000 X173.427 Y149.103
G1 F1800 X174.372 Y150.048 E192.58207
G0 F9000 X174.289 Y150.531
G1 F1800 X173.427 Y149.669 E192.62262
G0 F9000 X173.427 Y150.234
G1 F1800 X174.237 Y151.044 E192.66072
G0 F9000 X174.22 Y151.593
G1 F1800 X173.427 Y150.8 E192.69802
G0 F9000 X173.427 Y151.366
G1 F1800 X174.257 Y152.195 E192.73703
G0 F9000 X174.359 Y152.863
G1 F1800 X173.427 Y151.931 E192.78087
G0 F9000 X173.427 Y152.497
G1 F1800 X174.56 Y153.63 E192.83416
G0 F9000 X174.98 Y153.5
G0 X175.335 Y154.383
G0 X174.939 Y154.574
G1 F1800 X173.427 Y153.063 E192.90526
G0 F9000 X173.427 Y153.628
G1 F1800 X175.278 Y155.479 E192.99233
G0 F9000 X175.278 Y156.045
G1 F1800 X173.427 Y154.194 E193.07939
G0 F9000 X173.427 Y154.76
G1 F1800 X175.278 Y156.61 E193.16643
G0 F9000 X175.278 Y157.176
G1 F1800 X173.427 Y155.325 E193.2535
G0 F9000 X173.427 Y155.891
G1 F1800 X175.278 Y157.742 E193.34056
G0 F9000 X175.278 Y158.307
G1 F1800 X173.427 Y156.457 E193.42761
G0 F9000 X173.427 Y157.022
G1 F1800 X175.278 Y158.873 E193.51467
G0 F9000 X175.278 Y159.439
G1 F1800 X173.427 Y157.588 E193.60174
G0 F9000 X173.427 Y158.154
G1 F1800 X175.083 Y159.81 E193.67963
G0 F9000 X174.891 Y160.183
G1 F1800 X173.427 Y158.72 E193.74847
G0 F9000 X173.427 Y159.285
G1 F1800 X174.719 Y160.577 E193.80924
G0 F9000 X174.566 Y160.99
G1 F1800 X173.427 Y159.851 E193.86281
G0 F9000 X173.427 Y160.417
G1 F1800 X174.44 Y161.429 E193.91044
G0 F9000 X174.34 Y161.894
G1 F1800 X173.427 Y160.982 E193.95336
G0 F9000 X173.427 Y161.548
G1 F1800 X174.267 Y162.388 E193.99287
G0 F9000 X174.223 Y162.909
G1 F1800 X173.427 Y162.114 E194.03029
G0 F9000 X173.427 Y162.679
G1 F1800 X174.226 Y163.478 E194.06787
G0 F9000 X174.279 Y164.096
G1 F1800 X173.427 Y163.245 E194.10792
G0 F9000 X173.427 Y163.811
G1 F1800 X174.411 Y164.794 E194.15419
G0 F9000 X174.654 Y165.603
G1 F1800 X173.427 Y164.376 E194.2119
G0 F9000 X173.427 Y164.942
G1 F1800 X175.16 Y166.675 E194.29341
G0 F9000 X175.278 Y167.358
G1 F1800 X173.427 Y165.508 E194.38046
G0 F9000 X173.427 Y166.073
G1 F1800 X175.278 Y167.924 E194.46752
G0 F9000 X175.278 Y168.49
G1 F1800 X173.427 Y166.639 E194.55459
G0 F9000 X173.427 Y167.205
G1 F1800 X175.278 Y169.055 E194.64163
G0 F9000 X175.278 Y169.621
G1 F1800 X173.427 Y167.77 E194.72869
G0 F9000 X173.427 Y168.336
G1 F1800 X175.278 Y170.187 E194.81576
G0 F9000 X175.278 Y170.752
G1 F1800 X173.427 Y168.902 E194.9028
G0 F9000 X173.427 Y169.468
G1 F1800 X175.22 Y171.26 E194.98712
G0 F9000 X175.017 Y171.623
G1 F1800 X173.427 Y170.033 E195.0619
G0 F9000 X173.427 Y170.599
G1 F1800 X174.826 Y171.998 E195.12771
G0 F9000 X174.665 Y172.403
G1 F1800 X173.427 Y171.165 E195.18594
G0 F9000 X173.427 Y171.73
G1 F1800 X174.521 Y172.823 E195.23738
G0 F9000 X174.404 Y173.272
G1 F1800 X173.427 Y172.296 E195.28331
G0 F9000 X173.427 Y172.862
G1 F1800 X174.311 Y173.746 E195.32489
G0 F9000 X174.251 Y174.251
G1 F1800 X173.427 Y173.427 E195.36365
G0 F9000 X173.427 Y173.993
G1 F1800 X174.218 Y174.784 E195.40085
G0 F9000 X174.238 Y175.37
G1 F1800 X173.427 Y174.559 E195.439
G0 F9000 X173.427 Y175.124
G1 F1800 X174.319 Y176.016 E195.48096
G0 F9000 X174.482 Y176.744
G1 F1800 X173.427 Y175.69 E195.53056
G0 F9000 X173.427 Y176.256
G1 F1800 X174.784 Y177.612 E195.59436
G0 F9000 X175.188 Y177.44
G0 X175.719 Y178.673
G0 X175.279 Y178.673
G1 F1800 X173.427 Y176.821 E195.68147
G0 F9000 X173.427 Y177.387
G1 F1800 X175.279 Y179.238 E195.76856
G0 F9000 X175.279 Y179.804
G1 F1800 X173.427 Y177.953 E195.85565
G0 F9000 X173.427 Y178.519
G1 F1800 X175.279 Y180.37 E195.94274
G0 F9000 X175.279 Y180.935
G1 F1800 X173.427 Y179.084 E196.02983
G0 F9000 X173.427 Y179.65
G1 F1800 X175.279 Y181.501 E196.11692
G0 F9000 X175.279 Y182.067
G1 F1800 X173.427 Y180.216 E196.20401
G0 F9000 X173.427 Y180.781
G1 F1800 X175.279 Y182.632 E196.2911
G0 F9000 X175.147 Y183.067
G1 F1800 X173.427 Y181.347 E196.372
G0 F9000 X173.427 Y181.913
G1 F1800 X174.95 Y183.435 E196.44361
G0 F9000 X174.771 Y183.822
G1 F1800 X173.427 Y182.478 E196.50683
G0 F9000 X173.427 Y183.044
G1 F1800 X174.618 Y184.235 E196.56285
G0 F9000 X174.48 Y184.663
G1 F1800 X173.427 Y183.61 E196.61238
G0 F9000 X173.427 Y184.175
G1 F1800 X174.37 Y185.118 E196.65674
G0 F9000 X174.282 Y185.596
G1 F1800 X173.427 Y184.741 E196.69695
G0 F9000 X173.427 Y185.307
G1 F1800 X174.231 Y186.111 E196.73477
G0 F9000 X174.223 Y186.668
G1 F1800 X173.427 Y185.872 E196.77221
G0 F9000 X173.427 Y186.438
G1 F1800 X174.26 Y187.27 E196.81137
G0 F9000 X174.362 Y187.939
G1 F1800 X173.427 Y187.004 E196.85535
G0 F9000 X173.427 Y187.569
G1 F1800 X174.563 Y188.705 E196.90879
G0 F9000 X174.98 Y188.567
G0 X175.358 Y189.482
G0 X174.96 Y189.667
G1 F1800 X173.427 Y188.135 E196.98087
G0 F9000 X173.427 Y188.701
G1 F1800 X175.279 Y190.552 E197.06796
G0 F9000 X175.279 Y191.118
G1 F1800 X173.427 Y189.267 E197.15505
G0 F9000 X173.427 Y189.832
G1 F1800 X175.279 Y191.683 E197.24214
G0 F9000 X175.279 Y192.249
G1 F1800 X173.427 Y190.398 E197.32923
G0 F9000 X173.427 Y190.964
G1 F1800 X175.279 Y192.815 E197.41631
G0 F9000 X175.279 Y193.38
G1 F1800 X173.427 Y191.529 E197.5034
G0 F9000 X173.427 Y192.095
G1 F1800 X175.279 Y193.946 E197.59049
G0 F9000 X175.279 Y194.512
G1 F1800 X173.427 Y192.661 E197.67758
G0 F9000 X173.427 Y193.226
G1 F1800 X175.078 Y194.877 E197.75524
G0 F9000 X174.883 Y195.248
G1 F1800 X173.427 Y193.792 E197.82372
G0 F9000 X173.427 Y194.358
G1 F1800 X174.716 Y195.647 E197.88436
G0 F9000 X174.566 Y196.063
G1 F1800 X173.427 Y194.923 E197.93795
G0 F9000 X173.427 Y195.489
G1 F1800 X174.439 Y196.501 E197.98556
G0 F9000 X174.336 Y196.963
G1 F1800 X173.427 Y196.055 E198.02829
G0 F9000 X173.427 Y196.62
G1 F1800 X174.263 Y197.456 E198.06761
G0 F9000 X174.224 Y197.982
G1 F1800 X173.427 Y197.186 E198.10508
G0 F9000 X173.427 Y197.752
G1 F1800 X174.23 Y198.554 E198.14282
G0 F9000 X174.287 Y199.177
G1 F1800 X173.427 Y198.317 E198.18328
G0 F9000 X173.427 Y198.883
G1 F1800 X174.407 Y199.863 E198.22937
G0 F9000 X174.663 Y200.684
G1 F1800 X173.427 Y199.449 E198.28749
G0 F9000 X173.427 Y200.015
G1 F1800 X175.183 Y201.77 E198.37006
G0 F9000 X175.279 Y202.431
G1 F1800 X173.427 Y200.58 E198.45715
G0 F9000 X173.427 Y201.146
G1 F1800 X175.279 Y202.997 E198.54424
G0 F9000 X174.775 Y203.059
G1 F1800 X173.427 Y201.712 E198.60762
G0 F9000 X173.427 Y202.277
G1 F1800 X174.206 Y203.056 E198.64426
G0 F9000 X173.637 Y203.053
G1 F1800 X173.427 Y202.843 E198.65414
G0 F9000 X172.978 Y202.843
G0 X173.05 Y203.419
G0 X175.657 Y203.435
G0 X175.719 Y202.175
G0 X175.66 Y202.247
;TYPE:SKIN
G1 F1800 X175.764 Y202.069 E198.6658
G0 F9000 X175.719 Y201.893
G0 X176.682 Y203.269
G1 F1800 X176.859 Y203.446 E198.66997
G0 F9000 X177.79 Y203.812
G1 F1800 X177.968 Y203.707 E198.67879
G0 F9000 X177.779 Y203.615
G0 X176.445 Y202.324
G0 X175.685 Y201.227
G0 X175.19 Y200.022
G0 X174.958 Y198.812
G0 X174.964 Y197.588
G0 X175.101 Y196.902
G0 X175.722 Y194.587
G0 X175.629 Y194.579
G1 F1800 X175.686 Y194.354 E198.68393
G1 X175.839 Y194.224 E198.68838
G0 F9000 X175.902 Y194.286
G0 X175.729 Y190.657
G0 X175.627 Y190.618
G1 F1800 X175.731 Y190.439 E198.69696
G0 F9000 X175.875 Y190.583
G0 X175.041 Y187.702
G0 X174.929 Y186.55
G0 X175.053 Y185.386
G0 X175.748 Y182.819
G0 X175.668 Y182.739
G1 F1800 X175.753 Y182.541 E198.70597
G0 F9000 X175.865 Y182.653
G0 X175.807 Y178.919
G0 X175.698 Y178.809
G1 F1800 X175.669 Y178.498 E198.71372
G0 F9000 X175.697 Y178.392
G0 X175.029 Y175.953
G0 X174.928 Y174.704
G0 X175.099 Y173.522
G0 X175.719 Y171.187
G0 X175.65 Y171.124
G1 F1800 X175.708 Y170.899 E198.72231
G0 F9000 X175.719 Y170.779
G0 X175.743 Y167.258
G0 X175.665 Y167.18
G1 F1800 X175.755 Y166.986 E198.73387
G0 F9000 X175.922 Y167.154
G0 X175.086 Y164.567
G0 X174.933 Y163.351
G0 X175.02 Y162.122
G0 X175.722 Y159.533
G0 X175.632 Y159.51
G1 F1800 X175.689 Y159.284 E198.73897
G1 X175.857 Y159.17 E198.74342
G0 F9000 X175.909 Y159.222
G0 X175.729 Y155.596
G0 X175.632 Y155.551
G1 F1800 X175.737 Y155.373 E198.75258
G0 F9000 X175.887 Y155.523
G0 X175.029 Y152.582
G0 X174.928 Y151.333
G0 X175.099 Y150.151
G0 X175.695 Y147.957
G0 X175.607 Y147.889
G1 F1800 X175.672 Y147.67 E198.75763
G1 X175.77 Y147.486 E198.76224
G0 F9000 X175.873 Y147.588
G0 X176.521 Y146.822
G0 X176.435 Y146.736
G1 F1800 X176.606 Y146.625 E198.76431
G1 X177.462 Y146.349 E198.7734
G0 F9000 X177.712 Y146.316
G1 F1800 X177.572 Y146.176 E198.7767
G1 F1440 E197.2767
;MESH:NONMESH
G0 F300 X177.572 Y146.176 Z2
G0 F9000 X177.571 Y146.301
G0 X176.418 Y147.43
G0 X175.734 Y148.419
G0 X175.23 Y149.561
G0 X174.978 Y150.743
G0 X174.949 Y151.991
G0 X175.166 Y153.182
G0 X176.636 Y158.871
G0 X175.89 Y159.838
G0 X175.341 Y160.94
G0 X175.02 Y162.122
G0 X174.933 Y163.351
G0 X175.086 Y164.567
G0 X176.636 Y170.556
G0 X175.89 Y171.523
G0 X175.341 Y172.625
G0 X175.02 Y173.808
G0 X174.933 Y175.037
G0 X175.086 Y176.252
G0 X176.574 Y182.315
G0 X175.844 Y183.277
G0 X175.403 Y184.153
G0 X175.067 Y185.256
G0 X174.929 Y186.55
G0 X175.102 Y188.023
G0 X176.634 Y193.929
G0 X175.844 Y194.962
G0 X175.403 Y195.838
G0 X175.067 Y196.941
G0 X174.929 Y198.235
G0 X175.102 Y199.709
G0 X175.551 Y200.943
G0 X176.155 Y201.941
G0 X177.636 Y203.628
;TIME_ELAPSED:339.928839
;LAYER:9
;TYPE:WALL-INNER
;MESH:Vertical_Tension_Member.stl
G1 F1440 E198.7767
G1 F1800 X177.363 Y203.627 E198.78578
G1 X177.111 Y203.626 E198.79416
G1 X171.013 Y203.589 E198.99698
G1 X170.658 Y203.589 E199.00879
G1 X170.659 Y146.563 E200.90548
G1 X170.659 Y146.363 E200.91213
G1 X170.859 Y146.364 E200.91643
G1 X176.787 Y146.397 E201.1136
G1 X176.943 Y146.397 E201.11879
G1 X177.257 Y146.399 E201.12923
G1 X176.942 Y146.673 E201.13566
G1 X176.828 Y146.778 E201.14007
G1 X176.741 Y146.858 E201.144
G1 X176.532 Y147.067 E201.15383
G1 X176.302 Y147.328 E201.1654
G1 X176.097 Y147.576 E201.1761
G1 X175.868 Y147.9 E201.1893
G1 X175.697 Y148.166 E201.19982
G1 X175.549 Y148.426 E201.20977
G1 X175.374 Y148.772 E201.22266
G1 X175.258 Y149.034 E201.23219
G1 X175.124 Y149.399 E201.24513
G1 X175.025 Y149.703 E201.25576
G1 X174.949 Y149.991 E201.26567
G1 X174.891 Y150.262 E201.27488
G1 X174.831 Y150.606 E201.2865
G1 X174.792 Y151.04 E201.30099
G1 X174.773 Y151.323 E201.31042
G1 X174.775 Y151.664 E201.32177
G1 X174.798 Y152.047 E201.33453
G1 X174.827 Y152.333 E201.34409
G1 X174.878 Y152.628 E201.35405
G1 X174.939 Y152.939 E201.36459
G1 X175.02 Y153.25 E201.37528
G1 X175.108 Y153.53 E201.38504
G1 X175.197 Y153.796 E201.39437
G1 X175.329 Y154.11 E201.4057
G1 X175.481 Y154.423 E201.41727
G1 X175.631 Y154.706 E201.42792
G1 X175.861 Y155.074 E201.44236
G1 X176.049 Y155.339 E201.45316
G1 X176.262 Y155.61 E201.46463
G1 X176.534 Y155.917 E201.47827
G1 X176.741 Y156.126 E201.48805
G1 X176.949 Y156.316 E201.49742
G1 X177.269 Y156.593 E201.5115
G1 X177.768 Y157.003 E201.53298
G1 X177.941 Y157.165 E201.54086
G1 X177.961 Y157.184 E201.54178
G1 X178.088 Y157.337 E201.54839
G1 X177.914 Y157.527 E201.55696
G1 X177.894 Y157.546 E201.55788
G1 X177.757 Y157.674 E201.56412
G1 X177.268 Y158.074 E201.58513
G1 X176.942 Y158.358 E201.59951
G1 X176.739 Y158.544 E201.60867
G1 X176.49 Y158.797 E201.62047
G1 X176.235 Y159.09 E201.63339
G1 X176.04 Y159.342 E201.64399
G1 X175.868 Y159.586 E201.65392
G1 X175.697 Y159.851 E201.66441
G1 X175.549 Y160.111 E201.67436
G1 X175.374 Y160.457 E201.68726
G1 X175.258 Y160.719 E201.69679
G1 X175.124 Y161.084 E201.70972
G1 X175.025 Y161.388 E201.72035
G1 X174.949 Y161.677 E201.73029
G1 X174.891 Y161.948 E201.73951
G1 X174.831 Y162.29 E201.75106
G1 X174.792 Y162.725 E201.76558
G1 X174.773 Y163.009 E201.77505
G1 X174.775 Y163.35 E201.78639
G1 X174.798 Y163.732 E201.79912
G1 X174.827 Y164.018 E201.80868
G1 X174.878 Y164.313 E201.81864
G1 X174.939 Y164.624 E201.82918
G1 X175.02 Y164.935 E201.83987
G1 X175.108 Y165.215 E201.84963
G1 X175.197 Y165.481 E201.85896
G1 X175.329 Y165.795 E201.87029
G1 X175.481 Y166.108 E201.88186
G1 X175.631 Y166.391 E201.89252
G1 X175.861 Y166.759 E201.90695
G1 X176.049 Y167.024 E201.91776
G1 X176.262 Y167.295 E201.92922
G1 X176.534 Y167.601 E201.94284
G1 X176.741 Y167.811 E201.95265
G1 X176.968 Y168.019 E201.96289
G1 X177.271 Y168.279 E201.97617
G1 X177.758 Y168.677 E201.99708
G1 X177.953 Y168.869 E202.00619
G1 X178.071 Y168.985 E202.01169
G1 X178.066 Y169.057 E202.01409
G1 X177.947 Y169.173 E202.01962
G1 X177.749 Y169.366 E202.02881
G1 X177.268 Y169.759 E202.04947
G1 X176.942 Y170.043 E202.06385
G1 X176.739 Y170.229 E202.07301
G1 X176.49 Y170.482 E202.08482
G1 X176.235 Y170.775 E202.09774
G1 X176.04 Y171.027 E202.10833
G1 X175.868 Y171.271 E202.11826
G1 X175.697 Y171.536 E202.12875
G1 X175.549 Y171.796 E202.1387
G1 X175.374 Y172.142 E202.1516
G1 X175.258 Y172.404 E202.16113
G1 X175.124 Y172.769 E202.17406
G1 X175.025 Y173.073 E202.1847
G1 X174.949 Y173.362 E202.19463
G1 X174.891 Y173.633 E202.20385
G1 X174.831 Y173.977 E202.21547
G1 X174.792 Y174.411 E202.22996
G1 X174.773 Y174.694 E202.23939
G1 X174.775 Y175.035 E202.25074
G1 X174.798 Y175.417 E202.26346
G1 X174.827 Y175.703 E202.27302
G1 X174.878 Y175.999 E202.28301
G1 X174.939 Y176.31 E202.29356
G1 X175.021 Y176.62 E202.30422
G1 X175.108 Y176.9 E202.31397
G1 X175.197 Y177.166 E202.3233
G1 X175.329 Y177.48 E202.33463
G1 X175.48 Y177.791 E202.34613
G1 X175.611 Y178.042 E202.35555
G1 X175.861 Y178.445 E202.37132
G1 X176.05 Y178.71 E202.38215
G1 X176.262 Y178.98 E202.39356
G1 X176.534 Y179.286 E202.40718
G1 X176.74 Y179.496 E202.41697
G1 X176.95 Y179.688 E202.42643
G1 X177.252 Y179.946 E202.43964
G1 X177.767 Y180.371 E202.46185
G1 X177.949 Y180.542 E202.47015
G1 X177.955 Y180.548 E202.47044
G1 X178.084 Y180.703 E202.47714
G1 X177.888 Y180.924 E202.48697
G1 X177.882 Y180.93 E202.48725
G1 X177.719 Y181.078 E202.49457
G1 X177.269 Y181.444 E202.51387
G1 X176.942 Y181.728 E202.52827
G1 X176.739 Y181.914 E202.53743
G1 X176.49 Y182.167 E202.54924
G1 X176.235 Y182.46 E202.56215
G1 X176.04 Y182.712 E202.57275
G1 X175.868 Y182.957 E202.58271
G1 X175.697 Y183.222 E202.5932
G1 X175.549 Y183.481 E202.60312
G1 X175.374 Y183.826 E202.61599
G1 X175.258 Y184.089 E202.62555
G1 X175.124 Y184.454 E202.63848
G1 X175.025 Y184.758 E202.64911
G1 X174.949 Y185.047 E202.65905
G1 X174.891 Y185.318 E202.66827
G1 X174.831 Y185.662 E202.67988
G1 X174.792 Y186.096 E202.69438
G1 X174.773 Y186.379 E202.70381
G1 X174.775 Y186.72 E202.71515
G1 X174.798 Y187.102 E202.72788
G1 X174.827 Y187.388 E202.73744
G1 X174.878 Y187.684 E202.74743
G1 X174.939 Y187.995 E202.75797
G1 X175.021 Y188.306 E202.76867
G1 X175.109 Y188.586 E202.77843
G1 X175.197 Y188.85 E202.78769
G1 X175.329 Y189.166 E202.79908
G1 X175.499 Y189.514 E202.81196
G1 X175.632 Y189.763 E202.82135
G1 X175.862 Y190.13 E202.83576
G1 X176.049 Y190.394 E202.84652
G1 X176.262 Y190.665 E202.85798
G1 X176.534 Y190.971 E202.8716
G1 X176.74 Y191.181 E202.88138
G1 X176.95 Y191.373 E202.89085
G1 X177.252 Y191.632 E202.90408
G1 X177.758 Y192.048 E202.92586
G1 X177.953 Y192.239 E202.93494
G1 X178.071 Y192.355 E202.94045
G1 X178.066 Y192.427 E202.94285
G1 X177.948 Y192.543 E202.94835
G1 X177.765 Y192.723 E202.95689
G1 X177.268 Y193.13 E202.97825
G1 X176.943 Y193.412 E202.99257
G1 X176.739 Y193.599 E203.00177
G1 X176.49 Y193.853 E203.0136
G1 X176.236 Y194.144 E203.02645
G1 X176.04 Y194.396 E203.03707
G1 X175.868 Y194.642 E203.04705
G1 X175.697 Y194.907 E203.05754
G1 X175.549 Y195.166 E203.06746
G1 X175.374 Y195.511 E203.08033
G1 X175.258 Y195.774 E203.08989
G1 X175.124 Y196.14 E203.10285
G1 X175.025 Y196.443 E203.11345
G1 X174.949 Y196.733 E203.12342
G1 X174.891 Y197.003 E203.13261
G1 X174.831 Y197.347 E203.14422
G1 X174.792 Y197.781 E203.15872
G1 X174.773 Y198.064 E203.16815
G1 X174.775 Y198.405 E203.17949
G1 X174.798 Y198.787 E203.19222
G1 X174.827 Y199.073 E203.20178
G1 X174.878 Y199.369 E203.21177
G1 X174.939 Y199.68 E203.22231
G1 X175.021 Y199.991 E203.23301
G1 X175.109 Y200.271 E203.24277
G1 X175.197 Y200.535 E203.25203
G1 X175.329 Y200.85 E203.26339
G1 X175.48 Y201.162 E203.27492
G1 X175.611 Y201.414 E203.28436
G1 X175.861 Y201.815 E203.30008
G1 X176.05 Y202.08 E203.31091
G1 X176.262 Y202.35 E203.32232
G1 X176.534 Y202.658 E203.33599
G1 X176.775 Y202.901 E203.34737
G1 X177.087 Y203.177 E203.36123
G1 X177.172 Y203.249 E203.36493
G1 X177.364 Y203.411 E203.37149
G1 X177.636 Y203.628 E203.37593
G0 F9000 X178.097 Y203.797
G0 X178.677 Y204.034
;TYPE:WALL-OUTER
G1 F1800 X171.012 Y203.989 E203.63088
G1 X170.258 Y203.989 E203.65595
G1 X170.259 Y145.963 E205.58591
G1 X170.596 Y145.963 E205.59712
G1 X175.745 Y145.99 E205.76837
G1 X178.36 Y146.006 E205.85535
G1 X178.037 Y146.284 E205.86953
G1 X177.528 Y146.694 E205.89126
G1 X177.209 Y146.971 E205.90532
G1 X177.018 Y147.147 E205.91395
G1 X176.823 Y147.341 E205.9231
G1 X176.606 Y147.587 E205.93401
G1 X176.415 Y147.819 E205.94401
G1 X176.2 Y148.124 E205.95642
G1 X176.039 Y148.374 E205.96631
G1 X175.901 Y148.615 E205.97555
G1 X175.736 Y148.943 E205.98776
G1 X175.629 Y149.184 E205.99653
G1 X175.502 Y149.53 E206.00879
G1 X175.409 Y149.816 E206.01879
G1 X175.338 Y150.084 E206.02801
G1 X175.284 Y150.338 E206.03665
G1 X175.228 Y150.658 E206.04745
G1 X175.191 Y151.071 E206.06124
G1 X175.173 Y151.335 E206.07005
G1 X175.175 Y151.651 E206.08056
G1 X175.197 Y152.015 E206.09269
G1 X175.224 Y152.279 E206.10151
G1 X175.271 Y152.556 E206.11086
G1 X175.329 Y152.849 E206.12079
G1 X175.405 Y153.139 E206.13076
G1 X175.489 Y153.407 E206.1401
G1 X175.572 Y153.655 E206.1488
G1 X175.694 Y153.945 E206.15927
G1 X175.838 Y154.242 E206.17024
G1 X175.978 Y154.506 E206.18018
G1 X176.194 Y154.852 E206.19375
G1 X176.37 Y155.1 E206.20386
G1 X176.569 Y155.354 E206.2146
G1 X176.826 Y155.643 E206.22746
G1 X177.018 Y155.837 E206.23654
G1 X177.215 Y156.017 E206.24541
G1 X177.527 Y156.287 E206.25914
G1 X178.037 Y156.706 E206.28109
G1 X178.252 Y156.908 E206.2909
G1 X178.532 Y157.243 E206.30542
G1 X178.561 Y157.332 E206.30854
G1 X178.383 Y157.62 E206.3198
G1 X178.2 Y157.807 E206.3285
G1 X178.016 Y157.979 E206.33688
G1 X177.526 Y158.38 E206.35794
G1 X177.209 Y158.656 E206.37192
G1 X177.017 Y158.832 E206.38058
G1 X176.784 Y159.069 E206.39163
G1 X176.544 Y159.344 E206.40377
G1 X176.362 Y159.579 E206.41366
G1 X176.2 Y159.81 E206.42304
G1 X176.039 Y160.059 E206.4329
G1 X175.901 Y160.3 E206.44214
G1 X175.736 Y160.628 E206.45435
G1 X175.629 Y160.869 E206.46312
G1 X175.502 Y161.215 E206.47538
G1 X175.409 Y161.501 E206.48539
G1 X175.338 Y161.77 E206.49464
G1 X175.284 Y162.024 E206.50328
G1 X175.228 Y162.343 E206.51405
G1 X175.191 Y162.756 E206.52784
G1 X175.173 Y163.021 E206.53667
G1 X175.175 Y163.337 E206.54718
G1 X175.197 Y163.7 E206.55928
G1 X175.224 Y163.964 E206.56811
G1 X175.271 Y164.241 E206.57745
G1 X175.329 Y164.534 E206.58738
G1 X175.405 Y164.824 E206.59736
G1 X175.489 Y165.092 E206.6067
G1 X175.572 Y165.34 E206.6154
G1 X175.694 Y165.63 E206.62586
G1 X175.838 Y165.927 E206.63684
G1 X175.978 Y166.191 E206.64678
G1 X176.194 Y166.537 E206.66034
G1 X176.37 Y166.785 E206.67046
G1 X176.569 Y167.039 E206.68119
G1 X176.826 Y167.328 E206.69405
G1 X177.018 Y167.523 E206.70315
G1 X177.233 Y167.719 E206.71283
G1 X177.528 Y167.972 E206.72576
G1 X178.017 Y168.372 E206.74677
G1 X178.204 Y168.548 E206.75531
G1 X178.388 Y168.736 E206.76406
G1 X178.562 Y169.017 E206.77505
G1 X178.383 Y169.305 E206.78633
G1 X178.201 Y169.492 E206.79501
G1 X178.017 Y169.663 E206.80337
G1 X177.526 Y170.065 E206.82447
G1 X177.209 Y170.341 E206.83845
G1 X177.017 Y170.517 E206.84711
G1 X176.784 Y170.754 E206.85817
G1 X176.544 Y171.029 E206.87031
G1 X176.362 Y171.264 E206.88019
G1 X176.2 Y171.495 E206.88958
G1 X176.039 Y171.744 E206.89944
G1 X175.901 Y171.985 E206.90868
G1 X175.736 Y172.313 E206.92089
G1 X175.629 Y172.554 E206.92966
G1 X175.502 Y172.9 E206.94192
G1 X175.409 Y173.186 E206.95192
G1 X175.338 Y173.455 E206.96117
G1 X175.284 Y173.709 E206.96981
G1 X175.228 Y174.029 E206.98062
G1 X175.191 Y174.442 E206.99441
G1 X175.173 Y174.706 E207.00321
G1 X175.175 Y175.022 E207.01372
G1 X175.197 Y175.385 E207.02581
G1 X175.224 Y175.649 E207.03464
G1 X175.271 Y175.927 E207.04402
G1 X175.329 Y176.22 E207.05395
G1 X175.405 Y176.509 E207.06389
G1 X175.489 Y176.777 E207.07323
G1 X175.572 Y177.025 E207.08193
G1 X175.694 Y177.315 E207.0924
G1 X175.837 Y177.611 E207.10333
G1 X175.959 Y177.844 E207.11208
G1 X176.194 Y178.223 E207.12691
G1 X176.37 Y178.47 E207.137
G1 X176.569 Y178.724 E207.14773
G1 X176.826 Y179.013 E207.16059
G1 X177.018 Y179.208 E207.16969
G1 X177.215 Y179.389 E207.17859
G1 X177.509 Y179.64 E207.19145
G1 X178.028 Y180.068 E207.21382
G1 X178.247 Y180.274 E207.22382
G1 X178.536 Y180.621 E207.23884
G1 X178.562 Y180.71 E207.24193
G1 X178.349 Y181.026 E207.2546
G1 X178.157 Y181.22 E207.26368
G1 X177.971 Y181.389 E207.27204
G1 X177.526 Y181.75 E207.2911
G1 X177.209 Y182.026 E207.30508
G1 X177.017 Y182.202 E207.31374
G1 X176.784 Y182.439 E207.32479
G1 X176.544 Y182.714 E207.33693
G1 X176.362 Y182.949 E207.34682
G1 X176.2 Y183.18 E207.3562
G1 X176.039 Y183.43 E207.36609
G1 X175.901 Y183.671 E207.37533
G1 X175.736 Y183.997 E207.38748
G1 X175.629 Y184.239 E207.39628
G1 X175.502 Y184.585 E207.40854
G1 X175.409 Y184.871 E207.41855
G1 X175.338 Y185.14 E207.4278
G1 X175.284 Y185.394 E207.43644
G1 X175.228 Y185.714 E207.44724
G1 X175.191 Y186.127 E207.46103
G1 X175.173 Y186.391 E207.46983
G1 X175.175 Y186.707 E207.48034
G1 X175.197 Y187.07 E207.49244
G1 X175.224 Y187.334 E207.50127
G1 X175.271 Y187.612 E207.51064
G1 X175.329 Y187.905 E207.52058
G1 X175.405 Y188.195 E207.53055
G1 X175.489 Y188.462 E207.53986
G1 X175.572 Y188.709 E207.54853
G1 X175.694 Y189.001 E207.55905
G1 X175.855 Y189.332 E207.57129
G1 X175.978 Y189.562 E207.57997
G1 X176.195 Y189.908 E207.59355
G1 X176.37 Y190.155 E207.60362
G1 X176.569 Y190.409 E207.61435
G1 X176.826 Y190.698 E207.62722
G1 X177.018 Y190.893 E207.63632
G1 X177.215 Y191.074 E207.64522
G1 X177.509 Y191.325 E207.65807
G1 X178.027 Y191.751 E207.68038
G1 X178.204 Y191.918 E207.68847
G1 X178.388 Y192.107 E207.69725
G1 X178.562 Y192.387 E207.70821
G1 X178.383 Y192.675 E207.71949
G1 X178.2 Y192.863 E207.72822
G1 X178.026 Y193.026 E207.73615
G1 X177.526 Y193.436 E207.75765
G1 X177.209 Y193.711 E207.77161
G1 X177.017 Y193.887 E207.78027
G1 X176.784 Y194.125 E207.79135
G1 X176.545 Y194.399 E207.80344
G1 X176.362 Y194.634 E207.81335
G1 X176.2 Y194.865 E207.82273
G1 X176.039 Y195.115 E207.83262
G1 X175.901 Y195.356 E207.84186
G1 X175.736 Y195.682 E207.85401
G1 X175.629 Y195.924 E207.86281
G1 X175.502 Y196.271 E207.8751
G1 X175.409 Y196.556 E207.88508
G1 X175.338 Y196.826 E207.89436
G1 X175.284 Y197.079 E207.90297
G1 X175.228 Y197.399 E207.91377
G1 X175.191 Y197.812 E207.92756
G1 X175.173 Y198.076 E207.93636
G1 X175.175 Y198.392 E207.94687
G1 X175.197 Y198.755 E207.95897
G1 X175.224 Y199.019 E207.9678
G1 X175.271 Y199.297 E207.97717
G1 X175.329 Y199.59 E207.98711
G1 X175.405 Y199.88 E207.99708
G1 X175.489 Y200.147 E208.00639
G1 X175.572 Y200.394 E208.01505
G1 X175.694 Y200.686 E208.02558
G1 X175.837 Y200.982 E208.03651
G1 X175.959 Y201.215 E208.04526
G1 X176.194 Y201.593 E208.06007
G1 X176.37 Y201.84 E208.07015
G1 X176.569 Y202.094 E208.08088
G1 X176.826 Y202.384 E208.09377
G1 X177.05 Y202.61 E208.10436
G1 X177.349 Y202.874 E208.11762
G1 X177.618 Y203.102 E208.12935
G1 X177.917 Y203.34 E208.14206
G1 X178.147 Y203.529 E208.15196
G1 X178.348 Y203.704 E208.16083
G1 X178.555 Y203.899 E208.17029
G1 X178.677 Y204.034 E208.17634
G0 F9000 X178.097 Y203.797
G0 X172.579 Y203.417
G0 X172.507 Y201.919
G0 X172.725 Y201.919
;TYPE:FILL
G1 F3600 X170.738 Y202.452 E208.24476
G0 F9000 X170.738 Y202.679
G1 F3600 X171.57 Y203.511 E208.2839
G0 F9000 X176.128 Y203.437
G0 X176.136 Y202.493
G0 X174.604 Y198.411
G0 X175.406 Y195.835
G0 X176.001 Y194.731
G0 X177.699 Y192.67
G1 F3600 X175.979 Y190.95 E208.3648
G1 F1440 E206.8648
G0 F9000 X176.19 Y190.95
G0 X176.104 Y194.035
G0 X174.602 Y198.059
G0 X175.914 Y202.183
G0 X176.122 Y202.507
G0 X176.128 Y203.437
G0 X172.579 Y203.417
G0 X172.507 Y189.496
G0 X172.725 Y189.496
G1 F1440 E208.3648
G1 F3600 X170.737 Y190.028 E208.43325
G0 F9000 X172.507 Y187.697
G0 X172.727 Y187.697
G1 F3600 X170.738 Y185.708 E208.5268
G0 F9000 X170.737 Y185.441
G1 F3600 X172.726 Y178.021 E208.78231
G0 F9000 X172.726 Y177.072
G1 F3600 X170.738 Y177.605 E208.85076
G0 F9000 X172.507 Y170.727
G0 X172.727 Y170.727
G1 F3600 X170.738 Y168.738 E208.94432
G0 F9000 X170.738 Y165.182
G1 F3600 X172.725 Y164.649 E209.01274
G1 F1440 E207.51274
G0 F9000 X172.507 Y164.649
G0 X172.579 Y146.556
G0 X176.118 Y146.575
G0 X176.137 Y147.232
G0 X174.602 Y151.318
G0 X175.913 Y155.442
G0 X176.101 Y155.734
G0 X177.091 Y158.121
G1 F1440 E209.01274
G1 F3600 X175.979 Y157.008 E209.06507
G0 F9000 X176.2 Y157.008
G0 X176.136 Y155.753
G0 X174.604 Y151.67
G0 X175.727 Y147.805
G0 X176.122 Y147.217
G0 X176.118 Y146.575
G0 X172.579 Y146.556
G0 X172.507 Y153.756
G0 X172.727 Y153.756
G1 F3600 X170.738 Y151.767 E209.15863
G0 F9000 X170.738 Y152.758
G1 F3600 X172.726 Y152.226 E209.22708
G0 F9000 X172.507 Y152.226
G0 X172.579 Y146.556
G0 X176.118 Y146.575
G0 X176.137 Y147.232
G0 X174.895 Y150.541
G0 X174.688 Y152.056
G0 X174.41 Y152.078
;TYPE:SKIN
G1 F1800 X174.441 Y152.386 E209.23737
G1 X174.494 Y152.698 E209.2479
G1 X174.559 Y153.025 E209.25899
G1 X174.645 Y153.357 E209.27039
G1 X174.737 Y153.651 E209.28064
G1 X174.832 Y153.934 E209.29057
G1 X174.974 Y154.27 E209.3027
G1 X175.134 Y154.6 E209.3149
G1 X175.293 Y154.901 E209.32622
G1 X175.536 Y155.29 E209.34148
G1 X175.737 Y155.573 E209.35302
G1 X175.91 Y155.793 E209.36233
G1 X175.91 Y158.872 E209.46474
G1 X175.726 Y159.11 E209.47474
G1 X175.544 Y159.368 E209.48525
G1 X175.363 Y159.648 E209.49634
G1 X175.206 Y159.926 E209.50695
G1 X175.021 Y160.289 E209.52051
G1 X174.896 Y160.573 E209.53083
G1 X174.755 Y160.957 E209.54443
G1 X174.651 Y161.278 E209.55565
G1 X174.569 Y161.587 E209.56629
G1 X174.508 Y161.874 E209.57605
G1 X174.444 Y162.239 E209.58837
G1 X174.404 Y162.694 E209.60356
G1 X174.383 Y162.997 E209.61366
G1 X174.385 Y163.363 E209.62584
G1 X174.41 Y163.763 E209.63917
G1 X174.441 Y164.071 E209.64946
G1 X174.494 Y164.383 E209.65999
G1 X174.559 Y164.71 E209.67108
G1 X174.645 Y165.042 E209.68249
G1 X174.737 Y165.336 E209.69273
G1 X174.832 Y165.619 E209.70266
G1 X174.974 Y165.955 E209.71479
G1 X175.134 Y166.285 E209.72699
G1 X175.293 Y166.586 E209.73831
G1 X175.536 Y166.975 E209.75357
G1 X175.737 Y167.258 E209.76511
G1 X175.91 Y167.478 E209.77442
G1 X175.91 Y170.557 E209.87683
G1 X175.726 Y170.795 E209.88684
G1 X175.544 Y171.053 E209.89734
G1 X175.363 Y171.333 E209.90843
G1 X175.206 Y171.611 E209.91905
G1 X175.021 Y171.974 E209.9326
G1 X174.896 Y172.258 E209.94292
G1 X174.755 Y172.642 E209.95652
G1 X174.651 Y172.963 E209.96775
G1 X174.569 Y173.272 E209.97838
G1 X174.508 Y173.559 E209.98814
G1 X174.444 Y173.926 E210.00053
G1 X174.404 Y174.38 E210.01569
G1 X174.383 Y174.682 E210.02576
G1 X174.385 Y175.048 E210.03793
G1 X174.41 Y175.448 E210.05126
G1 X174.441 Y175.756 E210.06155
G1 X174.494 Y176.069 E210.07211
G1 X174.559 Y176.398 E210.08327
G1 X174.646 Y176.728 E210.09462
G1 X174.737 Y177.019 E210.10476
G1 X174.832 Y177.304 E210.11475
G1 X174.974 Y177.64 E210.12688
G1 X175.131 Y177.966 E210.13892
G1 X175.272 Y178.235 E210.14902
G1 X175.536 Y178.661 E210.16569
G1 X175.738 Y178.944 E210.17725
G1 X175.91 Y179.164 E210.18654
G1 X175.91 Y182.242 E210.28892
G1 X175.726 Y182.48 E210.29892
G1 X175.544 Y182.739 E210.30945
G1 X175.364 Y183.019 E210.32052
G1 X175.206 Y183.296 E210.33113
G1 X175.021 Y183.659 E210.34468
G1 X174.896 Y183.943 E210.355
G1 X174.755 Y184.327 E210.3686
G1 X174.651 Y184.648 E210.37983
G1 X174.569 Y184.957 E210.39046
G1 X174.508 Y185.244 E210.40022
G1 X174.444 Y185.611 E210.41261
G1 X174.404 Y186.065 E210.42777
G1 X174.383 Y186.367 E210.43784
G1 X174.385 Y186.733 E210.45001
G1 X174.41 Y187.133 E210.46334
G1 X174.441 Y187.441 E210.47364
G1 X174.494 Y187.754 E210.4842
G1 X174.559 Y188.083 E210.49535
G1 X174.646 Y188.415 E210.50676
G1 X174.738 Y188.707 E210.51695
G1 X174.832 Y188.987 E210.52677
G1 X174.974 Y189.327 E210.53903
G1 X175.152 Y189.692 E210.55253
G1 X175.295 Y189.958 E210.56258
G1 X175.538 Y190.346 E210.5778
G1 X175.737 Y190.628 E210.58928
G1 X175.91 Y190.848 E210.59859
G1 X175.91 Y193.929 E210.70107
G1 X175.726 Y194.164 E210.71099
G1 X175.544 Y194.424 E210.72155
G1 X175.364 Y194.704 E210.73262
G1 X175.206 Y194.981 E210.74323
G1 X175.021 Y195.344 E210.75678
G1 X174.896 Y195.628 E210.7671
G1 X174.755 Y196.013 E210.78074
G1 X174.651 Y196.333 E210.79193
G1 X174.569 Y196.643 E210.80259
G1 X174.508 Y196.929 E210.81232
G1 X174.444 Y197.296 E210.82471
G1 X174.404 Y197.75 E210.83987
G1 X174.383 Y198.052 E210.84994
G1 X174.385 Y198.418 E210.86211
G1 X174.41 Y198.818 E210.87544
G1 X174.441 Y199.126 E210.88574
G1 X174.494 Y199.439 E210.89629
G1 X174.559 Y199.768 E210.90745
G1 X174.646 Y200.1 E210.91886
G1 X174.738 Y200.392 E210.92905
G1 X174.832 Y200.672 E210.93887
G1 X174.974 Y201.01 E210.95106
G1 X175.131 Y201.337 E210.96313
G1 X175.272 Y201.607 E210.97326
G1 X175.537 Y202.032 E210.98992
G1 X175.738 Y202.314 E211.00144
G1 X175.91 Y202.534 E211.01072
G1 X175.91 Y203.228 E211.03381
G1 X172.797 Y203.209 E211.13735
G1 X172.797 Y146.765 E213.01468
G1 X175.91 Y146.782 E213.11822
G1 X175.91 Y147.19 E213.13179
G1 X175.787 Y147.338 E213.13819
G1 X175.544 Y147.682 E213.1522
G1 X175.363 Y147.964 E213.16335
G1 X175.206 Y148.241 E213.17394
G1 X175.021 Y148.604 E213.18749
G1 X174.896 Y148.888 E213.19781
G1 X174.755 Y149.272 E213.21141
G1 X174.651 Y149.592 E213.2226
G1 X174.569 Y149.901 E213.23324
G1 X174.508 Y150.188 E213.243
G1 X174.444 Y150.555 E213.25539
G1 X174.404 Y151.009 E213.27055
G1 X174.383 Y151.311 E213.28061
G1 X174.385 Y151.677 E213.29279
G1 X174.41 Y152.078 E213.30615
G0 F9000 X174.688 Y152.056
G0 X175.551 Y148.077
G0 X176.122 Y147.217
G0 X176.118 Y146.575
G0 X173.252 Y146.488
G0 X173.25 Y146.927
G1 F1800 X172.956 Y147.221 E213.31998
G0 F9000 X172.956 Y147.786
G1 F1800 X173.813 Y146.93 E213.36027
G0 F9000 X174.376 Y146.933
G1 F1800 X172.956 Y148.352 E213.42704
G0 F9000 X172.956 Y148.918
G1 F1800 X174.938 Y146.936 E213.52026
G0 F9000 X175.501 Y146.938
G1 F1800 X172.956 Y149.483 E213.63997
G0 F9000 X172.956 Y150.049
G1 F1800 X175.404 Y147.601 E213.75512
G0 F9000 X175.775 Y147.841
G0 X175.155 Y148.992
G0 X174.748 Y148.824
G1 F1800 X172.956 Y150.615 E213.83939
G0 F9000 X172.956 Y151.18
G1 F1800 X174.462 Y149.675 E213.9102
G0 F9000 X174.308 Y150.394
G1 F1800 X172.956 Y151.746 E213.97379
G0 F9000 X172.956 Y152.312
G1 F1800 X174.241 Y151.028 E214.03421
G0 F9000 X174.223 Y151.611
G1 F1800 X172.956 Y152.877 E214.09378
G0 F9000 X172.956 Y153.443
G1 F1800 X174.255 Y152.145 E214.15486
G0 F9000 X174.321 Y152.644
G1 F1800 X172.956 Y154.009 E214.21907
G0 F9000 X172.956 Y154.574
G1 F1800 X174.416 Y153.115 E214.28772
G0 F9000 X174.539 Y153.558
G1 F1800 X172.956 Y155.14 E214.36215
G0 F9000 X172.956 Y155.706
G1 F1800 X174.679 Y153.983 E214.4432
G0 F9000 X174.848 Y154.38
G1 F1800 X172.956 Y156.272 E214.53219
G0 F9000 X172.956 Y156.837
G1 F1800 X175.036 Y154.758 E214.63001
G0 F9000 X175.24 Y155.12
G1 F1800 X172.956 Y157.403 E214.73741
G0 F9000 X172.956 Y157.969
G1 F1800 X175.462 Y155.463 E214.85529
G0 F9000 X175.702 Y155.789
G1 F1800 X172.956 Y158.534 E214.98443
G0 F9000 X172.956 Y159.1
G1 F1800 X175.749 Y156.308 E215.11578
G0 F9000 X175.749 Y156.873
G1 F1800 X172.956 Y159.666 E215.24715
G0 F9000 X172.956 Y160.231
G1 F1800 X175.749 Y157.439 E215.3785
G0 F9000 X175.749 Y158.005
G1 F1800 X172.956 Y160.797 E215.50986
G0 F9000 X172.956 Y161.363
G1 F1800 X175.749 Y158.57 E215.64123
G0 F9000 X176.19 Y158.57
G0 X176.12 Y158.903
G0 X175.485 Y160.001
G0 X175.102 Y159.783
G1 F1800 X172.956 Y161.928 E215.74215
G0 F9000 X172.956 Y162.494
G1 F1800 X174.636 Y160.815 E215.82115
G0 F9000 X174.397 Y161.619
G1 F1800 X172.956 Y163.06 E215.88893
G0 F9000 X172.956 Y163.625
G1 F1800 X174.277 Y162.305 E215.95104
G0 F9000 X174.227 Y162.92
G1 F1800 X172.956 Y164.191 E216.01082
G0 F9000 X172.956 Y164.757
G1 F1800 X174.231 Y163.483 E216.07077
G0 F9000 X174.272 Y164.007
G1 F1800 X172.956 Y165.322 E216.13265
G0 F9000 X172.956 Y165.888
G1 F1800 X174.352 Y164.493 E216.19829
G0 F9000 X174.456 Y164.954
G1 F1800 X172.956 Y166.454 E216.26884
G0 F9000 X172.956 Y167.02
G1 F1800 X174.585 Y165.391 E216.34547
G0 F9000 X174.736 Y165.805
G1 F1800 X172.956 Y167.585 E216.42919
G0 F9000 X172.956 Y168.151
G1 F1800 X174.912 Y166.196 E216.52117
G0 F9000 X175.102 Y166.571
G1 F1800 X172.956 Y168.717 E216.62211
G0 F9000 X172.956 Y169.282
G1 F1800 X175.315 Y166.924 E216.73305
G0 F9000 X175.543 Y167.261
G1 F1800 X172.956 Y169.848 E216.85474
G0 F9000 X172.956 Y170.414
G1 F1800 X175.749 Y167.621 E216.98611
G0 F9000 X175.749 Y168.187
G1 F1800 X172.956 Y170.979 E217.11746
G0 F9000 X172.956 Y171.545
G1 F1800 X175.749 Y168.753 E217.24881
G0 F9000 X175.749 Y169.318
G1 F1800 X172.956 Y172.111 E217.38018
G0 F9000 X172.956 Y172.676
G1 F1800 X175.749 Y169.884 E217.51154
G0 F9000 X175.749 Y170.45
G1 F1800 X172.956 Y173.242 E217.64289
G0 F9000 X172.956 Y173.808
G1 F1800 X174.89 Y171.874 E217.73386
G0 F9000 X174.535 Y172.794
G1 F1800 X172.956 Y174.373 E217.80813
G0 F9000 X172.956 Y174.939
G1 F1800 X174.346 Y173.55 E217.87348
G0 F9000 X174.259 Y174.202
G1 F1800 X172.957 Y175.504 E217.93473
G0 F9000 X172.957 Y176.07
G1 F1800 X174.223 Y174.804 E217.99428
G0 F9000 X174.243 Y175.349
G1 F1800 X172.957 Y176.635 E218.05477
G0 F9000 X172.957 Y177.201
G1 F1800 X174.296 Y175.862 E218.11775
G0 F9000 X174.384 Y176.34
G1 F1800 X172.957 Y177.767 E218.18487
G0 F9000 X172.957 Y178.333
G1 F1800 X174.498 Y176.792 E218.25735
G0 F9000 X174.636 Y177.22
G1 F1800 X172.957 Y178.898 E218.3363
G0 F9000 X172.957 Y179.464
G1 F1800 X174.795 Y177.626 E218.42276
G0 F9000 X174.974 Y178.012
G1 F1800 X172.957 Y180.03 E218.51766
G0 F9000 X172.957 Y180.595
G1 F1800 X175.172 Y178.38 E218.62184
G0 F9000 X175.39 Y178.729
G1 F1800 X172.957 Y181.161 E218.73626
G0 F9000 X172.957 Y181.727
G1 F1800 X175.625 Y179.059 E218.86175
G0 F9000 X175.749 Y179.5
G1 F1800 X172.957 Y182.292 E218.99308
G0 F9000 X172.957 Y182.858
G1 F1800 X175.749 Y180.066 E219.12441
G0 F9000 X175.749 Y180.631
G1 F1800 X172.957 Y183.424 E219.25576
G0 F9000 X172.957 Y183.989
G1 F1800 X175.749 Y181.197 E219.38709
G0 F9000 X175.749 Y181.763
G1 F1800 X172.957 Y184.555 E219.51841
G0 F9000 X172.957 Y185.121
G1 F1800 X175.378 Y182.7 E219.63229
G0 F9000 X175.748 Y182.94
G0 X175.151 Y184.057
G0 X174.738 Y183.905
G1 F1800 X172.957 Y185.686 E219.71606
G0 F9000 X172.957 Y186.252
G1 F1800 X174.456 Y184.753 E219.78657
G0 F9000 X174.306 Y185.469
G1 F1800 X172.957 Y186.818 E219.85002
G0 F9000 X172.957 Y187.384
G1 F1800 X174.241 Y186.099 E219.91044
G0 F9000 X174.224 Y186.683
G1 F1800 X172.957 Y187.949 E219.97002
G0 F9000 X172.957 Y188.515
G1 F1800 X174.257 Y187.215 E220.03116
G0 F9000 X174.324 Y187.714
G1 F1800 X172.957 Y189.081 E220.09546
G0 F9000 X172.957 Y189.646
G1 F1800 X174.42 Y188.183 E220.16428
G0 F9000 X174.544 Y188.625
G1 F1800 X172.957 Y190.212 E220.23893
G0 F9000 X172.957 Y190.778
G1 F1800 X174.685 Y189.05 E220.32021
G0 F9000 X174.854 Y189.446
G1 F1800 X172.957 Y191.343 E220.40943
G0 F9000 X172.957 Y191.909
G1 F1800 X175.042 Y189.824 E220.50751
G0 F9000 X175.247 Y190.184
G1 F1800 X172.957 Y192.475 E220.61524
G0 F9000 X172.957 Y193.04
G1 F1800 X175.47 Y190.527 E220.73345
G0 F9000 X175.711 Y190.853
G1 F1800 X172.957 Y193.606 E220.86296
G0 F9000 X172.957 Y194.172
G1 F1800 X175.749 Y191.379 E220.99431
G0 F9000 X175.749 Y191.945
G1 F1800 X172.957 Y194.737 E221.12564
G0 F9000 X172.957 Y195.303
G1 F1800 X175.749 Y192.511 E221.25697
G0 F9000 X175.749 Y193.076
G1 F1800 X172.957 Y195.869 E221.38832
G0 F9000 X172.957 Y196.434
G1 F1800 X175.749 Y193.642 E221.51965
G0 F9000 X176.19 Y193.642
G0 X176.121 Y193.959
G0 X175.463 Y195.094
G0 X175.081 Y194.876
G1 F1800 X172.957 Y197 E221.61955
G0 F9000 X172.957 Y197.566
G1 F1800 X174.627 Y195.896 E221.69811
G0 F9000 X174.393 Y196.695
G1 F1800 X172.957 Y198.132 E221.76567
G0 F9000 X172.957 Y198.697
G1 F1800 X174.276 Y197.378 E221.82772
G0 F9000 X174.226 Y197.994
G1 F1800 X172.957 Y199.263 E221.88741
G0 F9000 X172.957 Y199.829
G1 F1800 X174.233 Y198.553 E221.94742
G0 F9000 X174.275 Y199.076
G1 F1800 X172.957 Y200.394 E222.00942
G0 F9000 X172.957 Y200.96
G1 F1800 X174.354 Y199.563 E222.07513
G0 F9000 X174.46 Y200.023
G1 F1800 X172.957 Y201.526 E222.14583
G0 F9000 X172.957 Y202.091
G1 F1800 X174.591 Y200.457 E222.22268
G0 F9000 X174.743 Y200.872
G1 F1800 X172.957 Y202.657 E222.30667
G0 F9000 X173.13 Y203.05
G1 F1800 X174.917 Y201.263 E222.39072
G0 F9000 X175.107 Y201.638
G1 F1800 X173.692 Y203.054 E222.4573
G0 F9000 X174.254 Y203.057
G1 F1800 X175.322 Y201.99 E222.50752
G0 F9000 X175.551 Y202.326
G1 F1800 X174.816 Y203.061 E222.54209
G0 F9000 X175.378 Y203.064
G1 F1800 X175.749 Y202.693 E222.55954
G0 F9000 X176.125 Y202.599
;TYPE:SKIN
G1 F1800 X176.22 Y202.788 E222.56156
G1 X176.795 Y203.344 E222.56919
G1 X178.046 Y203.79 E222.58187
G0 F9000 X177.984 Y203.73
G0 X176.651 Y202.548
G0 X175.994 Y201.726
G0 X175.348 Y200.478
G0 X175.035 Y199.34
G0 X174.934 Y198.069
G0 X175.105 Y196.771
G0 X175.338 Y196.097
G0 X176.19 Y193.897
G0 X176.183 Y193.773
G1 F1800 X176.083 Y193.591 E222.58881
G0 F9000 X176.19 Y193.615
G0 X176.268 Y191.143
G0 X176.317 Y191.094
G1 F1800 X176.146 Y190.982 E222.59516
G0 F9000 X176.19 Y191.069
G0 X175.771 Y189.682
G0 X175.261 Y188.536
G0 X174.987 Y187.366
G0 X174.953 Y186.108
G0 X175.179 Y184.804
G0 X176.156 Y182.384
G0 X176.215 Y182.145
G1 F1800 X176.115 Y181.962 E222.60508
G0 F9000 X176.19 Y182.018
G0 X176.19 Y179.472
G0 X176.167 Y179.365
G1 F1800 X176.101 Y179.149 E222.61204
G0 F9000 X176.19 Y179.19
G0 X175.175 Y176.575
G0 X174.959 Y175.404
G0 X174.953 Y174.423
G0 X175.156 Y173.25
G0 X176.19 Y170.422
G0 X176.059 Y170.422
G1 F1800 X176.232 Y170.249 E222.61611
G0 F9000 X178.173 Y169.076
G0 X178.222 Y169.108
G1 F1800 X178.338 Y168.992 E222.61883
G0 F9000 X178.234 Y169.056
G0 X176.316 Y167.62
G0 X176.201 Y167.734
G1 F1800 X176.121 Y167.532 E222.62713
G0 F9000 X176.19 Y167.47
G0 X175.175 Y164.89
G0 X174.959 Y163.719
G0 X174.953 Y162.737
G0 X175.179 Y161.434
G0 X176.19 Y158.826
G0 X176.177 Y158.707
G1 F1800 X176.077 Y158.525 E222.63353
G0 F9000 X176.19 Y158.543
G0 X176.238 Y156.101
G0 X176.297 Y156.041
G1 F1800 X176.141 Y155.914 E222.64021
G0 F9000 X176.19 Y155.997
G0 X175.625 Y154.351
G0 X175.175 Y153.205
G0 X174.959 Y152.034
G0 X174.953 Y151.052
G0 X175.179 Y149.748
G0 X176.19 Y147.229
G0 X176.059 Y147.229
G1 F1800 X176.718 Y146.571 E222.65569
G0 F9000 X176.247 Y146.757
G1 F1800 X176.107 Y146.615 E222.66683
G0 F9000 X176.16 Y146.533
G0 X177.357 Y146.3
G0 X177.357 Y146.214
G1 F1800 X177.396 Y146.175 E222.66774
G0 F9000 X177.435 Y146.419
G1 F1800 X177.678 Y146.175 E222.67347
G1 F1440 E221.17347
;MESH:NONMESH
G0 F300 X177.678 Y146.175 Z2.2
G0 F9000 X177.677 Y146.302
G0 X176.648 Y147.177
G0 X175.834 Y148.25
G0 X175.276 Y149.452
G0 X174.991 Y150.627
G0 X174.936 Y151.659
G0 X175.096 Y152.902
G0 X175.476 Y154.043
G0 X177.372 Y158.197
G0 X176.359 Y159.192
G0 X175.69 Y160.187
G0 X175.179 Y161.434
G0 X174.953 Y162.737
G0 X174.987 Y163.996
G0 X175.261 Y165.166
G0 X177.372 Y169.882
G0 X176.359 Y170.877
G0 X175.69 Y171.872
G0 X175.179 Y173.119
G0 X174.953 Y174.423
G0 X174.987 Y175.681
G0 X175.261 Y176.851
G0 X177.372 Y181.567
G0 X176.359 Y182.562
G0 X175.69 Y183.558
G0 X175.179 Y184.804
G0 X174.953 Y186.108
G0 X174.987 Y187.366
G0 X175.261 Y188.536
G0 X177.372 Y193.253
G0 X176.361 Y194.247
G0 X175.69 Y195.243
G0 X175.179 Y196.488
G0 X174.953 Y197.793
G0 X174.987 Y199.051
G0 X175.261 Y200.221
G0 X175.751 Y201.333
G0 X176.264 Y202.072
G0 X177.641 Y203.628
;TIME_ELAPSED:384.530572
;LAYER:10
;TYPE:WALL-INNER
;MESH:Vertical_Tension_Member.stl
G1 F1440 E222.67347
G1 F1800 X177.167 Y203.626 E222.68924
G1 X177.146 Y203.626 E222.68993
G1 X171.033 Y203.589 E222.89326
G1 X170.66 Y203.589 E222.90566
G1 X170.661 Y146.565 E224.80229
G1 X170.661 Y146.365 E224.80894
G1 X170.861 Y146.366 E224.81324
G1 X176.797 Y146.396 E225.01067
G1 X176.941 Y146.396 E225.01546
G1 X177.141 Y146.398 E225.02212
G1 X177.265 Y146.399 E225.02624
G1 X177.141 Y146.502 E225.02772
G1 X176.94 Y146.682 E225.03296
G1 X176.834 Y146.779 E225.0371
G1 X176.728 Y146.876 E225.04188
G1 X176.502 Y147.105 E225.05258
G1 X176.297 Y147.342 E225.06301
G1 X176.075 Y147.611 E225.07461
G1 X175.869 Y147.904 E225.08652
G1 X175.637 Y148.272 E225.10099
G1 X175.503 Y148.522 E225.11042
G1 X175.333 Y148.872 E225.12336
G1 X175.219 Y149.147 E225.13327
G1 X175.114 Y149.445 E225.14377
G1 X175.026 Y149.73 E225.1537
G1 X174.932 Y150.09 E225.16607
G1 X174.858 Y150.481 E225.17931
G1 X174.812 Y150.815 E225.19052
G1 X174.789 Y151.131 E225.20106
G1 X174.777 Y151.524 E225.21414
G1 X174.789 Y151.811 E225.22369
G1 X174.813 Y152.157 E225.23523
G1 X174.855 Y152.496 E225.24659
G1 X174.953 Y152.987 E225.26324
G1 X175.041 Y153.317 E225.2746
G1 X175.202 Y153.79 E225.29122
G1 X175.332 Y154.105 E225.30255
G1 X175.455 Y154.357 E225.31188
G1 X175.592 Y154.62 E225.32174
G1 X175.752 Y154.895 E225.33232
G1 X175.932 Y155.168 E225.3432
G1 X176.109 Y155.412 E225.35322
G1 X176.296 Y155.642 E225.36308
G1 X176.507 Y155.879 E225.37364
G1 X176.729 Y156.108 E225.38425
G1 X176.983 Y156.342 E225.39573
G1 X177.218 Y156.545 E225.40606
G1 X177.455 Y156.736 E225.41619
G1 X177.697 Y156.936 E225.42663
G1 X177.922 Y157.148 E225.43691
G1 X178.026 Y157.245 E225.44164
G1 X178.096 Y157.341 E225.44559
G1 X177.997 Y157.443 E225.45032
G1 X177.84 Y157.604 E225.4578
G1 X177.644 Y157.774 E225.46643
G1 X177.402 Y157.969 E225.47676
G1 X177.165 Y158.167 E225.48704
G1 X176.781 Y158.508 E225.50412
G1 X176.539 Y158.749 E225.51548
G1 X176.354 Y158.96 E225.52481
G1 X176.166 Y159.185 E225.53456
G1 X175.973 Y159.441 E225.54523
G1 X175.801 Y159.7 E225.55557
G1 X175.638 Y159.957 E225.56569
G1 X175.503 Y160.207 E225.57514
G1 X175.333 Y160.558 E225.58811
G1 X175.219 Y160.832 E225.59798
G1 X175.114 Y161.13 E225.60849
G1 X175.026 Y161.415 E225.61841
G1 X174.932 Y161.776 E225.63082
G1 X174.858 Y162.166 E225.64402
G1 X174.812 Y162.5 E225.65523
G1 X174.789 Y162.817 E225.6658
G1 X174.777 Y163.21 E225.67888
G1 X174.789 Y163.496 E225.6884
G1 X174.813 Y163.842 E225.69994
G1 X174.855 Y164.181 E225.7113
G1 X174.953 Y164.672 E225.72795
G1 X175.041 Y165.002 E225.73931
G1 X175.202 Y165.475 E225.75593
G1 X175.332 Y165.79 E225.76726
G1 X175.455 Y166.042 E225.77659
G1 X175.592 Y166.305 E225.78645
G1 X175.752 Y166.58 E225.79704
G1 X175.932 Y166.853 E225.80791
G1 X176.109 Y167.097 E225.81794
G1 X176.296 Y167.327 E225.8278
G1 X176.507 Y167.564 E225.83835
G1 X176.729 Y167.792 E225.84894
G1 X176.941 Y167.989 E225.85856
G1 X177.216 Y168.229 E225.8707
G1 X177.455 Y168.421 E225.8809
G1 X177.697 Y168.621 E225.89134
G1 X177.921 Y168.832 E225.90157
G1 X178.023 Y168.927 E225.90621
G1 X178.095 Y169.027 E225.91031
G1 X177.998 Y169.127 E225.91494
G1 X177.84 Y169.289 E225.92247
G1 X177.644 Y169.459 E225.9311
G1 X177.402 Y169.654 E225.94144
G1 X177.14 Y169.873 E225.95279
G1 X176.939 Y170.052 E225.96175
G1 X176.728 Y170.247 E225.9713
G1 X176.502 Y170.475 E225.98198
G1 X176.297 Y170.712 E225.9924
G1 X176.106 Y170.942 E226.00234
G1 X175.937 Y171.175 E226.01192
G1 X175.726 Y171.498 E226.02475
G1 X175.575 Y171.755 E226.03466
G1 X175.432 Y172.037 E226.04518
G1 X175.306 Y172.309 E226.05515
G1 X175.167 Y172.654 E226.06752
G1 X175.042 Y173.032 E226.08076
G1 X174.954 Y173.359 E226.09203
G1 X174.891 Y173.668 E226.10252
G1 X174.826 Y174.057 E226.11563
G1 X174.803 Y174.343 E226.12518
G1 X174.781 Y174.686 E226.13661
G1 X174.779 Y175.029 E226.14802
G1 X174.799 Y175.342 E226.15845
G1 X174.827 Y175.655 E226.1689
G1 X174.876 Y175.973 E226.1796
G1 X174.953 Y176.358 E226.19266
G1 X175.041 Y176.687 E226.20399
G1 X175.202 Y177.16 E226.22061
G1 X175.332 Y177.475 E226.23194
G1 X175.455 Y177.727 E226.24127
G1 X175.592 Y177.99 E226.25113
G1 X175.752 Y178.265 E226.26171
G1 X175.932 Y178.537 E226.27256
G1 X176.109 Y178.783 E226.28264
G1 X176.296 Y179.012 E226.29247
G1 X176.507 Y179.251 E226.30308
G1 X176.73 Y179.478 E226.31366
G1 X176.94 Y179.673 E226.32319
G1 X177.216 Y179.914 E226.33538
G1 X177.455 Y180.106 E226.34558
G1 X177.697 Y180.306 E226.35602
G1 X177.922 Y180.518 E226.3663
G1 X178.024 Y180.614 E226.37096
G1 X178.095 Y180.711 E226.37496
G1 X177.997 Y180.812 E226.37964
G1 X177.832 Y180.981 E226.38749
G1 X177.642 Y181.146 E226.39586
G1 X177.387 Y181.353 E226.40679
G1 X177.14 Y181.558 E226.41746
G1 X176.94 Y181.737 E226.42639
G1 X176.728 Y181.932 E226.43597
G1 X176.502 Y182.161 E226.44667
G1 X176.298 Y182.396 E226.45702
G1 X176.106 Y182.627 E226.46701
G1 X175.937 Y182.86 E226.47659
G1 X175.726 Y183.183 E226.48942
G1 X175.575 Y183.44 E226.49933
G1 X175.432 Y183.723 E226.50988
G1 X175.306 Y183.995 E226.51985
G1 X175.167 Y184.34 E226.53222
G1 X175.042 Y184.717 E226.54543
G1 X174.954 Y185.044 E226.55669
G1 X174.891 Y185.353 E226.56718
G1 X174.826 Y185.742 E226.5803
G1 X174.803 Y186.028 E226.58984
G1 X174.781 Y186.371 E226.60127
G1 X174.779 Y186.714 E226.61268
G1 X174.799 Y187.027 E226.62311
G1 X174.827 Y187.34 E226.63357
G1 X174.876 Y187.658 E226.64427
G1 X174.953 Y188.042 E226.65729
G1 X175.041 Y188.373 E226.66869
G1 X175.202 Y188.844 E226.68524
G1 X175.331 Y189.161 E226.69662
G1 X175.456 Y189.414 E226.70601
G1 X175.591 Y189.675 E226.71578
G1 X175.752 Y189.95 E226.72638
G1 X175.932 Y190.222 E226.73723
G1 X176.109 Y190.468 E226.74731
G1 X176.296 Y190.697 E226.75714
G1 X176.507 Y190.936 E226.76775
G1 X176.73 Y191.163 E226.77833
G1 X176.94 Y191.358 E226.78786
G1 X177.216 Y191.598 E226.80003
G1 X177.452 Y191.789 E226.81013
G1 X177.724 Y192.016 E226.82191
G1 X177.88 Y192.157 E226.8289
G1 X177.932 Y192.204 E226.83123
G1 X178.069 Y192.358 E226.83809
G1 X178.096 Y192.389 E226.83946
G1 X178.071 Y192.429 E226.84103
G1 X178.022 Y192.478 E226.84333
G1 X177.882 Y192.621 E226.84999
G1 X177.851 Y192.648 E226.85135
G1 X177.698 Y192.784 E226.85816
G1 X177.142 Y193.242 E226.88212
G1 X176.94 Y193.422 E226.89112
G1 X176.728 Y193.617 E226.9007
G1 X176.502 Y193.846 E226.9114
G1 X176.297 Y194.083 E226.92182
G1 X176.076 Y194.351 E226.93338
G1 X175.869 Y194.644 E226.94531
G1 X175.637 Y195.013 E226.95981
G1 X175.503 Y195.263 E226.96924
G1 X175.333 Y195.613 E226.98218
G1 X175.219 Y195.888 E226.99208
G1 X175.114 Y196.185 E227.00256
G1 X175.026 Y196.47 E227.01248
G1 X174.932 Y196.831 E227.02489
G1 X174.858 Y197.222 E227.03813
G1 X174.812 Y197.556 E227.04934
G1 X174.789 Y197.872 E227.05988
G1 X174.777 Y198.265 E227.07295
G1 X174.789 Y198.552 E227.08251
G1 X174.813 Y198.897 E227.09401
G1 X174.855 Y199.236 E227.10537
G1 X174.953 Y199.728 E227.12206
G1 X175.041 Y200.058 E227.13342
G1 X175.202 Y200.531 E227.15004
G1 X175.332 Y200.846 E227.16137
G1 X175.455 Y201.098 E227.1707
G1 X175.592 Y201.361 E227.18056
G1 X175.752 Y201.636 E227.19114
G1 X175.932 Y201.909 E227.20202
G1 X176.109 Y202.153 E227.21204
G1 X176.296 Y202.382 E227.22188
G1 X176.507 Y202.621 E227.23248
G1 X176.73 Y202.848 E227.24306
G1 X176.94 Y203.043 E227.2526
G1 X177.154 Y203.23 E227.26205
G1 X177.169 Y203.243 E227.26269
G1 X177.641 Y203.628 E227.27411
G0 F9000 X178.101 Y203.796
G0 X178.689 Y204.034
;TYPE:WALL-OUTER
G1 F1800 X171.032 Y203.989 E227.52879
G1 X170.26 Y203.989 E227.55447
G1 X170.261 Y145.963 E229.48442
G1 X175.384 Y145.988 E229.65481
G1 X178.364 Y146.006 E229.75393
G1 X178.091 Y146.246 E229.76602
G1 X177.659 Y146.593 E229.78445
G1 X177.402 Y146.805 E229.79553
G1 X177.209 Y146.978 E229.80415
G1 X177.006 Y147.164 E229.81331
G1 X176.796 Y147.377 E229.82326
G1 X176.602 Y147.6 E229.83309
G1 X176.394 Y147.853 E229.84398
G1 X176.202 Y148.126 E229.85508
G1 X175.983 Y148.474 E229.86876
G1 X175.859 Y148.704 E229.87745
G1 X175.698 Y149.036 E229.88972
G1 X175.593 Y149.29 E229.89886
G1 X175.494 Y149.57 E229.90874
G1 X175.411 Y149.84 E229.91814
G1 X175.322 Y150.178 E229.92976
G1 X175.253 Y150.545 E229.94218
G1 X175.21 Y150.857 E229.95266
G1 X175.189 Y151.152 E229.96249
G1 X175.177 Y151.522 E229.97481
G1 X175.188 Y151.789 E229.98369
G1 X175.211 Y152.118 E229.99466
G1 X175.25 Y152.432 E230.00519
G1 X175.343 Y152.896 E230.02093
G1 X175.424 Y153.201 E230.03142
G1 X175.577 Y153.649 E230.04717
G1 X175.697 Y153.941 E230.05767
G1 X175.812 Y154.177 E230.0664
G1 X175.942 Y154.427 E230.07577
G1 X176.092 Y154.684 E230.08567
G1 X176.261 Y154.94 E230.09587
G1 X176.426 Y155.168 E230.10523
G1 X176.601 Y155.383 E230.11445
G1 X176.8 Y155.607 E230.12442
G1 X177.008 Y155.821 E230.13434
G1 X177.25 Y156.044 E230.14529
G1 X177.474 Y156.238 E230.15515
G1 X177.711 Y156.428 E230.16525
G1 X177.953 Y156.629 E230.17571
G1 X178.154 Y156.806 E230.18462
G1 X178.332 Y156.987 E230.19306
G1 X178.57 Y157.311 E230.20643
G1 X178.447 Y157.548 E230.21532
G1 X178.287 Y157.728 E230.22333
G1 X178.102 Y157.906 E230.23186
G1 X177.904 Y158.078 E230.24059
G1 X177.656 Y158.278 E230.25118
G1 X177.426 Y158.47 E230.26115
G1 X177.055 Y158.799 E230.27764
G1 X176.831 Y159.023 E230.28818
G1 X176.658 Y159.22 E230.2969
G1 X176.479 Y159.434 E230.30618
G1 X176.3 Y159.672 E230.31608
G1 X176.136 Y159.918 E230.32592
G1 X175.983 Y160.159 E230.33541
G1 X175.859 Y160.389 E230.3441
G1 X175.698 Y160.722 E230.3564
G1 X175.593 Y160.975 E230.36551
G1 X175.494 Y161.255 E230.37539
G1 X175.411 Y161.525 E230.38479
G1 X175.322 Y161.864 E230.39644
G1 X175.253 Y162.23 E230.40883
G1 X175.21 Y162.542 E230.41931
G1 X175.189 Y162.838 E230.42918
G1 X175.177 Y163.208 E230.44149
G1 X175.188 Y163.474 E230.45034
G1 X175.211 Y163.803 E230.46131
G1 X175.25 Y164.117 E230.47184
G1 X175.343 Y164.581 E230.48758
G1 X175.424 Y164.886 E230.49807
G1 X175.577 Y165.334 E230.51382
G1 X175.697 Y165.626 E230.52432
G1 X175.812 Y165.862 E230.53305
G1 X175.942 Y166.112 E230.54242
G1 X176.092 Y166.369 E230.55232
G1 X176.261 Y166.625 E230.56252
G1 X176.426 Y166.853 E230.57188
G1 X176.601 Y167.068 E230.5811
G1 X176.8 Y167.292 E230.59107
G1 X177.008 Y167.506 E230.601
G1 X177.208 Y167.691 E230.61006
G1 X177.473 Y167.922 E230.62175
G1 X177.711 Y168.113 E230.6319
G1 X177.953 Y168.314 E230.64236
G1 X178.154 Y168.491 E230.65127
G1 X178.332 Y168.672 E230.65971
G1 X178.571 Y169.001 E230.67324
G1 X178.447 Y169.233 E230.68199
G1 X178.287 Y169.413 E230.69
G1 X178.102 Y169.591 E230.69854
G1 X177.904 Y169.763 E230.70726
G1 X177.656 Y169.963 E230.71786
G1 X177.401 Y170.176 E230.72891
G1 X177.208 Y170.348 E230.73751
G1 X177.006 Y170.535 E230.74666
G1 X176.796 Y170.747 E230.75659
G1 X176.602 Y170.971 E230.76644
G1 X176.422 Y171.188 E230.77582
G1 X176.266 Y171.402 E230.78463
G1 X176.066 Y171.709 E230.79681
G1 X175.926 Y171.947 E230.806
G1 X175.792 Y172.212 E230.81588
G1 X175.673 Y172.468 E230.82526
G1 X175.543 Y172.792 E230.83688
G1 X175.425 Y173.147 E230.84932
G1 X175.343 Y173.451 E230.85979
G1 X175.284 Y173.741 E230.86963
G1 X175.223 Y174.106 E230.88194
G1 X175.202 Y174.372 E230.89082
G1 X175.181 Y174.7 E230.90175
G1 X175.179 Y175.017 E230.91229
G1 X175.198 Y175.312 E230.92212
G1 X175.224 Y175.607 E230.93197
G1 X175.27 Y175.903 E230.94194
G1 X175.343 Y176.267 E230.95429
G1 X175.424 Y176.571 E230.96475
G1 X175.577 Y177.019 E230.98049
G1 X175.697 Y177.311 E230.99099
G1 X175.812 Y177.547 E230.99973
G1 X175.942 Y177.797 E231.0091
G1 X176.092 Y178.054 E231.019
G1 X176.261 Y178.31 E231.0292
G1 X176.426 Y178.539 E231.03859
G1 X176.601 Y178.753 E231.04778
G1 X176.8 Y178.978 E231.05777
G1 X177.009 Y179.191 E231.0677
G1 X177.208 Y179.376 E231.07673
G1 X177.473 Y179.607 E231.08843
G1 X177.711 Y179.798 E231.09858
G1 X177.953 Y179.999 E231.10904
G1 X178.154 Y180.176 E231.11795
G1 X178.332 Y180.357 E231.12639
G1 X178.57 Y180.682 E231.13979
G1 X178.45 Y180.914 E231.14848
G1 X178.276 Y181.11 E231.15719
G1 X178.109 Y181.27 E231.16489
G1 X177.904 Y181.448 E231.17392
G1 X177.641 Y181.662 E231.18519
G1 X177.401 Y181.861 E231.19556
G1 X177.209 Y182.033 E231.20414
G1 X177.006 Y182.22 E231.21332
G1 X176.796 Y182.433 E231.22326
G1 X176.603 Y182.655 E231.23305
G1 X176.422 Y182.873 E231.24247
G1 X176.266 Y183.087 E231.25128
G1 X176.066 Y183.394 E231.26347
G1 X175.926 Y183.632 E231.27265
G1 X175.792 Y183.897 E231.28253
G1 X175.673 Y184.154 E231.29195
G1 X175.543 Y184.478 E231.30356
G1 X175.425 Y184.832 E231.31597
G1 X175.343 Y185.136 E231.32644
G1 X175.284 Y185.426 E231.33629
G1 X175.223 Y185.791 E231.34859
G1 X175.202 Y186.057 E231.35747
G1 X175.181 Y186.385 E231.3684
G1 X175.179 Y186.702 E231.37894
G1 X175.198 Y186.997 E231.38878
G1 X175.224 Y187.292 E231.39863
G1 X175.27 Y187.588 E231.40859
G1 X175.343 Y187.951 E231.4209
G1 X175.424 Y188.257 E231.43143
G1 X175.577 Y188.704 E231.44715
G1 X175.696 Y188.997 E231.45766
G1 X175.813 Y189.233 E231.46643
G1 X175.942 Y189.482 E231.47575
G1 X176.092 Y189.739 E231.48565
G1 X176.261 Y189.995 E231.49585
G1 X176.426 Y190.224 E231.50524
G1 X176.601 Y190.438 E231.51443
G1 X176.8 Y190.663 E231.52443
G1 X177.009 Y190.876 E231.53435
G1 X177.208 Y191.061 E231.54339
G1 X177.473 Y191.292 E231.55508
G1 X177.708 Y191.482 E231.56513
G1 X177.992 Y191.719 E231.57743
G1 X178.2 Y191.907 E231.58676
G1 X178.38 Y192.09 E231.5953
G1 X178.568 Y192.388 E231.60702
G1 X178.386 Y192.68 E231.61846
G1 X178.165 Y192.904 E231.62893
G1 X177.952 Y193.093 E231.6384
G1 X177.402 Y193.546 E231.6621
G1 X177.209 Y193.718 E231.67069
G1 X177.006 Y193.905 E231.67987
G1 X176.796 Y194.118 E231.68982
G1 X176.602 Y194.341 E231.69965
G1 X176.394 Y194.594 E231.71055
G1 X176.202 Y194.866 E231.72162
G1 X175.983 Y195.214 E231.7353
G1 X175.859 Y195.445 E231.74402
G1 X175.698 Y195.777 E231.75629
G1 X175.593 Y196.031 E231.76543
G1 X175.494 Y196.311 E231.77531
G1 X175.411 Y196.58 E231.78467
G1 X175.322 Y196.919 E231.79633
G1 X175.253 Y197.286 E231.80875
G1 X175.21 Y197.598 E231.81922
G1 X175.189 Y197.893 E231.82906
G1 X175.177 Y198.263 E231.84137
G1 X175.188 Y198.53 E231.85026
G1 X175.211 Y198.858 E231.8612
G1 X175.25 Y199.172 E231.87172
G1 X175.343 Y199.637 E231.88749
G1 X175.424 Y199.942 E231.89799
G1 X175.577 Y200.39 E231.91374
G1 X175.697 Y200.682 E231.92424
G1 X175.812 Y200.918 E231.93297
G1 X175.942 Y201.168 E231.94234
G1 X176.092 Y201.425 E231.95224
G1 X176.261 Y201.681 E231.96244
G1 X176.426 Y201.909 E231.9718
G1 X176.601 Y202.123 E231.98099
G1 X176.8 Y202.348 E231.99099
G1 X177.009 Y202.561 E232.00091
G1 X177.208 Y202.746 E232.00995
G1 X177.427 Y202.937 E232.01961
G1 X178.147 Y203.524 E232.05051
G1 X178.355 Y203.707 E232.05972
G1 X178.549 Y203.886 E232.0685
G1 X178.689 Y204.034 E232.07528
G0 F9000 X178.101 Y203.796
G0 X172.304 Y203.415
G0 X172.231 Y202.139
G0 X172.45 Y202.139
;TYPE:FILL
G1 F3600 X170.739 Y202.597 E232.13419
G0 F9000 X170.74 Y202.482
G1 F3600 X171.77 Y203.512 E232.18264
G0 F9000 X176.394 Y203.438
G0 X176.382 Y202.737
G0 X174.643 Y198.914
G0 X175.267 Y196.236
G0 X175.776 Y195.093
G0 X176.14 Y194.58
G0 X177.806 Y192.578
G1 F3600 X176.245 Y191.017 E232.25606
G1 F1440 E230.75606
G0 F9000 X176.35 Y190.925
G0 X176.377 Y193.73
G0 X174.642 Y197.538
G0 X175.607 Y201.726
G0 X176.399 Y202.81
G0 X176.394 Y203.438
G0 X172.304 Y203.415
G0 X172.231 Y189.715
G0 X172.451 Y189.715
G1 F1440 E232.25606
G1 F3600 X170.74 Y190.174 E232.31498
G0 F9000 X172.231 Y187.223
G0 X172.452 Y187.223
G1 F3600 X170.74 Y185.511 E232.39551
G0 F9000 X170.739 Y184.889
G1 F3600 X172.451 Y178.502 E232.61544
G0 F9000 X172.231 Y178.502
G0 X172.231 Y177.292
G0 X172.45 Y177.292
G1 F3600 X170.74 Y177.75 E232.67432
G0 F9000 X172.231 Y170.252
G0 X172.451 Y170.252
G1 F3600 X170.74 Y168.541 E232.7548
G0 F9000 X170.74 Y165.327
G1 F3600 X172.45 Y164.869 E232.81368
G1 F1440 E231.31368
G0 F9000 X172.231 Y164.869
G0 X172.303 Y146.555
G0 X176.395 Y146.576
G0 X176.377 Y146.989
G0 X174.642 Y150.797
G0 X175.607 Y154.985
G0 X176.399 Y156.069
G0 X177.2 Y158.031
G1 F1440 E232.81368
G1 F3600 X176.256 Y157.086 E232.85811
G0 F9000 X176.468 Y157.086
G0 X176.382 Y155.995
G0 X174.643 Y152.174
G0 X175.489 Y148.186
G0 X176.399 Y146.911
G0 X176.395 Y146.576
G0 X172.303 Y146.555
G0 X172.231 Y153.281
G0 X172.451 Y153.281
G1 F3600 X170.74 Y151.57 E232.93859
G0 F9000 X170.741 Y152.903
G1 F3600 X172.45 Y152.446 E232.99743
G0 F9000 X172.231 Y152.446
G0 X172.303 Y146.555
G0 X176.395 Y146.576
G0 X176.377 Y146.989
G0 X174.973 Y150.073
G0 X174.703 Y152.168
G0 X174.425 Y152.194
;TYPE:SKIN
G1 F1800 X174.469 Y152.558 E233.00962
G1 X174.573 Y153.075 E233.02716
G1 X174.667 Y153.43 E233.03938
G1 X174.837 Y153.927 E233.05685
G1 X174.977 Y154.265 E233.06902
G1 X175.106 Y154.532 E233.07888
G1 X175.251 Y154.809 E233.08928
G1 X175.42 Y155.1 E233.10047
G1 X175.611 Y155.39 E233.11202
G1 X175.799 Y155.65 E233.12269
G1 X175.999 Y155.895 E233.13321
G1 X176.187 Y156.106 E233.14261
G1 X176.188 Y158.558 E233.22416
G1 X176.058 Y158.706 E233.23071
G1 X175.86 Y158.943 E233.24099
G1 X175.655 Y159.215 E233.25231
G1 X175.474 Y159.487 E233.26318
G1 X175.301 Y159.76 E233.27393
G1 X175.156 Y160.03 E233.28412
G1 X174.978 Y160.398 E233.29772
G1 X174.855 Y160.692 E233.30832
G1 X174.743 Y161.008 E233.31947
G1 X174.651 Y161.308 E233.32991
G1 X174.552 Y161.69 E233.34303
G1 X174.473 Y162.103 E233.35702
G1 X174.424 Y162.459 E233.36897
G1 X174.399 Y162.797 E233.38024
G1 X174.387 Y163.212 E233.39405
G1 X174.399 Y163.518 E233.40424
G1 X174.425 Y163.879 E233.41628
G1 X174.469 Y164.243 E233.42847
G1 X174.573 Y164.76 E233.44601
G1 X174.667 Y165.115 E233.45822
G1 X174.837 Y165.612 E233.4757
G1 X174.977 Y165.95 E233.48786
G1 X175.106 Y166.217 E233.49773
G1 X175.251 Y166.494 E233.50813
G1 X175.42 Y166.785 E233.51932
G1 X175.611 Y167.075 E233.53087
G1 X175.799 Y167.335 E233.54154
G1 X175.999 Y167.58 E233.55206
G1 X176.187 Y167.79 E233.56143
G1 X176.188 Y170.242 E233.64299
G1 X175.999 Y170.46 E233.65258
G1 X175.798 Y170.702 E233.66305
G1 X175.615 Y170.954 E233.6734
G1 X175.395 Y171.293 E233.68685
G1 X175.232 Y171.568 E233.69748
G1 X175.081 Y171.867 E233.70862
G1 X174.948 Y172.154 E233.71914
G1 X174.801 Y172.52 E233.73226
G1 X174.668 Y172.92 E233.74628
G1 X174.574 Y173.269 E233.7583
G1 X174.507 Y173.597 E233.76943
G1 X174.438 Y174.009 E233.78333
G1 X174.414 Y174.315 E233.79354
G1 X174.391 Y174.672 E233.80544
G1 X174.389 Y175.041 E233.81771
G1 X174.411 Y175.371 E233.82871
G1 X174.439 Y175.702 E233.83976
G1 X174.492 Y176.041 E233.85117
G1 X174.573 Y176.446 E233.86491
G1 X174.668 Y176.8 E233.8771
G1 X174.837 Y177.297 E233.89456
G1 X174.977 Y177.635 E233.90673
G1 X175.106 Y177.902 E233.91659
G1 X175.251 Y178.179 E233.92699
G1 X175.42 Y178.471 E233.93821
G1 X175.611 Y178.759 E233.9497
G1 X175.799 Y179.021 E233.96043
G1 X175.999 Y179.264 E233.9709
G1 X176.187 Y179.477 E233.98034
G1 X176.188 Y181.928 E234.06187
G1 X176.001 Y182.144 E234.07137
G1 X175.798 Y182.387 E234.0819
G1 X175.615 Y182.639 E234.09226
G1 X175.395 Y182.978 E234.1057
G1 X175.232 Y183.253 E234.11633
G1 X175.081 Y183.553 E234.1275
G1 X174.948 Y183.84 E234.13802
G1 X174.801 Y184.205 E234.15111
G1 X174.668 Y184.604 E234.1651
G1 X174.574 Y184.954 E234.17715
G1 X174.507 Y185.282 E234.18829
G1 X174.438 Y185.694 E234.20218
G1 X174.414 Y186 E234.21239
G1 X174.391 Y186.357 E234.22429
G1 X174.389 Y186.726 E234.23656
G1 X174.411 Y187.056 E234.24756
G1 X174.439 Y187.387 E234.25861
G1 X174.492 Y187.726 E234.27002
G1 X174.573 Y188.13 E234.28373
G1 X174.668 Y188.486 E234.29598
G1 X174.837 Y188.98 E234.31335
G1 X174.975 Y189.321 E234.32558
G1 X175.108 Y189.59 E234.33556
G1 X175.249 Y189.863 E234.34578
G1 X175.421 Y190.156 E234.35708
G1 X175.611 Y190.444 E234.36856
G1 X175.799 Y190.706 E234.37928
G1 X175.999 Y190.949 E234.38975
G1 X176.187 Y191.162 E234.3992
G1 X176.188 Y193.613 E234.48072
G1 X175.999 Y193.831 E234.49032
G1 X175.766 Y194.115 E234.50254
G1 X175.545 Y194.427 E234.51525
G1 X175.3 Y194.816 E234.53054
G1 X175.156 Y195.086 E234.54072
G1 X174.978 Y195.453 E234.55429
G1 X174.855 Y195.748 E234.56492
G1 X174.744 Y196.062 E234.576
G1 X174.651 Y196.363 E234.58647
G1 X174.552 Y196.745 E234.5996
G1 X174.473 Y197.159 E234.61362
G1 X174.424 Y197.515 E234.62557
G1 X174.399 Y197.852 E234.63681
G1 X174.387 Y198.267 E234.65062
G1 X174.399 Y198.574 E234.66084
G1 X174.425 Y198.934 E234.67284
G1 X174.469 Y199.298 E234.68504
G1 X174.573 Y199.816 E234.70261
G1 X174.667 Y200.171 E234.71482
G1 X174.837 Y200.668 E234.73229
G1 X174.977 Y201.006 E234.74446
G1 X175.106 Y201.273 E234.75432
G1 X175.251 Y201.55 E234.76472
G1 X175.42 Y201.841 E234.77592
G1 X175.611 Y202.131 E234.78746
G1 X175.8 Y202.391 E234.79816
G1 X175.999 Y202.634 E234.8086
G1 X176.187 Y202.847 E234.81805
G1 X176.186 Y203.23 E234.83079
G1 X172.522 Y203.208 E234.95266
G1 X172.521 Y146.765 E236.82996
G1 X176.187 Y146.783 E236.95189
G1 X176.187 Y146.873 E236.95489
G1 X175.999 Y147.09 E236.96444
G1 X175.765 Y147.375 E236.9767
G1 X175.544 Y147.688 E236.98944
G1 X175.3 Y148.075 E237.00466
G1 X175.156 Y148.345 E237.01484
G1 X174.978 Y148.712 E237.0284
G1 X174.855 Y149.007 E237.03903
G1 X174.743 Y149.323 E237.05019
G1 X174.651 Y149.623 E237.06062
G1 X174.552 Y150.004 E237.07372
G1 X174.473 Y150.418 E237.08773
G1 X174.424 Y150.774 E237.09969
G1 X174.399 Y151.111 E237.11093
G1 X174.387 Y151.526 E237.12473
G1 X174.399 Y151.833 E237.13495
G1 X174.425 Y152.194 E237.14699
G0 F9000 X174.703 Y152.168
G0 X175.181 Y149.775
G0 X175.312 Y149.441
G0 X176.198 Y147.288
G0 X175.858 Y147.008
G1 F1800 X175.79 Y146.941 E237.15017
G0 F9000 X175.607 Y147.322
G1 F1800 X175.222 Y146.938 E237.16825
G0 F9000 X174.654 Y146.936
G1 F1800 X175.375 Y147.656 E237.20214
G0 F9000 X175.156 Y148.003
G1 F1800 X174.086 Y146.933 E237.25247
G0 F9000 X173.517 Y146.93
G1 F1800 X174.962 Y148.375 E237.32044
G0 F9000 X174.783 Y148.761
G1 F1800 X172.949 Y146.927 E237.40671
G0 F9000 X172.68 Y147.224
G1 F1800 X174.627 Y149.171 E237.49829
G0 F9000 X174.491 Y149.601
G1 F1800 X172.68 Y147.79 E237.58347
G0 F9000 X172.68 Y148.355
G1 F1800 X174.378 Y150.054 E237.66336
G0 F9000 X174.295 Y150.536
G1 F1800 X172.68 Y148.921 E237.73933
G0 F9000 X172.68 Y149.487
G1 F1800 X174.242 Y151.049 E237.8128
G0 F9000 X174.228 Y151.601
G1 F1800 X172.68 Y150.053 E237.88561
G0 F9000 X172.68 Y150.618
G1 F1800 X174.265 Y152.203 E237.96017
G0 F9000 X174.368 Y152.872
G1 F1800 X172.68 Y151.184 E238.03956
G0 F9000 X172.68 Y151.75
G1 F1800 X174.568 Y153.638 E238.12837
G0 F9000 X174.986 Y153.497
G0 X175.351 Y154.397
G0 X174.954 Y154.589
G1 F1800 X172.68 Y152.315 E238.23533
G0 F9000 X172.68 Y152.881
G1 F1800 X176.027 Y156.228 E238.39276
G0 F9000 X176.027 Y156.793
G1 F1800 X172.68 Y153.447 E238.55017
G0 F9000 X172.68 Y154.012
G1 F1800 X176.027 Y157.359 E238.70761
G0 F9000 X176.027 Y157.925
G1 F1800 X172.68 Y154.578 E238.86504
G0 F9000 X172.68 Y155.144
G1 F1800 X176.027 Y158.49 E239.02245
G0 F9000 X175.771 Y158.8
G1 F1800 X172.68 Y155.709 E239.16784
G0 F9000 X172.68 Y156.275
G1 F1800 X175.525 Y159.12 E239.30166
G0 F9000 X175.3 Y159.461
G1 F1800 X172.68 Y156.841 E239.4249
G0 F9000 X172.68 Y157.406
G1 F1800 X175.089 Y159.816 E239.53823
G0 F9000 X174.9 Y160.192
G1 F1800 X172.68 Y157.972 E239.64265
G0 F9000 X172.68 Y158.538
G1 F1800 X174.726 Y160.583 E239.73887
G0 F9000 X174.576 Y161
G1 F1800 X172.68 Y159.103 E239.82807
G0 F9000 X172.68 Y159.669
G1 F1800 X174.451 Y161.44 E239.91137
G0 F9000 X174.347 Y161.902
G1 F1800 X172.68 Y160.235 E239.98979
G0 F9000 X172.68 Y160.801
G1 F1800 X174.272 Y162.392 E240.06464
G0 F9000 X174.234 Y162.92
G1 F1800 X172.68 Y161.366 E240.13774
G0 F9000 X172.68 Y161.932
G1 F1800 X174.236 Y163.488 E240.21093
G0 F9000 X174.291 Y164.108
G1 F1800 X172.68 Y162.498 E240.28668
G0 F9000 X172.68 Y163.063
G1 F1800 X174.418 Y164.801 E240.36843
G0 F9000 X174.67 Y165.619
G1 F1800 X172.68 Y163.629 E240.46204
G0 F9000 X172.68 Y164.195
G1 F1800 X175.185 Y166.7 E240.57986
G0 F9000 X175.566 Y166.48
G0 X176.399 Y167.754
G0 X176.027 Y168.107
G1 F1800 X172.68 Y164.76 E240.7373
G0 F9000 X172.68 Y165.326
G1 F1800 X176.027 Y168.673 E240.89473
G0 F9000 X176.027 Y169.238
G1 F1800 X172.68 Y165.892 E241.05214
G0 F9000 X172.68 Y166.457
G1 F1800 X176.027 Y169.804 E241.20957
G0 F9000 X175.94 Y170.283
G1 F1800 X172.68 Y167.023 E241.36291
G0 F9000 X172.68 Y167.589
G1 F1800 X175.682 Y170.59 E241.50409
G0 F9000 X175.446 Y170.921
G1 F1800 X172.68 Y168.154 E241.63422
G0 F9000 X172.68 Y168.72
G1 F1800 X175.225 Y171.265 E241.75393
G0 F9000 X175.022 Y171.628
G1 F1800 X172.68 Y169.286 E241.86409
G0 F9000 X172.68 Y169.851
G1 F1800 X174.837 Y172.009 E241.96557
G0 F9000 X174.672 Y172.409
G1 F1800 X172.68 Y170.417 E242.05927
G0 F9000 X172.68 Y170.983
G1 F1800 X174.528 Y172.831 E242.14619
G0 F9000 X174.408 Y173.277
G1 F1800 X172.68 Y171.549 E242.22747
G0 F9000 X172.68 Y172.114
G1 F1800 X174.318 Y173.752 E242.30452
G0 F9000 X174.258 Y174.258
G1 F1800 X172.68 Y172.68 E242.37874
G0 F9000 X172.68 Y173.246
G1 F1800 X174.23 Y174.796 E242.45165
G0 F9000 X174.253 Y175.384
G1 F1800 X172.68 Y173.811 E242.52564
G0 F9000 X172.68 Y174.377
G1 F1800 X174.328 Y176.025 E242.60316
G0 F9000 X174.491 Y176.754
G1 F1800 X172.68 Y174.943 E242.68834
G0 F9000 X172.681 Y175.509
G1 F1800 X174.801 Y177.63 E242.78808
G0 F9000 X175.207 Y177.463
G0 X175.894 Y178.674
G0 X175.536 Y178.93
G1 F1800 X172.681 Y176.075 E242.92237
G0 F9000 X172.681 Y176.64
G1 F1800 X176.027 Y179.987 E243.07978
G0 F9000 X176.027 Y180.553
G1 F1800 X172.681 Y177.206 E243.23719
G0 F9000 X172.681 Y177.772
G1 F1800 X176.027 Y181.119 E243.3946
G0 F9000 X176.027 Y181.684
G1 F1800 X172.681 Y178.337 E243.55201
G0 F9000 X172.681 Y178.903
G1 F1800 X175.85 Y182.072 E243.70107
G0 F9000 X175.598 Y182.386
G1 F1800 X172.681 Y179.469 E243.83828
G0 F9000 X172.681 Y180.035
G1 F1800 X175.37 Y182.724 E243.96476
G0 F9000 X175.152 Y183.072
G1 F1800 X172.681 Y180.6 E244.08101
G0 F9000 X172.681 Y181.166
G1 F1800 X174.957 Y183.442 E244.18807
G0 F9000 X174.779 Y183.83
G1 F1800 X172.681 Y181.732 E244.28675
G0 F9000 X172.681 Y182.297
G1 F1800 X174.62 Y184.237 E244.37798
G0 F9000 X174.484 Y184.667
G1 F1800 X172.681 Y182.863 E244.46281
G0 F9000 X172.681 Y183.429
G1 F1800 X174.376 Y185.124 E244.54254
G0 F9000 X174.291 Y185.604
G1 F1800 X172.681 Y183.994 E244.61827
G0 F9000 X172.681 Y184.56
G1 F1800 X174.245 Y186.125 E244.69186
G0 F9000 X174.229 Y186.674
G1 F1800 X172.681 Y185.126 E244.76467
G0 F9000 X172.681 Y185.691
G1 F1800 X174.27 Y187.28 E244.83941
G0 F9000 X174.373 Y187.95
G1 F1800 X172.681 Y186.257 E244.91902
G0 F9000 X172.681 Y186.823
G1 F1800 X174.581 Y188.723 E245.00839
G0 F9000 X174.996 Y188.582
G0 X175.369 Y189.483
G0 X174.977 Y189.685
G1 F1800 X172.681 Y187.388 E245.11641
G0 F9000 X172.681 Y187.954
G1 F1800 X176.027 Y191.301 E245.27382
G0 F9000 X176.027 Y191.867
G1 F1800 X172.681 Y188.52 E245.43123
G0 F9000 X172.681 Y189.086
G1 F1800 X176.027 Y192.432 E245.58862
G0 F9000 X176.027 Y192.998
G1 F1800 X172.681 Y189.651 E245.74602
G0 F9000 X172.681 Y190.217
G1 F1800 X176.022 Y193.559 E245.9032
G0 F9000 X175.763 Y193.865
G1 F1800 X172.681 Y190.783 E246.04817
G0 F9000 X172.681 Y191.348
G1 F1800 X175.519 Y194.187 E246.18168
G0 F9000 X175.293 Y194.527
G1 F1800 X172.681 Y191.914 E246.30456
G0 F9000 X172.681 Y192.48
G1 F1800 X175.083 Y194.882 E246.41755
G0 F9000 X174.894 Y195.259
G1 F1800 X172.681 Y193.045 E246.52166
G0 F9000 X172.681 Y193.611
G1 F1800 X174.721 Y195.652 E246.61764
G0 F9000 X174.574 Y196.07
G1 F1800 X172.681 Y194.177 E246.70668
G0 F9000 X172.681 Y194.742
G1 F1800 X174.448 Y196.509 E246.7898
G0 F9000 X174.345 Y196.973
G1 F1800 X172.681 Y195.308 E246.86809
G0 F9000 X172.681 Y195.874
G1 F1800 X174.27 Y197.463 E246.94283
G0 F9000 X174.235 Y197.994
G1 F1800 X172.681 Y196.439 E247.01595
G0 F9000 X172.681 Y197.005
G1 F1800 X174.238 Y198.562 E247.08919
G0 F9000 X174.294 Y199.184
G1 F1800 X172.681 Y197.571 E247.16506
G0 F9000 X172.681 Y198.136
G1 F1800 X174.425 Y199.881 E247.24711
G0 F9000 X174.68 Y200.701
G1 F1800 X172.681 Y198.702 E247.34114
G0 F9000 X172.681 Y199.268
G1 F1800 X175.21 Y201.797 E247.4601
G0 F9000 X175.59 Y201.578
G0 X176.399 Y202.81
G0 X176.394 Y203.438
G0 X175.343 Y203.504
G0 X175.345 Y203.064
G1 F1800 X172.681 Y200.399 E247.58543
G0 F9000 X172.681 Y199.834
G1 F1800 X175.914 Y203.067 E247.7375
G0 F9000 X175.912 Y203.507
G0 X174.774 Y203.5
G0 X174.776 Y203.06
G1 F1800 X172.681 Y200.965 E247.83604
G0 F9000 X172.681 Y201.531
G1 F1800 X174.207 Y203.057 E247.90782
G0 F9000 X173.637 Y203.053
G1 F1800 X172.681 Y202.096 E247.95281
G0 F9000 X172.681 Y202.662
G1 F1800 X173.068 Y203.049 E247.97101
G0 F9000 X173.066 Y203.491
G0 X176.394 Y203.438
G0 X176.466 Y202.924
G0 X176.336 Y202.923
;TYPE:SKIN
G1 F1800 X176.859 Y203.446 E247.98331
G0 F9000 X176.574 Y203.444
G1 F1800 X176.336 Y203.206 E247.98891
G0 F9000 X176.466 Y203.207
G0 X177.756 Y203.729
G0 X177.793 Y203.815
G1 F1800 X177.973 Y203.712 E247.99736
G0 F9000 X178.068 Y203.785
G0 X176.625 Y202.511
G0 X175.889 Y201.552
G0 X175.353 Y200.474
G0 X175.013 Y199.21
G0 X174.95 Y197.881
G0 X175.088 Y196.867
G0 X175.403 Y195.905
G0 X176.471 Y193.652
G0 X176.38 Y193.633
G1 F1800 X176.45 Y193.421 E248.00468
G0 F9000 X176.419 Y193.413
G0 X176.428 Y191.362
G0 X176.395 Y191.385
G1 F1800 X176.507 Y191.215 E248.01421
G0 F9000 X176.651 Y191.359
G0 X175.353 Y188.788
G0 X175.034 Y187.63
G0 X174.942 Y186.377
G0 X175.11 Y185.081
G0 X175.487 Y184.038
G0 X176.52 Y181.894
G0 X176.428 Y181.802
G1 F1800 X176.377 Y181.468 E248.01788
G1 X176.376 Y179.77 E248.03633
G1 X176.463 Y179.574 E248.03866
G0 F9000 X176.468 Y179.448
G0 X175.353 Y177.103
G0 X175.034 Y175.945
G0 X174.942 Y174.692
G0 X175.11 Y173.396
G0 X175.488 Y172.353
G0 X176.476 Y170.253
G0 X176.406 Y170.183
G1 F1800 X176.548 Y170.042 E248.04512
G0 F9000 X176.616 Y170.11
G0 X176.528 Y168.043
G1 F1800 X176.336 Y167.85 E248.04965
G0 F9000 X176.467 Y167.85
G0 X175.353 Y165.418
G0 X175.013 Y164.155
G0 X174.95 Y162.826
G0 X175.088 Y161.812
G0 X175.403 Y160.85
G0 X176.471 Y158.59
G0 X176.382 Y158.563
G1 F1800 X176.453 Y158.351 E248.05232
G1 X176.376 Y157.425 E248.06344
G1 X176.4 Y156.318 E248.07668
G1 X176.519 Y156.154 E248.07911
G0 F9000 X176.662 Y156.298
G0 X175.353 Y153.733
G0 X175.013 Y152.47
G0 X174.95 Y151.14
G0 X175.088 Y150.126
G0 X175.403 Y149.164
G0 X176.434 Y147.02
G0 X176.361 Y146.946
G1 F1800 X176.432 Y146.733 E248.08126
G1 X176.61 Y146.629 E248.08324
G1 X177.474 Y146.361 E248.09191
G0 F9000 X177.715 Y146.32
G1 F1800 X177.572 Y146.176 E248.09528
G1 F1440 E246.59528
;MESH:NONMESH
G0 F300 X177.572 Y146.176 Z2.4
G0 F9000 X177.571 Y146.301
G0 X176.419 Y147.446
G0 X175.776 Y148.353
G0 X175.267 Y149.495
G0 X174.972 Y150.832
G0 X174.973 Y152.14
G0 X175.194 Y153.27
G0 X175.732 Y154.543
G0 X177.504 Y158.093
G0 X176.476 Y159.064
G0 X175.776 Y160.038
G0 X175.267 Y161.18
G0 X174.972 Y162.517
G0 X174.973 Y163.825
G0 X175.194 Y164.955
G0 X175.732 Y166.228
G0 X177.504 Y169.778
G0 X176.419 Y170.817
G0 X175.715 Y171.832
G0 X175.195 Y173.078
G0 X174.964 Y174.356
G0 X174.986 Y175.635
G0 X175.195 Y176.64
G0 X175.732 Y177.913
G0 X177.489 Y181.477
G0 X176.421 Y182.5
G0 X175.715 Y183.517
G0 X175.195 Y184.763
G0 X174.964 Y186.041
G0 X174.986 Y187.32
G0 X175.194 Y188.326
G0 X175.732 Y189.597
G0 X177.632 Y193.056
G0 X176.62 Y193.955
G0 X176.003 Y194.733
G0 X175.369 Y195.945
G0 X175.017 Y197.248
G0 X174.949 Y198.543
G0 X175.11 Y199.691
G0 X175.478 Y200.78
G0 X176.064 Y201.817
G0 X177.647 Y203.628
;TIME_ELAPSED:431.096736
;LAYER:11
;TYPE:WALL-INNER
;MESH:Vertical_Tension_Member.stl
G1 F1440 E248.09528
G1 F1800 X177.593 Y203.628 E248.09708
G1 X177.089 Y203.625 E248.11384
G1 X171.054 Y203.589 E248.31457
G1 X170.662 Y203.589 E248.32761
G1 X170.663 Y146.565 E250.22424
G1 X170.663 Y146.365 E250.23089
G1 X170.863 Y146.365 E250.2352
G1 X173.055 Y146.375 E250.3081
G1 X176.779 Y146.397 E250.43197
G1 X177.089 Y146.398 E250.44228
G1 X177.274 Y146.4 E250.44843
G1 X177.089 Y146.553 E250.45107
G1 X176.861 Y146.762 E250.45842
G1 X176.667 Y146.94 E250.46718
G1 X176.417 Y147.204 E250.47927
G1 X176.157 Y147.519 E250.49286
G1 X175.965 Y147.774 E250.50347
G1 X175.797 Y148.031 E250.51369
G1 X175.646 Y148.271 E250.52312
G1 X175.47 Y148.595 E250.53538
G1 X175.303 Y148.962 E250.54879
G1 X175.184 Y149.257 E250.55937
G1 X175.088 Y149.553 E250.56972
G1 X174.994 Y149.859 E250.58037
G1 X174.926 Y150.14 E250.58998
G1 X174.86 Y150.502 E250.60222
G1 X174.817 Y150.813 E250.61266
G1 X174.796 Y151.149 E250.62386
G1 X174.785 Y151.525 E250.63637
G1 X174.791 Y151.812 E250.64592
G1 X174.817 Y152.118 E250.65613
G1 X174.858 Y152.491 E250.66862
G1 X174.925 Y152.809 E250.67942
G1 X175.012 Y153.191 E250.69245
G1 X175.104 Y153.499 E250.70315
G1 X175.206 Y153.781 E250.71312
G1 X175.333 Y154.101 E250.72457
G1 X175.482 Y154.397 E250.73559
G1 X175.611 Y154.642 E250.7448
G1 X175.769 Y154.914 E250.75526
G1 X175.952 Y155.184 E250.76611
G1 X176.13 Y155.431 E250.77624
G1 X176.332 Y155.676 E250.7868
G1 X176.553 Y155.927 E250.79792
G1 X176.783 Y156.155 E250.8087
G1 X177.152 Y156.485 E250.82516
G1 X177.446 Y156.724 E250.83776
G1 X177.682 Y156.922 E250.84801
G1 X177.859 Y157.075 E250.85579
G1 X177.896 Y157.107 E250.85742
G1 X178.1 Y157.33 E250.86747
G1 X178.066 Y157.366 E250.86912
G1 X177.796 Y157.652 E250.8822
G1 X177.373 Y157.998 E250.90037
G1 X177.087 Y158.239 E250.91281
G1 X176.667 Y158.625 E250.93179
G1 X176.417 Y158.89 E250.9439
G1 X176.157 Y159.205 E250.95749
G1 X175.965 Y159.459 E250.96808
G1 X175.797 Y159.717 E250.97832
G1 X175.647 Y159.956 E250.9877
G1 X175.47 Y160.279 E250.99995
G1 X175.303 Y160.647 E251.01339
G1 X175.184 Y160.942 E251.02397
G1 X175.088 Y161.238 E251.03432
G1 X174.994 Y161.545 E251.045
G1 X174.923 Y161.839 E251.05506
G1 X174.861 Y162.186 E251.06679
G1 X174.817 Y162.498 E251.07727
G1 X174.796 Y162.834 E251.08846
G1 X174.785 Y163.211 E251.10101
G1 X174.791 Y163.497 E251.11052
G1 X174.817 Y163.803 E251.12074
G1 X174.858 Y164.175 E251.13318
G1 X174.925 Y164.495 E251.14406
G1 X175.012 Y164.876 E251.15706
G1 X175.104 Y165.184 E251.16775
G1 X175.206 Y165.466 E251.17772
G1 X175.333 Y165.786 E251.18917
G1 X175.482 Y166.082 E251.2002
G1 X175.611 Y166.327 E251.2094
G1 X175.769 Y166.599 E251.21987
G1 X175.952 Y166.869 E251.23072
G1 X176.13 Y167.116 E251.24084
G1 X176.333 Y167.362 E251.25145
G1 X176.564 Y167.624 E251.26307
G1 X176.871 Y167.918 E251.27721
G1 X177.156 Y168.174 E251.28995
G1 X177.63 Y168.562 E251.31032
G1 X177.84 Y168.741 E251.3195
G1 X177.856 Y168.755 E251.32021
G1 X178.101 Y169.014 E251.33206
G1 X178.086 Y169.03 E251.33279
G1 X177.796 Y169.337 E251.34684
G1 X177.373 Y169.683 E251.36502
G1 X177.087 Y169.924 E251.37745
G1 X176.667 Y170.31 E251.39643
G1 X176.417 Y170.575 E251.40854
G1 X176.157 Y170.89 E251.42213
G1 X175.965 Y171.144 E251.43272
G1 X175.797 Y171.402 E251.44296
G1 X175.646 Y171.641 E251.45236
G1 X175.47 Y171.966 E251.46465
G1 X175.303 Y172.332 E251.47804
G1 X175.184 Y172.627 E251.48862
G1 X175.088 Y172.923 E251.49897
G1 X174.994 Y173.229 E251.50961
G1 X174.926 Y173.51 E251.51923
G1 X174.86 Y173.873 E251.5315
G1 X174.817 Y174.184 E251.54194
G1 X174.796 Y174.52 E251.55314
G1 X174.785 Y174.896 E251.56565
G1 X174.791 Y175.183 E251.5752
G1 X174.817 Y175.488 E251.58538
G1 X174.858 Y175.86 E251.59783
G1 X174.925 Y176.18 E251.6087
G1 X175.012 Y176.561 E251.6217
G1 X175.104 Y176.869 E251.63239
G1 X175.206 Y177.151 E251.64236
G1 X175.333 Y177.471 E251.65382
G1 X175.482 Y177.767 E251.66484
G1 X175.611 Y178.012 E251.67405
G1 X175.769 Y178.284 E251.68451
G1 X175.952 Y178.555 E251.69538
G1 X176.13 Y178.802 E251.70551
G1 X176.333 Y179.047 E251.71609
G1 X176.564 Y179.309 E251.72771
G1 X176.871 Y179.603 E251.74185
G1 X177.157 Y179.86 E251.75464
G1 X177.449 Y180.097 E251.76715
G1 X177.682 Y180.292 E251.77725
G1 X177.859 Y180.445 E251.78503
G1 X177.896 Y180.477 E251.78666
G1 X178.101 Y180.701 E251.79676
G1 X178.067 Y180.737 E251.79841
G1 X177.801 Y181.018 E251.81128
G1 X177.373 Y181.369 E251.82969
G1 X177.087 Y181.608 E251.84208
G1 X176.667 Y181.995 E251.86108
G1 X176.417 Y182.26 E251.87319
G1 X176.157 Y182.575 E251.88678
G1 X175.965 Y182.829 E251.89737
G1 X175.797 Y183.087 E251.90761
G1 X175.646 Y183.326 E251.91701
G1 X175.47 Y183.651 E251.92931
G1 X175.303 Y184.017 E251.94269
G1 X175.184 Y184.312 E251.95327
G1 X175.087 Y184.608 E251.96363
G1 X174.994 Y184.915 E251.9743
G1 X174.926 Y185.196 E251.98391
G1 X174.86 Y185.558 E251.99615
G1 X174.817 Y185.869 E252.00659
G1 X174.796 Y186.205 E252.01779
G1 X174.785 Y186.581 E252.0303
G1 X174.791 Y186.868 E252.03985
G1 X174.817 Y187.173 E252.05003
G1 X174.858 Y187.545 E252.06248
G1 X174.925 Y187.865 E252.07335
G1 X175.012 Y188.245 E252.08632
G1 X175.104 Y188.555 E252.09707
G1 X175.206 Y188.836 E252.10701
G1 X175.333 Y189.157 E252.1185
G1 X175.483 Y189.453 E252.12953
G1 X175.611 Y189.697 E252.1387
G1 X175.769 Y189.969 E252.14916
G1 X175.952 Y190.24 E252.16004
G1 X176.13 Y190.487 E252.17016
G1 X176.332 Y190.731 E252.1807
G1 X176.564 Y190.995 E252.19239
G1 X176.871 Y191.289 E252.20653
G1 X177.157 Y191.545 E252.21929
G1 X177.449 Y191.782 E252.2318
G1 X177.682 Y191.977 E252.24191
G1 X177.859 Y192.13 E252.24969
G1 X177.896 Y192.162 E252.25131
G1 X178.101 Y192.384 E252.26136
G1 X178.067 Y192.42 E252.26301
G1 X177.771 Y192.73 E252.27727
G1 X177.381 Y193.048 E252.294
G1 X177.087 Y193.293 E252.30673
G1 X176.667 Y193.681 E252.32575
G1 X176.42 Y193.941 E252.33768
G1 X176.221 Y194.176 E252.34792
G1 X176.009 Y194.447 E252.35936
G1 X175.831 Y194.718 E252.37015
G1 X175.685 Y194.952 E252.37932
G1 X175.527 Y195.229 E252.38993
G1 X175.391 Y195.511 E252.40034
G1 X175.26 Y195.805 E252.41105
G1 X175.143 Y196.107 E252.42182
G1 X175.052 Y196.393 E252.4318
G1 X174.958 Y196.726 E252.44331
G1 X174.899 Y197.042 E252.454
G1 X174.836 Y197.427 E252.46698
G1 X174.8 Y197.752 E252.47785
G1 X174.787 Y198.055 E252.48794
G1 X174.783 Y198.394 E252.49922
G1 X174.807 Y198.729 E252.51039
G1 X174.845 Y199.105 E252.52296
G1 X174.89 Y199.402 E252.53295
G1 X174.953 Y199.693 E252.54285
G1 X175.044 Y200.054 E252.55523
G1 X175.247 Y200.62 E252.57523
G1 X175.369 Y200.914 E252.58582
G1 X175.512 Y201.195 E252.59631
G1 X175.643 Y201.442 E252.6056
G1 X175.825 Y201.744 E252.61733
G1 X176.003 Y202.001 E252.62773
G1 X176.181 Y202.237 E252.63756
G1 X176.435 Y202.54 E252.65071
G1 X176.677 Y202.793 E252.66236
G1 X176.915 Y203.014 E252.67316
G1 X177.151 Y203.224 E252.68367
G1 X177.203 Y203.267 E252.68591
G1 X177.593 Y203.586 E252.69559
G1 X177.647 Y203.628 E252.69604
G0 F9000 X178.106 Y203.8
G0 X178.694 Y204.034
;TYPE:WALL-OUTER
G1 F1800 X171.053 Y203.989 E252.95019
G1 X170.262 Y203.989 E252.9765
G1 X170.263 Y145.963 E254.90645
G1 X173.057 Y145.975 E254.99938
G1 X178.369 Y146.006 E255.17606
G1 X178.084 Y146.257 E255.18869
G1 X177.841 Y146.448 E255.19897
G1 X177.352 Y146.854 E255.22011
G1 X176.948 Y147.225 E255.23835
G1 X176.717 Y147.469 E255.24953
G1 X176.471 Y147.767 E255.26238
G1 X176.293 Y148.004 E255.27224
G1 X176.134 Y148.247 E255.2819
G1 X175.991 Y148.474 E255.29082
G1 X175.828 Y148.773 E255.30215
G1 X175.671 Y149.12 E255.31481
G1 X175.56 Y149.394 E255.32465
G1 X175.469 Y149.673 E255.33441
G1 X175.38 Y149.965 E255.34456
G1 X175.317 Y150.223 E255.35339
G1 X175.255 Y150.565 E255.36495
G1 X175.215 Y150.853 E255.37463
G1 X175.196 Y151.167 E255.38509
G1 X175.185 Y151.527 E255.39707
G1 X175.191 Y151.791 E255.40585
G1 X175.215 Y152.08 E255.4155
G1 X175.253 Y152.427 E255.42711
G1 X175.316 Y152.723 E255.43717
G1 X175.399 Y153.089 E255.44965
G1 X175.484 Y153.374 E255.45955
G1 X175.58 Y153.639 E255.46892
G1 X175.698 Y153.937 E255.47958
G1 X175.838 Y154.214 E255.4899
G1 X175.961 Y154.448 E255.4987
G1 X176.108 Y154.701 E255.50843
G1 X176.28 Y154.955 E255.51863
G1 X176.447 Y155.187 E255.52814
G1 X176.637 Y155.417 E255.53806
G1 X176.844 Y155.653 E255.5485
G1 X177.057 Y155.864 E255.55847
G1 X177.411 Y156.18 E255.57426
G1 X177.703 Y156.417 E255.58676
G1 X177.944 Y156.619 E255.59722
G1 X178.165 Y156.81 E255.60694
G1 X178.383 Y157.028 E255.61719
G1 X178.574 Y157.33 E255.62908
G1 X178.54 Y157.435 E255.63275
G1 X178.241 Y157.778 E255.64788
G1 X178.07 Y157.944 E255.65581
G1 X177.628 Y158.306 E255.67481
G1 X177.351 Y158.539 E255.68685
G1 X176.948 Y158.91 E255.70507
G1 X176.717 Y159.155 E255.71627
G1 X176.471 Y159.453 E255.72912
G1 X176.293 Y159.689 E255.73895
G1 X176.134 Y159.933 E255.74864
G1 X175.992 Y160.159 E255.75752
G1 X175.828 Y160.458 E255.76886
G1 X175.671 Y160.805 E255.78153
G1 X175.56 Y161.079 E255.79136
G1 X175.469 Y161.358 E255.80112
G1 X175.38 Y161.65 E255.81127
G1 X175.315 Y161.921 E255.82054
G1 X175.256 Y162.25 E255.83166
G1 X175.215 Y162.538 E255.84134
G1 X175.196 Y162.852 E255.8518
G1 X175.185 Y163.213 E255.86381
G1 X175.191 Y163.476 E255.87256
G1 X175.215 Y163.765 E255.88221
G1 X175.253 Y164.112 E255.89382
G1 X175.316 Y164.409 E255.90391
G1 X175.399 Y164.774 E255.91636
G1 X175.484 Y165.059 E255.92626
G1 X175.58 Y165.324 E255.93563
G1 X175.698 Y165.622 E255.94629
G1 X175.838 Y165.899 E255.95661
G1 X175.961 Y166.133 E255.96541
G1 X176.108 Y166.386 E255.97514
G1 X176.28 Y166.64 E255.98534
G1 X176.447 Y166.872 E255.99485
G1 X176.637 Y167.102 E256.00477
G1 X176.853 Y167.347 E256.01563
G1 X177.143 Y167.625 E256.029
G1 X177.417 Y167.871 E256.04124
G1 X177.638 Y168.053 E256.05077
G1 X177.89 Y168.258 E256.06157
G1 X178.122 Y168.456 E256.07171
G1 X178.307 Y168.639 E256.08037
G1 X178.494 Y168.857 E256.08992
G1 X178.577 Y169.002 E256.09548
G1 X178.539 Y169.121 E256.09963
G1 X178.241 Y169.463 E256.11472
G1 X178.07 Y169.629 E256.12265
G1 X177.628 Y169.991 E256.14165
G1 X177.351 Y170.224 E256.15369
G1 X176.948 Y170.595 E256.17191
G1 X176.717 Y170.84 E256.18311
G1 X176.471 Y171.138 E256.19596
G1 X176.293 Y171.374 E256.20579
G1 X176.134 Y171.618 E256.21548
G1 X175.991 Y171.844 E256.22437
G1 X175.828 Y172.144 E256.23573
G1 X175.671 Y172.49 E256.24837
G1 X175.56 Y172.764 E256.2582
G1 X175.469 Y173.043 E256.26796
G1 X175.38 Y173.335 E256.27811
G1 X175.317 Y173.593 E256.28695
G1 X175.255 Y173.936 E256.29854
G1 X175.215 Y174.224 E256.30821
G1 X175.196 Y174.538 E256.31867
G1 X175.185 Y174.898 E256.33065
G1 X175.191 Y175.162 E256.33944
G1 X175.215 Y175.45 E256.34905
G1 X175.253 Y175.797 E256.36066
G1 X175.316 Y176.094 E256.37076
G1 X175.399 Y176.459 E256.38321
G1 X175.484 Y176.744 E256.3931
G1 X175.58 Y177.009 E256.40247
G1 X175.698 Y177.307 E256.41313
G1 X175.838 Y177.584 E256.42345
G1 X175.961 Y177.818 E256.43225
G1 X176.108 Y178.071 E256.44198
G1 X176.28 Y178.326 E256.45221
G1 X176.447 Y178.557 E256.46169
G1 X176.637 Y178.787 E256.47161
G1 X176.853 Y179.032 E256.48248
G1 X177.143 Y179.31 E256.49584
G1 X177.417 Y179.556 E256.50809
G1 X177.706 Y179.79 E256.52045
G1 X177.944 Y179.989 E256.53077
G1 X178.158 Y180.174 E256.54018
G1 X178.387 Y180.404 E256.55098
G1 X178.574 Y180.7 E256.56262
G1 X178.54 Y180.806 E256.56632
G1 X178.241 Y181.148 E256.58143
G1 X178.07 Y181.314 E256.58936
G1 X177.628 Y181.677 E256.60838
G1 X177.351 Y181.909 E256.6204
G1 X176.948 Y182.28 E256.63862
G1 X176.717 Y182.525 E256.64982
G1 X176.471 Y182.823 E256.66267
G1 X176.293 Y183.059 E256.6725
G1 X176.134 Y183.303 E256.68219
G1 X175.991 Y183.529 E256.69108
G1 X175.828 Y183.829 E256.70244
G1 X175.671 Y184.175 E256.71508
G1 X175.56 Y184.449 E256.72491
G1 X175.469 Y184.728 E256.73467
G1 X175.38 Y185.021 E256.74485
G1 X175.317 Y185.279 E256.75369
G1 X175.255 Y185.621 E256.76525
G1 X175.215 Y185.909 E256.77492
G1 X175.196 Y186.223 E256.78538
G1 X175.185 Y186.583 E256.79736
G1 X175.191 Y186.847 E256.80614
G1 X175.215 Y187.135 E256.81576
G1 X175.253 Y187.482 E256.82737
G1 X175.316 Y187.779 E256.83746
G1 X175.399 Y188.144 E256.84991
G1 X175.484 Y188.43 E256.85984
G1 X175.58 Y188.694 E256.86918
G1 X175.698 Y188.993 E256.87987
G1 X175.838 Y189.269 E256.89017
G1 X175.961 Y189.503 E256.89896
G1 X176.108 Y189.756 E256.90869
G1 X176.28 Y190.011 E256.91892
G1 X176.447 Y190.242 E256.9284
G1 X176.637 Y190.472 E256.93832
G1 X176.853 Y190.718 E256.94921
G1 X177.143 Y190.995 E256.96255
G1 X177.417 Y191.241 E256.9748
G1 X177.706 Y191.475 E256.98717
G1 X177.944 Y191.674 E256.99748
G1 X178.158 Y191.859 E257.00689
G1 X178.387 Y192.089 E257.01769
G1 X178.574 Y192.38 E257.02919
G1 X178.539 Y192.492 E257.0331
G1 X178.241 Y192.832 E257.04813
G1 X178.038 Y193.028 E257.05752
G1 X177.636 Y193.356 E257.07477
G1 X177.351 Y193.594 E257.08712
G1 X176.948 Y193.966 E257.10537
G1 X176.718 Y194.208 E257.11647
G1 X176.531 Y194.429 E257.1261
G1 X176.334 Y194.68 E257.13671
G1 X176.168 Y194.934 E257.1468
G1 X176.028 Y195.157 E257.15556
G1 X175.881 Y195.415 E257.16544
G1 X175.754 Y195.679 E257.17518
G1 X175.629 Y195.959 E257.18538
G1 X175.52 Y196.24 E257.1954
G1 X175.435 Y196.508 E257.20476
G1 X175.348 Y196.817 E257.21543
G1 X175.293 Y197.111 E257.22538
G1 X175.232 Y197.481 E257.23785
G1 X175.199 Y197.782 E257.24792
G1 X175.187 Y198.066 E257.25738
G1 X175.183 Y198.382 E257.26789
G1 X175.206 Y198.694 E257.2783
G1 X175.242 Y199.055 E257.29036
G1 X175.284 Y199.329 E257.29958
G1 X175.343 Y199.602 E257.30887
G1 X175.427 Y199.938 E257.32039
G1 X175.529 Y200.226 E257.33055
G1 X175.62 Y200.475 E257.33937
G1 X175.733 Y200.747 E257.34917
G1 X175.867 Y201.011 E257.35901
G1 X175.991 Y201.245 E257.36782
G1 X176.161 Y201.527 E257.37877
G1 X176.327 Y201.767 E257.38848
G1 X176.494 Y201.988 E257.39769
G1 X176.733 Y202.273 E257.41006
G1 X176.958 Y202.508 E257.42088
G1 X177.184 Y202.718 E257.43115
G1 X177.411 Y202.92 E257.44125
G1 X177.843 Y203.274 E257.45983
G1 X178.054 Y203.439 E257.46874
G1 X178.324 Y203.673 E257.48062
G1 X178.523 Y203.852 E257.48952
G1 X178.694 Y204.034 E257.49783
G0 F9000 X178.106 Y203.8
G0 X172.113 Y203.413
G0 X172.04 Y202.337
G0 X172.259 Y202.337
;TYPE:FILL
G1 F3600 X170.741 Y202.744 E257.5501
G0 F9000 X170.741 Y202.282
G1 F3600 X171.972 Y203.513 E257.608
G0 F9000 X176.585 Y203.439
G0 X176.602 Y202.983
G0 X174.676 Y199.127
G0 X175.205 Y196.44
G0 X175.669 Y195.304
G0 X176.216 Y194.474
G0 X177.903 Y192.474
G1 F3600 X176.573 Y191.143 E257.67059
G1 F1440 E256.17059
G0 F9000 X176.602 Y193.48
G0 X174.667 Y197.403
G0 X175.494 Y201.526
G0 X176.589 Y202.999
G0 X176.585 Y203.439
G0 X172.113 Y203.413
G0 X172.04 Y189.914
G0 X172.259 Y189.914
G1 F1440 E257.67059
G1 F3600 X170.742 Y190.32 E257.72282
G0 F9000 X172.04 Y186.831
G0 X172.261 Y186.831
G1 F3600 X170.741 Y185.312 E257.79429
G0 F9000 X170.741 Y184.333
G1 F3600 X172.26 Y178.667 E257.9894
G0 F9000 X172.04 Y178.667
G0 X172.04 Y177.49
G0 X172.259 Y177.49
G1 F3600 X170.742 Y177.897 E258.04164
G0 F9000 X172.04 Y169.86
G0 X172.26 Y169.86
G1 F3600 X170.741 Y168.341 E258.11309
G0 F9000 X170.742 Y165.473
G1 F3600 X172.259 Y165.067 E258.16532
G1 F1440 E256.66532
G0 F9000 X172.04 Y165.067
G0 X172.112 Y146.553
G0 X176.585 Y146.578
G0 X174.692 Y150.475
G0 X175.461 Y154.725
G0 X176.59 Y156.26
G0 X177.313 Y157.942
G1 F1440 E258.16532
G1 F3600 X176.447 Y157.076 E258.20605
G0 F9000 X176.668 Y157.076
G0 X176.603 Y156.244
G0 X174.689 Y152.518
G0 X175.317 Y148.518
G0 X176.589 Y146.725
G0 X172.112 Y146.553
G0 X172.04 Y152.889
G0 X172.259 Y152.889
G1 F3600 X170.741 Y151.371 E258.27745
G0 F9000 X170.743 Y153.05
G1 F3600 X172.258 Y152.644 E258.32962
G0 F9000 X172.04 Y152.644
G0 X172.112 Y146.553
G0 X176.585 Y146.578
G0 X175.055 Y149.765
G0 X174.748 Y152.509
G0 X174.472 Y152.553
;TYPE:SKIN
G1 F1800 X174.544 Y152.893 E258.34118
G1 X174.634 Y153.29 E258.35472
G1 X174.734 Y153.622 E258.36625
G1 X174.841 Y153.919 E258.37675
G1 X174.976 Y154.261 E258.38898
G1 X175.135 Y154.576 E258.40072
G1 X175.27 Y154.831 E258.41031
G1 X175.439 Y155.121 E258.42148
G1 X175.632 Y155.408 E258.43298
G1 X175.822 Y155.669 E258.44372
G1 X176.035 Y155.929 E258.4549
G1 X176.269 Y156.194 E258.46666
G1 X176.378 Y156.303 E258.47178
G1 X176.378 Y158.363 E258.5403
G1 X176.124 Y158.632 E258.5526
G1 X175.851 Y158.963 E258.56687
G1 X175.646 Y159.235 E258.5782
G1 X175.468 Y159.507 E258.58901
G1 X175.31 Y159.759 E258.59891
G1 X175.121 Y160.104 E258.61199
G1 X174.944 Y160.493 E258.62621
G1 X174.817 Y160.809 E258.63753
G1 X174.716 Y161.121 E258.64844
G1 X174.618 Y161.442 E258.6596
G1 X174.541 Y161.759 E258.67045
G1 X174.475 Y162.124 E258.68279
G1 X174.429 Y162.459 E258.69404
G1 X174.406 Y162.816 E258.70593
G1 X174.395 Y163.209 E258.71901
G1 X174.401 Y163.518 E258.72929
G1 X174.429 Y163.84 E258.74004
G1 X174.472 Y164.237 E258.75332
G1 X174.544 Y164.579 E258.76495
G1 X174.634 Y164.975 E258.77845
G1 X174.734 Y165.307 E258.78999
G1 X174.841 Y165.604 E258.80049
G1 X174.976 Y165.946 E258.81271
G1 X175.135 Y166.261 E258.82445
G1 X175.27 Y166.516 E258.83405
G1 X175.439 Y166.806 E258.84521
G1 X175.632 Y167.093 E258.85671
G1 X175.822 Y167.354 E258.86745
G1 X176.036 Y167.615 E258.87868
G1 X176.283 Y167.895 E258.8911
G1 X176.378 Y167.986 E258.89547
G1 X176.378 Y170.048 E258.96405
G1 X176.124 Y170.317 E258.97636
G1 X175.851 Y170.648 E258.99063
G1 X175.645 Y170.92 E259.00198
G1 X175.469 Y171.191 E259.01273
G1 X175.309 Y171.444 E259.02268
G1 X175.121 Y171.792 E259.03584
G1 X174.944 Y172.178 E259.04996
G1 X174.817 Y172.494 E259.06129
G1 X174.716 Y172.806 E259.0722
G1 X174.618 Y173.126 E259.08333
G1 X174.544 Y173.43 E259.09373
G1 X174.474 Y173.811 E259.10662
G1 X174.429 Y174.145 E259.11783
G1 X174.406 Y174.502 E259.12973
G1 X174.395 Y174.894 E259.14277
G1 X174.401 Y175.204 E259.15308
G1 X174.429 Y175.525 E259.1638
G1 X174.472 Y175.922 E259.17708
G1 X174.544 Y176.264 E259.1887
G1 X174.634 Y176.66 E259.20221
G1 X174.734 Y176.992 E259.21374
G1 X174.841 Y177.289 E259.22424
G1 X174.976 Y177.631 E259.23647
G1 X175.135 Y177.946 E259.24821
G1 X175.27 Y178.201 E259.2578
G1 X175.438 Y178.491 E259.26895
G1 X175.632 Y178.778 E259.28047
G1 X175.822 Y179.04 E259.29124
G1 X176.036 Y179.3 E259.30244
G1 X176.283 Y179.58 E259.31486
G1 X176.378 Y179.671 E259.31923
G1 X176.378 Y181.733 E259.38781
G1 X176.124 Y182.002 E259.40012
G1 X175.851 Y182.333 E259.41439
G1 X175.645 Y182.605 E259.42574
G1 X175.469 Y182.876 E259.43649
G1 X175.309 Y183.129 E259.44644
G1 X175.121 Y183.477 E259.4596
G1 X174.944 Y183.863 E259.47372
G1 X174.817 Y184.178 E259.48502
G1 X174.715 Y184.491 E259.49597
G1 X174.618 Y184.812 E259.50712
G1 X174.544 Y185.115 E259.51749
G1 X174.474 Y185.496 E259.53038
G1 X174.429 Y185.83 E259.54159
G1 X174.406 Y186.187 E259.55349
G1 X174.395 Y186.579 E259.56653
G1 X174.401 Y186.889 E259.57684
G1 X174.429 Y187.21 E259.58756
G1 X174.472 Y187.607 E259.60084
G1 X174.544 Y187.949 E259.61247
G1 X174.634 Y188.344 E259.62594
G1 X174.734 Y188.678 E259.63754
G1 X174.841 Y188.974 E259.648
G1 X174.977 Y189.317 E259.66028
G1 X175.136 Y189.632 E259.67201
G1 X175.27 Y189.886 E259.68156
G1 X175.438 Y190.176 E259.69271
G1 X175.632 Y190.463 E259.70423
G1 X175.822 Y190.725 E259.715
G1 X176.035 Y190.984 E259.72615
G1 X176.282 Y191.264 E259.73857
G1 X176.378 Y191.357 E259.74301
G1 X176.378 Y193.419 E259.8116
G1 X176.129 Y193.68 E259.8236
G1 X175.919 Y193.93 E259.83445
G1 X175.691 Y194.219 E259.8467
G1 X175.503 Y194.508 E259.85816
G1 X175.35 Y194.752 E259.86774
G1 X175.182 Y195.048 E259.87906
G1 X175.038 Y195.347 E259.8901
G1 X174.9 Y195.655 E259.90133
G1 X174.775 Y195.977 E259.91282
G1 X174.678 Y196.28 E259.9234
G1 X174.578 Y196.637 E259.93573
G1 X174.515 Y196.974 E259.94713
G1 X174.45 Y197.374 E259.96061
G1 X174.41 Y197.722 E259.97226
G1 X174.397 Y198.045 E259.98301
G1 X174.393 Y198.406 E259.99502
G1 X174.419 Y198.762 E260.00689
G1 X174.458 Y199.154 E260.01999
G1 X174.506 Y199.472 E260.03069
G1 X174.573 Y199.782 E260.04124
G1 X174.67 Y200.167 E260.05444
G1 X174.883 Y200.761 E260.07543
G1 X175.014 Y201.078 E260.08684
G1 X175.166 Y201.375 E260.09794
G1 X175.303 Y201.634 E260.10768
G1 X175.497 Y201.956 E260.12019
G1 X175.687 Y202.229 E260.13125
G1 X175.875 Y202.48 E260.14168
G1 X176.144 Y202.801 E260.15561
G1 X176.377 Y203.044 E260.16681
G1 X176.377 Y203.231 E260.17303
G1 X172.331 Y203.206 E260.3076
G1 X172.33 Y146.762 E262.18493
G1 X176.277 Y146.784 E262.31621
G1 X176.125 Y146.945 E262.32358
G1 X175.851 Y147.277 E262.3379
G1 X175.645 Y147.55 E262.34927
G1 X175.469 Y147.82 E262.35999
G1 X175.309 Y148.074 E262.36998
G1 X175.121 Y148.421 E262.3831
G1 X174.944 Y148.808 E262.39726
G1 X174.817 Y149.124 E262.40858
G1 X174.716 Y149.436 E262.41949
G1 X174.618 Y149.756 E262.43062
G1 X174.544 Y150.059 E262.441
G1 X174.474 Y150.44 E262.45388
G1 X174.429 Y150.774 E262.46509
G1 X174.406 Y151.131 E262.47699
G1 X174.395 Y151.523 E262.49003
G1 X174.401 Y151.833 E262.50034
G1 X174.429 Y152.155 E262.51109
G1 X174.472 Y152.553 E262.52441
G0 F9000 X174.748 Y152.509
G0 X175.317 Y148.518
G0 X176.589 Y146.725
G0 X172.69 Y146.484
G0 X172.688 Y146.924
G1 F1800 X172.49 Y147.122 E262.53372
G0 F9000 X172.49 Y147.687
G1 F1800 X173.251 Y146.926 E262.56952
G0 F9000 X173.813 Y146.93
G1 F1800 X172.49 Y148.253 E262.63175
G0 F9000 X172.49 Y148.819
G1 F1800 X174.376 Y146.933 E262.72046
G0 F9000 X174.938 Y146.936
G1 F1800 X172.49 Y149.384 E262.8356
G0 F9000 X172.49 Y149.95
G1 F1800 X175.501 Y146.939 E262.97723
G0 F9000 X175.448 Y147.557
G1 F1800 X172.49 Y150.516 E263.11639
G0 F9000 X172.49 Y151.081
G1 F1800 X174.774 Y148.797 E263.22382
G0 F9000 X174.479 Y149.658
G1 F1800 X172.49 Y151.647 E263.31738
G0 F9000 X172.49 Y152.213
G1 F1800 X174.32 Y150.383 E263.40346
G0 F9000 X174.252 Y151.016
G1 F1800 X172.49 Y152.778 E263.48634
G0 F9000 X172.49 Y153.344
G1 F1800 X174.235 Y151.599 E263.56842
G0 F9000 X174.265 Y152.134
G1 F1800 X172.49 Y153.91 E263.65193
G0 F9000 X172.49 Y154.475
G1 F1800 X174.325 Y152.641 E263.73822
G0 F9000 X174.426 Y153.105
G1 F1800 X172.49 Y155.041 E263.82928
G0 F9000 X172.49 Y155.607
G1 F1800 X174.544 Y153.553 E263.9259
G0 F9000 X174.69 Y153.973
G1 F1800 X172.49 Y156.173 E264.02938
G0 F9000 X172.49 Y156.738
G1 F1800 X174.853 Y154.375 E264.14053
G0 F9000 X175.044 Y154.749
G1 F1800 X172.49 Y157.304 E264.26068
G0 F9000 X172.49 Y157.87
G1 F1800 X175.247 Y155.112 E264.39039
G0 F9000 X175.469 Y155.456
G1 F1800 X172.49 Y158.435 E264.53051
G0 F9000 X172.49 Y159.001
G1 F1800 X175.707 Y155.784 E264.68183
G0 F9000 X175.964 Y156.093
G1 F1800 X172.49 Y159.567 E264.84523
G0 F9000 X172.49 Y160.132
G1 F1800 X176.216 Y156.406 E265.02049
G0 F9000 X176.216 Y156.972
G1 F1800 X172.49 Y160.698 E265.19575
G0 F9000 X172.49 Y161.264
G1 F1800 X176.216 Y157.537 E265.37104
G0 F9000 X176.216 Y158.103
G1 F1800 X172.49 Y161.829 E265.5463
G0 F9000 X172.49 Y162.395
G1 F1800 X175.126 Y159.759 E265.67028
G0 F9000 X175.512 Y159.972
G0 X175.07 Y160.937
G0 X174.65 Y160.801
G1 F1800 X172.49 Y162.961 E265.77188
G0 F9000 X172.49 Y163.526
G1 F1800 X174.412 Y161.604 E265.86229
G0 F9000 X174.289 Y162.293
G1 F1800 X172.49 Y164.092 E265.94691
G0 F9000 X172.49 Y164.658
G1 F1800 X174.242 Y162.906 E266.02932
G0 F9000 X174.238 Y163.475
G1 F1800 X172.49 Y165.223 E266.11154
G0 F9000 X172.49 Y165.789
G1 F1800 X174.284 Y163.995 E266.19592
G0 F9000 X174.359 Y164.485
G1 F1800 X172.49 Y166.355 E266.28386
G0 F9000 X172.49 Y166.921
G1 F1800 X174.463 Y164.948 E266.37666
G0 F9000 X174.591 Y165.385
G1 F1800 X172.49 Y167.486 E266.47549
G0 F9000 X172.49 Y168.052
G1 F1800 X174.744 Y165.798 E266.58151
G0 F9000 X174.918 Y166.189
G1 F1800 X172.49 Y168.618 E266.69574
G0 F9000 X172.49 Y169.183
G1 F1800 X175.112 Y166.561 E266.81907
G0 F9000 X175.32 Y166.918
G1 F1800 X172.49 Y169.749 E266.95221
G0 F9000 X172.49 Y170.315
G1 F1800 X175.55 Y167.254 E267.09616
G0 F9000 X175.795 Y167.575
G1 F1800 X172.49 Y170.88 E267.25162
G0 F9000 X172.49 Y171.446
G1 F1800 X176.056 Y167.88 E267.41935
G0 F9000 X176.217 Y168.285
G1 F1800 X172.49 Y172.012 E267.59466
G0 F9000 X172.49 Y172.577
G1 F1800 X176.217 Y168.85 E267.76997
G0 F9000 X176.217 Y169.416
G1 F1800 X172.49 Y173.143 E267.94527
G0 F9000 X172.49 Y173.709
G1 F1800 X176.217 Y169.982 E268.12058
G0 F9000 X176.658 Y169.982
G0 X175.32 Y172.029
G0 X174.919 Y171.846
G1 F1800 X172.49 Y174.274 E268.23481
G0 F9000 X172.49 Y174.84
G1 F1800 X174.557 Y172.773 E268.33203
G0 F9000 X174.36 Y173.536
G1 F1800 X172.49 Y175.405 E268.41997
G0 F9000 X172.49 Y175.971
G1 F1800 X174.264 Y174.197 E268.50341
G0 F9000 X174.237 Y174.79
G1 F1800 X172.49 Y176.536 E268.58556
G0 F9000 X172.49 Y177.102
G1 F1800 X174.252 Y175.341 E268.66842
G0 F9000 X174.303 Y175.856
G1 F1800 X172.49 Y177.668 E268.75367
G0 F9000 X172.49 Y178.234
G1 F1800 X174.395 Y176.329 E268.84328
G0 F9000 X174.504 Y176.785
G1 F1800 X172.49 Y178.799 E268.93801
G0 F9000 X172.49 Y179.365
G1 F1800 X174.644 Y177.212 E269.03931
G0 F9000 X174.8 Y177.621
G1 F1800 X172.49 Y179.931 E269.14796
G0 F9000 X172.49 Y180.496
G1 F1800 X174.984 Y178.003 E269.26525
G0 F9000 X175.183 Y178.369
G1 F1800 X172.49 Y181.062 E269.39192
G0 F9000 X172.49 Y181.628
G1 F1800 X175.399 Y178.719 E269.52875
G0 F9000 X175.633 Y179.051
G1 F1800 X172.49 Y182.193 E269.67656
G0 F9000 X172.49 Y182.759
G1 F1800 X175.883 Y179.366 E269.83616
G0 F9000 X176.147 Y179.668
G1 F1800 X172.49 Y183.325 E270.00817
G0 F9000 X172.49 Y183.89
G1 F1800 X176.218 Y180.163 E270.1835
G0 F9000 X176.218 Y180.729
G1 F1800 X172.49 Y184.456 E270.35883
G0 F9000 X172.49 Y185.022
G1 F1800 X176.218 Y181.295 E270.53416
G0 F9000 X176.668 Y181.295
G0 X176.61 Y181.745
G0 X175.786 Y182.9
G0 X175.418 Y182.66
G1 F1800 X172.49 Y185.587 E270.67186
G0 F9000 X172.49 Y186.153
G1 F1800 X174.763 Y183.88 E270.77878
G0 F9000 X174.473 Y184.736
G1 F1800 X172.49 Y186.719 E270.87205
G0 F9000 X172.49 Y187.285
G1 F1800 X174.316 Y185.459 E270.95794
G0 F9000 X174.251 Y186.089
G1 F1800 X172.49 Y187.85 E271.04077
G0 F9000 X172.49 Y188.416
G1 F1800 X174.236 Y186.67 E271.1229
G0 F9000 X174.267 Y187.205
G1 F1800 X172.49 Y188.982 E271.20648
G0 F9000 X172.49 Y189.547
G1 F1800 X174.329 Y187.709 E271.29296
G0 F9000 X174.43 Y188.173
G1 F1800 X172.49 Y190.113 E271.38421
G0 F9000 X172.49 Y190.679
G1 F1800 X174.549 Y188.62 E271.48106
G0 F9000 X174.694 Y189.04
G1 F1800 X172.49 Y191.244 E271.58473
G0 F9000 X172.49 Y191.81
G1 F1800 X174.86 Y189.44 E271.69621
G0 F9000 X175.052 Y189.815
G1 F1800 X172.49 Y192.376 E271.8167
G0 F9000 X172.49 Y192.941
G1 F1800 X175.254 Y190.178 E271.94668
G0 F9000 X175.477 Y190.52
G1 F1800 X172.49 Y193.507 E272.08718
G0 F9000 X172.49 Y194.073
G1 F1800 X175.716 Y190.848 E272.2389
G0 F9000 X175.973 Y191.156
G1 F1800 X172.49 Y194.638 E272.4027
G0 F9000 X172.49 Y195.204
G1 F1800 X176.218 Y191.477 E272.57803
G0 F9000 X176.218 Y192.043
G1 F1800 X172.49 Y195.77 E272.75337
G0 F9000 X172.49 Y196.335
G1 F1800 X176.218 Y192.608 E272.9287
G0 F9000 X176.218 Y193.174
G1 F1800 X172.49 Y196.901 E273.10403
G0 F9000 X172.49 Y197.467
G1 F1800 X175.112 Y194.845 E273.22736
G0 F9000 X175.493 Y195.064
G0 X175.048 Y196.046
G0 X174.636 Y195.886
G1 F1800 X172.49 Y198.033 E273.32832
G0 F9000 X172.49 Y198.598
G1 F1800 X174.405 Y196.684 E273.41837
G0 F9000 X174.289 Y197.365
G1 F1800 X172.49 Y199.164 E273.50299
G0 F9000 X172.49 Y199.73
G1 F1800 X174.239 Y197.981 E273.58526
G0 F9000 X174.242 Y198.544
G1 F1800 X172.49 Y200.295 E273.66765
G0 F9000 X172.49 Y200.861
G1 F1800 X174.288 Y199.063 E273.75222
G0 F9000 X174.359 Y199.558
G1 F1800 X172.49 Y201.427 E273.84013
G0 F9000 X172.49 Y201.992
G1 F1800 X174.466 Y200.017 E273.93305
G0 F9000 X174.6 Y200.448
G1 F1800 X172.49 Y202.558 E274.0323
G0 F9000 X172.567 Y203.047
G1 F1800 X174.751 Y200.863 E274.13503
G0 F9000 X174.925 Y201.255
G1 F1800 X173.13 Y203.05 E274.21946
G0 F9000 X173.692 Y203.054
G1 F1800 X175.118 Y201.627 E274.28656
G0 F9000 X175.327 Y201.985
G1 F1800 X174.254 Y203.057 E274.337
G0 F9000 X174.817 Y203.06
G1 F1800 X175.556 Y202.32 E274.37179
G0 F9000 X175.802 Y202.641
G1 F1800 X175.379 Y203.064 E274.39169
G0 F9000 X175.941 Y203.067
G1 F1800 X176.062 Y202.946 E274.39738
G1 F1440 E272.89738
G0 F9000 X176.38 Y202.642
G0 X175.304 Y200.307
G0 X175.005 Y199.084
G0 X174.96 Y197.764
G0 X175.205 Y196.44
G0 X175.669 Y195.304
G0 X176.59 Y193.463
G0 X176.603 Y191.295
G0 X175.356 Y188.779
G0 X175.016 Y187.52
G0 X174.957 Y186.213
G0 X175.149 Y184.958
G0 X175.614 Y183.723
G0 X176.59 Y181.779
G0 X176.602 Y179.611
G0 X175.356 Y177.094
G0 X175.016 Y175.835
G0 X174.957 Y174.528
G0 X175.149 Y173.272
G0 X175.614 Y172.038
G0 X176.59 Y170.092
G0 X176.602 Y167.926
G0 X175.356 Y165.409
G0 X175.016 Y164.15
G0 X174.957 Y162.842
G0 X175.149 Y161.587
G0 X175.614 Y160.352
G0 X176.59 Y158.407
G0 X176.603 Y156.244
G0 X175.356 Y153.724
G0 X175.016 Y152.465
G0 X174.957 Y151.157
G0 X175.149 Y149.902
G0 X175.525 Y148.903
G0 X176.562 Y146.89
G0 X176.478 Y146.81
;TYPE:SKIN
G1 F1440 E274.39738
G1 F1800 X176.606 Y146.682 E274.40039
G0 F9000 X176.451 Y146.554
G1 F1800 X176.393 Y146.612 E274.40175
G0 F9000 X176.526 Y146.762
G1 F1800 X176.718 Y146.571 E274.40625
G0 F9000 X177.447 Y146.407
G1 F1800 X177.677 Y146.177 E274.41166
G0 F9000 X177.676 Y146.302
G0 X176.78 Y147.054
G0 X175.933 Y148.118
G0 X175.451 Y149.026
G0 X175.082 Y150.173
G0 X174.945 Y151.526
G0 X175.082 Y152.774
G0 X175.439 Y153.908
G0 X176.661 Y156.259
G0 X176.584 Y156.32
G1 F1800 X176.705 Y156.482 E274.41839
G0 F9000 X176.791 Y156.397
G0 X176.734 Y158.15
G1 F1800 X176.527 Y158.357 E274.42326
G0 F9000 X176.658 Y158.357
G0 X175.451 Y160.711
G0 X175.08 Y161.872
G0 X174.945 Y163.212
G0 X175.082 Y164.46
G0 X175.439 Y165.594
G0 X176.66 Y167.941
G0 X176.564 Y167.938
G1 F1800 X176.636 Y168.148 E274.43013
G0 F9000 X176.609 Y168.163
G0 X176.673 Y169.808
G1 F1800 X176.527 Y169.955 E274.43357
G0 F9000 X176.658 Y169.955
G0 X175.335 Y172.682
G0 X175.018 Y173.898
G0 X174.952 Y175.175
G0 X175.082 Y176.145
G0 X175.439 Y177.279
G0 X176.701 Y179.68
G0 X176.614 Y179.766
G1 F1800 X176.831 Y179.833 E274.43843
G0 F9000 X176.848 Y179.816
G0 X176.668 Y181.465
G0 X176.57 Y181.508
G1 F1800 X176.673 Y181.687 E274.44687
G0 F9000 X176.809 Y181.551
G0 X175.451 Y184.081
G0 X175.082 Y185.229
G0 X174.945 Y186.582
G0 X175.082 Y187.83
G0 X175.439 Y188.964
G0 X176.662 Y191.309
G0 X176.591 Y191.386
G1 F1800 X176.725 Y191.535 E274.45345
G0 F9000 X176.801 Y191.459
G0 X176.749 Y193.209
G1 F1800 X176.527 Y193.43 E274.45866
G0 F9000 X176.658 Y193.43
G0 X175.408 Y195.867
G0 X175.057 Y197.07
G0 X174.944 Y198.389
G0 X175.11 Y199.656
G0 X175.437 Y200.619
G0 X176.661 Y202.997
G0 X176.567 Y203.006
G1 F1800 X176.64 Y203.216 E274.46145
G1 X177.013 Y203.408 E274.46671
G1 X177.861 Y203.693 E274.47794
G0 F9000 X178.115 Y203.722
G1 F1800 X177.983 Y203.854 E274.48104
;MESH:NONMESH
G0 F300 X177.983 Y203.854 Z2.6
G0 F9000 X177.984 Y203.73
G0 X173.278 Y203.601
;TIME_ELAPSED:478.822560
;LAYER:12
;TYPE:WALL-INNER
;MESH:Vertical_Tension_Member.stl
G1 F1800 X173.078 Y203.6 E274.4877
G1 X171.074 Y203.589 E274.55435
G1 X170.863 Y203.589 E274.56137
G1 X170.664 Y203.589 E274.56799
G1 X170.664 Y203.39 E274.57227
G1 X170.665 Y146.566 E276.46224
G1 X170.665 Y146.366 E276.46889
G1 X170.865 Y146.366 E276.4732
G1 X173.278 Y146.375 E276.55346
G1 X173.278 Y203.401 E278.45015
G1 X173.278 Y203.601 E278.45445
G0 F9000 X173.678 Y204.003
;TYPE:WALL-OUTER
G1 F1800 X171.073 Y203.989 E278.54109
G1 X170.264 Y203.989 E278.568
G1 X170.265 Y145.964 E280.49792
G1 X173.678 Y145.977 E280.61144
G1 X173.678 Y204.003 E282.54139
G0 F9000 X173.408 Y203.732
G0 X172.172 Y203.514
;TYPE:FILL
G1 F3600 X170.744 Y202.086 E282.60856
G0 F9000 X170.743 Y202.889
G1 F3600 X172.115 Y202.522 E282.6558
G0 F9000 X171.896 Y202.522
G0 X170.744 Y190.466
G1 F3600 X172.114 Y190.098 E282.70298
G0 F9000 X171.896 Y190.098
G0 X171.896 Y186.488
G0 X172.116 Y186.488
G1 F3600 X170.744 Y185.115 E282.76754
G0 F9000 X170.744 Y183.78
G1 F3600 X172.115 Y178.66 E282.94383
G0 F9000 X172.115 Y177.675
G1 F3600 X170.743 Y178.042 E282.99107
G0 F9000 X171.896 Y169.516
G0 X172.116 Y169.516
G1 F3600 X170.744 Y168.145 E283.05558
G0 F9000 X170.744 Y165.619
G1 F3600 X172.115 Y165.252 E283.10278
G0 F9000 X171.896 Y165.252
G0 X170.744 Y153.196
G1 F3600 X172.114 Y152.828 E283.14996
G0 F9000 X172.116 Y152.546
G1 F3600 X170.744 Y151.174 E283.2145
G0 F9000 X171.968 Y146.553
G0 X172.186 Y146.762
;TYPE:SKIN
G1 F1800 X172.888 Y146.763 E283.23785
G1 X172.888 Y203.209 E285.11525
G1 X172.187 Y203.205 E285.13856
G1 X172.186 Y146.762 E287.01587
G0 F9000 X172.727 Y147.271
G1 F1800 X172.378 Y146.922 E287.03228
G0 F9000 X172.345 Y147.455
G1 F1800 X172.727 Y147.837 E287.05025
G0 F9000 X172.345 Y148.02
G1 F1800 X172.727 Y148.403 E287.06824
G0 F9000 X172.345 Y148.586
G1 F1800 X172.727 Y148.969 E287.08623
G0 F9000 X172.345 Y149.152
G1 F1800 X172.727 Y149.534 E287.1042
G0 F9000 X172.345 Y149.717
G1 F1800 X172.727 Y150.1 E287.12219
G0 F9000 X172.345 Y150.283
G1 F1800 X172.727 Y150.666 E287.14018
G0 F9000 X172.345 Y150.849
G1 F1800 X172.727 Y151.231 E287.15815
G0 F9000 X172.345 Y151.414
G1 F1800 X172.727 Y151.797 E287.17614
G0 F9000 X172.345 Y151.98
G1 F1800 X172.727 Y152.363 E287.19414
G0 F9000 X172.345 Y152.546
G1 F1800 X172.727 Y152.928 E287.2121
G0 F9000 X172.345 Y153.111
G1 F1800 X172.727 Y153.494 E287.2301
G0 F9000 X172.345 Y153.677
G1 F1800 X172.727 Y154.06 E287.24809
G0 F9000 X172.345 Y154.243
G1 F1800 X172.727 Y154.625 E287.26606
G0 F9000 X172.345 Y154.809
G1 F1800 X172.727 Y155.191 E287.28402
G0 F9000 X172.345 Y155.374
G1 F1800 X172.727 Y155.757 E287.30202
G0 F9000 X172.345 Y155.94
G1 F1800 X172.727 Y156.322 E287.31998
G0 F9000 X172.345 Y156.506
G1 F1800 X172.727 Y156.888 E287.33795
G0 F9000 X172.345 Y157.071
G1 F1800 X172.727 Y157.454 E287.35594
G0 F9000 X172.345 Y157.637
G1 F1800 X172.727 Y158.019 E287.37391
G0 F9000 X172.345 Y158.203
G1 F1800 X172.727 Y158.585 E287.39188
G0 F9000 X172.345 Y158.768
G1 F1800 X172.727 Y159.151 E287.40987
G0 F9000 X172.345 Y159.334
G1 F1800 X172.727 Y159.717 E287.42786
G0 F9000 X172.345 Y159.9
G1 F1800 X172.727 Y160.282 E287.44583
G0 F9000 X172.345 Y160.465
G1 F1800 X172.727 Y160.848 E287.46382
G0 F9000 X172.345 Y161.031
G1 F1800 X172.727 Y161.414 E287.48181
G0 F9000 X172.345 Y161.597
G1 F1800 X172.727 Y161.979 E287.49978
G0 F9000 X172.345 Y162.162
G1 F1800 X172.727 Y162.545 E287.51777
G0 F9000 X172.345 Y162.728
G1 F1800 X172.727 Y163.111 E287.53577
G0 F9000 X172.345 Y163.294
G1 F1800 X172.727 Y163.676 E287.55373
G0 F9000 X172.345 Y163.859
G1 F1800 X172.727 Y164.242 E287.57173
G0 F9000 X172.345 Y164.425
G1 F1800 X172.727 Y164.808 E287.58972
G0 F9000 X172.345 Y164.991
G1 F1800 X172.727 Y165.373 E287.60768
G0 F9000 X172.345 Y165.557
G1 F1800 X172.727 Y165.939 E287.62565
G0 F9000 X172.345 Y166.122
G1 F1800 X172.727 Y166.505 E287.64364
G0 F9000 X172.345 Y166.688
G1 F1800 X172.727 Y167.07 E287.66161
G0 F9000 X172.345 Y167.254
G1 F1800 X172.727 Y167.636 E287.67958
G0 F9000 X172.345 Y167.819
G1 F1800 X172.727 Y168.202 E287.69757
G0 F9000 X172.345 Y168.385
G1 F1800 X172.727 Y168.768 E287.71556
G0 F9000 X172.345 Y168.951
G1 F1800 X172.727 Y169.333 E287.73353
G0 F9000 X172.345 Y169.516
G1 F1800 X172.727 Y169.899 E287.75152
G0 F9000 X172.345 Y170.082
G1 F1800 X172.727 Y170.465 E287.76952
G0 F9000 X172.345 Y170.648
G1 F1800 X172.727 Y171.03 E287.78748
G0 F9000 X172.345 Y171.213
G1 F1800 X172.727 Y171.596 E287.80548
G0 F9000 X172.345 Y171.779
G1 F1800 X172.727 Y172.162 E287.82347
G0 F9000 X172.345 Y172.345
G1 F1800 X172.727 Y172.727 E287.84144
G0 F9000 X172.345 Y172.91
G1 F1800 X172.727 Y173.293 E287.85943
G0 F9000 X172.345 Y173.476
G1 F1800 X172.727 Y173.859 E287.87742
G0 F9000 X172.345 Y174.042
G1 F1800 X172.727 Y174.424 E287.89539
G0 F9000 X172.345 Y174.607
G1 F1800 X172.727 Y174.99 E287.91338
G0 F9000 X172.345 Y175.174
G1 F1800 X172.727 Y175.556 E287.93135
G0 F9000 X172.345 Y175.74
G1 F1800 X172.727 Y176.121 E287.94929
G0 F9000 X172.345 Y176.305
G1 F1800 X172.727 Y176.687 E287.96726
G0 F9000 X172.345 Y176.871
G1 F1800 X172.727 Y177.253 E287.98523
G0 F9000 X172.345 Y177.437
G1 F1800 X172.727 Y177.818 E288.00317
G0 F9000 X172.345 Y178.002
G1 F1800 X172.727 Y178.384 E288.02114
G0 F9000 X172.345 Y178.568
G1 F1800 X172.727 Y178.95 E288.03911
G0 F9000 X172.345 Y179.134
G1 F1800 X172.727 Y179.516 E288.05708
G0 F9000 X172.345 Y179.699
G1 F1800 X172.727 Y180.081 E288.07504
G0 F9000 X172.345 Y180.265
G1 F1800 X172.727 Y180.647 E288.09301
G0 F9000 X172.345 Y180.831
G1 F1800 X172.727 Y181.213 E288.11098
G0 F9000 X172.345 Y181.396
G1 F1800 X172.727 Y181.778 E288.12895
G0 F9000 X172.345 Y181.962
G1 F1800 X172.727 Y182.344 E288.14692
G0 F9000 X172.345 Y182.528
G1 F1800 X172.727 Y182.91 E288.16488
G0 F9000 X172.345 Y183.093
G1 F1800 X172.727 Y183.475 E288.18285
G0 F9000 X172.345 Y183.659
G1 F1800 X172.727 Y184.041 E288.20082
G0 F9000 X172.345 Y184.225
G1 F1800 X172.727 Y184.607 E288.21879
G0 F9000 X172.345 Y184.791
G1 F1800 X172.727 Y185.172 E288.23673
G0 F9000 X172.345 Y185.356
G1 F1800 X172.727 Y185.738 E288.2547
G0 F9000 X172.345 Y185.922
G1 F1800 X172.727 Y186.304 E288.27267
G0 F9000 X172.345 Y186.488
G1 F1800 X172.727 Y186.869 E288.29061
G0 F9000 X172.345 Y187.053
G1 F1800 X172.727 Y187.435 E288.30858
G0 F9000 X172.345 Y187.619
G1 F1800 X172.727 Y188.001 E288.32655
G0 F9000 X172.345 Y188.185
G1 F1800 X172.727 Y188.566 E288.3445
G0 F9000 X172.345 Y188.75
G1 F1800 X172.727 Y189.132 E288.36246
G0 F9000 X172.345 Y189.316
G1 F1800 X172.727 Y189.698 E288.38043
G0 F9000 X172.345 Y189.882
G1 F1800 X172.727 Y190.264 E288.3984
G0 F9000 X172.345 Y190.447
G1 F1800 X172.727 Y190.829 E288.41637
G0 F9000 X172.345 Y191.013
G1 F1800 X172.727 Y191.395 E288.43434
G0 F9000 X172.345 Y191.579
G1 F1800 X172.727 Y191.961 E288.4523
G0 F9000 X172.345 Y192.144
G1 F1800 X172.727 Y192.526 E288.47027
G0 F9000 X172.345 Y192.71
G1 F1800 X172.727 Y193.092 E288.48824
G0 F9000 X172.345 Y193.276
G1 F1800 X172.727 Y193.658 E288.50621
G0 F9000 X172.345 Y193.842
G1 F1800 X172.727 Y194.223 E288.52415
G0 F9000 X172.345 Y194.407
G1 F1800 X172.727 Y194.789 E288.54212
G0 F9000 X172.345 Y194.973
G1 F1800 X172.727 Y195.355 E288.56009
G0 F9000 X172.345 Y195.539
G1 F1800 X172.727 Y195.92 E288.57803
G0 F9000 X172.345 Y196.104
G1 F1800 X172.727 Y196.486 E288.596
G0 F9000 X172.345 Y196.67
G1 F1800 X172.727 Y197.052 E288.61397
G0 F9000 X172.345 Y197.236
G1 F1800 X172.727 Y197.617 E288.63191
G0 F9000 X172.345 Y197.801
G1 F1800 X172.727 Y198.183 E288.64988
G0 F9000 X172.345 Y198.367
G1 F1800 X172.727 Y198.749 E288.66785
G0 F9000 X172.345 Y198.933
G1 F1800 X172.727 Y199.315 E288.68582
G0 F9000 X172.345 Y199.498
G1 F1800 X172.727 Y199.88 E288.70379
G0 F9000 X172.345 Y200.064
G1 F1800 X172.727 Y200.446 E288.72176
G0 F9000 X172.345 Y200.63
G1 F1800 X172.727 Y201.012 E288.73972
G0 F9000 X172.345 Y201.195
G1 F1800 X172.727 Y201.577 E288.75769
G0 F9000 X172.345 Y201.761
G1 F1800 X172.727 Y202.143 E288.77566
G0 F9000 X172.345 Y202.327
G1 F1800 X172.727 Y202.709 E288.79363
G0 F9000 X172.498 Y203.045
G1 F1800 X172.345 Y202.892 E288.80082
G0 F9000 X171.596 Y202.892
G1 F1440 E287.30082
G0 F9000 X171.969 Y203.412
G0 X173.096 Y203.418
G0 X173.458 Y148.71
G0 X175.149 Y148.71
G0 X175.429 Y148.71
;TYPE:WALL-INNER
G1 F1440 E288.80082
G1 F1800 X175.429 Y148.511 E288.80744
G1 X175.429 Y148.233 E288.81669
G1 X175.429 Y147.971 E288.8254
G1 X175.429 Y146.588 E288.8714
G1 X175.429 Y146.388 E288.87805
G1 X175.629 Y146.389 E288.88235
G1 X176.783 Y146.396 E288.92074
G1 X177.099 Y146.397 E288.93125
G1 X177.279 Y146.399 E288.93723
G1 X177.099 Y146.547 E288.93974
G1 X176.867 Y146.761 E288.94719
G1 X176.75 Y146.868 E288.95246
G1 X176.508 Y147.109 E288.96382
G1 X176.243 Y147.421 E288.97744
G1 X176.049 Y147.664 E288.98778
G1 X175.872 Y147.92 E288.99813
G1 X175.816 Y148.01 E289.00166
G1 X175.679 Y148.233 E289.0088
G1 X175.519 Y148.511 E289.01393
G1 X175.429 Y148.71 E289.01517
G1 F1440 E287.51517
G0 F9000 X175.149 Y150.549
G0 X175.149 Y152.448
G0 X175.429 Y160.395
G1 F1440 E289.01517
G1 F1800 X175.429 Y160.196 E289.02179
G1 X175.429 Y159.917 E289.03107
G1 X175.429 Y159.657 E289.03971
G1 X175.429 Y155.017 E289.19404
G1 X175.429 Y154.703 E289.20448
G1 X175.429 Y154.287 E289.21832
G1 X175.651 Y154.703 E289.22366
G1 X175.814 Y154.971 E289.23186
G1 X175.847 Y155.024 E289.23393
G1 X176.047 Y155.305 E289.2454
G1 X176.283 Y155.611 E289.25826
G1 X176.489 Y155.849 E289.26873
G1 X176.688 Y156.055 E289.27825
G1 X176.946 Y156.297 E289.29002
G1 X177.158 Y156.484 E289.29942
G1 X177.466 Y156.734 E289.31261
G1 X177.691 Y156.922 E289.32237
G1 X177.86 Y157.068 E289.3298
G1 X177.88 Y157.085 E289.33067
G1 X178.081 Y157.289 E289.34019
G1 X178.115 Y157.344 E289.34234
G1 X178.096 Y157.363 E289.34324
G1 X177.78 Y157.675 E289.35801
G1 X177.336 Y158.035 E289.37702
G1 X177.076 Y158.253 E289.3883
G1 X176.75 Y158.554 E289.40306
G1 X176.508 Y158.794 E289.4144
G1 X176.244 Y159.105 E289.42797
G1 X176.049 Y159.35 E289.43838
G1 X175.872 Y159.606 E289.44873
G1 X175.816 Y159.696 E289.45226
G1 X175.68 Y159.917 E289.45935
G1 X175.519 Y160.196 E289.46454
G1 X175.429 Y160.395 E289.46577
G1 F1440 E287.96577
G0 F9000 X175.149 Y162.234
G0 X175.149 Y164.131
G0 X175.429 Y172.08
G1 F1440 E289.46577
G1 F1800 X175.429 Y171.881 E289.47239
G1 X175.429 Y171.602 E289.48167
G1 X175.429 Y171.342 E289.49031
G1 X175.429 Y166.692 E289.64497
G1 X175.429 Y166.526 E289.6505
G1 X175.429 Y166.219 E289.66071
G1 X175.429 Y165.971 E289.66895
G1 X175.559 Y166.219 E289.67114
G1 X175.728 Y166.526 E289.6779
G1 X175.819 Y166.664 E289.68273
G1 X175.89 Y166.772 E289.68703
G1 X176.123 Y167.098 E289.70036
G1 X176.309 Y167.327 E289.71017
G1 X176.512 Y167.562 E289.7205
G1 X176.741 Y167.793 E289.73132
G1 X176.948 Y167.984 E289.74069
G1 X177.159 Y168.169 E289.75002
G1 X177.466 Y168.419 E289.76319
G1 X177.689 Y168.605 E289.77285
G1 X177.863 Y168.757 E289.78053
G1 X177.885 Y168.776 E289.7815
G1 X178.114 Y169.031 E289.7929
G1 X178.093 Y169.052 E289.79389
G1 X177.78 Y169.36 E289.80849
G1 X177.336 Y169.72 E289.8275
G1 X177.076 Y169.938 E289.83879
G1 X176.75 Y170.239 E289.85355
G1 X176.508 Y170.479 E289.86488
G1 X176.243 Y170.791 E289.8785
G1 X176.048 Y171.035 E289.88889
G1 X175.872 Y171.291 E289.89922
G1 X175.816 Y171.381 E289.90275
G1 X175.68 Y171.602 E289.90983
G1 X175.519 Y171.881 E289.91502
G1 X175.429 Y172.08 E289.91626
G1 F1440 E288.41626
G0 F9000 X175.149 Y173.919
G0 X175.149 Y175.819
G0 X175.429 Y183.765
G1 F1440 E289.91626
G1 F1800 X175.429 Y183.566 E289.92287
G1 X175.429 Y183.287 E289.93215
G1 X175.429 Y183.027 E289.9408
G1 X175.429 Y178.388 E290.09509
G1 X175.429 Y178.073 E290.10557
G1 X175.429 Y177.657 E290.11941
G1 X175.651 Y178.073 E290.12474
G1 X175.815 Y178.342 E290.13299
G1 X175.847 Y178.395 E290.13505
G1 X176.048 Y178.677 E290.14656
G1 X176.283 Y178.981 E290.15934
G1 X176.489 Y179.22 E290.16984
G1 X176.689 Y179.426 E290.17939
G1 X176.889 Y179.613 E290.1885
G1 X177.103 Y179.806 E290.19808
G1 X177.687 Y180.289 E290.22329
G1 X177.863 Y180.441 E290.23102
G1 X177.885 Y180.46 E290.23199
G1 X178.081 Y180.659 E290.24128
G1 X178.116 Y180.713 E290.24342
G1 X178.095 Y180.734 E290.24441
G1 X177.788 Y181.038 E290.25878
G1 X177.568 Y181.215 E290.26817
G1 X177.099 Y181.603 E290.28841
G1 X176.751 Y181.923 E290.30414
G1 X176.508 Y182.164 E290.31552
G1 X176.244 Y182.475 E290.32909
G1 X176.049 Y182.72 E290.3395
G1 X175.872 Y182.976 E290.34985
G1 X175.816 Y183.066 E290.35338
G1 X175.68 Y183.287 E290.36047
G1 X175.519 Y183.566 E290.36566
G1 X175.429 Y183.765 E290.36689
G1 F1440 E288.86689
G0 F9000 X175.149 Y185.605
G0 X175.149 Y187.504
G0 X175.429 Y195.45
G1 F1440 E290.36689
G1 F1800 X175.429 Y195.251 E290.37351
G1 X175.429 Y194.973 E290.38275
G1 X175.429 Y194.712 E290.39144
G1 X175.429 Y190.073 E290.54573
G1 X175.429 Y189.758 E290.55621
G1 X175.429 Y189.341 E290.57008
G1 X175.651 Y189.758 E290.57542
G1 X175.815 Y190.027 E290.58366
G1 X175.847 Y190.08 E290.58572
G1 X176.046 Y190.36 E290.59715
G1 X176.213 Y190.579 E290.60631
G1 X176.417 Y190.824 E290.61691
G1 X176.62 Y191.043 E290.62684
G1 X176.834 Y191.25 E290.63675
G1 X177.06 Y191.455 E290.64689
G1 X177.724 Y192.004 E290.67555
G1 X177.885 Y192.15 E290.68278
G1 X177.933 Y192.194 E290.68495
G1 X178.121 Y192.392 E290.69403
G1 X178.074 Y192.438 E290.69621
G1 X177.796 Y192.713 E290.70922
G1 X177.099 Y193.288 E290.73927
G1 X176.751 Y193.608 E290.755
G1 X176.508 Y193.849 E290.76638
G1 X176.243 Y194.161 E290.77999
G1 X176.048 Y194.405 E290.79038
G1 X175.872 Y194.661 E290.80072
G1 X175.816 Y194.751 E290.80424
G1 X175.68 Y194.973 E290.81135
G1 X175.519 Y195.251 E290.81653
G1 X175.429 Y195.45 E290.81776
G1 F1440 E289.31776
G0 F9000 X175.149 Y197.289
G0 X175.177 Y199.369
G0 X175.418 Y200.31
G0 X175.948 Y201.441
G0 X177.651 Y203.627
G1 F1440 E290.81776
G1 F1800 X177.205 Y203.625 E290.8326
G1 X177.155 Y203.625 E290.83426
G1 X175.429 Y203.613 E290.89167
G1 X175.429 Y201.748 E290.9537
G1 X175.429 Y201.581 E290.95925
G1 X175.429 Y201.276 E290.9694
G1 X175.429 Y201.029 E290.97761
G1 X175.559 Y201.276 E290.97979
G1 X175.728 Y201.581 E290.98652
G1 X175.819 Y201.72 E290.99138
G1 X175.89 Y201.828 E290.99568
G1 X176.123 Y202.155 E291.00903
G1 X176.309 Y202.381 E291.01877
G1 X176.512 Y202.618 E291.02915
G1 X176.742 Y202.848 E291.03997
G1 X177.004 Y203.09 E291.05183
G1 X177.169 Y203.231 E291.05905
G1 X177.207 Y203.263 E291.06063
G1 X177.651 Y203.627 E291.07098
G0 F9000 X178.449 Y203.925
G0 X178.762 Y204.046
G0 X178.697 Y204.034
;TYPE:WALL-OUTER
G1 F1800 X175.029 Y204.011 E291.19298
G1 X175.029 Y145.986 E293.1229
G1 X178.378 Y146.006 E293.23429
G1 X178.13 Y146.226 E293.24532
G1 X177.825 Y146.468 E293.25827
G1 X177.362 Y146.849 E293.27821
G1 X177.027 Y147.157 E293.29335
G1 X176.802 Y147.381 E293.30391
G1 X176.552 Y147.675 E293.31674
G1 X176.37 Y147.903 E293.32644
G1 X176.207 Y148.139 E293.33598
G1 X176.023 Y148.438 E293.34766
G1 X175.875 Y148.694 E293.3575
G1 X175.626 Y149.244 E293.37758
G1 X175.526 Y149.502 E293.38678
G1 X175.446 Y149.757 E293.39567
G1 X175.345 Y150.117 E293.40811
G1 X175.244 Y150.7 E293.42778
G1 X175.207 Y151.023 E293.4386
G1 X175.194 Y151.385 E293.45065
G1 X175.195 Y151.737 E293.46235
G1 X175.218 Y152.003 E293.47123
G1 X175.255 Y152.343 E293.48261
G1 X175.295 Y152.613 E293.49169
G1 X175.353 Y152.875 E293.50061
G1 X175.447 Y153.24 E293.51315
G1 X175.549 Y153.523 E293.52315
G1 X175.651 Y153.797 E293.53288
G1 X175.789 Y154.112 E293.54432
G1 X175.999 Y154.505 E293.55914
G1 X176.181 Y154.804 E293.57078
G1 X176.368 Y155.067 E293.58151
G1 X176.593 Y155.358 E293.59375
G1 X176.784 Y155.579 E293.60346
G1 X176.969 Y155.77 E293.61231
G1 X177.215 Y156.001 E293.62353
G1 X177.417 Y156.179 E293.63248
G1 X177.722 Y156.427 E293.64556
G1 X177.952 Y156.619 E293.65552
G1 X178.156 Y156.795 E293.66449
G1 X178.394 Y157.036 E293.67575
G1 X178.58 Y157.328 E293.68727
G1 X178.543 Y157.443 E293.69128
G1 X178.417 Y157.608 E293.69819
G1 X178.232 Y157.794 E293.70691
G1 X178.046 Y157.974 E293.71552
G1 X177.591 Y158.344 E293.73503
G1 X177.34 Y158.554 E293.74591
G1 X177.027 Y158.843 E293.76008
G1 X176.802 Y159.066 E293.77062
G1 X176.553 Y159.359 E293.78341
G1 X176.37 Y159.588 E293.79316
G1 X176.207 Y159.825 E293.80272
G1 X176.023 Y160.122 E293.81435
G1 X175.875 Y160.379 E293.82421
G1 X175.626 Y160.929 E293.84429
G1 X175.526 Y161.187 E293.85349
G1 X175.446 Y161.442 E293.86238
G1 X175.345 Y161.801 E293.87479
G1 X175.244 Y162.386 E293.89453
G1 X175.207 Y162.708 E293.90531
G1 X175.194 Y163.071 E293.91739
G1 X175.195 Y163.422 E293.92907
G1 X175.218 Y163.688 E293.93795
G1 X175.255 Y164.028 E293.94932
G1 X175.295 Y164.298 E293.9584
G1 X175.353 Y164.561 E293.96736
G1 X175.447 Y164.925 E293.97986
G1 X175.549 Y165.208 E293.98987
G1 X175.651 Y165.482 E293.99959
G1 X175.789 Y165.796 E294.011
G1 X175.911 Y166.03 E294.01978
G1 X176.071 Y166.319 E294.03076
G1 X176.22 Y166.546 E294.03979
G1 X176.441 Y166.855 E294.05243
G1 X176.616 Y167.07 E294.06165
G1 X176.806 Y167.29 E294.07132
G1 X177.019 Y167.505 E294.08138
G1 X177.216 Y167.687 E294.0903
G1 X177.417 Y167.864 E294.09921
G1 X177.722 Y168.112 E294.11229
G1 X177.952 Y168.304 E294.12225
G1 X178.167 Y168.492 E294.13175
G1 X178.347 Y168.671 E294.14019
G1 X178.585 Y169.001 E294.15373
G1 X178.542 Y169.129 E294.15822
G1 X178.418 Y169.292 E294.16503
G1 X178.232 Y169.479 E294.1738
G1 X178.046 Y169.659 E294.18241
G1 X177.591 Y170.029 E294.20192
G1 X177.34 Y170.239 E294.2128
G1 X177.027 Y170.528 E294.22697
G1 X176.802 Y170.751 E294.23751
G1 X176.552 Y171.045 E294.25034
G1 X176.37 Y171.273 E294.26005
G1 X176.207 Y171.51 E294.26961
G1 X176.023 Y171.807 E294.28123
G1 X175.875 Y172.064 E294.2911
G1 X175.626 Y172.614 E294.31118
G1 X175.526 Y172.872 E294.32038
G1 X175.446 Y173.127 E294.32927
G1 X175.345 Y173.487 E294.34171
G1 X175.244 Y174.071 E294.36142
G1 X175.207 Y174.393 E294.3722
G1 X175.194 Y174.756 E294.38428
G1 X175.195 Y175.107 E294.39595
G1 X175.218 Y175.373 E294.40483
G1 X175.255 Y175.714 E294.41624
G1 X175.295 Y175.984 E294.42532
G1 X175.353 Y176.246 E294.43425
G1 X175.447 Y176.61 E294.44675
G1 X175.549 Y176.893 E294.45676
G1 X175.651 Y177.167 E294.46648
G1 X175.789 Y177.482 E294.47792
G1 X175.999 Y177.875 E294.49274
G1 X176.181 Y178.175 E294.50441
G1 X176.369 Y178.438 E294.51516
G1 X176.593 Y178.728 E294.52735
G1 X176.784 Y178.95 E294.53709
G1 X176.969 Y179.14 E294.54591
G1 X177.16 Y179.319 E294.55462
G1 X177.364 Y179.503 E294.56375
G1 X177.949 Y179.986 E294.58899
G1 X178.156 Y180.165 E294.59809
G1 X178.394 Y180.406 E294.60935
G1 X178.58 Y180.698 E294.62087
G1 X178.543 Y180.814 E294.62492
G1 X178.418 Y180.977 E294.63175
G1 X178.232 Y181.164 E294.64052
G1 X178.046 Y181.344 E294.64913
G1 X177.821 Y181.525 E294.65874
G1 X177.362 Y181.905 E294.67855
G1 X177.027 Y182.212 E294.69367
G1 X176.802 Y182.436 E294.70423
G1 X176.553 Y182.729 E294.71702
G1 X176.37 Y182.958 E294.72677
G1 X176.207 Y183.195 E294.73633
G1 X176.023 Y183.492 E294.74795
G1 X175.875 Y183.749 E294.75782
G1 X175.626 Y184.3 E294.77793
G1 X175.526 Y184.558 E294.78713
G1 X175.446 Y184.812 E294.79599
G1 X175.345 Y185.171 E294.80839
G1 X175.244 Y185.757 E294.82817
G1 X175.207 Y186.078 E294.83892
G1 X175.194 Y186.441 E294.851
G1 X175.195 Y186.792 E294.86267
G1 X175.218 Y187.058 E294.87155
G1 X175.255 Y187.399 E294.88296
G1 X175.295 Y187.669 E294.89204
G1 X175.353 Y187.931 E294.90096
G1 X175.447 Y188.296 E294.9135
G1 X175.549 Y188.579 E294.92351
G1 X175.652 Y188.852 E294.93321
G1 X175.789 Y189.167 E294.94464
G1 X175.999 Y189.56 E294.95946
G1 X176.181 Y189.86 E294.97113
G1 X176.368 Y190.123 E294.98186
G1 X176.526 Y190.33 E294.99052
G1 X176.717 Y190.56 E295.00047
G1 X176.906 Y190.763 E295.00969
G1 X177.107 Y190.958 E295.019
G1 X177.322 Y191.152 E295.02864
G1 X177.988 Y191.703 E295.05739
G1 X178.202 Y191.898 E295.06702
G1 X178.375 Y192.068 E295.07508
G1 X178.542 Y192.278 E295.08401
G1 X178.581 Y192.382 E295.0877
G1 X178.542 Y192.499 E295.0918
G1 X178.418 Y192.662 E295.09861
G1 X178.235 Y192.846 E295.10725
G1 X178.059 Y193.015 E295.11536
G1 X177.362 Y193.59 E295.14541
G1 X177.027 Y193.897 E295.16053
G1 X176.802 Y194.121 E295.17109
G1 X176.552 Y194.415 E295.18392
G1 X176.37 Y194.643 E295.19363
G1 X176.207 Y194.88 E295.20319
G1 X176.023 Y195.178 E295.21484
G1 X175.875 Y195.434 E295.22468
G1 X175.626 Y195.985 E295.24479
G1 X175.526 Y196.243 E295.25399
G1 X175.446 Y196.497 E295.26285
G1 X175.345 Y196.857 E295.27528
G1 X175.244 Y197.441 E295.295
G1 X175.207 Y197.763 E295.30578
G1 X175.194 Y198.126 E295.31786
G1 X175.195 Y198.477 E295.32953
G1 X175.218 Y198.743 E295.33841
G1 X175.255 Y199.084 E295.34982
G1 X175.295 Y199.354 E295.3589
G1 X175.353 Y199.616 E295.36782
G1 X175.447 Y199.981 E295.38036
G1 X175.549 Y200.264 E295.39036
G1 X175.652 Y200.537 E295.40007
G1 X175.788 Y200.852 E295.41148
G1 X175.911 Y201.086 E295.42027
G1 X176.071 Y201.374 E295.43123
G1 X176.22 Y201.602 E295.44029
G1 X176.441 Y201.911 E295.45293
G1 X176.616 Y202.124 E295.4621
G1 X176.806 Y202.346 E295.47181
G1 X177.019 Y202.56 E295.48186
G1 X177.269 Y202.79 E295.49316
G1 X177.464 Y202.956 E295.50167
G1 X177.877 Y203.296 E295.51947
G1 X178.129 Y203.494 E295.53012
G1 X178.527 Y203.849 E295.54786
G1 X178.697 Y204.034 E295.55622
G1 F1440 E294.05622
G0 F9000 X178.831 Y204.086
G0 X179.129 Y203.228
G0 X179.495 Y192.367
G0 X179.519 Y168.885
G0 X177.436 Y159.655
G0 X176.711 Y158.99
G0 X177.427 Y157.857
;TYPE:FILL
G1 F1440 E295.55622
G1 F3600 X176.59 Y157.02 E295.59559
G0 F9000 X176.802 Y157.02
G0 X177.869 Y157.188
G1 F3600 X177.765 Y157.576 E295.60895
G0 F9000 X176.71 Y158.44
G0 X176.522 Y158.234
;TYPE:SKIN
G1 F1800 X176.481 Y158.272 E295.61081
G1 X176.221 Y158.529 E295.62297
G1 X175.942 Y158.857 E295.63729
G1 X175.819 Y159.012 E295.64387
G1 X175.819 Y155.648 E295.75576
G1 X175.981 Y155.858 E295.76458
G1 X176.201 Y156.112 E295.77576
G1 X176.415 Y156.333 E295.78599
G1 X176.521 Y156.433 E295.79084
G1 X176.522 Y158.234 E295.85074
G0 F9000 X175.978 Y158.442
G1 F1800 X176.035 Y158.499 E295.85342
G0 F9000 X176.313 Y158.211
G1 F1800 X175.978 Y157.876 E295.86918
G0 F9000 X176.361 Y157.694
G1 F1800 X175.978 Y157.31 E295.88721
G0 F9000 X176.36 Y157.127
G1 F1800 X175.978 Y156.745 E295.90518
G0 F9000 X176.36 Y156.561
G1 F1800 X175.978 Y156.179 E295.92315
G0 F9000 X175.824 Y155.46
;TYPE:SKIN
G1 F1800 X175.588 Y155.223 E295.92871
G0 F9000 X175.539 Y155.223
G0 X175.539 Y159.183
G0 X175.588 Y159.183
G1 F1800 X175.814 Y159.409 E295.93403
G0 F9000 X175.701 Y159.579
G1 F1800 X175.588 Y159.466 E295.93668
G1 F1440 E294.43668
G0 F9000 X175.539 Y159.466
G0 X175.149 Y162.234
G0 X175.179 Y164.321
G0 X175.314 Y164.849
G0 X176.037 Y167.168
G0 X175.819 Y167.341
;TYPE:SKIN
G1 F1440 E295.93668
G1 F1800 X176.01 Y167.577 E295.94678
G1 X176.225 Y167.827 E295.95775
G1 X176.47 Y168.074 E295.96932
G1 X176.521 Y168.121 E295.97163
G1 X176.522 Y169.919 E296.03143
G1 X176.481 Y169.957 E296.03329
G1 X176.221 Y170.214 E296.04545
G1 X175.942 Y170.543 E296.0598
G1 X175.819 Y170.697 E296.06635
G1 X175.819 Y167.341 E296.17797
G0 F9000 X175.978 Y168.058
G1 F1800 X176.36 Y168.441 E296.19596
G0 F9000 X175.978 Y168.624
G1 F1800 X176.36 Y169.007 E296.21396
G0 F9000 X175.978 Y169.19
G1 F1800 X176.36 Y169.572 E296.23192
G0 F9000 X175.978 Y169.755
G1 F1800 X176.215 Y169.992 E296.24307
G0 F9000 X176.525 Y170.306
G0 X175.629 Y171.306
G0 X175.539 Y170.815
G0 X175.623 Y170.815
;TYPE:SKIN
G1 F1800 X175.849 Y171.041 E296.24839
G0 F9000 X175.734 Y171.208
G1 F1800 X175.588 Y171.062 E296.25182
G0 F9000 X175.539 Y171.062
G0 X175.539 Y167.201
G0 X175.686 Y167.201
G1 F1800 X175.588 Y167.102 E296.25414
G0 F9000 X175.588 Y166.819
G1 F1800 X175.895 Y167.127 E296.26137
G1 F1440 E294.76137
G0 F9000 X175.971 Y167.074
G0 X175.628 Y166.735
G0 X175.149 Y173.919
G0 X175.177 Y175.999
G0 X175.539 Y179.019
G0 X175.819 Y179.019
;TYPE:SKIN
G1 F1440 E296.26137
G1 F1800 X175.981 Y179.228 E296.27016
G1 X176.201 Y179.483 E296.28137
G1 X176.416 Y179.705 E296.29164
G1 X176.521 Y179.803 E296.29642
G1 X176.522 Y181.604 E296.35632
G1 X176.482 Y181.641 E296.35813
G1 X176.221 Y181.899 E296.37034
G1 X175.942 Y182.227 E296.38466
G1 X175.819 Y182.382 E296.39124
G1 X175.819 Y179.019 E296.5031
G0 F9000 X175.979 Y179.938
G1 F1800 X176.361 Y180.321 E296.52109
G0 F9000 X175.979 Y180.504
G1 F1800 X176.362 Y180.887 E296.53911
G0 F9000 X175.979 Y181.07
G1 F1800 X176.362 Y181.453 E296.55712
G0 F9000 X176.117 Y181.774
G1 F1800 X175.979 Y181.635 E296.56363
G0 F9000 X175.757 Y182.545
;TYPE:SKIN
G1 F1800 X175.886 Y182.674 E296.56667
G0 F9000 X175.771 Y182.842
G1 F1800 X175.588 Y182.659 E296.57097
G0 F9000 X175.588 Y182.942
G1 F1800 X175.66 Y183.014 E296.57267
G0 F9000 X175.612 Y183.049
G0 X175.539 Y178.857
G0 X175.746 Y178.857
G1 F1800 X175.588 Y178.7 E296.57637
G0 F9000 X175.86 Y178.688
G1 F1800 X175.588 Y178.417 E296.58276
G1 F1440 E295.08276
G0 F9000 X175.613 Y178.361
G0 X175.149 Y185.605
G0 X175.177 Y187.684
G0 X175.539 Y190.706
G0 X175.819 Y190.706
;TYPE:SKIN
G1 F1440 E296.58276
G1 F1800 X175.908 Y190.823 E296.58764
G1 X176.124 Y191.081 E296.59884
G1 X176.341 Y191.316 E296.60948
G1 X176.521 Y191.49 E296.6178
G1 X176.522 Y193.289 E296.67764
G1 X176.482 Y193.326 E296.67945
G1 X176.221 Y193.584 E296.69166
G1 X175.942 Y193.913 E296.706
G1 X175.819 Y194.067 E296.71256
G1 X175.819 Y190.706 E296.82435
G0 F9000 X175.979 Y191.252
G1 F1800 X176.361 Y191.635 E296.84234
G0 F9000 X175.979 Y191.818
G1 F1800 X176.361 Y192.2 E296.86031
G0 F9000 X175.979 Y192.383
G1 F1800 X176.361 Y192.766 E296.8783
G0 F9000 X175.979 Y192.949
G1 F1800 X176.304 Y193.274 E296.89358
G0 F9000 X176.614 Y193.588
G0 X175.963 Y194.334
G0 X175.892 Y194.277
;TYPE:SKIN
G1 F1800 X175.921 Y194.306 E296.89427
G0 F9000 X175.806 Y194.474
G1 F1800 X175.588 Y194.256 E296.89939
G0 F9000 X175.588 Y194.539
G1 F1800 X175.694 Y194.644 E296.90187
G0 F9000 X175.736 Y194.671
G0 X176.734 Y193.336
G0 X176.717 Y191.374
G0 X175.957 Y190.426
G0 X175.814 Y190.522
G1 F1800 X175.588 Y190.296 E296.90719
G0 F9000 X175.669 Y190.094
G1 F1800 X175.636 Y190.061 E296.90797
G1 F1440 E295.40797
G0 F9000 X175.613 Y190.046
G0 X175.149 Y197.289
G0 X175.177 Y199.369
G0 X175.539 Y202.4
G0 X175.819 Y202.4
;TYPE:SKIN
G1 F1440 E296.90797
G1 F1800 X176.011 Y202.632 E296.91798
G1 X176.225 Y202.883 E296.92895
G1 X176.471 Y203.129 E296.94052
G1 X176.521 Y203.23 E296.94427
G1 X175.819 Y203.225 E296.96762
G1 X175.819 Y202.4 E296.99506
G0 F9000 X175.677 Y202.264
;TYPE:SKIN
G1 F1800 X175.588 Y202.175 E296.99715
G0 F9000 X175.588 Y201.893
G1 F1800 X175.885 Y202.19 E297.00414
G1 F1440 E295.50414
G0 F9000 X175.97 Y202.13
G0 X175.597 Y200.931
G0 X175.177 Y199.369
G0 X176.11 Y198.96
G0 X179.317 Y192.907
G0 X179.495 Y192.367
G0 X179.501 Y157.286
G0 X176.1 Y150.824
G0 X175.149 Y150.549
G0 X175.24 Y150.08
G0 X176.037 Y147.502
G0 X175.819 Y147.327
;TYPE:SKIN
G1 F1440 E297.00414
G1 F1800 X175.819 Y146.78 E297.02233
G1 X176.282 Y146.783 E297.03773
G1 X176.221 Y146.844 E297.0406
G1 X175.942 Y147.173 E297.05495
G1 X175.819 Y147.327 E297.0615
G0 F9000 X175.785 Y147.501
;TYPE:SKIN
G1 F1800 X175.892 Y147.608 E297.06402
G0 F9000 X175.777 Y147.776
G1 F1800 X175.588 Y147.586 E297.06848
G0 F9000 X175.588 Y147.869
G1 F1800 X175.667 Y147.948 E297.07033
G0 F9000 X175.612 Y147.994
G0 X176.579 Y146.882
G0 X176.544 Y146.846
G1 F1800 X176.462 Y146.763 E297.07228
G0 F9000 X176.536 Y146.554
G1 F1800 X176.687 Y146.706 E297.07584
G0 F9000 X177.488 Y146.375
G1 F1800 X177.646 Y146.251 E297.08295
G0 F9000 X177.572 Y146.2
G0 X175.47 Y148.883
G0 X175.514 Y148.927
G1 F1800 X175.336 Y149.032 E297.08745
G1 X175.26 Y149.521 E297.09823
G1 F1440 E295.59823
G0 F9000 X175.296 Y149.571
G0 X175.149 Y150.549
G0 X175.149 Y152.448
G0 X175.229 Y153.424
G0 X175.3 Y153.521
G1 F1440 E297.09823
G1 F1800 X175.391 Y153.895 E297.1097
G1 X175.278 Y154.065 E297.11579
G0 F9000 X175.229 Y153.99
G0 X176.756 Y156.269
G0 X176.828 Y156.463
G1 F1800 X176.719 Y156.638 E297.11849
G1 X176.71 Y157.76 E297.13322
G1 X176.697 Y158.312 E297.14046
G0 F9000 X176.802 Y158.285
G0 X175.229 Y160.513
G0 X175.358 Y160.651
G1 F1800 X175.308 Y160.883 E297.14672
G1 X175.236 Y161.377 E297.15988
G1 F1440 E295.65988
G0 F9000 X175.249 Y161.405
G0 X175.149 Y162.234
G0 X175.149 Y164.131
G0 X175.229 Y165.021
G0 X175.203 Y165.021
G1 F1440 E297.15988
G1 F1800 X175.346 Y165.164 E297.16324
G0 F9000 X175.362 Y165.462
G1 F1800 X175.313 Y165.696 E297.1759
G0 F9000 X175.229 Y165.586
G0 X176.802 Y168.184
G0 X176.749 Y168.263
G1 F1800 X176.709 Y168.507 E297.17886
G1 X176.71 Y169.356 E297.18902
G1 X176.719 Y169.931 E297.1959
G0 F9000 X176.802 Y169.882
G0 X175.334 Y172.223
G0 X175.429 Y172.318
G1 F1800 X175.32 Y172.492 E297.20097
G1 X175.247 Y172.984 E297.21325
G1 F1440 E295.71325
G0 F9000 X175.271 Y173.021
G0 X175.149 Y173.919
G0 X175.149 Y175.819
G0 X175.229 Y176.643
G0 X175.263 Y176.678
G1 F1440 E297.21325
G1 F1800 X175.333 Y177.03 E297.21998
G1 X175.236 Y177.498 E297.22894
G0 F9000 X175.229 Y177.466
G0 X176.802 Y179.782
G0 X176.779 Y179.89
G1 F1800 X176.711 Y180.105 E297.23162
G1 X176.711 Y181.236 E297.24503
G1 X176.743 Y181.551 E297.24878
G0 F9000 X176.802 Y181.479
G0 X175.447 Y183.932
G0 X175.499 Y183.984
G1 F1800 X175.334 Y184.102 E297.25328
G1 X175.259 Y184.592 E297.26426
G1 F1440 E295.76426
G0 F9000 X175.291 Y184.639
G0 X175.149 Y185.605
G0 X175.149 Y187.504
G0 X175.229 Y188.497
G0 X175.306 Y188.6
G1 F1440 E297.26426
G1 F1800 X175.384 Y188.96 E297.27533
G1 X175.271 Y189.13 E297.28146
G0 F9000 X175.229 Y189.063
G0 X176.754 Y191.327
G0 X176.817 Y191.524
G1 F1800 X176.712 Y191.703 E297.28403
G1 X176.711 Y192.833 E297.29799
G1 X176.686 Y193.374 E297.30468
G0 F9000 X176.756 Y193.453
G0 X175.229 Y195.568
G0 X175.348 Y195.712
G1 F1800 X175.306 Y195.954 E297.31103
G1 X175.227 Y196.44 E297.32375
G1 F1440 E295.82375
G0 F9000 X175.249 Y196.461
G0 X175.149 Y197.289
G0 X175.149 Y199.189
G0 X175.229 Y200.094
G0 X175.281 Y200.171
G1 F1440 E297.32375
G1 F1800 X175.369 Y200.542 E297.33408
G1 X175.307 Y200.763 E297.3403
G0 F9000 X175.229 Y200.659
G0 X176.088 Y202.048
G0 X176.801 Y203.257
G0 X176.67 Y203.257
G1 F1800 X176.858 Y203.445 E297.34472
G0 F9000 X177.797 Y203.818
G1 F1800 X177.976 Y203.715 E297.35286
G0 F9000 X177.808 Y203.878
G1 F1440 E295.85286
;MESH:NONMESH
G0 F300 X177.808 Y203.878 Z2.8
G0 F9000 X177.808 Y203.829
G0 X175.149 Y203.599
G0 X173.458 Y203.599
G0 X172.807 Y203.599
;TIME_ELAPSED:529.399297
;LAYER:13
;TYPE:WALL-INNER
;MESH:Vertical_Tension_Member.stl
G1 F1440 E297.35286
G1 F1800 X172.607 Y203.598 E297.35951
G1 X171.094 Y203.589 E297.40983
G1 X170.865 Y203.589 E297.41745
G1 X170.666 Y203.589 E297.42407
G1 X170.666 Y203.39 E297.42835
G1 X170.667 Y146.566 E299.31833
G1 X170.667 Y146.366 E299.32498
G1 X170.867 Y146.366 E299.32928
G1 X172.807 Y146.374 E299.39381
G1 X172.807 Y203.399 E301.29047
G1 X172.807 Y203.599 E301.29477
G0 F9000 X173.207 Y204.001
;TYPE:WALL-OUTER
G1 F1800 X171.093 Y203.989 E301.36508
G1 X170.266 Y203.989 E301.39259
G1 X170.267 Y145.964 E303.32251
G1 X173.207 Y145.975 E303.42029
G1 X173.207 Y204.001 E305.35024
G0 F9000 X172.373 Y203.515
;TYPE:FILL
G1 F3600 X170.745 Y201.888 E305.4268
G0 F9000 X170.746 Y203.034
G1 F3600 X172.725 Y202.504 E305.49494
G0 F9000 X170.745 Y190.611
G1 F3600 X172.726 Y190.081 E305.56314
G0 F9000 X172.727 Y186.898
G1 F3600 X170.745 Y184.917 E305.65635
G0 F9000 X170.745 Y183.228
G1 F3600 X172.726 Y175.836 E305.91088
G0 F9000 X172.725 Y177.657
G1 F3600 X170.746 Y178.188 E305.97903
G0 F9000 X172.727 Y169.928
G1 F3600 X170.745 Y167.947 E306.07224
G0 F9000 X170.746 Y165.764
G1 F3600 X172.725 Y165.234 E306.14038
G0 F9000 X170.746 Y153.341
G1 F3600 X172.725 Y152.811 E306.20852
G0 F9000 X172.727 Y152.957
G1 F3600 X170.745 Y150.976 E306.30172
G0 F9000 X170.866 Y150.976
G1 F1440 E304.80172
G0 F9000 X172.987 Y147.891
G0 X175.62 Y147.891
G0 X175.9 Y147.891
;TYPE:WALL-INNER
G1 F1440 E306.30172
G1 F1800 X175.9 Y147.609 E306.3111
G1 X175.9 Y147.332 E306.32031
G1 X175.9 Y146.591 E306.34496
G1 X175.9 Y146.391 E306.35161
G1 X176.1 Y146.392 E306.35591
G1 X176.798 Y146.397 E306.37913
G1 X177.07 Y146.398 E306.38817
G1 X177.288 Y146.4 E306.39543
G1 X177.069 Y146.58 E306.3988
G1 X176.871 Y146.766 E306.40554
G1 X176.658 Y146.965 E306.41524
G1 X176.455 Y147.177 E306.425
G1 X176.275 Y147.395 E306.4344
G1 X176.1 Y147.609 E306.44143
G1 X175.9 Y147.891 E306.44547
G1 F1440 E304.94547
G0 F9000 X175.604 Y149.05
G0 X175.611 Y149.3
G0 X175.5 Y149.618
;TYPE:WALL-OUTER
G1 F1440 E306.44547
G1 F1800 X175.5 Y145.989 E306.56617
G1 X178.387 Y146.006 E306.66219
G1 X178.054 Y146.293 E306.67681
G1 X177.808 Y146.49 E306.68729
G1 X177.333 Y146.881 E306.70776
G1 X176.939 Y147.25 E306.72571
G1 X176.754 Y147.443 E306.7346
G1 X176.418 Y147.852 E306.75221
G1 X176.22 Y148.131 E306.76359
G1 X175.93 Y148.611 E306.78224
G1 X175.784 Y148.903 E306.7931
G1 X175.66 Y149.182 E306.80325
G1 X175.541 Y149.483 E306.81402
G1 X175.5 Y149.618 E306.81871
G1 F1440 E305.31871
G0 F9000 X175.373 Y151.711
G0 X175.444 Y152.509
G0 X175.561 Y152.899
G0 X175.611 Y153.785
G0 X175.704 Y154.193
G0 X175.9 Y159.577
;TYPE:WALL-INNER
G1 F1440 E306.81871
G1 F1800 X175.9 Y159.296 E306.82806
G1 X175.9 Y159.089 E306.83494
G1 X175.9 Y159.045 E306.8364
G1 X175.9 Y155.626 E306.95012
G1 X175.9 Y155.59 E306.95132
G1 X175.9 Y155.325 E306.96013
G1 X175.9 Y155.091 E306.96792
G1 X176.072 Y155.325 E306.97107
G1 X176.272 Y155.59 E306.97912
G1 X176.295 Y155.617 E306.98026
G1 X176.485 Y155.838 E306.98995
G1 X176.695 Y156.056 E307.00002
G1 X177.043 Y156.377 E307.01576
G1 X177.263 Y156.562 E307.02532
G1 X177.692 Y156.915 E307.0438
G1 X177.931 Y157.134 E307.05458
G1 X178.024 Y157.22 E307.0588
G1 X178.121 Y157.334 E307.06378
G1 X178.034 Y157.425 E307.06796
G1 X177.841 Y157.627 E307.07726
G1 X177.069 Y158.265 E307.11057
G1 X176.696 Y158.614 E307.12756
G1 X176.491 Y158.821 E307.13725
G1 X176.295 Y159.056 E307.14742
G1 X176.267 Y159.089 E307.14881
G1 X176.098 Y159.296 E307.15552
G1 X175.9 Y159.577 E307.1595
G1 F1440 E305.6595
G0 F9000 X175.604 Y160.735
G0 X175.611 Y160.991
G0 X175.5 Y161.302
;TYPE:WALL-OUTER
G1 F1440 E307.1595
G1 F1800 X175.5 Y153.376 E307.42312
G1 X175.676 Y153.843 E307.43972
G1 X175.814 Y154.145 E307.45076
G1 X176.028 Y154.543 E307.46579
G1 X176.211 Y154.838 E307.47734
G1 X176.393 Y155.087 E307.4876
G1 X176.583 Y155.339 E307.49809
G1 X176.781 Y155.568 E307.50816
G1 X176.975 Y155.77 E307.51748
G1 X177.308 Y156.077 E307.53254
G1 X177.519 Y156.255 E307.54172
G1 X177.954 Y156.613 E307.56046
G1 X178.149 Y156.782 E307.56905
G1 X178.322 Y156.953 E307.57714
G1 X178.501 Y157.164 E307.58634
G1 X178.592 Y157.312 E307.59212
G1 X178.475 Y157.538 E307.60058
G1 X178.296 Y157.738 E307.60951
G1 X178.114 Y157.921 E307.61809
G1 X177.333 Y158.566 E307.65178
G1 X176.975 Y158.901 E307.66809
G1 X176.787 Y159.091 E307.67698
G1 X176.575 Y159.344 E307.68796
G1 X176.417 Y159.538 E307.69628
G1 X176.22 Y159.817 E307.70764
G1 X175.93 Y160.295 E307.72624
G1 X175.784 Y160.588 E307.73712
G1 X175.66 Y160.866 E307.74725
G1 X175.543 Y161.161 E307.7578
G1 X175.5 Y161.302 E307.76271
G1 F1440 E306.26271
G0 F9000 X175.36 Y163.319
G0 X175.444 Y164.194
G0 X175.561 Y164.588
G0 X175.611 Y165.47
G0 X175.704 Y165.878
G0 X175.9 Y171.261
;TYPE:WALL-INNER
G1 F1440 E307.76271
G1 F1800 X175.9 Y170.98 E307.77205
G1 X175.9 Y170.702 E307.7813
G1 X175.9 Y167.306 E307.89425
G1 X175.9 Y167.305 E307.89428
G1 X175.9 Y167.013 E307.904
G1 X175.9 Y166.776 E307.91188
G1 X176.074 Y167.013 E307.9151
G1 X176.298 Y167.305 E307.9244
G1 X176.485 Y167.522 E307.93393
G1 X176.695 Y167.741 E307.94402
G1 X177.043 Y168.062 E307.95976
G1 X177.263 Y168.247 E307.96933
G1 X177.692 Y168.6 E307.9878
G1 X177.931 Y168.819 E307.99859
G1 X178.023 Y168.904 E308.00275
G1 X178.12 Y169.019 E308.00776
G1 X178.034 Y169.11 E308.01192
G1 X177.844 Y169.312 E308.02114
G1 X177.3 Y169.758 E308.04454
G1 X177.069 Y169.95 E308.05453
G1 X176.657 Y170.336 E308.07331
G1 X176.454 Y170.547 E308.08305
G1 X176.276 Y170.765 E308.09241
G1 X176.1 Y170.98 E308.09947
G1 X175.9 Y171.261 E308.1035
G1 F1440 E306.6035
G0 F9000 X175.604 Y172.422
G0 X175.61 Y172.678
G0 X175.5 Y172.988
;TYPE:WALL-OUTER
G1 F1440 E308.1035
G1 F1800 X175.5 Y165.06 E308.36718
G1 X175.676 Y165.528 E308.38381
G1 X175.814 Y165.83 E308.39486
G1 X176.028 Y166.228 E308.40989
G1 X176.211 Y166.523 E308.42143
G1 X176.394 Y166.773 E308.43174
G1 X176.609 Y167.053 E308.44348
G1 X176.781 Y167.253 E308.45225
G1 X176.975 Y167.455 E308.46157
G1 X177.308 Y167.762 E308.47663
G1 X177.519 Y167.94 E308.48581
G1 X177.954 Y168.298 E308.50455
G1 X178.149 Y168.467 E308.51314
G1 X178.322 Y168.638 E308.52123
G1 X178.512 Y168.863 E308.53102
G1 X178.595 Y169.01 E308.53664
G1 X178.478 Y169.22 E308.54463
G1 X178.289 Y169.43 E308.55403
G1 X178.11 Y169.611 E308.56249
G1 X177.555 Y170.067 E308.58639
G1 X177.333 Y170.251 E308.59598
G1 X177.13 Y170.439 E308.60518
G1 X176.939 Y170.62 E308.61393
G1 X176.754 Y170.813 E308.62282
G1 X176.418 Y171.223 E308.64045
G1 X176.22 Y171.502 E308.65183
G1 X175.93 Y171.981 E308.67046
G1 X175.784 Y172.274 E308.68134
G1 X175.66 Y172.551 E308.69144
G1 X175.541 Y172.853 E308.70223
G1 X175.5 Y172.988 E308.70693
G1 F1440 E307.20693
G0 F9000 X175.36 Y175.004
G0 X175.444 Y175.88
G0 X175.561 Y176.274
G0 X175.611 Y177.155
G0 X175.704 Y177.563
G0 X175.9 Y182.946
;TYPE:WALL-INNER
G1 F1440 E308.70693
G1 F1800 X175.9 Y182.665 E308.71627
G1 X175.9 Y182.387 E308.72552
G1 X175.9 Y178.991 E308.83847
G1 X175.9 Y178.99 E308.8385
G1 X175.9 Y178.699 E308.84818
G1 X175.9 Y178.462 E308.85607
G1 X176.074 Y178.699 E308.85929
G1 X176.298 Y178.99 E308.86857
G1 X176.485 Y179.208 E308.87812
G1 X176.695 Y179.426 E308.88819
G1 X177.043 Y179.747 E308.90394
G1 X177.263 Y179.933 E308.91352
G1 X177.704 Y180.296 E308.93251
G1 X177.87 Y180.441 E308.93985
G1 X177.888 Y180.456 E308.94062
G1 X178.104 Y180.669 E308.95071
G1 X178.108 Y180.734 E308.95288
G1 X178.091 Y180.75 E308.95366
G1 X177.781 Y181.047 E308.96794
G1 X177.069 Y181.636 E308.99867
G1 X176.658 Y182.02 E309.01738
G1 X176.454 Y182.232 E309.02716
G1 X176.276 Y182.45 E309.03652
G1 X176.1 Y182.665 E309.04359
G1 X175.9 Y182.946 E309.04761
G1 F1440 E307.54761
G0 F9000 X175.604 Y184.106
G0 X175.61 Y184.36
G0 X175.5 Y184.673
;TYPE:WALL-OUTER
G1 F1440 E309.04761
G1 F1800 X175.5 Y176.746 E309.31127
G1 X175.676 Y177.213 E309.32787
G1 X175.814 Y177.515 E309.33891
G1 X176.028 Y177.913 E309.35394
G1 X176.211 Y178.209 E309.36551
G1 X176.394 Y178.459 E309.37582
G1 X176.609 Y178.738 E309.38753
G1 X176.781 Y178.939 E309.39633
G1 X176.975 Y179.14 E309.40562
G1 X177.308 Y179.447 E309.42069
G1 X177.519 Y179.626 E309.42989
G1 X177.958 Y179.987 E309.4488
G1 X178.165 Y180.167 E309.45792
G1 X178.421 Y180.419 E309.46987
G1 X178.591 Y180.706 E309.48096
G1 X178.424 Y180.984 E309.49175
G1 X178.229 Y181.175 E309.50083
G1 X178.044 Y181.349 E309.50927
G1 X177.333 Y181.937 E309.53996
G1 X176.939 Y182.305 E309.55789
G1 X176.754 Y182.498 E309.56678
G1 X176.418 Y182.908 E309.58442
G1 X176.22 Y183.187 E309.59579
G1 X175.93 Y183.666 E309.61442
G1 X175.784 Y183.959 E309.62531
G1 X175.66 Y184.237 E309.63543
G1 X175.543 Y184.532 E309.64599
G1 X175.5 Y184.673 E309.65089
G1 F1440 E308.15089
G0 F9000 X175.361 Y186.802
G0 X175.449 Y187.585
G0 X175.562 Y187.959
G0 X175.611 Y188.837
G0 X175.704 Y189.247
G0 X175.9 Y194.631
;TYPE:WALL-INNER
G1 F1440 E309.65089
G1 F1800 X175.9 Y194.35 E309.66024
G1 X175.9 Y194.072 E309.66948
G1 X175.9 Y190.683 E309.7822
G1 X175.9 Y190.647 E309.7834
G1 X175.9 Y190.252 E309.79654
G1 X175.9 Y190.145 E309.80009
G1 X175.974 Y190.252 E309.80101
G1 X176.272 Y190.647 E309.81126
G1 X176.295 Y190.674 E309.81241
G1 X176.486 Y190.894 E309.8221
G1 X176.695 Y191.111 E309.83212
G1 X177.043 Y191.432 E309.84786
G1 X177.263 Y191.618 E309.85745
G1 X177.697 Y191.975 E309.87614
G1 X177.931 Y192.189 E309.88668
G1 X178.023 Y192.274 E309.89085
G1 X178.121 Y192.39 E309.8959
G1 X178.034 Y192.481 E309.90009
G1 X177.842 Y192.682 E309.90933
G1 X177.069 Y193.322 E309.94271
G1 X176.658 Y193.705 E309.9614
G1 X176.454 Y193.917 E309.97118
G1 X176.276 Y194.135 E309.98054
G1 X176.1 Y194.35 E309.98761
G1 X175.9 Y194.631 E309.99163
G1 F1440 E308.49163
G0 F9000 X175.604 Y195.793
G0 X175.5 Y196.359
;TYPE:WALL-OUTER
G1 F1440 E309.99163
G1 F1800 X175.5 Y188.43 E310.25535
G1 X175.676 Y188.899 E310.27201
G1 X175.814 Y189.2 E310.28303
G1 X176.006 Y189.559 E310.29657
G1 X176.141 Y189.79 E310.30547
G1 X176.298 Y190.018 E310.31467
G1 X176.583 Y190.395 E310.33039
G1 X176.781 Y190.624 E310.34046
G1 X176.975 Y190.825 E310.34975
G1 X177.308 Y191.132 E310.36482
G1 X177.519 Y191.311 E310.37402
G1 X177.958 Y191.672 E310.39292
G1 X178.149 Y191.837 E310.40132
G1 X178.322 Y192.008 E310.40941
G1 X178.512 Y192.233 E310.4192
G1 X178.595 Y192.381 E310.42485
G1 X178.475 Y192.594 E310.43298
G1 X178.296 Y192.794 E310.44191
G1 X178.114 Y192.977 E310.45049
G1 X177.556 Y193.437 E310.47454
G1 X177.333 Y193.622 E310.48418
G1 X176.939 Y193.99 E310.50211
G1 X176.754 Y194.183 E310.511
G1 X176.418 Y194.593 E310.52863
G1 X176.22 Y194.872 E310.54001
G1 X175.93 Y195.35 E310.55861
G1 X175.784 Y195.644 E310.56953
G1 X175.66 Y195.923 E310.57968
G1 X175.541 Y196.224 E310.59045
G1 X175.5 Y196.359 E310.59514
G1 F1440 E309.09514
G0 F9000 X175.421 Y197.5
G0 X175.312 Y200.416
G0 X175.604 Y200.676
G0 X175.884 Y201.31
G0 X176.232 Y201.811
G0 X177.661 Y203.628
;TYPE:WALL-INNER
G1 F1440 E310.59514
G1 F1800 X177.098 Y203.625 E310.61387
G1 X175.9 Y203.617 E310.65371
G1 X175.9 Y202.414 E310.69372
G1 X175.9 Y201.974 E310.70836
G1 X175.9 Y201.831 E310.71311
G1 X175.998 Y201.974 E310.71447
G1 X176.267 Y202.322 E310.72387
G1 X176.302 Y202.367 E310.72576
G1 X176.573 Y202.672 E310.73933
G1 X176.868 Y202.959 E310.75302
G1 X177.163 Y203.22 E310.76612
G1 X177.225 Y203.271 E310.76879
G1 X177.661 Y203.628 E310.7787
G0 F9000 X178.426 Y203.913
G0 X178.767 Y204.056
G0 X178.705 Y204.034
;TYPE:WALL-OUTER
G1 F1800 X175.5 Y204.015 E310.88531
G1 X175.5 Y200.116 E311.01499
G1 X175.676 Y200.584 E311.03162
G1 X175.814 Y200.886 E311.04266
G1 X176.006 Y201.244 E311.05617
G1 X176.141 Y201.476 E311.0651
G1 X176.321 Y201.738 E311.07567
G1 X176.61 Y202.111 E311.09137
G1 X176.863 Y202.396 E311.10404
G1 X177.14 Y202.666 E311.11691
G1 X177.422 Y202.915 E311.12942
G1 X177.915 Y203.319 E311.15062
G1 X178.129 Y203.484 E311.15961
G1 X178.532 Y203.847 E311.17765
G1 X178.705 Y204.034 E311.18612
G1 F1440 E309.68612
G0 F9000 X178.839 Y204.091
G0 X179.122 Y203.214
G0 X179.505 Y192.242
G0 X179.505 Y168.87
G0 X177.245 Y159.889
G0 X176.704 Y159.006
G0 X177.54 Y157.771
;TYPE:FILL
G1 F1440 E311.18612
G1 F3600 X175.979 Y156.209 E311.25957
G0 F9000 X177.752 Y157.079
G1 F3600 X177.574 Y157.743 E311.28243
G0 F9000 X176.276 Y158.609
;TYPE:SKIN
G1 F1800 X176.074 Y158.811 E311.28718
G0 F9000 X175.714 Y159.737
G1 F1800 X175.821 Y159.912 E311.29597
G0 F9000 X175.968 Y159.765
G0 X176.282 Y156.057
G0 X176.325 Y156.013
G1 F1800 X176.155 Y155.901 E311.30184
G0 F9000 X176.074 Y155.982
G0 X175.7 Y154.968
G0 X175.801 Y154.841
G1 F1800 X175.749 Y154.61 E311.31135
G1 F1440 E309.81135
G0 F9000 X175.7 Y154.685
G0 X175.604 Y153.934
G0 X176.476 Y153.513
G0 X176.458 Y149.514
G0 X175.604 Y149.05
G0 X175.7 Y148.463
G0 X175.849 Y148.287
G1 F1440 E311.31135
G1 F1800 X175.747 Y148.106 E311.32308
G0 F9000 X175.7 Y148.18
G0 X176.074 Y147.214
G1 F1800 X176.718 Y146.57 E311.33823
G0 F9000 X176.255 Y146.75
G1 F1800 X176.115 Y146.607 E311.34866
G0 F9000 X176.156 Y146.566
G0 X177.456 Y146.397
G1 F1800 X177.678 Y146.176 E311.35387
G1 F1440 E309.85387
G0 F9000 X177.678 Y146.201
G0 X176.669 Y147.36
G0 X177.401 Y148.017
G0 X179.493 Y157.133
G0 X179.423 Y157.587
G0 X176.474 Y165.194
G0 X175.604 Y165.619
G0 X175.771 Y166.174
G0 X175.733 Y166.222
G1 F1440 E311.35387
G1 F1800 X175.783 Y166.455 E311.35656
G1 X175.962 Y166.56 E311.3589
G1 X176.231 Y167.704 E311.37214
G0 F9000 X176.326 Y167.609
G0 X176.214 Y170.267
G0 X176.144 Y170.337
G1 F1800 X176.186 Y170.578 E311.37927
G0 F9000 X175.788 Y171.542
G1 F1800 X175.769 Y171.844 E311.38911
G1 F1440 E309.88911
G0 F9000 X175.7 Y171.939
G0 X175.604 Y172.422
G0 X176.356 Y173.142
G0 X176.476 Y176.883
G0 X175.604 Y177.304
G0 X175.74 Y177.801
G0 X175.718 Y177.834
G1 F1440 E311.38911
G1 F1800 X175.768 Y178.067 E311.39181
G1 X175.879 Y178.238 E311.39413
G1 X176.18 Y179.352 E311.40723
G0 F9000 X176.075 Y179.458
G0 X176.152 Y181.926
G0 X176.113 Y181.964
G1 F1800 X176.214 Y182.146 E311.41557
G0 F9000 X175.755 Y183.171
G1 F1800 X175.836 Y183.373 E311.42696
G0 F9000 X175.98 Y183.199
G0 X178.264 Y180.662
G1 F1800 X178.325 Y180.601 E311.42839
G1 F1440 E309.92839
G0 F9000 X178.303 Y180.611
G0 X177.257 Y181.844
G0 X177.909 Y182.583
G0 X176.472 Y188.559
G0 X175.604 Y188.99
G0 X175.711 Y189.432
G0 X175.697 Y189.451
G1 F1440 E311.42839
G1 F1800 X175.752 Y189.679 E311.43374
G1 X175.804 Y189.91 E311.43913
G0 F9000 X175.7 Y190.04
G0 X176.245 Y190.884
G0 X176.159 Y190.969
G1 F1800 X176.345 Y191.067 E311.44469
G0 F9000 X176.378 Y191.034
G0 X176.29 Y193.668
G1 F1800 X176.074 Y193.883 E311.44976
G0 F9000 X175.721 Y194.801
G1 F1800 X175.829 Y194.977 E311.4592
G1 F1440 E309.9592
G0 F9000 X175.983 Y194.823
G0 X175.604 Y195.793
G0 X176.358 Y196.51
G0 X176.474 Y200.25
G0 X175.604 Y200.676
G0 X175.777 Y201.24
G0 X175.737 Y201.291
G1 F1440 E311.4592
G1 F1800 X175.787 Y201.524 E311.4613
G1 X175.976 Y201.617 E311.46316
G1 X176.14 Y202.586 E311.47185
G1 X176.249 Y202.759 E311.47366
G1 X176.802 Y203.337 E311.48072
G1 X178.053 Y203.783 E311.49246
G0 F9000 X177.756 Y203.826
G1 F1440 E309.99246
;MESH:NONMESH
G0 F300 X177.756 Y203.826 Z3
G0 F9000 X175.62 Y203.597
G0 X172.987 Y203.597
G0 X172.532 Y203.597
;TIME_ELAPSED:558.171379
;LAYER:14
;TYPE:WALL-INNER
;MESH:Vertical_Tension_Member.stl
G1 F1440 E311.49246
G1 F1800 X172.332 Y203.596 E311.49911
G1 X171.114 Y203.589 E311.53963
G1 X170.866 Y203.589 E311.54787
G1 X170.667 Y203.589 E311.55449
G1 X170.667 Y203.39 E311.55877
G1 X170.668 Y146.565 E313.44878
G1 X170.668 Y146.365 E313.45543
G1 X170.868 Y146.365 E313.45974
G1 X172.531 Y146.372 E313.51505
G1 X172.532 Y203.397 E315.41171
G1 X172.532 Y203.597 E315.41601
G0 F9000 X172.932 Y203.999
;TYPE:WALL-OUTER
G1 F1800 X171.113 Y203.989 E315.47651
G1 X170.267 Y203.989 E315.50465
G1 X170.268 Y145.964 E317.43457
G1 X172.931 Y145.973 E317.52314
G1 X172.932 Y203.999 E319.45309
G0 F9000 X172.452 Y203.393
;TYPE:FILL
G1 F3600 X170.747 Y201.688 E319.53329
G0 F9000 X170.747 Y203.181
G1 F3600 X172.45 Y202.725 E319.59193
G0 F9000 X170.746 Y190.758
G1 F3600 X172.45 Y190.301 E319.65061
G0 F9000 X172.452 Y186.423
G1 F3600 X170.747 Y184.718 E319.73081
G0 F9000 X170.746 Y182.677
G1 F3600 X172.45 Y176.317 E319.9498
G0 F9000 X172.45 Y177.878
G1 F3600 X170.747 Y178.334 E320.00844
G0 F9000 X172.451 Y169.451
G1 F3600 X170.747 Y167.747 E320.08859
G0 F9000 X170.747 Y165.911
G1 F3600 X172.45 Y165.455 E320.14723
G0 F9000 X170.747 Y153.488
G1 F3600 X172.449 Y153.032 E320.20583
G0 F9000 X172.45 Y152.48
G1 F3600 X170.747 Y150.777 E320.28594
G0 F9000 X170.867 Y150.777
G1 F1440 E318.78594
G0 F9000 X172.731 Y202.192
G0 X173.796 Y202.191
G0 X174.911 Y202.195
G0 X175.996 Y202.195
G0 X176.177 Y202.192
;TYPE:WALL-INNER
G1 F1440 E320.28594
G1 F1800 X176.413 Y202.487 E320.2985
G1 X176.553 Y202.638 E320.30535
G1 X176.636 Y202.727 E320.3094
G1 X176.961 Y203.036 E320.32431
G1 X177.171 Y203.218 E320.33356
G1 X177.232 Y203.268 E320.33618
G1 X177.632 Y203.598 E320.35343
G1 X177.671 Y203.628 E320.35506
G1 X177.632 Y203.628
G1 X177.113 Y203.625 E320.36481
G1 X176.176 Y203.618 E320.39598
G1 X176.176 Y202.693 E320.42674
G1 X176.176 Y202.487 E320.43151
G1 X176.177 Y202.192 E320.43389
G0 F9000 X176.005 Y201.667
G0 X175.777 Y200.782
;TYPE:WALL-OUTER
G1 F1800 X175.84 Y200.92 E320.43894
G1 X175.973 Y201.152 E320.44783
G1 X176.118 Y201.423 E320.45806
G1 X176.298 Y201.694 E320.46888
G1 X176.524 Y201.987 E320.48118
G1 X176.716 Y202.225 E320.49135
G1 X176.921 Y202.446 E320.50138
G1 X177.23 Y202.74 E320.51557
G1 X177.429 Y202.912 E320.52432
G1 X177.881 Y203.285 E320.54381
G1 X178.134 Y203.478 E320.55439
G1 X178.317 Y203.647 E320.56268
G1 X178.52 Y203.824 E320.57163
G1 X178.7 Y204 E320.58001
G1 X178.716 Y204.034 E320.58126
G1 X175.776 Y204.016 E320.67904
G1 X175.777 Y200.782 E320.78661
G0 F9000 X176.102 Y201.841
;TYPE:SKIN
G1 F1800 X175.998 Y202.02 E320.79592
G0 F9000 X176.076 Y201.974
G0 X176.351 Y202.938
G0 X176.604 Y203.191
G1 F1800 X177.039 Y203.343 E320.80644
G1 X176.462 Y203.332 E320.81962
G0 F9000 X176.351 Y203.221
G0 X177.78 Y203.729
G0 X177.805 Y203.827
G1 F1800 X177.983 Y203.722 E320.82703
G1 F1440 E319.32703
G0 F9000 X178.045 Y203.804
G0 X177.288 Y203.08
G0 X177.798 Y202.089
G0 X176.751 Y195.67
G0 X175.983 Y194.875
G0 X176.178 Y194.265
;TYPE:WALL-INNER
G1 F1440 E320.82703
G1 F1800 X176.178 Y193.911 E320.8388
G1 X176.178 Y193.779 E320.84319
G1 X176.178 Y190.996 E320.93575
G1 X176.178 Y190.882 E320.93955
G1 X176.178 Y190.629 E320.94796
G1 X176.177 Y190.509 E320.95195
G1 X176.268 Y190.628 E320.95314
G1 X176.484 Y190.882 E320.95961
G1 X176.563 Y190.963 E320.96296
G1 X176.717 Y191.121 E320.9703
G1 X176.983 Y191.371 E320.98244
G1 X177.236 Y191.589 E320.99355
G1 X177.708 Y191.976 E321.01385
G1 X177.982 Y192.23 E321.02628
G1 X178.052 Y192.295 E321.02945
G1 X178.126 Y192.397 E321.03364
G1 X178.03 Y192.505 E321.03845
G1 X177.963 Y192.573 E321.04163
G1 X177.851 Y192.688 E321.04696
G1 X177.622 Y192.868 E321.05665
G1 X177.43 Y193.032 E321.06505
G1 X177.171 Y193.245 E321.0762
G1 X176.961 Y193.427 E321.08545
G1 X176.695 Y193.681 E321.09768
G1 X176.561 Y193.817 E321.10403
G1 X176.469 Y193.911 E321.10785
G1 X176.178 Y194.265 E321.11501
G0 F9000 X176.005 Y194.798
G0 X175.778 Y195.678
;TYPE:WALL-OUTER
G1 F1800 X175.777 Y189.097 E321.33389
G1 X175.84 Y189.234 E321.33891
G1 X175.973 Y189.467 E321.34783
G1 X176.118 Y189.737 E321.35802
G1 X176.298 Y190.007 E321.36882
G1 X176.58 Y190.377 E321.38429
G1 X176.78 Y190.613 E321.39458
G1 X176.997 Y190.835 E321.4049
G1 X177.251 Y191.074 E321.4165
G1 X177.494 Y191.283 E321.42717
G1 X177.734 Y191.481 E321.43751
G1 X177.961 Y191.666 E321.44725
G1 X178.156 Y191.834 E321.45581
G1 X178.357 Y192.034 E321.46525
G1 X178.604 Y192.374 E321.47922
G1 X178.475 Y192.606 E321.48805
G1 X178.316 Y192.784 E321.49599
G1 X178.115 Y192.99 E321.50556
G1 X177.875 Y193.178 E321.5157
G1 X177.684 Y193.341 E321.52405
G1 X177.429 Y193.55 E321.53502
G1 X177.231 Y193.723 E321.54377
G1 X176.976 Y193.966 E321.55548
G1 X176.767 Y194.179 E321.56541
G1 X176.455 Y194.558 E321.58173
G1 X176.279 Y194.794 E321.59153
G1 X176.139 Y195.014 E321.6002
G1 X176.004 Y195.236 E321.60884
G1 X175.843 Y195.533 E321.62008
G1 X175.778 Y195.678 E321.62536
G0 F9000 X176.022 Y194.69
;TYPE:SKIN
G1 F1800 X176.093 Y194.478 E321.62831
G1 X176.465 Y193.436 E321.64291
G0 F9000 X176.353 Y193.323
G0 X176.434 Y191.425
G0 X176.392 Y191.383
G1 F1800 X176.494 Y191.202 E321.6513
G0 F9000 X176.631 Y191.339
G0 X176.178 Y190.343
G0 X176.072 Y190.214
G1 F1800 X175.966 Y190.391 E321.65763
G0 F9000 X176.043 Y190.661
G1 F1440 E320.15763
G0 F9000 X176.078 Y190.662
G0 X175.982 Y189.906
G0 X176.861 Y189.293
G0 X176.751 Y183.985
G0 X175.983 Y183.19
G0 X176.178 Y182.58
;TYPE:WALL-INNER
G1 F1440 E321.65763
G1 F1800 X176.178 Y182.226 E321.66941
G1 X176.178 Y182.094 E321.6738
G1 X176.178 Y179.311 E321.76636
G1 X176.178 Y179.197 E321.77015
G1 X176.178 Y178.943 E321.7786
G1 X176.177 Y178.823 E321.78259
G1 X176.268 Y178.942 E321.78377
G1 X176.484 Y179.197 E321.79026
G1 X176.563 Y179.278 E321.79362
G1 X176.717 Y179.436 E321.80096
G1 X176.984 Y179.687 E321.81315
G1 X177.236 Y179.903 E321.82418
G1 X177.708 Y180.291 E321.84451
G1 X177.984 Y180.547 E321.85703
G1 X178.052 Y180.61 E321.86011
G1 X178.126 Y180.71 E321.86425
G1 X178.023 Y180.827 E321.86943
G1 X177.958 Y180.893 E321.87251
G1 X177.843 Y181.009 E321.87795
G1 X177.622 Y181.183 E321.8873
G1 X177.428 Y181.348 E321.89577
G1 X177.17 Y181.56 E321.90688
G1 X176.961 Y181.742 E321.9161
G1 X176.695 Y181.996 E321.92833
G1 X176.561 Y182.132 E321.93468
G1 X176.469 Y182.226 E321.9385
G1 X176.178 Y182.58 E321.94566
G0 F9000 X176.005 Y183.113
G0 X175.778 Y183.993
;TYPE:WALL-OUTER
G1 F1800 X175.777 Y177.412 E322.16454
G1 X175.84 Y177.549 E322.16956
G1 X175.973 Y177.782 E322.17848
G1 X176.118 Y178.052 E322.18867
G1 X176.298 Y178.322 E322.19947
G1 X176.58 Y178.691 E322.21491
G1 X176.78 Y178.928 E322.22523
G1 X176.997 Y179.15 E322.23555
G1 X177.251 Y179.389 E322.24715
G1 X177.494 Y179.597 E322.25779
G1 X177.734 Y179.796 E322.26816
G1 X177.961 Y179.981 E322.2779
G1 X178.156 Y180.149 E322.28646
G1 X178.357 Y180.349 E322.29589
G1 X178.602 Y180.681 E322.30962
G1 X178.477 Y180.917 E322.3185
G1 X178.316 Y181.099 E322.32658
G1 X178.115 Y181.304 E322.33613
G1 X177.875 Y181.493 E322.34629
G1 X177.682 Y181.657 E322.35471
G1 X177.429 Y181.865 E322.36561
G1 X177.231 Y182.038 E322.37435
G1 X176.976 Y182.281 E322.38607
G1 X176.767 Y182.494 E322.39599
G1 X176.455 Y182.873 E322.41232
G1 X176.279 Y183.109 E322.42211
G1 X176.139 Y183.329 E322.43079
G1 X176.004 Y183.551 E322.43943
G1 X175.843 Y183.848 E322.45066
G1 X175.778 Y183.993 E322.45595
G0 F9000 X176.005 Y183.076
;TYPE:SKIN
G1 F1800 X176.062 Y182.85 E322.4636
G0 F9000 X176.078 Y182.741
G0 X176.535 Y181.909
G1 F1800 X176.352 Y181.726 E322.46791
G0 F9000 X176.569 Y179.68
G1 F1800 X176.352 Y179.463 E322.47301
G0 F9000 X176.038 Y178.584
G1 F1800 X176.051 Y178.314 E322.48155
G1 F1440 E320.98155
G0 F9000 X176.078 Y178.368
G0 X176.861 Y177.608
G0 X176.744 Y172.312
G0 X175.983 Y171.505
G0 X176.178 Y170.894
;TYPE:WALL-INNER
G1 F1440 E322.48155
G1 F1800 X176.178 Y170.649 E322.4897
G1 X176.178 Y170.434 E322.49685
G1 X176.178 Y170.429 E322.49702
G1 X176.178 Y167.626 E322.59024
G1 X176.178 Y167.512 E322.59404
G1 X176.178 Y167.258 E322.60248
G1 X176.177 Y167.138 E322.60648
G1 X176.268 Y167.257 E322.60766
G1 X176.484 Y167.512 E322.61415
G1 X176.563 Y167.593 E322.6175
G1 X176.717 Y167.751 E322.62484
G1 X176.984 Y168.002 E322.63703
G1 X177.236 Y168.218 E322.64807
G1 X177.708 Y168.606 E322.66839
G1 X177.951 Y168.831 E322.67941
G1 X178.053 Y168.926 E322.68404
G1 X178.124 Y169.024 E322.68807
G1 X178.028 Y169.125 E322.6927
G1 X177.872 Y169.289 E322.70023
G1 X177.69 Y169.443 E322.70816
G1 X177.235 Y169.819 E322.72779
G1 X176.988 Y170.032 E322.73864
G1 X176.575 Y170.43 E322.75772
G1 X176.572 Y170.433 E322.75786
G1 X176.378 Y170.649 E322.76607
G1 X176.178 Y170.894 E322.76999
G0 F9000 X176.005 Y171.428
G0 X175.778 Y172.308
;TYPE:WALL-OUTER
G1 F1800 X175.777 Y165.727 E322.98888
G1 X175.84 Y165.864 E322.99389
G1 X175.973 Y166.097 E323.00282
G1 X176.118 Y166.367 E323.01301
G1 X176.298 Y166.637 E323.0238
G1 X176.58 Y167.006 E323.03925
G1 X176.78 Y167.243 E323.04956
G1 X176.997 Y167.465 E323.05989
G1 X177.251 Y167.704 E323.07149
G1 X177.494 Y167.912 E323.08213
G1 X177.734 Y168.111 E323.0925
G1 X177.961 Y168.296 E323.10224
G1 X178.156 Y168.464 E323.1108
G1 X178.357 Y168.664 E323.12023
G1 X178.604 Y169.003 E323.13418
G1 X178.474 Y169.237 E323.14308
G1 X178.149 Y169.579 E323.15878
G1 X177.945 Y169.752 E323.16767
G1 X177.493 Y170.125 E323.18716
G1 X177.258 Y170.328 E323.19749
G1 X176.86 Y170.711 E323.21586
G1 X176.682 Y170.909 E323.22472
G1 X176.455 Y171.188 E323.23668
G1 X176.279 Y171.424 E323.24647
G1 X176.139 Y171.644 E323.25515
G1 X176.004 Y171.864 E323.26373
G1 X175.872 Y172.1 E323.27273
G1 X175.778 Y172.308 E323.28032
G0 F9000 X175.988 Y171.462
;TYPE:SKIN
G1 F1800 X176.042 Y171.234 E323.28252
G1 X176.198 Y171.107 E323.28441
G1 X176.421 Y170.198 E323.2932
G1 X176.581 Y170.076 E323.29509
G0 F9000 X176.633 Y170.128
G0 X176.508 Y168.023
G1 F1800 X176.351 Y167.865 E323.2988
G0 F9000 X176.005 Y166.954
G1 F1800 X176.111 Y166.777 E323.30886
G0 F9000 X176.378 Y167.177
G1 F1440 E321.80886
G0 F9000 X176.347 Y167.193
G0 X175.982 Y166.536
G0 X176.861 Y165.923
G0 X176.751 Y160.615
G0 X175.983 Y159.82
G0 X176.178 Y159.209
;TYPE:WALL-INNER
G1 F1440 E323.30886
G1 F1800 X176.178 Y158.964 E323.317
G1 X176.178 Y158.749 E323.32415
G1 X176.178 Y158.744 E323.32432
G1 X176.178 Y155.964 E323.41678
G1 X176.178 Y155.711 E323.4252
G1 X176.177 Y155.452 E323.43381
G1 X176.382 Y155.71 E323.43788
G1 X176.552 Y155.898 E323.44439
G1 X176.589 Y155.939 E323.44623
G1 X176.982 Y156.314 E323.46429
G1 X177.236 Y156.533 E323.47545
G1 X177.708 Y156.921 E323.49577
G1 X177.951 Y157.146 E323.50678
G1 X178.052 Y157.24 E323.51137
G1 X178.125 Y157.339 E323.51546
G1 X178.03 Y157.439 E323.52005
G1 X177.877 Y157.6 E323.52744
G1 X177.69 Y157.758 E323.53558
G1 X177.235 Y158.134 E323.55521
G1 X176.988 Y158.347 E323.56606
G1 X176.575 Y158.745 E323.58514
G1 X176.572 Y158.748 E323.58528
G1 X176.378 Y158.964 E323.59349
G1 X176.178 Y159.209 E323.59741
G0 F9000 X176.005 Y159.743
G0 X175.778 Y160.623
;TYPE:WALL-OUTER
G1 F1800 X175.777 Y154.042 E323.8163
G1 X175.839 Y154.177 E323.82124
G1 X176.015 Y154.504 E323.83359
G1 X176.162 Y154.753 E323.84321
G1 X176.35 Y155.022 E323.85412
G1 X176.524 Y155.246 E323.86356
G1 X176.687 Y155.451 E323.87227
G1 X176.876 Y155.66 E323.88164
G1 X177.251 Y156.018 E323.89889
G1 X177.494 Y156.227 E323.90955
G1 X177.734 Y156.426 E323.91992
G1 X177.961 Y156.611 E323.92966
G1 X178.156 Y156.779 E323.93822
G1 X178.357 Y156.979 E323.94765
G1 X178.602 Y157.311 E323.96137
G1 X178.475 Y157.55 E323.97037
G1 X178.149 Y157.894 E323.98614
G1 X177.945 Y158.067 E323.99503
G1 X177.493 Y158.44 E324.01452
G1 X177.258 Y158.643 E324.02485
G1 X176.86 Y159.026 E324.04322
G1 X176.682 Y159.224 E324.05208
G1 X176.455 Y159.503 E324.06404
G1 X176.279 Y159.739 E324.07383
G1 X176.139 Y159.959 E324.08251
G1 X176.004 Y160.18 E324.09112
G1 X175.843 Y160.478 E324.10239
G1 X175.778 Y160.623 E324.10767
G0 F9000 X176.005 Y159.743
G0 X177.383 Y157.906
;TYPE:FILL
G1 F3600 X177.635 Y156.966 E324.14004
G0 F9000 X177.652 Y157.682
G1 F3600 X176.256 Y156.286 E324.2057
G0 F9000 X176.397 Y156.315
;TYPE:SKIN
G1 F1800 X176.505 Y156.141 E324.21425
G0 F9000 X176.076 Y155.146
G1 F1800 X175.972 Y155.324 E324.22112
G0 F9000 X176.078 Y155.346
G0 X176.375 Y158.273
G0 X176.482 Y158.38
G1 F1800 X176.398 Y158.579 E324.22397
G1 X176.025 Y159.621 E324.23857
G1 F1440 E322.73857
G0 F9000 X176.059 Y159.532
G0 X175.978 Y154.871
G0 X176.761 Y154.069
G0 X176.756 Y148.921
G0 X175.983 Y148.134
G0 X176.178 Y147.526
;TYPE:WALL-INNER
G1 F1440 E324.23857
G1 F1800 X176.178 Y147.242 E324.24802
G1 X176.178 Y147.029 E324.2551
G1 X176.177 Y146.393 E324.27626
G1 X176.81 Y146.397 E324.29731
G1 X177.062 Y146.398 E324.30569
G1 X177.297 Y146.4 E324.31351
G1 X177.061 Y146.595 E324.31731
G1 X176.878 Y146.767 E324.3237
G1 X176.651 Y146.981 E324.33407
G1 X176.554 Y147.085 E324.3388
G1 X176.409 Y147.241 E324.3445
G1 X176.178 Y147.526 E324.34943
G0 F9000 X176.005 Y148.057
G0 X175.778 Y148.938
;TYPE:WALL-OUTER
G1 F1800 X175.777 Y145.991 E324.44744
G1 X178.396 Y146.006 E324.53455
G1 X178.22 Y146.16 E324.54233
G1 X178.016 Y146.33 E324.55116
G1 X177.79 Y146.511 E324.56079
G1 X177.326 Y146.895 E324.58083
G1 X176.935 Y147.263 E324.59868
G1 X176.711 Y147.504 E324.60963
G1 X176.455 Y147.818 E324.6231
G1 X176.279 Y148.054 E324.63289
G1 X176.139 Y148.273 E324.64154
G1 X176.004 Y148.495 E324.65018
G1 X175.843 Y148.793 E324.66145
G1 X175.778 Y148.938 E324.66673
G0 F9000 X176.008 Y148.006
;TYPE:SKIN
G1 F1800 X176.065 Y147.781 E324.66874
G1 X176.445 Y146.747 E324.67826
G1 X176.618 Y146.637 E324.68004
G1 X177.505 Y146.392 E324.68799
G0 F9000 X177.729 Y146.333
G1 F1800 X177.572 Y146.177 E324.69167
G1 F1440 E323.19167
;MESH:NONMESH
G0 F300 X177.572 Y146.177 Z3.2
G0 F9000 X177.571 Y146.301
G0 X176.779 Y147.108
G0 X177.358 Y148.079
G0 X179.515 Y157.14
G0 X179.491 Y192.171
G0 X177.798 Y202.089
G0 X177.288 Y203.08
G0 X177.681 Y203.628
;TIME_ELAPSED:582.989398
;LAYER:15
;TYPE:WALL-INNER
;MESH:Vertical_Tension_Member.stl
G1 F1440 E324.69167
G1 F1800 X177.633 Y203.628 E324.69327
G1 X177.411 Y203.627 E324.70065
G1 X177.158 Y203.626 E324.70907
G1 X176.367 Y203.619 E324.73538
G1 X176.367 Y202.875 E324.76012
G1 X176.367 Y202.678 E324.76668
G1 X176.368 Y202.424 E324.77513
G1 X176.598 Y202.678 E324.77993
G1 X176.74 Y202.814 E324.7852
G1 X176.947 Y203.014 E324.79477
G1 X177.187 Y203.224 E324.80538
G1 X177.215 Y203.246 E324.80656
G1 X177.412 Y203.404 E324.81321
G1 X177.633 Y203.591 E324.81871
G1 X177.681 Y203.628 E324.8191
G0 F9000 X178.143 Y203.797
G0 X178.721 Y204.034
;TYPE:WALL-OUTER
G1 F1800 X175.967 Y204.017 E324.9107
G1 X175.968 Y201.132 E325.00665
G1 X176.107 Y201.39 E325.0164
G1 X176.258 Y201.624 E325.02566
G1 X176.481 Y201.921 E325.03801
G1 X176.678 Y202.171 E325.0486
G1 X176.885 Y202.399 E325.05884
G1 X177.218 Y202.719 E325.0742
G1 X177.444 Y202.917 E325.0842
G1 X177.671 Y203.099 E325.09387
G1 X177.883 Y203.279 E325.10312
G1 X178.13 Y203.465 E325.11341
G1 X178.321 Y203.641 E325.12205
G1 X178.519 Y203.811 E325.13073
G1 X178.721 Y204.034 E325.14073
G0 F9000 X178.057 Y203.778
;TYPE:SKIN
G1 F1800 X177.896 Y203.657 E325.14295
G1 X176.806 Y203.333 E325.15544
G1 X176.584 Y202.989 E325.15994
G1 X176.197 Y201.962 E325.172
G1 F1440 E323.672
G0 F9000 X176.21 Y202.059
G0 X176.187 Y203.599
G0 X175.102 Y203.599
G0 X173.605 Y203.598
G0 X172.54 Y203.599
G0 X172.341 Y203.596
;TYPE:WALL-INNER
G1 F1440 E325.172
G1 F1800 X172.141 Y203.595 E325.17865
G1 X171.135 Y203.589 E325.21211
G1 X170.868 Y203.589 E325.22099
G1 X170.669 Y203.589 E325.22761
G1 X170.669 Y203.39 E325.2319
G1 X170.67 Y146.565 E327.1219
G1 X170.67 Y146.365 E327.12855
G1 X170.87 Y146.365 E327.13286
G1 X172.34 Y146.371 E327.18175
G1 X172.341 Y203.396 E329.07841
G1 X172.341 Y203.596 E329.08271
G0 F9000 X172.741 Y203.998
;TYPE:WALL-OUTER
G1 F1800 X171.134 Y203.989 E329.13616
G1 X170.269 Y203.989 E329.16493
G1 X170.27 Y145.964 E331.09485
G1 X172.74 Y145.972 E331.17701
G1 X172.741 Y203.998 E333.10696
G0 F9000 X172.471 Y203.727
G0 X172.261 Y203.003
;TYPE:FILL
G1 F3600 X170.748 Y201.49 E333.17812
G0 F9000 X170.749 Y203.327
G1 F3600 X172.259 Y202.922 E333.23012
G0 F9000 X170.749 Y190.903
G1 F3600 X172.259 Y190.499 E333.28211
G0 F9000 X172.261 Y186.032
G1 F3600 X170.748 Y184.52 E333.35326
G0 F9000 X170.749 Y182.123
G1 F3600 X172.26 Y176.483 E333.54746
G0 F9000 X172.259 Y178.075
G1 F3600 X170.749 Y178.48 E333.59946
G0 F9000 X172.26 Y169.061
G1 F3600 X170.748 Y167.549 E333.67058
G0 F9000 X170.749 Y166.056
G1 F3600 X172.259 Y165.652 E333.72256
G0 F9000 X170.749 Y153.633
G1 F3600 X172.259 Y153.229 E333.77455
G0 F9000 X172.26 Y152.09
G1 F3600 X170.748 Y150.579 E333.84565
G0 F9000 X170.869 Y150.579
G1 F1440 E332.34565
G0 F9000 X172.54 Y194.042
G0 X173.605 Y194.041
G0 X175.103 Y194.042
G0 X176.188 Y194.042
G0 X176.368 Y194.042
;TYPE:WALL-INNER
G1 F1440 E333.84565
G1 F1800 X176.368 Y193.814 E333.85323
G1 X176.368 Y193.586 E333.86082
G1 X176.368 Y191.19 E333.94051
G1 X176.368 Y190.993 E333.94706
G1 X176.368 Y190.74 E333.95548
G1 X176.599 Y190.993 E333.96029
G1 X176.74 Y191.129 E333.96553
G1 X176.825 Y191.211 E333.96946
G1 X177.106 Y191.472 E333.98222
G1 X177.353 Y191.668 E333.99271
G1 X177.607 Y191.889 E334.0039
G1 X177.81 Y192.047 E334.01246
G1 X178.116 Y192.35 E334.02678
G1 X178.147 Y192.38 E334.02822
G1 X177.931 Y192.61 E334.03871
G1 X177.899 Y192.639 E334.04015
G1 X177.706 Y192.81 E334.04873
G1 X177.504 Y192.976 E334.05742
G1 X177.307 Y193.145 E334.06605
G1 X176.983 Y193.414 E334.08006
G1 X176.779 Y193.617 E334.08963
G1 X176.736 Y193.658 E334.09161
G1 X176.57 Y193.814 E334.09746
G1 X176.368 Y194.042 E334.1014
G0 F9000 X176.199 Y194.528
G0 X175.968 Y195.319
;TYPE:WALL-OUTER
G1 F1800 X175.968 Y189.446 E334.29673
G1 X176.107 Y189.704 E334.30648
G1 X176.258 Y189.939 E334.31577
G1 X176.522 Y190.287 E334.3303
G1 X176.678 Y190.486 E334.33871
G1 X176.886 Y190.714 E334.34897
G1 X177.1 Y190.92 E334.35885
G1 X177.367 Y191.168 E334.37097
G1 X177.616 Y191.366 E334.38156
G1 X177.862 Y191.58 E334.3924
G1 X178.074 Y191.746 E334.40136
G1 X178.448 Y192.115 E334.41883
G1 X178.583 Y192.284 E334.42602
G1 X178.613 Y192.398 E334.42994
G1 X178.41 Y192.708 E334.44227
G1 X178.206 Y192.901 E334.45161
G1 X177.97 Y193.111 E334.46212
G1 X177.761 Y193.283 E334.47112
G1 X177.563 Y193.452 E334.47978
G1 X177.253 Y193.71 E334.49319
G1 X177.053 Y193.909 E334.50258
G1 X176.857 Y194.093 E334.51152
G1 X176.665 Y194.31 E334.52115
G1 X176.468 Y194.558 E334.53169
G1 X176.275 Y194.812 E334.5423
G1 X176.084 Y195.137 E334.55484
G1 X175.968 Y195.319 E334.56202
G0 F9000 X176.214 Y194.591
;TYPE:SKIN
G1 F1800 X176.234 Y194.288 E334.56765
G0 F9000 X176.543 Y193.414
G1 F1800 X176.729 Y193.228 E334.57202
G0 F9000 X176.704 Y191.556
G0 X176.76 Y191.499
G1 F1800 X176.607 Y191.37 E334.57415
G1 X176.217 Y190.346 E334.58582
G1 F1440 E333.08582
G0 F9000 X176.255 Y190.43
G0 X176.174 Y190.169
G0 X176.965 Y189.442
G0 X176.993 Y183.611
G0 X176.174 Y182.919
G0 X176.368 Y182.356
;TYPE:WALL-INNER
G1 F1440 E334.58582
G1 F1800 X176.368 Y182.127 E334.59344
G1 X176.368 Y181.901 E334.60096
G1 X176.368 Y179.506 E334.68061
G1 X176.368 Y179.308 E334.6872
G1 X176.368 Y179.055 E334.69561
G1 X176.599 Y179.308 E334.70043
G1 X176.741 Y179.446 E334.70574
G1 X176.825 Y179.527 E334.70962
G1 X177.106 Y179.786 E334.72233
G1 X177.353 Y179.983 E334.73284
G1 X177.607 Y180.204 E334.74404
G1 X177.81 Y180.362 E334.75259
G1 X178.115 Y180.664 E334.76687
G1 X178.146 Y180.695 E334.76833
G1 X177.932 Y180.924 E334.77875
G1 X177.899 Y180.953 E334.78021
G1 X177.709 Y181.122 E334.78867
G1 X177.504 Y181.29 E334.79749
G1 X177.307 Y181.459 E334.80612
G1 X176.983 Y181.729 E334.82015
G1 X176.776 Y181.935 E334.82986
G1 X176.735 Y181.973 E334.83172
G1 X176.57 Y182.127 E334.83752
G1 X176.368 Y182.356 E334.84146
G0 F9000 X176.199 Y182.843
G0 X175.968 Y183.634
;TYPE:WALL-OUTER
G1 F1800 X175.968 Y177.761 E335.0368
G1 X176.107 Y178.019 E335.04654
G1 X176.258 Y178.254 E335.05583
G1 X176.522 Y178.602 E335.07036
G1 X176.678 Y178.801 E335.07877
G1 X176.886 Y179.029 E335.08904
G1 X177.1 Y179.236 E335.09894
G1 X177.367 Y179.482 E335.11102
G1 X177.616 Y179.681 E335.12162
G1 X177.862 Y179.895 E335.13246
G1 X178.074 Y180.061 E335.14142
G1 X178.448 Y180.43 E335.15889
G1 X178.583 Y180.599 E335.16609
G1 X178.613 Y180.713 E335.17001
G1 X178.41 Y181.022 E335.1823
G1 X178.206 Y181.216 E335.19167
G1 X177.97 Y181.426 E335.20217
G1 X177.761 Y181.597 E335.21116
G1 X177.563 Y181.766 E335.21981
G1 X177.253 Y182.025 E335.23325
G1 X177.049 Y182.228 E335.24282
G1 X176.857 Y182.407 E335.25155
G1 X176.664 Y182.625 E335.26124
G1 X176.468 Y182.873 E335.27175
G1 X176.275 Y183.127 E335.28236
G1 X176.084 Y183.452 E335.2949
G1 X175.968 Y183.634 E335.30208
G0 F9000 X176.267 Y182.659
;TYPE:SKIN
G1 F1800 X176.164 Y182.479 E335.30455
G1 X176.665 Y181.695 E335.31564
G1 X176.569 Y181.508 E335.31815
G0 F9000 X176.542 Y181.536
G0 X176.543 Y179.838
G0 X176.63 Y179.751
G1 F1800 X176.41 Y178.839 E335.3262
G1 X176.175 Y178.508 E335.32968
G1 F1440 E333.82968
G0 F9000 X176.218 Y178.603
G0 X176.965 Y177.757
G0 X176.993 Y171.926
G0 X176.174 Y171.234
G0 X176.368 Y170.671
;TYPE:WALL-INNER
G1 F1440 E335.32968
G1 F1800 X176.368 Y170.444 E335.33723
G1 X176.368 Y170.215 E335.34485
G1 X176.368 Y167.821 E335.42447
G1 X176.368 Y167.623 E335.43106
G1 X176.368 Y167.368 E335.43954
G1 X176.598 Y167.623 E335.44434
G1 X176.741 Y167.76 E335.44964
G1 X176.947 Y167.958 E335.45914
G1 X177.186 Y168.167 E335.4697
G1 X177.403 Y168.341 E335.47896
G1 X177.608 Y168.518 E335.48796
G1 X177.804 Y168.672 E335.49625
G1 X178.114 Y168.979 E335.51076
G1 X178.146 Y169.01 E335.51225
G1 X177.932 Y169.239 E335.52267
G1 X177.899 Y169.268 E335.52413
G1 X177.698 Y169.447 E335.53308
G1 X177.505 Y169.604 E335.54136
G1 X177.307 Y169.774 E335.55004
G1 X176.984 Y170.044 E335.56404
G1 X176.779 Y170.246 E335.57361
G1 X176.735 Y170.287 E335.57561
G1 X176.569 Y170.444 E335.58148
G1 X176.368 Y170.671 E335.58539
G0 F9000 X176.199 Y171.158
G0 X175.968 Y171.949
;TYPE:WALL-OUTER
G1 F1800 X175.968 Y166.076 E335.78072
G1 X176.107 Y166.334 E335.79047
G1 X176.272 Y166.588 E335.80054
G1 X176.522 Y166.916 E335.81426
G1 X176.678 Y167.115 E335.82267
G1 X176.885 Y167.344 E335.83294
G1 X177.218 Y167.663 E335.84828
G1 X177.443 Y167.861 E335.85824
G1 X177.664 Y168.038 E335.86766
G1 X177.862 Y168.209 E335.87636
G1 X178.069 Y168.371 E335.88511
G1 X178.448 Y168.745 E335.90282
G1 X178.583 Y168.914 E335.91001
G1 X178.613 Y169.028 E335.91393
G1 X178.41 Y169.337 E335.92623
G1 X178.206 Y169.531 E335.93559
G1 X177.964 Y169.746 E335.94636
G1 X177.761 Y169.911 E335.95506
G1 X177.563 Y170.081 E335.96374
G1 X177.253 Y170.34 E335.97717
G1 X177.053 Y170.538 E335.98653
G1 X176.856 Y170.723 E335.99552
G1 X176.664 Y170.94 E336.00516
G1 X176.468 Y171.188 E336.01567
G1 X176.275 Y171.442 E336.02628
G1 X176.08 Y171.774 E336.03909
G1 X175.968 Y171.949 E336.046
G0 F9000 X176.298 Y171.031
;TYPE:SKIN
G1 F1800 X176.196 Y170.851 E336.04948
G1 X176.716 Y170.048 E336.06554
G1 X176.598 Y169.882 E336.06896
G0 F9000 X176.542 Y169.939
G0 X176.542 Y168.242
G0 X176.651 Y168.132
G1 F1800 X176.579 Y167.921 E336.07175
G1 X176.193 Y166.894 E336.08543
G1 F1440 E334.58543
G0 F9000 X176.204 Y166.993
G0 X176.979 Y166.089
G0 X176.995 Y160.238
G0 X176.174 Y159.549
G0 X176.368 Y158.986
;TYPE:WALL-INNER
G1 F1440 E336.08543
G1 F1800 X176.368 Y158.759 E336.09298
G1 X176.368 Y158.53 E336.1006
G1 X176.368 Y156.136 E336.18022
G1 X176.368 Y155.938 E336.18681
G1 X176.368 Y155.683 E336.19529
G1 X176.598 Y155.938 E336.20008
G1 X176.741 Y156.075 E336.20539
G1 X176.947 Y156.273 E336.21489
G1 X177.186 Y156.482 E336.22545
G1 X177.402 Y156.655 E336.23466
G1 X177.608 Y156.834 E336.24373
G1 X177.815 Y156.996 E336.25248
G1 X178.111 Y157.288 E336.26631
G1 X178.146 Y157.323 E336.26795
G1 X177.94 Y157.547 E336.27807
G1 X177.903 Y157.58 E336.27972
G1 X177.698 Y157.762 E336.28884
G1 X177.505 Y157.919 E336.29712
G1 X177.307 Y158.089 E336.30579
G1 X176.984 Y158.359 E336.3198
G1 X176.779 Y158.561 E336.32937
G1 X176.735 Y158.602 E336.33137
G1 X176.569 Y158.759 E336.33723
G1 X176.368 Y158.986 E336.34114
G0 F9000 X176.199 Y159.473
G0 X175.968 Y160.263
;TYPE:WALL-OUTER
G1 F1800 X175.968 Y154.391 E336.53645
G1 X176.107 Y154.649 E336.54619
G1 X176.272 Y154.903 E336.55627
G1 X176.522 Y155.231 E336.56998
G1 X176.678 Y155.43 E336.57839
G1 X176.885 Y155.659 E336.58866
G1 X177.218 Y155.978 E336.604
G1 X177.443 Y156.176 E336.61397
G1 X177.664 Y156.353 E336.62338
G1 X177.862 Y156.525 E336.63211
G1 X178.074 Y156.69 E336.64104
G1 X178.448 Y157.06 E336.65854
G1 X178.583 Y157.229 E336.66573
G1 X178.612 Y157.342 E336.66961
G1 X178.409 Y157.652 E336.68194
G1 X178.206 Y157.846 E336.69128
G1 X177.964 Y158.061 E336.70205
G1 X177.761 Y158.226 E336.71075
G1 X177.563 Y158.396 E336.71943
G1 X177.253 Y158.655 E336.73286
G1 X177.053 Y158.853 E336.74222
G1 X176.856 Y159.038 E336.75121
G1 X176.664 Y159.255 E336.76085
G1 X176.468 Y159.503 E336.77136
G1 X176.275 Y159.757 E336.78197
G1 X176.084 Y160.081 E336.79448
G1 X175.968 Y160.263 E336.80166
G0 F9000 X176.199 Y159.473
G0 X177.191 Y158.08
;TYPE:FILL
G1 F3600 X177.518 Y156.86 E336.84367
G0 F9000 X177.763 Y157.594
G1 F3600 X176.447 Y156.277 E336.90559
G0 F9000 X176.602 Y156.303
;TYPE:SKIN
G1 F1800 X176.741 Y156.446 E336.91149
G0 F9000 X176.676 Y156.512
G0 X176.268 Y155.576
G0 X176.301 Y155.472
G1 F1800 X176.212 Y155.278 E336.91971
G0 F9000 X176.268 Y155.349
G0 X176.715 Y158.169
G1 F1800 X176.541 Y158.343 E336.9238
G0 F9000 X176.228 Y159.222
G1 F1800 X176.233 Y159.499 E336.93072
G1 F1440 E335.43072
G0 F9000 X176.218 Y159.441
G0 X176.174 Y155.115
G0 X176.979 Y154.404
G0 X176.995 Y148.553
G0 X176.173 Y147.866
G0 X176.367 Y147.302
;TYPE:WALL-INNER
G1 F1440 E336.93072
G1 F1800 X176.367 Y147.074 E336.9383
G1 X176.367 Y146.846 E336.94589
G1 X176.367 Y146.393 E336.96095
G1 X176.839 Y146.396 E336.97665
G1 X176.985 Y146.396 E336.98151
G1 X177.313 Y146.399 E336.99242
G1 X176.984 Y146.674 E336.99896
G1 X176.88 Y146.776 E337.00312
G1 X176.779 Y146.876 E337.00785
G1 X176.735 Y146.918 E337.00987
G1 X176.569 Y147.074 E337.01573
G1 X176.367 Y147.302 E337.01966
G0 F9000 X176.198 Y147.79
G0 X175.967 Y148.58
;TYPE:WALL-OUTER
G1 F1800 X175.967 Y145.991 E337.10577
G1 X178.413 Y146.006 E337.18713
G1 X177.977 Y146.37 E337.20602
G1 X177.764 Y146.541 E337.2151
G1 X177.564 Y146.711 E337.22383
G1 X177.253 Y146.97 E337.23729
G1 X177.053 Y147.168 E337.24665
G1 X176.856 Y147.353 E337.25564
G1 X176.664 Y147.57 E337.26528
G1 X176.468 Y147.818 E337.27579
G1 X176.275 Y148.072 E337.2864
G1 X176.084 Y148.396 E337.29891
G1 X175.967 Y148.58 E337.30617
G0 F9000 X176.259 Y147.595
;TYPE:SKIN
G1 F1800 X176.156 Y147.414 E337.30847
G1 X176.63 Y146.658 E337.31832
G0 F9000 X177.475 Y146.379
G1 F1800 X177.678 Y146.175 E337.32311
G1 F1440 E335.82311
;MESH:NONMESH
G0 F300 X177.678 Y146.175 Z3.4
G0 F9000 X177.642 Y146.256
G0 X177.424 Y146.542
G0 X178.117 Y147.375
G0 X179.529 Y157.438
G0 X179.528 Y192.495
G0 X178.004 Y202.26
G0 X177.534 Y203.27
G0 X177.693 Y203.627
;TIME_ELAPSED:606.505410
;LAYER:16
;TYPE:WALL-INNER
;MESH:Vertical_Tension_Member.stl
G1 F1440 E337.32311
G1 F1800 X177.657 Y203.627 E337.3243
G1 X177.397 Y203.626 E337.33295
G1 X177.175 Y203.625 E337.34034
G1 X176.511 Y203.62 E337.36242
G1 X176.511 Y203.012 E337.38264
G1 X176.511 Y202.76 E337.39102
G1 X176.511 Y202.572 E337.39728
G1 X176.695 Y202.76 E337.40068
G1 X176.877 Y202.934 E337.40697
G1 X176.94 Y202.995 E337.40989
G1 X177.179 Y203.206 E337.42049
G1 X177.225 Y203.243 E337.42245
G1 X177.398 Y203.381 E337.42847
G1 X177.657 Y203.599 E337.43356
G1 X177.693 Y203.627 E337.43383
G0 F9000 X178.156 Y203.796
G0 X178.735 Y204.034
;TYPE:WALL-OUTER
G1 F1800 X176.111 Y204.017 E337.5211
G1 X176.111 Y201.364 E337.60934
G1 X176.192 Y201.506 E337.61478
G1 X176.356 Y201.741 E337.62431
G1 X176.551 Y201.998 E337.63504
G1 X176.785 Y202.28 E337.64723
G1 X176.976 Y202.476 E337.65633
G1 X177.211 Y202.7 E337.66713
G1 X177.437 Y202.9 E337.67717
G1 X177.655 Y203.075 E337.68646
G1 X177.909 Y203.288 E337.69749
G1 X178.16 Y203.484 E337.70808
G1 X178.543 Y203.826 E337.72516
G1 X178.735 Y204.034 E337.73458
G0 F9000 X177.992 Y203.73
;TYPE:SKIN
G1 F1800 X177.813 Y203.834 E337.74114
G0 F9000 X176.943 Y203.247
G1 F1800 X176.771 Y203.358 E337.75369
G0 F9000 X176.858 Y203.445
G0 X176.415 Y202.436
G0 X176.35 Y202.371
G1 F1800 X176.451 Y202.19 E337.76445
G0 F9000 X176.711 Y202.623
G1 F1440 E336.26445
G0 F9000 X176.706 Y202.628
G0 X176.331 Y203.595
G0 X175.246 Y203.595
G0 X173.461 Y203.594
G0 X172.396 Y203.595
G0 X172.197 Y203.595
;TYPE:WALL-INNER
G1 F1440 E337.76445
G1 F1800 X171.997 Y203.594 E337.7711
G1 X171.155 Y203.589 E337.79911
G1 X170.87 Y203.589 E337.80859
G1 X170.671 Y203.589 E337.81521
G1 X170.671 Y203.39 E337.81949
G1 X170.672 Y146.565 E339.7095
G1 X170.672 Y146.365 E339.71615
G1 X170.872 Y146.365 E339.72046
G1 X172.196 Y146.371 E339.76449
G1 X172.197 Y203.395 E341.66112
G1 X172.197 Y203.595 E341.66542
G0 F9000 X172.597 Y203.997
;TYPE:WALL-OUTER
G1 F1800 X171.154 Y203.989 E341.71341
G1 X170.271 Y203.989 E341.74278
G1 X170.272 Y145.964 E343.6727
G1 X172.596 Y145.972 E343.75
G1 X172.597 Y203.997 E345.67992
G0 F9000 X172.327 Y203.726
G0 X172.115 Y203.107
;TYPE:FILL
G1 F3600 X170.751 Y203.473 E345.72689
G0 F9000 X172.116 Y202.658
G1 F3600 X170.75 Y201.292 E345.79114
G0 F9000 X170.751 Y191.05
G1 F3600 X172.115 Y190.684 E345.83811
G0 F9000 X172.116 Y185.687
G1 F3600 X170.75 Y184.321 E345.90236
G0 F9000 X170.75 Y181.568
G1 F3600 X172.115 Y176.474 E346.07777
G0 F9000 X172.115 Y178.261
G1 F3600 X170.751 Y178.626 E346.12473
G0 F9000 X172.116 Y168.716
G1 F3600 X170.75 Y167.35 E346.18898
G0 F9000 X170.751 Y166.203
G1 F3600 X172.115 Y165.837 E346.23596
G0 F9000 X170.751 Y153.78
G1 F3600 X172.115 Y153.414 E346.28293
G0 F9000 X172.116 Y151.745
G1 F3600 X170.75 Y150.38 E346.34716
G0 F9000 X170.871 Y150.38
G1 F1440 E344.84716
G0 F9000 X172.396 Y193.896
G0 X173.461 Y193.895
G0 X175.247 Y193.897
G0 X176.312 Y193.896
G0 X176.512 Y193.896
;TYPE:WALL-INNER
G1 F1440 E346.34716
G1 F1800 X176.512 Y193.682 E346.35427
G1 X176.512 Y193.459 E346.36169
G1 X176.512 Y191.328 E346.43257
G1 X176.512 Y191.077 E346.44092
G1 X176.511 Y190.888 E346.4472
G1 X176.695 Y191.076 E346.45058
G1 X176.876 Y191.249 E346.45683
G1 X176.94 Y191.309 E346.45975
G1 X177.179 Y191.521 E346.47037
G1 X177.395 Y191.694 E346.47958
G1 X177.647 Y191.909 E346.4906
G1 X177.866 Y192.086 E346.49996
G1 X177.978 Y192.197 E346.50521
G1 X178.045 Y192.262 E346.50831
G1 X178.151 Y192.385 E346.51371
G1 X178.086 Y192.473 E346.51735
G1 X178.019 Y192.538 E346.52046
G1 X177.819 Y192.734 E346.52977
G1 X177.585 Y192.92 E346.53971
G1 X177.324 Y193.141 E346.55109
G1 X177.054 Y193.362 E346.56269
G1 X176.881 Y193.528 E346.57067
G1 X176.72 Y193.682 E346.57644
G1 X176.512 Y193.896 E346.58052
G0 F9000 X176.344 Y194.36
G0 X176.112 Y195.099
;TYPE:WALL-OUTER
G1 F1800 X176.111 Y189.679 E346.76079
G1 X176.192 Y189.821 E346.76623
G1 X176.356 Y190.056 E346.77576
G1 X176.551 Y190.313 E346.78649
G1 X176.785 Y190.595 E346.79868
G1 X176.976 Y190.791 E346.80778
G1 X177.211 Y191.014 E346.81855
G1 X177.437 Y191.215 E346.82861
G1 X177.654 Y191.389 E346.83786
G1 X177.903 Y191.601 E346.84874
G1 X178.138 Y191.792 E346.85881
G1 X178.34 Y191.991 E346.86824
G1 X178.519 Y192.198 E346.87735
G1 X178.627 Y192.412 E346.88532
G1 X178.387 Y192.739 E346.89881
G1 X178.086 Y193.032 E346.91278
G1 X177.839 Y193.229 E346.92329
G1 X177.577 Y193.451 E346.93471
G1 X177.319 Y193.662 E346.9458
G1 X177.002 Y193.966 E346.9604
G1 X176.743 Y194.233 E346.97278
G1 X176.369 Y194.702 E346.99273
G1 X176.172 Y194.995 E347.00447
G1 X176.112 Y195.099 E347.00847
G0 F9000 X176.316 Y194.418
;TYPE:SKIN
G1 F1800 X176.379 Y194.198 E347.01062
G1 X176.572 Y194.108 E347.01262
G1 X176.782 Y193.187 E347.02152
G0 F9000 X176.686 Y193.091
G0 X176.73 Y191.721
G0 X176.708 Y191.698
G1 F1800 X176.806 Y191.514 E347.02385
G1 X176.319 Y190.744 E347.03403
G1 X176.419 Y190.562 E347.03635
G1 F1440 E345.53635
G0 F9000 X176.412 Y190.472
G0 X177.062 Y189.556
G0 X177.072 Y183.522
G0 X176.318 Y182.751
G0 X176.512 Y182.211
;TYPE:WALL-INNER
G1 F1440 E347.03635
G1 F1800 X176.512 Y181.997 E347.04346
G1 X176.512 Y181.774 E347.05088
G1 X176.512 Y179.619 E347.12256
G1 X176.512 Y179.494 E347.12671
G1 X176.511 Y179.2 E347.13649
G1 X176.802 Y179.493 E347.14328
G1 X176.893 Y179.578 E347.1469
G1 X177.058 Y179.733 E347.15443
G1 X177.393 Y180.006 E347.1688
G1 X177.647 Y180.223 E347.17991
G1 X177.86 Y180.396 E347.18904
G1 X178.083 Y180.615 E347.19944
G1 X178.157 Y180.705 E347.20331
G1 X177.854 Y181.02 E347.21785
G1 X177.617 Y181.206 E347.22787
G1 X177.323 Y181.456 E347.2407
G1 X177.053 Y181.678 E347.25233
G1 X176.881 Y181.843 E347.26026
G1 X176.72 Y181.997 E347.26603
G1 X176.512 Y182.211 E347.27011
G0 F9000 X176.344 Y182.675
G0 X176.112 Y183.414
;TYPE:WALL-OUTER
G1 F1800 X176.111 Y177.994 E347.45038
G1 X176.192 Y178.136 E347.45582
G1 X176.356 Y178.371 E347.46535
G1 X176.623 Y178.718 E347.47991
G1 X176.816 Y178.942 E347.48975
G1 X177.08 Y179.206 E347.50216
G1 X177.321 Y179.432 E347.51315
G1 X177.653 Y179.702 E347.52739
G1 X177.903 Y179.916 E347.53833
G1 X178.133 Y180.103 E347.54819
G1 X178.38 Y180.346 E347.55971
G1 X178.552 Y180.553 E347.56867
G1 X178.627 Y180.693 E347.57395
G1 X178.488 Y180.937 E347.58329
G1 X178.302 Y181.138 E347.5924
G1 X178.12 Y181.32 E347.60096
G1 X177.87 Y181.516 E347.61152
G1 X177.577 Y181.765 E347.62431
G1 X177.319 Y181.977 E347.63542
G1 X177.002 Y182.281 E347.65003
G1 X176.743 Y182.548 E347.6624
G1 X176.369 Y183.017 E347.68235
G1 X176.172 Y183.31 E347.69409
G1 X176.112 Y183.414 E347.69809
G0 F9000 X176.359 Y182.582
;TYPE:SKIN
G1 F1800 X176.477 Y182.417 E347.70006
G1 X176.76 Y181.569 E347.70875
G1 X176.961 Y181.486 E347.71087
G0 F9000 X176.982 Y181.507
G0 X176.862 Y179.974
G1 F1800 X176.686 Y179.797 E347.71502
G0 F9000 X176.488 Y179.034
G1 F1800 X176.285 Y178.831 E347.71979
G1 F1440 E346.21979
G0 F9000 X176.361 Y178.869
G0 X177.062 Y177.871
G0 X177.076 Y171.832
G0 X176.318 Y171.064
G0 X176.512 Y170.527
;TYPE:WALL-INNER
G1 F1440 E347.71979
G1 F1800 X176.512 Y170.45 E347.72235
G1 X176.512 Y170.058 E347.73539
G1 X176.512 Y167.935 E347.806
G1 X176.512 Y167.809 E347.81019
G1 X176.511 Y167.516 E347.81994
G1 X176.802 Y167.808 E347.82673
G1 X176.893 Y167.894 E347.83037
G1 X177.057 Y168.048 E347.83785
G1 X177.392 Y168.322 E347.85225
G1 X177.616 Y168.514 E347.86206
G1 X177.824 Y168.677 E347.87085
G1 X178.123 Y168.964 E347.88464
G1 X178.157 Y169.019 E347.88679
G1 X177.854 Y169.335 E347.90135
G1 X177.616 Y169.522 E347.91141
G1 X177.396 Y169.711 E347.92106
G1 X177.179 Y169.888 E347.93038
G1 X176.938 Y170.101 E347.94107
G1 X176.861 Y170.176 E347.94465
G1 X176.58 Y170.45 E347.95272
G1 X176.512 Y170.527 E347.95356
G0 F9000 X176.344 Y170.988
G0 X176.112 Y171.729
;TYPE:WALL-OUTER
G1 F1800 X176.111 Y166.309 E348.13383
G1 X176.192 Y166.451 E348.13927
G1 X176.356 Y166.685 E348.14877
G1 X176.522 Y166.903 E348.15788
G1 X176.624 Y167.032 E348.16335
G1 X176.816 Y167.257 E348.17319
G1 X177.08 Y167.521 E348.18561
G1 X177.321 Y167.747 E348.1966
G1 X177.652 Y168.018 E348.21083
G1 X177.87 Y168.205 E348.22038
G1 X178.087 Y168.375 E348.22955
G1 X178.436 Y168.71 E348.24564
G1 X178.625 Y169.014 E348.25754
G1 X178.492 Y169.246 E348.26644
G1 X178.302 Y169.453 E348.27578
G1 X178.12 Y169.635 E348.28434
G1 X177.87 Y169.831 E348.29491
G1 X177.649 Y170.021 E348.3046
G1 X177.438 Y170.193 E348.31366
G1 X177.21 Y170.394 E348.32377
G1 X176.87 Y170.726 E348.33957
G1 X176.665 Y170.957 E348.34984
G1 X176.369 Y171.332 E348.36573
G1 X176.172 Y171.625 E348.37748
G1 X176.112 Y171.729 E348.38147
G0 F9000 X176.339 Y170.965
;TYPE:SKIN
G1 F1800 X176.401 Y170.745 E348.38416
G1 X176.857 Y169.786 E348.39665
G0 F9000 X176.937 Y169.866
G0 X176.802 Y168.317
G1 F1800 X176.685 Y168.2 E348.3994
G0 F9000 X176.356 Y167.305
G1 F1800 X176.422 Y167.088 E348.40849
G1 F1440 E346.90849
G0 F9000 X176.351 Y167.09
G0 X177.061 Y166.184
G0 X177.076 Y160.147
G0 X176.318 Y159.379
G0 X176.512 Y158.842
;TYPE:WALL-INNER
G1 F1440 E348.40849
G1 F1800 X176.512 Y158.765 E348.41105
G1 X176.512 Y158.373 E348.42409
G1 X176.512 Y156.25 E348.4947
G1 X176.512 Y156.124 E348.49889
G1 X176.511 Y155.831 E348.50864
G1 X176.802 Y156.123 E348.51543
G1 X176.893 Y156.209 E348.51907
G1 X177.057 Y156.363 E348.52656
G1 X177.397 Y156.641 E348.54116
G1 X177.647 Y156.852 E348.55205
G1 X177.873 Y157.038 E348.56178
G1 X178.079 Y157.24 E348.57138
G1 X178.157 Y157.334 E348.57544
G1 X177.854 Y157.65 E348.59
G1 X177.616 Y157.837 E348.60007
G1 X177.396 Y158.026 E348.60971
G1 X177.179 Y158.203 E348.61903
G1 X176.938 Y158.416 E348.62973
G1 X176.861 Y158.491 E348.6333
G1 X176.58 Y158.765 E348.64137
G1 X176.512 Y158.842 E348.64221
G0 F9000 X176.344 Y159.303
G0 X176.112 Y160.044
;TYPE:WALL-OUTER
G1 F1800 X176.111 Y154.623 E348.82251
G1 X176.192 Y154.765 E348.82795
G1 X176.356 Y155 E348.83748
G1 X176.623 Y155.347 E348.85205
G1 X176.816 Y155.572 E348.8619
G1 X177.08 Y155.836 E348.87432
G1 X177.321 Y156.062 E348.88531
G1 X177.65 Y156.331 E348.89945
G1 X177.903 Y156.545 E348.91047
G1 X178.137 Y156.737 E348.92053
G1 X178.38 Y156.976 E348.93187
G1 X178.552 Y157.183 E348.94082
G1 X178.627 Y157.323 E348.9461
G1 X178.492 Y157.561 E348.95521
G1 X178.302 Y157.768 E348.96455
G1 X178.12 Y157.95 E348.97311
G1 X177.87 Y158.146 E348.98368
G1 X177.649 Y158.336 E348.99337
G1 X177.438 Y158.508 E349.00243
G1 X177.21 Y158.709 E349.01253
G1 X176.87 Y159.041 E349.02834
G1 X176.665 Y159.272 E349.03861
G1 X176.369 Y159.647 E349.0545
G1 X176.172 Y159.94 E349.06625
G1 X176.112 Y160.044 E349.07024
G0 F9000 X176.344 Y159.303
G0 X176.997 Y158.256
;TYPE:FILL
G1 F3600 X177.4 Y156.749 E349.12212
G0 F9000 X177.879 Y157.508
G1 F3600 X176.599 Y156.228 E349.18233
G0 F9000 X176.81 Y156.445
;TYPE:SKIN
G1 F1800 X176.713 Y156.631 E349.18956
G0 F9000 X176.325 Y155.677
G1 F1800 X176.425 Y155.494 E349.19803
G0 F9000 X176.35 Y155.401
G0 X176.686 Y158.018
G0 X176.788 Y158.12
G1 F1800 X176.715 Y158.33 E349.20035
G1 X176.59 Y159.054 E349.20803
G1 X176.319 Y159.349 E349.21221
G1 F1440 E347.71221
G0 F9000 X176.362 Y159.254
G0 X176.317 Y155.287
G0 X177.062 Y154.5
G0 X177.073 Y148.465
G0 X176.317 Y147.694
G0 X176.511 Y147.157
;TYPE:WALL-INNER
G1 F1440 E349.21221
G1 F1800 X176.511 Y147.079 E349.21481
G1 X176.511 Y146.394 E349.23759
G1 X176.939 Y146.396 E349.25183
G1 X177.18 Y146.398 E349.25984
G1 X177.325 Y146.399 E349.26467
G1 X177.18 Y146.517 E349.26645
G1 X176.938 Y146.73 E349.27338
G1 X176.581 Y147.079 E349.28897
G1 X176.511 Y147.157 E349.28985
G0 F9000 X176.343 Y147.618
G0 X176.111 Y148.359
;TYPE:WALL-OUTER
G1 F1800 X176.111 Y145.992 E349.36858
G1 X178.421 Y146.006 E349.44541
G1 X178.321 Y146.091 E349.44978
G1 X178.134 Y146.263 E349.45823
G1 X177.876 Y146.459 E349.469
G1 X177.654 Y146.648 E349.4787
G1 X177.438 Y146.823 E349.48795
G1 X177.21 Y147.024 E349.49806
G1 X176.87 Y147.355 E349.51384
G1 X176.664 Y147.587 E349.52416
G1 X176.369 Y147.962 E349.54003
G1 X176.172 Y148.254 E349.55174
G1 X176.111 Y148.359 E349.55578
G0 F9000 X176.362 Y147.512
;TYPE:SKIN
G1 F1800 X176.498 Y147.365 E349.56256
G0 F9000 X176.474 Y147.351
G0 X177.507 Y146.379
G0 X177.587 Y146.474
G1 F1800 X177.483 Y146.371 E349.56499
G0 F9000 X177.571 Y146.175
G1 F1800 X177.739 Y146.343 E349.56894
G1 F1440 E348.06894
;MESH:NONMESH
G0 F300 X177.739 Y146.343 Z3.6
G0 F9000 X177.66 Y146.301
G0 X176.711 Y147.204
G0 X175.246 Y147.204
G0 X173.461 Y147.203
G0 X172.396 Y147.204
G0 X172.088 Y203.595
;TIME_ELAPSED:629.732922
;LAYER:17
;TYPE:WALL-INNER
;MESH:Vertical_Tension_Member.stl
G1 F1440 E349.56894
G1 F1800 X171.888 Y203.594 E349.5756
G1 X171.175 Y203.589 E349.59931
G1 X170.872 Y203.589 E349.60939
G1 X170.673 Y203.589 E349.61601
G1 X170.673 Y203.39 E349.62029
G1 X170.674 Y146.565 E351.5103
G1 X170.674 Y146.365 E351.51695
G1 X170.874 Y146.365 E351.52126
G1 X172.088 Y146.37 E351.56164
G1 X172.088 Y203.395 E353.45829
G1 X172.088 Y203.595 E353.46259
G0 F9000 X172.488 Y203.997
;TYPE:WALL-OUTER
G1 F1800 X171.174 Y203.989 E353.5063
G1 X170.273 Y203.989 E353.53627
G1 X170.274 Y145.964 E355.46618
G1 X172.488 Y145.971 E355.53982
G1 X172.488 Y203.997 E357.46978
G0 F9000 X172.218 Y203.726
G0 X171.696 Y203.482
G0 X171.698 Y203.203
;TYPE:SKIN
G1 F1800 X171.063 Y203.199 E357.4909
G1 X171.064 Y146.757 E359.36816
G1 X171.698 Y146.758 E359.38925
G1 X171.698 Y203.203 E361.26662
G0 F9000 X171.442 Y203.041
G1 F1800 X171.537 Y202.946 E361.27109
G0 F9000 X171.223 Y202.694
G1 F1800 X171.537 Y202.38 E361.28586
G0 F9000 X171.223 Y202.129
G1 F1800 X171.537 Y201.814 E361.30065
G0 F9000 X171.223 Y201.563
G1 F1800 X171.537 Y201.248 E361.31544
G0 F9000 X171.223 Y200.997
G1 F1800 X171.537 Y200.683 E361.33021
G0 F9000 X171.223 Y200.432
G1 F1800 X171.537 Y200.117 E361.34501
G0 F9000 X171.223 Y199.866
G1 F1800 X171.537 Y199.551 E361.3598
G0 F9000 X171.223 Y199.3
G1 F1800 X171.537 Y198.986 E361.37457
G0 F9000 X171.223 Y198.735
G1 F1800 X171.537 Y198.42 E361.38936
G0 F9000 X171.223 Y198.169
G1 F1800 X171.537 Y197.854 E361.40416
G0 F9000 X171.223 Y197.603
G1 F1800 X171.537 Y197.289 E361.41893
G0 F9000 X171.223 Y197.038
G1 F1800 X171.537 Y196.723 E361.43372
G0 F9000 X171.223 Y196.472
G1 F1800 X171.537 Y196.157 E361.44851
G0 F9000 X171.223 Y195.906
G1 F1800 X171.537 Y195.592 E361.46328
G0 F9000 X171.223 Y195.341
G1 F1800 X171.537 Y195.026 E361.47807
G0 F9000 X171.223 Y194.775
G1 F1800 X171.537 Y194.46 E361.49287
G0 F9000 X171.223 Y194.209
G1 F1800 X171.537 Y193.895 E361.50764
G0 F9000 X171.223 Y193.644
G1 F1800 X171.537 Y193.329 E361.52243
G0 F9000 X171.223 Y193.078
G1 F1800 X171.537 Y192.763 E361.53722
G0 F9000 X171.223 Y192.512
G1 F1800 X171.537 Y192.197 E361.55202
G0 F9000 X171.223 Y191.946
G1 F1800 X171.537 Y191.632 E361.56679
G0 F9000 X171.223 Y191.381
G1 F1800 X171.537 Y191.066 E361.58158
G0 F9000 X171.223 Y190.815
G1 F1800 X171.537 Y190.5 E361.59637
G0 F9000 X171.223 Y190.249
G1 F1800 X171.537 Y189.935 E361.61114
G0 F9000 X171.223 Y189.684
G1 F1800 X171.537 Y189.369 E361.62594
G0 F9000 X171.223 Y189.118
G1 F1800 X171.537 Y188.803 E361.64073
G0 F9000 X171.223 Y188.552
G1 F1800 X171.537 Y188.238 E361.6555
G0 F9000 X171.223 Y187.987
G1 F1800 X171.537 Y187.672 E361.67029
G0 F9000 X171.223 Y187.421
G1 F1800 X171.537 Y187.106 E361.68508
G0 F9000 X171.223 Y186.855
G1 F1800 X171.537 Y186.541 E361.69985
G0 F9000 X171.223 Y186.29
G1 F1800 X171.537 Y185.975 E361.71465
G0 F9000 X171.223 Y185.724
G1 F1800 X171.537 Y185.409 E361.72944
G0 F9000 X171.223 Y185.158
G1 F1800 X171.537 Y184.844 E361.74421
G0 F9000 X171.223 Y184.593
G1 F1800 X171.537 Y184.278 E361.759
G0 F9000 X171.223 Y184.027
G1 F1800 X171.537 Y183.712 E361.7738
G0 F9000 X171.223 Y183.461
G1 F1800 X171.537 Y183.147 E361.78857
G0 F9000 X171.223 Y182.895
G1 F1800 X171.537 Y182.581 E361.80334
G0 F9000 X171.223 Y182.33
G1 F1800 X171.537 Y182.015 E361.81813
G0 F9000 X171.223 Y181.764
G1 F1800 X171.537 Y181.449 E361.83292
G0 F9000 X171.223 Y181.198
G1 F1800 X171.537 Y180.884 E361.84769
G0 F9000 X171.223 Y180.633
G1 F1800 X171.537 Y180.318 E361.86248
G0 F9000 X171.223 Y180.067
G1 F1800 X171.537 Y179.752 E361.87728
G0 F9000 X171.223 Y179.501
G1 F1800 X171.537 Y179.187 E361.89205
G0 F9000 X171.223 Y178.936
G1 F1800 X171.537 Y178.621 E361.90684
G0 F9000 X171.223 Y178.37
G1 F1800 X171.537 Y178.055 E361.92163
G0 F9000 X171.223 Y177.804
G1 F1800 X171.537 Y177.49 E361.9364
G0 F9000 X171.223 Y177.239
G1 F1800 X171.537 Y176.924 E361.9512
G0 F9000 X171.223 Y176.673
G1 F1800 X171.537 Y176.358 E361.96599
G0 F9000 X171.223 Y176.107
G1 F1800 X171.537 Y175.793 E361.98076
G0 F9000 X171.223 Y175.542
G1 F1800 X171.537 Y175.227 E361.99555
G0 F9000 X171.223 Y174.976
G1 F1800 X171.537 Y174.662 E362.01032
G0 F9000 X171.223 Y174.41
G1 F1800 X171.537 Y174.096 E362.02509
G0 F9000 X171.223 Y173.845
G1 F1800 X171.537 Y173.531 E362.03986
G0 F9000 X171.223 Y173.279
G1 F1800 X171.537 Y172.965 E362.05463
G0 F9000 X171.223 Y172.713
G1 F1800 X171.537 Y172.399 E362.0694
G0 F9000 X171.223 Y172.147
G1 F1800 X171.537 Y171.834 E362.08415
G0 F9000 X171.223 Y171.582
G1 F1800 X171.537 Y171.268 E362.09892
G0 F9000 X171.223 Y171.016
G1 F1800 X171.537 Y170.702 E362.11369
G0 F9000 X171.223 Y170.45
G1 F1800 X171.537 Y170.136 E362.12845
G0 F9000 X171.223 Y169.885
G1 F1800 X171.537 Y169.571 E362.14322
G0 F9000 X171.223 Y169.319
G1 F1800 X171.537 Y169.005 E362.15799
G0 F9000 X171.223 Y168.753
G1 F1800 X171.537 Y168.439 E362.17276
G0 F9000 X171.223 Y168.188
G1 F1800 X171.537 Y167.874 E362.18753
G0 F9000 X171.223 Y167.622
G1 F1800 X171.537 Y167.308 E362.2023
G0 F9000 X171.223 Y167.056
G1 F1800 X171.537 Y166.742 E362.21707
G0 F9000 X171.223 Y166.491
G1 F1800 X171.537 Y166.177 E362.23184
G0 F9000 X171.223 Y165.925
G1 F1800 X171.537 Y165.611 E362.24661
G0 F9000 X171.223 Y165.359
G1 F1800 X171.537 Y165.045 E362.26138
G0 F9000 X171.223 Y164.794
G1 F1800 X171.537 Y164.48 E362.27615
G0 F9000 X171.223 Y164.228
G1 F1800 X171.537 Y163.914 E362.29092
G0 F9000 X171.223 Y163.662
G1 F1800 X171.537 Y163.348 E362.30569
G0 F9000 X171.223 Y163.097
G1 F1800 X171.537 Y162.783 E362.32046
G0 F9000 X171.223 Y162.531
G1 F1800 X171.537 Y162.217 E362.33523
G0 F9000 X171.223 Y161.965
G1 F1800 X171.537 Y161.651 E362.35
G0 F9000 X171.223 Y161.399
G1 F1800 X171.537 Y161.085 E362.36477
G0 F9000 X171.223 Y160.834
G1 F1800 X171.537 Y160.52 E362.37954
G0 F9000 X171.223 Y160.268
G1 F1800 X171.537 Y159.954 E362.39431
G0 F9000 X171.223 Y159.702
G1 F1800 X171.537 Y159.388 E362.40908
G0 F9000 X171.223 Y159.137
G1 F1800 X171.537 Y158.823 E362.42385
G0 F9000 X171.223 Y158.571
G1 F1800 X171.537 Y158.257 E362.43862
G0 F9000 X171.223 Y158.005
G1 F1800 X171.537 Y157.691 E362.45339
G0 F9000 X171.223 Y157.44
G1 F1800 X171.537 Y157.126 E362.46816
G0 F9000 X171.223 Y156.874
G1 F1800 X171.537 Y156.56 E362.48293
G0 F9000 X171.223 Y156.308
G1 F1800 X171.537 Y155.994 E362.49769
G0 F9000 X171.223 Y155.743
G1 F1800 X171.537 Y155.429 E362.51246
G0 F9000 X171.223 Y155.177
G1 F1800 X171.537 Y154.863 E362.52723
G0 F9000 X171.223 Y154.611
G1 F1800 X171.537 Y154.297 E362.542
G0 F9000 X171.223 Y154.046
G1 F1800 X171.537 Y153.732 E362.55677
G0 F9000 X171.223 Y153.48
G1 F1800 X171.537 Y153.166 E362.57154
G0 F9000 X171.223 Y152.914
G1 F1800 X171.537 Y152.6 E362.58631
G0 F9000 X171.223 Y152.348
G1 F1800 X171.537 Y152.035 E362.60106
G0 F9000 X171.223 Y151.783
G1 F1800 X171.537 Y151.469 E362.61583
G0 F9000 X171.223 Y151.217
G1 F1800 X171.537 Y150.903 E362.6306
G0 F9000 X171.223 Y150.651
G1 F1800 X171.537 Y150.337 E362.64537
G0 F9000 X171.223 Y150.086
G1 F1800 X171.537 Y149.772 E362.66014
G0 F9000 X171.223 Y149.52
G1 F1800 X171.537 Y149.206 E362.67491
G0 F9000 X171.223 Y148.954
G1 F1800 X171.537 Y148.64 E362.68968
G0 F9000 X171.223 Y148.389
G1 F1800 X171.537 Y148.075 E362.70445
G0 F9000 X171.223 Y147.823
G1 F1800 X171.537 Y147.509 E362.71922
G0 F9000 X171.223 Y147.257
G1 F1800 X171.537 Y146.943 E362.73398
G0 F9000 X171.888 Y146.943
G1 F1440 E361.23398
G0 F9000 X171.978 Y146.943
G0 X172.268 Y202.669
G0 X173.353 Y202.669
G0 X175.355 Y202.669
G0 X176.44 Y202.669
G0 X176.62 Y202.669
;TYPE:WALL-INNER
G1 F1440 E362.73398
G1 F1800 X176.796 Y202.847 E362.74231
G1 X176.982 Y203.017 E362.75069
G1 X177.126 Y203.148 E362.75717
G1 X177.24 Y203.241 E362.76206
G1 X177.38 Y203.356 E362.76809
G1 X177.625 Y203.562 E362.77873
G1 X177.71 Y203.627 E362.78229
G1 X177.625 Y203.627 E362.78234
G1 X177.379 Y203.626 E362.78674
G1 X177.197 Y203.625 E362.79187
G1 X176.62 Y203.621 E362.81106
G1 X176.62 Y203.099 E362.82843
G1 X176.62 Y202.847 E362.83449
G1 X176.62 Y202.669 E362.83527
G0 F9000 X176.453 Y202.231
G0 X176.22 Y201.518
;TYPE:WALL-OUTER
G1 F1800 X176.332 Y201.688 E362.84204
G1 X176.522 Y201.946 E362.8527
G1 X176.691 Y202.15 E362.86151
G1 X176.866 Y202.349 E362.87032
G1 X177.073 Y202.558 E362.8801
G1 X177.388 Y202.845 E362.89428
G1 X177.634 Y203.047 E362.90486
G1 X177.876 Y203.25 E362.91537
G1 X178.11 Y203.43 E362.92519
G1 X178.526 Y203.795 E362.9436
G1 X178.723 Y203.987 E362.95275
G1 X178.749 Y204.034 E362.95453
G1 X176.22 Y204.018 E363.03865
G1 X176.22 Y201.518 E363.1218
G0 F9000 X176.454 Y202.271
;TYPE:SKIN
G1 F1800 X176.541 Y202.467 E363.12372
G1 X176.863 Y203.276 E363.13152
G1 X177.029 Y203.393 E363.13334
G1 X177.924 Y203.63 E363.14163
G1 X178.063 Y203.773 E363.14341
G1 F1440 E361.64341
G0 F9000 X177.984 Y203.73
G0 X177.493 Y203.215
G0 X177.95 Y202.188
G0 X177.131 Y195.146
G0 X176.426 Y194.313
G0 X176.62 Y193.794
;TYPE:WALL-INNER
G1 F1440 E363.14341
G1 F1800 X176.62 Y193.739 E363.14524
G1 X176.62 Y193.438 E363.15526
G1 X176.62 Y193.404 E363.15639
G1 X176.62 Y191.417 E363.22247
G1 X176.62 Y191.161 E363.23099
G1 X176.621 Y190.985 E363.23684
G1 X176.794 Y191.161 E363.23995
G1 X176.982 Y191.334 E363.24625
G1 X177.057 Y191.403 E363.24964
G1 X177.725 Y191.958 E363.27852
G1 X177.926 Y192.133 E363.28739
G1 X177.947 Y192.151 E363.28831
G1 X178.163 Y192.396 E363.29917
G1 X178.134 Y192.443 E363.30101
G1 X178.114 Y192.462 E363.30193
G1 X177.939 Y192.631 E363.31002
G1 X177.73 Y192.817 E363.31932
G1 X177.514 Y192.991 E363.32855
G1 X177.276 Y193.189 E363.33885
G1 X177.012 Y193.416 E363.35043
G1 X176.987 Y193.438 E363.35149
G1 X176.673 Y193.739 E363.36061
G1 X176.62 Y193.794 E363.36124
G0 F9000 X176.452 Y194.237
G0 X176.22 Y194.942
;TYPE:WALL-OUTER
G1 F1800 X176.221 Y189.834 E363.53114
G1 X176.332 Y190.002 E363.53783
G1 X176.522 Y190.261 E363.54852
G1 X176.691 Y190.465 E363.55733
G1 X176.866 Y190.664 E363.56614
G1 X177.072 Y190.873 E363.5759
G1 X177.321 Y191.102 E363.58715
G1 X177.766 Y191.474 E363.60645
G1 X177.979 Y191.649 E363.61561
G1 X178.216 Y191.855 E363.62606
G1 X178.41 Y192.047 E363.63514
G1 X178.64 Y192.389 E363.64884
G1 X178.444 Y192.7 E363.66107
G1 X178.217 Y192.919 E363.67156
G1 X177.981 Y193.128 E363.68205
G1 X177.767 Y193.301 E363.6912
G1 X177.534 Y193.494 E363.70126
G1 X177.256 Y193.734 E363.71348
G1 X176.956 Y194.022 E363.72731
G1 X176.761 Y194.226 E363.7367
G1 X176.438 Y194.628 E363.75385
G1 X176.243 Y194.904 E363.76509
G1 X176.22 Y194.942 E363.76656
G0 F9000 X176.395 Y194.128
;TYPE:SKIN
G1 F1800 X176.576 Y193.947 E363.77082
G0 F9000 X176.795 Y193.163
G1 F1800 X176.94 Y193.018 E363.77423
G0 F9000 X176.795 Y191.748
G0 X176.887 Y191.656
G1 F1800 X176.635 Y190.776 E363.78262
G1 X176.474 Y190.654 E363.78447
G0 F9000 X176.451 Y191.096
G1 F1440 E362.28447
G0 F9000 X176.52 Y191.096
G0 X176.427 Y190.471
G0 X177.193 Y189.716
G0 X177.131 Y183.461
G0 X176.426 Y182.628
G0 X176.62 Y182.109
;TYPE:WALL-INNER
G1 F1440 E363.78447
G1 F1800 X176.62 Y182.054 E363.7863
G1 X176.62 Y181.753 E363.79631
G1 X176.62 Y181.719 E363.79744
G1 X176.62 Y179.729 E363.86363
G1 X176.62 Y179.476 E363.87204
G1 X176.62 Y179.299 E363.87793
G1 X176.795 Y179.476 E363.88108
G1 X176.981 Y179.646 E363.88729
G1 X177.126 Y179.778 E363.89381
G1 X177.374 Y179.982 E363.90449
G1 X177.617 Y180.188 E363.91509
G1 X177.853 Y180.375 E363.9251
G1 X178.128 Y180.651 E363.93806
G1 X178.147 Y180.67 E363.93896
G1 X178.168 Y180.702 E363.94023
G1 X178.132 Y180.76 E363.9425
G1 X177.939 Y180.946 E363.95142
G1 X177.919 Y180.964 E363.95231
G1 X177.73 Y181.132 E363.96072
G1 X177.514 Y181.306 E363.96995
G1 X177.276 Y181.504 E363.98024
G1 X177.012 Y181.731 E363.99182
G1 X176.987 Y181.753 E363.99289
G1 X176.673 Y182.054 E364.002
G1 X176.62 Y182.109 E364.00264
G0 F9000 X176.452 Y182.552
G0 X176.22 Y183.258
;TYPE:WALL-OUTER
G1 F1800 X176.22 Y178.148 E364.1726
G1 X176.332 Y178.317 E364.17934
G1 X176.522 Y178.576 E364.19003
G1 X176.691 Y178.78 E364.19884
G1 X176.866 Y178.978 E364.20763
G1 X177.072 Y179.188 E364.21741
G1 X177.388 Y179.475 E364.23161
G1 X177.633 Y179.677 E364.24217
G1 X177.871 Y179.879 E364.25255
G1 X178.116 Y180.073 E364.26295
G1 X178.46 Y180.418 E364.27915
G1 X178.64 Y180.698 E364.29022
G1 X178.444 Y181.015 E364.30262
G1 X178.217 Y181.234 E364.31311
G1 X177.981 Y181.443 E364.32359
G1 X177.767 Y181.616 E364.33275
G1 X177.534 Y181.809 E364.34281
G1 X177.256 Y182.049 E364.35503
G1 X176.956 Y182.337 E364.36886
G1 X176.761 Y182.541 E364.37824
G1 X176.438 Y182.943 E364.3954
G1 X176.243 Y183.219 E364.40664
G1 X176.22 Y183.258 E364.40814
G0 F9000 X176.516 Y182.409
;TYPE:SKIN
G1 F1800 X176.415 Y182.228 E364.41067
G1 X176.897 Y181.464 E364.42167
G0 F9000 X176.999 Y181.362
G0 X176.824 Y180.123
G0 X176.925 Y180.022
G1 F1800 X176.836 Y179.827 E364.42409
G1 X176.43 Y178.818 E364.43635
G1 F1440 E362.93635
G0 F9000 X176.52 Y178.898
G0 X177.193 Y178.031
G0 X177.127 Y171.78
G0 X176.426 Y170.943
G0 X176.62 Y170.425
;TYPE:WALL-INNER
G1 F1440 E364.43635
G1 F1800 X176.62 Y170.369 E364.43822
G1 X176.62 Y169.965 E364.45165
G1 X176.62 Y168.047 E364.51545
G1 X176.62 Y167.79 E364.52399
G1 X176.62 Y167.614 E364.52985
G1 X176.794 Y167.79 E364.53297
G1 X176.982 Y167.964 E364.53929
G1 X177.057 Y168.033 E364.54268
G1 X177.717 Y168.582 E364.57123
G1 X177.919 Y168.757 E364.58012
G1 X177.947 Y168.781 E364.58135
G1 X178.163 Y169.026 E364.59221
G1 X178.137 Y169.053 E364.59346
G1 X177.972 Y169.228 E364.60145
G1 X177.792 Y169.395 E364.60962
G1 X177.513 Y169.621 E364.62156
G1 X177.051 Y170.008 E364.64161
G1 X176.966 Y170.09 E364.64554
G1 X176.674 Y170.369 E364.65362
G1 X176.62 Y170.425 E364.65427
G0 F9000 X176.453 Y170.867
G0 X176.22 Y171.573
;TYPE:WALL-OUTER
G1 F1800 X176.22 Y166.463 E364.82423
G1 X176.332 Y166.633 E364.831
G1 X176.522 Y166.89 E364.84163
G1 X176.691 Y167.095 E364.85047
G1 X176.866 Y167.293 E364.85925
G1 X177.072 Y167.503 E364.86904
G1 X177.321 Y167.732 E364.88029
G1 X177.766 Y168.104 E364.89958
G1 X177.979 Y168.279 E364.90875
G1 X178.216 Y168.484 E364.91917
G1 X178.41 Y168.677 E364.92827
G1 X178.64 Y169.019 E364.94198
G1 X178.444 Y169.33 E364.95421
G1 X178.244 Y169.522 E364.96343
G1 X178.057 Y169.695 E364.9719
G1 X177.767 Y169.93 E364.98432
G1 X177.318 Y170.306 E365.0038
G1 X176.957 Y170.652 E365.02043
G1 X176.761 Y170.856 E365.02984
G1 X176.438 Y171.258 E365.04699
G1 X176.243 Y171.534 E365.05823
G1 X176.22 Y171.573 E365.05973
G0 F9000 X176.547 Y170.782
;TYPE:SKIN
G1 F1800 X176.446 Y170.6 E365.06304
G1 X176.935 Y169.828 E365.07755
G1 X176.829 Y169.651 E365.08082
G0 F9000 X176.794 Y169.687
G0 X176.993 Y168.357
G0 X177.034 Y168.316
G1 F1800 X176.857 Y168.209 E365.08287
G1 X176.449 Y167.203 E365.09359
G1 F1440 E363.59359
G0 F9000 X176.472 Y167.3
G0 X177.202 Y166.355
G0 X177.127 Y160.095
G0 X176.426 Y159.258
G0 X176.62 Y158.74
;TYPE:WALL-INNER
G1 F1440 E365.09359
G1 F1800 X176.62 Y158.684 E365.09545
G1 X176.62 Y158.281 E365.10885
G1 X176.62 Y156.362 E365.17268
G1 X176.62 Y156.106 E365.18119
G1 X176.62 Y155.929 E365.18708
G1 X176.794 Y156.106 E365.19021
G1 X176.982 Y156.279 E365.19651
G1 X177.057 Y156.348 E365.1999
G1 X177.717 Y156.897 E365.22845
G1 X177.924 Y157.076 E365.23755
G1 X177.954 Y157.102 E365.23887
G1 X178.171 Y157.34 E365.24958
G1 X178.144 Y157.368 E365.25088
G1 X177.97 Y157.547 E365.25918
G1 X177.799 Y157.703 E365.26688
G1 X177.512 Y157.938 E365.27922
G1 X177.05 Y158.324 E365.29924
G1 X176.965 Y158.405 E365.30315
G1 X176.674 Y158.684 E365.31123
G1 X176.62 Y158.74 E365.31187
G0 F9000 X176.453 Y159.182
G0 X176.22 Y159.887
;TYPE:WALL-OUTER
G1 F1800 X176.22 Y154.777 E365.48183
G1 X176.332 Y154.947 E365.4886
G1 X176.522 Y155.205 E365.49926
G1 X176.691 Y155.409 E365.50807
G1 X176.865 Y155.608 E365.51686
G1 X177.072 Y155.818 E365.52667
G1 X177.321 Y156.047 E365.53792
G1 X177.766 Y156.419 E365.55721
G1 X177.979 Y156.594 E365.56638
G1 X178.216 Y156.799 E365.5768
G1 X178.445 Y157.027 E365.58755
G1 X178.64 Y157.328 E365.59948
G1 X178.589 Y157.456 E365.60406
G1 X178.433 Y157.654 E365.61245
G1 X178.241 Y157.84 E365.62134
G1 X178.067 Y158.001 E365.62922
G1 X177.767 Y158.246 E365.6421
G1 X177.317 Y158.622 E365.66161
G1 X176.957 Y158.967 E365.67819
G1 X176.761 Y159.171 E365.6876
G1 X176.438 Y159.573 E365.70475
G1 X176.243 Y159.849 E365.71599
G1 X176.22 Y159.887 E365.71747
G0 F9000 X176.453 Y159.182
G0 X176.814 Y158.395
;TYPE:FILL
G1 F3600 X177.283 Y156.641 E365.77786
G0 F9000 X176.834 Y156.264
G1 F3600 X177.985 Y157.416 E365.83202
G0 F9000 X176.925 Y157.959
;TYPE:SKIN
G1 F1800 X176.794 Y158.091 E365.83511
G0 F9000 X176.561 Y158.889
G1 F1800 X176.394 Y159.057 E365.83905
G0 F9000 X176.52 Y159.057
G0 X176.794 Y156.677
G0 X176.881 Y156.589
G1 F1800 X176.618 Y155.721 E365.84755
G1 X176.47 Y155.586 E365.84942
G0 F9000 X176.443 Y156.034
G1 F1440 E364.34942
G0 F9000 X176.52 Y156.034
G0 X176.426 Y155.414
G0 X177.203 Y154.672
G0 X177.125 Y148.413
G0 X176.426 Y147.572
G0 X176.62 Y147.055
;TYPE:WALL-INNER
G1 F1440 E365.84942
G1 F1800 X176.62 Y146.999 E365.85129
G1 X176.62 Y146.396 E365.87134
G1 X177.053 Y146.398 E365.88574
G1 X177.335 Y146.4 E365.89512
G1 X177.052 Y146.638 E365.90029
G1 X176.674 Y146.999 E365.9169
G1 X176.62 Y147.055 E365.91754
G0 F9000 X176.453 Y147.496
G0 X176.22 Y148.202
;TYPE:WALL-OUTER
G1 F1800 X176.22 Y145.993 E365.99101
G1 X178.438 Y146.007 E366.06478
G1 X178.078 Y146.314 E366.08052
G1 X177.811 Y146.526 E366.09186
G1 X177.536 Y146.753 E366.10372
G1 X177.319 Y146.936 E366.11316
G1 X176.957 Y147.282 E366.12982
G1 X176.761 Y147.486 E366.13923
G1 X176.438 Y147.887 E366.15635
G1 X176.243 Y148.163 E366.16759
G1 X176.22 Y148.202 E366.1691
G0 F9000 X176.509 Y147.344
;TYPE:SKIN
G1 F1800 X176.408 Y147.162 E366.17521
G0 F9000 X176.52 Y147.177
G0 X177.491 Y146.363
G1 F1800 X177.678 Y146.176 E366.1796
G1 F1440 E364.6796
;MESH:NONMESH
G0 F300 X177.678 Y146.176 Z3.8
G0 F9000 X177.652 Y146.27
G0 X177.396 Y146.584
G0 X177.899 Y147.577
G0 X179.571 Y157.319
G0 X179.583 Y192.36
G0 X177.95 Y202.188
G0 X177.493 Y203.215
G0 X177.725 Y203.628
;TIME_ELAPSED:662.464300
;LAYER:18
;TYPE:WALL-INNER
;MESH:Vertical_Tension_Member.stl
G1 F1440 E366.1796
G1 F1800 X177.524 Y203.627 E366.18629
G1 X177.19 Y203.625 E366.1974
G1 X176.699 Y203.621 E366.21373
G1 X176.699 Y203.121 E366.23036
G1 X176.699 Y203.073 E366.23196
G1 X176.699 Y202.84 E366.2397
G1 X176.7 Y202.732 E366.2433
G1 X176.806 Y202.84 E366.24487
G1 X177.053 Y203.073 E366.25245
G1 X177.089 Y203.103 E366.25393
G1 X177.27 Y203.255 E366.26179
G1 X177.525 Y203.469 E366.26971
G1 X177.725 Y203.628 E366.27245
G0 F9000 X178.187 Y203.796
G0 X178.763 Y204.034
;TYPE:WALL-OUTER
G1 F1800 X176.299 Y204.019 E366.3544
G1 X176.3 Y201.621 E366.43416
G1 X176.513 Y201.92 E366.44637
G1 X176.807 Y202.272 E366.46162
G1 X177.086 Y202.554 E366.47482
G1 X177.319 Y202.774 E366.48547
G1 X177.778 Y203.159 E366.5054
G1 X177.991 Y203.328 E366.51444
G1 X178.253 Y203.544 E366.52574
G1 X178.502 Y203.758 E366.53666
G1 X178.737 Y203.988 E366.54759
G1 X178.763 Y204.034 E366.54935
G0 F9000 X178.115 Y203.854
;TYPE:SKIN
G1 F1800 X177.892 Y203.631 E366.5546
G0 F9000 X177.02 Y203.324
G1 F1800 X176.529 Y202.55 E366.56659
G1 X176.635 Y202.373 E366.56928
G0 F9000 X176.899 Y202.81
G1 F1440 E365.06928
G0 F9000 X176.519 Y203.598
G0 X175.434 Y203.598
G0 X173.273 Y203.597
G0 X172.208 Y203.598
G0 X172.009 Y203.594
;TYPE:WALL-INNER
G1 F1440 E366.56928
G1 F1800 X171.809 Y203.593 E366.57594
G1 X171.196 Y203.589 E366.59632
G1 X170.834 Y203.589 E366.60836
G1 X170.835 Y146.565 E368.50499
G1 X170.835 Y146.365 E368.51164
G1 X171.035 Y146.365 E368.51595
G1 X172.008 Y146.369 E368.54831
G1 X172.009 Y203.394 E370.44497
G1 X172.009 Y203.594 E370.44927
G0 F9000 X172.409 Y203.996
;TYPE:WALL-OUTER
G1 F1800 X171.195 Y203.989 E370.48965
G1 X170.434 Y203.989 E370.51496
G1 X170.435 Y145.964 E372.44488
G1 X172.408 Y145.97 E372.5105
G1 X172.409 Y203.996 E374.44045
G0 F9000 X172.139 Y203.725
G0 X171.617 Y203.481
G0 X171.619 Y203.202
;TYPE:SKIN
G1 F1800 X171.224 Y203.199 E374.45359
G1 X171.225 Y146.756 E376.33089
G1 X171.618 Y146.758 E376.34397
G1 X171.619 Y203.202 E378.2213
G0 F9000 X171.617 Y203.392
G1 F1440 E376.7213
G0 F9000 X171.617 Y203.481
G0 X172.208 Y193.73
G0 X173.273 Y193.729
G0 X175.434 Y193.733
G0 X176.519 Y193.733
G0 X176.699 Y193.73
;TYPE:WALL-INNER
G1 F1440 E378.2213
G1 F1800 X176.699 Y193.392 E378.23254
G1 X176.699 Y193.341 E378.23424
G1 X176.699 Y191.435 E378.29763
G1 X176.699 Y191.387 E378.29923
G1 X176.699 Y191.155 E378.30695
G1 X176.7 Y191.047 E378.31054
G1 X176.807 Y191.155 E378.31214
G1 X177.053 Y191.387 E378.31971
G1 X177.089 Y191.417 E378.32119
G1 X177.618 Y191.863 E378.3442
G1 X177.854 Y192.05 E378.35422
G1 X178.018 Y192.208 E378.36179
G1 X178.07 Y192.257 E378.36417
G1 X178.184 Y192.389 E378.36997
G1 X178.072 Y192.519 E378.37568
G1 X178.02 Y192.568 E378.37805
G1 X177.839 Y192.738 E378.38631
G1 X177.617 Y192.915 E378.39576
G1 X177.089 Y193.36 E378.41872
G1 X177.05 Y193.392 E378.42031
G1 X176.699 Y193.73 E378.42942
G0 F9000 X176.531 Y194.158
G0 X176.299 Y194.848
;TYPE:WALL-OUTER
G1 F1800 X176.3 Y189.937 E378.59276
G1 X176.513 Y190.235 E378.60495
G1 X176.807 Y190.587 E378.6202
G1 X177.086 Y190.869 E378.63339
G1 X177.319 Y191.088 E378.64403
G1 X177.871 Y191.553 E378.66803
G1 X178.12 Y191.751 E378.67862
G1 X178.361 Y191.982 E378.68972
G1 X178.536 Y192.183 E378.69858
G1 X178.655 Y192.416 E378.70728
G1 X178.54 Y192.59 E378.71422
G1 X178.367 Y192.79 E378.72302
G1 X178.1 Y193.041 E378.73521
G1 X177.871 Y193.224 E378.74496
G1 X177.317 Y193.69 E378.76903
G1 X177.001 Y193.993 E378.78359
G1 X176.764 Y194.241 E378.795
G1 X176.56 Y194.494 E378.80581
G1 X176.383 Y194.726 E378.81552
G1 X176.299 Y194.848 E378.82045
G0 F9000 X176.543 Y194.079
;TYPE:SKIN
G1 F1800 X176.681 Y193.934 E378.82245
G1 X176.958 Y193.08 E378.83146
G0 F9000 X176.873 Y192.995
G0 X177.075 Y191.783
G0 X176.974 Y191.682
G1 F1800 X176.497 Y190.922 E378.84046
G1 X176.597 Y190.739 E378.84256
G1 F1440 E377.34256
G0 F9000 X176.599 Y190.662
G0 X177.201 Y189.711
G0 X177.234 Y183.349
G0 X176.505 Y182.547
G0 X176.699 Y182.043
;TYPE:WALL-INNER
G1 F1440 E378.84256
G1 F1800 X176.699 Y181.707 E378.85373
G1 X176.699 Y181.657 E378.85539
G1 X176.699 Y179.75 E378.91882
G1 X176.699 Y179.702 E378.92042
G1 X176.699 Y179.47 E378.92813
G1 X176.7 Y179.362 E378.93173
G1 X176.807 Y179.47 E378.93333
G1 X177.053 Y179.702 E378.9409
G1 X177.089 Y179.732 E378.94238
G1 X177.618 Y180.178 E378.96539
G1 X177.854 Y180.365 E378.97541
G1 X178.024 Y180.528 E378.98324
G1 X178.078 Y180.58 E378.98573
G1 X178.186 Y180.702 E378.99115
G1 X178.072 Y180.834 E378.99695
G1 X178.017 Y180.886 E378.99947
G1 X177.839 Y181.053 E379.00759
G1 X177.617 Y181.23 E379.01703
G1 X177.089 Y181.675 E379.04
G1 X177.051 Y181.707 E379.04156
G1 X176.699 Y182.043 E379.05069
G0 F9000 X176.531 Y182.471
G0 X176.299 Y183.163
;TYPE:WALL-OUTER
G1 F1800 X176.3 Y178.252 E379.21403
G1 X176.513 Y178.55 E379.22622
G1 X176.807 Y178.902 E379.24147
G1 X177.086 Y179.184 E379.25466
G1 X177.319 Y179.403 E379.2653
G1 X177.871 Y179.868 E379.28931
G1 X178.12 Y180.066 E379.29989
G1 X178.361 Y180.297 E379.31099
G1 X178.539 Y180.499 E379.31994
G1 X178.655 Y180.73 E379.32854
G1 X178.54 Y180.905 E379.33551
G1 X178.367 Y181.105 E379.3443
G1 X178.1 Y181.356 E379.35649
G1 X177.871 Y181.539 E379.36624
G1 X177.318 Y182.005 E379.39029
G1 X177 Y182.307 E379.40488
G1 X176.763 Y182.556 E379.41631
G1 X176.56 Y182.809 E379.4271
G1 X176.383 Y183.041 E379.43681
G1 X176.299 Y183.163 E379.44173
G0 F9000 X176.523 Y182.462
;TYPE:SKIN
G1 F1800 X176.589 Y182.246 E379.44417
G1 X176.935 Y181.46 E379.45342
G1 X177.102 Y181.344 E379.45561
G0 F9000 X177.15 Y181.392
G0 X177.014 Y180.126
G1 F1800 X176.874 Y179.986 E379.45891
G0 F9000 X176.658 Y179.204
G1 F1800 X176.474 Y179.02 E379.46323
G1 F1440 E377.96323
G0 F9000 X176.549 Y179.062
G0 X177.201 Y178.026
G0 X177.233 Y171.664
G0 X176.505 Y170.863
G0 X176.699 Y170.358
;TYPE:WALL-INNER
G1 F1440 E379.46323
G1 F1800 X176.699 Y170.022 E379.47441
G1 X176.699 Y169.972 E379.47607
G1 X176.699 Y168.066 E379.53947
G1 X176.699 Y168.018 E379.54106
G1 X176.699 Y167.785 E379.54881
G1 X176.7 Y167.677 E379.5524
G1 X176.806 Y167.785 E379.55397
G1 X177.053 Y168.018 E379.56156
G1 X177.089 Y168.048 E379.56304
G1 X177.618 Y168.492 E379.58601
G1 X177.852 Y168.679 E379.59597
G1 X178.023 Y168.843 E379.60385
G1 X178.078 Y168.895 E379.60637
G1 X178.186 Y169.017 E379.61179
G1 X178.072 Y169.149 E379.61759
G1 X178.017 Y169.201 E379.62011
G1 X177.839 Y169.368 E379.62823
G1 X177.617 Y169.545 E379.63767
G1 X177.089 Y169.99 E379.66064
G1 X177.051 Y170.022 E379.6622
G1 X176.699 Y170.358 E379.67133
G0 F9000 X176.532 Y170.787
G0 X176.299 Y171.478
;TYPE:WALL-OUTER
G1 F1800 X176.3 Y166.566 E379.8347
G1 X176.513 Y166.864 E379.84689
G1 X176.807 Y167.216 E379.86214
G1 X177.086 Y167.499 E379.87536
G1 X177.319 Y167.719 E379.88602
G1 X177.871 Y168.182 E379.90998
G1 X178.12 Y168.381 E379.92058
G1 X178.361 Y168.612 E379.93168
G1 X178.539 Y168.814 E379.94064
G1 X178.655 Y169.045 E379.94924
G1 X178.54 Y169.22 E379.9562
G1 X178.367 Y169.42 E379.965
G1 X178.1 Y169.671 E379.97718
G1 X177.871 Y169.854 E379.98693
G1 X177.318 Y170.32 E380.01099
G1 X177 Y170.622 E380.02557
G1 X176.764 Y170.871 E380.03698
G1 X176.56 Y171.123 E380.04777
G1 X176.383 Y171.356 E380.0575
G1 X176.299 Y171.478 E380.06243
G0 F9000 X176.503 Y170.846
;TYPE:SKIN
G1 F1800 X176.567 Y170.628 E380.06468
G1 X176.996 Y169.643 E380.07534
G0 F9000 X176.891 Y169.538
G0 X176.954 Y168.468
G0 X176.914 Y168.428
G1 F1800 X177.028 Y168.26 E380.08279
G0 F9000 X176.647 Y167.313
G1 F1800 X176.535 Y167.484 E380.09267
G0 F9000 X176.589 Y167.85
G1 F1440 E378.59267
G0 F9000 X176.599 Y167.85
G0 X176.506 Y167.178
G0 X177.201 Y166.34
G0 X177.162 Y160.068
G0 X176.505 Y159.177
G0 X176.699 Y158.673
;TYPE:WALL-INNER
G1 F1440 E380.09267
G1 F1800 X176.699 Y158.355 E380.10325
G1 X176.699 Y158.283 E380.10565
G1 X176.699 Y156.38 E380.16894
G1 X176.699 Y156.332 E380.17054
G1 X176.699 Y156.1 E380.17825
G1 X176.7 Y155.992 E380.18184
G1 X176.806 Y156.1 E380.18341
G1 X177.053 Y156.332 E380.19099
G1 X177.089 Y156.362 E380.19247
G1 X177.618 Y156.807 E380.21546
G1 X177.854 Y156.994 E380.22547
G1 X178.015 Y157.149 E380.23291
G1 X178.071 Y157.203 E380.23549
G1 X178.186 Y157.333 E380.24127
G1 X178.082 Y157.452 E380.24652
G1 X178.026 Y157.505 E380.24909
G1 X177.832 Y157.688 E380.25796
G1 X177.617 Y157.86 E380.26712
G1 X177.086 Y158.309 E380.29024
G1 X177.031 Y158.355 E380.29245
G1 X176.699 Y158.673 E380.30076
G0 F9000 X176.532 Y159.101
G0 X176.299 Y159.785
;TYPE:WALL-OUTER
G1 F1800 X176.3 Y154.881 E380.46387
G1 X176.513 Y155.179 E380.47605
G1 X176.807 Y155.531 E380.49131
G1 X177.086 Y155.814 E380.50452
G1 X177.319 Y156.033 E380.51516
G1 X177.871 Y156.497 E380.53914
G1 X178.12 Y156.695 E380.54973
G1 X178.361 Y156.926 E380.56083
G1 X178.539 Y157.129 E380.56981
G1 X178.655 Y157.36 E380.57841
G1 X178.54 Y157.535 E380.58537
G1 X178.367 Y157.734 E380.59414
G1 X178.1 Y157.986 E380.60635
G1 X177.871 Y158.169 E380.6161
G1 X177.298 Y158.653 E380.64105
G1 X177 Y158.937 E380.65474
G1 X176.763 Y159.186 E380.66617
G1 X176.478 Y159.539 E380.68126
G1 X176.299 Y159.785 E380.69138
G0 F9000 X176.532 Y159.101
G0 X176.778 Y157.977
;TYPE:FILL
G1 F3600 X177.166 Y156.532 E380.74115
G0 F9000 X176.98 Y156.615
;TYPE:SKIN
G1 F1800 X176.504 Y155.856 E380.75085
G1 X176.604 Y155.673 E380.75311
G0 F9000 X176.536 Y155.596
G0 X176.872 Y157.922
G0 X176.963 Y158.013
G1 F1800 X176.699 Y158.88 E380.76153
G1 X176.546 Y159.01 E380.76339
G0 F9000 X176.517 Y158.574
G1 F1440 E379.26339
G0 F9000 X176.599 Y158.574
G0 X176.506 Y155.493
G0 X177.201 Y154.655
G0 X177.233 Y148.294
G0 X176.505 Y147.493
G0 X176.699 Y146.988
;TYPE:WALL-INNER
G1 F1440 E380.76339
G1 F1800 X176.699 Y146.651 E380.7746
G1 X176.699 Y146.395 E380.78312
G1 X177.052 Y146.397 E380.79486
G1 X177.351 Y146.399 E380.8048
G1 X177.051 Y146.651 E380.81046
G1 X176.699 Y146.988 E380.8196
G0 F9000 X176.532 Y147.417
G0 X176.299 Y148.108
;TYPE:WALL-OUTER
G1 F1800 X176.299 Y145.993 E380.88994
G1 X178.445 Y146.006 E380.96132
G1 X178.131 Y146.283 E380.97525
G1 X177.876 Y146.482 E380.98601
G1 X177.318 Y146.95 E381.01023
G1 X177 Y147.252 E381.02482
G1 X176.764 Y147.501 E381.03623
G1 X176.56 Y147.753 E381.04701
G1 X176.383 Y147.986 E381.05674
G1 X176.299 Y148.108 E381.06167
G0 F9000 X176.527 Y147.394
;TYPE:SKIN
G1 F1800 X176.6 Y147.184 E381.06956
G0 F9000 X176.599 Y147.07
G0 X177.512 Y146.396
G0 X177.561 Y146.448
G1 F1800 X177.661 Y146.265 E381.07555
G0 F9000 X177.855 Y146.176
G1 F1800 X177.91 Y146.231 E381.07684
G1 F1440 E379.57684
;MESH:NONMESH
G0 F300 X177.91 Y146.231 Z4
G0 F9000 X177.777 Y146.252
G0 X177.172 Y146.787
G0 X177.9 Y147.588
G0 X179.549 Y157.111
G0 X179.549 Y192.165
G0 X177.682 Y201.928
G0 X177.173 Y202.937
G0 X177.746 Y203.628
;TIME_ELAPSED:686.190871
;LAYER:19
;TYPE:WALL-INNER
;MESH:Vertical_Tension_Member.stl
G1 F1440 E381.07684
G1 F1800 X177.632 Y203.628 E381.08063
G1 X177.373 Y203.626 E381.08925
G1 X177.233 Y203.625 E381.09391
G1 X176.753 Y203.621 E381.10987
G1 X176.753 Y203.162 E381.12514
G1 X176.753 Y203.057 E381.12863
G1 X176.753 Y202.859 E381.13521
G1 X176.754 Y202.768 E381.13824
G1 X176.846 Y202.859 E381.13955
G1 X177.054 Y203.057 E381.14534
G1 X177.134 Y203.125 E381.14844
G1 X177.268 Y203.239 E381.15429
G1 X177.375 Y203.329 E381.15838
G1 X177.632 Y203.538 E381.16594
G1 X177.746 Y203.628 E381.16715
G0 F9000 X178.209 Y203.797
G0 X178.783 Y204.034
;TYPE:WALL-OUTER
G1 F1800 X176.353 Y204.019 E381.24798
G1 X176.354 Y201.677 E381.32587
G1 X176.52 Y201.904 E381.33523
G1 X176.717 Y202.146 E381.3456
G1 X176.927 Y202.379 E381.35604
G1 X177.124 Y202.571 E381.36519
G1 X177.321 Y202.759 E381.37424
G1 X177.631 Y203.021 E381.38774
G1 X177.882 Y203.226 E381.39852
G1 X178.127 Y203.418 E381.40887
G1 X178.515 Y203.75 E381.42586
G1 X178.748 Y203.978 E381.4367
G1 X178.783 Y204.034 E381.4389
G0 F9000 X178.283 Y203.836
;TYPE:SKIN
G1 F1800 X178.072 Y203.764 E381.44043
G1 X177.958 Y203.595 E381.44184
G1 X177.037 Y203.386 E381.44834
G1 X176.595 Y202.413 E381.45571
G0 F9000 X176.572 Y202.87
G1 F1440 E379.95571
G0 F9000 X176.653 Y202.87
G0 X176.573 Y203.598
G0 X175.488 Y203.598
G0 X173.218 Y203.597
G0 X172.153 Y203.598
G0 X171.954 Y203.594
;TYPE:WALL-INNER
G1 F1440 E381.45571
G1 F1800 X171.754 Y203.593 E381.46236
G1 X171.131 Y203.589 E381.48308
G1 X171.132 Y146.563 E383.37977
G1 X171.132 Y146.364 E383.38639
G1 X171.331 Y146.364 E383.39067
G1 X171.953 Y146.366 E383.41136
G1 X171.954 Y203.394 E385.30812
G1 X171.954 Y203.594 E385.31242
G0 F9000 X172.354 Y203.996
;TYPE:WALL-OUTER
G1 F1800 X171.215 Y203.989 E385.3503
G1 X170.731 Y203.989 E385.3664
G1 X170.732 Y145.963 E387.29635
G1 X172.141 Y145.967 E387.34322
G1 X172.353 Y145.97 E387.35027
G1 X172.354 Y203.996 E389.28022
G0 F9000 X172.084 Y203.725
G0 X171.874 Y201.816
;TYPE:FILL
G1 F3600 X171.211 Y201.152 E389.31143
G0 F9000 X171.211 Y191.365
G1 F3600 X171.872 Y191.188 E389.33419
G0 F9000 X171.874 Y184.845
G1 F3600 X171.211 Y184.182 E389.36538
G0 F9000 X171.211 Y178.942
G1 F3600 X171.872 Y178.765 E389.38813
G0 F9000 X171.211 Y178.211
G1 F3600 X171.872 Y175.743 E389.47311
G0 F9000 X171.873 Y167.874
G1 F3600 X171.211 Y167.211 E389.50428
G0 F9000 X171.211 Y166.519
G1 F3600 X171.871 Y166.342 E389.527
G0 F9000 X171.211 Y154.095
G1 F3600 X171.872 Y153.918 E389.54976
G0 F9000 X171.872 Y150.902
G1 F3600 X171.211 Y150.241 E389.58085
G0 F9000 X171.331 Y150.241
G1 F1440 E388.08085
G0 F9000 X172.153 Y193.696
G0 X173.218 Y193.695
G0 X175.488 Y193.699
G0 X176.573 Y193.699
G0 X176.753 Y193.696
;TYPE:WALL-INNER
G1 F1440 E389.58085
G1 F1800 X176.753 Y193.527 E389.58648
G1 X176.753 Y193.272 E389.59496
G1 X176.753 Y191.504 E389.65376
G1 X176.753 Y191.258 E389.66194
G1 X176.754 Y191.083 E389.66776
G1 X176.932 Y191.258 E389.671
G1 X177.115 Y191.422 E389.67711
G1 X177.174 Y191.475 E389.67975
G1 X177.526 Y191.769 E389.695
G1 X177.732 Y191.936 E389.70382
G1 X177.971 Y192.144 E389.71436
G1 X177.972 Y192.145 E389.71441
G1 X178.202 Y192.394 E389.72568
G1 X178.088 Y192.522 E389.73138
G1 X178.087 Y192.523 E389.73143
G1 X177.882 Y192.717 E389.74082
G1 X177.623 Y192.929 E389.75195
G1 X177.175 Y193.302 E389.77134
G1 X177.113 Y193.357 E389.77409
G1 X176.924 Y193.527 E389.78034
G1 X176.753 Y193.696 E389.78339
G0 F9000 X176.588 Y194.109
G0 X176.353 Y194.789
;TYPE:WALL-OUTER
G1 F1800 X176.354 Y189.991 E389.94297
G1 X176.52 Y190.219 E389.95235
G1 X176.717 Y190.461 E389.96273
G1 X176.927 Y190.694 E389.97316
G1 X177.206 Y190.966 E389.98612
G1 X177.436 Y191.173 E389.99641
G1 X177.78 Y191.46 E390.01131
G1 X177.984 Y191.625 E390.02004
G1 X178.251 Y191.858 E390.03183
G1 X178.438 Y192.04 E390.0405
G1 X178.676 Y192.362 E390.05382
G1 X178.671 Y192.428 E390.05602
G1 X178.555 Y192.599 E390.0629
G1 X178.38 Y192.796 E390.07166
G1 X178.142 Y193.022 E390.08258
G1 X177.877 Y193.238 E390.09395
G1 X177.436 Y193.605 E390.11303
G1 X177.198 Y193.818 E390.12365
G1 X176.882 Y194.131 E390.13845
G1 X176.657 Y194.387 E390.14978
G1 X176.384 Y194.742 E390.16468
G1 X176.353 Y194.789 E390.16655
G0 F9000 X176.528 Y193.995
;TYPE:SKIN
G1 F1800 X176.684 Y193.839 E390.17022
G0 F9000 X176.982 Y192.975
G1 F1800 X177.178 Y193.061 E390.17513
G0 F9000 X177.229 Y193.011
G0 X176.928 Y191.898
G0 X177.037 Y191.788
G1 F1800 X176.961 Y191.581 E390.17766
G1 X176.824 Y190.87 E390.18597
G1 X176.616 Y190.795 E390.18851
G0 F9000 X176.616 Y191.228
G1 F1440 E388.68851
G0 F9000 X176.653 Y191.228
G0 X176.559 Y190.596
G0 X177.208 Y189.696
G0 X177.321 Y183.256
G0 X176.56 Y182.499
G0 X176.753 Y182.011
;TYPE:WALL-INNER
G1 F1440 E390.18851
G1 F1800 X176.753 Y181.842 E390.19413
G1 X176.753 Y181.587 E390.20261
G1 X176.753 Y179.819 E390.26142
G1 X176.753 Y179.573 E390.2696
G1 X176.754 Y179.398 E390.27542
G1 X176.932 Y179.573 E390.27865
G1 X177.115 Y179.737 E390.28476
G1 X177.174 Y179.79 E390.2874
G1 X177.526 Y180.084 E390.30266
G1 X177.732 Y180.251 E390.31148
G1 X177.971 Y180.459 E390.32201
G1 X177.972 Y180.46 E390.32206
G1 X178.202 Y180.709 E390.33334
G1 X178.088 Y180.837 E390.33904
G1 X178.087 Y180.838 E390.33908
G1 X177.882 Y181.032 E390.34847
G1 X177.623 Y181.244 E390.3596
G1 X177.175 Y181.617 E390.37899
G1 X177.113 Y181.672 E390.38175
G1 X176.924 Y181.842 E390.38799
G1 X176.753 Y182.011 E390.39104
G0 F9000 X176.588 Y182.424
G0 X176.353 Y183.103
;TYPE:WALL-OUTER
G1 F1800 X176.354 Y178.306 E390.55059
G1 X176.52 Y178.534 E390.55997
G1 X176.717 Y178.776 E390.57035
G1 X176.927 Y179.008 E390.58076
G1 X177.206 Y179.281 E390.59374
G1 X177.436 Y179.488 E390.60403
G1 X177.78 Y179.775 E390.61893
G1 X177.984 Y179.94 E390.62766
G1 X178.251 Y180.173 E390.63945
G1 X178.438 Y180.355 E390.64813
G1 X178.679 Y180.681 E390.66161
G1 X178.558 Y180.911 E390.67025
G1 X178.38 Y181.111 E390.67916
G1 X178.142 Y181.337 E390.69007
G1 X177.877 Y181.553 E390.70145
G1 X177.436 Y181.92 E390.72053
G1 X177.198 Y182.133 E390.73115
G1 X176.882 Y182.446 E390.74594
G1 X176.657 Y182.702 E390.75728
G1 X176.384 Y183.057 E390.77217
G1 X176.353 Y183.103 E390.77402
G0 F9000 X176.528 Y182.398
;TYPE:SKIN
G1 F1800 X176.746 Y182.18 E390.77915
G0 F9000 X176.928 Y181.433
G1 F1800 X177.097 Y181.264 E390.78312
G0 F9000 X177.08 Y180.15
G0 X177.137 Y180.092
G1 F1800 X176.985 Y179.961 E390.78509
G1 X176.57 Y178.962 E390.7957
G1 F1440 E389.2957
G0 F9000 X176.579 Y179.071
G0 X177.208 Y178.011
G0 X177.321 Y171.571
G0 X176.56 Y170.814
G0 X176.753 Y170.326
;TYPE:WALL-INNER
G1 F1440 E390.7957
G1 F1800 X176.753 Y170.157 E390.80132
G1 X176.753 Y169.9 E390.80987
G1 X176.753 Y168.134 E390.86861
G1 X176.753 Y167.888 E390.87679
G1 X176.754 Y167.713 E390.88261
G1 X176.932 Y167.888 E390.88584
G1 X177.115 Y168.052 E390.89195
G1 X177.174 Y168.105 E390.89459
G1 X177.512 Y168.388 E390.90925
G1 X177.72 Y168.554 E390.91811
G1 X177.972 Y168.775 E390.92925
G1 X177.974 Y168.776 E390.92933
G1 X178.202 Y169.024 E390.94053
G1 X178.088 Y169.152 E390.94623
G1 X178.086 Y169.154 E390.94633
G1 X177.882 Y169.347 E390.95567
G1 X177.174 Y169.931 E390.98619
G1 X177.114 Y169.985 E390.98888
G1 X176.923 Y170.157 E390.99519
G1 X176.753 Y170.326 E390.9982
G0 F9000 X176.588 Y170.739
G0 X176.353 Y171.418
;TYPE:WALL-OUTER
G1 F1800 X176.354 Y166.621 E391.15775
G1 X176.519 Y166.848 E391.16708
G1 X176.717 Y167.091 E391.17751
G1 X176.927 Y167.323 E391.18792
G1 X177.206 Y167.596 E391.2009
G1 X177.436 Y167.803 E391.21119
G1 X177.765 Y168.078 E391.22545
G1 X177.984 Y168.253 E391.23478
G1 X178.244 Y168.481 E391.24628
G1 X178.438 Y168.67 E391.25529
G1 X178.676 Y168.992 E391.2686
G1 X178.558 Y169.226 E391.27732
G1 X178.38 Y169.426 E391.28623
G1 X178.142 Y169.652 E391.29714
G1 X177.877 Y169.868 E391.30851
G1 X177.436 Y170.234 E391.32757
G1 X177.198 Y170.448 E391.33822
G1 X176.882 Y170.761 E391.35301
G1 X176.657 Y171.017 E391.36435
G1 X176.384 Y171.372 E391.37924
G1 X176.353 Y171.418 E391.38109
G0 F9000 X176.667 Y170.662
;TYPE:SKIN
G1 F1800 X176.568 Y170.479 E391.38395
G1 X177.042 Y169.722 E391.39621
G1 X176.945 Y169.536 E391.39909
G0 F9000 X176.927 Y169.555
G0 X176.928 Y168.422
G0 X177.008 Y168.341
G1 F1800 X176.707 Y167.511 E391.40756
G1 X176.59 Y167.345 E391.40951
G0 F9000 X176.563 Y167.807
G1 F1440 E389.90951
G0 F9000 X176.653 Y167.807
G0 X176.559 Y167.226
G0 X177.204 Y166.32
G0 X177.321 Y159.886
G0 X176.56 Y159.129
G0 X176.753 Y158.641
;TYPE:WALL-INNER
G1 F1440 E391.40951
G1 F1800 X176.753 Y158.472 E391.41513
G1 X176.753 Y158.216 E391.42365
G1 X176.753 Y156.444 E391.48259
G1 X176.753 Y156.224 E391.4899
G1 X176.754 Y156.028 E391.49642
G1 X176.954 Y156.224 E391.50027
G1 X177.118 Y156.37 E391.50592
G1 X177.175 Y156.421 E391.50846
G1 X177.512 Y156.703 E391.52308
G1 X177.72 Y156.869 E391.53193
G1 X177.973 Y157.091 E391.54312
G1 X177.98 Y157.097 E391.54343
G1 X178.202 Y157.338 E391.55433
G1 X178.093 Y157.46 E391.55977
G1 X178.086 Y157.466 E391.56008
G1 X177.88 Y157.663 E391.56956
G1 X177.175 Y158.246 E391.59998
G1 X177.113 Y158.301 E391.60274
G1 X176.923 Y158.472 E391.60901
G1 X176.753 Y158.641 E391.61202
G0 F9000 X176.588 Y159.054
G0 X176.353 Y159.733
;TYPE:WALL-OUTER
G1 F1800 X176.354 Y154.936 E391.77157
G1 X176.52 Y155.163 E391.78092
G1 X176.717 Y155.405 E391.7913
G1 X176.927 Y155.638 E391.80173
G1 X177.227 Y155.932 E391.8157
G1 X177.436 Y156.118 E391.82501
G1 X177.765 Y156.393 E391.83927
G1 X177.984 Y156.568 E391.84859
G1 X178.244 Y156.796 E391.8601
G1 X178.439 Y156.986 E391.86915
G1 X178.679 Y157.31 E391.88256
G1 X178.555 Y157.543 E391.89134
G1 X178.38 Y157.74 E391.90011
G1 X178.151 Y157.958 E391.91062
G1 X177.436 Y158.549 E391.94147
G1 X177.198 Y158.763 E391.95212
G1 X176.882 Y159.076 E391.96691
G1 X176.657 Y159.332 E391.97825
G1 X176.384 Y159.687 E391.99314
G1 X176.353 Y159.733 E391.99499
G0 F9000 X176.588 Y159.054
G0 X176.833 Y157.23
;TYPE:FILL
G1 F3600 X177.051 Y156.416 E392.02302
G0 F9000 X176.956 Y156.514
;TYPE:SKIN
G1 F1800 X177.032 Y156.721 E392.02492
G1 X176.806 Y155.816 E392.03295
G1 X176.612 Y155.727 E392.03479
G0 F9000 X176.653 Y155.812
G0 X177.024 Y157.86
G0 X176.975 Y157.909
G1 F1800 X177.113 Y158.054 E392.03667
G1 X176.599 Y158.851 E392.04557
G0 F9000 X176.573 Y158.538
G1 F1440 E390.54557
G0 F9000 X176.653 Y158.538
G0 X176.574 Y155.575
G0 X177.205 Y154.637
G0 X177.329 Y148.19
G0 X176.56 Y147.443
G0 X176.754 Y146.955
;TYPE:WALL-INNER
G1 F1440 E392.04557
G1 F1800 X176.754 Y146.786 E392.05119
G1 X176.754 Y146.395 E392.06419
G1 X176.925 Y146.395 E392.06988
G1 X177.175 Y146.397 E392.0782
G1 X177.368 Y146.399 E392.08462
G1 X177.174 Y146.561 E392.08748
G1 X176.924 Y146.786 E392.0959
G1 X176.754 Y146.955 E392.09891
G0 F9000 X176.588 Y147.368
G0 X176.353 Y148.048
;TYPE:WALL-OUTER
G1 F1800 X176.354 Y145.993 E392.16726
G1 X178.473 Y146.006 E392.23774
G1 X178.262 Y146.189 E392.24703
G1 X177.78 Y146.577 E392.26761
G1 X177.436 Y146.864 E392.28251
G1 X177.198 Y147.077 E392.29313
G1 X176.882 Y147.39 E392.30792
G1 X176.657 Y147.646 E392.31926
G1 X176.384 Y148.002 E392.33418
G1 X176.353 Y148.048 E392.33603
G0 F9000 X176.527 Y147.327
;TYPE:SKIN
G1 F1800 X176.734 Y147.119 E392.34091
G0 F9000 X176.732 Y147.116
G0 X177.515 Y146.339
G1 F1800 X177.679 Y146.175 E392.34476
G0 F9000 X177.809 Y146.327
G1 F1800 X177.923 Y146.214 E392.34743
G1 F1440 E390.84743
;MESH:NONMESH
G0 F300 X177.923 Y146.214 Z4.2
G0 F9000 X177.797 Y146.252
G0 X177.292 Y146.698
G0 X177.802 Y147.696
G0 X176.468 Y149.522
G0 X175.497 Y149.261
G0 X173.218 Y146.697
G0 X172.153 Y146.698
G0 X171.926 Y203.592
;TIME_ELAPSED:708.401643
;LAYER:20
;TYPE:WALL-INNER
;MESH:Vertical_Tension_Member.stl
G1 F1440 E392.34743
G1 F1800 X171.726 Y203.592 E392.35408
G1 X171.428 Y203.59 E392.364
G1 X171.429 Y146.565 E394.26066
G1 X171.429 Y146.366 E394.26727
G1 X171.628 Y146.366 E394.27156
G1 X171.925 Y146.367 E394.28143
G1 X171.926 Y203.392 E396.17809
G1 X171.926 Y203.592 E396.1824
G0 F9000 X172.326 Y203.995
;TYPE:WALL-OUTER
G1 F1800 X171.638 Y203.99 E396.20528
G1 X171.028 Y203.989 E396.22557
G1 X171.029 Y145.964 E398.15549
G1 X172.325 Y145.969 E398.1986
G1 X172.326 Y203.995 E400.12855
G0 F9000 X172.056 Y203.723
G0 X171.846 Y201.588
;TYPE:FILL
G1 F3600 X171.508 Y201.25 E400.14445
G0 F9000 X171.508 Y191.432
G1 F3600 X171.844 Y191.342 E400.15602
G0 F9000 X171.846 Y184.617
G1 F3600 X171.508 Y184.279 E400.17192
G0 F9000 X171.508 Y179.008
G1 F3600 X171.844 Y178.918 E400.18349
G0 F9000 X171.508 Y176.558
G1 F3600 X171.845 Y175.3 E400.2268
G0 F9000 X171.845 Y167.646
G1 F3600 X171.508 Y167.309 E400.24265
G0 F9000 X171.508 Y166.585
G1 F3600 X171.843 Y166.495 E400.25419
G0 F9000 X171.509 Y154.162
G1 F3600 X171.843 Y154.072 E400.2657
G0 F9000 X171.845 Y150.675
G1 F3600 X171.508 Y150.338 E400.28155
G0 F9000 X171.676 Y150.463
;TYPE:SKIN
G1 F1800 X171.676 Y150.746 E400.28506
G1 X171.676 Y203.072 E400.93351
G1 X171.669 Y203.348 E400.93693
G1 F1440 E399.43693
G0 F9000 X171.737 Y203.415
G0 X171.75 Y150.254
G0 X171.676 Y150.18
G1 F1440 E400.93693
G1 F1800 X171.676 Y149.897 E400.94059
G1 X171.676 Y146.786 E400.98077
G1 X171.732 Y146.559 E400.98379
G0 F9000 X171.715 Y146.566
G1 F1440 E399.48379
G0 F9000 X172.125 Y202.777
G0 X173.19 Y202.776
G0 X175.516 Y202.781
G0 X176.601 Y202.781
G0 X176.782 Y202.777
;TYPE:WALL-INNER
G1 F1440 E400.98379
G1 F1800 X176.942 Y202.934 E400.99125
G1 X177.14 Y203.109 E401.00004
G1 X177.188 Y203.152 E401.00218
G1 X177.294 Y203.241 E401.00678
G1 X177.427 Y203.353 E401.01257
G1 X177.64 Y203.528 E401.02174
G1 X177.769 Y203.628 E401.02717
G1 X177.64 Y203.628 E401.02744
G1 X177.426 Y203.626 E401.03176
G1 X177.252 Y203.625 E401.03669
G1 X176.781 Y203.621 E401.05236
G1 X176.781 Y203.198 E401.06642
G1 X176.781 Y202.934 E401.07282
G1 X176.782 Y202.777 E401.07338
G0 F9000 X176.614 Y202.362
G0 X176.382 Y201.684
;TYPE:WALL-OUTER
G1 F1800 X176.424 Y201.746 E401.07587
G1 X176.607 Y201.981 E401.08578
G1 X176.775 Y202.188 E401.09465
G1 X176.968 Y202.399 E401.10416
G1 X177.215 Y202.641 E401.11566
G1 X177.45 Y202.849 E401.1261
G1 X177.683 Y203.046 E401.13624
G1 X177.889 Y203.215 E401.14511
G1 X178.146 Y203.414 E401.15592
G1 X178.587 Y203.798 E401.17537
G1 X178.773 Y203.975 E401.18391
G1 X178.807 Y204.034 E401.18617
G1 X176.381 Y204.019 E401.26686
G1 X176.382 Y201.684 E401.34452
G0 F9000 X176.697 Y202.436
;TYPE:SKIN
G1 F1800 X176.598 Y202.619 E401.34766
G1 X177.048 Y203.353 E401.36065
G0 F9000 X177.925 Y203.663
G1 F1800 X178.115 Y203.853 E401.36512
G1 F1440 E399.86512
G0 F9000 X178.089 Y203.761
G0 X177.543 Y203.215
G0 X178.021 Y202.199
G0 X177.367 Y194.912
G0 X176.588 Y194.176
G0 X176.781 Y193.686
;TYPE:WALL-INNER
G1 F1440 E401.36512
G1 F1800 X176.781 Y193.648 E401.36639
G1 X176.781 Y193.42 E401.37397
G1 X176.781 Y193.291 E401.37826
G1 X176.781 Y191.512 E401.43743
G1 X176.781 Y191.248 E401.44621
G1 X176.782 Y191.091 E401.45143
G1 X176.943 Y191.248 E401.45423
G1 X177.14 Y191.424 E401.46063
G1 X177.188 Y191.467 E401.46278
G1 X177.633 Y191.839 E401.48207
G1 X177.879 Y192.034 E401.49251
G1 X178.082 Y192.226 E401.5018
G1 X178.102 Y192.245 E401.50272
G1 X178.228 Y192.384 E401.50896
G1 X178.043 Y192.586 E401.51807
G1 X178.023 Y192.605 E401.51899
G1 X177.854 Y192.762 E401.52666
G1 X177.633 Y192.938 E401.53605
G1 X177.297 Y193.218 E401.5506
G1 X177.158 Y193.337 E401.55669
G1 X177.06 Y193.42 E401.5602
G1 X176.818 Y193.648 E401.56607
G1 X176.781 Y193.686 E401.5665
G0 F9000 X176.616 Y194.101
G0 X176.381 Y194.778
;TYPE:WALL-OUTER
G1 F1800 X176.382 Y189.998 E401.72548
G1 X176.424 Y190.06 E401.72797
G1 X176.606 Y190.295 E401.73786
G1 X176.775 Y190.503 E401.74677
G1 X176.968 Y190.714 E401.75629
G1 X177.216 Y190.955 E401.76779
G1 X177.45 Y191.164 E401.77822
G1 X177.886 Y191.529 E401.79713
G1 X178.145 Y191.735 E401.80814
G1 X178.385 Y191.962 E401.81913
G1 X178.556 Y192.151 E401.82761
G1 X178.699 Y192.399 E401.83713
G1 X178.492 Y192.709 E401.84953
G1 X178.321 Y192.874 E401.85743
G1 X178.113 Y193.067 E401.86687
G1 X177.886 Y193.248 E401.87652
G1 X177.555 Y193.524 E401.89086
G1 X177.327 Y193.718 E401.90081
G1 X177.098 Y193.933 E401.91126
G1 X176.888 Y194.149 E401.92128
G1 X176.695 Y194.367 E401.93097
G1 X176.533 Y194.575 E401.93973
G1 X176.381 Y194.778 E401.94817
G0 F9000 X176.595 Y194.131
;TYPE:SKIN
G1 F1800 X176.662 Y193.915 E401.95046
G1 X177.151 Y192.99 E401.96107
G0 F9000 X177.216 Y193.055
G0 X177.123 Y191.831
G1 F1800 X176.957 Y191.664 E401.96498
G0 F9000 X176.775 Y190.918
G1 F1800 X176.556 Y190.698 E401.97015
G1 F1440 E400.47015
G0 F9000 X176.608 Y190.765
G0 X177.289 Y189.765
G0 X177.367 Y183.227
G0 X176.588 Y182.491
G0 X176.781 Y182
;TYPE:WALL-INNER
G1 F1440 E401.97015
G1 F1800 X176.781 Y181.963 E401.97138
G1 X176.781 Y181.735 E401.97896
G1 X176.781 Y181.605 E401.98328
G1 X176.781 Y179.827 E402.04242
G1 X176.781 Y179.563 E402.0512
G1 X176.782 Y179.406 E402.05642
G1 X176.943 Y179.563 E402.05922
G1 X177.14 Y179.739 E402.06562
G1 X177.188 Y179.782 E402.06777
G1 X177.633 Y180.154 E402.08706
G1 X177.877 Y180.348 E402.09743
G1 X177.992 Y180.456 E402.10267
G1 X178.031 Y180.493 E402.10446
G1 X178.184 Y180.647 E402.11168
G1 X178.207 Y180.671 E402.11279
G1 X178.235 Y180.704 E402.11423
G1 X178.197 Y180.742 E402.11601
G1 X178.005 Y180.936 E402.12509
G1 X177.98 Y180.958 E402.1262
G1 X177.814 Y181.106 E402.1336
G1 X177.564 Y181.309 E402.14431
G1 X177.358 Y181.484 E402.1533
G1 X177.304 Y181.527 E402.15559
G1 X177.158 Y181.651 E402.16196
G1 X177.059 Y181.735 E402.16551
G1 X176.817 Y181.963 E402.17136
G1 X176.781 Y182 E402.17176
G0 F9000 X176.616 Y182.416
G0 X176.381 Y183.093
;TYPE:WALL-OUTER
G1 F1800 X176.382 Y178.313 E402.33074
G1 X176.424 Y178.375 E402.33323
G1 X176.606 Y178.61 E402.34312
G1 X176.775 Y178.818 E402.35203
G1 X176.968 Y179.029 E402.36154
G1 X177.216 Y179.27 E402.37304
G1 X177.45 Y179.479 E402.38348
G1 X177.886 Y179.844 E402.40239
G1 X178.137 Y180.043 E402.41305
G1 X178.315 Y180.212 E402.42121
G1 X178.511 Y180.41 E402.43048
G1 X178.654 Y180.582 E402.43792
G1 X178.697 Y180.711 E402.44244
G1 X178.645 Y180.833 E402.44685
G1 X178.481 Y181.037 E402.45556
G1 X178.28 Y181.227 E402.46475
G1 X178.072 Y181.412 E402.47401
G1 X177.819 Y181.617 E402.48484
G1 X177.606 Y181.798 E402.49414
G1 X177.558 Y181.836 E402.49618
G1 X177.326 Y182.033 E402.5063
G1 X177.098 Y182.248 E402.51672
G1 X176.888 Y182.464 E402.52674
G1 X176.695 Y182.682 E402.53643
G1 X176.533 Y182.89 E402.5452
G1 X176.381 Y183.093 E402.55363
G0 F9000 X176.641 Y182.297
;TYPE:SKIN
G1 F1800 X176.836 Y182.21 E402.55579
G1 X177.061 Y181.304 E402.56521
G0 F9000 X176.955 Y181.198
G0 X177.064 Y180.175
G0 X177.01 Y180.121
G1 F1800 X177.199 Y180.027 E402.5704
G0 F9000 X176.713 Y179.259
G1 F1800 X176.556 Y179.102 E402.5741
G0 F9000 X176.594 Y179.501
G1 F1440 E401.0741
G0 F9000 X176.681 Y179.501
G0 X176.588 Y178.916
G0 X177.289 Y178.08
G0 X177.238 Y171.702
G0 X176.587 Y170.807
G0 X176.781 Y170.318
;TYPE:WALL-INNER
G1 F1440 E402.5741
G1 F1800 X176.781 Y170.167 E402.57912
G1 X176.781 Y169.976 E402.58547
G1 X176.781 Y169.937 E402.58677
G1 X176.781 Y168.098 E402.64793
G1 X176.781 Y168.06 E402.6492
G1 X176.781 Y167.823 E402.65708
G1 X176.782 Y167.721 E402.66047
G1 X176.885 Y167.823 E402.66197
G1 X177.144 Y168.06 E402.66993
G1 X177.173 Y168.084 E402.67113
G1 X177.362 Y168.24 E402.67928
G1 X177.566 Y168.413 E402.68817
G1 X177.867 Y168.654 E402.701
G1 X178.003 Y168.783 E402.70723
G1 X178.04 Y168.818 E402.70893
G1 X178.199 Y168.978 E402.71643
G1 X178.224 Y169.003 E402.7176
G1 X178.186 Y169.08 E402.72046
G1 X178.161 Y169.104 E402.72161
G1 X178.149 Y169.115 E402.72215
G1 X178.005 Y169.251 E402.72874
G1 X177.979 Y169.274 E402.7299
G1 X177.806 Y169.428 E402.7376
G1 X177.566 Y169.623 E402.74789
G1 X177.172 Y169.951 E402.76494
G1 X177.143 Y169.976 E402.76616
G1 X176.933 Y170.167 E402.77301
G1 X176.781 Y170.318 E402.77559
G0 F9000 X176.614 Y170.731
G0 X176.381 Y171.408
;TYPE:WALL-OUTER
G1 F1800 X176.382 Y166.628 E402.93457
G1 X176.424 Y166.69 E402.93706
G1 X176.606 Y166.924 E402.94692
G1 X176.775 Y167.132 E402.95583
G1 X176.968 Y167.344 E402.96537
G1 X177.16 Y167.533 E402.97433
G1 X177.406 Y167.758 E402.98542
G1 X177.621 Y167.935 E402.99468
G1 X177.821 Y168.105 E403.00341
G1 X178.135 Y168.357 E403.0168
G1 X178.315 Y168.527 E403.02504
G1 X178.519 Y168.732 E403.03466
G1 X178.653 Y168.895 E403.04167
G1 X178.697 Y169.026 E403.04627
G1 X178.645 Y169.148 E403.05068
G1 X178.481 Y169.352 E403.05939
G1 X178.28 Y169.542 E403.06859
G1 X178.072 Y169.727 E403.07784
G1 X177.82 Y169.932 E403.08865
G1 X177.406 Y170.277 E403.10657
G1 X177.209 Y170.457 E403.11545
G1 X177 Y170.664 E403.12523
G1 X176.776 Y170.902 E403.1361
G1 X176.565 Y171.159 E403.14716
G1 X176.381 Y171.408 E403.15746
G0 F9000 X176.619 Y170.679
;TYPE:SKIN
G1 F1800 X176.742 Y170.52 E403.15954
G1 X177.037 Y169.683 E403.16875
G0 F9000 X176.954 Y169.6
G0 X177.002 Y168.516
G0 X176.979 Y168.493
G1 F1800 X177.076 Y168.308 E403.17131
G1 X176.604 Y167.553 E403.18224
G1 X176.704 Y167.37 E403.1848
G0 F9000 X176.784 Y167.584
G0 X178.358 Y169.027
G0 X178.379 Y169.045
G1 F1800 X178.446 Y169.113 E403.18639
G0 F9000 X177.952 Y169.012
G1 F1440 E401.68639
G0 F9000 X177.479 Y168.102
G0 X177.97 Y167.102
G0 X177.238 Y160.017
G0 X176.587 Y159.122
G0 X176.781 Y158.633
;TYPE:WALL-INNER
G1 F1440 E403.18639
G1 F1800 X176.781 Y158.482 E403.19141
G1 X176.781 Y158.291 E403.19776
G1 X176.781 Y158.252 E403.19906
G1 X176.781 Y156.43 E403.25966
G1 X176.781 Y156.302 E403.26392
G1 X176.781 Y156.072 E403.27157
G1 X176.782 Y156.036 E403.27277
G1 X176.817 Y156.072
G1 X177.061 Y156.302 E403.27869
G1 X177.158 Y156.384 E403.28234
G1 X177.522 Y156.693 E403.29822
G1 X177.896 Y156.994 E403.31419
G1 X178.116 Y157.206 E403.32435
G1 X178.127 Y157.217 E403.32487
G1 X178.221 Y157.338 E403.32997
G1 X178.006 Y157.565 E403.34036
G1 X177.995 Y157.575 E403.34086
G1 X177.806 Y157.743 E403.34927
G1 X177.566 Y157.938 E403.35956
G1 X177.172 Y158.266 E403.37661
G1 X177.143 Y158.291 E403.37783
G1 X176.933 Y158.482 E403.38468
G1 X176.781 Y158.633 E403.38725
G0 F9000 X176.614 Y159.046
G0 X176.381 Y159.723
;TYPE:WALL-OUTER
G1 F1800 X176.382 Y154.943 E403.54624
G1 X176.424 Y155.005 E403.54873
G1 X176.645 Y155.289 E403.5607
G1 X176.849 Y155.533 E403.57128
G1 X177.097 Y155.786 E403.58306
G1 X177.328 Y156.004 E403.59362
G1 X177.777 Y156.384 E403.61319
G1 X178.154 Y156.687 E403.62927
G1 X178.43 Y156.954 E403.64205
G1 X178.696 Y157.296 E403.65646
G1 X178.702 Y157.36 E403.6586
G1 X178.466 Y157.68 E403.67182
G1 X178.28 Y157.857 E403.68036
G1 X178.072 Y158.042 E403.68962
G1 X177.82 Y158.247 E403.70042
G1 X177.406 Y158.592 E403.71835
G1 X177.209 Y158.772 E403.72722
G1 X177 Y158.979 E403.73701
G1 X176.776 Y159.217 E403.74788
G1 X176.565 Y159.474 E403.75894
G1 X176.381 Y159.723 E403.76923
G0 F9000 X176.614 Y159.046
G0 X176.862 Y156.577
;TYPE:FILL
G1 F3600 X176.91 Y156.396 E403.77546
G0 F9000 X176.956 Y156.591
;TYPE:SKIN
G1 F1800 X177.136 Y156.771 E403.7797
G0 F9000 X176.672 Y155.742
G1 F1800 X176.571 Y155.924 E403.78592
G0 F9000 X176.681 Y155.94
G0 X177.121 Y157.887
G0 X177.173 Y157.94
G1 F1800 X177.013 Y158.063 E403.78789
G1 X176.597 Y159.061 E403.79844
G1 F1440 E402.29844
G0 F9000 X176.613 Y158.955
G0 X176.588 Y155.543
G0 X177.324 Y154.753
G0 X177.238 Y148.332
G0 X176.587 Y147.436
G0 X176.782 Y146.948
;TYPE:WALL-INNER
G1 F1440 E403.79844
G1 F1800 X176.782 Y146.797 E403.80346
G1 X176.782 Y146.605 E403.80985
G1 X176.782 Y146.395 E403.81683
G1 X177.145 Y146.397 E403.8289
G1 X177.391 Y146.399 E403.83709
G1 X177.144 Y146.605 E403.84122
G1 X176.934 Y146.797 E403.84809
G1 X176.782 Y146.948 E403.85066
G0 F9000 X176.614 Y147.36
G0 X176.381 Y148.037
;TYPE:WALL-OUTER
G1 F1800 X176.382 Y145.993 E403.91864
G1 X178.493 Y146.006 E403.98886
G1 X178.175 Y146.283 E404.00288
G1 X177.889 Y146.506 E404.01495
G1 X177.407 Y146.907 E404.0358
G1 X177.209 Y147.087 E404.0447
G1 X177 Y147.294 E404.05448
G1 X176.776 Y147.532 E404.06535
G1 X176.565 Y147.789 E404.07641
G1 X176.381 Y148.037 E404.08669
G0 F9000 X176.735 Y147.32
;TYPE:SKIN
G1 F1800 X176.555 Y147.139 E404.09093
G0 F9000 X176.681 Y147.14
G0 X177.535 Y146.411
G0 X177.601 Y146.489
G1 F1800 X177.671 Y146.275 E404.09632
G0 F9000 X177.855 Y146.176
G1 F1800 X177.929 Y146.25 E404.09806
G1 F1440 E402.59806
;MESH:NONMESH
G0 F300 X177.929 Y146.25 Z4.4
G0 F9000 X177.806 Y146.252
G0 X177.263 Y146.741
G0 X177.805 Y147.713
G0 X179.534 Y156.998
G0 X179.587 Y157.57
G0 X179.613 Y192.502
G0 X178.021 Y202.199
G0 X177.543 Y203.215
G0 X177.79 Y203.628
;TIME_ELAPSED:733.235718
;LAYER:21
;TYPE:WALL-INNER
;MESH:Vertical_Tension_Member.stl
G1 F1440 E404.09806
G1 F1800 X177.533 Y203.627 E404.10661
G1 X177.332 Y203.625 E404.1133
G1 X177.296 Y203.625 E404.11449
G1 X176.788 Y203.621 E404.13139
G1 X176.788 Y203.148 E404.14712
G1 X176.788 Y203.067 E404.14982
G1 X176.788 Y202.807 E404.15846
G1 X176.787 Y202.761 E404.15999
G1 X176.831 Y202.806
G1 X177.11 Y203.067 E404.16737
G1 X177.172 Y203.118 E404.1698
G1 X177.307 Y203.23 E404.17564
G1 X177.334 Y203.252 E404.17676
G1 X177.534 Y203.425 E404.18411
G1 X177.79 Y203.628 E404.1881
G0 F9000 X178.25 Y203.804
G0 X178.833 Y204.034
;TYPE:WALL-OUTER
G1 F1800 X176.389 Y204.019 E404.26939
G1 X176.386 Y202.411 E404.32287
G1 X176.387 Y201.662 E404.34779
G1 X176.515 Y201.839 E404.35505
G1 X176.711 Y202.085 E404.36551
G1 X176.913 Y202.319 E404.37579
G1 X177.111 Y202.52 E404.38518
G1 X177.374 Y202.767 E404.39718
G1 X177.596 Y202.95 E404.40675
G1 X177.789 Y203.117 E404.41524
G1 X178.05 Y203.323 E404.4263
G1 X178.253 Y203.488 E404.435
G1 X178.468 Y203.672 E404.44441
G1 X178.684 Y203.873 E404.45422
G1 X178.833 Y204.034 E404.46152
G0 F9000 X178.299 Y203.82
;TYPE:SKIN
G1 F1800 X178.082 Y203.754 E404.46319
G1 X178.001 Y203.552 E404.4648
G1 X177.048 Y203.374 E404.47194
G1 X176.622 Y202.386 E404.47988
G0 F9000 X176.587 Y202.841
G1 F1440 E402.97988
G0 F9000 X176.687 Y202.842
G0 X176.589 Y203.584
G0 X175.523 Y203.586
G0 X173.184 Y203.584
G0 X172.099 Y203.584
G0 X171.919 Y203.593
;TYPE:WALL-INNER
G1 F1440 E404.47988
G1 F1800 X171.725 Y203.592 E404.48633
G1 X171.726 Y146.366 E406.38967
G1 X171.919 Y146.367 E406.39609
G1 X171.919 Y203.593 E407.32154
G0 F9000 X172.319 Y203.995
;TYPE:WALL-OUTER
G1 F1800 X171.325 Y203.99 E407.35461
G1 X171.326 Y145.964 E409.28456
G1 X172.319 Y145.969 E409.31759
G1 X172.319 Y203.995 E411.24754
G0 F9000 X171.719 Y203.511
G1 F1440 E409.74754
G0 F9000 X172.099 Y193.704
G0 X173.184 Y193.704
G0 X175.522 Y193.7
G0 X176.587 Y193.698
G0 X176.786 Y193.704
;TYPE:WALL-INNER
G1 F1440 E411.24754
G1 F1800 X176.786 Y193.619 E411.25037
G1 X176.786 Y193.39 E411.25798
G1 X176.786 Y193.316 E411.26044
G1 X176.786 Y191.471 E411.32181
G1 X176.786 Y191.344 E411.32603
G1 X176.786 Y191.121 E411.33345
G1 X176.787 Y191.076 E411.33495
G1 X176.831 Y191.121
G1 X177.067 Y191.344 E411.34078
G1 X177.164 Y191.426 E411.34444
G1 X177.672 Y191.855 E411.36655
G1 X177.89 Y192.022 E411.37569
G1 X178.111 Y192.235 E411.38589
G1 X178.123 Y192.246 E411.38644
G1 X178.251 Y192.39 E411.39284
G1 X178.045 Y192.604 E411.40272
G1 X178.033 Y192.615 E411.40326
G1 X177.858 Y192.779 E411.41124
G1 X177.607 Y192.976 E411.42185
G1 X177.342 Y193.203 E411.43346
G1 X177.172 Y193.343 E411.44078
G1 X177.115 Y193.39 E411.44305
G1 X176.868 Y193.619 E411.45004
G1 X176.786 Y193.704 E411.45116
G0 F9000 X176.623 Y194.116
G0 X176.388 Y194.802
;TYPE:WALL-OUTER
G1 F1800 X176.386 Y193.463 E411.4957
G1 X176.387 Y189.977 E411.61164
G1 X176.515 Y190.154 E411.61891
G1 X176.711 Y190.4 E411.62937
G1 X176.913 Y190.634 E411.63965
G1 X177.111 Y190.835 E411.64904
G1 X177.334 Y191.046 E411.65925
G1 X177.923 Y191.543 E411.68488
G1 X178.153 Y191.72 E411.69453
G1 X178.412 Y191.968 E411.70646
G1 X178.601 Y192.182 E411.71596
G1 X178.728 Y192.414 E411.72475
G1 X178.499 Y192.73 E411.73773
G1 X178.317 Y192.897 E411.74595
G1 X178.12 Y193.082 E411.75494
G1 X177.861 Y193.285 E411.76588
G1 X177.596 Y193.512 E411.77749
G1 X177.378 Y193.691 E411.78687
G1 X177.149 Y193.904 E411.79727
G1 X176.966 Y194.095 E411.80607
G1 X176.734 Y194.345 E411.81741
G1 X176.473 Y194.684 E411.83164
G1 X176.388 Y194.802 E411.83648
G0 F9000 X176.742 Y194.063
;TYPE:SKIN
G1 F1800 X176.624 Y193.898 E411.83972
G1 X177.115 Y193.125 E411.85435
G1 X177.001 Y192.957 E411.8576
G0 F9000 X176.961 Y192.997
G0 X176.961 Y191.864
G0 X177.065 Y191.76
G1 F1800 X176.988 Y191.555 E411.86011
G1 X176.829 Y190.864 E411.86824
G1 X176.644 Y190.768 E411.87063
G0 F9000 X176.63 Y191.201
G1 F1440 E410.37063
G0 F9000 X176.686 Y191.201
G0 X176.593 Y190.581
G0 X177.207 Y189.637
G0 X177.389 Y183.225
G0 X176.594 Y182.506
G0 X176.786 Y182.019
;TYPE:WALL-INNER
G1 F1440 E411.87063
G1 F1800 X176.786 Y181.934 E411.87346
G1 X176.786 Y181.705 E411.88107
G1 X176.786 Y181.63 E411.88357
G1 X176.786 Y179.785 E411.94493
G1 X176.786 Y179.66 E411.94909
G1 X176.786 Y179.436 E411.95654
G1 X176.787 Y179.391 E411.95804
G1 X176.831 Y179.436
G1 X177.068 Y179.66 E411.96392
G1 X177.163 Y179.74 E411.9675
G1 X177.64 Y180.142 E411.98825
G1 X177.858 Y180.313 E411.99746
G1 X178.167 Y180.6 E412.01149
G1 X178.194 Y180.625 E412.01271
G1 X178.249 Y180.702 E412.01586
G1 X178.045 Y180.919 E412.02576
G1 X178.018 Y180.944 E412.02699
G1 X177.858 Y181.094 E412.03428
G1 X177.608 Y181.29 E412.04485
G1 X177.339 Y181.52 E412.05662
G1 X177.171 Y181.658 E412.06385
G1 X177.114 Y181.705 E412.06611
G1 X176.868 Y181.934 E412.07309
G1 X176.786 Y182.019 E412.07421
G0 F9000 X176.623 Y182.431
G0 X176.388 Y183.117
;TYPE:WALL-OUTER
G1 F1800 X176.386 Y181.777 E412.11878
G1 X176.387 Y178.292 E412.23469
G1 X176.515 Y178.469 E412.24195
G1 X176.711 Y178.715 E412.25242
G1 X176.913 Y178.949 E412.2627
G1 X177.111 Y179.15 E412.27208
G1 X177.334 Y179.361 E412.28229
G1 X177.665 Y179.638 E412.29665
G1 X177.893 Y179.832 E412.3066
G1 X178.114 Y180.005 E412.31594
G1 X178.497 Y180.361 E412.33333
G1 X178.737 Y180.698 E412.34709
G1 X178.499 Y181.045 E412.36109
G1 X178.317 Y181.212 E412.3693
G1 X178.12 Y181.397 E412.37829
G1 X177.861 Y181.6 E412.38924
G1 X177.593 Y181.829 E412.40096
G1 X177.378 Y182.006 E412.41022
G1 X177.149 Y182.219 E412.42063
G1 X176.966 Y182.41 E412.42942
G1 X176.734 Y182.66 E412.44077
G1 X176.473 Y182.999 E412.455
G1 X176.388 Y183.117 E412.45983
G0 F9000 X176.562 Y182.364
;TYPE:SKIN
G1 F1800 X176.751 Y182.176 E412.46427
G0 F9000 X176.961 Y181.4
G1 F1800 X177.101 Y181.259 E412.46757
G0 F9000 X177.07 Y180.16
G0 X177.143 Y180.086
G1 F1800 X177.012 Y179.934 E412.4696
G1 X176.599 Y178.933 E412.48056
G0 F9000 X176.638 Y179.012
G0 X178.293 Y180.817
G0 X178.352 Y180.858
G1 F1800 X178.281 Y180.928 E412.48221
G0 F9000 X177.987 Y180.706
G1 F1440 E410.98221
G0 F9000 X177.523 Y179.805
G0 X178.219 Y178.977
G0 X177.364 Y171.574
G0 X176.593 Y170.829
G0 X176.786 Y170.333
;TYPE:WALL-INNER
G1 F1440 E412.48221
G1 F1800 X176.786 Y170.107 E412.48973
G1 X176.786 Y169.925 E412.49579
G1 X176.786 Y168.101 E412.55645
G1 X176.786 Y167.974 E412.56068
G1 X176.786 Y167.75 E412.56813
G1 X176.787 Y167.705 E412.56962
G1 X176.831 Y167.75
G1 X177.067 Y167.974 E412.57546
G1 X177.164 Y168.056 E412.57912
G1 X177.672 Y168.485 E412.60124
G1 X177.895 Y168.656 E412.61058
G1 X178.11 Y168.862 E412.62049
G1 X178.22 Y168.967 E412.62554
G1 X178.261 Y169.017 E412.62769
G1 X178.212 Y169.078 E412.6303
G1 X178.101 Y169.181 E412.63533
G1 X177.854 Y169.412 E412.64658
G1 X177.608 Y169.604 E412.65696
G1 X177.342 Y169.832 E412.66861
G1 X177.263 Y169.895 E412.67197
G1 X177.156 Y169.988 E412.67669
G1 X177.018 Y170.107 E412.6816
G1 X176.786 Y170.333 E412.68636
G0 F9000 X176.621 Y170.753
G0 X176.388 Y171.433
;TYPE:WALL-OUTER
G1 F1800 X176.386 Y170.092 E412.73096
G1 X176.387 Y166.606 E412.84691
G1 X176.515 Y166.783 E412.85417
G1 X176.711 Y167.029 E412.86463
G1 X176.913 Y167.263 E412.87492
G1 X177.111 Y167.465 E412.88432
G1 X177.334 Y167.676 E412.89453
G1 X177.923 Y168.173 E412.92017
G1 X178.153 Y168.35 E412.92982
G1 X178.516 Y168.697 E412.94652
G1 X178.672 Y168.887 E412.9547
G1 X178.719 Y169.027 E412.95961
G1 X178.66 Y169.16 E412.96445
G1 X178.5 Y169.357 E412.97289
G1 X178.114 Y169.717 E412.99045
G1 X177.861 Y169.914 E413.00111
G1 X177.599 Y170.139 E413.0126
G1 X177.519 Y170.203 E413.01601
G1 X177.288 Y170.402 E413.02615
G1 X177.088 Y170.597 E413.03544
G1 X176.892 Y170.798 E413.04477
G1 X176.684 Y171.041 E413.05541
G1 X176.474 Y171.314 E413.06687
G1 X176.388 Y171.433 E413.07175
G0 F9000 X176.686 Y170.643
;TYPE:SKIN
G1 F1800 X176.587 Y170.46 E413.0744
G1 X177.06 Y169.703 E413.08576
G0 F9000 X177.161 Y169.603
G0 X177.232 Y168.401
G0 X177.248 Y168.385
G1 F1800 X177.036 Y168.313 E413.08771
G1 X176.618 Y167.317 E413.09712
G1 F1440 E411.59712
G0 F9000 X176.645 Y167.41
G0 X177.369 Y166.469
G0 X177.364 Y159.889
G0 X176.593 Y159.144
G0 X176.786 Y158.648
;TYPE:WALL-INNER
G1 F1440 E413.09712
G1 F1800 X176.786 Y158.422 E413.10464
G1 X176.786 Y158.241 E413.11066
G1 X176.786 Y156.406 E413.17169
G1 X176.786 Y156.327 E413.17432
G1 X176.786 Y156.066 E413.183
G1 X176.787 Y156.021 E413.1845
G1 X176.831 Y156.066
G1 X177.11 Y156.327 E413.19192
G1 X177.171 Y156.377 E413.19432
G1 X177.331 Y156.509 E413.20122
G1 X177.531 Y156.682 E413.21002
G1 X177.786 Y156.889 E413.22094
G1 X177.995 Y157.068 E413.23009
G1 X178.155 Y157.232 E413.23771
G1 X178.249 Y157.328 E413.24218
G1 X178.169 Y157.435 E413.24662
G1 X178.071 Y157.527 E413.2511
G1 X177.97 Y157.622 E413.25571
G1 X177.743 Y157.811 E413.26553
G1 X177.476 Y158.029 E413.277
G1 X177.155 Y158.305 E413.29108
G1 X177.018 Y158.422 E413.29592
G1 X176.786 Y158.648 E413.30069
G0 F9000 X176.621 Y159.068
G0 X176.388 Y159.749
;TYPE:WALL-OUTER
G1 F1800 X176.386 Y158.407 E413.34532
G1 X176.387 Y154.921 E413.46127
G1 X176.515 Y155.098 E413.46853
G1 X176.711 Y155.344 E413.47899
G1 X176.913 Y155.578 E413.48928
G1 X177.111 Y155.78 E413.49868
G1 X177.374 Y156.026 E413.51066
G1 X177.592 Y156.206 E413.52006
G1 X177.788 Y156.375 E413.52867
G1 X178.038 Y156.578 E413.53938
G1 X178.269 Y156.776 E413.5495
G1 X178.466 Y156.961 E413.55849
G1 X178.636 Y157.167 E413.56737
G1 X178.731 Y157.35 E413.57423
G1 X178.471 Y157.7 E413.58873
G1 X178.235 Y157.922 E413.59951
G1 X177.996 Y158.121 E413.60985
G1 X177.733 Y158.336 E413.62115
G1 X177.288 Y158.717 E413.64064
G1 X177.088 Y158.912 E413.64993
G1 X176.892 Y159.113 E413.65926
G1 X176.684 Y159.356 E413.6699
G1 X176.474 Y159.629 E413.68136
G1 X176.388 Y159.749 E413.68627
G0 F9000 X176.726 Y159.007
;TYPE:SKIN
G1 F1800 X176.618 Y158.832 E413.68951
G1 X177.101 Y158.066 E413.70376
G1 X176.994 Y157.89 E413.707
G0 F9000 X176.96 Y157.925
G0 X176.961 Y156.793
G0 X177.06 Y156.693
G1 F1800 X176.978 Y156.492 E413.7094
G1 X176.81 Y155.812 E413.71715
G1 X176.639 Y155.7 E413.71942
G0 F9000 X176.62 Y156.135
G1 F1440 E412.21942
G0 F9000 X176.686 Y156.135
G0 X176.593 Y155.524
G0 X177.369 Y154.784
G0 X177.391 Y148.167
G0 X176.595 Y147.449
G0 X176.788 Y146.962
;TYPE:WALL-INNER
G1 F1440 E413.71942
G1 F1800 X176.788 Y146.878 E413.72221
G1 X176.788 Y146.65 E413.72979
G1 X176.788 Y146.395 E413.73828
G1 X177.116 Y146.397 E413.74918
G1 X177.416 Y146.399 E413.75916
G1 X177.115 Y146.65 E413.7648
G1 X176.868 Y146.878 E413.77176
G1 X176.788 Y146.962 E413.77283
G0 F9000 X176.624 Y147.374
G0 X176.388 Y148.063
;TYPE:WALL-OUTER
G1 F1800 X176.388 Y145.993 E413.84168
G1 X178.525 Y146.006 E413.91276
G1 X178.348 Y146.151 E413.92037
G1 X178.129 Y146.339 E413.92997
G1 X177.863 Y146.543 E413.94112
G1 X177.593 Y146.774 E413.95294
G1 X177.378 Y146.951 E413.9622
G1 X177.149 Y147.163 E413.97258
G1 X176.966 Y147.354 E413.98138
G1 X176.734 Y147.604 E413.99272
G1 X176.473 Y147.944 E414.00698
G1 X176.388 Y148.063 E414.01184
G0 F9000 X176.562 Y147.292
;TYPE:SKIN
G1 F1800 X176.739 Y147.114 E414.01601
G0 F9000 X177.547 Y146.419
G0 X177.793 Y146.343
G1 F1800 X177.614 Y146.239 E414.02692
G0 F9000 X177.264 Y146.266
G1 F1440 E412.52692
;MESH:NONMESH
G0 F300 X177.264 Y146.266 Z4.6
G0 F9000 X177.264 Y146.298
G0 X176.595 Y147.449
G0 X177.391 Y148.167
G0 X179.611 Y157.101
G0 X179.629 Y192.61
G0 X177.945 Y202.118
G0 X177.453 Y203.116
G0 X177.817 Y203.628
;TIME_ELAPSED:752.813201
;LAYER:22
;TYPE:WALL-INNER
;MESH:Vertical_Tension_Member.stl
G1 F1440 E414.02692
G1 F1800 X177.677 Y203.628 E414.03158
G1 X177.426 Y203.626 E414.03993
G1 X177.307 Y203.626 E414.04389
G1 X176.775 Y203.621 E414.06158
G1 X176.775 Y203.145 E414.07741
G1 X176.775 Y202.931 E414.08453
G1 X176.774 Y202.727 E414.09132
G1 X176.979 Y202.93 E414.09526
G1 X177.14 Y203.07 E414.10077
G1 X177.222 Y203.142 E414.1044
G1 X177.337 Y203.237 E414.10937
G1 X177.428 Y203.312 E414.11289
G1 X177.677 Y203.524 E414.1208
G1 X177.817 Y203.628 E414.12228
G0 F9000 X178.281 Y203.798
G0 X178.86 Y204.034
;TYPE:WALL-OUTER
G1 F1800 X176.375 Y204.019 E414.20493
G1 X176.373 Y201.609 E414.28509
G1 X176.403 Y201.658 E414.287
G1 X176.603 Y201.919 E414.29794
G1 X176.799 Y202.166 E414.30842
G1 X177.01 Y202.398 E414.31885
G1 X177.251 Y202.637 E414.33014
G1 X177.481 Y202.837 E414.34028
G1 X177.688 Y203.008 E414.34921
G1 X177.926 Y203.211 E414.35962
G1 X178.169 Y203.391 E414.36967
G1 X178.378 Y203.576 E414.37896
G1 X178.576 Y203.736 E414.38742
G1 X178.86 Y204.034 E414.40112
G0 F9000 X178.27 Y203.726
;TYPE:SKIN
G1 F1800 X178.038 Y203.776 E414.40948
G0 F9000 X178.116 Y203.73
G0 X177.133 Y203.469
G0 X177.046 Y203.351
G1 F1800 X176.575 Y202.597 E414.41857
G1 X176.675 Y202.413 E414.42071
G1 F1440 E412.92071
G0 F9000 X176.674 Y202.338
G0 X176.575 Y203.588
G0 X175.51 Y203.589
G0 X173.199 Y203.588
G0 X172.114 Y203.588
G0 X171.934 Y203.593
;TYPE:WALL-INNER
G1 F1440 E414.42071
G1 F1800 X171.874 Y203.592 E414.42271
G1 X171.874 Y146.366 E416.32605
G1 X171.934 Y146.367 E416.32805
G1 X171.934 Y203.593 E416.6143
G0 F9000 X172.334 Y203.995
;TYPE:WALL-OUTER
G1 F1800 X171.474 Y203.99 E416.6429
G1 X171.474 Y145.964 E418.57285
G1 X172.334 Y145.969 E418.60146
G1 X172.334 Y203.995 E420.53141
G0 F9000 X172.074 Y203.511
G1 F1440 E419.03141
G0 F9000 X172.034 Y203.511
G0 X172.114 Y193.74
G0 X173.199 Y193.74
G0 X175.51 Y193.74
G0 X176.575 Y193.739
G0 X176.775 Y193.74
;TYPE:WALL-INNER
G1 F1440 E420.53141
G1 F1800 X176.775 Y193.685 E420.53324
G1 X176.775 Y193.455 E420.54089
G1 X176.775 Y193.337 E420.54481
G1 X176.775 Y191.461 E420.60721
G1 X176.775 Y191.245 E420.61439
G1 X176.774 Y191.043 E420.62111
G1 X176.978 Y191.244 E420.62503
G1 X177.14 Y191.386 E420.63059
G1 X177.221 Y191.457 E420.63417
G1 X177.427 Y191.626 E420.64303
G1 X177.672 Y191.837 E420.65379
G1 X177.9 Y192.008 E420.66326
G1 X178.188 Y192.285 E420.67655
G1 X178.25 Y192.344 E420.6794
G1 X178.26 Y192.41 E420.68162
G1 X178.132 Y192.544 E420.68778
G1 X178.071 Y192.604 E420.69063
G1 X177.934 Y192.736 E420.69696
G1 X177.527 Y193.061 E420.71428
G1 X177.332 Y193.232 E420.72291
G1 X177.153 Y193.38 E420.73063
G1 X177.062 Y193.455 E420.73386
G1 X176.828 Y193.685 E420.73985
G1 X176.775 Y193.74 E420.74048
G0 F9000 X176.609 Y194.164
G0 X176.375 Y194.853
;TYPE:WALL-OUTER
G1 F1800 X176.374 Y189.926 E420.90436
G1 X176.403 Y189.973 E420.90619
G1 X176.603 Y190.234 E420.91713
G1 X176.799 Y190.481 E420.92762
G1 X177.01 Y190.713 E420.93805
G1 X177.251 Y190.951 E420.94931
G1 X177.48 Y191.152 E420.95945
G1 X177.688 Y191.323 E420.9684
G1 X177.923 Y191.525 E420.97871
G1 X178.163 Y191.706 E420.98871
G1 X178.541 Y192.069 E421.00614
G1 X178.698 Y192.259 E421.01434
G1 X178.747 Y192.385 E421.01883
G1 X178.577 Y192.658 E421.02953
G1 X178.41 Y192.832 E421.03755
G1 X178.202 Y193.033 E421.04717
G1 X177.784 Y193.368 E421.06499
G1 X177.586 Y193.541 E421.07373
G1 X177.33 Y193.752 E421.08477
G1 X177.112 Y193.967 E421.09495
G1 X176.897 Y194.188 E421.10521
G1 X176.661 Y194.464 E421.11728
G1 X176.448 Y194.749 E421.12912
G1 X176.375 Y194.853 E421.13334
G0 F9000 X176.604 Y194.14
;TYPE:SKIN
G1 F1800 X176.686 Y193.939 E421.13558
G1 X177.017 Y193.139 E421.14448
G1 X177.207 Y193.046 E421.14666
G0 F9000 X177.24 Y193.079
G0 X177.09 Y191.798
G1 F1800 X176.948 Y191.656 E421.15
G0 F9000 X176.74 Y190.882
G1 F1800 X176.549 Y190.691 E421.15449
G0 F9000 X176.675 Y190.691
G0 X178.348 Y192.307
G0 X178.403 Y192.263
G1 F1800 X178.534 Y192.393 E421.15756
G0 F9000 X177.985 Y192.367
G1 F1440 E419.65756
G0 F9000 X177.546 Y191.49
G0 X178.031 Y190.486
G0 X177.333 Y183.323
G0 X176.581 Y182.554
G0 X176.775 Y182.055
;TYPE:WALL-INNER
G1 F1440 E421.15756
G1 F1800 X176.775 Y182 E421.15939
G1 X176.775 Y181.77 E421.16704
G1 X176.775 Y181.652 E421.17096
G1 X176.775 Y179.776 E421.23336
G1 X176.775 Y179.56 E421.24054
G1 X176.774 Y179.358 E421.24726
G1 X176.978 Y179.559 E421.25117
G1 X177.14 Y179.701 E421.25673
G1 X177.221 Y179.772 E421.26032
G1 X177.427 Y179.941 E421.26918
G1 X177.672 Y180.152 E421.27993
G1 X177.905 Y180.327 E421.28962
G1 X178.185 Y180.596 E421.30254
G1 X178.246 Y180.654 E421.30534
G1 X178.26 Y180.725 E421.30774
G1 X178.131 Y180.86 E421.31396
G1 X178.07 Y180.919 E421.31678
G1 X177.935 Y181.05 E421.32303
G1 X177.527 Y181.376 E421.3404
G1 X177.336 Y181.544 E421.34887
G1 X177.153 Y181.695 E421.35676
G1 X177.062 Y181.77 E421.35998
G1 X176.828 Y182 E421.36597
G1 X176.775 Y182.055 E421.36661
G0 F9000 X176.609 Y182.479
G0 X176.375 Y183.168
;TYPE:WALL-OUTER
G1 F1800 X176.374 Y178.241 E421.53048
G1 X176.403 Y178.288 E421.53232
G1 X176.603 Y178.549 E421.54325
G1 X176.799 Y178.796 E421.55374
G1 X177.01 Y179.028 E421.56417
G1 X177.251 Y179.266 E421.57544
G1 X177.48 Y179.467 E421.58557
G1 X177.688 Y179.638 E421.59453
G1 X177.923 Y179.84 E421.60483
G1 X178.168 Y180.025 E421.61504
G1 X178.537 Y180.379 E421.63205
G1 X178.698 Y180.574 E421.64046
G1 X178.747 Y180.7 E421.64496
G1 X178.577 Y180.973 E421.65565
G1 X178.409 Y181.148 E421.66372
G1 X178.203 Y181.347 E421.67325
G1 X177.784 Y181.682 E421.69109
G1 X177.59 Y181.853 E421.69969
G1 X177.33 Y182.067 E421.71089
G1 X177.112 Y182.282 E421.72108
G1 X176.897 Y182.503 E421.73133
G1 X176.661 Y182.779 E421.74341
G1 X176.448 Y183.064 E421.75524
G1 X176.375 Y183.168 E421.75947
G0 F9000 X176.584 Y182.524
;TYPE:SKIN
G1 F1800 X176.649 Y182.306 E421.76177
G1 X177.101 Y181.344 E421.77249
G0 F9000 X177.191 Y181.434
G0 X177.029 Y180.141
G0 X176.989 Y180.1
G1 F1800 X177.104 Y179.932 E421.77521
G1 X176.613 Y179.158 E421.78746
G1 X176.719 Y178.982 E421.7902
G0 F9000 X176.769 Y179.209
G0 X178.4 Y180.683
G0 X178.412 Y180.675
G1 F1800 X178.499 Y180.762 E421.79225
G0 F9000 X177.995 Y180.689
G1 F1440 E420.29225
G0 F9000 X177.546 Y179.805
G0 X178.031 Y178.801
G0 X177.34 Y171.629
G0 X176.581 Y170.869
G0 X176.775 Y170.369
;TYPE:WALL-INNER
G1 F1440 E421.79225
G1 F1800 X176.775 Y170.086 E421.80166
G1 X176.775 Y169.966 E421.80565
G1 X176.775 Y168.091 E421.86802
G1 X176.775 Y167.875 E421.8752
G1 X176.774 Y167.672 E421.88195
G1 X176.978 Y167.874 E421.88588
G1 X177.14 Y168.016 E421.89144
G1 X177.221 Y168.087 E421.89503
G1 X177.433 Y168.261 E421.90415
G1 X177.632 Y168.434 E421.91292
G1 X177.911 Y168.648 E421.92461
G1 X178.188 Y168.913 E421.93736
G1 X178.245 Y168.967 E421.93998
G1 X178.278 Y169.007 E421.9417
G1 X178.124 Y169.182 E421.94945
G1 X178.068 Y169.236 E421.95204
G1 X177.94 Y169.36 E421.95797
G1 X177.529 Y169.689 E421.97548
G1 X177.333 Y169.86 E421.98413
G1 X177.153 Y170.01 E421.99192
G1 X177.061 Y170.086 E421.99538
G1 X176.775 Y170.369 E422.00199
G0 F9000 X176.609 Y170.793
G0 X176.375 Y171.483
;TYPE:WALL-OUTER
G1 F1800 X176.374 Y166.555 E422.1659
G1 X176.403 Y166.602 E422.16774
G1 X176.603 Y166.863 E422.17867
G1 X176.799 Y167.109 E422.18913
G1 X177.01 Y167.343 E422.19961
G1 X177.251 Y167.581 E422.21088
G1 X177.48 Y167.782 E422.22101
G1 X177.687 Y167.952 E422.22992
G1 X177.885 Y168.124 E422.23865
G1 X178.167 Y168.34 E422.25046
G1 X178.541 Y168.697 E422.26766
G1 X178.697 Y168.887 E422.27583
G1 X178.747 Y169.015 E422.2804
G1 X178.571 Y169.293 E422.29135
G1 X178.409 Y169.463 E422.29916
G1 X178.202 Y169.663 E422.30873
G1 X177.785 Y169.996 E422.32648
G1 X177.589 Y170.167 E422.33513
G1 X177.33 Y170.383 E422.34635
G1 X177.112 Y170.597 E422.35651
G1 X176.897 Y170.817 E422.36674
G1 X176.661 Y171.094 E422.37884
G1 X176.448 Y171.379 E422.39068
G1 X176.375 Y171.483 E422.3949
G0 F9000 X176.628 Y170.688
;TYPE:SKIN
G1 F1800 X176.801 Y170.578 E422.3968
G1 X177.046 Y169.692 E422.40528
G0 F9000 X176.949 Y169.595
G0 X177.164 Y168.396
G0 X177.056 Y168.288
G1 F1800 X176.581 Y167.53 E422.41528
G1 X176.681 Y167.347 E422.41761
G1 F1440 E420.91761
G0 F9000 X176.675 Y167.273
G0 X177.281 Y166.327
G0 X177.34 Y159.944
G0 X176.581 Y159.184
G0 X176.775 Y158.684
;TYPE:WALL-INNER
G1 F1440 E422.41761
G1 F1800 X176.775 Y158.401 E422.42702
G1 X176.775 Y158.281 E422.43101
G1 X176.775 Y156.405 E422.49341
G1 X176.775 Y156.189 E422.50059
G1 X176.774 Y155.987 E422.50731
G1 X176.978 Y156.188 E422.51123
G1 X177.14 Y156.33 E422.51679
G1 X177.22 Y156.401 E422.52034
G1 X177.428 Y156.572 E422.5293
G1 X177.672 Y156.781 E422.53999
G1 X177.9 Y156.952 E422.54947
G1 X178.193 Y157.235 E422.56301
G1 X178.25 Y157.289 E422.56563
G1 X178.278 Y157.323 E422.56709
G1 X178.122 Y157.499 E422.57491
G1 X178.066 Y157.554 E422.57752
G1 X177.936 Y157.679 E422.58352
G1 X177.761 Y157.815 E422.59089
G1 X177.527 Y158.006 E422.60094
G1 X177.326 Y158.18 E422.60978
G1 X177.153 Y158.325 E422.61729
G1 X177.061 Y158.401 E422.62075
G1 X176.775 Y158.684 E422.62736
G0 F9000 X176.609 Y159.108
G0 X176.375 Y159.798
;TYPE:WALL-OUTER
G1 F1800 X176.374 Y154.87 E422.79127
G1 X176.403 Y154.917 E422.7931
G1 X176.603 Y155.178 E422.80404
G1 X176.799 Y155.424 E422.8145
G1 X177.01 Y155.658 E422.82498
G1 X177.251 Y155.895 E422.83622
G1 X177.479 Y156.096 E422.84633
G1 X177.688 Y156.268 E422.85534
G1 X177.923 Y156.469 E422.86562
G1 X178.163 Y156.65 E422.87562
G1 X178.541 Y157.013 E422.89305
G1 X178.699 Y157.204 E422.90129
G1 X178.747 Y157.329 E422.90575
G1 X178.707 Y157.443 E422.90977
G1 X178.41 Y157.777 E422.92463
G1 X178.204 Y157.976 E422.93416
G1 X178.011 Y158.128 E422.94233
G1 X177.784 Y158.312 E422.95205
G1 X177.589 Y158.482 E422.96065
G1 X177.33 Y158.698 E422.97187
G1 X177.112 Y158.912 E422.98203
G1 X176.897 Y159.132 E422.99226
G1 X176.661 Y159.409 E423.00436
G1 X176.448 Y159.694 E423.0162
G1 X176.375 Y159.798 E423.02042
G0 F9000 X176.608 Y159.071
;TYPE:SKIN
G1 F1800 X176.703 Y158.883 E423.02247
G1 X177.021 Y158.071 E423.03096
G1 X177.226 Y157.993 E423.03309
G0 F9000 X177.247 Y158.014
G0 X177.101 Y156.737
G1 F1800 X176.947 Y156.583 E423.03671
G0 F9000 X176.751 Y155.821
G1 F1800 X176.548 Y155.617 E423.0415
G1 F1440 E421.5415
G0 F9000 X176.616 Y155.668
G0 X177.281 Y154.642
G0 X177.373 Y148.219
G0 X176.581 Y147.498
G0 X176.774 Y147
;TYPE:WALL-INNER
G1 F1440 E423.0415
G1 F1800 X176.774 Y146.716 E423.05095
G1 X176.774 Y146.395 E423.06162
G1 X177.062 Y146.396 E423.0712
G1 X177.439 Y146.399 E423.08374
G1 X177.061 Y146.716 E423.09201
G1 X176.774 Y147 E423.09865
G0 F9000 X176.609 Y147.423
G0 X176.375 Y148.116
;TYPE:WALL-OUTER
G1 F1800 X176.374 Y145.993 E423.16926
G1 X178.55 Y146.006 E423.24164
G1 X178.377 Y146.145 E423.24902
G1 X178.178 Y146.323 E423.2579
G1 X177.925 Y146.511 E423.26838
G1 X177.589 Y146.797 E423.28306
G1 X177.33 Y147.013 E423.29427
G1 X177.112 Y147.227 E423.30443
G1 X176.897 Y147.447 E423.31466
G1 X176.696 Y147.682 E423.32495
G1 X176.521 Y147.915 E423.33464
G1 X176.375 Y148.116 E423.3429
G0 F9000 X176.587 Y147.454
;TYPE:SKIN
G1 F1800 X176.652 Y147.237 E423.34959
G0 F9000 X176.675 Y147.133
G0 X177.57 Y146.3
G0 X177.571 Y146.175
G1 F1800 X177.79 Y146.395 E423.35475
G0 F9000 X177.95 Y146.272
G1 F1800 X177.855 Y146.177 E423.35699
G1 F1440 E421.85699
;MESH:NONMESH
G0 F300 X177.855 Y146.177 Z4.8
G0 F9000 X177.801 Y146.229
G0 X177.449 Y146.628
G0 X177.911 Y147.653
G0 X179.666 Y157.316
G0 X179.664 Y192.365
G0 X178.043 Y202.18
G0 X177.546 Y203.175
G0 X177.841 Y203.627
;TIME_ELAPSED:772.418949
;LAYER:23
;TYPE:WALL-INNER
;MESH:Vertical_Tension_Member.stl
G1 F1440 E423.35699
G1 F1800 X177.742 Y203.627 E423.36028
G1 X177.515 Y203.625 E423.36783
G1 X177.321 Y203.624 E423.37428
G1 X176.739 Y203.62 E423.39364
G1 X176.739 Y203.059 E423.4123
G1 X176.739 Y203.001 E423.41423
G1 X176.739 Y202.796 E423.42105
G1 X176.738 Y202.665 E423.4254
G1 X176.867 Y202.795 E423.42743
G1 X177.083 Y203.001 E423.4342
G1 X177.127 Y203.038 E423.43599
G1 X177.326 Y203.205 E423.44463
G1 X177.369 Y203.242 E423.44652
G1 X177.516 Y203.369 E423.45189
G1 X177.742 Y203.552 E423.45809
G1 X177.841 Y203.627 E423.45904
G0 F9000 X178.308 Y203.797
G0 X178.889 Y204.033
;TYPE:WALL-OUTER
G1 F1800 X176.339 Y204.018 E423.54385
G1 X176.338 Y201.519 E423.62697
G1 X176.36 Y201.557 E423.62843
G1 X176.522 Y201.791 E423.6379
G1 X176.934 Y202.293 E423.65949
G1 X177.148 Y202.51 E423.66963
G1 X177.35 Y202.703 E423.67892
G1 X177.583 Y202.898 E423.68903
G1 X177.773 Y203.062 E423.69738
G1 X177.988 Y203.237 E423.7066
G1 X178.189 Y203.388 E423.71496
G1 X178.395 Y203.566 E423.72401
G1 X178.592 Y203.728 E423.7325
G1 X178.889 Y204.033 E423.74666
G0 F9000 X178.312 Y203.807
;TYPE:SKIN
G1 F1800 X178.094 Y203.742 E423.75401
G0 F9000 X177.985 Y203.728
G0 X177.144 Y203.279
G0 X177.06 Y203.362
G1 F1800 X176.952 Y203.187 E423.75594
G1 X176.547 Y202.177 E423.76617
G1 F1440 E422.26617
G0 F9000 X176.639 Y202.259
G0 X176.539 Y203.591
G0 X175.474 Y203.592
G0 X173.235 Y203.591
G0 X172.15 Y203.591
G0 X171.97 Y203.593
;TYPE:WALL-INNER
G1 F1440 E423.76617
G1 F1800 X171.894 Y203.592 E423.7687
G1 X171.894 Y146.366 E425.67204
G1 X171.97 Y146.367 E425.67457
G1 X171.97 Y203.593 E426.03714
G0 F9000 X172.37 Y203.995
;TYPE:WALL-OUTER
G1 F1800 X171.494 Y203.99 E426.06628
G1 X171.494 Y145.964 E427.99623
G1 X172.37 Y145.969 E428.02537
G1 X172.37 Y203.995 E429.95532
G0 F9000 X172.094 Y203.511
G1 F1440 E428.45532
G0 F9000 X172.07 Y203.511
G0 X172.15 Y193.807
G0 X173.235 Y193.807
G0 X175.472 Y193.81
G0 X176.557 Y193.81
G0 X176.737 Y193.807
;TYPE:WALL-INNER
G1 F1440 E429.95532
G1 F1800 X176.737 Y193.558 E429.9636
G1 X176.737 Y193.38 E429.96952
G1 X176.737 Y191.388 E430.03577
G1 X176.737 Y191.249 E430.0404
G1 X176.738 Y190.978 E430.04941
G1 X177.01 Y191.249 E430.05555
G1 X177.114 Y191.341 E430.0595
G1 X177.234 Y191.447 E430.06482
G1 X177.663 Y191.804 E430.08338
G1 X177.856 Y191.957 E430.09158
G1 X178.043 Y192.122 E430.09987
G1 X178.061 Y192.138 E430.10067
G1 X178.302 Y192.381 E430.11205
G1 X178.308 Y192.387 E430.11234
G1 X178.291 Y192.404 E430.1131
G1 X178.04 Y192.66 E430.12503
G1 X178.034 Y192.665 E430.12528
G1 X177.866 Y192.812 E430.13271
G1 X177.663 Y192.972 E430.14131
G1 X177.194 Y193.363 E430.16162
G1 X177.109 Y193.439 E430.16541
G1 X176.977 Y193.558 E430.17021
G1 X176.737 Y193.807 E430.17528
G0 F9000 X176.569 Y194.238
G0 X176.337 Y194.945
;TYPE:WALL-OUTER
G1 F1800 X176.338 Y189.833 E430.3453
G1 X176.36 Y189.872 E430.34679
G1 X176.506 Y190.083 E430.35533
G1 X176.848 Y190.509 E430.3735
G1 X177.036 Y190.712 E430.3827
G1 X177.283 Y190.956 E430.39425
G1 X177.495 Y191.143 E430.40365
G1 X177.915 Y191.494 E430.42185
G1 X178.115 Y191.652 E430.43033
G1 X178.326 Y191.838 E430.43969
G1 X178.535 Y192.032 E430.44917
G1 X178.694 Y192.227 E430.45754
G1 X178.777 Y192.378 E430.46327
G1 X178.649 Y192.605 E430.47194
G1 X178.49 Y192.786 E430.47995
G1 X178.303 Y192.961 E430.48847
G1 X178.114 Y193.126 E430.49681
G1 X177.915 Y193.283 E430.50524
G1 X177.456 Y193.666 E430.52513
G1 X177.255 Y193.846 E430.5341
G1 X176.801 Y194.317 E430.55586
G1 X176.614 Y194.561 E430.56609
G1 X176.418 Y194.822 E430.57694
G1 X176.337 Y194.945 E430.58184
G0 F9000 X176.657 Y194.149
;TYPE:SKIN
G1 F1800 X176.556 Y193.967 E430.58488
G1 X177.041 Y193.198 E430.59818
G1 X176.941 Y193.016 E430.60122
G0 F9000 X176.911 Y193.046
G0 X177.098 Y191.728
G0 X177.144 Y191.682
G1 F1800 X176.975 Y191.567 E430.60329
G1 X176.566 Y190.562 E430.6143
G1 F1440 E429.1143
G0 F9000 X176.583 Y190.659
G0 X177.205 Y189.574
G0 X177.304 Y183.396
G0 X176.544 Y182.628
G0 X176.738 Y182.121
;TYPE:WALL-INNER
G1 F1440 E430.6143
G1 F1800 X176.738 Y181.873 E430.62255
G1 X176.738 Y181.694 E430.6285
G1 X176.738 Y179.704 E430.69469
G1 X176.738 Y179.564 E430.69935
G1 X176.738 Y179.294 E430.70833
G1 X177.01 Y179.564 E430.71445
G1 X177.115 Y179.656 E430.71842
G1 X177.234 Y179.761 E430.7237
G1 X177.664 Y180.122 E430.74237
G1 X177.91 Y180.311 E430.75269
G1 X178.122 Y180.512 E430.7624
G1 X178.286 Y180.689 E430.77043
G1 X178.296 Y180.7 E430.77092
G1 X178.044 Y180.97 E430.78321
G1 X178.033 Y180.979 E430.78368
G1 X177.854 Y181.136 E430.7916
G1 X177.663 Y181.287 E430.7997
G1 X177.194 Y181.678 E430.82001
G1 X177.11 Y181.754 E430.82377
G1 X176.977 Y181.873 E430.8286
G1 X176.738 Y182.121 E430.83364
G0 F9000 X176.569 Y182.552
G0 X176.338 Y183.259
;TYPE:WALL-OUTER
G1 F1800 X176.338 Y178.143 E431.00379
G1 X176.421 Y178.279 E431.00909
G1 X176.625 Y178.545 E431.02024
G1 X176.847 Y178.824 E431.0321
G1 X177.036 Y179.027 E431.04133
G1 X177.283 Y179.271 E431.05288
G1 X177.495 Y179.458 E431.06228
G1 X177.915 Y179.81 E431.0805
G1 X178.173 Y180.009 E431.09134
G1 X178.397 Y180.221 E431.1016
G1 X178.72 Y180.569 E431.11739
G1 X178.767 Y180.746 E431.12348
G1 X178.486 Y181.106 E431.13867
G1 X178.308 Y181.271 E431.14674
G1 X178.114 Y181.441 E431.15532
G1 X177.915 Y181.598 E431.16375
G1 X177.456 Y181.981 E431.18364
G1 X177.255 Y182.161 E431.19261
G1 X176.801 Y182.632 E431.21437
G1 X176.614 Y182.876 E431.22459
G1 X176.418 Y183.137 E431.23545
G1 X176.338 Y183.259 E431.2403
G0 F9000 X176.512 Y182.414
;TYPE:SKIN
G1 F1800 X176.664 Y182.262 E431.24388
G0 F9000 X176.913 Y181.448
G1 F1800 X177.031 Y181.329 E431.24666
G0 F9000 X176.912 Y180.035
G0 X176.998 Y179.948
G1 F1800 X176.728 Y179.086 E431.25521
G1 X176.586 Y178.945 E431.2571
G0 F9000 X176.547 Y179.383
G1 F1440 E429.7571
G0 F9000 X176.638 Y179.383
G0 X176.544 Y178.775
G0 X177.301 Y178.007
G0 X177.299 Y171.717
G0 X176.543 Y170.944
G0 X176.737 Y170.436
;TYPE:WALL-INNER
G1 F1440 E431.2571
G1 F1800 X176.737 Y170.187 E431.26538
G1 X176.737 Y170.009 E431.2713
G1 X176.737 Y168.018 E431.33752
G1 X176.737 Y167.879 E431.34214
G1 X176.738 Y167.608 E431.35116
G1 X177.01 Y167.879 E431.35729
G1 X177.114 Y167.971 E431.36124
G1 X177.235 Y168.077 E431.36659
G1 X177.663 Y168.434 E431.38513
G1 X177.853 Y168.583 E431.39316
G1 X178.039 Y168.748 E431.40143
G1 X178.054 Y168.761 E431.40209
G1 X178.241 Y168.934 E431.41056
G1 X178.306 Y169.014 E431.41399
G1 X178.292 Y169.029 E431.41468
G1 X178.033 Y169.295 E431.42702
G1 X177.663 Y169.601 E431.44299
G1 X177.194 Y169.992 E431.4633
G1 X177.109 Y170.068 E431.46709
G1 X176.977 Y170.187 E431.4719
G1 X176.737 Y170.436 E431.47696
G0 F9000 X176.569 Y170.868
G0 X176.337 Y171.575
;TYPE:WALL-OUTER
G1 F1800 X176.338 Y166.463 E431.64699
G1 X176.36 Y166.501 E431.64845
G1 X176.522 Y166.734 E431.65789
G1 X176.847 Y167.138 E431.67513
G1 X177.036 Y167.342 E431.68438
G1 X177.283 Y167.586 E431.69593
G1 X177.495 Y167.773 E431.70533
G1 X177.714 Y167.954 E431.71478
G1 X177.915 Y168.124 E431.72354
G1 X178.107 Y168.274 E431.73164
G1 X178.326 Y168.468 E431.74137
G1 X178.535 Y168.662 E431.75086
G1 X178.697 Y168.861 E431.75939
G1 X178.777 Y169.006 E431.7649
G1 X178.649 Y169.235 E431.77363
G1 X178.308 Y169.586 E431.7899
G1 X178.115 Y169.755 E431.79844
G1 X177.915 Y169.912 E431.80689
G1 X177.456 Y170.295 E431.82677
G1 X177.255 Y170.475 E431.83575
G1 X176.801 Y170.947 E431.85753
G1 X176.614 Y171.19 E431.86773
G1 X176.418 Y171.452 E431.87861
G1 X176.337 Y171.575 E431.88351
G0 F9000 X176.511 Y170.819
;TYPE:SKIN
G1 F1800 X176.726 Y170.604 E431.88857
G0 F9000 X176.911 Y169.854
G1 F1800 X177.091 Y169.673 E431.89281
G0 F9000 X176.912 Y168.438
G0 X177.022 Y168.328
G1 F1800 X176.946 Y168.121 E431.89526
G1 X176.542 Y167.11 E431.90734
G1 F1440 E430.40734
G0 F9000 X176.597 Y167.225
G0 X177.219 Y166.223
G0 X177.299 Y160.032
G0 X176.543 Y159.259
G0 X176.737 Y158.751
;TYPE:WALL-INNER
G1 F1440 E431.90734
G1 F1800 X176.737 Y158.502 E431.91562
G1 X176.737 Y158.324 E431.92154
G1 X176.737 Y156.316 E431.98833
G1 X176.737 Y156.261 E431.99016
G1 X176.738 Y156.057 E431.99694
G1 X176.739 Y155.925 E432.00133
G1 X176.868 Y156.057 E432.00338
G1 X177.084 Y156.261 E432.01018
G1 X177.126 Y156.296 E432.01189
G1 X177.317 Y156.457 E432.02019
G1 X177.514 Y156.628 E432.02887
G1 X177.736 Y156.809 E432.0384
G1 X177.921 Y156.949 E432.04611
G1 X178.069 Y157.09 E432.05291
G1 X178.111 Y157.13 E432.05484
G1 X178.295 Y157.328 E432.06383
G1 X178.303 Y157.336 E432.06421
G1 X178.262 Y157.378 E432.06616
G1 X178.039 Y157.604 E432.07672
G1 X178.03 Y157.611 E432.0771
G1 X177.663 Y157.916 E432.09297
G1 X177.194 Y158.307 E432.11328
G1 X177.109 Y158.383 E432.11707
G1 X176.977 Y158.502 E432.12187
G1 X176.737 Y158.751 E432.12694
G0 F9000 X176.569 Y159.183
G0 X176.337 Y159.89
;TYPE:WALL-OUTER
G1 F1800 X176.339 Y154.779 E432.29693
G1 X176.36 Y154.816 E432.29835
G1 X176.522 Y155.05 E432.30781
G1 X176.934 Y155.553 E432.32944
G1 X177.148 Y155.771 E432.3396
G1 X177.35 Y155.962 E432.34885
G1 X177.58 Y156.155 E432.35883
G1 X177.772 Y156.322 E432.3673
G1 X177.984 Y156.495 E432.3764
G1 X178.18 Y156.644 E432.38459
G1 X178.397 Y156.85 E432.39454
G1 X178.72 Y157.198 E432.41033
G1 X178.767 Y157.375 E432.41642
G1 X178.652 Y157.546 E432.42328
G1 X178.485 Y157.734 E432.43164
G1 X178.303 Y157.905 E432.43995
G1 X178.115 Y158.07 E432.44826
G1 X177.915 Y158.227 E432.45672
G1 X177.456 Y158.61 E432.4766
G1 X177.255 Y158.79 E432.48558
G1 X176.801 Y159.262 E432.50736
G1 X176.614 Y159.505 E432.51756
G1 X176.418 Y159.767 E432.52844
G1 X176.337 Y159.89 E432.53334
G0 F9000 X176.65 Y159.083
;TYPE:SKIN
G1 F1800 X176.549 Y158.901 E432.53619
G1 X177.031 Y158.136 E432.54858
G1 X176.935 Y157.949 E432.55146
G0 F9000 X176.911 Y157.974
G0 X177.064 Y156.689
G0 X177.123 Y156.63
G1 F1800 X176.97 Y156.5 E432.55356
G1 X176.563 Y155.492 E432.56493
G1 F1440 E431.06493
G0 F9000 X176.579 Y155.592
G0 X177.209 Y154.524
G0 X177.305 Y148.339
G0 X176.544 Y147.572
G0 X176.738 Y147.065
;TYPE:WALL-INNER
G1 F1440 E432.56493
G1 F1800 X176.738 Y146.817 E432.57317
G1 X176.738 Y146.395 E432.58721
G1 X177.2 Y146.397 E432.60258
G1 X177.401 Y146.398 E432.60926
G1 X177.467 Y146.399 E432.61146
G1 X177.401 Y146.458
G1 X177.2 Y146.618 E432.61533
G1 X176.978 Y146.817 E432.62415
G1 X176.738 Y147.065 E432.62921
G0 F9000 X176.569 Y147.496
G0 X176.338 Y148.203
;TYPE:WALL-OUTER
G1 F1800 X176.338 Y145.992 E432.70275
G1 X178.568 Y146.006 E432.77692
G1 X178.523 Y146.047 E432.77895
G1 X178.271 Y146.261 E432.78995
G1 X177.842 Y146.602 E432.80817
G1 X177.65 Y146.771 E432.81668
G1 X177.458 Y146.924 E432.82485
G1 X177.255 Y147.105 E432.83389
G1 X176.801 Y147.576 E432.85565
G1 X176.614 Y147.82 E432.86587
G1 X176.418 Y148.082 E432.87676
G1 X176.338 Y148.203 E432.88158
G0 F9000 X176.595 Y147.541
;TYPE:SKIN
G1 F1800 X176.581 Y147.272 E432.88703
G0 F9000 X176.651 Y147.203
G0 X177.61 Y146.407
G0 X177.813 Y146.323
G1 F1800 X177.633 Y146.221 E432.89616
G0 F9000 X177.303 Y146.277
G1 F1440 E431.39616
;MESH:NONMESH
G0 F300 X177.303 Y146.277 Z5
G0 F9000 X177.303 Y146.298
G0 X176.634 Y147.432
G0 X177.305 Y148.339
G0 X179.679 Y157.259
G0 X179.683 Y192.238
G0 X177.922 Y202.056
G0 X177.44 Y203.064
G0 X177.87 Y203.627
;TIME_ELAPSED:791.881741
;LAYER:24
;TYPE:WALL-INNER
;MESH:Vertical_Tension_Member.stl
G1 F1440 E432.89616
G1 F1800 X177.71 Y203.627 E432.90148
G1 X177.47 Y203.625 E432.90947
G1 X177.356 Y203.625 E432.91326
G1 X176.68 Y203.619 E432.93574
G1 X176.68 Y202.995 E432.9565
G1 X176.68 Y202.851 E432.96129
G1 X176.68 Y202.611 E432.96927
G1 X176.68 Y202.576 E432.97043
G1 X176.71 Y202.611
G1 X176.951 Y202.851 E432.97618
G1 X177.057 Y202.948 E432.98026
G1 X177.189 Y203.068 E432.98619
G1 X177.386 Y203.235 E432.99478
G1 X177.472 Y203.309 E432.99818
G1 X177.71 Y203.505 E433.00582
G1 X177.87 Y203.627 E433.00769
G0 F9000 X178.336 Y203.797
G0 X178.918 Y204.033
;TYPE:WALL-OUTER
G1 F1800 X176.28 Y204.017 E433.09544
G1 X176.28 Y201.382 E433.18308
G1 X176.334 Y201.471 E433.18654
G1 X176.512 Y201.74 E433.19727
G1 X176.789 Y202.088 E433.21206
G1 X177.004 Y202.339 E433.22305
G1 X177.227 Y202.562 E433.23354
G1 X177.453 Y202.768 E433.24371
G1 X177.729 Y203.002 E433.25575
G1 X177.958 Y203.191 E433.26562
G1 X178.206 Y203.379 E433.27597
G1 X178.402 Y203.55 E433.28463
G1 X178.611 Y203.719 E433.29357
G1 X178.918 Y204.033 E433.30817
G0 F9000 X178.234 Y203.69
;TYPE:SKIN
G1 F1800 X178.056 Y203.795 E433.31855
G0 F9000 X178.114 Y203.729
G0 X177.141 Y203.445
G1 F1800 X176.855 Y203.159 E433.32527
G0 F9000 X176.668 Y202.407
G1 F1800 X176.454 Y202.193 E433.33031
G1 F1440 E431.83031
G0 F9000 X176.524 Y202.236
G0 X176.5 Y203.593
G0 X175.415 Y203.593
G0 X173.294 Y203.593
G0 X172.209 Y203.593
G0 X172.029 Y203.593
;TYPE:WALL-INNER
G1 F1440 E433.33031
G1 F1800 X171.88 Y203.593 E433.33526
G1 X171.88 Y146.367 E435.23861
G1 X172.029 Y146.367 E435.24356
G1 X172.029 Y203.593 E435.95434
G0 F9000 X172.429 Y203.996
;TYPE:WALL-OUTER
G1 F1800 X171.48 Y203.99 E435.9859
G1 X171.48 Y145.964 E437.91585
G1 X172.429 Y145.97 E437.94742
G1 X172.429 Y203.996 E439.87737
G0 F9000 X172.08 Y203.512
G1 F1440 E438.37737
G0 F9000 X172.209 Y193.893
G0 X173.294 Y193.893
G0 X175.414 Y193.896
G0 X176.499 Y193.896
G0 X176.679 Y193.893
;TYPE:WALL-INNER
G1 F1440 E439.87737
G1 F1800 X176.679 Y193.565 E439.88828
G1 X176.679 Y193.476 E439.89124
G1 X176.679 Y191.309 E439.96331
G1 X176.679 Y191.166 E439.96807
G1 X176.679 Y190.926 E439.97605
G1 X176.68 Y190.891 E439.97722
G1 X176.71 Y190.926
G1 X176.951 Y191.166 E439.98299
G1 X177.056 Y191.262 E439.98703
G1 X177.189 Y191.383 E439.99301
G1 X177.47 Y191.623 E440.0053
G1 X177.706 Y191.819 E440.0155
G1 X177.926 Y191.985 E440.02467
G1 X178.084 Y192.133 E440.03187
G1 X178.114 Y192.161 E440.03324
G1 X178.324 Y192.387 E440.0435
G1 X178.329 Y192.392 E440.04373
G1 X178.3 Y192.422 E440.04512
G1 X178.061 Y192.667 E440.0565
G1 X178.055 Y192.672 E440.05676
G1 X177.843 Y192.852 E440.06601
G1 X177.594 Y193.053 E440.07666
G1 X177.31 Y193.292 E440.089
G1 X177.063 Y193.507 E440.09989
G1 X176.996 Y193.565 E440.10256
G1 X176.679 Y193.893 E440.11044
G0 F9000 X176.512 Y194.343
G0 X176.279 Y195.075
;TYPE:WALL-OUTER
G1 F1800 X176.28 Y189.697 E440.28931
G1 X176.334 Y189.786 E440.29277
G1 X176.512 Y190.055 E440.3035
G1 X176.789 Y190.403 E440.31829
G1 X177.004 Y190.654 E440.32929
G1 X177.227 Y190.877 E440.33977
G1 X177.453 Y191.083 E440.34995
G1 X177.728 Y191.317 E440.36195
G1 X177.955 Y191.506 E440.37178
G1 X178.189 Y191.683 E440.38154
G1 X178.388 Y191.871 E440.39064
G1 X178.58 Y192.057 E440.39953
G1 X178.805 Y192.365 E440.41222
G1 X178.686 Y192.591 E440.42072
G1 X178.501 Y192.801 E440.43002
G1 X178.332 Y192.962 E440.43779
G1 X178.094 Y193.164 E440.44817
G1 X177.848 Y193.362 E440.45867
G1 X177.57 Y193.596 E440.47076
G1 X177.271 Y193.856 E440.48394
G1 X176.995 Y194.141 E440.49713
G1 X176.817 Y194.334 E440.50587
G1 X176.638 Y194.559 E440.51543
G1 X176.48 Y194.773 E440.52428
G1 X176.292 Y195.051 E440.53544
G1 X176.279 Y195.075 E440.53635
G0 F9000 X176.505 Y194.324
;TYPE:SKIN
G1 F1800 X176.568 Y194.104 E440.53897
G1 X177.037 Y193.159 E440.55109
G0 F9000 X177.111 Y193.233
G0 X176.978 Y191.686
G1 F1800 X176.855 Y191.563 E440.55398
G0 F9000 X176.529 Y190.672
G1 F1800 X176.564 Y190.424 E440.56143
G1 F1440 E439.06143
G0 F9000 X176.519 Y190.465
G0 X177.211 Y189.545
G0 X177.186 Y183.587
G0 X176.486 Y182.733
G0 X176.68 Y182.207
;TYPE:WALL-INNER
G1 F1440 E440.56143
G1 F1800 X176.68 Y181.88 E440.57231
G1 X176.68 Y181.789 E440.57533
G1 X176.68 Y179.626 E440.64728
G1 X176.68 Y179.48 E440.65213
G1 X176.68 Y179.21 E440.66111
G1 X176.95 Y179.48 E440.66716
G1 X177.057 Y179.578 E440.67127
G1 X177.188 Y179.698 E440.67718
G1 X177.494 Y179.958 E440.69054
G1 X177.969 Y180.343 E440.71087
G1 X178.094 Y180.458 E440.71652
G1 X178.142 Y180.501 E440.71867
G1 X178.319 Y180.7 E440.72752
G1 X178.321 Y180.702 E440.72762
G1 X178.277 Y180.749 E440.72976
G1 X178.054 Y180.988 E440.74063
G1 X178.051 Y180.99 E440.74075
G1 X177.844 Y181.167 E440.74981
G1 X177.594 Y181.367 E440.76046
G1 X177.31 Y181.607 E440.77283
G1 X177.064 Y181.821 E440.78367
G1 X176.996 Y181.88 E440.78638
G1 X176.68 Y182.207 E440.7942
G0 F9000 X176.512 Y182.657
G0 X176.28 Y183.387
;TYPE:WALL-OUTER
G1 F1800 X176.28 Y178.011 E440.97301
G1 X176.334 Y178.101 E440.9765
G1 X176.512 Y178.37 E440.98723
G1 X176.788 Y178.717 E441.00197
G1 X176.972 Y178.936 E441.01149
G1 X177.227 Y179.191 E441.02348
G1 X177.453 Y179.398 E441.03368
G1 X177.75 Y179.65 E441.04663
G1 X178.239 Y180.048 E441.0676
G1 X178.429 Y180.222 E441.07617
G1 X178.759 Y180.592 E441.09266
G1 X178.803 Y180.736 E441.09767
G1 X178.518 Y181.098 E441.11299
G1 X178.331 Y181.277 E441.1216
G1 X178.094 Y181.479 E441.13196
G1 X177.848 Y181.676 E441.14244
G1 X177.57 Y181.911 E441.15455
G1 X177.271 Y182.171 E441.16773
G1 X176.995 Y182.456 E441.18092
G1 X176.817 Y182.649 E441.18965
G1 X176.638 Y182.874 E441.19922
G1 X176.48 Y183.088 E441.20806
G1 X176.292 Y183.365 E441.2192
G1 X176.28 Y183.387 E441.22003
G0 F9000 X176.487 Y182.709
;TYPE:SKIN
G1 F1800 X176.549 Y182.489 E441.22223
G1 X176.959 Y181.484 E441.23268
G0 F9000 X176.855 Y181.38
G0 X176.916 Y180.027
G0 X176.885 Y179.996
G1 F1800 X176.986 Y179.815 E441.23527
G1 X176.499 Y179.045 E441.24668
G1 X176.599 Y178.862 E441.24929
G0 F9000 X176.88 Y179.253
G1 F1440 E439.74929
G0 F9000 X176.873 Y179.26
G0 X176.618 Y178.856
G0 X177.212 Y177.861
G0 X177.186 Y171.902
G0 X176.485 Y171.049
G0 X176.679 Y170.523
;TYPE:WALL-INNER
G1 F1440 E441.24929
G1 F1800 X176.679 Y170.196 E441.26016
G1 X176.679 Y170.105 E441.26319
G1 X176.679 Y167.94 E441.3352
G1 X176.679 Y167.795 E441.34002
G1 X176.679 Y167.555 E441.348
G1 X176.68 Y167.52 E441.34917
G1 X176.71 Y167.555
G1 X176.95 Y167.795 E441.35491
G1 X177.056 Y167.893 E441.359
G1 X177.189 Y168.014 E441.36498
G1 X177.705 Y168.447 E441.38739
G1 X177.933 Y168.622 E441.39695
G1 X178.164 Y168.842 E441.40756
G1 X178.277 Y168.95 E441.41276
G1 X178.329 Y169.022 E441.41571
G1 X178.22 Y169.134 E441.42091
G1 X178.054 Y169.303 E441.42879
G1 X177.845 Y169.481 E441.43792
G1 X177.594 Y169.681 E441.44859
G1 X177.309 Y169.922 E441.46101
G1 X177.063 Y170.137 E441.47187
G1 X176.995 Y170.196 E441.47458
G1 X176.679 Y170.523 E441.4824
G0 F9000 X176.512 Y170.973
G0 X176.279 Y171.704
;TYPE:WALL-OUTER
G1 F1800 X176.28 Y166.326 E441.66128
G1 X176.334 Y166.416 E441.66477
G1 X176.512 Y166.685 E441.6755
G1 X176.789 Y167.032 E441.69026
G1 X177.004 Y167.283 E441.70126
G1 X177.227 Y167.506 E441.71175
G1 X177.453 Y167.713 E441.72194
G1 X177.955 Y168.135 E441.74375
G1 X178.188 Y168.313 E441.7535
G1 X178.388 Y168.501 E441.76263
G1 X178.58 Y168.686 E441.7715
G1 X178.805 Y168.996 E441.78424
G1 X178.683 Y169.226 E441.7929
G1 X178.518 Y169.413 E441.80119
G1 X178.331 Y169.592 E441.8098
G1 X178.094 Y169.794 E441.82016
G1 X177.848 Y169.99 E441.83062
G1 X177.57 Y170.225 E441.84273
G1 X177.271 Y170.486 E441.85593
G1 X176.995 Y170.771 E441.86913
G1 X176.817 Y170.964 E441.87786
G1 X176.638 Y171.189 E441.88742
G1 X176.48 Y171.403 E441.89627
G1 X176.292 Y171.68 E441.9074
G1 X176.279 Y171.704 E441.90831
G0 F9000 X176.528 Y170.871
;TYPE:SKIN
G1 F1800 X176.67 Y170.731 E441.91029
G1 X176.934 Y169.862 E441.91932
G0 F9000 X176.853 Y169.781
G0 X177.048 Y168.28
G1 F1800 X176.854 Y168.086 E441.92389
G0 F9000 X176.681 Y167.347
G1 F1800 X176.454 Y167.12 E441.92923
G1 F1440 E440.42923
G0 F9000 X176.516 Y167.17
G0 X177.212 Y166.176
G0 X177.186 Y160.217
G0 X176.486 Y159.363
G0 X176.68 Y158.837
;TYPE:WALL-INNER
G1 F1440 E441.92923
G1 F1800 X176.68 Y158.511 E441.94007
G1 X176.68 Y158.419 E441.94313
G1 X176.68 Y156.256 E442.01507
G1 X176.68 Y156.11 E442.01993
G1 X176.68 Y155.87 E442.02791
G1 X176.68 Y155.835 E442.02907
G1 X176.71 Y155.87
G1 X176.95 Y156.11 E442.03479
G1 X177.058 Y156.208 E442.03892
G1 X177.189 Y156.328 E442.04483
G1 X177.494 Y156.587 E442.05814
G1 X177.98 Y156.983 E442.07899
G1 X178.101 Y157.093 E442.08443
G1 X178.15 Y157.138 E442.08664
G1 X178.322 Y157.331 E442.09524
G1 X178.329 Y157.339 E442.0956
G1 X178.283 Y157.386 E442.09778
G1 X178.066 Y157.608 E442.10811
G1 X178.058 Y157.615 E442.10846
G1 X177.845 Y157.796 E442.11776
G1 X177.594 Y157.996 E442.12843
G1 X177.309 Y158.237 E442.14085
G1 X177.064 Y158.451 E442.15167
G1 X176.995 Y158.511 E442.15442
G1 X176.68 Y158.837 E442.1622
G0 F9000 X176.512 Y159.287
G0 X176.28 Y160.017
;TYPE:WALL-OUTER
G1 F1800 X176.28 Y154.641 E442.34101
G1 X176.334 Y154.73 E442.34447
G1 X176.512 Y155 E442.35523
G1 X176.789 Y155.347 E442.36999
G1 X177.004 Y155.598 E442.38099
G1 X177.227 Y155.821 E442.39148
G1 X177.453 Y156.028 E442.40167
G1 X177.75 Y156.279 E442.4146
G1 X178.238 Y156.677 E442.43555
G1 X178.437 Y156.859 E442.44452
G1 X178.757 Y157.218 E442.46051
G1 X178.803 Y157.366 E442.46567
G1 X178.683 Y157.541 E442.47272
G1 X178.513 Y157.734 E442.48128
G1 X178.337 Y157.902 E442.48937
G1 X178.094 Y158.109 E442.49999
G1 X177.848 Y158.305 E442.51045
G1 X177.57 Y158.54 E442.52256
G1 X177.271 Y158.801 E442.53576
G1 X176.995 Y159.086 E442.54895
G1 X176.817 Y159.279 E442.55768
G1 X176.638 Y159.504 E442.56725
G1 X176.48 Y159.718 E442.5761
G1 X176.292 Y159.995 E442.58723
G1 X176.28 Y160.017 E442.58806
G0 F9000 X176.509 Y159.256
;TYPE:SKIN
G1 F1800 X176.574 Y159.038 E442.59069
G1 X176.911 Y158.243 E442.60068
G1 X177.057 Y158.106 E442.603
G0 F9000 X177.119 Y158.169
G0 X176.989 Y156.624
G1 F1800 X176.853 Y156.489 E442.60619
G0 F9000 X176.535 Y155.604
G1 F1800 X176.537 Y155.323 E442.61199
G1 F1440 E441.11199
G0 F9000 X176.53 Y155.408
G0 X177.214 Y154.494
G0 X177.186 Y148.532
G0 X176.485 Y147.68
G0 X176.679 Y147.151
;TYPE:WALL-INNER
G1 F1440 E442.61199
G1 F1800 X176.679 Y146.825 E442.62283
G1 X176.679 Y146.394 E442.63717
G1 X177.31 Y146.397 E442.65816
G1 X177.491 Y146.399 E442.66418
G1 X177.31 Y146.551 E442.66678
G1 X176.996 Y146.825 E442.68064
G1 X176.679 Y147.151 E442.6885
G0 F9000 X176.511 Y147.604
G0 X176.279 Y148.334
;TYPE:WALL-OUTER
G1 F1800 X176.279 Y145.991 E442.76643
G1 X178.595 Y146.006 E442.84346
G1 X178.357 Y146.213 E442.85395
G1 X177.849 Y146.62 E442.8756
G1 X177.57 Y146.855 E442.88773
G1 X177.271 Y147.116 E442.90093
G1 X176.995 Y147.399 E442.91408
G1 X176.817 Y147.593 E442.92284
G1 X176.638 Y147.82 E442.93245
G1 X176.48 Y148.033 E442.94127
G1 X176.292 Y148.31 E442.95241
G1 X176.279 Y148.334 E442.95332
G0 F9000 X176.49 Y147.64
;TYPE:SKIN
G1 F1800 X176.552 Y147.419 E442.95496
G1 X176.887 Y146.622 E442.96117
G1 X177.699 Y146.304 E442.96743
G0 F9000 X177.973 Y146.294
G1 F1800 X177.855 Y146.176 E442.9702
G1 F1440 E441.4702
;MESH:NONMESH
G0 F300 X177.855 Y146.176 Z5.2
G0 F9000 X177.821 Y146.258
G0 X177.427 Y146.688
G0 X177.866 Y147.744
G0 X179.708 Y157.288
G0 X179.701 Y192.182
G0 X177.826 Y201.939
G0 X177.308 Y202.933
G0 X177.898 Y203.628
;TIME_ELAPSED:811.553763
;LAYER:25
;TYPE:WALL-INNER
;MESH:Vertical_Tension_Member.stl
G1 F1440 E442.9702
G1 F1800 X177.675 Y203.627 E442.97762
G1 X177.359 Y203.625 E442.98813
G1 X176.594 Y203.619 E443.01357
G1 X176.594 Y202.903 E443.03739
G1 X176.594 Y202.693 E443.04437
G1 X176.594 Y202.443 E443.05269
G1 X176.817 Y202.693 E443.05728
G1 X176.966 Y202.84 E443.06282
G1 X177.024 Y202.897 E443.06552
G1 X177.252 Y203.099 E443.07566
G1 X177.435 Y203.253 E443.08361
G1 X177.676 Y203.456 E443.09127
G1 X177.898 Y203.628 E443.09436
G0 F9000 X178.364 Y203.797
G0 X178.944 Y204.034
;TYPE:WALL-OUTER
G1 F1800 X176.194 Y204.017 E443.18583
G1 X176.194 Y201.192 E443.27979
G1 X176.335 Y201.427 E443.2889
G1 X176.482 Y201.658 E443.29801
G1 X176.641 Y201.872 E443.30688
G1 X176.88 Y202.163 E443.3194
G1 X177.107 Y202.417 E443.33073
G1 X177.297 Y202.604 E443.3396
G1 X177.514 Y202.796 E443.34924
G1 X177.927 Y203.145 E443.36722
G1 X178.217 Y203.368 E443.37939
G1 X178.405 Y203.528 E443.3876
G1 X178.628 Y203.713 E443.39724
G1 X178.944 Y204.034 E443.41222
G0 F9000 X178.324 Y203.795
;TYPE:SKIN
G1 F1800 X178.11 Y203.726 E443.41476
G1 X176.892 Y203.247 E443.42955
G1 X176.427 Y202.015 E443.44443
G1 F1440 E441.94443
G0 F9000 X176.449 Y202.11
G0 X176.414 Y203.593
G0 X175.329 Y203.593
G0 X173.379 Y203.593
G0 X172.294 Y203.593
G0 X172.114 Y203.593
;TYPE:WALL-INNER
G1 F1440 E443.44443
G1 F1800 X171.914 Y203.593 E443.45108
G1 X171.684 Y203.591 E443.45873
G1 X171.684 Y146.566 E445.35539
G1 X171.684 Y146.366 E445.36204
G1 X171.884 Y146.366 E445.36635
G1 X172.114 Y146.368 E445.374
G1 X172.114 Y203.393 E447.27066
G1 X172.114 Y203.593 E447.27496
G0 F9000 X172.514 Y203.996
;TYPE:WALL-OUTER
G1 F1800 X171.815 Y203.991 E447.29821
G1 X171.284 Y203.99 E447.31587
G1 X171.284 Y145.964 E449.24583
G1 X172.514 Y145.97 E449.28674
G1 X172.514 Y203.996 E451.21669
G0 F9000 X172.244 Y203.725
G0 X172.034 Y200.776
;TYPE:FILL
G1 F3600 X171.763 Y200.505 E451.22944
G0 F9000 X171.763 Y192.095
G1 F3600 X172.033 Y192.023 E451.23873
G0 F9000 X172.034 Y183.806
G1 F3600 X171.763 Y183.535 E451.25148
G0 F9000 X171.764 Y179.672
G1 F3600 X172.032 Y179.6 E451.26071
G0 F9000 X171.763 Y172.873
G1 F3600 X172.033 Y171.866 E451.29538
G0 F9000 X171.763 Y167.249
G1 F3600 X172.032 Y167.177 E451.30464
G0 F9000 X172.034 Y166.835
G1 F3600 X171.763 Y166.564 E451.31739
G0 F9000 X171.764 Y154.825
G1 F3600 X172.033 Y154.753 E451.32665
G0 F9000 X172.034 Y149.864
G1 F3600 X171.763 Y149.594 E451.33938
G0 F9000 X171.884 Y149.594
G1 F1440 E449.83938
G0 F9000 X172.294 Y194.018
G0 X173.379 Y194.018
G0 X175.328 Y194.02
G0 X176.413 Y194.02
G0 X176.593 Y194.018
;TYPE:WALL-INNER
G1 F1440 E451.33938
G1 F1800 X176.593 Y193.996 E451.34011
G1 X176.593 Y193.524 E451.35581
G1 X176.593 Y191.214 E451.43264
G1 X176.593 Y191.009 E451.43946
G1 X176.594 Y190.758 E451.44781
G1 X176.818 Y191.009 E451.45243
G1 X176.965 Y191.152 E451.45788
G1 X177.101 Y191.284 E451.46419
G1 X177.568 Y191.681 E451.48457
G1 X178.016 Y192.042 E451.50371
G1 X178.252 Y192.265 E451.51451
G1 X178.26 Y192.273 E451.51489
G1 X178.352 Y192.391 E451.51986
G1 X178.132 Y192.626 E451.53057
G1 X178.124 Y192.634 E451.53095
G1 X177.958 Y192.785 E451.53841
G1 X177.706 Y192.981 E451.54903
G1 X177.26 Y193.359 E451.56847
G1 X177.019 Y193.572 E451.57917
G1 X176.939 Y193.656 E451.58303
G1 X176.612 Y193.996 E451.59178
G1 X176.593 Y194.018 E451.59198
G0 F9000 X176.423 Y194.498
G0 X176.193 Y195.285
;TYPE:WALL-OUTER
G1 F1800 X176.194 Y189.506 E451.78419
G1 X176.335 Y189.742 E451.79333
G1 X176.482 Y189.973 E451.80244
G1 X176.641 Y190.187 E451.81131
G1 X176.88 Y190.478 E451.82383
G1 X177.107 Y190.732 E451.83516
G1 X177.37 Y190.988 E451.84737
G1 X177.823 Y191.373 E451.86714
G1 X178.279 Y191.74 E451.88661
G1 X178.553 Y191.999 E451.89915
G1 X178.829 Y192.352 E451.91406
G1 X178.832 Y192.42 E451.91632
G1 X178.58 Y192.751 E451.93016
G1 X178.401 Y192.922 E451.93839
G1 X178.211 Y193.095 E451.94694
G1 X177.958 Y193.292 E451.9576
G1 X177.522 Y193.661 E451.9766
G1 X177.296 Y193.861 E451.98664
G1 X176.91 Y194.263 E452.00517
G1 X176.685 Y194.532 E452.01684
G1 X176.507 Y194.777 E452.02691
G1 X176.3 Y195.084 E452.03923
G1 X176.193 Y195.285 E452.0468
G0 F9000 X176.489 Y194.316
;TYPE:SKIN
G1 F1800 X176.386 Y194.136 E452.04911
G1 X176.884 Y193.356 E452.05945
G1 X176.788 Y193.169 E452.0618
G0 F9000 X176.768 Y193.19
G0 X177.01 Y191.533
G0 X177.036 Y191.506
G1 F1800 X176.842 Y191.418 E452.06364
G1 X176.582 Y190.546 E452.07153
G1 X176.447 Y190.399 E452.07326
G1 F1440 E450.57326
G0 F9000 X176.492 Y190.478
G0 X176.4 Y190.209
G0 X177.2 Y189.491
G0 X177.209 Y183.596
G0 X176.399 Y182.889
G0 X176.593 Y182.332
;TYPE:WALL-INNER
G1 F1440 E452.07326
G1 F1800 X176.593 Y182.31 E452.07399
G1 X176.593 Y181.839 E452.08965
G1 X176.593 Y179.531 E452.16642
G1 X176.593 Y179.323 E452.17334
G1 X176.594 Y179.072 E452.18168
G1 X176.817 Y179.323 E452.18628
G1 X176.965 Y179.468 E452.19178
G1 X177.076 Y179.577 E452.19695
G1 X177.512 Y179.947 E452.21597
G1 X178.005 Y180.348 E452.23711
G1 X178.293 Y180.622 E452.25033
G1 X178.326 Y180.653 E452.25184
G1 X178.361 Y180.697 E452.25371
G1 X178.158 Y180.916 E452.26364
G1 X178.124 Y180.946 E452.26515
G1 X177.969 Y181.087 E452.27211
G1 X177.513 Y181.459 E452.29169
G1 X177.26 Y181.674 E452.30273
G1 X177.019 Y181.887 E452.31343
G1 X176.938 Y181.971 E452.31731
G1 X176.612 Y182.31 E452.32603
G1 X176.593 Y182.332 E452.32624
G0 F9000 X176.423 Y182.813
G0 X176.193 Y183.598
;TYPE:WALL-OUTER
G1 F1800 X176.194 Y177.824 E452.51828
G1 X176.335 Y178.058 E452.52737
G1 X176.482 Y178.288 E452.53645
G1 X176.641 Y178.502 E452.54531
G1 X176.88 Y178.792 E452.55781
G1 X177.107 Y179.047 E452.56917
G1 X177.346 Y179.281 E452.58029
G1 X177.769 Y179.64 E452.59874
G1 X178.012 Y179.84 E452.60921
G1 X178.268 Y180.046 E452.62014
G1 X178.443 Y180.208 E452.62807
G1 X178.623 Y180.385 E452.63647
G1 X178.777 Y180.576 E452.64463
G1 X178.826 Y180.738 E452.65026
G1 X178.602 Y181.045 E452.6629
G1 X178.426 Y181.213 E452.67099
G1 X178.228 Y181.392 E452.67987
G1 X177.769 Y181.766 E452.69956
G1 X177.522 Y181.976 E452.71034
G1 X177.296 Y182.176 E452.72038
G1 X176.91 Y182.577 E452.73889
G1 X176.685 Y182.847 E452.75058
G1 X176.507 Y183.092 E452.76066
G1 X176.3 Y183.398 E452.77294
G1 X176.193 Y183.598 E452.78049
G0 F9000 X176.522 Y182.687
;TYPE:SKIN
G1 F1800 X176.418 Y182.507 E452.78386
G1 X176.933 Y181.711 E452.79922
G1 X176.818 Y181.542 E452.80253
G0 F9000 X176.768 Y181.593
G0 X176.768 Y179.895
G0 X176.863 Y179.8
G1 F1800 X176.789 Y179.591 E452.80469
G1 X176.675 Y178.858 E452.81191
G1 X176.404 Y178.562 E452.81582
G1 F1440 E451.31582
G0 F9000 X176.443 Y178.649
G0 X177.2 Y177.806
G0 X177.209 Y171.911
G0 X176.399 Y171.204
G0 X176.593 Y170.647
;TYPE:WALL-INNER
G1 F1440 E452.81582
G1 F1800 X176.593 Y170.625 E452.81655
G1 X176.593 Y170.154 E452.83222
G1 X176.593 Y167.846 E452.90898
G1 X176.593 Y167.638 E452.9159
G1 X176.594 Y167.387 E452.92425
G1 X176.817 Y167.638 E452.92884
G1 X176.965 Y167.783 E452.93434
G1 X177.025 Y167.842 E452.93714
G1 X177.252 Y168.042 E452.9472
G1 X177.673 Y168.399 E452.96556
G1 X177.925 Y168.597 E452.97622
G1 X178.248 Y168.891 E452.99075
G1 X178.255 Y168.897 E452.99105
G1 X178.352 Y169.021 E452.99629
G1 X178.132 Y169.256 E453.007
G1 X178.125 Y169.262 E453.0073
G1 X177.958 Y169.415 E453.01484
G1 X177.706 Y169.611 E453.02546
G1 X177.26 Y169.988 E453.04488
G1 X177.019 Y170.202 E453.0556
G1 X176.938 Y170.286 E453.05948
G1 X176.612 Y170.625 E453.0682
G1 X176.593 Y170.647 E453.06841
G0 F9000 X176.423 Y171.128
G0 X176.193 Y171.914
;TYPE:WALL-OUTER
G1 F1800 X176.194 Y166.139 E453.26048
G1 X176.335 Y166.373 E453.26957
G1 X176.482 Y166.603 E453.27865
G1 X176.641 Y166.817 E453.28752
G1 X176.88 Y167.107 E453.30002
G1 X177.107 Y167.362 E453.31137
G1 X177.298 Y167.549 E453.32026
G1 X177.514 Y167.74 E453.32985
G1 X177.926 Y168.089 E453.34781
G1 X178.172 Y168.282 E453.35821
G1 X178.355 Y168.44 E453.36625
G1 X178.552 Y168.628 E453.37531
G1 X178.829 Y168.982 E453.39026
G1 X178.832 Y169.05 E453.39252
G1 X178.58 Y169.381 E453.40636
G1 X178.401 Y169.552 E453.41459
G1 X178.211 Y169.725 E453.42314
G1 X177.958 Y169.922 E453.4338
G1 X177.522 Y170.29 E453.45278
G1 X177.296 Y170.491 E453.46284
G1 X176.91 Y170.892 E453.48135
G1 X176.685 Y171.162 E453.49304
G1 X176.507 Y171.407 E453.50311
G1 X176.301 Y171.712 E453.51536
G1 X176.193 Y171.914 E453.52297
G0 F9000 X176.396 Y171.216
;TYPE:SKIN
G1 F1800 X176.508 Y171.104 E453.52561
G0 F9000 X176.367 Y170.963
G1 F1800 X176.534 Y170.795 E453.52955
G0 F9000 X176.767 Y169.997
G1 F1800 X176.928 Y169.836 E453.53333
G0 F9000 X176.814 Y168.253
G0 X176.91 Y168.156
G1 F1800 X176.813 Y167.971 E453.53594
G1 X176.423 Y166.947 E453.54958
G1 F1440 E452.04958
G0 F9000 X176.44 Y167.045
G0 X177.2 Y166.121
G0 X177.209 Y160.226
G0 X176.399 Y159.519
G0 X176.593 Y158.962
;TYPE:WALL-INNER
G1 F1440 E453.54958
G1 F1800 X176.593 Y158.94 E453.55031
G1 X176.593 Y158.469 E453.56598
G1 X176.593 Y156.16 E453.64277
G1 X176.593 Y155.953 E453.64966
G1 X176.594 Y155.702 E453.65801
G1 X176.817 Y155.953 E453.6626
G1 X176.965 Y156.097 E453.66808
G1 X177.076 Y156.206 E453.67326
G1 X177.568 Y156.626 E453.69477
G1 X178.005 Y156.978 E453.71344
G1 X178.292 Y157.252 E453.72663
G1 X178.326 Y157.284 E453.72819
G1 X178.361 Y157.327 E453.73003
G1 X178.158 Y157.546 E453.73996
G1 X178.124 Y157.577 E453.74149
G1 X177.964 Y157.721 E453.74865
G1 X177.759 Y157.886 E453.75741
G1 X177.513 Y158.089 E453.76801
G1 X177.26 Y158.303 E453.77903
G1 X177.019 Y158.517 E453.78975
G1 X176.938 Y158.601 E453.79364
G1 X176.612 Y158.94 E453.80236
G1 X176.593 Y158.962 E453.80256
G0 F9000 X176.423 Y159.443
G0 X176.193 Y160.229
;TYPE:WALL-OUTER
G1 F1800 X176.194 Y154.454 E453.99464
G1 X176.335 Y154.687 E454.0037
G1 X176.482 Y154.917 E454.01278
G1 X176.641 Y155.132 E454.02167
G1 X176.88 Y155.422 E454.03417
G1 X177.107 Y155.677 E454.04552
G1 X177.346 Y155.911 E454.05665
G1 X177.823 Y156.318 E454.0775
G1 X178.268 Y156.676 E454.0965
G1 X178.443 Y156.838 E454.10443
G1 X178.623 Y157.014 E454.11281
G1 X178.776 Y157.203 E454.12089
G1 X178.826 Y157.37 E454.12669
G1 X178.602 Y157.675 E454.13928
G1 X178.426 Y157.843 E454.14737
G1 X178.229 Y158.021 E454.1562
G1 X178.012 Y158.196 E454.16547
G1 X177.769 Y158.396 E454.17594
G1 X177.522 Y158.605 E454.1867
G1 X177.296 Y158.806 E454.19676
G1 X176.91 Y159.207 E454.21527
G1 X176.685 Y159.477 E454.22696
G1 X176.507 Y159.722 E454.23704
G1 X176.301 Y160.027 E454.24928
G1 X176.193 Y160.229 E454.2569
G0 F9000 X176.367 Y159.367
;TYPE:SKIN
G1 F1800 X176.599 Y159.135 E454.26235
G0 F9000 X176.877 Y158.29
G1 F1800 X176.782 Y158.103 E454.26828
G0 F9000 X176.767 Y158.118
G0 X176.978 Y156.492
G0 X177.016 Y156.454
G1 F1800 X176.836 Y156.351 E454.27018
G1 X176.442 Y155.331 E454.28022
G1 F1440 E452.78022
G0 F9000 X176.484 Y155.412
G0 X176.4 Y155.153
G0 X177.196 Y154.43
G0 X177.209 Y148.541
G0 X176.4 Y147.833
G0 X176.594 Y147.277
;TYPE:WALL-INNER
G1 F1440 E454.28022
G1 F1800 X176.594 Y147.255 E454.28095
G1 X176.594 Y146.783 E454.29665
G1 X176.594 Y146.593 E454.30297
G1 X176.594 Y146.393 E454.30963
G1 X176.794 Y146.394 E454.31392
G1 X177.029 Y146.396 E454.32174
G1 X177.261 Y146.397 E454.32946
G1 X177.52 Y146.399 E454.33807
G1 X177.26 Y146.618 E454.3426
G1 X177.087 Y146.772 E454.3487
G1 X177.019 Y146.832 E454.35171
G1 X176.939 Y146.915 E454.35555
G1 X176.612 Y147.255 E454.36428
G1 X176.594 Y147.277 E454.36445
G0 F9000 X176.424 Y147.757
G0 X176.194 Y148.543
;TYPE:WALL-OUTER
G1 F1800 X176.194 Y145.991 E454.44933
G1 X178.627 Y146.006 E454.53025
G1 X178.21 Y146.36 E454.54845
G1 X177.961 Y146.55 E454.55886
G1 X177.522 Y146.92 E454.57796
G1 X177.296 Y147.121 E454.58802
G1 X176.91 Y147.522 E454.60653
G1 X176.685 Y147.792 E454.61822
G1 X176.507 Y148.037 E454.62829
G1 X176.301 Y148.342 E454.64053
G1 X176.194 Y148.543 E454.64811
G0 F9000 X176.516 Y147.62
;TYPE:SKIN
G1 F1800 X176.412 Y147.441 E454.65128
G1 X176.886 Y146.684 E454.66498
G0 F9000 X177.831 Y146.305
G1 F1800 X177.653 Y146.2 E454.67232
G0 F9000 X177.354 Y146.277
G1 F1440 E453.17232
;MESH:NONMESH
G0 F300 X177.354 Y146.277 Z5.4
G0 F9000 X177.354 Y146.298
G0 X176.747 Y147.375
G0 X177.369 Y148.321
G0 X179.759 Y157.481
G0 X179.704 Y192.652
G0 X177.882 Y201.967
G0 X177.37 Y202.962
G0 X177.925 Y203.627
;TIME_ELAPSED:833.852726
;LAYER:26
;TYPE:WALL-INNER
;MESH:Vertical_Tension_Member.stl
G1 F1440 E454.67232
G1 F1800 X177.771 Y203.627 E454.67745
G1 X177.381 Y203.625 E454.69042
G1 X176.478 Y203.618 E454.72045
G1 X176.478 Y202.748 E454.74939
G1 X176.478 Y202.601 E454.75428
G1 X176.477 Y202.267 E454.76539
G1 X176.758 Y202.6 E454.77205
G1 X176.86 Y202.705 E454.77625
G1 X176.968 Y202.817 E454.78142
G1 X177.18 Y203.014 E454.79105
G1 X177.472 Y203.258 E454.8037
G1 X177.771 Y203.508 E454.81238
G1 X177.925 Y203.627 E454.81417
G0 F9000 X178.393 Y203.797
G0 X178.978 Y204.034
;TYPE:WALL-OUTER
G1 F1800 X176.078 Y204.016 E454.91062
G1 X176.077 Y200.923 E455.0135
G1 X176.129 Y201.035 E455.01761
G1 X176.298 Y201.323 E455.02871
G1 X176.451 Y201.564 E455.03821
G1 X176.631 Y201.824 E455.04872
G1 X176.864 Y202.106 E455.06089
G1 X177.055 Y202.331 E455.07071
G1 X177.248 Y202.531 E455.07995
G1 X177.445 Y202.714 E455.08889
G1 X178.022 Y203.196 E455.1139
G1 X178.286 Y203.4 E455.125
G1 X178.682 Y203.735 E455.14225
G1 X178.864 Y203.908 E455.1506
G1 X178.978 Y204.034 E455.15625
G0 F9000 X178.393 Y203.797
G0 X177.268 Y203.191
;TYPE:FILL
G1 F3600 X176.558 Y203.381 E455.1807
G0 F9000 X176.652 Y203.239
;TYPE:SKIN
G1 F1800 X176.857 Y203.444 E455.18552
G0 F9000 X177.141 Y203.445
G1 F1800 X176.651 Y202.955 E455.19704
G0 F9000 X176.32 Y202.058
G1 F1800 X176.416 Y201.871 E455.20798
G0 F9000 X176.483 Y202.116
G0 X178.075 Y203.616
G0 X178.255 Y203.711
G1 F1800 X178.077 Y203.815 E455.21643
G0 F9000 X177.78 Y203.767
G1 F1440 E453.71643
G0 F9000 X177.78 Y203.727
G0 X176.278 Y203.594
G0 X175.213 Y203.595
G0 X173.496 Y203.594
G0 X172.411 Y203.594
G0 X172.231 Y203.595
;TYPE:WALL-INNER
G1 F1440 E455.21643
G1 F1800 X172.031 Y203.594 E455.22309
G1 X171.488 Y203.591 E455.24115
G1 X171.488 Y146.566 E457.13781
G1 X171.488 Y146.366 E457.14446
G1 X171.688 Y146.366 E457.14877
G1 X172.231 Y146.369 E457.16683
G1 X172.231 Y203.395 E459.06352
G1 X172.231 Y203.595 E459.06782
G0 F9000 X172.631 Y203.997
;TYPE:WALL-OUTER
G1 F1800 X171.088 Y203.989 E459.11914
G1 X171.088 Y145.964 E461.04906
G1 X172.631 Y145.971 E461.10038
G1 X172.631 Y203.997 E463.03033
G0 F9000 X172.361 Y203.726
G0 X172.15 Y200.692
;TYPE:FILL
G1 F3600 X171.567 Y200.109 E463.05775
G0 F9000 X171.567 Y192.295
G1 F3600 X172.15 Y192.139 E463.07783
G0 F9000 X172.15 Y183.721
G1 F3600 X171.567 Y183.138 E463.10525
G0 F9000 X171.568 Y179.871
G1 F3600 X172.149 Y179.716 E463.12525
G0 F9000 X171.567 Y173.055
G1 F3600 X172.15 Y170.881 E463.20011
G0 F9000 X171.567 Y167.448
G1 F3600 X172.149 Y167.292 E463.22015
G0 F9000 X172.15 Y166.751
G1 F3600 X171.567 Y166.167 E463.2476
G0 F9000 X171.567 Y155.025
G1 F3600 X172.15 Y154.869 E463.26767
G0 F9000 X172.15 Y149.78
G1 F3600 X171.567 Y149.197 E463.29509
G0 F9000 X171.859 Y149.514
;TYPE:SKIN
G1 F1800 X171.859 Y149.231 E463.30449
G1 X171.885 Y146.712 E463.38818
G1 X172.027 Y146.571 E463.39483
G0 F9000 X171.998 Y146.542
G0 X171.662 Y149.6
G0 X171.859 Y149.797
G1 F1800 X171.859 Y150.08 E463.40416
G1 X171.859 Y202.971 E465.14724
G1 X171.699 Y203.378 E465.16165
G0 F9000 X171.738 Y203.393
G1 F1440 E463.66165
G0 F9000 X172.411 Y194.185
G0 X173.496 Y194.185
G0 X175.212 Y194.185
G0 X176.297 Y194.185
G0 X176.477 Y194.185
;TYPE:WALL-INNER
G1 F1440 E465.16165
G1 F1800 X176.477 Y193.911 E465.17076
G1 X176.477 Y193.716 E465.17725
G1 X176.477 Y191.075 E465.26509
G1 X176.477 Y190.837 E465.273
G1 X176.477 Y190.584 E465.28142
G1 X176.687 Y190.837 E465.28564
G1 X176.85 Y191.01 E465.29179
G1 X176.891 Y191.054 E465.2938
G1 X176.971 Y191.135 E465.29758
G1 X177.18 Y191.329 E465.30707
G1 X177.767 Y191.819 E465.3325
G1 X178.019 Y192.019 E465.3432
G1 X178.232 Y192.22 E465.35294
G1 X178.355 Y192.337 E465.35859
G1 X178.389 Y192.399 E465.36094
G1 X178.268 Y192.518 E465.36658
G1 X178.096 Y192.686 E465.37458
G1 X177.899 Y192.856 E465.38323
G1 X177.644 Y193.056 E465.39401
G1 X177.169 Y193.459 E465.41473
G1 X176.933 Y193.686 E465.42562
G1 X176.854 Y193.77 E465.42946
G1 X176.721 Y193.911 E465.43473
G1 X176.477 Y194.185 E465.44
G0 F9000 X176.307 Y194.702
G0 X176.077 Y195.541
;TYPE:WALL-OUTER
G1 F1800 X176.077 Y189.238 E465.64964
G1 X176.121 Y189.334 E465.65315
G1 X176.255 Y189.564 E465.66201
G1 X176.451 Y189.878 E465.67432
G1 X176.631 Y190.138 E465.68484
G1 X176.797 Y190.344 E465.69364
G1 X176.987 Y190.572 E465.70351
G1 X177.178 Y190.776 E465.7128
G1 X177.249 Y190.847 E465.71614
G1 X177.445 Y191.029 E465.72504
G1 X178.019 Y191.509 E465.74992
G1 X178.276 Y191.712 E465.76082
G1 X178.477 Y191.897 E465.7699
G1 X178.65 Y192.066 E465.77795
G1 X178.808 Y192.26 E465.78627
G1 X178.862 Y192.392 E465.79101
G1 X178.709 Y192.641 E465.80073
G1 X178.553 Y192.809 E465.80836
G1 X178.368 Y192.98 E465.81674
G1 X178.16 Y193.159 E465.82586
G1 X177.897 Y193.366 E465.837
G1 X177.437 Y193.756 E465.85705
G1 X177.217 Y193.967 E465.86719
G1 X177.016 Y194.181 E465.87696
G1 X176.785 Y194.441 E465.88853
G1 X176.612 Y194.674 E465.89818
G1 X176.442 Y194.91 E465.90785
G1 X176.29 Y195.148 E465.91724
G1 X176.158 Y195.387 E465.92633
G1 X176.077 Y195.541 E465.93211
G0 F9000 X176.301 Y194.685
;TYPE:SKIN
G1 F1800 X176.36 Y194.462 E465.93455
G1 X176.746 Y193.434 E465.94614
G0 F9000 X176.651 Y193.339
G0 X176.76 Y191.468
G0 X176.706 Y191.414
G1 F1800 X176.823 Y191.247 E465.95501
G0 F9000 X176.957 Y191.381
G0 X176.482 Y190.431
G0 X176.391 Y190.251
G1 F1800 X176.288 Y190.43 E465.96337
G0 F9000 X176.347 Y190.742
G1 F1440 E464.46337
G0 F9000 X176.377 Y190.742
G0 X176.282 Y189.996
G0 X177.001 Y189.127
G0 X177.034 Y183.903
G0 X176.283 Y183.093
G0 X176.477 Y182.5
;TYPE:WALL-INNER
G1 F1440 E465.96337
G1 F1800 X176.477 Y182.226 E465.97249
G1 X176.477 Y182.031 E465.97897
G1 X176.477 Y179.375 E466.06731
G1 X176.477 Y179.23 E466.07214
G1 X176.477 Y178.896 E466.08324
G1 X176.758 Y179.23 E466.08995
G1 X176.859 Y179.334 E466.09411
G1 X176.968 Y179.447 E466.09933
G1 X177.181 Y179.643 E466.10896
G1 X177.766 Y180.134 E466.13436
G1 X178.009 Y180.327 E466.14468
G1 X178.156 Y180.462 E466.15132
G1 X178.201 Y180.503 E466.15335
G1 X178.388 Y180.711 E466.16265
G1 X178.344 Y180.754 E466.1647
G1 X178.098 Y180.999 E466.17624
G1 X177.914 Y181.158 E466.18433
G1 X177.644 Y181.37 E466.19575
G1 X177.169 Y181.775 E466.21651
G1 X176.933 Y182 E466.22736
G1 X176.854 Y182.084 E466.23119
G1 X176.721 Y182.226 E466.23649
G1 X176.477 Y182.5 E466.24176
G0 F9000 X176.307 Y183.017
G0 X176.077 Y183.856
;TYPE:WALL-OUTER
G1 F1800 X176.077 Y177.553 E466.4514
G1 X176.121 Y177.648 E466.45488
G1 X176.255 Y177.879 E466.46376
G1 X176.451 Y178.193 E466.47607
G1 X176.631 Y178.454 E466.48662
G1 X176.864 Y178.736 E466.49879
G1 X177.055 Y178.961 E466.5086
G1 X177.248 Y179.161 E466.51785
G1 X177.445 Y179.343 E466.52677
G1 X178.019 Y179.824 E466.55168
G1 X178.276 Y180.028 E466.56259
G1 X178.472 Y180.208 E466.57144
G1 X178.653 Y180.385 E466.57986
G1 X178.861 Y180.703 E466.5925
G1 X178.709 Y180.956 E466.60232
G1 X178.373 Y181.29 E466.61807
G1 X178.161 Y181.473 E466.62739
G1 X177.897 Y181.68 E466.63855
G1 X177.437 Y182.072 E466.65865
G1 X177.217 Y182.282 E466.66876
G1 X177.016 Y182.496 E466.67853
G1 X176.785 Y182.756 E466.6901
G1 X176.612 Y182.989 E466.69975
G1 X176.442 Y183.225 E466.70942
G1 X176.29 Y183.462 E466.71879
G1 X176.077 Y183.856 E466.73368
G0 F9000 X176.282 Y183.07
;TYPE:SKIN
G1 F1800 X176.342 Y182.847 E466.73582
G1 X176.491 Y182.713 E466.73767
G1 X176.724 Y181.816 E466.74623
G1 X176.898 Y181.706 E466.74814
G0 F9000 X176.94 Y181.749
G0 X176.697 Y179.808
G0 X176.674 Y179.785
G1 F1800 X176.772 Y179.6 E466.75493
G0 F9000 X176.465 Y178.728
G1 F1800 X176.252 Y178.514 E466.75995
G1 F1440 E465.25995
G0 F9000 X176.33 Y178.545
G0 X176.99 Y177.425
G0 X177.034 Y172.218
G0 X176.283 Y171.408
G0 X176.477 Y170.815
;TYPE:WALL-INNER
G1 F1440 E466.75995
G1 F1800 X176.477 Y170.541 E466.76907
G1 X176.477 Y170.346 E466.77555
G1 X176.477 Y167.705 E466.86339
G1 X176.477 Y167.467 E466.87131
G1 X176.477 Y167.214 E466.87972
G1 X176.687 Y167.467 E466.88394
G1 X176.85 Y167.64 E466.8901
G1 X176.891 Y167.684 E466.8921
G1 X176.972 Y167.765 E466.89591
G1 X177.181 Y167.958 E466.90537
G1 X177.766 Y168.449 E466.93078
G1 X178.009 Y168.642 E466.9411
G1 X178.156 Y168.777 E466.94774
G1 X178.201 Y168.818 E466.94976
G1 X178.395 Y169.017 E466.959
G1 X178.392 Y169.022 E466.9592
G1 X178.348 Y169.065 E466.96124
G1 X178.098 Y169.314 E466.97298
G1 X177.904 Y169.482 E466.98151
G1 X177.643 Y169.685 E466.99251
G1 X177.169 Y170.089 E467.01323
G1 X176.933 Y170.316 E467.02412
G1 X176.854 Y170.4 E467.02795
G1 X176.721 Y170.541 E467.03323
G1 X176.477 Y170.815 E467.0385
G0 F9000 X176.307 Y171.332
G0 X176.077 Y172.171
;TYPE:WALL-OUTER
G1 F1800 X176.077 Y165.868 E467.24814
G1 X176.121 Y165.963 E467.25162
G1 X176.255 Y166.194 E467.2605
G1 X176.451 Y166.508 E467.27281
G1 X176.631 Y166.768 E467.28333
G1 X176.797 Y166.974 E467.29213
G1 X176.987 Y167.202 E467.302
G1 X177.178 Y167.406 E467.3113
G1 X177.249 Y167.477 E467.31464
G1 X177.445 Y167.658 E467.32351
G1 X178.019 Y168.139 E467.34842
G1 X178.276 Y168.343 E467.35933
G1 X178.472 Y168.523 E467.36818
G1 X178.653 Y168.7 E467.3766
G1 X178.808 Y168.89 E467.38476
G1 X178.861 Y169.022 E467.38949
G1 X178.709 Y169.272 E467.39922
G1 X178.373 Y169.605 E467.41496
G1 X178.161 Y169.788 E467.42427
G1 X177.896 Y169.995 E467.43545
G1 X177.437 Y170.386 E467.45551
G1 X177.217 Y170.597 E467.46565
G1 X177.016 Y170.811 E467.47541
G1 X176.785 Y171.071 E467.48698
G1 X176.612 Y171.304 E467.49663
G1 X176.442 Y171.54 E467.50631
G1 X176.29 Y171.777 E467.51567
G1 X176.077 Y172.171 E467.53057
G0 F9000 X176.323 Y171.232
;TYPE:SKIN
G1 F1800 X176.402 Y171.028 E467.53343
G1 X176.799 Y170.011 E467.54769
G0 F9000 X176.896 Y170.107
G0 X176.832 Y168.064
G1 F1800 X176.651 Y167.883 E467.55195
G0 F9000 X176.327 Y166.993
G1 F1800 X176.371 Y166.754 E467.56114
G1 F1440 E466.06114
G0 F9000 X176.311 Y166.744
G0 X176.99 Y165.74
G0 X177.034 Y160.533
G0 X176.283 Y159.723
G0 X176.477 Y159.13
;TYPE:WALL-INNER
G1 F1440 E467.56114
G1 F1800 X176.477 Y158.856 E467.57026
G1 X176.477 Y158.661 E467.57674
G1 X176.477 Y156.004 E467.66511
G1 X176.477 Y155.86 E467.6699
G1 X176.477 Y155.623 E467.67779
G1 X176.477 Y155.526 E467.68101
G1 X176.557 Y155.623 E467.68205
G1 X176.759 Y155.86 E467.68772
G1 X176.859 Y155.963 E467.69185
G1 X176.968 Y156.076 E467.69707
G1 X177.179 Y156.273 E467.70667
G1 X177.766 Y156.764 E467.73212
G1 X178.009 Y156.957 E467.74244
G1 X178.152 Y157.088 E467.74889
G1 X178.194 Y157.126 E467.75078
G1 X178.389 Y157.34 E467.76041
G1 X178.349 Y157.38 E467.76229
G1 X178.098 Y157.629 E467.77405
G1 X177.904 Y157.797 E467.78258
G1 X177.643 Y158 E467.79358
G1 X177.169 Y158.404 E467.8143
G1 X176.933 Y158.631 E467.82519
G1 X176.854 Y158.715 E467.82902
G1 X176.721 Y158.856 E467.8343
G1 X176.477 Y159.13 E467.83957
G0 F9000 X176.307 Y159.647
G0 X176.077 Y160.486
;TYPE:WALL-OUTER
G1 F1800 X176.077 Y154.182 E468.04924
G1 X176.121 Y154.278 E468.05275
G1 X176.255 Y154.509 E468.06163
G1 X176.451 Y154.822 E468.07392
G1 X176.631 Y155.083 E468.08446
G1 X176.864 Y155.366 E468.09665
G1 X177.055 Y155.591 E468.10647
G1 X177.248 Y155.79 E468.11569
G1 X177.444 Y155.973 E468.12461
G1 X178.019 Y156.454 E468.14954
G1 X178.276 Y156.658 E468.16046
G1 X178.472 Y156.838 E468.16931
G1 X178.807 Y157.205 E468.18584
G1 X178.861 Y157.348 E468.19092
G1 X178.709 Y157.587 E468.20034
G1 X178.373 Y157.92 E468.21607
G1 X178.161 Y158.103 E468.22539
G1 X177.896 Y158.31 E468.23657
G1 X177.437 Y158.701 E468.25663
G1 X177.217 Y158.912 E468.26677
G1 X177.016 Y159.126 E468.27653
G1 X176.785 Y159.386 E468.2881
G1 X176.612 Y159.619 E468.29775
G1 X176.442 Y159.855 E468.30742
G1 X176.29 Y160.092 E468.31679
G1 X176.077 Y160.486 E468.33169
G0 F9000 X176.304 Y159.616
;TYPE:SKIN
G1 F1800 X176.363 Y159.393 E468.33429
G1 X176.75 Y158.366 E468.34667
G0 F9000 X176.65 Y158.266
G0 X176.773 Y156.409
G0 X176.712 Y156.347
G1 F1800 X176.725 Y156.077 E468.34954
G1 X176.934 Y156.286 E468.35267
G0 F9000 X176.971 Y156.323
G0 X176.485 Y155.377
G0 X176.397 Y155.184
G1 F1800 X176.293 Y155.362 E468.36154
G0 F9000 X176.345 Y155.679
G1 F1440 E466.86154
G0 F9000 X176.377 Y155.679
G0 X176.282 Y154.94
G0 X176.989 Y154.054
G0 X177.034 Y148.848
G0 X176.283 Y148.038
G0 X176.477 Y147.443
;TYPE:WALL-INNER
G1 F1440 E468.36154
G1 F1800 X176.477 Y147.17 E468.37062
G1 X176.477 Y146.974 E468.37714
G1 X176.478 Y146.592 E468.38985
G1 X176.478 Y146.392 E468.3965
G1 X176.678 Y146.393 E468.4008
G1 X177.077 Y146.396 E468.41407
G1 X177.171 Y146.396 E468.4172
G1 X177.545 Y146.399 E468.42964
G1 X177.169 Y146.719 E468.43799
G1 X177.101 Y146.783 E468.44082
G1 X176.933 Y146.944 E468.44856
G1 X176.855 Y147.027 E468.45235
G1 X176.721 Y147.17 E468.45768
G1 X176.477 Y147.443 E468.46295
G0 F9000 X176.307 Y147.962
G0 X176.077 Y148.8
;TYPE:WALL-OUTER
G1 F1800 X176.078 Y145.99 E468.55641
G1 X178.656 Y146.006 E468.64216
G1 X178.454 Y146.183 E468.65109
G1 X178.223 Y146.37 E468.66098
G1 X177.897 Y146.625 E468.67474
G1 X177.437 Y147.016 E468.69482
G1 X177.217 Y147.226 E468.70494
G1 X177.016 Y147.44 E468.7147
G1 X176.784 Y147.7 E468.72629
G1 X176.442 Y148.17 E468.74563
G1 X176.29 Y148.407 E468.75499
G1 X176.077 Y148.8 E468.76986
G0 F9000 X176.286 Y148.002
;TYPE:SKIN
G1 F1800 X176.345 Y147.778 E468.77167
G1 X176.508 Y147.658 E468.77326
G1 X176.728 Y146.747 E468.78059
G1 X176.891 Y146.627 E468.78218
G1 X177.753 Y146.358 E468.78924
G0 F9000 X177.999 Y146.321
G1 F1800 X177.854 Y146.175 E468.79267
G1 F1440 E467.29267
;MESH:NONMESH
G0 F300 X177.854 Y146.175 Z5.6
G0 F9000 X177.843 Y146.287
G0 X177.29 Y146.853
G0 X177.833 Y147.833
G0 X176.31 Y150.57
G0 X175.222 Y150.383
G0 X173.496 Y146.853
G0 X172.411 Y146.853
G0 X172.331 Y203.595
G0 X172.389 Y203.595
;TIME_ELAPSED:859.284904
;LAYER:27
;TYPE:WALL-INNER
;MESH:Vertical_Tension_Member.stl
G1 F1440 E468.79267
G1 F1800 X172.189 Y203.594 E468.79932
G1 X171.292 Y203.589 E468.82915
G1 X171.292 Y146.565 E470.72578
G1 X171.292 Y146.365 E470.73243
G1 X171.492 Y146.365 E470.73674
G1 X172.389 Y146.37 E470.76657
G1 X172.389 Y203.395 E472.66323
G1 X172.389 Y203.595 E472.66753
G0 F9000 X172.789 Y203.998
;TYPE:WALL-OUTER
G1 F1800 X171.376 Y203.989 E472.71453
G1 X170.892 Y203.989 E472.73063
G1 X170.892 Y145.964 E474.66055
G1 X172.789 Y145.971 E474.72364
G1 X172.789 Y203.998 E476.65363
G0 F9000 X172.519 Y203.727
G0 X172.309 Y200.651
;TYPE:FILL
G1 F3600 X171.371 Y199.713 E476.69775
G0 F9000 X171.371 Y192.493
G1 F3600 X172.308 Y192.242 E476.73001
G0 F9000 X172.309 Y183.68
G1 F3600 X171.371 Y182.743 E476.77411
G0 F9000 X171.372 Y180.07
G1 F3600 X172.307 Y179.819 E476.80631
G0 F9000 X171.371 Y173.243
G1 F3600 X172.308 Y169.746 E476.92672
G0 F9000 X171.371 Y167.647
G1 F3600 X172.307 Y167.396 E476.95895
G0 F9000 X172.309 Y166.71
G1 F3600 X171.371 Y165.772 E477.00307
G0 F9000 X171.371 Y155.223
G1 F3600 X172.308 Y154.972 E477.03534
G0 F9000 X172.309 Y149.739
G1 F3600 X171.371 Y148.802 E477.07943
G0 F9000 X171.492 Y148.802
G1 F1440 E475.57943
G0 F9000 X172.569 Y203.628
G0 X173.654 Y203.628
G0 X175.055 Y203.631
G0 X176.14 Y203.631
G0 X177.959 Y203.628
;TYPE:WALL-INNER
G1 F1440 E477.07943
G1 F1800 X177.727 Y203.627 E477.08715
G1 X177.512 Y203.625 E477.0943
G1 X177.453 Y203.625 E477.09626
G1 X176.32 Y203.617 E477.13395
G1 X176.32 Y202.557 E477.1692
G1 X176.32 Y202.302 E477.17768
G1 X176.321 Y202.04 E477.1864
G1 X176.53 Y202.302 E477.19064
G1 X176.695 Y202.495 E477.1972
G1 X176.755 Y202.565 E477.20027
G1 X176.966 Y202.783 E477.21036
G1 X177.173 Y202.981 E477.21989
G1 X177.469 Y203.231 E477.23277
G1 X177.514 Y203.269 E477.23463
G1 X177.728 Y203.444 E477.24228
G1 X177.959 Y203.628 E477.24571
G0 F9000 X178.424 Y203.796
G0 X179.009 Y204.034
;TYPE:WALL-OUTER
G1 F1800 X175.92 Y204.015 E477.34845
G1 X175.921 Y200.518 E477.46477
G1 X176.038 Y200.774 E477.47413
G1 X176.163 Y201.038 E477.48384
G1 X176.314 Y201.298 E477.49384
G1 X176.455 Y201.521 E477.50262
G1 X176.629 Y201.784 E477.51311
G1 X176.839 Y202.047 E477.5243
G1 X177.051 Y202.296 E477.53518
G1 X177.248 Y202.499 E477.54459
G1 X177.441 Y202.683 E477.55345
G1 X177.77 Y202.962 E477.5678
G1 X177.979 Y203.133 E477.57678
G1 X178.305 Y203.392 E477.59063
G1 X178.517 Y203.567 E477.59977
G1 X178.701 Y203.726 E477.60786
G1 X178.884 Y203.897 E477.61619
G1 X179.009 Y204.034 E477.62236
G0 F9000 X178.424 Y203.796
G0 X177.421 Y203.296
;TYPE:FILL
G1 F3600 X176.519 Y203.537 E477.65341
G0 F9000 X177.086 Y203.336
;TYPE:SKIN
G1 F1800 X177.303 Y203.402 E477.65566
G1 X176.556 Y202.735 E477.66557
G1 X176.337 Y201.822 E477.67487
G1 X176.137 Y201.456 E477.679
G0 F9000 X176.17 Y201.481
G0 X176.655 Y202.199
G0 X177.199 Y202.735
G0 X178.178 Y203.675
G0 X178.171 Y203.665
G1 F1800 X178.338 Y203.78 E477.68654
G1 F1440 E476.18654
G0 F9000 X178.33 Y203.73
G0 X177.294 Y202.846
G0 X177.855 Y201.883
G0 X177.036 Y195.636
G0 X176.125 Y195.076
G0 X176.32 Y194.428
;TYPE:WALL-INNER
G1 F1440 E477.68654
G1 F1800 X176.32 Y194.186 E477.69459
G1 X176.32 Y193.905 E477.70394
G1 X176.32 Y190.846 E477.80568
G1 X176.32 Y190.75 E477.80888
G1 X176.32 Y190.529 E477.81623
G1 X176.321 Y190.346 E477.82231
G1 X176.461 Y190.529 E477.82461
G1 X176.646 Y190.75 E477.83089
G1 X176.709 Y190.822 E477.8338
G1 X176.845 Y190.976 E477.84063
G1 X177.086 Y191.216 E477.85195
G1 X177.615 Y191.671 E477.87515
G1 X178.08 Y192.046 E477.89502
G1 X178.273 Y192.234 E477.90398
G1 X178.403 Y192.361 E477.91003
G1 X178.425 Y192.391 E477.91127
G1 X178.297 Y192.52 E477.91731
G1 X178.145 Y192.672 E477.92446
G1 X177.973 Y192.82 E477.93201
G1 X177.681 Y193.052 E477.94441
G1 X177.45 Y193.245 E477.95442
G1 X177.187 Y193.472 E477.96598
G1 X176.964 Y193.684 E477.97621
G1 X176.77 Y193.889 E477.9856
G1 X176.691 Y193.977 E477.98953
G1 X176.504 Y194.186 E477.99651
G1 X176.32 Y194.428 E478
G1 F1440 E476.5
G0 F9000 X176.146 Y194.999
G0 X175.92 Y195.948
;TYPE:WALL-OUTER
G1 F1440 E478
G1 F1800 X175.921 Y188.826 E478.23688
G1 X175.953 Y188.903 E478.23966
G1 X176.06 Y189.137 E478.24821
G1 X176.207 Y189.438 E478.25936
G1 X176.369 Y189.708 E478.26983
G1 X176.585 Y190.032 E478.28278
G1 X176.774 Y190.279 E478.29312
G1 X176.95 Y190.49 E478.30226
G1 X177.136 Y190.702 E478.31164
G1 X177.358 Y190.922 E478.32204
G1 X177.871 Y191.364 E478.34456
G1 X178.351 Y191.751 E478.36507
G1 X178.529 Y191.918 E478.37319
G1 X178.712 Y192.104 E478.38187
G1 X178.897 Y192.366 E478.39253
G1 X178.757 Y192.621 E478.40221
G1 X178.602 Y192.79 E478.40984
G1 X178.42 Y192.963 E478.41819
G1 X178.222 Y193.133 E478.42687
G1 X177.934 Y193.362 E478.4391
G1 X177.709 Y193.55 E478.44886
G1 X177.456 Y193.769 E478.45999
G1 X177.247 Y193.967 E478.46956
G1 X177.064 Y194.16 E478.47841
G1 X176.813 Y194.441 E478.49094
G1 X176.621 Y194.693 E478.50148
G1 X176.445 Y194.944 E478.51167
G1 X176.28 Y195.217 E478.52228
G1 X176.136 Y195.489 E478.53252
G1 X175.991 Y195.774 E478.54315
G1 X175.92 Y195.948 E478.5494
G0 F9000 X176.146 Y194.999
G0 X176.4 Y191.146
;TYPE:FILL
G1 F3600 X176.797 Y191.04 E478.56307
G0 F9000 X176.578 Y191.115
;TYPE:SKIN
G1 F1800 X176.772 Y191.204 E478.56829
G0 F9000 X176.8 Y191.177
G0 X176.22 Y190.186
G0 X176.209 Y190.071
G1 F1800 X176.153 Y189.844 E478.5764
G0 F9000 X176.22 Y189.903
G0 X176.708 Y193.532
G1 F1800 X176.495 Y193.745 E478.58141
G0 F9000 X176.166 Y194.639
G1 F1800 X176.263 Y194.826 E478.59268
G0 F9000 X176.52 Y194.415
G1 F1440 E477.09268
G0 F9000 X176.481 Y194.384
G0 X176.126 Y189.702
G0 X176.965 Y189.021
G0 X176.9 Y184.207
G0 X176.125 Y183.39
G0 X176.32 Y182.743
;TYPE:WALL-INNER
G1 F1440 E478.59268
G1 F1800 X176.32 Y182.502 E478.6007
G1 X176.32 Y182.22 E478.61008
G1 X176.32 Y179.161 E478.71182
G1 X176.32 Y179.065 E478.71502
G1 X176.32 Y178.844 E478.72237
G1 X176.321 Y178.661 E478.72845
G1 X176.461 Y178.844 E478.73075
G1 X176.646 Y179.065 E478.73703
G1 X176.709 Y179.137 E478.73994
G1 X176.845 Y179.291 E478.74677
G1 X177.086 Y179.531 E478.75809
G1 X177.615 Y179.986 E478.78129
G1 X178.08 Y180.361 E478.80116
G1 X178.405 Y180.677 E478.81624
G1 X178.424 Y180.704 E478.81734
G1 X178.149 Y180.982 E478.83034
G1 X177.973 Y181.135 E478.8381
G1 X177.681 Y181.367 E478.8505
G1 X177.449 Y181.561 E478.86056
G1 X177.079 Y181.883 E478.87688
G1 X176.84 Y182.125 E478.88819
G1 X176.691 Y182.292 E478.89563
G1 X176.503 Y182.502 E478.90263
G1 X176.32 Y182.743 E478.90608
G1 F1440 E477.40608
G0 F9000 X176.146 Y183.313
G0 X175.92 Y184.263
;TYPE:WALL-OUTER
G1 F1440 E478.90608
G1 F1800 X175.921 Y177.141 E479.14296
G1 X175.953 Y177.218 E479.14574
G1 X176.06 Y177.452 E479.15429
G1 X176.207 Y177.753 E479.16544
G1 X176.369 Y178.023 E479.17591
G1 X176.585 Y178.347 E479.18886
G1 X176.774 Y178.594 E479.1992
G1 X176.95 Y178.805 E479.20834
G1 X177.136 Y179.017 E479.21772
G1 X177.358 Y179.237 E479.22812
G1 X177.871 Y179.679 E479.25064
G1 X178.351 Y180.066 E479.27115
G1 X178.529 Y180.233 E479.27927
G1 X178.712 Y180.419 E479.28794
G1 X178.897 Y180.679 E479.29856
G1 X178.757 Y180.936 E479.30829
G1 X178.426 Y181.272 E479.32398
G1 X178.222 Y181.448 E479.33294
G1 X177.934 Y181.677 E479.34518
G1 X177.709 Y181.865 E479.35493
G1 X177.353 Y182.175 E479.37063
G1 X177.131 Y182.399 E479.38112
G1 X176.812 Y182.756 E479.39704
G1 X176.621 Y183.008 E479.40756
G1 X176.445 Y183.259 E479.41776
G1 X176.28 Y183.531 E479.42834
G1 X176.135 Y183.803 E479.43859
G1 X175.991 Y184.089 E479.44924
G1 X175.92 Y184.263 E479.45549
G0 F9000 X176.177 Y183.315
;TYPE:SKIN
G1 F1800 X176.2 Y183.01 E479.46381
G0 F9000 X176.634 Y182.01
G1 F1800 X176.534 Y181.826 E479.47221
G0 F9000 X176.495 Y181.866
G0 X176.495 Y179.603
G0 X176.599 Y179.499
G1 F1800 X176.533 Y179.282 E479.47514
G1 X176.171 Y178.23 E479.4895
G1 F1440 E477.9895
G0 F9000 X176.204 Y178.316
G0 X176.126 Y178.017
G0 X176.965 Y177.336
G0 X176.9 Y172.522
G0 X176.126 Y171.703
G0 X176.321 Y171.057
;TYPE:WALL-INNER
G1 F1440 E479.4895
G1 F1800 X176.321 Y170.817 E479.49748
G1 X176.321 Y170.533 E479.50693
G1 X176.321 Y167.478 E479.60854
G1 X176.321 Y167.38 E479.6118
G1 X176.321 Y167.159 E479.61915
G1 X176.321 Y166.976 E479.62524
G1 X176.461 Y167.159 E479.62753
G1 X176.646 Y167.38 E479.63379
G1 X176.71 Y167.453 E479.63674
G1 X176.845 Y167.606 E479.64352
G1 X177.086 Y167.845 E479.65481
G1 X177.304 Y168.035 E479.66443
G1 X177.617 Y168.302 E479.67811
G1 X177.864 Y168.5 E479.68864
G1 X178.084 Y168.68 E479.6981
G1 X178.405 Y168.991 E479.71296
G1 X178.424 Y169.018 E479.71406
G1 X178.149 Y169.297 E479.72709
G1 X177.974 Y169.449 E479.7348
G1 X177.681 Y169.681 E479.74723
G1 X177.449 Y169.876 E479.75731
G1 X177.079 Y170.198 E479.77362
G1 X176.84 Y170.44 E479.78494
G1 X176.692 Y170.605 E479.79231
G1 X176.503 Y170.817 E479.79936
G1 X176.321 Y171.057 E479.80279
G1 F1440 E478.30279
G0 F9000 X176.147 Y171.626
G0 X175.921 Y172.576
;TYPE:WALL-OUTER
G1 F1440 E479.80279
G1 F1800 X175.921 Y165.456 E480.0396
G1 X175.953 Y165.533 E480.04237
G1 X176.06 Y165.767 E480.05093
G1 X176.207 Y166.068 E480.06207
G1 X176.369 Y166.338 E480.07254
G1 X176.585 Y166.662 E480.08549
G1 X176.774 Y166.909 E480.09584
G1 X176.95 Y167.12 E480.10498
G1 X177.136 Y167.332 E480.11436
G1 X177.358 Y167.552 E480.12475
G1 X177.565 Y167.732 E480.13388
G1 X177.872 Y167.994 E480.1473
G1 X178.117 Y168.19 E480.15774
G1 X178.351 Y168.381 E480.16778
G1 X178.53 Y168.549 E480.17595
G1 X178.712 Y168.733 E480.18456
G1 X178.897 Y168.994 E480.1952
G1 X178.757 Y169.251 E480.20493
G1 X178.426 Y169.587 E480.22062
G1 X178.222 Y169.763 E480.22958
G1 X177.934 Y169.991 E480.2418
G1 X177.709 Y170.18 E480.25157
G1 X177.353 Y170.49 E480.26727
G1 X177.131 Y170.714 E480.27776
G1 X176.812 Y171.071 E480.29368
G1 X176.621 Y171.323 E480.3042
G1 X176.445 Y171.574 E480.3144
G1 X176.28 Y171.846 E480.32498
G1 X176.135 Y172.118 E480.33523
G1 X175.991 Y172.404 E480.34588
G1 X175.921 Y172.576 E480.35206
G0 F9000 X176.147 Y171.626
G0 X176.233 Y171.379
;TYPE:SKIN
G1 F1800 X176.127 Y171.203 E480.36004
G0 F9000 X176.221 Y171.235
G0 X176.495 Y170.269
G1 F1800 X176.636 Y170.128 E480.36336
G0 F9000 X176.563 Y167.939
G0 X176.654 Y167.847
G1 F1800 X176.553 Y167.665 E480.36571
G1 X176.326 Y166.761 E480.37628
G1 X176.133 Y166.389 E480.38103
G1 F1440 E478.88103
G0 F9000 X176.171 Y166.46
G0 X176.965 Y165.651
G0 X176.9 Y160.837
G0 X176.125 Y160.02
G0 X176.32 Y159.373
;TYPE:WALL-INNER
G1 F1440 E480.38103
G1 F1800 X176.32 Y159.132 E480.38904
G1 X176.32 Y158.85 E480.39842
G1 X176.32 Y155.818 E480.49927
G1 X176.32 Y155.55 E480.50818
G1 X176.321 Y155.299 E480.51653
G1 X176.52 Y155.55 E480.52046
G1 X176.694 Y155.753 E480.52727
G1 X176.755 Y155.824 E480.53038
G1 X176.966 Y156.042 E480.54047
G1 X177.174 Y156.24 E480.55002
G1 X177.572 Y156.577 E480.56737
G1 X177.784 Y156.752 E480.57651
G1 X178 Y156.926 E480.58574
G1 X178.157 Y157.061 E480.59262
G1 X178.173 Y157.074 E480.59331
G1 X178.354 Y157.251 E480.60173
G1 X178.423 Y157.333 E480.60529
G1 X178.409 Y157.348 E480.60598
G1 X178.155 Y157.608 E480.61807
G1 X177.974 Y157.764 E480.62601
G1 X177.681 Y157.996 E480.63844
G1 X177.449 Y158.191 E480.64852
G1 X177.079 Y158.513 E480.66484
G1 X176.84 Y158.755 E480.67615
G1 X176.691 Y158.922 E480.68359
G1 X176.503 Y159.132 E480.69059
G1 X176.32 Y159.373 E480.69404
G1 F1440 E479.19404
G0 F9000 X176.146 Y159.943
G0 X175.92 Y160.893
;TYPE:WALL-OUTER
G1 F1440 E480.69404
G1 F1800 X175.921 Y153.771 E480.93092
G1 X175.953 Y153.848 E480.9337
G1 X176.06 Y154.081 E480.94222
G1 X176.207 Y154.383 E480.9534
G1 X176.368 Y154.652 E480.96382
G1 X176.533 Y154.905 E480.97387
G1 X176.63 Y155.045 E480.97953
G1 X176.829 Y155.295 E480.99016
G1 X177.051 Y155.555 E481.00153
G1 X177.248 Y155.758 E481.01094
G1 X177.441 Y155.942 E481.01981
G1 X177.829 Y156.27 E481.03671
G1 X178.037 Y156.442 E481.04569
G1 X178.251 Y156.614 E481.05482
G1 X178.446 Y156.781 E481.06336
G1 X178.645 Y156.976 E481.07262
G1 X178.813 Y157.173 E481.08123
G1 X178.895 Y157.316 E481.08672
G1 X178.76 Y157.56 E481.09599
G1 X178.426 Y157.902 E481.11189
G1 X178.222 Y158.078 E481.12085
G1 X177.934 Y158.306 E481.13307
G1 X177.709 Y158.495 E481.14284
G1 X177.353 Y158.805 E481.15854
G1 X177.131 Y159.029 E481.16903
G1 X176.812 Y159.386 E481.18496
G1 X176.621 Y159.638 E481.19547
G1 X176.445 Y159.889 E481.20567
G1 X176.28 Y160.161 E481.21625
G1 X176.135 Y160.433 E481.2265
G1 X175.991 Y160.719 E481.23715
G1 X175.92 Y160.893 E481.2434
G0 F9000 X176.265 Y159.751
;TYPE:SKIN
G1 F1800 X176.159 Y159.574 E481.25451
G0 F9000 X176.22 Y159.64
G0 X176.494 Y158.674
G1 F1800 X176.698 Y158.47 E481.25931
G0 F9000 X176.718 Y156.187
G0 X176.754 Y156.151
G1 F1800 X176.573 Y156.048 E481.26108
G1 X176.406 Y155.083 E481.26942
G1 X176.149 Y154.775 E481.27284
G1 F1440 E479.77284
G0 F9000 X176.17 Y154.819
G0 X176.966 Y153.966
G0 X176.953 Y149.045
G0 X176.124 Y148.333
G0 X176.32 Y147.694
;TYPE:WALL-INNER
G1 F1440 E481.27284
G1 F1800 X176.32 Y147.628 E481.27503
G1 X176.32 Y147.382 E481.28321
G1 X176.32 Y147.177 E481.29003
G1 X176.321 Y146.391 E481.31618
G1 X177.112 Y146.396 E481.34248
G1 X177.19 Y146.396 E481.34508
G1 X177.449 Y146.398 E481.35369
G1 X177.576 Y146.399 E481.35792
G1 X177.449 Y146.506 E481.35949
G1 X177.188 Y146.732 E481.36679
G1 X177.132 Y146.785 E481.36916
G1 X176.964 Y146.943 E481.37684
G1 X176.769 Y147.151 E481.38632
G1 X176.698 Y147.23 E481.38985
G1 X176.562 Y147.382 E481.39538
G1 X176.368 Y147.628 E481.4002
G1 X176.32 Y147.694 E481.40071
G1 F1440 E479.90071
G0 F9000 X176.143 Y148.255
G0 X175.92 Y149.208
;TYPE:WALL-OUTER
G1 F1440 E481.40071
G1 F1800 X175.921 Y145.989 E481.50778
G1 X178.688 Y146.006 E481.59981
G1 X178.42 Y146.235 E481.61154
G1 X178.184 Y146.426 E481.62163
G1 X177.935 Y146.62 E481.63213
G1 X177.709 Y146.81 E481.64195
G1 X177.456 Y147.029 E481.65308
G1 X177.247 Y147.226 E481.66263
G1 X177.064 Y147.421 E481.67153
G1 X176.868 Y147.64 E481.6813
G1 X176.687 Y147.869 E481.69101
G1 X176.536 Y148.079 E481.69962
G1 X176.355 Y148.341 E481.71021
G1 X176.196 Y148.627 E481.72109
G1 X176.052 Y148.901 E481.73139
G1 X175.928 Y149.185 E481.74169
G1 X175.92 Y149.208 E481.7425
G0 F9000 X176.187 Y148.232
;TYPE:SKIN
G1 F1800 X176.19 Y147.947 E481.75132
G0 F9000 X176.495 Y147.076
G1 F1800 X177.002 Y146.569 E481.76324
G0 F9000 X176.72 Y146.568
G1 F1800 X176.495 Y146.793 E481.76853
G0 F9000 X177.747 Y146.388
G0 X177.743 Y146.394
G1 F1800 X177.961 Y146.175 E481.77367
G1 F1440 E480.27367
;MESH:NONMESH
G0 F300 X177.961 Y146.175 Z5.8
G0 F9000 X177.922 Y146.251
G0 X177.567 Y146.643
G0 X178.034 Y147.67
G0 X176.279 Y151.345
G0 X175.1 Y151.278
G0 X173.654 Y146.643
G0 X172.569 Y146.643
G0 X172.489 Y203.596
G0 X172.601 Y203.596
;TIME_ELAPSED:885.373986
;LAYER:28
;TYPE:WALL-INNER
;MESH:Vertical_Tension_Member.stl
G1 F1440 E481.77367
G1 F1800 X172.401 Y203.596 E481.78032
G1 X171.095 Y203.589 E481.82376
G1 X171.095 Y146.566 E483.72035
G1 X171.095 Y146.366 E483.72701
G1 X171.295 Y146.366 E483.73131
G1 X172.601 Y146.371 E483.77475
G1 X172.601 Y203.396 E485.67141
G1 X172.601 Y203.596 E485.67572
G0 F9000 X173.001 Y203.999
;TYPE:WALL-OUTER
G1 F1800 X171.396 Y203.989 E485.7291
G1 X170.695 Y203.989 E485.75242
G1 X170.695 Y145.964 E487.68234
G1 X173.001 Y145.973 E487.75903
G1 X173.001 Y203.999 E489.68899
G0 F9000 X172.731 Y203.728
G0 X172.521 Y200.662
;TYPE:FILL
G1 F3600 X171.174 Y199.315 E489.75235
G0 F9000 X171.175 Y192.693
G1 F3600 X172.519 Y192.333 E489.79862
G0 F9000 X172.521 Y183.692
G1 F3600 X171.174 Y182.345 E489.86198
G0 F9000 X171.175 Y180.27
G1 F3600 X172.519 Y179.909 E489.90827
G0 F9000 X171.174 Y173.429
G1 F3600 X172.52 Y168.406 E490.08123
G0 F9000 X172.52 Y167.486
G1 F3600 X171.175 Y167.846 E490.12754
G0 F9000 X172.52 Y166.72
G1 F3600 X171.174 Y165.374 E490.19085
G0 F9000 X171.175 Y155.423
G1 F3600 X172.519 Y155.063 E490.23713
G0 F9000 X172.52 Y149.75
G1 F3600 X171.174 Y148.404 E490.30044
G0 F9000 X171.295 Y148.404
G1 F1440 E488.80044
G0 F9000 X172.781 Y148.047
G0 X173.866 Y148.047
G0 X174.841 Y148.047
G0 X175.827 Y148.047
G0 X176.107 Y148.047
;TYPE:WALL-INNER
G1 F1440 E490.30044
G1 F1800 X176.107 Y147.818 E490.30806
G1 X176.107 Y147.574 E490.31617
G1 X176.107 Y147.476 E490.31943
G1 X176.107 Y146.59 E490.3489
G1 X176.107 Y146.39 E490.35555
G1 X176.307 Y146.391 E490.35985
G1 X177.129 Y146.396 E490.38719
G1 X177.303 Y146.397 E490.39298
G1 X177.606 Y146.399 E490.40306
G1 X177.302 Y146.66 E490.40902
G1 X177.173 Y146.777 E490.4139
G1 X177.081 Y146.861 E490.41804
G1 X176.854 Y147.089 E490.42874
G1 X176.617 Y147.355 E490.44059
G1 X176.497 Y147.499 E490.44682
G1 X176.435 Y147.574 E490.44979
G1 X176.261 Y147.818 E490.45634
G1 X176.107 Y148.047 E490.45901
G1 F1440 E488.95901
G0 F9000 X175.81 Y149.269
G0 X175.707 Y149.921
;TYPE:WALL-OUTER
G1 F1440 E490.45901
G1 F1800 X175.707 Y145.988 E490.58982
G1 X178.721 Y146.006 E490.69007
G1 X178.586 Y146.125 E490.69606
G1 X178.393 Y146.284 E490.70437
G1 X177.859 Y146.71 E490.72709
G1 X177.566 Y146.96 E490.7399
G1 X177.357 Y147.15 E490.7493
G1 X177.145 Y147.363 E490.75929
G1 X176.92 Y147.616 E490.77056
G1 X176.752 Y147.818 E490.77929
G1 X176.59 Y148.046 E490.7886
G1 X176.425 Y148.291 E490.79842
G1 X176.275 Y148.545 E490.80823
G1 X176.147 Y148.784 E490.81725
G1 X176.01 Y149.059 E490.82747
G1 X175.897 Y149.335 E490.83739
G1 X175.788 Y149.646 E490.84835
G1 X175.707 Y149.921 E490.85788
G1 F1440 E489.35788
G0 F9000 X175.691 Y152.148
G0 X175.818 Y153.519
G0 X175.881 Y153.914
G0 X176.107 Y159.733
;TYPE:WALL-INNER
G1 F1440 E490.85788
G1 F1800 X176.107 Y159.503 E490.86553
G1 X176.107 Y159.26 E490.87362
G1 X176.107 Y159.161 E490.87691
G1 X176.107 Y155.504 E490.99854
G1 X176.107 Y155.412 E491.0016
G1 X176.107 Y155.173 E491.00955
G1 X176.107 Y154.934 E491.0175
G1 X176.265 Y155.173 E491.02031
G1 X176.439 Y155.412 E491.02687
G1 X176.498 Y155.482 E491.02968
G1 X176.709 Y155.735 E491.04063
G1 X176.943 Y155.987 E491.05207
G1 X177.16 Y156.199 E491.06216
G1 X177.591 Y156.569 E491.08105
G1 X178.045 Y156.934 E491.10043
G1 X178.208 Y157.076 E491.10762
G1 X178.234 Y157.098 E491.10875
G1 X178.405 Y157.271 E491.11684
G1 X178.427 Y157.293 E491.11788
G1 X178.44 Y157.362 E491.12021
G1 X178.416 Y157.386 E491.12134
G1 X178.231 Y157.569 E491.13
G1 X178.207 Y157.59 E491.13106
G1 X178.054 Y157.724 E491.13782
G1 X177.74 Y157.977 E491.15123
G1 X177.303 Y158.344 E491.17021
G1 X177.081 Y158.546 E491.1802
G1 X176.854 Y158.774 E491.1909
G1 X176.616 Y159.04 E491.20277
G1 X176.498 Y159.184 E491.20896
G1 X176.435 Y159.26 E491.21197
G1 X176.261 Y159.503 E491.2185
G1 X176.107 Y159.733 E491.22118
G1 F1440 E489.72118
G0 F9000 X175.81 Y160.955
G0 X175.707 Y161.607
;TYPE:WALL-OUTER
G1 F1440 E491.22118
G1 F1800 X175.707 Y153.061 E491.50542
G1 X175.764 Y153.256 E491.51218
G1 X175.879 Y153.592 E491.52399
G1 X175.993 Y153.87 E491.53398
G1 X176.108 Y154.118 E491.54308
G1 X176.232 Y154.373 E491.55251
G1 X176.395 Y154.646 E491.56308
G1 X176.593 Y154.944 E491.57498
G1 X176.755 Y155.166 E491.58412
G1 X177.009 Y155.471 E491.59732
G1 X177.229 Y155.708 E491.60808
G1 X177.43 Y155.904 E491.61742
G1 X177.846 Y156.261 E491.63565
G1 X178.062 Y156.433 E491.64483
G1 X178.307 Y156.632 E491.65533
G1 X178.512 Y156.81 E491.66436
G1 X178.738 Y157.038 E491.67504
G1 X178.926 Y157.327 E491.68651
G1 X178.893 Y157.43 E491.6901
G1 X178.738 Y157.63 E491.69852
G1 X178.51 Y157.856 E491.7092
G1 X178.312 Y158.029 E491.71794
G1 X177.994 Y158.286 E491.73154
G1 X177.566 Y158.645 E491.75012
G1 X177.357 Y158.835 E491.75952
G1 X177.145 Y159.048 E491.76951
G1 X176.92 Y159.301 E491.78077
G1 X176.752 Y159.504 E491.78954
G1 X176.59 Y159.731 E491.79881
G1 X176.425 Y159.977 E491.80866
G1 X176.275 Y160.23 E491.81845
G1 X176.147 Y160.469 E491.82746
G1 X176.01 Y160.744 E491.83768
G1 X175.897 Y161.02 E491.8476
G1 X175.788 Y161.331 E491.85856
G1 X175.707 Y161.607 E491.86813
G1 F1440 E490.36813
G0 F9000 X175.691 Y163.834
G0 X175.818 Y165.191
G0 X175.884 Y165.606
G0 X176.107 Y171.418
;TYPE:WALL-INNER
G1 F1440 E491.86813
G1 F1800 X176.107 Y171.188 E491.87578
G1 X176.107 Y170.945 E491.88386
G1 X176.107 Y170.847 E491.88712
G1 X176.107 Y167.189 E492.00879
G1 X176.107 Y167.097 E492.01185
G1 X176.107 Y166.858 E492.0198
G1 X176.107 Y166.619 E492.02774
G1 X176.265 Y166.858 E492.03055
G1 X176.439 Y167.097 E492.03712
G1 X176.498 Y167.167 E492.03992
G1 X176.709 Y167.42 E492.05088
G1 X176.943 Y167.672 E492.06232
G1 X177.16 Y167.884 E492.07241
G1 X177.589 Y168.253 E492.09123
G1 X178.098 Y168.666 E492.11303
G1 X178.402 Y168.954 E492.12696
G1 X178.425 Y168.976 E492.12802
G1 X178.441 Y169.046 E492.1304
G1 X178.231 Y169.254 E492.14023
G1 X178.207 Y169.275 E492.14129
G1 X178.054 Y169.409 E492.14806
G1 X177.74 Y169.662 E492.16147
G1 X177.303 Y170.029 E492.18045
G1 X177.081 Y170.23 E492.19041
G1 X176.875 Y170.435 E492.20008
G1 X176.617 Y170.725 E492.21299
G1 X176.497 Y170.87 E492.21925
G1 X176.435 Y170.945 E492.22221
G1 X176.261 Y171.188 E492.22875
G1 X176.107 Y171.418 E492.23142
G1 F1440 E490.73142
G0 F9000 X175.81 Y172.64
G0 X175.707 Y173.292
;TYPE:WALL-OUTER
G1 F1440 E492.23142
G1 F1800 X175.707 Y164.746 E492.51567
G1 X175.764 Y164.941 E492.52242
G1 X175.879 Y165.277 E492.53423
G1 X175.993 Y165.555 E492.54423
G1 X176.108 Y165.804 E492.55335
G1 X176.232 Y166.058 E492.56275
G1 X176.395 Y166.331 E492.57333
G1 X176.593 Y166.629 E492.58523
G1 X176.755 Y166.851 E492.59437
G1 X177.009 Y167.156 E492.60757
G1 X177.229 Y167.393 E492.61832
G1 X177.43 Y167.589 E492.62766
G1 X177.845 Y167.946 E492.64587
G1 X178.35 Y168.355 E492.66748
G1 X178.544 Y168.531 E492.6762
G1 X178.739 Y168.724 E492.68532
G1 X178.925 Y169.012 E492.69672
G1 X178.892 Y169.118 E492.70042
G1 X178.738 Y169.315 E492.70873
G1 X178.51 Y169.541 E492.71941
G1 X178.312 Y169.714 E492.72816
G1 X177.994 Y169.971 E492.74175
G1 X177.566 Y170.33 E492.76033
G1 X177.357 Y170.52 E492.76973
G1 X177.166 Y170.71 E492.77869
G1 X176.92 Y170.986 E492.79099
G1 X176.752 Y171.189 E492.79975
G1 X176.59 Y171.416 E492.80903
G1 X176.425 Y171.662 E492.81888
G1 X176.275 Y171.915 E492.82866
G1 X176.147 Y172.154 E492.83768
G1 X176.01 Y172.429 E492.8479
G1 X175.897 Y172.705 E492.85782
G1 X175.788 Y173.016 E492.86878
G1 X175.707 Y173.292 E492.87834
G1 F1440 E491.37834
G0 F9000 X175.691 Y175.519
G0 X175.817 Y176.912
G0 X175.885 Y177.291
G0 X176.106 Y183.105
;TYPE:WALL-INNER
G1 F1440 E492.87834
G1 F1800 X176.106 Y182.873 E492.88606
G1 X176.106 Y182.63 E492.89414
G1 X176.106 Y182.533 E492.89737
G1 X176.106 Y178.878 E493.01893
G1 X176.106 Y178.743 E493.02342
G1 X176.106 Y178.461 E493.0328
G1 X176.106 Y178.306 E493.03796
G1 X176.207 Y178.461 E493.03938
G1 X176.41 Y178.743 E493.04602
G1 X176.494 Y178.848 E493.04999
G1 X176.593 Y178.971 E493.05524
G1 X176.827 Y179.238 E493.06705
G1 X177.048 Y179.464 E493.07756
G1 X177.297 Y179.69 E493.08875
G1 X177.604 Y179.949 E493.10211
G1 X178.081 Y180.336 E493.12254
G1 X178.402 Y180.641 E493.13726
G1 X178.425 Y180.663 E493.13832
G1 X178.441 Y180.731 E493.14065
G1 X178.23 Y180.94 E493.15052
G1 X178.206 Y180.961 E493.15158
G1 X178.061 Y181.089 E493.15802
G1 X177.741 Y181.347 E493.17169
G1 X177.526 Y181.524 E493.18095
G1 X177.302 Y181.714 E493.19072
G1 X177.081 Y181.915 E493.20066
G1 X176.875 Y182.12 E493.21032
G1 X176.617 Y182.41 E493.22323
G1 X176.496 Y182.556 E493.22954
G1 X176.435 Y182.63 E493.23246
G1 X176.261 Y182.873 E493.23902
G1 X176.106 Y183.105 E493.24174
G1 F1440 E491.74174
G0 F9000 X175.809 Y184.327
G0 X175.706 Y184.979
;TYPE:WALL-OUTER
G1 F1440 E493.24174
G1 F1800 X175.706 Y176.43 E493.52609
G1 X175.764 Y176.626 E493.53288
G1 X175.879 Y176.963 E493.54473
G1 X175.993 Y177.24 E493.55469
G1 X176.108 Y177.489 E493.56381
G1 X176.232 Y177.743 E493.57321
G1 X176.394 Y178.015 E493.58374
G1 X176.537 Y178.235 E493.59247
G1 X176.728 Y178.501 E493.60336
G1 X176.899 Y178.713 E493.61242
G1 X177.121 Y178.966 E493.62362
G1 X177.326 Y179.176 E493.63338
G1 X177.561 Y179.389 E493.64393
G1 X177.859 Y179.641 E493.65691
G1 X178.35 Y180.04 E493.67795
G1 X178.544 Y180.216 E493.68666
G1 X178.739 Y180.41 E493.69581
G1 X178.925 Y180.697 E493.70718
G1 X178.892 Y180.803 E493.71088
G1 X178.738 Y181 E493.71919
G1 X178.51 Y181.226 E493.72987
G1 X178.312 Y181.4 E493.73864
G1 X177.994 Y181.657 E493.75224
G1 X177.783 Y181.831 E493.76133
G1 X177.566 Y182.015 E493.7708
G1 X177.357 Y182.205 E493.78019
G1 X177.166 Y182.395 E493.78915
G1 X176.92 Y182.671 E493.80145
G1 X176.752 Y182.874 E493.81021
G1 X176.59 Y183.101 E493.81949
G1 X176.425 Y183.347 E493.82934
G1 X176.275 Y183.6 E493.83912
G1 X176.147 Y183.839 E493.84814
G1 X176.01 Y184.114 E493.85836
G1 X175.897 Y184.39 E493.86828
G1 X175.788 Y184.701 E493.87924
G1 X175.706 Y184.979 E493.88888
G1 F1440 E492.38888
G0 F9000 X175.691 Y187.204
G0 X175.817 Y188.587
G0 X175.881 Y188.969
G0 X176.106 Y194.789
;TYPE:WALL-INNER
G1 F1440 E493.88888
G1 F1800 X176.106 Y194.558 E493.89656
G1 X176.106 Y194.315 E493.90464
G1 X176.106 Y194.218 E493.90787
G1 X176.106 Y190.563 E494.02944
G1 X176.106 Y190.428 E494.03393
G1 X176.106 Y190.197 E494.04161
G1 X176.106 Y189.988 E494.04856
G1 X176.245 Y190.197 E494.05087
G1 X176.409 Y190.428 E494.05665
G1 X176.494 Y190.533 E494.06064
G1 X176.593 Y190.656 E494.06589
G1 X176.827 Y190.923 E494.07769
G1 X177.048 Y191.149 E494.08821
G1 X177.297 Y191.376 E494.09942
G1 X177.607 Y191.637 E494.11289
G1 X177.807 Y191.796 E494.12139
G1 X178.053 Y191.997 E494.13196
G1 X178.205 Y192.13 E494.13867
G1 X178.24 Y192.16 E494.14021
G1 X178.427 Y192.348 E494.14903
G1 X178.451 Y192.385 E494.15049
G1 X178.419 Y192.419 E494.15205
G1 X178.164 Y192.687 E494.16435
G1 X177.603 Y193.143 E494.1884
G1 X177.302 Y193.4 E494.20156
G1 X177.079 Y193.603 E494.21159
G1 X176.832 Y193.854 E494.2233
G1 X176.616 Y194.095 E494.23407
G1 X176.496 Y194.24 E494.24033
G1 X176.435 Y194.315 E494.24328
G1 X176.261 Y194.558 E494.24983
G1 X176.106 Y194.789 E494.25255
G1 F1440 E492.75255
G0 F9000 X175.809 Y196.013
G0 X175.706 Y196.665
;TYPE:WALL-OUTER
G1 F1440 E494.25255
G1 F1800 X175.706 Y188.115 E494.53693
G1 X175.764 Y188.312 E494.54376
G1 X175.879 Y188.648 E494.55557
G1 X175.993 Y188.926 E494.56556
G1 X176.108 Y189.174 E494.57465
G1 X176.232 Y189.428 E494.58406
G1 X176.395 Y189.701 E494.59463
G1 X176.574 Y189.97 E494.60538
G1 X176.728 Y190.186 E494.6142
G1 X176.899 Y190.398 E494.62326
G1 X177.121 Y190.651 E494.63445
G1 X177.326 Y190.861 E494.64422
G1 X177.561 Y191.075 E494.65479
G1 X177.86 Y191.327 E494.66779
G1 X178.06 Y191.486 E494.67629
G1 X178.306 Y191.687 E494.68686
G1 X178.519 Y191.873 E494.69626
G1 X178.738 Y192.094 E494.70661
G1 X178.925 Y192.382 E494.71803
G1 X178.892 Y192.488 E494.72172
G1 X178.602 Y192.821 E494.73641
G1 X178.425 Y192.99 E494.74455
G1 X178.12 Y193.24 E494.75767
G1 X177.858 Y193.451 E494.76886
G1 X177.566 Y193.7 E494.78162
G1 X177.356 Y193.891 E494.79106
G1 X177.124 Y194.127 E494.80207
G1 X176.92 Y194.356 E494.81227
G1 X176.752 Y194.559 E494.82103
G1 X176.59 Y194.786 E494.83031
G1 X176.425 Y195.032 E494.84016
G1 X176.275 Y195.286 E494.84997
G1 X176.147 Y195.524 E494.85896
G1 X176.01 Y195.799 E494.86918
G1 X175.897 Y196.076 E494.87913
G1 X175.788 Y196.386 E494.89006
G1 X175.706 Y196.665 E494.89973
G1 F1440 E493.39973
G0 F9000 X175.518 Y200.175
G0 X175.809 Y200.439
G0 X176.111 Y201.185
G0 X176.755 Y202.092
G0 X177.991 Y203.627
;TYPE:WALL-INNER
G1 F1440 E494.89973
G1 F1800 X177.721 Y203.626 E494.90871
G1 X177.457 Y203.625 E494.91749
G1 X176.106 Y203.615 E494.96243
G1 X176.106 Y202.242 E495.00809
G1 X176.106 Y202.153 E495.01105
G1 X176.106 Y201.913 E495.01903
G1 X176.106 Y201.674 E495.02698
G1 X176.265 Y201.913 E495.02983
G1 X176.44 Y202.153 E495.03647
G1 X176.497 Y202.221 E495.03919
G1 X176.708 Y202.475 E495.05017
G1 X176.943 Y202.729 E495.06168
G1 X177.159 Y202.939 E495.0717
G1 X177.422 Y203.167 E495.08328
G1 X177.519 Y203.247 E495.08746
G1 X177.722 Y203.415 E495.09428
G1 X177.991 Y203.627 E495.09858
G0 F9000 X178.794 Y203.926
G0 X179.107 Y204.047
G0 X179.048 Y204.034
;TYPE:WALL-OUTER
G1 F1800 X175.706 Y204.013 E495.20974
G1 X175.706 Y199.8 E495.34986
G1 X175.764 Y199.997 E495.35669
G1 X175.879 Y200.333 E495.3685
G1 X175.993 Y200.611 E495.3785
G1 X176.108 Y200.859 E495.38759
G1 X176.232 Y201.113 E495.39699
G1 X176.395 Y201.386 E495.40757
G1 X176.593 Y201.685 E495.41949
G1 X176.755 Y201.907 E495.42863
G1 X177.009 Y202.211 E495.44181
G1 X177.229 Y202.449 E495.45259
G1 X177.43 Y202.644 E495.4619
G1 X177.681 Y202.862 E495.47296
G1 X177.973 Y203.104 E495.48557
G1 X178.204 Y203.285 E495.49534
G1 X178.479 Y203.508 E495.50711
G1 X178.686 Y203.685 E495.51617
G1 X178.871 Y203.849 E495.52439
G1 X179.048 Y204.034 E495.53291
G1 F1440 E494.03291
G0 F9000 X179.176 Y204.084
G0 X178.794 Y203.926
G0 X177.549 Y203.408
;TYPE:FILL
G1 F1440 E495.53291
G1 F3600 X177.055 Y203.541 E495.54992
G1 F1440 E494.04992
G0 F9000 X176.658 Y201.977
G0 X177.304 Y201.196
G0 X176.7 Y196.397
G0 X175.903 Y195.745
G0 X176.185 Y191.35
G1 F1440 E495.54992
G1 F3600 X176.936 Y191.149 E495.57578
G1 F1440 E494.07578
G0 F9000 X175.881 Y188.969
G0 X176.691 Y188.352
G0 X176.711 Y184.683
G0 X175.903 Y184.06
G0 X176.186 Y178.927
G1 F1440 E495.57578
G1 F3600 X176.407 Y178.868 E495.58339
G1 F1440 E494.08339
G0 F9000 X175.885 Y177.291
G0 X176.689 Y176.661
G0 X176.711 Y172.998
G0 X175.903 Y172.375
G0 X176.517 Y170.718
G1 F1440 E495.58339
G1 F3600 X176.186 Y170.386 E495.59898
G0 F9000 X176.398 Y170.458
;TYPE:SKIN
G1 F1800 X176.333 Y170.676 E495.60187
G1 X176.16 Y171.634 E495.61425
G1 X175.943 Y171.983 E495.61948
G0 F9000 X175.985 Y172.034
G0 X176.813 Y170.897
G0 X178.679 Y169.066
G0 X178.698 Y169.081
G1 F1800 X178.587 Y168.97 E495.62209
G0 F9000 X176.419 Y167.651
G0 X176.35 Y167.581
G1 F1800 X176.416 Y167.365 E495.63053
G0 F9000 X175.978 Y166.362
G1 F1800 X176.005 Y166.105 E495.64101
G1 F1440 E494.14101
G0 F9000 X175.907 Y165.981
G0 X175.81 Y165.386
G0 X176.59 Y164.682
G0 X176.606 Y161.612
G0 X175.81 Y160.955
G0 X175.955 Y160.409
G0 X175.927 Y160.371
G1 F1440 E495.64101
G1 F1800 X175.976 Y160.137 E495.64369
G1 X176.079 Y159.957 E495.64602
G1 X176.377 Y158.84 E495.65899
G0 F9000 X176.281 Y158.744
G0 X178.607 Y157.394
G1 F1800 X178.646 Y157.433 E495.65991
G0 F9000 X178.641 Y157.428
G0 X176.558 Y155.911
G0 X176.419 Y155.772
G1 F1800 X176.318 Y155.953 E495.6682
G0 F9000 X176.356 Y155.991
G0 X176.009 Y154.796
G0 X175.944 Y154.731
G1 F1800 X176.053 Y154.557 E495.6794
G1 F1440 E494.1794
G0 F9000 X176.217 Y154.737
G0 X175.881 Y153.914
G0 X176.691 Y153.296
G0 X176.606 Y149.927
G0 X175.81 Y149.269
G0 X175.925 Y148.783
G0 X175.913 Y148.76
G1 F1440 E495.6794
G1 F1800 X175.962 Y148.526 E495.68512
G1 X176.012 Y148.293 E495.69083
G0 F9000 X175.907 Y148.162
G0 X176.434 Y147.301
G0 X176.357 Y147.224
G1 F1800 X176.501 Y147.085 E495.6927
G1 X176.906 Y146.642 E495.69832
G1 X177.818 Y146.422 E495.70711
G1 X178.154 Y146.193 E495.71091
G1 F1440 E494.21091
G0 F9000 X178.169 Y146.206
G0 X177.485 Y146.872
G0 X177.955 Y147.774
G0 X179.84 Y157.297
G0 X179.84 Y168.981
G0 X179.745 Y169.289
G0 X176.59 Y176.367
G0 X175.809 Y177.069
G0 X175.906 Y177.577
G0 X175.955 Y177.652
G1 F1440 E495.71091
G1 F1800 X176.013 Y177.993 E495.71818
G1 X175.904 Y178.167 E495.7225
G0 F9000 X175.906 Y178.143
G0 X176.281 Y179.109
G1 F1800 X176.486 Y179.314 E495.72732
G0 F9000 X178.604 Y180.584
G1 F1800 X178.718 Y180.698 E495.73
G0 F9000 X178.697 Y180.711
G0 X176.556 Y182.213
G0 X176.484 Y182.141
G1 F1800 X176.353 Y182.293 E495.73679
G0 F9000 X176.426 Y182.366
G0 X175.906 Y183.234
G0 X176.008 Y183.362
G1 F1800 X175.958 Y183.595 E495.74319
G1 X175.906 Y183.826 E495.74955
G1 F1440 E494.24955
G0 F9000 X175.921 Y183.847
G0 X175.809 Y184.327
G0 X176.606 Y184.982
G0 X176.691 Y188.352
G0 X175.809 Y188.752
G0 X175.906 Y189.457
G0 X176.046 Y189.622
G1 F1440 E495.74955
G1 F1800 X175.937 Y189.796 E495.76001
G0 F9000 X175.906 Y189.74
G0 X176.281 Y190.705
G0 X176.415 Y190.84
G1 F1800 X176.312 Y191.019 E495.76783
G0 F9000 X176.281 Y190.988
G0 X176.281 Y193.817
G0 X176.373 Y193.909
G1 F1800 X176.574 Y193.828 E495.76993
G1 X176.309 Y194.128 E495.77382
G1 X175.925 Y195.441 E495.7871
G1 F1440 E494.2871
G0 F9000 X175.949 Y195.475
G0 X175.809 Y196.013
G0 X176.613 Y196.645
G0 X176.691 Y200.037
G0 X175.809 Y200.439
G0 X175.906 Y201.053
G0 X176.02 Y201.193
G1 F1440 E495.7871
G1 F1800 X175.971 Y201.427 E495.79798
G0 F9000 X175.906 Y201.336
G0 X176.291 Y202.313
G0 X176.45 Y202.472
G1 F1800 X176.343 Y202.647 E495.80838
G0 F9000 X177.25 Y203.271
G1 F1800 X177.074 Y203.378 E495.81905
G0 F9000 X177.008 Y203.312
G0 X178.162 Y203.618
G1 F1800 X178.398 Y203.853 E495.82459
G0 F9000 X178.127 Y203.867
G1 F1440 E494.32459
;MESH:NONMESH
G0 F300 X178.127 Y203.867 Z6
G0 F9000 X178.127 Y203.829
G0 X175.826 Y203.598
G0 X174.841 Y203.598
G0 X173.866 Y203.598
G0 X172.781 Y203.598
G0 X172.904 Y203.598
;TIME_ELAPSED:915.562165
;LAYER:29
;TYPE:WALL-INNER
;MESH:Vertical_Tension_Member.stl
G1 F1440 E495.82459
G1 F1800 X172.704 Y203.597 E495.83124
G1 X171.418 Y203.589 E495.87402
G1 X170.908 Y203.589 E495.89098
G1 X170.908 Y146.565 E497.7876
G1 X170.908 Y146.365 E497.79426
G1 X171.108 Y146.365 E497.79856
G1 X172.904 Y146.373 E497.8583
G1 X172.904 Y203.398 E499.75496
G1 X172.904 Y203.598 E499.75926
G0 F9000 X173.304 Y204
;TYPE:WALL-OUTER
G1 F1800 X171.417 Y203.989 E499.82202
G1 X170.508 Y203.989 E499.85225
G1 X170.508 Y145.964 E501.78217
G1 X173.304 Y145.974 E501.87517
G1 X173.304 Y204 E503.80512
G0 F9000 X173.034 Y203.729
G0 X172.823 Y200.765
;TYPE:FILL
G1 F3600 X170.986 Y198.928 E503.89153
G0 F9000 X170.987 Y192.889
G1 F3600 X172.823 Y192.397 E503.95475
G0 F9000 X172.823 Y183.795
G1 F3600 X170.986 Y181.958 E504.04116
G0 F9000 X170.987 Y180.466
G1 F3600 X172.822 Y179.974 E504.10434
G0 F9000 X170.987 Y173.583
G1 F3600 X172.823 Y166.732 E504.34025
G0 F9000 X172.823 Y166.824
G1 F3600 X170.986 Y164.987 E504.42666
G0 F9000 X170.987 Y168.043
G1 F3600 X172.822 Y167.551 E504.48984
G0 F9000 X170.987 Y155.619
G1 F3600 X172.822 Y155.128 E504.55302
G0 F9000 X172.823 Y149.854
G1 F3600 X170.986 Y148.017 E504.63943
G0 F9000 X171.108 Y148.017
G1 F1440 E503.13943
G0 F9000 X173.084 Y148.633
G0 X175.523 Y148.633
G0 X175.803 Y148.633
;TYPE:WALL-INNER
G1 F1440 E504.63943
G1 F1800 X175.803 Y148.272 E504.65144
G1 X175.803 Y148.009 E504.66019
G1 X175.803 Y147.944 E504.66235
G1 X175.803 Y146.588 E504.70745
G1 X175.803 Y146.388 E504.7141
G1 X176.003 Y146.389 E504.7184
G1 X177.147 Y146.397 E504.75645
G1 X177.403 Y146.398 E504.76496
G1 X177.639 Y146.4 E504.77281
G1 X177.402 Y146.601 E504.77677
G1 X177.21 Y146.771 E504.78335
G1 X177.183 Y146.795 E504.78455
G1 X176.978 Y146.99 E504.79396
G1 X176.756 Y147.231 E504.80486
G1 X176.575 Y147.439 E504.81403
G1 X176.365 Y147.708 E504.82538
G1 X176.198 Y147.956 E504.83532
G1 X176.162 Y148.009 E504.83735
G1 X175.994 Y148.272 E504.84488
G1 X175.803 Y148.633 E504.84901
G1 F1440 E503.34901
G0 F9000 X175.504 Y150.514
G0 X175.504 Y152.476
G0 X175.803 Y160.325
G1 F1440 E504.84901
G1 F1800 X175.803 Y160.234 E504.85204
G1 X175.803 Y159.958 E504.86122
G1 X175.803 Y159.693 E504.87004
G1 X175.803 Y159.63 E504.87213
G1 X175.803 Y155.051 E505.02443
G1 X175.803 Y154.812 E505.03238
G1 X175.803 Y154.56 E505.04076
G1 X175.803 Y154.342 E505.04801
G1 X175.911 Y154.56 E505.04964
G1 X176.06 Y154.812 E505.05463
G1 X176.19 Y155.012 E505.0612
G1 X176.232 Y155.076 E505.06375
G1 X176.411 Y155.329 E505.07406
G1 X176.613 Y155.586 E505.08493
G1 X176.828 Y155.831 E505.09577
G1 X177.054 Y156.066 E505.10662
G1 X177.291 Y156.284 E505.11733
G1 X177.562 Y156.52 E505.12928
G1 X177.828 Y156.731 E505.14057
G1 X178.066 Y156.928 E505.15085
G1 X178.246 Y157.083 E505.15875
G1 X178.289 Y157.12 E505.16063
G1 X178.441 Y157.271 E505.16776
G1 X178.468 Y157.298 E505.16903
G1 X178.489 Y157.325 E505.17017
G1 X178.451 Y157.367 E505.17205
G1 X178.275 Y157.561 E505.18076
G1 X178.246 Y157.586 E505.18204
G1 X178.064 Y157.74 E505.18997
G1 X177.876 Y157.895 E505.19807
G1 X177.639 Y158.086 E505.20819
G1 X177.402 Y158.286 E505.21851
G1 X177.183 Y158.48 E505.22824
G1 X176.978 Y158.675 E505.23765
G1 X176.756 Y158.916 E505.24855
G1 X176.574 Y159.125 E505.25777
G1 X176.365 Y159.394 E505.2691
G1 X176.198 Y159.641 E505.27901
G1 X176.163 Y159.693 E505.281
G1 X175.994 Y159.958 E505.28859
G1 X175.848 Y160.234 E505.29229
G1 X175.803 Y160.325 E505.29272
G1 F1440 E503.79272
G0 F9000 X175.504 Y162.208
G0 X175.504 Y164.149
G0 X175.803 Y172.01
G1 F1440 E505.29272
G1 F1800 X175.803 Y171.92 E505.29571
G1 X175.803 Y171.649 E505.30473
G1 X175.803 Y171.379 E505.31371
G1 X175.803 Y171.314 E505.31587
G1 X175.803 Y166.733 E505.46823
G1 X175.803 Y166.54 E505.47465
G1 X175.803 Y166.244 E505.4845
G1 X175.803 Y166.028 E505.49168
G1 X175.911 Y166.244 E505.4933
G1 X176.084 Y166.54 E505.49944
G1 X176.191 Y166.7 E505.50494
G1 X176.363 Y166.954 E505.51514
G1 X176.572 Y167.226 E505.52655
G1 X176.829 Y167.517 E505.53946
G1 X177.054 Y167.752 E505.55028
G1 X177.292 Y167.97 E505.56102
G1 X177.562 Y168.205 E505.57292
G1 X177.828 Y168.416 E505.58421
G1 X178.065 Y168.612 E505.59444
G1 X178.247 Y168.769 E505.60244
G1 X178.291 Y168.807 E505.60437
G1 X178.459 Y168.98 E505.61239
G1 X178.489 Y169.01 E505.6138
G1 X178.45 Y169.053 E505.61573
G1 X178.275 Y169.246 E505.6244
G1 X178.243 Y169.273 E505.62579
G1 X178.064 Y169.425 E505.6336
G1 X177.876 Y169.58 E505.64171
G1 X177.639 Y169.771 E505.65183
G1 X177.402 Y169.971 E505.66214
G1 X177.183 Y170.165 E505.67188
G1 X176.978 Y170.36 E505.68129
G1 X176.756 Y170.601 E505.69218
G1 X176.574 Y170.81 E505.7014
G1 X176.365 Y171.079 E505.71273
G1 X176.198 Y171.326 E505.72265
G1 X176.162 Y171.379 E505.72468
G1 X175.991 Y171.649 E505.73234
G1 X175.848 Y171.92 E505.73593
G1 X175.803 Y172.01 E505.73636
G1 F1440 E504.23636
G0 F9000 X175.504 Y173.894
G0 X175.505 Y175.831
G0 X175.804 Y183.695
G1 F1440 E505.73636
G1 F1800 X175.804 Y183.605 E505.73935
G1 X175.804 Y183.334 E505.74836
G1 X175.804 Y183.064 E505.75734
G1 X175.804 Y182.998 E505.75954
G1 X175.804 Y178.412 E505.91207
G1 X175.804 Y178.304 E505.91566
G1 X175.804 Y177.985 E505.92627
G1 X175.804 Y177.717 E505.93518
G1 X175.945 Y177.985 E505.93765
G1 X176.136 Y178.304 E505.9455
G1 X176.196 Y178.393 E505.94879
G1 X176.364 Y178.639 E505.95869
G1 X176.572 Y178.911 E505.97008
G1 X176.829 Y179.202 E505.983
G1 X177.054 Y179.437 E505.99382
G1 X177.292 Y179.655 E506.00455
G1 X177.561 Y179.887 E506.01637
G1 X178.065 Y180.297 E506.03798
G1 X178.244 Y180.451 E506.04583
G1 X178.285 Y180.487 E506.04764
G1 X178.437 Y180.639 E506.05479
G1 X178.466 Y180.667 E506.05613
G1 X178.489 Y180.696 E506.05737
G1 X178.452 Y180.736 E506.05918
G1 X178.276 Y180.929 E506.06787
G1 X178.245 Y180.955 E506.06921
G1 X177.876 Y181.266 E506.08526
G1 X177.521 Y181.552 E506.10042
G1 X177.184 Y181.85 E506.11539
G1 X176.979 Y182.044 E506.12477
G1 X176.756 Y182.286 E506.13572
G1 X176.574 Y182.495 E506.14494
G1 X176.365 Y182.764 E506.15627
G1 X176.199 Y183.01 E506.16614
G1 X176.162 Y183.064 E506.16821
G1 X175.991 Y183.334 E506.17585
G1 X175.848 Y183.605 E506.17941
G1 X175.804 Y183.695 E506.17983
G1 F1440 E504.67983
G0 F9000 X175.505 Y185.575
G0 X175.505 Y187.521
G0 X175.804 Y195.379
G1 F1440 E506.17983
G1 F1800 X175.804 Y195.291 E506.18276
G1 X175.804 Y195.019 E506.19181
G1 X175.804 Y194.749 E506.20079
G1 X175.804 Y194.683 E506.20298
G1 X175.804 Y190.097 E506.35551
G1 X175.804 Y189.989 E506.3591
G1 X175.804 Y189.67 E506.36971
G1 X175.804 Y189.404 E506.37856
G1 X175.945 Y189.67 E506.38104
G1 X176.136 Y189.989 E506.3889
G1 X176.196 Y190.078 E506.39218
G1 X176.364 Y190.324 E506.40209
G1 X176.572 Y190.596 E506.41348
G1 X176.829 Y190.887 E506.42639
G1 X177.054 Y191.122 E506.43721
G1 X177.292 Y191.34 E506.44794
G1 X177.561 Y191.572 E506.45976
G1 X178.065 Y191.982 E506.48137
G1 X178.244 Y192.136 E506.48922
G1 X178.285 Y192.172 E506.49104
G1 X178.438 Y192.324 E506.49821
G1 X178.466 Y192.352 E506.49953
G1 X178.489 Y192.382 E506.50078
G1 X178.452 Y192.422 E506.5026
G1 X178.275 Y192.616 E506.51133
G1 X178.245 Y192.641 E506.51263
G1 X178.06 Y192.799 E506.52072
G1 X177.52 Y193.238 E506.54387
G1 X177.184 Y193.536 E506.55881
G1 X176.98 Y193.729 E506.56815
G1 X176.756 Y193.97 E506.57909
G1 X176.574 Y194.18 E506.58833
G1 X176.365 Y194.449 E506.59966
G1 X176.199 Y194.695 E506.60953
G1 X176.162 Y194.749 E506.6116
G1 X175.991 Y195.019 E506.61924
G1 X175.847 Y195.291 E506.62281
G1 X175.804 Y195.379 E506.62319
G1 F1440 E505.12319
G0 F9000 X175.505 Y197.259
G0 X175.505 Y199.205
G0 X175.57 Y199.713
G0 X176.034 Y200.964
G0 X176.629 Y201.893
G0 X178.021 Y203.628
G1 F1440 E506.62319
G1 F1800 X177.452 Y203.626 E506.64212
G1 X177.451 Y203.625 E506.64216
G1 X175.804 Y203.614 E506.69694
G1 X175.804 Y201.783 E506.75784
G1 X175.804 Y201.675 E506.76144
G1 X175.804 Y201.356 E506.77205
G1 X175.804 Y201.089 E506.78093
G1 X175.945 Y201.356 E506.78339
G1 X176.136 Y201.675 E506.79124
G1 X176.196 Y201.764 E506.79452
G1 X176.364 Y202.01 E506.80443
G1 X176.572 Y202.281 E506.81579
G1 X176.829 Y202.572 E506.82871
G1 X177.054 Y202.807 E506.83953
G1 X177.291 Y203.024 E506.85022
G1 X177.523 Y203.226 E506.86045
G1 X177.578 Y203.27 E506.86279
G1 X178.021 Y203.628 E506.87279
G0 F9000 X178.795 Y203.913
G0 X179.145 Y204.038
G0 X179.075 Y204.034
;TYPE:WALL-OUTER
G1 F1800 X175.404 Y204.012 E506.99489
G1 X175.403 Y145.986 E508.92485
G1 X178.75 Y146.006 E509.03617
G1 X178.564 Y146.174 E509.04451
G1 X178.33 Y146.359 E509.05443
G1 X178.13 Y146.521 E509.06299
G1 X177.893 Y146.709 E509.07305
G1 X177.664 Y146.903 E509.08303
G1 X177.454 Y147.09 E509.09239
G1 X177.263 Y147.271 E509.10114
G1 X177.054 Y147.498 E509.1114
G1 X176.884 Y147.694 E509.12003
G1 X176.689 Y147.943 E509.13055
G1 X176.497 Y148.228 E509.14198
G1 X176.34 Y148.474 E509.15168
G1 X176.153 Y148.827 E509.16497
G1 X176.033 Y149.083 E509.17437
G1 X175.907 Y149.393 E509.1855
G1 X175.806 Y149.687 E509.19584
G1 X175.722 Y149.967 E509.20557
G1 X175.64 Y150.331 E509.21798
G1 X175.594 Y150.59 E509.22673
G1 X175.555 Y150.917 E509.23768
G1 X175.533 Y151.23 E509.24812
G1 X175.526 Y151.543 E509.25853
G1 X175.542 Y151.896 E509.27028
G1 X175.564 Y152.162 E509.27916
G1 X175.612 Y152.494 E509.29032
G1 X175.674 Y152.803 E509.3008
G1 X175.741 Y153.086 E509.31047
G1 X175.854 Y153.438 E509.32277
G1 X175.949 Y153.698 E509.33197
G1 X176.052 Y153.944 E509.34084
G1 X176.263 Y154.369 E509.35663
G1 X176.4 Y154.601 E509.36559
G1 X176.563 Y154.851 E509.37551
G1 X176.732 Y155.09 E509.38525
G1 X176.921 Y155.33 E509.39541
G1 X177.123 Y155.56 E509.40559
G1 X177.334 Y155.78 E509.41573
G1 X177.558 Y155.986 E509.42585
G1 X177.818 Y156.212 E509.43731
G1 X178.083 Y156.423 E509.44858
G1 X178.327 Y156.625 E509.45911
G1 X178.564 Y156.829 E509.46951
G1 X178.765 Y157.029 E509.47894
G1 X178.915 Y157.218 E509.48697
G1 X178.959 Y157.35 E509.4916
G1 X178.746 Y157.658 E509.50405
G1 X178.546 Y157.855 E509.51339
G1 X178.319 Y158.048 E509.5233
G1 X178.127 Y158.207 E509.53159
G1 X177.893 Y158.395 E509.54157
G1 X177.664 Y158.588 E509.55153
G1 X177.454 Y158.775 E509.56089
G1 X177.263 Y158.956 E509.56964
G1 X177.054 Y159.183 E509.5799
G1 X176.883 Y159.379 E509.58855
G1 X176.689 Y159.629 E509.59908
G1 X176.497 Y159.913 E509.61048
G1 X176.34 Y160.159 E509.62019
G1 X176.204 Y160.416 E509.62986
G1 X176.072 Y160.685 E509.63982
G1 X175.955 Y160.959 E509.64973
G1 X175.852 Y161.236 E509.65956
G1 X175.764 Y161.506 E509.66901
G1 X175.681 Y161.827 E509.68003
G1 X175.619 Y162.133 E509.69042
G1 X175.571 Y162.438 E509.70069
G1 X175.526 Y163.021 E509.72014
G1 X175.528 Y163.336 E509.73061
G1 X175.551 Y163.704 E509.74288
G1 X175.584 Y164.01 E509.75311
G1 X175.647 Y164.369 E509.76524
G1 X175.706 Y164.628 E509.77407
G1 X175.797 Y164.952 E509.78526
G1 X175.93 Y165.338 E509.79884
G1 X176.052 Y165.63 E509.80937
G1 X176.263 Y166.054 E509.82512
G1 X176.423 Y166.327 E509.83565
G1 X176.688 Y166.72 E509.85141
G1 X176.881 Y166.972 E509.86197
G1 X177.123 Y167.246 E509.87413
G1 X177.334 Y167.466 E509.88427
G1 X177.558 Y167.671 E509.89437
G1 X177.818 Y167.897 E509.90582
G1 X178.083 Y168.108 E509.91709
G1 X178.326 Y168.309 E509.92758
G1 X178.56 Y168.511 E509.93786
G1 X178.765 Y168.714 E509.94746
G1 X178.915 Y168.904 E509.95551
G1 X178.959 Y169.035 E509.9601
G1 X178.746 Y169.343 E509.97256
G1 X178.546 Y169.54 E509.9819
G1 X178.319 Y169.733 E509.99181
G1 X178.127 Y169.892 E510.0001
G1 X177.893 Y170.08 E510.01008
G1 X177.664 Y170.273 E510.02004
G1 X177.454 Y170.46 E510.02939
G1 X177.263 Y170.641 E510.03815
G1 X177.054 Y170.868 E510.04841
G1 X176.883 Y171.064 E510.05706
G1 X176.689 Y171.314 E510.06759
G1 X176.497 Y171.598 E510.07899
G1 X176.337 Y171.85 E510.08892
G1 X176.204 Y172.102 E510.09839
G1 X176.072 Y172.37 E510.10833
G1 X175.955 Y172.644 E510.11824
G1 X175.852 Y172.921 E510.12807
G1 X175.764 Y173.191 E510.13751
G1 X175.681 Y173.512 E510.14854
G1 X175.619 Y173.819 E510.15896
G1 X175.571 Y174.124 E510.16923
G1 X175.526 Y174.705 E510.18861
G1 X175.528 Y175.022 E510.19915
G1 X175.551 Y175.389 E510.21138
G1 X175.584 Y175.695 E510.22162
G1 X175.647 Y176.054 E510.23374
G1 X175.706 Y176.313 E510.24258
G1 X175.797 Y176.637 E510.25377
G1 X175.885 Y176.892 E510.26274
G1 X175.987 Y177.169 E510.27256
G1 X176.156 Y177.528 E510.28576
G1 X176.294 Y177.789 E510.29558
G1 X176.473 Y178.089 E510.3072
G1 X176.688 Y178.405 E510.31991
G1 X176.881 Y178.657 E510.33047
G1 X177.123 Y178.931 E510.34263
G1 X177.334 Y179.151 E510.35276
G1 X177.558 Y179.356 E510.36286
G1 X177.818 Y179.581 E510.3743
G1 X178.326 Y179.994 E510.39607
G1 X178.56 Y180.196 E510.40636
G1 X178.765 Y180.4 E510.41598
G1 X178.915 Y180.59 E510.42403
G1 X178.959 Y180.72 E510.42859
G1 X178.746 Y181.028 E510.44105
G1 X178.546 Y181.225 E510.45038
G1 X178.127 Y181.578 E510.46861
G1 X177.779 Y181.858 E510.48346
G1 X177.454 Y182.145 E510.49788
G1 X177.264 Y182.325 E510.50659
G1 X177.054 Y182.553 E510.5169
G1 X176.883 Y182.749 E510.52555
G1 X176.689 Y182.999 E510.53607
G1 X176.497 Y183.283 E510.54748
G1 X176.337 Y183.535 E510.5574
G1 X176.204 Y183.787 E510.56688
G1 X176.072 Y184.055 E510.57682
G1 X175.955 Y184.329 E510.58673
G1 X175.852 Y184.606 E510.59656
G1 X175.764 Y184.876 E510.606
G1 X175.681 Y185.197 E510.61703
G1 X175.619 Y185.504 E510.62745
G1 X175.571 Y185.809 E510.63772
G1 X175.526 Y186.39 E510.6571
G1 X175.528 Y186.707 E510.66764
G1 X175.551 Y187.075 E510.67991
G1 X175.584 Y187.38 E510.69011
G1 X175.647 Y187.739 E510.70223
G1 X175.706 Y187.998 E510.71107
G1 X175.797 Y188.323 E510.72229
G1 X175.885 Y188.577 E510.73123
G1 X175.987 Y188.854 E510.74105
G1 X176.156 Y189.214 E510.75428
G1 X176.294 Y189.474 E510.76407
G1 X176.473 Y189.774 E510.77569
G1 X176.688 Y190.09 E510.7884
G1 X176.881 Y190.342 E510.79896
G1 X177.123 Y190.616 E510.81112
G1 X177.334 Y190.836 E510.82125
G1 X177.558 Y191.041 E510.83135
G1 X177.818 Y191.266 E510.84279
G1 X178.326 Y191.679 E510.86457
G1 X178.56 Y191.881 E510.87485
G1 X178.765 Y192.085 E510.88447
G1 X178.915 Y192.275 E510.89252
G1 X178.959 Y192.405 E510.89708
G1 X178.749 Y192.709 E510.90937
G1 X178.54 Y192.916 E510.91915
G1 X178.319 Y193.104 E510.92881
G1 X177.779 Y193.543 E510.95195
G1 X177.454 Y193.831 E510.9664
G1 X177.264 Y194.011 E510.9751
G1 X177.054 Y194.237 E510.98536
G1 X176.883 Y194.434 E510.99404
G1 X176.689 Y194.684 E511.00456
G1 X176.497 Y194.968 E511.01596
G1 X176.337 Y195.22 E511.02589
G1 X176.204 Y195.472 E511.03537
G1 X176.072 Y195.741 E511.04534
G1 X175.955 Y196.015 E511.05525
G1 X175.847 Y196.303 E511.06548
G1 X175.764 Y196.561 E511.07449
G1 X175.681 Y196.882 E511.08552
G1 X175.619 Y197.189 E511.09593
G1 X175.571 Y197.494 E511.1062
G1 X175.526 Y198.075 E511.12559
G1 X175.528 Y198.392 E511.13613
G1 X175.551 Y198.76 E511.14839
G1 X175.584 Y199.065 E511.1586
G1 X175.647 Y199.423 E511.17069
G1 X175.706 Y199.684 E511.17959
G1 X175.797 Y200.008 E511.19078
G1 X175.885 Y200.262 E511.19972
G1 X175.987 Y200.54 E511.20957
G1 X176.156 Y200.899 E511.22277
G1 X176.294 Y201.16 E511.23259
G1 X176.473 Y201.46 E511.24421
G1 X176.688 Y201.775 E511.25689
G1 X176.881 Y202.027 E511.26745
G1 X177.123 Y202.301 E511.27961
G1 X177.334 Y202.521 E511.28975
G1 X177.558 Y202.726 E511.29984
G1 X177.78 Y202.92 E511.30965
G1 X178.225 Y203.28 E511.32869
G1 X178.424 Y203.434 E511.33706
G1 X178.706 Y203.673 E511.34935
G1 X178.91 Y203.854 E511.35842
G1 X179.075 Y204.034 E511.36654
G1 F1440 E509.86654
G0 F9000 X179.21 Y204.085
G0 X179.502 Y203.224
G0 X176.468 Y197.355
G0 X175.524 Y197.053
G0 X175.884 Y191.577
;TYPE:FILL
G1 F1440 E511.36654
G1 F3600 X177.082 Y191.256 E511.4078
G1 F1440 E509.9078
G0 F9000 X176.588 Y190.157
G0 X177.206 Y189.315
G0 X176.468 Y185.67
G0 X175.524 Y185.369
G0 X175.883 Y179.154
G1 F1440 E511.4078
G1 F3600 X176.527 Y178.981 E511.42997
G1 F1440 E509.92997
G0 F9000 X175.874 Y177.209
G0 X176.696 Y176.595
G0 X176.761 Y172.959
G0 X175.965 Y172.316
G0 X176.626 Y170.627
G1 F1440 E511.42997
G1 F3600 X175.882 Y169.883 E511.46497
G0 F9000 X175.882 Y166.731
G1 F3600 X176.081 Y166.678 E511.47182
G1 F1440 E509.97182
G0 F9000 X175.945 Y165.685
G0 X176.736 Y165.025
G0 X176.468 Y162.299
G0 X175.523 Y162.003
G0 X175.883 Y155.313
G1 F1440 E511.47182
G1 F3600 X175.974 Y154.972 E511.48356
G0 F9000 X176.021 Y155.187
;TYPE:SKIN
G1 F1800 X176.079 Y155.411 E511.48799
G1 X176.274 Y155.499 E511.49209
G0 F9000 X176.301 Y155.472
G0 X175.603 Y154.217
G0 X175.717 Y154.076
G1 F1800 X175.676 Y153.834 E511.50014
G1 X175.638 Y153.589 E511.50828
G1 F1440 E510.00828
G0 F9000 X175.677 Y153.534
G0 X175.504 Y152.476
G0 X175.504 Y150.514
G0 X175.603 Y149.409
G0 X175.689 Y149.296
G1 F1440 E511.50828
G1 F1800 X175.73 Y148.972 E511.51795
G1 X175.617 Y148.802 E511.524
G0 F9000 X175.603 Y148.843
G0 X175.984 Y147.87
G0 X176.074 Y147.78
G1 F1800 X176.065 Y147.506 E511.53235
G0 F9000 X176.785 Y146.786
G1 F1800 X177.001 Y146.57 E511.53743
G0 F9000 X177.789 Y146.348
G1 F1800 X177.96 Y146.177 E511.54145
G0 F9000 X178.106 Y146.313
G1 F1800 X178.203 Y146.216 E511.54374
G1 F1440 E510.04374
G0 F9000 X178.199 Y146.209
G0 X177.583 Y146.813
G0 X178.047 Y147.719
G0 X176.754 Y153.383
G0 X175.945 Y153.998
G0 X176.087 Y159.08
G0 X176.032 Y159.135
G1 F1440 E511.54374
G1 F1800 X176.137 Y159.312 E511.55389
G0 F9000 X176.298 Y159.152
G0 X175.81 Y160.489
G0 X175.693 Y160.605
G1 F1800 X175.722 Y160.859 E511.56084
G1 X175.63 Y161.234 E511.57134
G1 F1440 E510.07134
G0 F9000 X175.603 Y161.288
G0 X175.504 Y162.208
G0 X175.504 Y164.149
G0 X175.655 Y165.153
G0 X175.627 Y165.197
G1 F1440 E511.57134
G1 F1800 X175.663 Y165.444 E511.57674
G1 X175.865 Y165.808 E511.58574
G0 F9000 X175.896 Y165.765
G0 X176.022 Y166.783
G0 X175.999 Y166.805
G1 F1800 X176.059 Y167.027 E511.59037
G1 X176.182 Y167.187 E511.59443
G0 F9000 X176.26 Y167.11
G0 X176.022 Y170.742
G0 X175.999 Y170.764
G1 F1800 X176.104 Y170.942 E511.60149
G0 F9000 X175.977 Y171.07
G0 X175.737 Y172.158
G0 X175.657 Y172.238
G1 F1800 X175.76 Y172.418 E511.60755
G1 X175.657 Y172.804 E511.61924
G1 F1440 E510.11924
G0 F9000 X175.603 Y172.884
G0 X175.504 Y173.894
G0 X175.505 Y175.831
G0 X175.632 Y176.771
G0 X175.617 Y176.804
G1 F1440 E511.61924
G1 F1800 X175.653 Y177.051 E511.6247
G1 X175.791 Y177.478 E511.63451
G0 F9000 X175.87 Y177.387
G0 X176.109 Y178.575
G0 X176.044 Y178.64
G1 F1800 X176.101 Y178.865 E511.64329
G0 F9000 X175.979 Y178.988
G0 X176.169 Y182.475
G0 X176.074 Y182.57
G1 F1800 X176.065 Y182.861 E511.65083
G0 F9000 X175.737 Y184.038
G1 F1800 X175.683 Y184.374 E511.65789
G1 X175.622 Y183.87 E511.66843
G1 F1440 E510.16843
G0 F9000 X175.666 Y183.826
G0 X175.505 Y185.575
G0 X175.505 Y187.521
G0 X175.681 Y188.6
G0 X175.642 Y188.658
G1 F1440 E511.66843
G1 F1800 X175.679 Y188.903 E511.67578
G1 X175.72 Y189.145 E511.68306
G0 F9000 X175.841 Y189.012
G0 X176.073 Y190.208
G0 X176.026 Y190.255
G1 F1800 X176.083 Y190.48 E511.68754
G1 X176.284 Y190.561 E511.69173
G0 F9000 X176.308 Y190.538
G0 X176.104 Y194.136
G0 X176.041 Y194.199
G1 F1800 X176.146 Y194.376 E511.7026
G0 F9000 X176.314 Y194.208
G0 X175.825 Y195.546
G0 X175.702 Y195.669
G1 F1800 X175.717 Y195.937 E511.70964
G1 X175.633 Y196.303 E511.71949
G1 F1440 E510.21949
G0 F9000 X175.604 Y196.345
G0 X175.505 Y197.259
G0 X175.505 Y199.205
G0 X175.659 Y200.22
G0 X175.63 Y200.266
G1 F1440 E511.71949
G1 F1800 X175.667 Y200.512 E511.72489
G1 X175.877 Y200.868 E511.73388
G0 F9000 X175.903 Y200.829
G0 X176.037 Y201.84
G0 X176.008 Y201.869
G1 F1800 X176.065 Y202.095 E511.73858
G1 X176.2 Y202.242 E511.74261
G0 F9000 X176.269 Y202.173
G0 X177.225 Y203.197
G0 X177.118 Y203.304
G1 F1800 X177.317 Y203.388 E511.74468
G1 X178.234 Y203.602 E511.75371
G1 X178.564 Y203.837 E511.7576
G0 F9000 X178.381 Y203.531
G1 F1440 E510.2576
;MESH:NONMESH
G0 F300 X178.381 Y203.531 Z6.2
G0 F9000 X178.318 Y203.605
G0 X175.524 Y203.601
G0 X173.084 Y203.601
G0 X173.583 Y203.601
;TIME_ELAPSED:945.908961
;LAYER:30
;TYPE:WALL-INNER
;MESH:Vertical_Tension_Member.stl
G1 F1440 E511.7576
G1 F1800 X173.383 Y203.6 E511.76425
G1 X171.438 Y203.589 E511.82894
G1 X170.947 Y203.589 E511.84527
G1 X170.947 Y146.566 E513.74187
G1 X170.947 Y146.366 E513.74852
G1 X171.147 Y146.366 E513.75282
G1 X173.584 Y146.376 E513.83388
G1 X173.583 Y203.401 E515.73054
G1 X173.583 Y203.601 E515.73484
G0 F9000 X173.983 Y204.003
;TYPE:WALL-OUTER
G1 F1800 X171.437 Y203.989 E515.81952
G1 X170.547 Y203.989 E515.84912
G1 X170.547 Y145.964 E517.77904
G1 X173.984 Y145.978 E517.89336
G1 X173.983 Y204.003 E519.82328
G0 F9000 X173.713 Y203.732
G0 X172.003 Y203.41
G0 X171.931 Y199.892
G0 X172.15 Y199.892
;TYPE:FILL
G1 F3600 X171.026 Y198.767 E519.87617
G0 F9000 X171.026 Y193.026
G1 F3600 X172.149 Y192.725 E519.91484
G0 F9000 X171.931 Y192.725
G0 X171.931 Y182.921
G0 X172.15 Y182.921
G1 F3600 X171.026 Y181.797 E519.96771
G0 F9000 X171.027 Y180.602
G1 F3600 X172.15 Y180.301 E520.00638
G0 F9000 X171.931 Y180.301
G0 X171.026 Y172.888
G1 F3600 X172.15 Y168.693 E520.15083
G0 F9000 X172.15 Y167.878
G1 F3600 X171.026 Y168.179 E520.18953
G0 F9000 X171.931 Y165.95
G0 X172.15 Y165.95
G1 F3600 X171.026 Y164.826 E520.2424
G0 F9000 X171.027 Y155.756
G1 F3600 X172.15 Y155.455 E520.28107
G0 F9000 X171.931 Y155.455
G0 X171.931 Y148.98
G0 X172.15 Y148.98
G1 F3600 X171.026 Y147.856 E520.33394
G0 F9000 X172.003 Y146.552
G0 X172.221 Y146.761
;TYPE:SKIN
G1 F1800 X173.194 Y146.764 E520.3663
G1 X173.193 Y203.209 E522.24367
G1 X172.221 Y203.203 E522.276
G1 X172.221 Y146.761 E524.15326
G0 F9000 X173.033 Y147.011
G1 F1800 X172.944 Y146.922 E524.15745
G0 F9000 X172.38 Y146.924
G1 F1800 X173.033 Y147.577 E524.18817
G0 F9000 X173.033 Y148.143
G1 F1800 X172.38 Y147.49 E524.21888
G0 F9000 X172.38 Y148.056
G1 F1800 X173.033 Y148.708 E524.24957
G0 F9000 X173.033 Y149.274
G1 F1800 X172.38 Y148.621 E524.28029
G0 F9000 X172.38 Y149.187
G1 F1800 X173.033 Y149.84 E524.311
G0 F9000 X173.033 Y150.405
G1 F1800 X172.38 Y149.753 E524.34169
G0 F9000 X172.38 Y150.318
G1 F1800 X173.033 Y150.971 E524.37241
G0 F9000 X173.033 Y151.537
G1 F1800 X172.38 Y150.884 E524.40312
G0 F9000 X172.38 Y151.45
G1 F1800 X173.033 Y152.102 E524.43382
G0 F9000 X173.033 Y152.668
G1 F1800 X172.38 Y152.015 E524.46453
G0 F9000 X172.38 Y152.581
G1 F1800 X173.033 Y153.234 E524.49525
G0 F9000 X173.033 Y153.799
G1 F1800 X172.38 Y153.147 E524.52594
G0 F9000 X172.38 Y153.712
G1 F1800 X173.033 Y154.365 E524.55665
G0 F9000 X173.033 Y154.931
G1 F1800 X172.38 Y154.278 E524.58737
G0 F9000 X172.38 Y154.844
G1 F1800 X173.033 Y155.497 E524.61808
G0 F9000 X173.033 Y156.062
G1 F1800 X172.38 Y155.41 E524.64878
G0 F9000 X172.38 Y155.975
G1 F1800 X173.033 Y156.628 E524.67949
G0 F9000 X173.033 Y157.194
G1 F1800 X172.38 Y156.541 E524.71021
G0 F9000 X172.38 Y157.107
G1 F1800 X173.033 Y157.759 E524.7409
G0 F9000 X173.033 Y158.325
G1 F1800 X172.38 Y157.672 E524.77161
G0 F9000 X172.38 Y158.238
G1 F1800 X173.033 Y158.891 E524.80233
G0 F9000 X173.033 Y159.456
G1 F1800 X172.38 Y158.804 E524.83302
G0 F9000 X172.38 Y159.369
G1 F1800 X173.033 Y160.022 E524.86373
G0 F9000 X173.033 Y160.588
G1 F1800 X172.38 Y159.935 E524.89445
G0 F9000 X172.38 Y160.501
G1 F1800 X173.033 Y161.153 E524.92514
G0 F9000 X173.033 Y161.719
G1 F1800 X172.38 Y161.066 E524.95586
G0 F9000 X172.38 Y161.632
G1 F1800 X173.033 Y162.285 E524.98657
G0 F9000 X173.033 Y162.85
G1 F1800 X172.38 Y162.198 E525.01726
G0 F9000 X172.38 Y162.763
G1 F1800 X173.033 Y163.416 E525.04798
G0 F9000 X173.033 Y163.982
G1 F1800 X172.38 Y163.329 E525.07869
G0 F9000 X172.38 Y163.895
G1 F1800 X173.033 Y164.547 E525.10938
G0 F9000 X173.033 Y165.113
G1 F1800 X172.38 Y164.461 E525.14008
G0 F9000 X172.38 Y165.026
G1 F1800 X173.033 Y165.679 E525.17079
G0 F9000 X173.033 Y166.245
G1 F1800 X172.38 Y165.592 E525.20151
G0 F9000 X172.38 Y166.158
G1 F1800 X173.033 Y166.81 E525.2322
G0 F9000 X173.033 Y167.376
G1 F1800 X172.38 Y166.723 E525.26291
G0 F9000 X172.38 Y167.289
G1 F1800 X173.033 Y167.942 E525.29363
G0 F9000 X173.033 Y168.507
G1 F1800 X172.38 Y167.855 E525.32432
G0 F9000 X172.38 Y168.42
G1 F1800 X173.033 Y169.073 E525.35503
G0 F9000 X173.033 Y169.639
G1 F1800 X172.38 Y168.986 E525.38575
G0 F9000 X172.38 Y169.552
G1 F1800 X173.033 Y170.204 E525.41644
G0 F9000 X173.033 Y170.77
G1 F1800 X172.38 Y170.117 E525.44716
G0 F9000 X172.38 Y170.683
G1 F1800 X173.033 Y171.336 E525.47787
G0 F9000 X173.033 Y171.901
G1 F1800 X172.38 Y171.249 E525.50856
G0 F9000 X172.38 Y171.814
G1 F1800 X173.033 Y172.467 E525.53928
G0 F9000 X173.033 Y173.033
G1 F1800 X172.38 Y172.38 E525.56999
G0 F9000 X172.38 Y172.946
G1 F1800 X173.033 Y173.598 E525.60069
G0 F9000 X173.033 Y174.164
G1 F1800 X172.38 Y173.511 E525.6314
G0 F9000 X172.38 Y174.077
G1 F1800 X173.033 Y174.73 E525.66212
G0 F9000 X173.033 Y175.296
G1 F1800 X172.38 Y174.643 E525.69283
G0 F9000 X172.38 Y175.209
G1 F1800 X173.033 Y175.861 E525.72352
G0 F9000 X173.033 Y176.427
G1 F1800 X172.38 Y175.774 E525.75424
G0 F9000 X172.38 Y176.34
G1 F1800 X173.033 Y176.993 E525.78495
G0 F9000 X173.033 Y177.558
G1 F1800 X172.38 Y176.906 E525.81564
G0 F9000 X172.38 Y177.471
G1 F1800 X173.033 Y178.124 E525.84636
G0 F9000 X173.033 Y178.69
G1 F1800 X172.38 Y178.037 E525.87707
G0 F9000 X172.38 Y178.603
G1 F1800 X173.033 Y179.255 E525.90777
G0 F9000 X173.033 Y179.821
G1 F1800 X172.38 Y179.168 E525.93848
G0 F9000 X172.38 Y179.734
G1 F1800 X173.033 Y180.387 E525.9692
G0 F9000 X173.033 Y180.952
G1 F1800 X172.38 Y180.3 E525.99989
G0 F9000 X172.38 Y180.865
G1 F1800 X173.033 Y181.518 E526.0306
G0 F9000 X173.033 Y182.084
G1 F1800 X172.38 Y181.431 E526.06132
G0 F9000 X172.38 Y181.997
G1 F1800 X173.033 Y182.649 E526.09201
G0 F9000 X173.033 Y183.215
G1 F1800 X172.38 Y182.562 E526.12272
G0 F9000 X172.38 Y183.128
G1 F1800 X173.033 Y183.781 E526.15344
G0 F9000 X173.033 Y184.346
G1 F1800 X172.38 Y183.694 E526.18413
G0 F9000 X172.38 Y184.26
G1 F1800 X173.033 Y184.912 E526.21482
G0 F9000 X173.033 Y185.478
G1 F1800 X172.38 Y184.825 E526.24554
G0 F9000 X172.38 Y185.391
G1 F1800 X173.033 Y186.044 E526.27625
G0 F9000 X173.033 Y186.609
G1 F1800 X172.38 Y185.957 E526.30694
G0 F9000 X172.38 Y186.522
G1 F1800 X173.033 Y187.175 E526.33766
G0 F9000 X173.033 Y187.741
G1 F1800 X172.38 Y187.088 E526.36838
G0 F9000 X172.38 Y187.654
G1 F1800 X173.033 Y188.306 E526.39907
G0 F9000 X173.033 Y188.872
G1 F1800 X172.38 Y188.219 E526.42978
G0 F9000 X172.38 Y188.785
G1 F1800 X173.033 Y189.438 E526.4605
G0 F9000 X173.033 Y190.003
G1 F1800 X172.38 Y189.351 E526.49119
G0 F9000 X172.38 Y189.916
G1 F1800 X173.033 Y190.569 E526.5219
G0 F9000 X173.033 Y191.135
G1 F1800 X172.38 Y190.482 E526.55262
G0 F9000 X172.38 Y191.048
G1 F1800 X173.033 Y191.7 E526.58331
G0 F9000 X173.033 Y192.266
G1 F1800 X172.38 Y191.613 E526.61403
G0 F9000 X172.38 Y192.179
G1 F1800 X173.033 Y192.832 E526.64474
G0 F9000 X173.033 Y193.397
G1 F1800 X172.38 Y192.745 E526.67543
G0 F9000 X172.38 Y193.31
G1 F1800 X173.033 Y193.963 E526.70615
G0 F9000 X173.033 Y194.529
G1 F1800 X172.38 Y193.876 E526.73686
G0 F9000 X172.38 Y194.442
G1 F1800 X173.033 Y195.095 E526.76758
G0 F9000 X173.033 Y195.66
G1 F1800 X172.38 Y195.008 E526.79827
G0 F9000 X172.38 Y195.573
G1 F1800 X173.033 Y196.226 E526.82898
G0 F9000 X173.033 Y196.792
G1 F1800 X172.38 Y196.139 E526.8597
G0 F9000 X172.38 Y196.705
G1 F1800 X173.033 Y197.357 E526.89039
G0 F9000 X173.033 Y197.923
G1 F1800 X172.38 Y197.27 E526.92111
G0 F9000 X172.38 Y197.836
G1 F1800 X173.033 Y198.489 E526.95182
G0 F9000 X173.033 Y199.054
G1 F1800 X172.38 Y198.402 E526.98251
G0 F9000 X172.38 Y198.967
G1 F1800 X173.033 Y199.62 E527.01323
G0 F9000 X173.033 Y200.186
G1 F1800 X172.38 Y199.533 E527.04394
G0 F9000 X172.38 Y200.099
G1 F1800 X173.033 Y200.751 E527.07463
G0 F9000 X173.033 Y201.317
G1 F1800 X172.38 Y200.664 E527.10535
G0 F9000 X172.38 Y201.23
G1 F1800 X173.033 Y201.883 E527.13606
G0 F9000 X173.033 Y202.448
G1 F1800 X172.38 Y201.796 E527.16676
G0 F9000 X172.38 Y202.361
G1 F1800 X173.033 Y203.014 E527.19747
G0 F9000 X172.496 Y203.043
G1 F1800 X172.38 Y202.927 E527.20293
G0 F9000 X171.631 Y202.927
G1 F1440 E525.70293
G0 F9000 X172.003 Y203.41
G0 X173.764 Y203.625
G0 X174.941 Y203.627
G0 X178.053 Y203.627
;TYPE:WALL-INNER
G1 F1440 E527.20293
G1 F1800 X177.485 Y203.625 E527.22182
G1 X177.483 Y203.624 E527.22189
G1 X175.121 Y203.609 E527.30046
G1 X175.121 Y200.344 E527.40905
G1 X175.121 Y200.273 E527.41141
G1 X175.121 Y199.951 E527.42212
G1 X175.121 Y199.675 E527.4313
G1 X175.121 Y199.353 E527.44201
G1 X175.121 Y199.067 E527.45152
G1 X175.121 Y198.768 E527.46147
G1 X175.121 Y198.452 E527.47198
G1 X175.121 Y198.132 E527.48262
G1 X175.121 Y197.838 E527.4924
G1 X175.121 Y197.558 E527.50171
G1 X175.121 Y197.219 E527.51299
G1 X175.121 Y196.728 E527.52932
G1 X175.121 Y196.397 E527.54033
G1 X175.121 Y196.118 E527.54961
G1 X175.121 Y188.659 E527.7977
G1 X175.121 Y188.588 E527.80006
G1 X175.121 Y188.266 E527.81077
G1 X175.121 Y187.99 E527.81995
G1 X175.121 Y187.668 E527.83066
G1 X175.121 Y187.382 E527.84017
G1 X175.121 Y187.083 E527.85011
G1 X175.121 Y186.767 E527.86062
G1 X175.121 Y186.447 E527.87127
G1 X175.121 Y186.153 E527.88105
G1 X175.121 Y185.873 E527.89036
G1 X175.121 Y185.534 E527.90163
G1 X175.121 Y185.042 E527.918
G1 X175.121 Y184.712 E527.92897
G1 X175.121 Y184.432 E527.93829
G1 X175.121 Y176.974 E528.18634
G1 X175.121 Y176.903 E528.1887
G1 X175.121 Y176.581 E528.19941
G1 X175.121 Y176.305 E528.20859
G1 X175.121 Y175.983 E528.2193
G1 X175.121 Y175.697 E528.22881
G1 X175.121 Y175.397 E528.23879
G1 X175.121 Y175.082 E528.24927
G1 X175.121 Y174.762 E528.25991
G1 X175.121 Y174.468 E528.26969
G1 X175.121 Y174.188 E528.279
G1 X175.121 Y173.849 E528.29028
G1 X175.121 Y173.357 E528.30664
G1 X175.121 Y173.027 E528.31762
G1 X175.121 Y172.747 E528.32693
G1 X175.121 Y165.289 E528.57498
G1 X175.121 Y165.218 E528.57735
G1 X175.121 Y164.895 E528.58809
G1 X175.121 Y164.619 E528.59727
G1 X175.121 Y164.297 E528.60798
G1 X175.121 Y164.012 E528.61746
G1 X175.121 Y163.712 E528.62744
G1 X175.121 Y163.396 E528.63795
G1 X175.121 Y163.077 E528.64856
G1 X175.121 Y162.782 E528.65837
G1 X175.121 Y162.502 E528.66768
G1 X175.121 Y162.163 E528.67896
G1 X175.121 Y161.672 E528.69529
G1 X175.121 Y161.342 E528.70626
G1 X175.121 Y161.062 E528.71558
G1 X175.121 Y153.609 E528.96346
G1 X175.121 Y153.529 E528.96612
G1 X175.121 Y153.21 E528.97673
G1 X175.121 Y152.934 E528.98591
G1 X175.121 Y152.612 E528.99662
G1 X175.121 Y152.327 E529.0061
G1 X175.121 Y152.027 E529.01608
G1 X175.121 Y151.711 E529.02659
G1 X175.121 Y151.391 E529.03723
G1 X175.121 Y151.097 E529.04701
G1 X175.121 Y150.817 E529.05633
G1 X175.121 Y150.478 E529.0676
G1 X175.121 Y149.987 E529.08393
G1 X175.121 Y149.657 E529.09491
G1 X175.121 Y149.377 E529.10422
G1 X175.122 Y146.584 E529.19712
G1 X175.122 Y146.384 E529.20377
G1 X175.322 Y146.385 E529.20807
G1 X177.185 Y146.396 E529.27003
G1 X177.43 Y146.397 E529.27818
G1 X177.675 Y146.399 E529.28633
G1 X177.429 Y146.601 E529.29035
G1 X177.25 Y146.768 E529.29664
G1 X177.112 Y146.897 E529.30292
G1 X176.887 Y147.12 E529.31346
G1 X176.687 Y147.351 E529.32362
G1 X176.503 Y147.57 E529.33313
G1 X176.312 Y147.832 E529.34392
G1 X176.136 Y148.099 E529.35455
G1 X175.981 Y148.35 E529.36436
G1 X175.844 Y148.612 E529.3742
G1 X175.721 Y148.871 E529.38373
G1 X175.588 Y149.183 E529.39501
G1 X175.517 Y149.392 E529.40236
G1 X175.428 Y149.657 E529.41059
G1 X175.336 Y149.987 E529.41815
G1 X175.238 Y150.478 E529.42521
G1 X175.192 Y150.817 E529.42796
G1 X175.174 Y151.097 E529.42941
G1 X175.162 Y151.391 E529.43056
G1 X175.163 Y151.711 E529.43167
G1 X175.184 Y152.027 E529.43305
G1 X175.212 Y152.327 E529.43502
G1 X175.258 Y152.612 E529.43782
G1 X175.326 Y152.934 E529.44261
G1 X175.392 Y153.21 E529.44832
G1 X175.492 Y153.529 E529.45734
G1 X175.519 Y153.604 E529.4599
G1 X175.588 Y153.795 E529.46665
G1 X175.717 Y154.107 E529.47788
G1 X175.855 Y154.379 E529.48803
G1 X175.99 Y154.635 E529.49765
G1 X176.154 Y154.912 E529.50836
G1 X176.334 Y155.174 E529.51893
G1 X176.5 Y155.405 E529.52839
G1 X176.715 Y155.673 E529.53982
G1 X176.957 Y155.935 E529.55168
G1 X177.165 Y156.14 E529.5614
G1 X177.437 Y156.386 E529.57359
G1 X178.128 Y156.951 E529.60328
G1 X178.283 Y157.089 E529.61018
G1 X178.329 Y157.13 E529.61223
G1 X178.528 Y157.328 E529.62157
G1 X178.485 Y157.372 E529.62339
G1 X178.205 Y157.654 E529.63661
G1 X178.015 Y157.805 E529.64468
G1 X177.485 Y158.242 E529.66753
G1 X177.267 Y158.438 E529.67728
G1 X177.066 Y158.623 E529.68637
G1 X176.816 Y158.882 E529.69834
G1 X176.617 Y159.117 E529.70858
G1 X176.399 Y159.389 E529.72018
G1 X176.137 Y159.783 E529.73591
G1 X175.981 Y160.035 E529.74577
G1 X175.844 Y160.297 E529.7556
G1 X175.721 Y160.556 E529.76514
G1 X175.588 Y160.868 E529.77642
G1 X175.517 Y161.077 E529.78376
G1 X175.428 Y161.342 E529.792
G1 X175.336 Y161.672 E529.79956
G1 X175.238 Y162.163 E529.80662
G1 X175.192 Y162.502 E529.80937
G1 X175.174 Y162.782 E529.81082
G1 X175.162 Y163.077 E529.81197
G1 X175.163 Y163.396 E529.81308
G1 X175.184 Y163.712 E529.81446
G1 X175.212 Y164.012 E529.81642
G1 X175.258 Y164.297 E529.81923
G1 X175.326 Y164.619 E529.82402
G1 X175.392 Y164.895 E529.82973
G1 X175.494 Y165.218 E529.83889
G1 X175.519 Y165.284 E529.84116
G1 X175.622 Y165.556 E529.85083
G1 X175.747 Y165.851 E529.86149
G1 X175.891 Y166.134 E529.87205
G1 X176.027 Y166.39 E529.88169
G1 X176.223 Y166.706 E529.89406
G1 X176.46 Y167.035 E529.90755
G1 X176.656 Y167.285 E529.91811
G1 X176.871 Y167.528 E529.9289
G1 X177.066 Y167.734 E529.93834
G1 X177.287 Y167.937 E529.94832
G1 X177.532 Y168.151 E529.95914
G1 X177.873 Y168.426 E529.97371
G1 X178.273 Y168.761 E529.99106
G1 X178.301 Y168.784 E529.99227
G1 X178.486 Y168.97 E530.00099
G1 X178.509 Y169.043 E530.00354
G1 X178.483 Y169.068 E530.00474
G1 X178.205 Y169.339 E530.01765
G1 X178.015 Y169.49 E530.02572
G1 X177.485 Y169.927 E530.04857
G1 X177.267 Y170.123 E530.05832
G1 X177.066 Y170.308 E530.06741
G1 X176.816 Y170.567 E530.07938
G1 X176.617 Y170.802 E530.08962
G1 X176.399 Y171.074 E530.10122
G1 X176.137 Y171.468 E530.11695
G1 X175.981 Y171.72 E530.12681
G1 X175.844 Y171.983 E530.13667
G1 X175.721 Y172.24 E530.14615
G1 X175.588 Y172.553 E530.15746
G1 X175.517 Y172.762 E530.1648
G1 X175.428 Y173.027 E530.17304
G1 X175.336 Y173.357 E530.1806
G1 X175.238 Y173.849 E530.18767
G1 X175.192 Y174.188 E530.19042
G1 X175.174 Y174.468 E530.19187
G1 X175.162 Y174.762 E530.19302
G1 X175.163 Y175.082 E530.19413
G1 X175.184 Y175.397 E530.19551
G1 X175.212 Y175.697 E530.19747
G1 X175.258 Y175.983 E530.20028
G1 X175.326 Y176.305 E530.20508
G1 X175.392 Y176.581 E530.21078
G1 X175.494 Y176.903 E530.21992
G1 X175.519 Y176.969 E530.22219
G1 X175.622 Y177.241 E530.23187
G1 X175.747 Y177.536 E530.24252
G1 X175.891 Y177.819 E530.25308
G1 X176.027 Y178.075 E530.26272
G1 X176.223 Y178.391 E530.27509
G1 X176.46 Y178.72 E530.28858
G1 X176.656 Y178.969 E530.29912
G1 X176.871 Y179.214 E530.30996
G1 X177.067 Y179.42 E530.31942
G1 X177.289 Y179.622 E530.3294
G1 X177.557 Y179.857 E530.34126
G1 X177.873 Y180.111 E530.35474
G1 X178.301 Y180.469 E530.3733
G1 X178.461 Y180.63 E530.38085
G1 X178.517 Y180.686 E530.38348
G1 X178.363 Y180.873 E530.39154
G1 X178.305 Y180.928 E530.3942
G1 X178.183 Y181.043 E530.39977
G1 X177.752 Y181.39 E530.41818
G1 X177.482 Y181.614 E530.42985
G1 X177.068 Y181.991 E530.44847
G1 X176.816 Y182.252 E530.46054
G1 X176.617 Y182.487 E530.47078
G1 X176.399 Y182.759 E530.48237
G1 X176.137 Y183.153 E530.49811
G1 X175.981 Y183.405 E530.50797
G1 X175.844 Y183.668 E530.51783
G1 X175.721 Y183.925 E530.52731
G1 X175.588 Y184.238 E530.53862
G1 X175.517 Y184.447 E530.54596
G1 X175.428 Y184.712 E530.5542
G1 X175.336 Y185.042 E530.56175
G1 X175.238 Y185.534 E530.56883
G1 X175.192 Y185.873 E530.57158
G1 X175.174 Y186.153 E530.57303
G1 X175.162 Y186.447 E530.57418
G1 X175.163 Y186.767 E530.57529
G1 X175.184 Y187.083 E530.57667
G1 X175.212 Y187.382 E530.57863
G1 X175.258 Y187.668 E530.58144
G1 X175.326 Y187.99 E530.58623
G1 X175.392 Y188.266 E530.59194
G1 X175.494 Y188.588 E530.60108
G1 X175.519 Y188.654 E530.60335
G1 X175.622 Y188.926 E530.61302
G1 X175.747 Y189.221 E530.62368
G1 X175.891 Y189.503 E530.63421
G1 X176.027 Y189.761 E530.64391
G1 X176.223 Y190.076 E530.65625
G1 X176.46 Y190.405 E530.66973
G1 X176.656 Y190.654 E530.68027
G1 X176.871 Y190.899 E530.69112
G1 X177.067 Y191.105 E530.70057
G1 X177.289 Y191.307 E530.71056
G1 X177.557 Y191.542 E530.72241
G1 X177.873 Y191.796 E530.7359
G1 X178.278 Y192.135 E530.75346
G1 X178.301 Y192.154 E530.75445
G1 X178.507 Y192.361 E530.76417
G1 X178.523 Y192.378 E530.76494
G1 X178.477 Y192.448 E530.76773
G1 X178.455 Y192.469 E530.76874
G1 X178.283 Y192.638 E530.77676
G1 X178.265 Y192.653 E530.77754
G1 X177.874 Y192.982 E530.79454
G1 X177.43 Y193.341 E530.81353
G1 X177.112 Y193.638 E530.828
G1 X176.887 Y193.861 E530.83854
G1 X176.687 Y194.092 E530.8487
G1 X176.504 Y194.31 E530.85817
G1 X176.312 Y194.572 E530.86897
G1 X176.136 Y194.84 E530.87963
G1 X175.981 Y195.09 E530.88942
G1 X175.844 Y195.353 E530.89928
G1 X175.721 Y195.611 E530.90879
G1 X175.588 Y195.924 E530.9201
G1 X175.517 Y196.133 E530.92744
G1 X175.428 Y196.397 E530.93565
G1 X175.336 Y196.728 E530.94323
G1 X175.238 Y197.219 E530.95029
G1 X175.192 Y197.558 E530.95304
G1 X175.174 Y197.838 E530.95449
G1 X175.162 Y198.132 E530.95564
G1 X175.163 Y198.452 E530.95675
G1 X175.184 Y198.768 E530.95813
G1 X175.212 Y199.067 E530.96009
G1 X175.258 Y199.353 E530.9629
G1 X175.326 Y199.675 E530.96769
G1 X175.392 Y199.951 E530.9734
G1 X175.494 Y200.273 E530.98254
G1 X175.519 Y200.339 E530.98481
G1 X175.622 Y200.611 E530.99448
G1 X175.747 Y200.906 E531.00514
G1 X175.891 Y201.189 E531.0157
G1 X176.027 Y201.446 E531.02537
G1 X176.223 Y201.762 E531.03774
G1 X176.46 Y202.091 E531.05122
G1 X176.657 Y202.341 E531.06181
G1 X176.872 Y202.584 E531.0726
G1 X177.066 Y202.789 E531.08199
G1 X177.287 Y202.991 E531.09195
G1 X177.532 Y203.207 E531.10281
G1 X177.61 Y203.27 E531.10614
G1 X178.053 Y203.627 E531.11614
G0 F9000 X178.52 Y203.796
G0 X179.11 Y204.034
;TYPE:WALL-OUTER
G1 F1800 X174.721 Y204.007 E531.26212
G1 X174.722 Y145.982 E533.19204
G1 X178.787 Y146.006 E533.32724
G1 X178.568 Y146.196 E533.33689
G1 X178.362 Y146.36 E533.34565
G1 X178.136 Y146.544 E533.35534
G1 X177.929 Y146.708 E533.36412
G1 X177.693 Y146.902 E533.37428
G1 X177.389 Y147.185 E533.3881
G1 X177.18 Y147.393 E533.3979
G1 X176.991 Y147.611 E533.4075
G1 X176.818 Y147.817 E533.41645
G1 X176.641 Y148.06 E533.42645
G1 X176.473 Y148.314 E533.43658
G1 X176.329 Y148.548 E533.44571
G1 X176.202 Y148.791 E533.45483
G1 X176.086 Y149.035 E533.46382
G1 X175.962 Y149.326 E533.47434
G1 X175.81 Y149.775 E533.49011
G1 X175.725 Y150.08 E533.50064
G1 X175.633 Y150.544 E533.51637
G1 X175.59 Y150.857 E533.52688
G1 X175.573 Y151.118 E533.53558
G1 X175.562 Y151.398 E533.5449
G1 X175.563 Y151.697 E533.55484
G1 X175.583 Y151.995 E533.56478
G1 X175.609 Y152.277 E533.5742
G1 X175.651 Y152.539 E533.58302
G1 X175.716 Y152.846 E533.59346
G1 X175.778 Y153.103 E533.60225
G1 X175.871 Y153.401 E533.61264
G1 X175.961 Y153.65 E533.62144
G1 X176.081 Y153.94 E533.63188
G1 X176.21 Y154.196 E533.64141
G1 X176.339 Y154.44 E533.65059
G1 X176.491 Y154.697 E533.66053
G1 X176.661 Y154.944 E533.6705
G1 X176.819 Y155.163 E533.67948
G1 X177.018 Y155.412 E533.69008
G1 X177.244 Y155.656 E533.70114
G1 X177.44 Y155.849 E533.71029
G1 X177.698 Y156.083 E533.72188
G1 X178.388 Y156.646 E533.7515
G1 X178.605 Y156.84 E533.76118
G1 X178.825 Y157.058 E533.77148
G1 X178.968 Y157.245 E533.77931
G1 X178.994 Y157.336 E533.78246
G1 X178.822 Y157.611 E533.79325
G1 X178.641 Y157.791 E533.80174
G1 X178.464 Y157.96 E533.80987
G1 X178.266 Y158.116 E533.81826
G1 X177.746 Y158.545 E533.84068
G1 X177.536 Y158.734 E533.85008
G1 X177.346 Y158.909 E533.85867
G1 X177.113 Y159.151 E533.86984
G1 X176.925 Y159.372 E533.87949
G1 X176.722 Y159.625 E533.89028
G1 X176.474 Y159.999 E533.90521
G1 X176.329 Y160.233 E533.91436
G1 X176.202 Y160.476 E533.92348
G1 X176.086 Y160.72 E533.93247
G1 X175.962 Y161.011 E533.94299
G1 X175.81 Y161.46 E533.95875
G1 X175.725 Y161.765 E533.96929
G1 X175.633 Y162.229 E533.98502
G1 X175.59 Y162.542 E533.99553
G1 X175.573 Y162.803 E534.00423
G1 X175.562 Y163.084 E534.01358
G1 X175.563 Y163.382 E534.02349
G1 X175.583 Y163.68 E534.03343
G1 X175.609 Y163.962 E534.04284
G1 X175.651 Y164.224 E534.05167
G1 X175.716 Y164.531 E534.06211
G1 X175.778 Y164.788 E534.0709
G1 X175.872 Y165.087 E534.08132
G1 X175.993 Y165.407 E534.0927
G1 X176.11 Y165.682 E534.10264
G1 X176.246 Y165.95 E534.11264
G1 X176.374 Y166.191 E534.12172
G1 X176.555 Y166.483 E534.13314
G1 X176.78 Y166.794 E534.14591
G1 X176.964 Y167.029 E534.15584
G1 X177.166 Y167.258 E534.16599
G1 X177.347 Y167.449 E534.17474
G1 X177.554 Y167.639 E534.18409
G1 X177.789 Y167.845 E534.19448
G1 X178.13 Y168.119 E534.20903
G1 X178.565 Y168.483 E534.2279
G1 X178.8 Y168.719 E534.23898
G1 X178.991 Y169.018 E534.25078
G1 X178.826 Y169.292 E534.26141
G1 X178.641 Y169.476 E534.27009
G1 X178.464 Y169.645 E534.27823
G1 X178.266 Y169.801 E534.28662
G1 X177.746 Y170.23 E534.30904
G1 X177.536 Y170.419 E534.31843
G1 X177.346 Y170.594 E534.32703
G1 X177.113 Y170.836 E534.3382
G1 X176.925 Y171.057 E534.34785
G1 X176.722 Y171.31 E534.35864
G1 X176.474 Y171.684 E534.37356
G1 X176.329 Y171.918 E534.38272
G1 X176.202 Y172.162 E534.39187
G1 X176.086 Y172.405 E534.40082
G1 X175.962 Y172.696 E534.41135
G1 X175.81 Y173.145 E534.42711
G1 X175.725 Y173.45 E534.43764
G1 X175.633 Y173.915 E534.45341
G1 X175.59 Y174.228 E534.46392
G1 X175.573 Y174.489 E534.47262
G1 X175.562 Y174.769 E534.48194
G1 X175.563 Y175.068 E534.49188
G1 X175.583 Y175.365 E534.50178
G1 X175.609 Y175.647 E534.5112
G1 X175.651 Y175.91 E534.52006
G1 X175.716 Y176.217 E534.5305
G1 X175.778 Y176.474 E534.53929
G1 X175.872 Y176.772 E534.54968
G1 X175.993 Y177.092 E534.56106
G1 X176.11 Y177.367 E534.571
G1 X176.246 Y177.635 E534.581
G1 X176.374 Y177.876 E534.59007
G1 X176.555 Y178.168 E534.6015
G1 X176.78 Y178.479 E534.61427
G1 X176.964 Y178.714 E534.62419
G1 X177.166 Y178.944 E534.63437
G1 X177.347 Y179.134 E534.6431
G1 X177.555 Y179.324 E534.65247
G1 X177.814 Y179.55 E534.6639
G1 X178.13 Y179.804 E534.67739
G1 X178.565 Y180.168 E534.69625
G1 X178.821 Y180.425 E534.70832
G1 X178.968 Y180.616 E534.71634
G1 X178.994 Y180.706 E534.71945
G1 X178.826 Y180.977 E534.73006
G1 X178.638 Y181.164 E534.73888
G1 X178.453 Y181.339 E534.74735
G1 X178.005 Y181.7 E534.76648
G1 X177.745 Y181.916 E534.77772
G1 X177.347 Y182.278 E534.79562
G1 X177.113 Y182.521 E534.80684
G1 X176.925 Y182.742 E534.81649
G1 X176.722 Y182.995 E534.82728
G1 X176.474 Y183.369 E534.8422
G1 X176.329 Y183.603 E534.85136
G1 X176.202 Y183.847 E534.86051
G1 X176.086 Y184.09 E534.86946
G1 X175.962 Y184.381 E534.87999
G1 X175.81 Y184.83 E534.89575
G1 X175.725 Y185.135 E534.90628
G1 X175.633 Y185.6 E534.92205
G1 X175.59 Y185.913 E534.93256
G1 X175.573 Y186.174 E534.94126
G1 X175.562 Y186.454 E534.95058
G1 X175.563 Y186.753 E534.96052
G1 X175.583 Y187.051 E534.97045
G1 X175.609 Y187.332 E534.97984
G1 X175.651 Y187.595 E534.9887
G1 X175.716 Y187.902 E534.99914
G1 X175.778 Y188.159 E535.00793
G1 X175.872 Y188.457 E535.01832
G1 X175.993 Y188.777 E535.0297
G1 X176.11 Y189.052 E535.03964
G1 X176.246 Y189.319 E535.04961
G1 X176.374 Y189.562 E535.05874
G1 X176.555 Y189.853 E535.07014
G1 X176.78 Y190.164 E535.08291
G1 X176.964 Y190.399 E535.09283
G1 X177.166 Y190.629 E535.10302
G1 X177.347 Y190.819 E535.11174
G1 X177.555 Y191.009 E535.12111
G1 X177.814 Y191.235 E535.13255
G1 X178.13 Y191.489 E535.14603
G1 X178.565 Y191.853 E535.1649
G1 X178.821 Y192.11 E535.17696
G1 X178.968 Y192.301 E535.18498
G1 X178.993 Y192.39 E535.18805
G1 X178.79 Y192.701 E535.2004
G1 X178.54 Y192.945 E535.21202
G1 X178.13 Y193.288 E535.2298
G1 X177.693 Y193.643 E535.24853
G1 X177.389 Y193.926 E535.26234
G1 X177.18 Y194.134 E535.27215
G1 X176.991 Y194.352 E535.28175
G1 X176.819 Y194.557 E535.29065
G1 X176.641 Y194.8 E535.30067
G1 X176.473 Y195.055 E535.31082
G1 X176.329 Y195.288 E535.31993
G1 X176.202 Y195.532 E535.32908
G1 X176.086 Y195.775 E535.33804
G1 X175.962 Y196.067 E535.34859
G1 X175.81 Y196.515 E535.36432
G1 X175.725 Y196.821 E535.37489
G1 X175.633 Y197.285 E535.39062
G1 X175.59 Y197.598 E535.40113
G1 X175.573 Y197.859 E535.40983
G1 X175.562 Y198.139 E535.41915
G1 X175.563 Y198.438 E535.42909
G1 X175.583 Y198.736 E535.43903
G1 X175.609 Y199.017 E535.44841
G1 X175.651 Y199.28 E535.45727
G1 X175.716 Y199.587 E535.46771
G1 X175.778 Y199.844 E535.4765
G1 X175.872 Y200.142 E535.48689
G1 X175.993 Y200.462 E535.49827
G1 X176.11 Y200.737 E535.50821
G1 X176.246 Y201.005 E535.51821
G1 X176.374 Y201.247 E535.52731
G1 X176.555 Y201.539 E535.53874
G1 X176.78 Y201.85 E535.55151
G1 X176.964 Y202.085 E535.56143
G1 X177.167 Y202.314 E535.57161
G1 X177.347 Y202.504 E535.58032
G1 X177.554 Y202.694 E535.58966
G1 X177.789 Y202.901 E535.60008
G1 X178.104 Y203.153 E535.6135
G1 X178.317 Y203.327 E535.62264
G1 X178.534 Y203.495 E535.63177
G1 X178.945 Y203.857 E535.64999
G1 X179.11 Y204.034 E535.65804
G0 F9000 X178.52 Y203.796
G0 X175.79 Y203.531
;TYPE:FILL
G1 F3600 X175.549 Y203.291 E535.66935
G0 F9000 X175.304 Y203.288
G1 F3600 X175.24 Y203.528 E535.67761
G0 F9000 X176.696 Y203.436
G0 X176.713 Y202.689
G0 X175.646 Y200.221
G0 X175.371 Y199.046
G0 X175.334 Y197.847
G0 X175.492 Y196.766
G0 X175.868 Y195.677
G0 X176.445 Y194.664
G0 X178.158 Y192.637
G1 F3600 X178.266 Y192.233 E535.69152
G0 F9000 X177.233 Y191.363
G1 F3600 X176.556 Y191.544 E535.71483
G0 F9000 X176.777 Y191.544
G0 X176.589 Y190.308
G0 X176.033 Y189.429
G0 X175.547 Y188.223
G0 X175.345 Y187.07
G0 X175.352 Y185.889
G0 X175.581 Y184.76
G0 X176.121 Y183.485
G0 X176.758 Y182.588
G0 X176.751 Y178.806
G0 X176.166 Y177.995
G0 X175.646 Y176.851
G0 X175.371 Y175.676
G0 X175.334 Y174.477
G0 X175.492 Y173.395
G0 X175.796 Y172.514
G0 X176.736 Y170.536
G1 F3600 X176.556 Y170.356 E535.72329
G0 F9000 X176.487 Y170.352
;TYPE:SKIN
G1 F1800 X176.316 Y170.554 E535.7321
G1 X176.083 Y170.844 E535.74447
G1 X175.809 Y171.257 E535.76095
G1 X175.642 Y171.527 E535.77151
G1 X175.512 Y171.776 E535.78085
G1 X175.512 Y166.249 E535.96468
G1 X175.689 Y166.585 E535.97731
G1 X175.899 Y166.923 E535.99055
G1 X176.148 Y167.269 E536.00473
G1 X176.356 Y167.535 E536.01596
G1 X176.487 Y167.683 E536.02253
G1 X176.487 Y170.352 E536.1113
G0 F9000 X175.908 Y170.817
G1 F1800 X175.671 Y170.58 E536.12245
G0 F9000 X176.155 Y170.499
G1 F1800 X175.671 Y170.014 E536.14524
G0 F9000 X175.671 Y169.448
G1 F1800 X176.326 Y170.103 E536.17605
G0 F9000 X176.326 Y169.538
G1 F1800 X175.671 Y168.883 E536.20686
G0 F9000 X175.671 Y168.317
G1 F1800 X176.326 Y168.972 E536.23767
G0 F9000 X176.326 Y168.406
G1 F1800 X175.671 Y167.751 E536.26848
G0 F9000 X175.671 Y167.186
G1 F1800 X176.326 Y167.84 E536.29926
G0 F9000 X176.767 Y167.84
G0 X175.704 Y166.008
G0 X175.65 Y166.034
;TYPE:SKIN
G1 F1800 X175.281 Y165.664 E536.30795
G0 F9000 X175.446 Y165.547
G1 F1800 X175.281 Y165.381 E536.31185
G0 F9000 X175.281 Y165.947
G1 F1800 X175.424 Y166.09 E536.31521
G0 F9000 X175.232 Y166.09
G0 X175.232 Y171.904
G0 X175.298 Y171.904
G1 F1800 X175.573 Y172.179 E536.32168
G0 F9000 X175.489 Y172.377
G1 F1800 X175.281 Y172.169 E536.32657
G0 F9000 X175.281 Y172.452
G1 F1800 X175.409 Y172.58 E536.32958
G0 F9000 X175.457 Y172.597
G0 X175.42 Y173.211
G0 X175.231 Y177.932
G0 X175.511 Y177.932
;TYPE:SKIN
G1 F1800 X175.689 Y178.27 E536.34228
G1 X175.899 Y178.608 E536.35552
G1 X176.148 Y178.954 E536.3697
G1 X176.356 Y179.218 E536.38088
G1 X176.487 Y179.368 E536.3875
G1 X176.487 Y182.037 E536.47627
G1 X176.316 Y182.239 E536.48507
G1 X176.083 Y182.529 E536.49745
G1 X175.809 Y182.942 E536.51393
G1 X175.642 Y183.212 E536.52449
G1 X175.511 Y183.463 E536.53391
G1 X175.511 Y177.932 E536.71787
G0 F9000 X175.231 Y177.932
G0 X175.231 Y179.064
G0 X175.67 Y179.064
G1 F1800 X176.326 Y179.721 E536.74875
G0 F9000 X176.326 Y180.286
G1 F1800 X175.67 Y179.63 E536.77961
G0 F9000 X175.67 Y180.196
G1 F1800 X176.326 Y180.852 E536.81046
G0 F9000 X176.326 Y181.418
G1 F1800 X175.67 Y180.761 E536.84134
G0 F9000 X175.67 Y181.327
G1 F1800 X176.324 Y181.981 E536.8721
G0 F9000 X176.069 Y182.292
G1 F1800 X175.67 Y181.893 E536.89087
G0 F9000 X175.67 Y182.459
G1 F1800 X175.831 Y182.619 E536.89842
G0 F9000 X176.197 Y182.863
G0 X175.325 Y184.381
G0 X175.231 Y183.62
G0 X175.417 Y183.62
;TYPE:SKIN
G1 F1800 X175.602 Y183.804 E536.90276
G0 F9000 X175.515 Y184.001
G1 F1800 X175.28 Y183.765 E536.9083
G0 F9000 X175.28 Y184.048
G1 F1800 X175.432 Y184.2 E536.91187
G0 F9000 X175.28 Y184.331
G1 F1800 X175.361 Y184.412 E536.91378
G0 F9000 X175.315 Y184.44
G0 X176.699 Y182.07
G0 X176.713 Y179.32
G0 X175.686 Y177.658
G0 X175.492 Y177.755
G1 F1800 X175.281 Y177.543 E536.91875
G0 F9000 X175.281 Y177.261
G1 F1800 X175.587 Y177.567 E536.92595
G0 F9000 X175.394 Y177.091
G1 F1800 X175.281 Y176.978 E536.92861
G0 F9000 X175.231 Y189.617
G0 X175.511 Y189.617
;TYPE:SKIN
G1 F1800 X175.688 Y189.956 E536.94133
G1 X175.899 Y190.293 E536.95455
G1 X176.148 Y190.639 E536.96873
G1 X176.356 Y190.903 E536.97991
G1 X176.487 Y191.053 E536.98653
G1 X176.487 Y193.727 E537.07547
G1 X176.39 Y193.839 E537.0804
G1 X176.197 Y194.069 E537.09038
G1 X175.992 Y194.349 E537.10193
G1 X175.807 Y194.63 E537.11311
G1 X175.642 Y194.897 E537.12355
G1 X175.511 Y195.148 E537.13297
G1 X175.511 Y189.617 E537.31693
G0 F9000 X175.67 Y190.378
G1 F1800 X176 Y190.708 E537.33246
G0 F9000 X175.67 Y190.944
G1 F1800 X176.327 Y191.601 E537.36336
G0 F9000 X176.327 Y192.166
G1 F1800 X175.67 Y191.509 E537.39426
G0 F9000 X175.67 Y192.075
G1 F1800 X176.327 Y192.732 E537.42516
G0 F9000 X176.327 Y193.298
G1 F1800 X175.67 Y192.641 E537.45607
G0 F9000 X175.67 Y193.207
G1 F1800 X176.236 Y193.772 E537.48267
G0 F9000 X175.986 Y194.088
G1 F1800 X175.67 Y193.772 E537.49753
G0 F9000 X175.67 Y194.338
G1 F1800 X175.752 Y194.42 E537.50139
G0 F9000 X175.534 Y195.333
;TYPE:SKIN
G1 F1800 X175.631 Y195.43 E537.50367
G0 F9000 X175.542 Y195.624
G1 F1800 X175.281 Y195.362 E537.50982
G0 F9000 X175.281 Y195.645
G1 F1800 X175.457 Y195.822 E537.51397
G0 F9000 X175.281 Y195.928
G1 F1800 X175.383 Y196.031 E537.51638
G0 F9000 X175.429 Y196.047
G0 X175.231 Y189.478
G0 X175.336 Y189.478
G1 F1800 X175.28 Y189.422 E537.5177
G0 F9000 X175.28 Y189.139
G1 F1800 X175.563 Y189.422 E537.52435
G0 F9000 X175.522 Y189.098
G1 F1800 X175.28 Y188.856 E537.53005
G0 F9000 X175.231 Y188.856
G0 X175.231 Y201.302
G0 X175.511 Y201.302
;TYPE:SKIN
G1 F1800 X175.688 Y201.641 E537.54277
G1 X175.899 Y201.979 E537.55602
G1 X176.148 Y202.325 E537.5702
G1 X176.357 Y202.591 E537.58145
G1 X176.487 Y202.738 E537.58797
G1 X176.488 Y203.227 E537.60424
G1 X175.511 Y203.221 E537.63673
G1 X175.511 Y201.302 E537.70056
G0 F9000 X175.67 Y202.257
G1 F1800 X176.327 Y202.914 E537.73146
G0 F9000 X175.909 Y203.062
G1 F1800 X175.67 Y202.823 E537.74271
G0 F9000 X175.231 Y202.823
G0 X175.231 Y201.145
G0 X175.407 Y201.145
;TYPE:SKIN
G1 F1800 X175.28 Y201.019 E537.74568
G0 F9000 X175.28 Y200.736
G1 F1800 X175.634 Y201.09 E537.75401
G0 F9000 X175.458 Y200.631
G1 F1800 X175.28 Y200.453 E537.75819
G1 F1440 E536.25819
G0 F9000 X175.231 Y200.453
G0 X175.352 Y185.889
G0 X175.832 Y183.32
G0 X176.699 Y182.07
G0 X176.713 Y179.32
G0 X175.531 Y177.525
G0 X175.323 Y174.765
G0 X175.603 Y172.038
G0 X176.699 Y170.386
G0 X176.713 Y167.634
G0 X175.646 Y165.165
G0 X175.371 Y163.991
G0 X175.334 Y162.791
G0 X175.759 Y160.221
G0 X175.512 Y160.091
;TYPE:SKIN
G1 F1440 E537.75819
G1 F1800 X175.512 Y154.566 E537.94195
G1 X175.649 Y154.826 E537.95173
G1 X175.825 Y155.122 E537.96318
G1 X176.015 Y155.398 E537.97433
G1 X176.19 Y155.641 E537.98429
G1 X176.419 Y155.928 E537.9965
G1 X176.487 Y156.001 E537.99982
G1 X176.487 Y158.667 E538.08849
G1 X176.316 Y158.869 E538.09729
G1 X176.083 Y159.159 E538.10967
G1 X175.809 Y159.572 E538.12615
G1 X175.642 Y159.842 E538.13671
G1 X175.512 Y160.091 E538.14605
G0 F9000 X175.76 Y159.355
G1 F1800 X175.67 Y159.265 E538.15028
G0 F9000 X175.99 Y159.019
G1 F1800 X175.67 Y158.7 E538.16531
G0 F9000 X175.67 Y158.134
G1 F1800 X176.244 Y158.707 E538.19229
G0 F9000 X176.326 Y158.224
G1 F1800 X175.67 Y157.568 E538.22315
G0 F9000 X175.67 Y157.003
G1 F1800 X176.326 Y157.658 E538.25398
G0 F9000 X176.326 Y157.092
G1 F1800 X175.67 Y156.437 E538.28481
G0 F9000 X175.67 Y155.871
G1 F1800 X176.326 Y156.527 E538.31567
G0 F9000 X176.777 Y156.527
G0 X176.72 Y156.008
G0 X176.314 Y155.336
G0 X175.957 Y155.592
G1 F1800 X175.67 Y155.306 E538.32914
G0 F9000 X175.354 Y154.424
;TYPE:SKIN
G1 F1800 X175.281 Y154.35 E538.33087
G0 F9000 X175.281 Y154.067
G1 F1800 X175.581 Y154.368 E538.33794
G0 F9000 X175.499 Y154.003
G1 F1800 X175.281 Y153.785 E538.34307
G0 F9000 X175.232 Y153.785
G0 X175.327 Y161.01
G0 X175.696 Y160.35
G0 X175.556 Y160.282
G1 F1800 X175.636 Y160.362 E538.34495
G0 F9000 X175.547 Y160.556
G1 F1800 X175.281 Y160.29 E538.3512
G0 F9000 X175.281 Y160.573
G1 F1800 X175.462 Y160.755 E538.35547
G0 F9000 X175.281 Y160.856
G1 F1800 X175.387 Y160.962 E538.35796
G0 F9000 X175.435 Y160.979
G0 X176.699 Y158.701
G0 X176.713 Y155.95
G0 X175.607 Y154.315
G0 X175.324 Y151.705
G0 X175.382 Y150.733
G0 X175.759 Y148.536
G0 X175.512 Y148.406
;TYPE:SKIN
G1 F1800 X175.512 Y146.776 E538.41218
G1 X176.488 Y146.782 E538.44464
G1 X176.488 Y146.985 E538.45139
G1 X176.39 Y147.098 E538.45637
G1 X176.195 Y147.33 E538.46645
G1 X175.992 Y147.61 E538.47795
G1 X175.807 Y147.889 E538.48909
G1 X175.642 Y148.157 E538.49955
G1 X175.512 Y148.406 E538.5089
G0 F9000 X175.837 Y147.553
G1 F1800 X175.671 Y147.387 E538.5167
G0 F9000 X176.075 Y147.225
G1 F1800 X175.788 Y146.938 E538.5302
G0 F9000 X175.791 Y146.498
G0 X175.304 Y146.567
G0 X175.232 Y148.568
G0 X175.438 Y148.568
;TYPE:SKIN
G1 F1800 X175.607 Y148.737 E538.53418
G0 F9000 X175.52 Y148.933
G1 F1800 X175.281 Y148.693 E538.53981
G0 F9000 X175.281 Y148.976
G1 F1800 X175.436 Y149.131 E538.54346
G0 F9000 X175.281 Y149.259
G1 F1800 X175.364 Y149.343 E538.54542
G0 F9000 X175.318 Y149.383
G0 X176.771 Y147.016
G0 X176.683 Y146.985
G1 F1800 X176.753 Y146.772 E538.54783
G1 X176.922 Y146.658 E538.55002
G1 X177.885 Y146.49 E538.56052
G1 X178.176 Y146.215 E538.56482
G0 F9000 X178.136 Y146.252
G0 X177.005 Y147.229
G0 X176.271 Y148.185
G0 X175.738 Y149.241
G0 X175.397 Y150.505
G0 X175.324 Y151.705
G0 X175.482 Y152.898
G0 X175.789 Y153.821
G0 X176.767 Y155.988
G0 X176.76 Y156.113
G1 F1800 X176.66 Y156.296 E538.57191
G0 F9000 X176.767 Y156.271
G0 X176.728 Y158.458
G0 X176.838 Y158.454
G1 F1800 X176.704 Y158.603 E538.57869
G0 F9000 X176.767 Y158.534
G0 X175.581 Y161.39
G0 X175.352 Y162.518
G0 X175.345 Y163.699
G0 X175.547 Y164.852
G0 X175.822 Y165.536
G0 X176.728 Y167.532
G0 X176.798 Y167.747
G1 F1800 X176.692 Y167.924 E538.58838
G0 F9000 X176.767 Y167.867
G0 X176.767 Y170.131
G0 X176.727 Y170.222
G1 F1800 X176.938 Y170.15 E538.59356
G0 F9000 X176.919 Y170.131
G0 X175.738 Y172.611
G0 X175.397 Y173.876
G0 X175.324 Y175.076
G0 X175.482 Y176.269
G0 X175.714 Y176.948
G0 X176.767 Y179.465
G0 X176.636 Y179.465
G1 F1800 X176.812 Y179.64 E538.59769
G0 F9000 X176.718 Y181.824
G0 X176.749 Y181.84
G1 F1800 X176.679 Y182.053 E538.60501
G0 F9000 X176.767 Y182.01
G0 X178.559 Y180.82
G0 X178.588 Y180.851
G1 F1800 X178.645 Y180.908 E538.60635
G0 F9000 X178.559 Y180.82
G0 X176.936 Y182.361
G0 X176.273 Y183.24
G0 X175.738 Y184.296
G0 X175.397 Y185.561
G0 X175.324 Y186.761
G0 X175.482 Y187.954
G0 X175.814 Y188.925
G0 X176.767 Y191.061
G0 X176.754 Y191.179
G1 F1800 X176.656 Y191.364 E538.61285
G0 F9000 X176.767 Y191.344
G0 X176.777 Y193.422
G0 X176.82 Y193.508
G1 F1800 X176.7 Y193.671 E538.61992
G0 F9000 X176.767 Y193.607
G0 X175.581 Y196.445
G0 X175.352 Y197.574
G0 X175.345 Y198.755
G0 X175.547 Y199.908
G0 X175.822 Y200.591
G0 X176.725 Y202.583
G0 X176.786 Y202.808
G1 F1800 X176.687 Y202.992 E538.62417
G1 X176.677 Y203.264 E538.62971
G1 X177.099 Y203.404 E538.63877
G1 X177.282 Y203.303 E538.64302
G0 F9000 X178.208 Y203.664
G1 F1800 X178.398 Y203.853 E538.64748
;MESH:NONMESH
G0 F300 X178.398 Y203.853 Z6.4
G0 F9000 X178.088 Y203.628
;TIME_ELAPSED:999.649588
;LAYER:31
;TYPE:WALL-INNER
;MESH:Vertical_Tension_Member.stl
G1 F1800 X177.52 Y203.626 E538.66637
G1 X177.519 Y203.625 E538.66642
G1 X171.458 Y203.589 E538.86801
G1 X170.986 Y203.589 E538.88371
G1 X170.986 Y146.566 E540.7803
G1 X170.986 Y146.366 E540.78695
G1 X171.186 Y146.366 E540.79126
G1 X173.498 Y146.375 E540.86816
G1 X177.226 Y146.397 E540.99216
G1 X177.419 Y146.398 E540.99858
G1 X177.707 Y146.4 E541.00815
G1 X177.418 Y146.643 E541.0135
G1 X177.277 Y146.774 E541.01875
G1 X177.104 Y146.936 E541.02663
G1 X176.879 Y147.163 E541.03726
G1 X176.611 Y147.479 E541.05104
G1 X176.405 Y147.741 E541.06213
G1 X176.068 Y148.266 E541.08288
G1 X175.889 Y148.584 E541.09502
G1 X175.752 Y148.878 E541.1058
G1 X175.62 Y149.179 E541.11673
G1 X175.516 Y149.497 E541.12786
G1 X175.436 Y149.754 E541.13682
G1 X175.352 Y150.061 E541.1474
G1 X175.294 Y150.37 E541.15786
G1 X175.248 Y150.645 E541.16713
G1 X175.207 Y151.005 E541.17918
G1 X175.194 Y151.306 E541.1892
G1 X175.188 Y151.654 E541.20078
G1 X175.215 Y151.983 E541.21176
G1 X175.241 Y152.255 E541.22085
G1 X175.283 Y152.574 E541.23155
G1 X175.41 Y153.15 E541.25117
G1 X175.51 Y153.488 E541.26289
G1 X175.622 Y153.793 E541.2737
G1 X175.749 Y154.109 E541.28502
G1 X175.909 Y154.419 E541.29663
G1 X176.062 Y154.705 E541.30742
G1 X176.251 Y155.013 E541.31943
G1 X176.418 Y155.251 E541.3291
G1 X176.599 Y155.492 E541.33913
G1 X176.782 Y155.709 E541.34857
G1 X177.013 Y155.956 E541.35982
G1 X177.254 Y156.194 E541.37108
G1 X177.502 Y156.414 E541.38211
G1 X178.128 Y156.922 E541.40892
G1 X178.368 Y157.141 E541.41973
G1 X178.468 Y157.231 E541.42421
G1 X178.557 Y157.334 E541.42873
G1 X178.463 Y157.431 E541.43323
G1 X178.275 Y157.625 E541.44221
G1 X178.056 Y157.799 E541.45151
G1 X177.81 Y158.006 E541.46221
G1 X177.589 Y158.18 E541.47156
G1 X177.356 Y158.385 E541.48188
G1 X177.13 Y158.598 E541.49221
G1 X176.923 Y158.799 E541.50181
G1 X176.542 Y159.251 E541.52147
G1 X176.337 Y159.522 E541.53277
G1 X176.096 Y159.908 E541.54791
G1 X175.937 Y160.183 E541.55847
G1 X175.804 Y160.459 E541.56866
G1 X175.69 Y160.706 E541.57771
G1 X175.557 Y161.038 E541.58961
G1 X175.462 Y161.343 E541.60023
G1 X175.367 Y161.668 E541.61149
G1 X175.261 Y162.258 E541.63143
G1 X175.218 Y162.576 E541.64211
G1 X175.201 Y162.89 E541.65256
G1 X175.191 Y163.171 E541.66192
G1 X175.198 Y163.537 E541.67409
G1 X175.241 Y163.943 E541.68767
G1 X175.283 Y164.259 E541.69827
G1 X175.41 Y164.835 E541.71789
G1 X175.51 Y165.173 E541.72962
G1 X175.622 Y165.478 E541.74042
G1 X175.749 Y165.794 E541.75175
G1 X175.909 Y166.104 E541.76335
G1 X176.062 Y166.39 E541.77414
G1 X176.251 Y166.698 E541.78616
G1 X176.418 Y166.936 E541.79583
G1 X176.599 Y167.177 E541.80585
G1 X176.782 Y167.394 E541.8153
G1 X177.013 Y167.641 E541.82654
G1 X177.254 Y167.879 E541.83781
G1 X177.502 Y168.099 E541.84884
G1 X178.128 Y168.607 E541.87565
G1 X178.368 Y168.826 E541.88646
G1 X178.468 Y168.916 E541.89093
G1 X178.557 Y169.02 E541.89548
G1 X178.464 Y169.117 E541.89995
G1 X178.281 Y169.306 E541.9087
G1 X178.057 Y169.484 E541.91822
G1 X177.801 Y169.698 E541.92932
G1 X177.589 Y169.865 E541.93829
G1 X177.356 Y170.07 E541.94861
G1 X177.13 Y170.283 E541.95894
G1 X176.923 Y170.484 E541.96854
G1 X176.542 Y170.936 E541.9882
G1 X176.337 Y171.207 E541.9995
G1 X176.096 Y171.593 E542.01464
G1 X175.937 Y171.868 E542.0252
G1 X175.804 Y172.145 E542.03542
G1 X175.69 Y172.391 E542.04444
G1 X175.557 Y172.723 E542.05634
G1 X175.462 Y173.028 E542.06696
G1 X175.367 Y173.353 E542.07823
G1 X175.261 Y173.943 E542.09816
G1 X175.218 Y174.262 E542.10887
G1 X175.201 Y174.575 E542.11929
G1 X175.191 Y174.856 E542.12865
G1 X175.198 Y175.222 E542.14082
G1 X175.241 Y175.628 E542.1544
G1 X175.283 Y175.944 E542.165
G1 X175.41 Y176.52 E542.18462
G1 X175.51 Y176.858 E542.19635
G1 X175.622 Y177.163 E542.20715
G1 X175.749 Y177.479 E542.21848
G1 X175.909 Y177.789 E542.23008
G1 X176.062 Y178.075 E542.24087
G1 X176.251 Y178.383 E542.25289
G1 X176.418 Y178.621 E542.26256
G1 X176.599 Y178.862 E542.27258
G1 X176.782 Y179.079 E542.28203
G1 X177.013 Y179.326 E542.29327
G1 X177.254 Y179.564 E542.30454
G1 X177.502 Y179.784 E542.31557
G1 X178.124 Y180.289 E542.34221
G1 X178.368 Y180.51 E542.35316
G1 X178.468 Y180.6 E542.35764
G1 X178.557 Y180.705 E542.36222
G1 X178.463 Y180.802 E542.36671
G1 X178.276 Y180.995 E542.37565
G1 X178.057 Y181.169 E542.38495
G1 X177.801 Y181.383 E542.39605
G1 X177.588 Y181.552 E542.40509
G1 X177.357 Y181.756 E542.41534
G1 X177.131 Y181.968 E542.42565
G1 X176.923 Y182.17 E542.43529
G1 X176.543 Y182.621 E542.45491
G1 X176.337 Y182.892 E542.46623
G1 X176.096 Y183.279 E542.48139
G1 X175.937 Y183.553 E542.49193
G1 X175.804 Y183.83 E542.50215
G1 X175.69 Y184.076 E542.51117
G1 X175.557 Y184.409 E542.52309
G1 X175.462 Y184.712 E542.53365
G1 X175.367 Y185.038 E542.54495
G1 X175.261 Y185.628 E542.56489
G1 X175.218 Y185.947 E542.57559
G1 X175.201 Y186.26 E542.58602
G1 X175.191 Y186.541 E542.59537
G1 X175.198 Y186.908 E542.60758
G1 X175.241 Y187.313 E542.62112
G1 X175.283 Y187.629 E542.63173
G1 X175.41 Y188.205 E542.65134
G1 X175.51 Y188.544 E542.6631
G1 X175.619 Y188.842 E542.67365
G1 X175.749 Y189.164 E542.6852
G1 X175.909 Y189.474 E542.69681
G1 X176.062 Y189.76 E542.70759
G1 X176.25 Y190.068 E542.7196
G1 X176.419 Y190.308 E542.72936
G1 X176.6 Y190.547 E542.73933
G1 X176.782 Y190.763 E542.74872
G1 X177.013 Y191.011 E542.76
G1 X177.254 Y191.249 E542.77126
G1 X177.502 Y191.469 E542.78229
G1 X178.229 Y192.059 E542.81343
G1 X178.554 Y192.402 E542.82915
G1 X178.544 Y192.418 E542.82977
G1 X178.218 Y192.728 E542.84474
G1 X178.037 Y192.872 E542.85243
G1 X177.801 Y193.069 E542.86265
G1 X177.589 Y193.237 E542.87165
G1 X177.357 Y193.441 E542.88193
G1 X177.131 Y193.653 E542.89223
G1 X176.923 Y193.855 E542.90188
G1 X176.543 Y194.306 E542.92149
G1 X176.337 Y194.577 E542.93281
G1 X176.096 Y194.964 E542.94798
G1 X175.937 Y195.238 E542.95851
G1 X175.804 Y195.515 E542.96873
G1 X175.69 Y195.761 E542.97775
G1 X175.557 Y196.094 E542.98968
G1 X175.462 Y196.398 E543.00027
G1 X175.367 Y196.724 E543.01156
G1 X175.261 Y197.313 E543.03147
G1 X175.218 Y197.632 E543.04217
G1 X175.201 Y197.946 E543.05263
G1 X175.191 Y198.226 E543.06195
G1 X175.198 Y198.593 E543.07416
G1 X175.241 Y198.998 E543.08771
G1 X175.283 Y199.314 E543.09831
G1 X175.41 Y199.89 E543.11793
G1 X175.51 Y200.23 E543.12972
G1 X175.622 Y200.533 E543.14046
G1 X175.749 Y200.85 E543.15182
G1 X175.909 Y201.16 E543.16342
G1 X176.062 Y201.445 E543.17418
G1 X176.25 Y201.754 E543.18621
G1 X176.419 Y201.993 E543.19595
G1 X176.6 Y202.232 E543.20592
G1 X176.781 Y202.448 E543.21529
G1 X177.013 Y202.697 E543.22661
G1 X177.255 Y202.934 E543.23788
G1 X177.505 Y203.157 E543.24902
G1 X177.646 Y203.271 E543.25505
G1 X178.088 Y203.628 E543.26504
G0 F9000 X178.555 Y203.796
G0 X179.147 Y204.034
;TYPE:WALL-OUTER
G1 F1800 X171.457 Y203.989 E543.52081
G1 X170.586 Y203.989 E543.54978
G1 X170.586 Y145.964 E545.4797
G1 X173.5 Y145.975 E545.57662
G1 X178.533 Y146.005 E545.74402
G1 X178.818 Y146.008 E545.7535
G1 X178.57 Y146.227 E545.76451
G1 X178.337 Y146.406 E545.77428
G1 X178.126 Y146.578 E545.78333
G1 X177.921 Y146.741 E545.79204
G1 X177.684 Y146.942 E545.80238
G1 X177.382 Y147.223 E545.8161
G1 X177.174 Y147.433 E545.82593
G1 X176.921 Y147.732 E545.83896
G1 X176.731 Y147.973 E545.84917
G1 X176.411 Y148.472 E545.86888
G1 X176.245 Y148.767 E545.88014
G1 X176.116 Y149.043 E545.89027
G1 X175.994 Y149.322 E545.9004
G1 X175.897 Y149.619 E545.91079
G1 X175.82 Y149.866 E545.9194
G1 X175.742 Y150.151 E545.92923
G1 X175.688 Y150.44 E545.939
G1 X175.644 Y150.701 E545.94781
G1 X175.606 Y151.036 E545.95902
G1 X175.594 Y151.318 E545.96841
G1 X175.588 Y151.641 E545.97915
G1 X175.613 Y151.948 E545.9894
G1 X175.638 Y152.21 E545.99815
G1 X175.677 Y152.504 E546.00802
G1 X175.798 Y153.05 E546.02662
G1 X175.89 Y153.363 E546.03747
G1 X175.995 Y153.649 E546.0476
G1 X176.113 Y153.942 E546.05811
G1 X176.263 Y154.233 E546.069
G1 X176.409 Y154.506 E546.07929
G1 X176.585 Y154.793 E546.09049
G1 X176.742 Y155.016 E546.09956
G1 X176.912 Y155.243 E546.10899
G1 X177.081 Y155.443 E546.1177
G1 X177.3 Y155.677 E546.12836
G1 X177.528 Y155.902 E546.13902
G1 X177.761 Y156.109 E546.14938
G1 X178.387 Y156.618 E546.17622
G1 X178.583 Y156.785 E546.18478
G1 X178.758 Y156.954 E546.19287
G1 X178.936 Y157.162 E546.20198
G1 X179.033 Y157.315 E546.208
G1 X178.908 Y157.543 E546.21665
G1 X178.732 Y157.735 E546.22532
G1 X178.543 Y157.923 E546.23418
G1 X178.309 Y158.109 E546.24412
G1 X178.058 Y158.32 E546.25503
G1 X177.845 Y158.488 E546.26405
G1 X177.625 Y158.681 E546.27379
G1 X177.407 Y158.887 E546.28376
G1 X177.216 Y159.072 E546.29261
G1 X176.855 Y159.501 E546.31126
G1 X176.667 Y159.749 E546.32161
G1 X176.439 Y160.114 E546.33592
G1 X176.291 Y160.37 E546.34576
G1 X176.166 Y160.63 E546.35535
G1 X176.057 Y160.865 E546.36397
G1 X175.934 Y161.172 E546.37497
G1 X175.845 Y161.458 E546.38493
G1 X175.757 Y161.76 E546.39539
G1 X175.656 Y162.32 E546.41432
G1 X175.617 Y162.613 E546.42415
G1 X175.601 Y162.908 E546.43397
G1 X175.591 Y163.174 E546.44283
G1 X175.598 Y163.512 E546.45407
G1 X175.638 Y163.896 E546.46691
G1 X175.677 Y164.189 E546.47674
G1 X175.798 Y164.735 E546.49535
G1 X175.89 Y165.048 E546.5062
G1 X175.995 Y165.334 E546.51633
G1 X176.113 Y165.627 E546.52683
G1 X176.263 Y165.918 E546.53772
G1 X176.409 Y166.191 E546.54802
G1 X176.585 Y166.478 E546.55922
G1 X176.742 Y166.701 E546.56829
G1 X176.912 Y166.928 E546.57772
G1 X177.081 Y167.128 E546.58643
G1 X177.3 Y167.362 E546.59709
G1 X177.528 Y167.587 E546.60774
G1 X177.761 Y167.794 E546.61811
G1 X178.387 Y168.303 E546.64495
G1 X178.583 Y168.47 E546.65351
G1 X178.758 Y168.639 E546.6616
G1 X178.936 Y168.847 E546.67071
G1 X179.03 Y168.997 E546.67659
G1 X178.911 Y169.226 E546.68518
G1 X178.732 Y169.421 E546.69398
G1 X178.549 Y169.604 E546.70259
G1 X178.31 Y169.794 E546.71275
G1 X178.058 Y170.005 E546.72368
G1 X177.845 Y170.173 E546.7327
G1 X177.625 Y170.366 E546.74243
G1 X177.407 Y170.572 E546.75241
G1 X177.216 Y170.757 E546.76125
G1 X176.855 Y171.186 E546.7799
G1 X176.667 Y171.434 E546.79025
G1 X176.439 Y171.799 E546.80457
G1 X176.291 Y172.055 E546.8144
G1 X176.166 Y172.316 E546.82403
G1 X176.057 Y172.55 E546.83261
G1 X175.934 Y172.857 E546.84361
G1 X175.845 Y173.143 E546.85357
G1 X175.757 Y173.445 E546.86404
G1 X175.656 Y174.005 E546.88296
G1 X175.617 Y174.299 E546.89283
G1 X175.601 Y174.593 E546.90262
G1 X175.591 Y174.859 E546.91147
G1 X175.598 Y175.197 E546.92272
G1 X175.638 Y175.581 E546.93556
G1 X175.677 Y175.874 E546.94539
G1 X175.798 Y176.42 E546.96399
G1 X175.89 Y176.733 E546.97484
G1 X175.995 Y177.019 E546.98497
G1 X176.113 Y177.312 E546.99548
G1 X176.263 Y177.603 E547.00637
G1 X176.409 Y177.876 E547.01667
G1 X176.585 Y178.163 E547.02786
G1 X176.742 Y178.386 E547.03693
G1 X176.912 Y178.613 E547.04637
G1 X177.081 Y178.813 E547.05508
G1 X177.3 Y179.047 E547.06574
G1 X177.528 Y179.272 E547.07639
G1 X177.761 Y179.479 E547.08676
G1 X178.384 Y179.985 E547.11345
G1 X178.583 Y180.155 E547.12216
G1 X178.758 Y180.324 E547.13025
G1 X178.938 Y180.535 E547.13947
G1 X179.031 Y180.682 E547.14526
G1 X178.911 Y180.911 E547.15386
G1 X178.732 Y181.106 E547.16266
G1 X178.544 Y181.293 E547.17148
G1 X178.31 Y181.479 E547.18142
G1 X178.058 Y181.69 E547.19235
G1 X177.845 Y181.859 E547.2014
G1 X177.626 Y182.052 E547.21111
G1 X177.407 Y182.257 E547.22108
G1 X177.216 Y182.443 E547.22995
G1 X176.855 Y182.871 E547.24857
G1 X176.667 Y183.119 E547.25892
G1 X176.439 Y183.485 E547.27327
G1 X176.291 Y183.74 E547.28307
G1 X176.166 Y184.001 E547.2927
G1 X176.057 Y184.235 E547.30128
G1 X175.934 Y184.543 E547.31231
G1 X175.845 Y184.828 E547.32224
G1 X175.757 Y185.13 E547.33271
G1 X175.656 Y185.69 E547.35163
G1 X175.617 Y185.984 E547.3615
G1 X175.601 Y186.278 E547.37129
G1 X175.591 Y186.544 E547.38014
G1 X175.598 Y186.883 E547.39142
G1 X175.638 Y187.266 E547.40423
G1 X175.677 Y187.559 E547.41406
G1 X175.798 Y188.105 E547.43266
G1 X175.89 Y188.419 E547.44354
G1 X175.992 Y188.698 E547.45342
G1 X176.113 Y188.997 E547.46415
G1 X176.263 Y189.288 E547.47504
G1 X176.409 Y189.561 E547.48534
G1 X176.585 Y189.848 E547.49654
G1 X176.742 Y190.072 E547.50563
G1 X176.913 Y190.298 E547.51506
G1 X177.081 Y190.498 E547.52375
G1 X177.3 Y190.732 E547.53441
G1 X177.528 Y190.957 E547.54506
G1 X177.761 Y191.164 E547.55543
G1 X178.494 Y191.76 E547.58685
G1 X178.705 Y191.96 E547.59652
G1 X179.012 Y192.324 E547.61236
G1 X179.031 Y192.383 E547.61442
G1 X178.86 Y192.67 E547.62553
G1 X178.484 Y193.028 E547.6428
G1 X178.29 Y193.182 E547.65104
G1 X178.058 Y193.376 E547.66109
G1 X177.845 Y193.544 E547.67012
G1 X177.626 Y193.737 E547.67983
G1 X177.407 Y193.942 E547.6898
G1 X177.216 Y194.128 E547.69867
G1 X176.855 Y194.556 E547.71729
G1 X176.667 Y194.804 E547.72764
G1 X176.439 Y195.17 E547.74199
G1 X176.291 Y195.425 E547.75179
G1 X176.166 Y195.686 E547.76142
G1 X176.057 Y195.92 E547.77
G1 X175.934 Y196.228 E547.78103
G1 X175.845 Y196.513 E547.79096
G1 X175.757 Y196.816 E547.80146
G1 X175.656 Y197.375 E547.82035
G1 X175.617 Y197.669 E547.83022
G1 X175.601 Y197.964 E547.84004
G1 X175.591 Y198.229 E547.84886
G1 X175.598 Y198.568 E547.86014
G1 X175.638 Y198.951 E547.87295
G1 X175.677 Y199.244 E547.88278
G1 X175.798 Y199.79 E547.90138
G1 X175.89 Y200.104 E547.91226
G1 X175.995 Y200.389 E547.92236
G1 X176.113 Y200.683 E547.9329
G1 X176.263 Y200.974 E547.94379
G1 X176.409 Y201.246 E547.95406
G1 X176.585 Y201.534 E547.96528
G1 X176.742 Y201.757 E547.97435
G1 X176.913 Y201.983 E547.98378
G1 X177.081 Y202.183 E547.99247
G1 X177.3 Y202.418 E548.00315
G1 X177.528 Y202.642 E548.01378
G1 X177.764 Y202.852 E548.02429
G1 X178.338 Y203.316 E548.04884
G1 X178.564 Y203.489 E548.0583
G1 X178.97 Y203.849 E548.07635
G1 X179.147 Y204.034 E548.08487
G0 F9000 X178.555 Y203.796
G0 X175.993 Y203.535
;TYPE:FILL
G1 F3600 X175.752 Y203.293 E548.09623
G0 F9000 X175.157 Y203.29
G1 F3600 X175.093 Y203.53 E548.10449
G0 F9000 X172.161 Y203.411
G0 X172.089 Y199.851
G0 X172.309 Y199.851
G1 F3600 X171.065 Y198.607 E548.163
G0 F9000 X171.065 Y193.161
G1 F3600 X172.308 Y192.828 E548.2058
G0 F9000 X172.089 Y192.828
G0 X172.161 Y203.411
G0 X176.548 Y203.436
G0 X176.557 Y202.473
G0 X175.027 Y198.604
G0 X176.196 Y194.48
G0 X176.542 Y193.984
G0 X176.61 Y191.733
G0 X176.4 Y191.732
G1 F3600 X177.383 Y191.469 E548.23965
G0 F9000 X178.155 Y192.102
G1 F3600 X177.96 Y192.831 E548.26475
G1 F1440 E546.76475
G0 F9000 X175.396 Y196.037
G0 X175.348 Y200.284
G0 X176.543 Y202.488
G0 X176.548 Y203.436
G0 X172.161 Y203.411
G0 X172.089 Y182.88
G0 X172.309 Y182.88
G1 F1440 E548.26475
G1 F3600 X171.065 Y181.636 E548.32326
G0 F9000 X171.065 Y180.738
G1 F3600 X172.307 Y180.405 E548.36603
G1 F1440 E546.86603
G0 F9000 X172.089 Y180.405
G0 X172.161 Y203.411
G0 X176.548 Y203.436
G0 X176.557 Y202.473
G0 X175.027 Y198.604
G0 X176.196 Y194.48
G0 X176.542 Y193.984
G0 X176.557 Y190.788
G0 X175.027 Y186.919
G0 X176.196 Y182.795
G0 X176.542 Y182.299
G0 X176.611 Y179.309
G0 X176.4 Y179.309
G1 F1440 E548.36603
G1 F3600 X176.79 Y179.204 E548.37946
G0 F9000 X175.771 Y177.105
G0 X175.441 Y175.915
G0 X175.351 Y174.857
G0 X175.419 Y173.968
G0 X175.708 Y172.777
G0 X176.847 Y170.448
G1 F3600 X176.399 Y170 E548.40053
G1 F1440 E546.90053
G0 F9000 X176.621 Y170
G0 X176.557 Y167.419
G0 X175.027 Y163.548
G0 X176.196 Y159.425
G0 X176.542 Y158.928
G0 X176.557 Y155.734
G0 X175.017 Y151.66
G0 X176.266 Y147.642
G0 X176.543 Y147.236
G0 X176.539 Y146.575
G0 X172.161 Y146.552
G0 X172.089 Y167.982
G0 X172.307 Y167.982
G1 F1440 E548.40053
G1 F3600 X171.066 Y168.315 E548.44327
G0 F9000 X172.089 Y167.561
G0 X172.308 Y167.561
G1 F3600 X171.065 Y172.198 E548.60294
G0 F9000 X172.089 Y165.909
G0 X172.309 Y165.909
G1 F3600 X171.065 Y164.666 E548.66143
G0 F9000 X171.065 Y155.891
G1 F3600 X172.307 Y155.558 E548.7042
G0 F9000 X172.089 Y155.558
G0 X172.089 Y148.939
G0 X172.309 Y148.939
G1 F3600 X171.065 Y147.695 E548.76272
G0 F9000 X172.161 Y146.552
G0 X172.379 Y146.761
;TYPE:SKIN
G1 F1800 X173.496 Y146.765 E548.79987
G1 X176.331 Y146.782 E548.89416
G1 X176.331 Y147.206 E548.90826
G1 X176.087 Y147.515 E548.92136
G1 X175.734 Y148.065 E548.9431
G1 X175.542 Y148.406 E548.95611
G1 X175.397 Y148.718 E548.96755
G1 X175.255 Y149.04 E548.97926
G1 X175.144 Y149.378 E548.99109
G1 X175.062 Y149.645 E549.00038
G1 X174.972 Y149.973 E549.01169
G1 X174.91 Y150.302 E549.02283
G1 X174.862 Y150.59 E549.03254
G1 X174.817 Y150.974 E549.0454
G1 X174.804 Y151.294 E549.05605
G1 X174.798 Y151.666 E549.06843
G1 X174.827 Y152.018 E549.08017
G1 X174.853 Y152.299 E549.08956
G1 X174.899 Y152.642 E549.10107
G1 X175.032 Y153.247 E549.12167
G1 X175.14 Y153.611 E549.1343
G1 X175.258 Y153.933 E549.14571
G1 X175.394 Y154.271 E549.15783
G1 X175.564 Y154.6 E549.17014
G1 X175.723 Y154.9 E549.18144
G1 X175.925 Y155.227 E549.19422
G1 X176.102 Y155.48 E549.20449
G1 X176.293 Y155.736 E549.21511
G1 X176.331 Y155.78 E549.21705
G1 X176.33 Y158.898 E549.32075
G1 X176.238 Y159.007 E549.3255
G1 X176.015 Y159.3 E549.33774
G1 X175.762 Y159.707 E549.35368
G1 X175.592 Y160 E549.36495
G1 X175.451 Y160.293 E549.37576
G1 X175.331 Y160.552 E549.38526
G1 X175.189 Y160.907 E549.39797
G1 X175.089 Y161.23 E549.40922
G1 X174.987 Y161.578 E549.42128
G1 X174.875 Y162.198 E549.44224
G1 X174.83 Y162.539 E549.45368
G1 X174.811 Y162.872 E549.46477
G1 X174.801 Y163.167 E549.47459
G1 X174.808 Y163.561 E549.48769
G1 X174.853 Y163.99 E549.50204
G1 X174.899 Y164.327 E549.51335
G1 X175.032 Y164.932 E549.53396
G1 X175.14 Y165.296 E549.54658
G1 X175.258 Y165.618 E549.55799
G1 X175.394 Y165.956 E549.57011
G1 X175.564 Y166.285 E549.58243
G1 X175.723 Y166.585 E549.59372
G1 X175.925 Y166.912 E549.6065
G1 X176.102 Y167.165 E549.61677
G1 X176.293 Y167.42 E549.62737
G1 X176.331 Y167.465 E549.62933
G1 X176.331 Y170.581 E549.73297
G1 X176.238 Y170.692 E549.73778
G1 X176.015 Y170.985 E549.75003
G1 X175.762 Y171.392 E549.76597
G1 X175.592 Y171.686 E549.77726
G1 X175.451 Y171.979 E549.78808
G1 X175.332 Y172.237 E549.79753
G1 X175.189 Y172.592 E549.81026
G1 X175.089 Y172.915 E549.8215
G1 X174.987 Y173.263 E549.83357
G1 X174.875 Y173.883 E549.85452
G1 X174.83 Y174.225 E549.86599
G1 X174.811 Y174.557 E549.87705
G1 X174.801 Y174.852 E549.88687
G1 X174.808 Y175.246 E549.89998
G1 X174.853 Y175.675 E549.91433
G1 X174.899 Y176.012 E549.92564
G1 X175.032 Y176.617 E549.94624
G1 X175.14 Y176.981 E549.95887
G1 X175.258 Y177.303 E549.97028
G1 X175.394 Y177.641 E549.98239
G1 X175.564 Y177.97 E549.99471
G1 X175.723 Y178.27 E550.006
G1 X175.925 Y178.597 E550.01879
G1 X176.102 Y178.85 E550.02906
G1 X176.293 Y179.106 E550.03968
G1 X176.331 Y179.15 E550.04161
G1 X176.33 Y182.268 E550.14532
G1 X176.239 Y182.377 E550.15004
G1 X176.015 Y182.67 E550.16231
G1 X175.762 Y183.078 E550.17828
G1 X175.592 Y183.37 E550.18951
G1 X175.451 Y183.664 E550.20036
G1 X175.332 Y183.922 E550.20981
G1 X175.189 Y184.278 E550.22257
G1 X175.089 Y184.599 E550.23375
G1 X174.987 Y184.948 E550.24584
G1 X174.875 Y185.568 E550.2668
G1 X174.83 Y185.91 E550.27827
G1 X174.811 Y186.242 E550.28933
G1 X174.801 Y186.537 E550.29915
G1 X174.808 Y186.932 E550.31229
G1 X174.853 Y187.36 E550.3266
G1 X174.899 Y187.697 E550.33792
G1 X175.032 Y188.302 E550.35852
G1 X175.139 Y188.667 E550.37117
G1 X175.255 Y188.982 E550.38234
G1 X175.394 Y189.326 E550.39468
G1 X175.564 Y189.655 E550.40699
G1 X175.723 Y189.953 E550.41823
G1 X175.924 Y190.282 E550.43105
G1 X176.104 Y190.538 E550.44146
G1 X176.296 Y190.791 E550.45202
G1 X176.331 Y190.833 E550.45384
G1 X176.33 Y193.953 E550.55761
G1 X176.239 Y194.062 E550.56233
G1 X176.015 Y194.355 E550.5746
G1 X175.762 Y194.763 E550.59057
G1 X175.592 Y195.055 E550.60181
G1 X175.451 Y195.349 E550.61265
G1 X175.332 Y195.607 E550.6221
G1 X175.189 Y195.963 E550.63486
G1 X175.089 Y196.285 E550.64608
G1 X174.987 Y196.634 E550.65817
G1 X174.875 Y197.253 E550.67909
G1 X174.83 Y197.595 E550.69056
G1 X174.811 Y197.928 E550.70166
G1 X174.801 Y198.222 E550.71144
G1 X174.808 Y198.617 E550.72458
G1 X174.853 Y199.045 E550.7389
G1 X174.899 Y199.382 E550.75021
G1 X175.032 Y199.987 E550.77081
G1 X175.14 Y200.353 E550.7835
G1 X175.258 Y200.673 E550.79485
G1 X175.394 Y201.012 E550.807
G1 X175.564 Y201.341 E550.81931
G1 X175.723 Y201.638 E550.83052
G1 X175.924 Y201.968 E550.84337
G1 X176.105 Y202.223 E550.85377
G1 X176.296 Y202.476 E550.86431
G1 X176.331 Y202.517 E550.86611
G1 X176.33 Y203.228 E550.88975
G1 X172.379 Y203.204 E551.02117
G1 X172.379 Y146.761 E552.89847
G0 F9000 X172.38 Y146.481
G0 X176.539 Y146.575
G0 X176.611 Y147.021
G0 X176.17 Y147.021
G1 F1800 X174.422 Y146.929 E552.95669
G0 F9000 X174.425 Y146.491
G0 X176.539 Y146.575
G0 X176.557 Y147.251
G0 X176.084 Y148.037
G0 X175.714 Y147.798
G1 F1800 X172.537 Y147.632 E553.0625
G0 F9000 X172.538 Y148.032
G1 F1800 X175.48 Y148.187 E553.16049
G0 F9000 X175.284 Y148.577
G1 F1800 X172.538 Y148.433 E553.25195
G0 F9000 X172.538 Y148.833
G1 F1800 X175.11 Y148.968 E553.33761
G0 F9000 X174.979 Y149.362
G1 F1800 X172.538 Y149.234 E553.41891
G0 F9000 X172.538 Y149.635
G1 F1800 X174.863 Y149.756 E553.49634
G0 F9000 X174.774 Y150.152
G1 F1800 X172.538 Y150.035 E553.57081
G0 F9000 X172.537 Y150.436
G1 F1800 X174.704 Y150.549 E553.64299
G0 F9000 X174.657 Y150.947
G1 F1800 X172.537 Y150.836 E553.71359
G0 F9000 X172.537 Y151.237
G1 F1800 X174.643 Y151.347 E553.78374
G0 F9000 X174.644 Y151.748
G1 F1800 X172.537 Y151.637 E553.85391
G0 F9000 X172.537 Y152.038
G1 F1800 X174.679 Y152.15 E553.92525
G0 F9000 X174.725 Y152.553
G1 F1800 X172.537 Y152.438 E553.99813
G0 F9000 X172.537 Y152.839
G1 F1800 X174.804 Y152.958 E554.07363
G0 F9000 X174.899 Y153.363
G1 F1800 X172.537 Y153.239 E554.1523
G0 F9000 X172.537 Y153.64
G1 F1800 X175.029 Y153.771 E554.2353
G0 F9000 X175.184 Y154.179
G1 F1800 X172.537 Y154.041 E554.32346
G0 F9000 X172.537 Y154.441
G1 F1800 X175.379 Y154.59 E554.41811
G0 F9000 X175.598 Y155.002
G1 F1800 X172.537 Y154.842 E554.52006
G0 F9000 X172.537 Y155.242
G1 F1800 X175.863 Y155.416 E554.63084
G0 F9000 X176.166 Y155.833
G1 F1800 X172.537 Y155.643 E554.7517
G0 F9000 X172.537 Y156.043
G1 F1800 X176.17 Y156.234 E554.8727
G0 F9000 X176.17 Y156.634
G1 F1800 X172.537 Y156.444 E554.9937
G0 F9000 X172.537 Y156.844
G1 F1800 X176.17 Y157.035 E555.1147
G0 F9000 X176.169 Y157.435
G1 F1800 X172.537 Y157.245 E555.23567
G0 F9000 X172.537 Y157.645
G1 F1800 X176.169 Y157.836 E555.35664
G0 F9000 X176.169 Y158.236
G1 F1800 X172.537 Y158.046 E555.4776
G0 F9000 X172.537 Y158.447
G1 F1800 X176.169 Y158.637 E555.59857
G0 F9000 X176.018 Y159.03
G1 F1800 X172.538 Y158.847 E555.71447
G0 F9000 X172.538 Y159.248
G1 F1800 X175.752 Y159.416 E555.82152
G0 F9000 X175.518 Y159.804
G1 F1800 X172.538 Y159.648 E555.92077
G0 F9000 X172.538 Y160.049
G1 F1800 X175.319 Y160.195 E556.01339
G0 F9000 X175.143 Y160.586
G1 F1800 X172.538 Y160.449 E556.10015
G0 F9000 X172.538 Y160.85
G1 F1800 X174.996 Y160.979 E556.18202
G0 F9000 X174.878 Y161.373
G1 F1800 X172.538 Y161.25 E556.25996
G0 F9000 X172.538 Y161.651
G1 F1800 X174.787 Y161.769 E556.33486
G0 F9000 X174.715 Y162.166
G1 F1800 X172.538 Y162.052 E556.40737
G0 F9000 X172.538 Y162.452
G1 F1800 X174.667 Y162.564 E556.47828
G0 F9000 X174.647 Y162.963
G1 F1800 X172.538 Y162.853 E556.54852
G0 F9000 X172.537 Y163.253
G1 F1800 X174.644 Y163.364 E556.61869
G0 F9000 X174.668 Y163.765
G1 F1800 X172.537 Y163.654 E556.68967
G0 F9000 X172.537 Y164.054
G1 F1800 X174.716 Y164.168 E556.76224
G0 F9000 X174.789 Y164.573
G1 F1800 X172.537 Y164.455 E556.83725
G0 F9000 X172.537 Y164.855
G1 F1800 X174.879 Y164.978 E556.91525
G0 F9000 X175.003 Y165.385
G1 F1800 X172.537 Y165.256 E556.99738
G0 F9000 X172.537 Y165.656
G1 F1800 X175.156 Y165.794 E557.08461
G0 F9000 X175.342 Y166.204
G1 F1800 X172.537 Y166.057 E557.17803
G0 F9000 X172.537 Y166.458
G1 F1800 X175.558 Y166.616 E557.27865
G0 F9000 X175.814 Y167.03
G1 F1800 X172.537 Y166.858 E557.38779
G0 F9000 X172.537 Y167.259
G1 F1800 X176.112 Y167.446 E557.50686
G0 F9000 X176.171 Y167.85
G1 F1800 X172.537 Y167.659 E557.62789
G0 F9000 X172.537 Y168.06
G1 F1800 X176.171 Y168.25 E557.74893
G0 F9000 X176.17 Y168.651
G1 F1800 X172.537 Y168.46 E557.86993
G0 F9000 X172.537 Y168.861
G1 F1800 X176.17 Y169.051 E557.99093
G0 F9000 X176.17 Y169.452
G1 F1800 X172.537 Y169.261 E558.11193
G0 F9000 X172.538 Y169.662
G1 F1800 X176.171 Y169.852 E558.23293
G0 F9000 X176.171 Y170.253
G1 F1800 X172.538 Y170.063 E558.35392
G0 F9000 X172.538 Y170.463
G1 F1800 X176.069 Y170.648 E558.47153
G0 F9000 X175.793 Y171.034
G1 F1800 X172.538 Y170.864 E558.57994
G0 F9000 X172.538 Y171.264
G1 F1800 X175.557 Y171.422 E558.68049
G0 F9000 X175.352 Y171.812
G1 F1800 X172.538 Y171.665 E558.77421
G0 F9000 X172.538 Y172.065
G1 F1800 X175.17 Y172.203 E558.86187
G0 F9000 X175.018 Y172.596
G1 F1800 X172.538 Y172.466 E558.94447
G0 F9000 X172.538 Y172.866
G1 F1800 X174.898 Y172.99 E559.02307
G0 F9000 X174.8 Y173.385
G1 F1800 X172.538 Y173.267 E559.09841
G0 F9000 X172.538 Y173.667
G1 F1800 X174.728 Y173.782 E559.17135
G0 F9000 X174.674 Y174.18
G1 F1800 X172.538 Y174.068 E559.24249
G0 F9000 X172.538 Y174.469
G1 F1800 X174.649 Y174.579 E559.31279
G0 F9000 X174.642 Y174.979
G1 F1800 X172.538 Y174.869 E559.38287
G0 F9000 X172.538 Y175.27
G1 F1800 X174.661 Y175.381 E559.45358
G0 F9000 X174.706 Y175.784
G1 F1800 X172.538 Y175.67 E559.52579
G0 F9000 X172.537 Y176.071
G1 F1800 X174.773 Y176.188 E559.60026
G0 F9000 X174.862 Y176.593
G1 F1800 X172.537 Y176.471 E559.67769
G0 F9000 X172.537 Y176.872
G1 F1800 X174.978 Y177 E559.75899
G0 F9000 X175.128 Y177.408
G1 F1800 X172.537 Y177.272 E559.84529
G0 F9000 X172.537 Y177.673
G1 F1800 X175.305 Y177.818 E559.93748
G0 F9000 X175.52 Y178.23
G1 F1800 X172.537 Y178.073 E560.03683
G0 F9000 X172.537 Y178.474
G1 F1800 X175.766 Y178.643 E560.14437
G0 F9000 X176.059 Y179.059
G1 F1800 X172.537 Y178.875 E560.26168
G0 F9000 X172.537 Y179.275
G1 F1800 X176.17 Y179.466 E560.38268
G0 F9000 X176.17 Y179.866
G1 F1800 X172.537 Y179.676 E560.50368
G0 F9000 X172.537 Y180.076
G1 F1800 X176.17 Y180.267 E560.62468
G0 F9000 X176.17 Y180.667
G1 F1800 X172.538 Y180.477 E560.74564
G0 F9000 X172.538 Y180.877
G1 F1800 X176.17 Y181.068 E560.86661
G0 F9000 X176.17 Y181.468
G1 F1800 X172.538 Y181.278 E560.98758
G0 F9000 X172.538 Y181.678
G1 F1800 X176.17 Y181.869 E561.10854
G0 F9000 X176.121 Y182.267
G1 F1800 X172.538 Y182.079 E561.22788
G0 F9000 X172.538 Y182.48
G1 F1800 X175.835 Y182.652 E561.33769
G0 F9000 X175.597 Y183.04
G1 F1800 X172.538 Y182.88 E561.43957
G0 F9000 X172.538 Y183.281
G1 F1800 X175.384 Y183.43 E561.53436
G0 F9000 X175.2 Y183.821
G1 F1800 X172.538 Y183.681 E561.62302
G0 F9000 X172.538 Y184.082
G1 F1800 X175.04 Y184.213 E561.70635
G0 F9000 X174.919 Y184.607
G1 F1800 X172.538 Y184.482 E561.78565
G0 F9000 X172.538 Y184.883
G1 F1800 X174.813 Y185.002 E561.86142
G0 F9000 X174.741 Y185.399
G1 F1800 X172.538 Y185.283 E561.93479
G0 F9000 X172.538 Y185.684
G1 F1800 X174.682 Y185.796 E562.0062
G0 F9000 X174.652 Y186.195
G1 F1800 X172.538 Y186.084 E562.07661
G0 F9000 X172.538 Y186.485
G1 F1800 X174.642 Y186.595 E562.14669
G0 F9000 X174.654 Y186.996
G1 F1800 X172.538 Y186.886 E562.21716
G0 F9000 X172.538 Y187.286
G1 F1800 X174.697 Y187.399 E562.28907
G0 F9000 X174.758 Y187.803
G1 F1800 X172.538 Y187.687 E562.363
G0 F9000 X172.538 Y188.087
G1 F1800 X174.847 Y188.208 E562.43991
G0 F9000 X174.956 Y188.615
G1 F1800 X172.538 Y188.488 E562.52044
G0 F9000 X172.537 Y188.888
G1 F1800 X175.1 Y189.023 E562.6058
G0 F9000 X175.269 Y189.432
G1 F1800 X172.537 Y189.289 E562.6968
G0 F9000 X172.537 Y189.689
G1 F1800 X175.483 Y189.844 E562.79492
G0 F9000 X175.722 Y190.257
G1 F1800 X172.537 Y190.09 E562.90099
G0 F9000 X172.537 Y190.49
G1 F1800 X176.005 Y190.672 E563.0165
G0 F9000 X176.17 Y191.081
G1 F1800 X172.537 Y190.891 E563.1375
G0 F9000 X172.538 Y191.292
G1 F1800 X176.171 Y191.482 E563.2585
G0 F9000 X176.171 Y191.883
G1 F1800 X172.538 Y191.692 E563.3795
G0 F9000 X172.538 Y192.093
G1 F1800 X176.171 Y192.283 E563.5005
G0 F9000 X176.171 Y192.684
G1 F1800 X172.538 Y192.493 E563.6215
G0 F9000 X172.538 Y192.894
G1 F1800 X176.17 Y193.084 E563.74246
G0 F9000 X176.17 Y193.485
G1 F1800 X172.538 Y193.294 E563.86343
G0 F9000 X172.538 Y193.695
G1 F1800 X176.17 Y193.885 E563.9844
G0 F9000 X175.877 Y194.27
G1 F1800 X172.538 Y194.095 E564.09561
G0 F9000 X172.538 Y194.496
G1 F1800 X175.638 Y194.658 E564.19885
G0 F9000 X175.416 Y195.047
G1 F1800 X172.538 Y194.897 E564.29471
G0 F9000 X172.538 Y195.297
G1 F1800 X175.231 Y195.438 E564.3844
G0 F9000 X175.067 Y195.83
G1 F1800 X172.538 Y195.698 E564.46863
G0 F9000 X172.538 Y196.098
G1 F1800 X174.939 Y196.224 E564.5486
G0 F9000 X174.825 Y196.619
G1 F1800 X172.538 Y196.499 E564.62477
G0 F9000 X172.538 Y196.899
G1 F1800 X174.753 Y197.015 E564.69854
G0 F9000 X174.691 Y197.413
G1 F1800 X172.538 Y197.3 E564.77025
G0 F9000 X172.538 Y197.7
G1 F1800 X174.656 Y197.811 E564.84079
G0 F9000 X174.64 Y198.211
G1 F1800 X172.538 Y198.101 E564.9108
G0 F9000 X172.538 Y198.502
G1 F1800 X174.647 Y198.612 E564.98104
G0 F9000 X174.688 Y199.015
G1 F1800 X172.538 Y198.902 E565.05264
G0 F9000 X172.538 Y199.303
G1 F1800 X174.743 Y199.418 E565.12608
G0 F9000 X174.831 Y199.823
G1 F1800 X172.538 Y199.703 E565.20245
G0 F9000 X172.538 Y200.104
G1 F1800 X174.936 Y200.229 E565.28232
G0 F9000 X175.074 Y200.637
G1 F1800 X172.538 Y200.504 E565.36678
G0 F9000 X172.538 Y200.905
G1 F1800 X175.236 Y201.046 E565.45664
G0 F9000 X175.444 Y201.458
G1 F1800 X172.537 Y201.305 E565.55346
G0 F9000 X172.537 Y201.706
G1 F1800 X175.677 Y201.87 E565.65804
G0 F9000 X175.954 Y202.285
G1 F1800 X172.537 Y202.106 E565.77185
G0 F9000 X172.538 Y202.507
G1 F1800 X176.171 Y202.697 E565.89285
G0 F9000 X175.478 Y203.062
G1 F1800 X172.538 Y202.908 E565.99076
G1 F1440 E564.49076
G0 F9000 X172.089 Y202.908
G0 X172.161 Y203.411
G0 X176.548 Y203.436
G0 X176.557 Y202.473
G0 X175.027 Y198.604
G0 X176.196 Y194.48
G0 X176.542 Y193.984
G0 X176.557 Y190.788
G0 X175.027 Y186.919
G0 X176.196 Y182.795
G0 X176.542 Y182.299
G0 X176.557 Y179.104
G0 X175.027 Y175.233
G0 X176.196 Y171.11
G0 X176.543 Y170.612
G0 X176.557 Y167.419
G0 X175.057 Y164.099
G0 X175.95 Y159.82
G0 X176.542 Y158.928
G0 X176.557 Y155.734
G0 X175.566 Y153.109
G0 X175.375 Y151.969
G0 X175.407 Y150.668
G0 X175.617 Y149.76
G0 X176.315 Y147.676
G0 X175.965 Y147.411
G1 F1440 E565.99076
G1 F1800 X172.537 Y147.231 E566.10494
G0 F9000 X172.089 Y147.231
G0 X172.161 Y146.552
G0 X176.539 Y146.575
G0 X176.611 Y147.091
G0 X176.48 Y147.091
;TYPE:SKIN
G1 F1800 X177.001 Y146.57 E566.11719
G0 F9000 X176.72 Y146.569
G1 F1800 X176.48 Y146.808 E566.12282
G0 F9000 X176.611 Y146.808
G0 X177.84 Y146.3
G0 X177.9 Y146.236
G1 F1800 X178.079 Y146.34 E566.13335
G0 F9000 X177.847 Y146.416
G0 X176.736 Y147.58
G0 X176.032 Y148.657
G0 X175.59 Y149.799
G0 X175.367 Y151.017
G0 X175.4 Y152.237
G0 X175.636 Y153.317
G0 X176.614 Y155.752
G0 X176.533 Y155.805
G1 F1800 X176.6 Y156.022 E566.1415
G0 F9000 X176.62 Y156.143
G0 X176.571 Y158.645
G0 X176.541 Y158.625
G1 F1800 X176.64 Y158.81 E566.15206
G0 F9000 X176.802 Y158.649
G0 X175.708 Y161.092
G0 X175.419 Y162.283
G0 X175.359 Y163.526
G0 X175.566 Y164.794
G0 X175.703 Y165.143
G0 X176.614 Y167.437
G0 X176.513 Y167.422
G1 F1800 X176.578 Y167.64 E566.15827
G0 F9000 X176.611 Y167.739
G0 X176.621 Y170.221
G0 X176.511 Y170.252
G1 F1800 X176.611 Y170.436 E566.16592
G0 F9000 X176.611 Y170.567
G0 X175.615 Y173.074
G0 X175.379 Y174.277
G0 X175.4 Y175.609
G0 X175.636 Y176.688
G0 X176.637 Y179.178
G0 X176.559 Y179.256
G1 F1800 X176.707 Y179.391 E566.17265
G0 F9000 X176.772 Y179.326
G0 X176.68 Y181.964
G1 F1800 X176.48 Y182.164 E566.17735
G0 F9000 X176.61 Y182.164
G0 X175.616 Y184.759
G0 X175.379 Y185.962
G0 X175.4 Y187.294
G0 X175.635 Y188.374
G0 X176.614 Y190.806
G0 X176.538 Y190.873
G1 F1800 X176.605 Y191.089 E566.18
G1 X176.52 Y192.023 E566.19099
G1 X176.549 Y193.691 E566.21053
G1 X176.653 Y193.869 E566.21294
G0 F9000 X176.816 Y193.707
G0 X175.708 Y196.148
G0 X175.419 Y197.338
G0 X175.359 Y198.582
G0 X175.566 Y199.849
G0 X175.703 Y200.199
G0 X176.614 Y202.491
G0 X176.518 Y202.49
G1 F1800 X176.584 Y202.707 E566.21478
G1 X176.52 Y203.053 E566.21761
G1 X177.332 Y203.373 E566.22466
G1 X178.3 Y203.536 E566.23258
G1 X178.371 Y203.748 E566.23438
G0 F9000 X178.548 Y203.854
G1 F1800 X178.625 Y203.777 E566.2362
;MESH:NONMESH
G0 F300 X178.625 Y203.777 Z6.6
G0 F9000 X178.123 Y203.628
;TIME_ELAPSED:1052.535898
;LAYER:32
;TYPE:WALL-INNER
;MESH:Vertical_Tension_Member.stl
G1 F1800 X178.088 Y203.628 E566.23736
G1 X177.832 Y203.627 E566.24587
G1 X177.6 Y203.626 E566.25359
G1 X171.479 Y203.589 E566.45718
G1 X171.025 Y203.589 E566.47228
G1 X171.025 Y146.565 E568.36891
G1 X171.025 Y146.365 E568.37556
G1 X171.225 Y146.365 E568.37987
G1 X173.322 Y146.374 E568.44961
G1 X177.25 Y146.397 E568.58026
G1 X177.52 Y146.398 E568.58924
G1 X177.746 Y146.4 E568.59676
G1 X177.519 Y146.584 E568.60025
G1 X177.321 Y146.766 E568.60696
G1 X177.138 Y146.935 E568.61525
G1 X176.922 Y147.153 E568.62545
G1 X176.711 Y147.401 E568.63628
G1 X176.537 Y147.614 E568.64543
G1 X176.332 Y147.901 E568.65716
G1 X176.119 Y148.24 E568.67048
G1 X175.964 Y148.503 E568.68063
G1 X175.727 Y149.018 E568.69949
G1 X175.603 Y149.313 E568.71013
G1 X175.45 Y149.82 E568.72774
G1 X175.357 Y150.182 E568.74018
G1 X175.31 Y150.457 E568.74946
G1 X175.262 Y150.764 E568.75979
G1 X175.239 Y151.063 E568.76976
G1 X175.227 Y151.366 E568.77985
G1 X175.224 Y151.708 E568.79123
G1 X175.281 Y152.32 E568.81167
G1 X175.325 Y152.641 E568.82244
G1 X175.446 Y153.149 E568.83981
G1 X175.53 Y153.451 E568.85024
G1 X175.718 Y153.946 E568.86785
G1 X175.836 Y154.223 E568.87787
G1 X175.997 Y154.527 E568.88931
G1 X176.131 Y154.768 E568.89848
G1 X176.311 Y155.051 E568.90963
G1 X176.594 Y155.438 E568.92558
G1 X176.78 Y155.669 E568.93544
G1 X176.983 Y155.891 E568.94545
G1 X177.199 Y156.101 E568.95547
G1 X177.414 Y156.303 E568.96528
G1 X177.626 Y156.485 E568.97457
G1 X177.823 Y156.638 E568.98287
G1 X178.018 Y156.805 E568.99141
G1 X178.258 Y156.994 E569.00157
G1 X178.438 Y157.169 E569.00992
G1 X178.441 Y157.172 E569.01006
G1 X178.588 Y157.333 E569.01731
G1 X178.379 Y157.556 E569.02748
G1 X178.376 Y157.559 E569.02762
G1 X178.209 Y157.707 E569.03504
G1 X177.519 Y158.27 E569.06466
G1 X177.139 Y158.621 E569.08187
G1 X176.922 Y158.837 E569.09205
G1 X176.71 Y159.087 E569.10295
G1 X176.537 Y159.299 E569.11205
G1 X176.332 Y159.585 E569.12376
G1 X176.119 Y159.925 E569.1371
G1 X175.964 Y160.188 E569.14725
G1 X175.727 Y160.703 E569.16611
G1 X175.603 Y160.998 E569.17675
G1 X175.45 Y161.505 E569.19437
G1 X175.357 Y161.867 E569.2068
G1 X175.31 Y162.142 E569.21608
G1 X175.262 Y162.449 E569.22641
G1 X175.239 Y162.749 E569.23642
G1 X175.227 Y163.053 E569.24654
G1 X175.224 Y163.393 E569.25785
G1 X175.281 Y164.006 E569.27832
G1 X175.325 Y164.326 E569.28907
G1 X175.446 Y164.835 E569.30647
G1 X175.53 Y165.136 E569.31686
G1 X175.718 Y165.632 E569.3345
G1 X175.837 Y165.911 E569.34459
G1 X176.094 Y166.385 E569.36253
G1 X176.242 Y166.639 E569.3723
G1 X176.593 Y167.123 E569.39219
G1 X176.781 Y167.354 E569.40209
G1 X176.983 Y167.576 E569.41208
G1 X177.199 Y167.786 E569.4221
G1 X177.414 Y167.988 E569.43191
G1 X177.626 Y168.17 E569.4412
G1 X177.823 Y168.323 E569.4495
G1 X178.018 Y168.49 E569.45804
G1 X178.258 Y168.68 E569.46822
G1 X178.439 Y168.855 E569.47659
G1 X178.442 Y168.858 E569.47673
G1 X178.589 Y169.019 E569.48398
G1 X178.379 Y169.241 E569.49415
G1 X178.376 Y169.244 E569.49429
G1 X178.209 Y169.392 E569.50171
G1 X177.519 Y169.955 E569.53133
G1 X177.139 Y170.306 E569.54854
G1 X176.922 Y170.522 E569.55872
G1 X176.71 Y170.772 E569.56962
G1 X176.537 Y170.984 E569.57872
G1 X176.332 Y171.27 E569.59043
G1 X176.119 Y171.61 E569.60377
G1 X175.964 Y171.873 E569.61393
G1 X175.727 Y172.388 E569.63278
G1 X175.603 Y172.685 E569.64349
G1 X175.45 Y173.19 E569.66104
G1 X175.357 Y173.552 E569.67347
G1 X175.31 Y173.829 E569.68281
G1 X175.262 Y174.135 E569.69311
G1 X175.239 Y174.433 E569.70305
G1 X175.227 Y174.738 E569.71321
G1 X175.224 Y175.078 E569.72452
G1 X175.281 Y175.691 E569.74499
G1 X175.325 Y176.012 E569.75577
G1 X175.446 Y176.52 E569.77314
G1 X175.53 Y176.821 E569.78353
G1 X175.718 Y177.317 E569.80117
G1 X175.837 Y177.596 E569.81126
G1 X176.094 Y178.07 E569.8292
G1 X176.242 Y178.324 E569.83897
G1 X176.593 Y178.808 E569.85886
G1 X176.781 Y179.038 E569.86874
G1 X176.983 Y179.262 E569.87877
G1 X177.199 Y179.473 E569.88881
G1 X177.414 Y179.673 E569.89858
G1 X177.626 Y179.855 E569.90787
G1 X177.823 Y180.008 E569.91617
G1 X178.018 Y180.175 E569.92471
G1 X178.258 Y180.365 E569.93489
G1 X178.439 Y180.54 E569.94326
G1 X178.442 Y180.543 E569.9434
G1 X178.589 Y180.704 E569.95066
G1 X178.379 Y180.926 E569.96082
G1 X178.376 Y180.929 E569.96096
G1 X178.209 Y181.077 E569.96838
G1 X177.519 Y181.64 E569.998
G1 X177.138 Y181.991 E570.01523
G1 X176.922 Y182.209 E570.02544
G1 X176.711 Y182.457 E570.03627
G1 X176.537 Y182.67 E570.04542
G1 X176.332 Y182.956 E570.05712
G1 X176.119 Y183.296 E570.07047
G1 X175.964 Y183.558 E570.08059
G1 X175.727 Y184.074 E570.09948
G1 X175.604 Y184.368 E570.11008
G1 X175.45 Y184.875 E570.1277
G1 X175.357 Y185.238 E570.14016
G1 X175.31 Y185.513 E570.14944
G1 X175.262 Y185.82 E570.15978
G1 X175.239 Y186.118 E570.16972
G1 X175.227 Y186.423 E570.17987
G1 X175.224 Y186.763 E570.19118
G1 X175.281 Y187.376 E570.21166
G1 X175.325 Y187.697 E570.22243
G1 X175.446 Y188.205 E570.2398
G1 X175.53 Y188.507 E570.25023
G1 X175.718 Y189.001 E570.26781
G1 X175.836 Y189.278 E570.27782
G1 X175.997 Y189.582 E570.28926
G1 X176.131 Y189.823 E570.29843
G1 X176.311 Y190.106 E570.30959
G1 X176.594 Y190.493 E570.32554
G1 X176.78 Y190.722 E570.33535
G1 X176.983 Y190.947 E570.34543
G1 X177.198 Y191.156 E570.3554
G1 X177.413 Y191.359 E570.36523
G1 X177.628 Y191.541 E570.3746
G1 X177.837 Y191.705 E570.38344
G1 X178.018 Y191.86 E570.39137
G1 X178.258 Y192.05 E570.40155
G1 X178.439 Y192.225 E570.40992
G1 X178.443 Y192.229 E570.41011
G1 X178.591 Y192.385 E570.41726
G1 X178.379 Y192.611 E570.42757
G1 X178.375 Y192.614 E570.42773
G1 X178.209 Y192.762 E570.43513
G1 X177.519 Y193.325 E570.46475
G1 X177.138 Y193.676 E570.48198
G1 X176.922 Y193.894 E570.49219
G1 X176.711 Y194.142 E570.50302
G1 X176.537 Y194.355 E570.51216
G1 X176.332 Y194.641 E570.52387
G1 X176.119 Y194.981 E570.53721
G1 X175.964 Y195.243 E570.54734
G1 X175.727 Y195.759 E570.56622
G1 X175.604 Y196.053 E570.57682
G1 X175.45 Y196.56 E570.59445
G1 X175.357 Y196.923 E570.60691
G1 X175.31 Y197.198 E570.61619
G1 X175.262 Y197.505 E570.62652
G1 X175.239 Y197.804 E570.6365
G1 X175.227 Y198.107 E570.64658
G1 X175.224 Y198.448 E570.65793
G1 X175.281 Y199.061 E570.6784
G1 X175.325 Y199.382 E570.68918
G1 X175.446 Y199.89 E570.70655
G1 X175.53 Y200.192 E570.71697
G1 X175.718 Y200.686 E570.73455
G1 X175.836 Y200.964 E570.7446
G1 X175.997 Y201.268 E570.75604
G1 X176.131 Y201.508 E570.76518
G1 X176.311 Y201.792 E570.77637
G1 X176.594 Y202.179 E570.79231
G1 X176.78 Y202.41 E570.80218
G1 X176.983 Y202.632 E570.81218
G1 X177.199 Y202.842 E570.8222
G1 X177.414 Y203.044 E570.83201
G1 X177.628 Y203.227 E570.84138
G1 X177.649 Y203.243 E570.84226
G1 X177.833 Y203.385 E570.84855
G1 X178.088 Y203.602 E570.85354
G1 X178.123 Y203.628 E570.85378
G0 F9000 X178.588 Y203.798
G0 X179.184 Y204.034
;TYPE:WALL-OUTER
G1 F1800 X171.478 Y203.989 E571.11009
G1 X170.625 Y203.989 E571.13846
G1 X170.625 Y145.964 E573.06838
G1 X173.323 Y145.974 E573.15812
G1 X178.86 Y146.006 E573.34228
G1 X178.478 Y146.326 E573.35885
G1 X178.25 Y146.506 E573.36852
G1 X177.781 Y146.887 E573.38861
G1 X177.416 Y147.223 E573.40511
G1 X177.217 Y147.424 E573.41452
G1 X177.018 Y147.657 E573.42471
G1 X176.855 Y147.857 E573.43329
G1 X176.664 Y148.124 E573.44421
G1 X176.461 Y148.448 E573.45693
G1 X176.319 Y148.689 E573.46623
G1 X176.093 Y149.179 E573.48418
G1 X175.98 Y149.449 E573.49392
G1 X175.835 Y149.927 E573.51053
G1 X175.749 Y150.265 E573.52213
G1 X175.705 Y150.522 E573.5308
G1 X175.66 Y150.811 E573.54053
G1 X175.638 Y151.087 E573.54974
G1 X175.627 Y151.376 E573.55936
G1 X175.624 Y151.691 E573.56984
G1 X175.678 Y152.274 E573.58931
G1 X175.719 Y152.567 E573.59915
G1 X175.833 Y153.049 E573.61562
G1 X175.91 Y153.326 E573.62519
G1 X176.089 Y153.797 E573.64194
G1 X176.197 Y154.051 E573.65112
G1 X176.348 Y154.336 E573.66185
G1 X176.475 Y154.563 E573.6705
G1 X176.642 Y154.826 E573.68086
G1 X176.911 Y155.194 E573.69603
G1 X177.084 Y155.408 E573.70518
G1 X177.271 Y155.613 E573.71441
G1 X177.475 Y155.812 E573.72389
G1 X177.681 Y156.005 E573.73327
G1 X177.879 Y156.175 E573.74195
G1 X178.083 Y156.334 E573.75056
G1 X178.272 Y156.496 E573.75884
G1 X178.517 Y156.689 E573.76921
G1 X178.733 Y156.898 E573.77921
G1 X179.037 Y157.232 E573.79423
G1 X179.065 Y157.341 E573.79797
G1 X178.855 Y157.654 E573.81051
G1 X178.656 Y157.845 E573.81968
G1 X178.462 Y158.017 E573.82831
G1 X177.781 Y158.572 E573.85752
G1 X177.416 Y158.909 E573.87405
G1 X177.217 Y159.108 E573.88341
G1 X177.018 Y159.343 E573.89365
G1 X176.855 Y159.543 E573.90223
G1 X176.664 Y159.808 E573.9131
G1 X176.461 Y160.133 E573.92584
G1 X176.319 Y160.374 E573.93514
G1 X176.093 Y160.864 E573.95309
G1 X175.98 Y161.134 E573.96283
G1 X175.835 Y161.612 E573.97944
G1 X175.749 Y161.95 E573.99104
G1 X175.705 Y162.207 E573.99971
G1 X175.66 Y162.496 E574.00944
G1 X175.638 Y162.772 E574.01865
G1 X175.627 Y163.062 E574.0283
G1 X175.624 Y163.376 E574.03875
G1 X175.678 Y163.96 E574.05825
G1 X175.719 Y164.252 E574.06806
G1 X175.833 Y164.735 E574.08457
G1 X175.91 Y165.011 E574.0941
G1 X176.089 Y165.482 E574.11086
G1 X176.198 Y165.737 E574.12008
G1 X176.443 Y166.189 E574.13718
G1 X176.578 Y166.42 E574.14608
G1 X176.91 Y166.879 E574.16492
G1 X177.084 Y167.093 E574.17409
G1 X177.271 Y167.298 E574.18332
G1 X177.475 Y167.497 E574.1928
G1 X177.681 Y167.69 E574.20219
G1 X177.879 Y167.86 E574.21087
G1 X178.083 Y168.019 E574.21947
G1 X178.272 Y168.181 E574.22775
G1 X178.517 Y168.375 E574.23815
G1 X178.733 Y168.583 E574.24812
G1 X179.037 Y168.917 E574.26314
G1 X179.065 Y169.027 E574.26692
G1 X178.855 Y169.339 E574.27942
G1 X178.656 Y169.53 E574.2886
G1 X178.462 Y169.702 E574.29722
G1 X177.781 Y170.257 E574.32644
G1 X177.416 Y170.594 E574.34296
G1 X177.217 Y170.793 E574.35233
G1 X177.018 Y171.028 E574.36257
G1 X176.855 Y171.228 E574.37115
G1 X176.664 Y171.493 E574.38201
G1 X176.461 Y171.818 E574.39476
G1 X176.319 Y172.059 E574.40406
G1 X176.093 Y172.549 E574.42201
G1 X175.98 Y172.82 E574.43177
G1 X175.835 Y173.298 E574.44839
G1 X175.749 Y173.635 E574.45996
G1 X175.705 Y173.893 E574.46866
G1 X175.66 Y174.182 E574.47839
G1 X175.638 Y174.457 E574.48757
G1 X175.627 Y174.747 E574.49722
G1 X175.624 Y175.061 E574.50766
G1 X175.678 Y175.645 E574.52717
G1 X175.719 Y175.938 E574.53701
G1 X175.833 Y176.42 E574.55348
G1 X175.91 Y176.696 E574.56301
G1 X176.089 Y177.167 E574.57977
G1 X176.198 Y177.422 E574.589
G1 X176.443 Y177.874 E574.6061
G1 X176.578 Y178.105 E574.61499
G1 X176.91 Y178.564 E574.63384
G1 X177.084 Y178.777 E574.64298
G1 X177.271 Y178.984 E574.65226
G1 X177.475 Y179.183 E574.66174
G1 X177.681 Y179.375 E574.67111
G1 X177.879 Y179.545 E574.67979
G1 X178.083 Y179.704 E574.68839
G1 X178.272 Y179.866 E574.69667
G1 X178.517 Y180.06 E574.70706
G1 X178.733 Y180.268 E574.71704
G1 X179.037 Y180.602 E574.73206
G1 X179.065 Y180.712 E574.73583
G1 X178.855 Y181.024 E574.74834
G1 X178.656 Y181.215 E574.75752
G1 X178.462 Y181.387 E574.76614
G1 X177.781 Y181.942 E574.79536
G1 X177.416 Y182.279 E574.81188
G1 X177.217 Y182.48 E574.82129
G1 X177.018 Y182.713 E574.83148
G1 X176.855 Y182.913 E574.84006
G1 X176.664 Y183.179 E574.85095
G1 X176.461 Y183.504 E574.8637
G1 X176.319 Y183.744 E574.87297
G1 X176.093 Y184.235 E574.89095
G1 X175.981 Y184.504 E574.90064
G1 X175.835 Y184.983 E574.9173
G1 X175.749 Y185.321 E574.9289
G1 X175.705 Y185.578 E574.93757
G1 X175.66 Y185.867 E574.9473
G1 X175.638 Y186.142 E574.95647
G1 X175.627 Y186.432 E574.96613
G1 X175.624 Y186.746 E574.97657
G1 X175.678 Y187.33 E574.99608
G1 X175.719 Y187.623 E575.00592
G1 X175.833 Y188.105 E575.02239
G1 X175.91 Y188.382 E575.03195
G1 X176.089 Y188.852 E575.04868
G1 X176.197 Y189.106 E575.05786
G1 X176.348 Y189.391 E575.06859
G1 X176.475 Y189.618 E575.07724
G1 X176.642 Y189.881 E575.0876
G1 X176.911 Y190.249 E575.10276
G1 X177.084 Y190.462 E575.11189
G1 X177.271 Y190.669 E575.12117
G1 X177.475 Y190.867 E575.13062
G1 X177.68 Y191.061 E575.14001
G1 X177.88 Y191.231 E575.14874
G1 X178.083 Y191.389 E575.1573
G1 X178.272 Y191.551 E575.16558
G1 X178.517 Y191.745 E575.17597
G1 X178.729 Y191.949 E575.18576
G1 X178.933 Y192.166 E575.19566
G1 X179.066 Y192.395 E575.20447
G1 X178.855 Y192.709 E575.21705
G1 X178.656 Y192.9 E575.22623
G1 X178.462 Y193.072 E575.23485
G1 X177.781 Y193.627 E575.26407
G1 X177.416 Y193.964 E575.28059
G1 X177.217 Y194.165 E575.29
G1 X177.018 Y194.398 E575.30019
G1 X176.855 Y194.598 E575.30877
G1 X176.664 Y194.864 E575.31966
G1 X176.461 Y195.189 E575.33241
G1 X176.319 Y195.429 E575.34168
G1 X176.093 Y195.92 E575.35966
G1 X175.981 Y196.189 E575.36935
G1 X175.835 Y196.668 E575.38601
G1 X175.749 Y197.006 E575.39761
G1 X175.705 Y197.263 E575.40628
G1 X175.66 Y197.552 E575.41601
G1 X175.638 Y197.828 E575.42522
G1 X175.627 Y198.117 E575.43484
G1 X175.624 Y198.431 E575.44528
G1 X175.678 Y199.015 E575.46479
G1 X175.719 Y199.308 E575.47463
G1 X175.833 Y199.79 E575.4911
G1 X175.91 Y200.067 E575.50066
G1 X176.089 Y200.537 E575.51739
G1 X176.197 Y200.792 E575.5266
G1 X176.348 Y201.076 E575.5373
G1 X176.475 Y201.303 E575.54595
G1 X176.642 Y201.567 E575.55634
G1 X176.911 Y201.935 E575.5715
G1 X177.084 Y202.149 E575.58066
G1 X177.271 Y202.354 E575.58988
G1 X177.475 Y202.553 E575.59936
G1 X177.681 Y202.746 E575.60875
G1 X177.88 Y202.916 E575.61746
G1 X178.078 Y203.069 E575.62578
G1 X178.337 Y203.288 E575.63706
G1 X178.59 Y203.476 E575.64754
G1 X178.775 Y203.647 E575.65592
G1 X178.989 Y203.829 E575.66527
G1 X179.184 Y204.034 E575.67468
G0 F9000 X178.588 Y203.798
G0 X172.373 Y203.412
G0 X172.301 Y199.863
G0 X172.52 Y199.863
;TYPE:FILL
G1 F3600 X171.104 Y198.446 E575.7413
G0 F9000 X171.104 Y193.297
G1 F3600 X172.52 Y192.917 E575.79007
G0 F9000 X172.301 Y192.917
G0 X172.373 Y203.412
G0 X176.334 Y203.436
G0 X176.342 Y202.153
G0 X175.056 Y198.102
G0 X176.328 Y194.291
G0 X176.406 Y191.935
G0 X176.186 Y191.935
G1 F3600 X177.543 Y191.572 E575.83679
G0 F9000 X178.042 Y191.981
G1 F3600 X177.763 Y193.021 E575.8726
G1 F1440 E574.3726
G0 F9000 X175.443 Y195.995
G0 X175.368 Y200.246
G0 X176.328 Y202.167
G0 X176.334 Y203.436
G0 X172.373 Y203.412
G0 X172.301 Y182.892
G0 X172.52 Y182.892
G1 F1440 E575.8726
G1 F3600 X171.104 Y181.476 E575.93921
G0 F9000 X171.104 Y180.873
G1 F3600 X172.519 Y180.494 E575.98793
G1 F1440 E574.48793
G0 F9000 X172.301 Y180.494
G0 X172.373 Y203.412
G0 X176.334 Y203.436
G0 X176.342 Y202.153
G0 X175.056 Y198.102
G0 X176.328 Y194.291
G0 X176.342 Y190.466
G0 X175.056 Y186.418
G0 X176.328 Y182.606
G0 X176.406 Y179.512
G0 X176.185 Y179.512
G1 F1440 E575.98793
G1 F3600 X176.922 Y179.315 E576.0133
G0 F9000 X175.866 Y177.257
G0 X175.483 Y175.982
G0 X175.388 Y174.742
G0 X175.514 Y173.585
G0 X175.874 Y172.453
G0 X176.964 Y170.365
G1 F3600 X176.186 Y169.587 E576.0499
G0 F9000 X176.407 Y169.587
G0 X176.347 Y166.973
G0 X176.187 Y167.088
G1 F3600 X176.422 Y167.025 E576.05799
G1 F1440 E574.55799
G0 F9000 X175.053 Y163.401
G0 X176.329 Y159.235
G0 X176.342 Y155.413
G0 X175.056 Y151.361
G0 X176.329 Y147.55
G0 X176.335 Y146.574
G0 X172.373 Y146.552
G0 X172.301 Y166.224
G0 X172.52 Y166.224
G1 F1440 E576.05799
G1 F3600 X171.104 Y171.508 E576.23994
G0 F9000 X171.104 Y168.45
G1 F3600 X172.52 Y168.071 E576.28869
G0 F9000 X172.301 Y168.071
G0 X172.301 Y165.921
G0 X172.52 Y165.921
G1 F3600 X171.104 Y164.505 E576.35529
G0 F9000 X171.105 Y156.027
G1 F3600 X172.52 Y155.648 E576.40402
G0 F9000 X172.301 Y155.648
G0 X172.301 Y148.951
G0 X172.52 Y148.951
G1 F3600 X171.104 Y147.535 E576.47062
G0 F9000 X172.246 Y146.651
G0 X172.592 Y146.481
G0 X172.591 Y146.761
;TYPE:SKIN
G1 F1800 X176.117 Y146.781 E576.5879
G1 X176.117 Y147.531 E576.61284
G1 X176.008 Y147.684 E576.61909
G1 X175.786 Y148.037 E576.63296
G1 X175.618 Y148.322 E576.64396
G1 X175.37 Y148.86 E576.66367
G1 X175.236 Y149.181 E576.67524
G1 X175.074 Y149.715 E576.6938
G1 X174.975 Y150.101 E576.70705
G1 X174.925 Y150.394 E576.71694
G1 X174.874 Y150.719 E576.72788
G1 X174.849 Y151.04 E576.73859
G1 X174.837 Y151.357 E576.74914
G1 X174.834 Y151.724 E576.76135
G1 X174.893 Y152.365 E576.78276
G1 X174.941 Y152.713 E576.79444
G1 X175.068 Y153.247 E576.8127
G1 X175.159 Y153.572 E576.82392
G1 X175.356 Y154.092 E576.84242
G1 X175.483 Y154.391 E576.85322
G1 X175.654 Y154.713 E576.86535
G1 X175.796 Y154.967 E576.87503
G1 X175.989 Y155.271 E576.887
G1 X176.117 Y155.447 E576.89424
G1 X176.117 Y159.215 E577.01957
G1 X176.008 Y159.368 E577.02581
G1 X175.786 Y159.722 E577.03971
G1 X175.618 Y160.007 E577.05071
G1 X175.37 Y160.545 E577.07042
G1 X175.236 Y160.866 E577.08199
G1 X175.074 Y161.4 E577.10055
G1 X174.975 Y161.786 E577.1138
G1 X174.925 Y162.079 E577.12369
G1 X174.874 Y162.404 E577.13463
G1 X174.849 Y162.726 E577.14537
G1 X174.837 Y163.044 E577.15596
G1 X174.834 Y163.409 E577.1681
G1 X174.893 Y164.051 E577.18954
G1 X174.941 Y164.398 E577.20119
G1 X175.068 Y164.933 E577.21948
G1 X175.159 Y165.257 E577.23067
G1 X175.356 Y165.778 E577.2492
G1 X175.486 Y166.081 E577.26016
G1 X175.754 Y166.576 E577.27889
G1 X175.915 Y166.852 E577.28951
G1 X176.117 Y167.131 E577.30097
G1 X176.117 Y170.9 E577.42633
G1 X176.008 Y171.053 E577.43258
G1 X175.786 Y171.407 E577.44647
G1 X175.618 Y171.692 E577.45748
G1 X175.37 Y172.232 E577.47724
G1 X175.236 Y172.553 E577.48881
G1 X175.074 Y173.085 E577.50731
G1 X174.975 Y173.471 E577.52056
G1 X174.925 Y173.766 E577.53051
G1 X174.874 Y174.09 E577.54142
G1 X174.849 Y174.41 E577.5521
G1 X174.837 Y174.729 E577.56272
G1 X174.834 Y175.094 E577.57486
G1 X174.893 Y175.736 E577.5963
G1 X174.941 Y176.084 E577.60798
G1 X175.068 Y176.618 E577.62624
G1 X175.159 Y176.942 E577.63743
G1 X175.356 Y177.463 E577.65596
G1 X175.486 Y177.766 E577.66692
G1 X175.754 Y178.261 E577.68565
G1 X175.915 Y178.537 E577.69627
G1 X176.116 Y178.815 E577.70768
G1 X176.116 Y182.588 E577.83317
G1 X176.008 Y182.739 E577.83935
G1 X175.786 Y183.093 E577.85325
G1 X175.618 Y183.377 E577.86422
G1 X175.37 Y183.918 E577.88402
G1 X175.237 Y184.235 E577.89545
G1 X175.074 Y184.77 E577.91405
G1 X174.975 Y185.157 E577.92734
G1 X174.925 Y185.45 E577.93722
G1 X174.874 Y185.775 E577.94817
G1 X174.849 Y186.095 E577.95884
G1 X174.837 Y186.414 E577.96946
G1 X174.834 Y186.779 E577.9816
G1 X174.893 Y187.421 E578.00304
G1 X174.941 Y187.769 E578.01473
G1 X175.068 Y188.303 E578.03298
G1 X175.159 Y188.628 E578.04421
G1 X175.356 Y189.147 E578.06267
G1 X175.483 Y189.446 E578.07348
G1 X175.654 Y189.768 E578.0856
G1 X175.796 Y190.022 E578.09528
G1 X175.989 Y190.326 E578.10726
G1 X176.116 Y190.499 E578.1144
G1 X176.116 Y194.273 E578.23992
G1 X176.008 Y194.424 E578.24609
G1 X175.786 Y194.778 E578.25999
G1 X175.618 Y195.062 E578.27097
G1 X175.37 Y195.603 E578.29076
G1 X175.237 Y195.92 E578.30219
G1 X175.074 Y196.455 E578.3208
G1 X174.975 Y196.842 E578.33408
G1 X174.925 Y197.135 E578.34397
G1 X174.874 Y197.46 E578.35491
G1 X174.849 Y197.781 E578.36562
G1 X174.837 Y198.098 E578.37617
G1 X174.834 Y198.464 E578.38834
G1 X174.893 Y199.106 E578.40979
G1 X174.941 Y199.454 E578.42147
G1 X175.068 Y199.988 E578.43973
G1 X175.159 Y200.313 E578.45095
G1 X175.356 Y200.832 E578.46942
G1 X175.483 Y201.132 E578.48025
G1 X175.654 Y201.455 E578.49241
G1 X175.796 Y201.707 E578.50203
G1 X175.989 Y202.012 E578.51403
G1 X176.116 Y202.185 E578.52117
G1 X176.116 Y203.227 E578.55583
G1 X172.591 Y203.205 E578.67307
G1 X172.591 Y146.761 E580.55041
G0 F9000 X172.592 Y146.481
G0 X176.335 Y146.574
G0 X176.348 Y147.235
G0 X175.956 Y147.106
G1 F1800 X175.788 Y146.938 E580.55831
G0 F9000 X175.22 Y146.936
G1 F1800 X175.877 Y147.592 E580.58919
G0 F9000 X175.658 Y147.939
G1 F1800 X174.651 Y146.932 E580.63656
G0 F9000 X174.082 Y146.929
G1 F1800 X175.452 Y148.299 E580.701
G0 F9000 X175.273 Y148.686
G1 F1800 X173.513 Y146.926 E580.78378
G0 F9000 X172.944 Y146.923
G1 F1800 X175.104 Y149.082 E580.88536
G0 F9000 X174.967 Y149.512
G1 F1800 X172.749 Y147.293 E580.98971
G0 F9000 X172.749 Y147.859
G1 F1800 X174.846 Y149.956 E581.08835
G0 F9000 X174.756 Y150.432
G1 F1800 X172.749 Y148.425 E581.18275
G0 F9000 X172.749 Y148.99
G1 F1800 X174.695 Y150.936 E581.27428
G0 F9000 X174.675 Y151.482
G1 F1800 X172.749 Y149.556 E581.36488
G0 F9000 X172.749 Y150.122
G1 F1800 X174.705 Y152.078 E581.45688
G0 F9000 X174.779 Y152.718
G1 F1800 X172.749 Y150.687 E581.55239
G0 F9000 X172.749 Y151.253
G1 F1800 X174.962 Y153.466 E581.65648
G0 F9000 X175.298 Y154.367
G1 F1800 X172.749 Y151.819 E581.77635
G0 F9000 X172.749 Y152.385
G1 F1800 X175.956 Y155.591 E581.92718
G0 F9000 X175.956 Y156.157
G1 F1800 X172.749 Y152.95 E582.07803
G0 F9000 X172.749 Y153.516
G1 F1800 X175.956 Y156.723 E582.22887
G0 F9000 X175.956 Y157.288
G1 F1800 X172.749 Y154.082 E582.3797
G0 F9000 X172.749 Y154.647
G1 F1800 X175.956 Y157.854 E582.53054
G0 F9000 X175.956 Y158.42
G1 F1800 X172.749 Y155.213 E582.68139
G0 F9000 X172.749 Y155.779
G1 F1800 X175.956 Y158.985 E582.83222
G0 F9000 X175.801 Y159.396
G1 F1800 X172.749 Y156.344 E582.97577
G0 F9000 X172.749 Y156.91
G1 F1800 X175.585 Y159.746 E583.10917
G0 F9000 X175.39 Y160.117
G1 F1800 X172.749 Y157.476 E583.23339
G0 F9000 X172.749 Y158.041
G1 F1800 X175.213 Y160.505 E583.34929
G0 F9000 X175.054 Y160.912
G1 F1800 X172.749 Y158.607 E583.45771
G0 F9000 X172.749 Y159.173
G1 F1800 X174.922 Y161.346 E583.55992
G0 F9000 X174.81 Y161.799
G1 F1800 X172.749 Y159.738 E583.65687
G0 F9000 X172.749 Y160.304
G1 F1800 X174.73 Y162.285 E583.75005
G0 F9000 X174.685 Y162.806
G1 F1800 X172.749 Y160.87 E583.84111
G0 F9000 X172.749 Y161.436
G1 F1800 X174.673 Y163.36 E583.93161
G0 F9000 X174.725 Y163.977
G1 F1800 X172.749 Y162.001 E584.02456
G0 F9000 X172.749 Y162.567
G1 F1800 X174.836 Y164.654 E584.12272
G0 F9000 X175.054 Y165.438
G1 F1800 X172.749 Y163.133 E584.23114
G0 F9000 X172.749 Y163.698
G1 F1800 X175.508 Y166.457 E584.36092
G0 F9000 X175.895 Y166.249
G0 X176.329 Y167.111
G0 X176.397 Y167.471
G0 X175.956 Y167.471
G1 F1800 X172.749 Y164.264 E584.51176
G0 F9000 X172.749 Y164.83
G1 F1800 X175.956 Y168.036 E584.66259
G0 F9000 X175.956 Y168.602
G1 F1800 X172.749 Y165.395 E584.81344
G0 F9000 X172.749 Y165.961
G1 F1800 X175.956 Y169.168 E584.96428
G0 F9000 X175.956 Y169.733
G1 F1800 X172.749 Y166.527 E585.11511
G0 F9000 X172.749 Y167.092
G1 F1800 X175.956 Y170.299 E585.26595
G0 F9000 X175.949 Y170.858
G1 F1800 X172.749 Y167.658 E585.41647
G0 F9000 X172.749 Y168.224
G1 F1800 X175.725 Y171.2 E585.55645
G0 F9000 X175.513 Y171.553
G1 F1800 X172.749 Y168.789 E585.68646
G0 F9000 X172.749 Y169.355
G1 F1800 X175.329 Y171.935 E585.80782
G0 F9000 X175.156 Y172.328
G1 F1800 X172.749 Y169.921 E585.92104
G0 F9000 X172.749 Y170.486
G1 F1800 X175.008 Y172.746 E586.02732
G0 F9000 X174.882 Y173.185
G1 F1800 X172.749 Y171.052 E586.12765
G0 F9000 X172.749 Y171.618
G1 F1800 X174.781 Y173.65 E586.22323
G0 F9000 X174.709 Y174.143
G1 F1800 X172.749 Y172.184 E586.31539
G0 F9000 X172.749 Y172.749
G1 F1800 X174.679 Y174.679 E586.40618
G0 F9000 X174.687 Y175.253
G1 F1800 X172.749 Y173.315 E586.49733
G0 F9000 X172.749 Y173.881
G1 F1800 X174.752 Y175.883 E586.59153
G0 F9000 X174.897 Y176.594
G1 F1800 X172.749 Y174.446 E586.69256
G0 F9000 X172.75 Y175.013
G1 F1800 X175.175 Y177.437 E586.8066
G0 F9000 X175.587 Y177.282
G0 X176.14 Y178.368
G0 X175.76 Y178.589
G1 F1800 X172.75 Y175.578 E586.94821
G0 F9000 X172.75 Y176.144
G1 F1800 X175.956 Y179.35 E587.09901
G0 F9000 X175.956 Y179.916
G1 F1800 X172.75 Y176.71 E587.24981
G0 F9000 X172.75 Y177.275
G1 F1800 X175.956 Y180.481 E587.40061
G0 F9000 X175.956 Y181.047
G1 F1800 X172.75 Y177.841 E587.55141
G0 F9000 X172.75 Y178.407
G1 F1800 X175.956 Y181.613 E587.70221
G0 F9000 X175.956 Y182.178
G1 F1800 X172.75 Y178.972 E587.85301
G0 F9000 X172.75 Y179.538
G1 F1800 X175.87 Y182.659 E587.99979
G0 F9000 X175.651 Y183.005
G1 F1800 X172.75 Y180.104 E588.13624
G0 F9000 X172.75 Y180.67
G1 F1800 X175.447 Y183.366 E588.26308
G0 F9000 X175.269 Y183.754
G1 F1800 X172.75 Y181.235 E588.38156
G0 F9000 X172.75 Y181.801
G1 F1800 X175.099 Y184.15 E588.49205
G0 F9000 X174.963 Y184.58
G1 F1800 X172.75 Y182.367 E588.59615
G0 F9000 X172.75 Y182.932
G1 F1800 X174.843 Y185.025 E588.69459
G0 F9000 X174.755 Y185.503
G1 F1800 X172.75 Y183.498 E588.7889
G0 F9000 X172.75 Y184.064
G1 F1800 X174.695 Y186.009 E588.88039
G0 F9000 X174.676 Y186.555
G1 F1800 X172.75 Y184.629 E588.97098
G0 F9000 X172.75 Y185.195
G1 F1800 X174.707 Y187.152 E589.06303
G0 F9000 X174.782 Y187.793
G1 F1800 X172.75 Y185.761 E589.15861
G0 F9000 X172.75 Y186.326
G1 F1800 X174.971 Y188.547 E589.26308
G0 F9000 X175.314 Y189.456
G1 F1800 X172.75 Y186.892 E589.38368
G0 F9000 X172.75 Y187.458
G1 F1800 X175.955 Y190.663 E589.53444
G0 F9000 X175.955 Y191.229
G1 F1800 X172.75 Y188.023 E589.68521
G0 F9000 X172.75 Y188.589
G1 F1800 X175.955 Y191.794 E589.83597
G0 F9000 X175.955 Y192.36
G1 F1800 X172.75 Y189.155 E589.98672
G0 F9000 X172.75 Y189.72
G1 F1800 X175.955 Y192.926 E590.1375
G0 F9000 X175.955 Y193.491
G1 F1800 X172.75 Y190.286 E590.28825
G0 F9000 X172.75 Y190.852
G1 F1800 X175.955 Y194.057 E590.43901
G0 F9000 X175.795 Y194.462
G1 F1800 X172.75 Y191.418 E590.58221
G0 F9000 X172.75 Y191.983
G1 F1800 X175.579 Y194.812 E590.71528
G0 F9000 X175.385 Y195.184
G1 F1800 X172.75 Y192.549 E590.83922
G0 F9000 X172.75 Y193.115
G1 F1800 X175.209 Y195.573 E590.95486
G0 F9000 X175.051 Y195.981
G1 F1800 X172.75 Y193.68 E591.06309
G0 F9000 X172.75 Y194.246
G1 F1800 X174.919 Y196.415 E591.16511
G0 F9000 X174.808 Y196.869
G1 F1800 X172.75 Y194.812 E591.26189
G0 F9000 X172.75 Y195.377
G1 F1800 X174.728 Y197.355 E591.35493
G0 F9000 X174.685 Y197.878
G1 F1800 X172.75 Y195.943 E591.44595
G0 F9000 X172.75 Y196.509
G1 F1800 X174.675 Y198.433 E591.53647
G0 F9000 X174.727 Y199.051
G1 F1800 X172.75 Y197.074 E591.62946
G0 F9000 X172.75 Y197.64
G1 F1800 X174.843 Y199.733 E591.72791
G0 F9000 X175.068 Y200.524
G1 F1800 X172.75 Y198.206 E591.83694
G0 F9000 X172.75 Y198.771
G1 F1800 X175.518 Y201.54 E591.96716
G0 F9000 X175.9 Y201.321
G0 X176.328 Y202.167
G0 X176.396 Y202.543
G0 X175.956 Y202.543
G1 F1800 X172.75 Y199.337 E592.11797
G0 F9000 X172.75 Y199.903
G1 F1800 X175.911 Y203.064 E592.26665
G0 F9000 X175.342 Y203.061
G1 F1800 X172.75 Y200.469 E592.38857
G0 F9000 X172.75 Y201.034
G1 F1800 X174.773 Y203.057 E592.48372
G0 F9000 X174.204 Y203.054
G1 F1800 X172.75 Y201.6 E592.55212
G0 F9000 X172.75 Y202.166
G1 F1800 X173.634 Y203.049 E592.59367
G0 F9000 X173.065 Y203.046
G1 F1800 X172.75 Y202.731 E592.60849
G0 F9000 X172.301 Y202.731
G0 X172.373 Y203.412
G0 X176.334 Y203.436
G0 X176.396 Y202.57
G0 X176.284 Y202.589
;TYPE:SKIN
G1 F1800 X176.386 Y202.407 E592.61505
G0 F9000 X176.396 Y202.287
G0 X177.193 Y203.214
G0 X177.309 Y203.33
G1 F1800 X177.127 Y203.431 E592.6212
G0 F9000 X177.112 Y203.416
G0 X178.261 Y203.717
G0 X178.329 Y203.785
G1 F1800 X178.502 Y203.675 E592.63238
G0 F9000 X178.26 Y203.604
G0 X176.902 Y202.305
G0 X176.137 Y201.191
G0 X175.683 Y200.142
G0 X175.44 Y199.042
G0 X175.399 Y197.814
G0 X175.583 Y196.725
G0 X176.411 Y194.23
G0 X176.338 Y194.157
G1 F1800 X176.439 Y193.975 E592.6405
G0 F9000 X176.539 Y194.075
G0 X176.442 Y190.867
G0 X176.354 Y190.779
G1 F1800 X176.368 Y190.51 E592.64853
G0 F9000 X176.366 Y190.368
G0 X175.601 Y188.164
G0 X175.44 Y187.357
G0 X175.399 Y186.128
G0 X175.583 Y185.04
G0 X176.396 Y182.596
G0 X176.32 Y182.542
G1 F1800 X176.382 Y182.322 E592.65656
G0 F9000 X176.347 Y182.292
G0 X176.406 Y179.206
G0 X176.321 Y179.15
G1 F1800 X176.424 Y178.969 E592.6666
G0 F9000 X176.582 Y179.127
G0 X175.601 Y176.48
G0 X175.44 Y175.672
G0 X175.399 Y174.443
G0 X175.583 Y173.355
G0 X176.4 Y170.915
G0 X176.301 Y170.927
G1 F1800 X176.362 Y170.705 E592.67102
G1 X176.543 Y170.603 E592.675
G0 F9000 X176.586 Y170.646
G0 X176.407 Y167.549
G0 X176.291 Y167.523
G1 F1800 X176.393 Y167.342 E592.68221
G0 F9000 X176.397 Y167.215
G0 X175.601 Y164.794
G0 X175.44 Y163.987
G0 X175.399 Y162.758
G0 X175.583 Y161.669
G0 X176.418 Y159.165
G0 X176.342 Y159.088
G1 F1800 X176.452 Y158.916 E592.69018
G0 F9000 X176.546 Y159.01
G0 X176.457 Y155.809
G0 X176.361 Y155.713
G1 F1800 X176.348 Y155.417 E592.69694
G0 F9000 X176.37 Y155.32
G0 X175.601 Y153.109
G0 X175.44 Y152.301
G0 X175.399 Y151.073
G0 X175.583 Y149.984
G0 X176.397 Y147.531
G0 X176.323 Y147.473
G1 F1800 X176.386 Y147.253 E592.69928
G1 X176.94 Y146.676 E592.70747
G1 X177.972 Y146.293 E592.71874
G0 F9000 X178.246 Y146.284
G1 F1800 X178.138 Y146.177 E592.72127
G1 F1440 E591.22127
;MESH:NONMESH
G0 F300 X178.138 Y146.177 Z6.8
G0 F9000 X178.137 Y146.301
G0 X177.041 Y147.262
G0 X176.256 Y148.324
G0 X175.755 Y149.368
G0 X175.469 Y150.484
G0 X175.385 Y151.7
G0 X175.483 Y152.611
G0 X175.866 Y153.886
G0 X177.624 Y158.391
G0 X176.834 Y159.19
G0 X176.107 Y160.263
G0 X175.755 Y161.053
G0 X175.469 Y162.169
G0 X175.385 Y163.385
G0 X175.483 Y164.296
G0 X175.866 Y165.572
G0 X177.624 Y170.076
G0 X176.834 Y170.875
G0 X176.107 Y171.948
G0 X175.755 Y172.739
G0 X175.469 Y173.855
G0 X175.385 Y175.07
G0 X175.483 Y175.982
G0 X175.866 Y177.257
G0 X177.624 Y181.761
G0 X176.665 Y182.767
G0 X176.107 Y183.633
G0 X175.756 Y184.423
G0 X175.469 Y185.54
G0 X175.385 Y186.755
G0 X175.483 Y187.667
G0 X175.866 Y188.941
G0 X177.624 Y193.446
G0 X176.665 Y194.452
G0 X176.107 Y195.318
G0 X175.756 Y196.108
G0 X175.469 Y197.225
G0 X175.385 Y198.44
G0 X175.483 Y199.352
G0 X175.866 Y200.626
G0 X176.444 Y201.702
G0 X176.815 Y202.165
G0 X178.16 Y203.628
;TIME_ELAPSED:1101.399379
;LAYER:33
;TYPE:WALL-INNER
;MESH:Vertical_Tension_Member.stl
G1 F1440 E592.72127
G1 F1800 X177.91 Y203.627 E592.72958
G1 X177.675 Y203.626 E592.7374
G1 X177.659 Y203.626 E592.73793
G1 X171.499 Y203.589 E592.94282
G1 X171.065 Y203.589 E592.95725
G1 X171.065 Y146.565 E594.85388
G1 X171.065 Y146.365 E594.86053
G1 X171.265 Y146.365 E594.86484
G1 X173.144 Y146.372 E594.92733
G1 X177.311 Y146.396 E595.06593
G1 X177.444 Y146.396 E595.07035
G1 X177.656 Y146.398 E595.0774
G1 X177.786 Y146.399 E595.08173
G1 X177.656 Y146.502 E595.08319
G1 X177.443 Y146.686 E595.08865
G1 X177.348 Y146.778 E595.0925
G1 X177.254 Y146.869 E595.09685
G1 X177.019 Y147.088 E595.10753
G1 X176.776 Y147.366 E595.11981
G1 X176.592 Y147.59 E595.12945
G1 X176.417 Y147.822 E595.13912
G1 X176.128 Y148.28 E595.15713
G1 X175.928 Y148.647 E595.17103
G1 X175.76 Y149.019 E595.18461
G1 X175.642 Y149.301 E595.19478
G1 X175.47 Y149.862 E595.21429
G1 X175.384 Y150.228 E595.2268
G1 X175.342 Y150.513 E595.23638
G1 X175.293 Y150.811 E595.24642
G1 X175.27 Y151.166 E595.25825
G1 X175.258 Y151.539 E595.27067
G1 X175.271 Y151.898 E595.28262
G1 X175.314 Y152.304 E595.29619
G1 X175.352 Y152.6 E595.30612
G1 X175.48 Y153.146 E595.32477
G1 X175.558 Y153.436 E595.33476
G1 X175.764 Y153.978 E595.35405
G1 X175.933 Y154.341 E595.36736
G1 X176.135 Y154.715 E595.3815
G1 X176.371 Y155.087 E595.39615
G1 X176.545 Y155.316 E595.40572
G1 X176.733 Y155.569 E595.4162
G1 X176.937 Y155.804 E595.42655
G1 X177.168 Y156.041 E595.43756
G1 X177.418 Y156.278 E595.44902
G1 X177.677 Y156.498 E595.46032
G1 X177.892 Y156.667 E595.46942
G1 X178.103 Y156.846 E595.47862
G1 X178.298 Y156.995 E595.48678
G1 X178.565 Y157.253 E595.49913
G1 X178.623 Y157.31 E595.50184
G1 X178.469 Y157.506 E595.51013
G1 X178.407 Y157.559 E595.51284
G1 X178.102 Y157.822 E595.52623
G1 X177.898 Y157.994 E595.53511
G1 X177.656 Y158.187 E595.54541
G1 X177.442 Y158.371 E595.55479
G1 X177.254 Y158.554 E595.56352
G1 X177.019 Y158.773 E595.5742
G1 X176.776 Y159.051 E595.58648
G1 X176.587 Y159.281 E595.59638
G1 X176.348 Y159.615 E595.61004
G1 X176.128 Y159.965 E595.62379
G1 X175.928 Y160.332 E595.6377
G1 X175.76 Y160.704 E595.65127
G1 X175.642 Y160.986 E595.66144
G1 X175.47 Y161.547 E595.68095
G1 X175.384 Y161.913 E595.69346
G1 X175.342 Y162.198 E595.70304
G1 X175.293 Y162.496 E595.71309
G1 X175.27 Y162.852 E595.72495
G1 X175.258 Y163.225 E595.73736
G1 X175.271 Y163.583 E595.74928
G1 X175.314 Y163.99 E595.76289
G1 X175.352 Y164.285 E595.77278
G1 X175.48 Y164.832 E595.79147
G1 X175.559 Y165.122 E595.80147
G1 X175.764 Y165.662 E595.82068
G1 X175.933 Y166.026 E595.83402
G1 X176.135 Y166.4 E595.84816
G1 X176.371 Y166.772 E595.86281
G1 X176.545 Y167.001 E595.87238
G1 X176.733 Y167.254 E595.88286
G1 X176.937 Y167.489 E595.89321
G1 X177.168 Y167.726 E595.90422
G1 X177.418 Y167.963 E595.91568
G1 X177.677 Y168.183 E595.92698
G1 X177.893 Y168.353 E595.93612
G1 X178.102 Y168.529 E595.94521
G1 X178.296 Y168.68 E595.95339
G1 X178.487 Y168.865 E595.96223
G1 X178.621 Y168.995 E595.96844
G1 X178.636 Y169.017 E595.96933
G1 X178.506 Y169.151 E595.97554
G1 X178.332 Y169.328 E595.98379
G1 X178.102 Y169.506 E595.99347
G1 X177.898 Y169.679 E596.00236
G1 X177.656 Y169.872 E596.01266
G1 X177.442 Y170.056 E596.02204
G1 X177.254 Y170.239 E596.03077
G1 X177.019 Y170.458 E596.04145
G1 X176.776 Y170.736 E596.05374
G1 X176.587 Y170.966 E596.06364
G1 X176.348 Y171.3 E596.0773
G1 X176.127 Y171.65 E596.09106
G1 X175.928 Y172.018 E596.10498
G1 X175.76 Y172.389 E596.11852
G1 X175.642 Y172.671 E596.12869
G1 X175.47 Y173.233 E596.14824
G1 X175.384 Y173.598 E596.16071
G1 X175.342 Y173.884 E596.17033
G1 X175.293 Y174.181 E596.18034
G1 X175.27 Y174.536 E596.19217
G1 X175.258 Y174.91 E596.20462
G1 X175.271 Y175.268 E596.21653
G1 X175.314 Y175.675 E596.23014
G1 X175.352 Y175.97 E596.24004
G1 X175.48 Y176.517 E596.25872
G1 X175.559 Y176.808 E596.26875
G1 X175.764 Y177.348 E596.28796
G1 X175.933 Y177.711 E596.30128
G1 X176.135 Y178.085 E596.31542
G1 X176.371 Y178.457 E596.33007
G1 X176.545 Y178.686 E596.33964
G1 X176.732 Y178.939 E596.3501
G1 X176.937 Y179.175 E596.3605
G1 X177.169 Y179.411 E596.3715
G1 X177.417 Y179.647 E596.38289
G1 X177.677 Y179.869 E596.39426
G1 X177.893 Y180.038 E596.40338
G1 X178.102 Y180.214 E596.41247
G1 X178.296 Y180.365 E596.42065
G1 X178.487 Y180.55 E596.42949
G1 X178.621 Y180.68 E596.4357
G1 X178.636 Y180.702 E596.43659
G1 X178.506 Y180.836 E596.4428
G1 X178.332 Y181.013 E596.45105
G1 X178.102 Y181.191 E596.46072
G1 X177.898 Y181.364 E596.46962
G1 X177.656 Y181.557 E596.47992
G1 X177.442 Y181.741 E596.4893
G1 X177.254 Y181.924 E596.49803
G1 X177.019 Y182.143 E596.50871
G1 X176.776 Y182.421 E596.52099
G1 X176.587 Y182.651 E596.5309
G1 X176.348 Y182.985 E596.54456
G1 X176.127 Y183.335 E596.55832
G1 X175.928 Y183.703 E596.57224
G1 X175.76 Y184.075 E596.58581
G1 X175.642 Y184.355 E596.59592
G1 X175.47 Y184.918 E596.6155
G1 X175.384 Y185.284 E596.628
G1 X175.342 Y185.569 E596.63759
G1 X175.293 Y185.866 E596.6476
G1 X175.27 Y186.221 E596.65943
G1 X175.258 Y186.595 E596.67188
G1 X175.271 Y186.954 E596.68382
G1 X175.314 Y187.36 E596.6974
G1 X175.352 Y187.655 E596.7073
G1 X175.48 Y188.201 E596.72595
G1 X175.558 Y188.492 E596.73597
G1 X175.764 Y189.033 E596.75522
G1 X175.933 Y189.396 E596.76854
G1 X176.135 Y189.77 E596.78268
G1 X176.371 Y190.142 E596.79733
G1 X176.545 Y190.371 E596.8069
G1 X176.732 Y190.624 E596.81736
G1 X176.937 Y190.86 E596.82776
G1 X177.168 Y191.096 E596.83874
G1 X177.418 Y191.334 E596.85022
G1 X177.678 Y191.554 E596.86155
G1 X177.893 Y191.723 E596.87065
G1 X178.102 Y191.899 E596.87973
G1 X178.296 Y192.05 E596.88791
G1 X178.562 Y192.307 E596.90021
G1 X178.621 Y192.364 E596.90294
G1 X178.475 Y192.554 E596.91091
G1 X178.416 Y192.61 E596.91362
G1 X178.291 Y192.731 E596.9194
G1 X178.102 Y192.878 E596.92737
G1 X177.9 Y193.048 E596.93615
G1 X177.656 Y193.241 E596.94649
G1 X177.442 Y193.426 E596.9559
G1 X177.256 Y193.607 E596.96453
G1 X177.019 Y193.829 E596.97534
G1 X176.777 Y194.105 E596.98754
G1 X176.592 Y194.33 E596.99723
G1 X176.417 Y194.562 E597.0069
G1 X176.128 Y195.021 E597.02494
G1 X175.928 Y195.388 E597.03884
G1 X175.76 Y195.76 E597.05242
G1 X175.642 Y196.04 E597.06252
G1 X175.47 Y196.603 E597.0821
G1 X175.384 Y196.969 E597.09461
G1 X175.342 Y197.254 E597.10419
G1 X175.293 Y197.551 E597.1142
G1 X175.27 Y197.906 E597.12603
G1 X175.258 Y198.28 E597.13848
G1 X175.271 Y198.639 E597.15043
G1 X175.314 Y199.045 E597.164
G1 X175.352 Y199.34 E597.1739
G1 X175.48 Y199.886 E597.19255
G1 X175.558 Y200.177 E597.20257
G1 X175.764 Y200.718 E597.22182
G1 X175.933 Y201.082 E597.23517
G1 X176.135 Y201.455 E597.24928
G1 X176.372 Y201.828 E597.26398
G1 X176.547 Y202.057 E597.27357
G1 X176.732 Y202.31 E597.28399
G1 X176.937 Y202.545 E597.29436
G1 X177.168 Y202.782 E597.30537
G1 X177.418 Y203.019 E597.31683
G1 X177.665 Y203.229 E597.32761
G1 X177.677 Y203.239 E597.32812
G1 X177.91 Y203.422 E597.33582
G1 X178.16 Y203.628 E597.33989
G0 F9000 X178.63 Y203.799
G0 X179.216 Y204.034
;TYPE:WALL-OUTER
G1 F1800 X171.498 Y203.989 E597.59659
G1 X170.665 Y203.989 E597.6243
G1 X170.665 Y145.964 E599.55422
G1 X173.146 Y145.972 E599.63674
G1 X178.901 Y146.006 E599.82815
G1 X178.801 Y146.086 E599.83241
G1 X178.571 Y146.287 E599.84257
G1 X178.36 Y146.446 E599.85136
G1 X178.157 Y146.615 E599.86015
G1 X177.911 Y146.81 E599.87059
G1 X177.713 Y146.981 E599.87929
G1 X177.527 Y147.162 E599.88792
G1 X177.307 Y147.367 E599.89792
G1 X177.081 Y147.625 E599.90933
G1 X176.906 Y147.838 E599.9185
G1 X176.746 Y148.05 E599.92733
G1 X176.473 Y148.482 E599.94433
G1 X176.287 Y148.825 E599.95731
G1 X176.127 Y149.179 E599.97023
G1 X176.019 Y149.437 E599.97953
G1 X175.937 Y149.707 E599.98892
G1 X175.856 Y149.967 E599.99797
G1 X175.777 Y150.303 E600.00945
G1 X175.737 Y150.578 E600.0187
G1 X175.691 Y150.856 E600.02807
G1 X175.67 Y151.186 E600.03907
G1 X175.658 Y151.539 E600.05081
G1 X175.67 Y151.87 E600.06183
G1 X175.711 Y152.257 E600.07477
G1 X175.746 Y152.529 E600.08389
G1 X175.868 Y153.048 E600.10163
G1 X175.939 Y153.313 E600.11075
G1 X176.133 Y153.822 E600.12887
G1 X176.291 Y154.162 E600.14134
G1 X176.48 Y154.512 E600.15457
G1 X176.7 Y154.858 E600.16821
G1 X176.867 Y155.078 E600.17739
G1 X177.045 Y155.319 E600.18736
G1 X177.231 Y155.533 E600.19679
G1 X177.449 Y155.756 E600.20716
G1 X177.685 Y155.98 E600.21798
G1 X177.93 Y156.188 E600.22867
G1 X178.151 Y156.362 E600.23803
G1 X178.354 Y156.534 E600.24688
G1 X178.555 Y156.688 E600.2553
G1 X178.935 Y157.056 E600.27289
G1 X179.105 Y157.326 E600.28351
G1 X179.064 Y157.446 E600.28772
G1 X178.759 Y157.782 E600.30282
G1 X178.558 Y157.974 E600.31206
G1 X178.354 Y158.133 E600.32066
G1 X178.156 Y158.3 E600.32928
G1 X177.911 Y158.495 E600.33969
G1 X177.712 Y158.666 E600.34842
G1 X177.527 Y158.847 E600.35703
G1 X177.307 Y159.052 E600.36703
G1 X177.081 Y159.31 E600.37844
G1 X176.904 Y159.525 E600.3877
G1 X176.68 Y159.838 E600.4005
G1 X176.473 Y160.167 E600.41343
G1 X176.287 Y160.51 E600.42641
G1 X176.127 Y160.864 E600.43933
G1 X176.019 Y161.122 E600.44863
G1 X175.937 Y161.392 E600.45802
G1 X175.856 Y161.652 E600.46707
G1 X175.777 Y161.988 E600.47855
G1 X175.737 Y162.263 E600.4878
G1 X175.691 Y162.541 E600.49717
G1 X175.67 Y162.871 E600.50817
G1 X175.658 Y163.225 E600.51995
G1 X175.67 Y163.555 E600.53093
G1 X175.711 Y163.943 E600.54391
G1 X175.746 Y164.214 E600.553
G1 X175.868 Y164.734 E600.57076
G1 X175.94 Y164.998 E600.57986
G1 X176.133 Y165.507 E600.59797
G1 X176.291 Y165.847 E600.61044
G1 X176.48 Y166.197 E600.62367
G1 X176.7 Y166.543 E600.63731
G1 X176.867 Y166.763 E600.64649
G1 X177.045 Y167.004 E600.65646
G1 X177.231 Y167.218 E600.66589
G1 X177.449 Y167.441 E600.67626
G1 X177.685 Y167.665 E600.68708
G1 X177.93 Y167.873 E600.69777
G1 X178.151 Y168.047 E600.70713
G1 X178.354 Y168.218 E600.71595
G1 X178.558 Y168.377 E600.72456
G1 X178.935 Y168.742 E600.74201
G1 X179.106 Y169.009 E600.75256
G1 X178.957 Y169.26 E600.76226
G1 X178.765 Y169.459 E600.77146
G1 X178.596 Y169.63 E600.77946
G1 X178.354 Y169.817 E600.78963
G1 X178.156 Y169.985 E600.79827
G1 X177.911 Y170.18 E600.80868
G1 X177.712 Y170.351 E600.81741
G1 X177.527 Y170.532 E600.82602
G1 X177.307 Y170.737 E600.83602
G1 X177.081 Y170.995 E600.84743
G1 X176.904 Y171.21 E600.85669
G1 X176.68 Y171.523 E600.86949
G1 X176.473 Y171.852 E600.88242
G1 X176.287 Y172.196 E600.89542
G1 X176.127 Y172.549 E600.90832
G1 X176.019 Y172.807 E600.91762
G1 X175.856 Y173.338 E600.93609
G1 X175.777 Y173.673 E600.94754
G1 X175.737 Y173.949 E600.95682
G1 X175.691 Y174.227 E600.96619
G1 X175.67 Y174.556 E600.97715
G1 X175.658 Y174.91 E600.98893
G1 X175.67 Y175.24 E600.99992
G1 X175.711 Y175.628 E601.01289
G1 X175.746 Y175.899 E601.02198
G1 X175.868 Y176.419 E601.03975
G1 X175.94 Y176.684 E601.04888
G1 X176.133 Y177.192 E601.06695
G1 X176.291 Y177.532 E601.07942
G1 X176.48 Y177.882 E601.09265
G1 X176.7 Y178.228 E601.10629
G1 X176.867 Y178.448 E601.11548
G1 X177.045 Y178.689 E601.12544
G1 X177.231 Y178.904 E601.1349
G1 X177.449 Y179.126 E601.14525
G1 X177.685 Y179.35 E601.15607
G1 X177.93 Y179.559 E601.16678
G1 X178.151 Y179.732 E601.17612
G1 X178.354 Y179.903 E601.18494
G1 X178.558 Y180.062 E601.19355
G1 X178.935 Y180.427 E601.211
G1 X179.106 Y180.694 E601.22154
G1 X178.957 Y180.945 E601.23125
G1 X178.765 Y181.144 E601.24045
G1 X178.596 Y181.315 E601.24845
G1 X178.354 Y181.502 E601.25862
G1 X178.156 Y181.67 E601.26726
G1 X177.911 Y181.865 E601.27767
G1 X177.712 Y182.036 E601.2864
G1 X177.527 Y182.217 E601.295
G1 X177.307 Y182.422 E601.30501
G1 X177.081 Y182.68 E601.31641
G1 X176.904 Y182.895 E601.32568
G1 X176.68 Y183.208 E601.33848
G1 X176.473 Y183.537 E601.35141
G1 X176.287 Y183.881 E601.36441
G1 X176.127 Y184.235 E601.37733
G1 X176.019 Y184.492 E601.38661
G1 X175.856 Y185.023 E601.40508
G1 X175.777 Y185.359 E601.41656
G1 X175.737 Y185.634 E601.4258
G1 X175.691 Y185.912 E601.43518
G1 X175.67 Y186.241 E601.44614
G1 X175.658 Y186.595 E601.45792
G1 X175.67 Y186.926 E601.46894
G1 X175.711 Y187.313 E601.48188
G1 X175.746 Y187.584 E601.49097
G1 X175.868 Y188.104 E601.50873
G1 X175.939 Y188.369 E601.51786
G1 X176.133 Y188.877 E601.53595
G1 X176.291 Y189.217 E601.54842
G1 X176.48 Y189.567 E601.56165
G1 X176.7 Y189.913 E601.57528
G1 X176.867 Y190.133 E601.58447
G1 X177.045 Y190.374 E601.59443
G1 X177.231 Y190.589 E601.60389
G1 X177.449 Y190.811 E601.61424
G1 X177.685 Y191.036 E601.62508
G1 X177.931 Y191.244 E601.6358
G1 X178.151 Y191.417 E601.64511
G1 X178.354 Y191.588 E601.65394
G1 X178.558 Y191.747 E601.66254
G1 X178.935 Y192.112 E601.67999
G1 X179.105 Y192.381 E601.69057
G1 X179.064 Y192.501 E601.69479
G1 X178.759 Y192.836 E601.70986
G1 X178.558 Y193.03 E601.71915
G1 X178.354 Y193.189 E601.72775
G1 X178.156 Y193.356 E601.73637
G1 X177.911 Y193.55 E601.74676
G1 X177.712 Y193.721 E601.75549
G1 X177.53 Y193.899 E601.76396
G1 X177.307 Y194.108 E601.77412
G1 X177.082 Y194.364 E601.78546
G1 X176.906 Y194.578 E601.79467
G1 X176.746 Y194.79 E601.80351
G1 X176.473 Y195.223 E601.82053
G1 X176.287 Y195.566 E601.83351
G1 X176.127 Y195.92 E601.84643
G1 X176.019 Y196.177 E601.8557
G1 X175.856 Y196.708 E601.87418
G1 X175.777 Y197.044 E601.88566
G1 X175.737 Y197.319 E601.8949
G1 X175.691 Y197.597 E601.90427
G1 X175.67 Y197.926 E601.91524
G1 X175.658 Y198.28 E601.92702
G1 X175.67 Y198.611 E601.93804
G1 X175.711 Y198.998 E601.95098
G1 X175.746 Y199.269 E601.96007
G1 X175.868 Y199.789 E601.97783
G1 X175.939 Y200.054 E601.98696
G1 X176.133 Y200.562 E602.00504
G1 X176.291 Y200.903 E602.01754
G1 X176.48 Y201.252 E602.03074
G1 X176.7 Y201.599 E602.04441
G1 X176.87 Y201.821 E602.05371
G1 X177.045 Y202.06 E602.06356
G1 X177.231 Y202.274 E602.07299
G1 X177.449 Y202.497 E602.08336
G1 X177.685 Y202.721 E602.09419
G1 X177.93 Y202.929 E602.10488
G1 X178.157 Y203.107 E602.11447
G1 X178.399 Y203.307 E602.12491
G1 X178.613 Y203.464 E602.13374
G1 X178.812 Y203.645 E602.14269
G1 X179.012 Y203.81 E602.15131
G1 X179.216 Y204.034 E602.16139
G0 F9000 X178.63 Y203.799
G0 X176.395 Y203.537
;TYPE:FILL
G1 F3600 X175.883 Y203.025 E602.18547
G0 F9000 X176.104 Y203.025
G0 X176.032 Y203.433
G0 X172.676 Y203.414
G0 X172.604 Y199.965
G0 X172.823 Y199.965
G1 F3600 X171.143 Y198.285 E602.26449
G0 F9000 X171.144 Y193.433
G1 F3600 X172.822 Y192.983 E602.32228
G0 F9000 X172.604 Y192.983
G0 X172.676 Y203.414
G0 X176.032 Y203.433
G0 X176.04 Y201.652
G0 X175.123 Y197.531
G0 X176.026 Y194.798
G0 X176.104 Y192.163
G0 X175.883 Y192.163
G1 F3600 X177.704 Y191.675 E602.38498
G0 F9000 X177.928 Y191.857
G1 F3600 X177.564 Y193.214 E602.43171
G1 F1440 E600.93171
G0 F9000 X175.305 Y196.558
G0 X175.606 Y200.785
G0 X176.026 Y201.665
G0 X176.032 Y203.433
G0 X172.676 Y203.414
G0 X172.604 Y182.994
G0 X172.823 Y182.994
G1 F1440 E602.43171
G1 F3600 X171.143 Y181.314 E602.51073
G0 F9000 X171.144 Y181.01
G1 F3600 X172.823 Y180.56 E602.56855
G1 F1440 E601.06855
G0 F9000 X172.604 Y180.56
G0 X172.676 Y203.414
G0 X176.032 Y203.433
G0 X176.04 Y201.652
G0 X175.123 Y197.531
G0 X176.026 Y194.798
G0 X176.041 Y189.969
G0 X175.123 Y185.846
G0 X176.026 Y183.111
G0 X176.104 Y179.74
G0 X175.884 Y179.74
G1 F1440 E602.56855
G1 F3600 X177.069 Y179.422 E602.60935
G0 F9000 X175.913 Y177.285
G0 X175.636 Y176.477
G0 X175.431 Y175.256
G0 X175.501 Y173.91
G0 X175.794 Y172.726
G0 X176.06 Y172.163
G0 X177.084 Y170.285
G1 F3600 X175.882 Y169.082 E602.66591
G0 F9000 X176.103 Y169.082
G0 X176.103 Y167.317
G0 X175.882 Y167.317
G1 F3600 X176.548 Y167.139 E602.68884
G1 F1440 E601.18884
G0 F9000 X175.1 Y163.596
G0 X176.025 Y159.743
G0 X176.04 Y154.912
G0 X175.123 Y150.791
G0 X176.025 Y148.061
G0 X176.031 Y146.571
G0 X172.676 Y146.553
G0 X172.604 Y168.137
G0 X172.822 Y168.137
G1 F1440 E602.68884
G1 F3600 X171.145 Y168.586 E602.74659
G0 F9000 X171.144 Y170.809
G1 F3600 X172.823 Y164.544 E602.96231
G0 F9000 X172.604 Y164.544
G0 X172.604 Y166.024
G0 X172.823 Y166.024
G1 F3600 X171.143 Y164.344 E603.04134
G0 F9000 X171.144 Y156.163
G1 F3600 X172.822 Y155.714 E603.09911
G0 F9000 X172.604 Y155.714
G0 X172.676 Y146.553
G0 X176.031 Y146.571
G0 X176.039 Y148.074
G0 X175.234 Y151.899
G0 X176.051 Y154.788
G0 X175.883 Y154.893
G1 F3600 X176.114 Y154.832 E603.10706
G0 F9000 X175.099 Y151.157
G0 X176.025 Y148.061
G0 X176.031 Y146.571
G0 X172.676 Y146.553
G0 X172.604 Y149.053
G0 X172.823 Y149.053
G1 F3600 X171.143 Y147.373 E603.18608
G0 F9000 X172.895 Y146.482
G0 X172.894 Y146.761
;TYPE:SKIN
G1 F1800 X175.813 Y146.778 E603.28317
G1 X175.813 Y148.048 E603.32541
G1 X175.791 Y148.083 E603.32678
G1 X175.579 Y148.473 E603.34155
G1 X175.403 Y148.863 E603.35578
G1 X175.275 Y149.168 E603.36678
G1 X175.094 Y149.76 E603.38737
G1 X175 Y150.154 E603.40084
G1 X174.957 Y150.453 E603.41089
G1 X174.905 Y150.766 E603.42144
G1 X174.88 Y151.147 E603.43414
G1 X174.868 Y151.539 E603.44718
G1 X174.881 Y151.925 E603.46003
G1 X174.926 Y152.349 E603.47421
G1 X174.968 Y152.67 E603.48498
G1 X175.102 Y153.241 E603.50449
G1 X175.186 Y153.557 E603.51536
G1 X175.405 Y154.13 E603.53576
G1 X175.584 Y154.516 E603.54992
G1 X175.798 Y154.912 E603.56489
G1 X175.813 Y154.936 E603.56583
G1 X175.813 Y159.733 E603.72538
G1 X175.791 Y159.768 E603.72675
G1 X175.579 Y160.158 E603.74152
G1 X175.403 Y160.548 E603.75575
G1 X175.275 Y160.853 E603.76675
G1 X175.094 Y161.445 E603.78734
G1 X175 Y161.839 E603.80081
G1 X174.957 Y162.138 E603.81086
G1 X174.905 Y162.451 E603.82141
G1 X174.88 Y162.833 E603.83414
G1 X174.868 Y163.225 E603.84719
G1 X174.881 Y163.61 E603.86
G1 X174.926 Y164.035 E603.87421
G1 X174.968 Y164.355 E603.88495
G1 X175.102 Y164.928 E603.90452
G1 X175.188 Y165.243 E603.91538
G1 X175.405 Y165.814 E603.9357
G1 X175.584 Y166.201 E603.94988
G1 X175.798 Y166.597 E603.96485
G1 X175.813 Y166.621 E603.96579
G1 X175.813 Y171.416 E604.12527
G1 X175.79 Y171.453 E604.12672
G1 X175.579 Y171.845 E604.14153
G1 X175.403 Y172.233 E604.1557
G1 X175.275 Y172.538 E604.1667
G1 X175.094 Y173.131 E604.18732
G1 X175 Y173.524 E604.20076
G1 X174.958 Y173.82 E604.21071
G1 X174.905 Y174.136 E604.22136
G1 X174.88 Y174.517 E604.23406
G1 X174.868 Y174.91 E604.24714
G1 X174.881 Y175.295 E604.25995
G1 X174.926 Y175.72 E604.27417
G1 X174.968 Y176.04 E604.2849
G1 X175.102 Y176.613 E604.30448
G1 X175.188 Y176.929 E604.31537
G1 X175.405 Y177.5 E604.33568
G1 X175.584 Y177.886 E604.34984
G1 X175.798 Y178.283 E604.36484
G1 X175.814 Y178.308 E604.36582
G1 X175.814 Y183.1 E604.52521
G1 X175.79 Y183.138 E604.5267
G1 X175.579 Y183.53 E604.54151
G1 X175.403 Y183.919 E604.55571
G1 X175.275 Y184.222 E604.56665
G1 X175.094 Y184.816 E604.5873
G1 X175 Y185.21 E604.60077
G1 X174.958 Y185.505 E604.61069
G1 X174.905 Y185.821 E604.62134
G1 X174.88 Y186.202 E604.63404
G1 X174.868 Y186.595 E604.64712
G1 X174.881 Y186.981 E604.65996
G1 X174.926 Y187.405 E604.67415
G1 X174.968 Y187.725 E604.68488
G1 X175.102 Y188.296 E604.70439
G1 X175.186 Y188.613 E604.7153
G1 X175.405 Y189.185 E604.73567
G1 X175.584 Y189.571 E604.74982
G1 X175.798 Y189.967 E604.76479
G1 X175.814 Y189.992 E604.76578
G1 X175.814 Y194.787 E604.92526
G1 X175.791 Y194.824 E604.92671
G1 X175.579 Y195.214 E604.94147
G1 X175.403 Y195.604 E604.9557
G1 X175.275 Y195.907 E604.96664
G1 X175.094 Y196.501 E604.9873
G1 X175 Y196.895 E605.00077
G1 X174.958 Y197.19 E605.01068
G1 X174.905 Y197.506 E605.02134
G1 X174.88 Y197.887 E605.03404
G1 X174.868 Y198.28 E605.04711
G1 X174.881 Y198.666 E605.05996
G1 X174.926 Y199.09 E605.07414
G1 X174.968 Y199.41 E605.08488
G1 X175.102 Y199.981 E605.10438
G1 X175.186 Y200.298 E605.11529
G1 X175.405 Y200.87 E605.13566
G1 X175.584 Y201.257 E605.14984
G1 X175.798 Y201.652 E605.16479
G1 X175.814 Y201.677 E605.16577
G1 X175.814 Y203.225 E605.21726
G1 X172.894 Y203.207 E605.31438
G1 X172.894 Y146.761 E607.19178
G0 F9000 X173.054 Y147.123
G1 F1800 X173.255 Y146.922 E607.20124
G0 F9000 X173.817 Y146.926
G1 F1800 X173.054 Y147.689 E607.23713
G0 F9000 X173.054 Y148.254
G1 F1800 X174.38 Y146.929 E607.29947
G0 F9000 X174.942 Y146.932
G1 F1800 X173.054 Y148.82 E607.38828
G0 F9000 X173.054 Y149.386
G1 F1800 X175.505 Y146.935 E607.50357
G0 F9000 X175.651 Y147.354
G1 F1800 X173.054 Y149.951 E607.62572
G0 F9000 X173.054 Y150.517
G1 F1800 X175.651 Y147.92 E607.74788
G0 F9000 X176.093 Y147.92
G0 X175.601 Y149.112
G0 X175.195 Y148.942
G1 F1800 X173.054 Y151.083 E607.84858
G0 F9000 X173.054 Y151.648
G1 F1800 X174.923 Y149.78 E607.93647
G0 F9000 X174.79 Y150.478
G1 F1800 X173.054 Y152.214 E608.01813
G0 F9000 X173.054 Y152.78
G1 F1800 X174.72 Y151.114 E608.09649
G0 F9000 X174.711 Y151.688
G1 F1800 X173.054 Y153.346 E608.17445
G0 F9000 X173.054 Y153.911
G1 F1800 X174.75 Y152.216 E608.25421
G0 F9000 X174.813 Y152.718
G1 F1800 X173.054 Y154.477 E608.33694
G0 F9000 X173.054 Y155.043
G1 F1800 X174.921 Y153.176 E608.42476
G0 F9000 X175.038 Y153.624
G1 F1800 X173.054 Y155.608 E608.51808
G0 F9000 X173.054 Y156.174
G1 F1800 X175.194 Y154.034 E608.61874
G0 F9000 X175.366 Y154.428
G1 F1800 X173.054 Y156.74 E608.72749
G0 F9000 X173.054 Y157.305
G1 F1800 X175.556 Y154.804 E608.84515
G0 F9000 X175.652 Y155.273
G1 F1800 X173.054 Y157.871 E608.96736
G0 F9000 X173.054 Y158.437
G1 F1800 X175.652 Y155.839 E609.08956
G0 F9000 X175.652 Y156.404
G1 F1800 X173.054 Y159.002 E609.21176
G0 F9000 X173.054 Y159.568
G1 F1800 X175.652 Y156.97 E609.33396
G0 F9000 X175.652 Y157.536
G1 F1800 X173.054 Y160.134 E609.45616
G0 F9000 X173.054 Y160.699
G1 F1800 X175.652 Y158.102 E609.57834
G0 F9000 X175.652 Y158.667
G1 F1800 X173.054 Y161.265 E609.70054
G0 F9000 X173.054 Y161.831
G1 F1800 X175.652 Y159.233 E609.82275
G0 F9000 X175.517 Y159.934
G1 F1800 X173.054 Y162.396 E609.93857
G0 F9000 X173.054 Y162.962
G1 F1800 X175.081 Y160.935 E610.03392
G0 F9000 X174.862 Y161.72
G1 F1800 X173.054 Y163.528 E610.11896
G0 F9000 X173.054 Y164.094
G1 F1800 X174.751 Y162.396 E610.19881
G0 F9000 X174.714 Y163
G1 F1800 X173.054 Y164.659 E610.27686
G0 F9000 X173.054 Y165.225
G1 F1800 X174.718 Y163.561 E610.35513
G0 F9000 X174.769 Y164.076
G1 F1800 X173.054 Y165.791 E610.4358
G0 F9000 X173.054 Y166.356
G1 F1800 X174.85 Y164.56 E610.52028
G0 F9000 X174.959 Y165.017
G1 F1800 X173.054 Y166.922 E610.60989
G0 F9000 X173.054 Y167.488
G1 F1800 X175.093 Y165.448 E610.70582
G0 F9000 X175.25 Y165.858
G1 F1800 X173.054 Y168.053 E610.80909
G0 F9000 X173.054 Y168.619
G1 F1800 X175.426 Y166.247 E610.92066
G0 F9000 X175.624 Y166.615
G1 F1800 X173.054 Y169.185 E611.04154
G0 F9000 X173.054 Y169.75
G1 F1800 X175.652 Y167.152 E611.16375
G0 F9000 X175.652 Y167.718
G1 F1800 X173.054 Y170.316 E611.28595
G0 F9000 X173.054 Y170.882
G1 F1800 X175.652 Y168.284 E611.40815
G0 F9000 X175.652 Y168.85
G1 F1800 X173.054 Y171.447 E611.53033
G0 F9000 X173.054 Y172.013
G1 F1800 X175.652 Y169.415 E611.65253
G0 F9000 X175.652 Y169.981
G1 F1800 X173.054 Y172.579 E611.77473
G0 F9000 X173.054 Y173.144
G1 F1800 X175.652 Y170.547 E611.89691
G0 F9000 X175.652 Y171.112
G1 F1800 X173.054 Y173.71 E612.01911
G0 F9000 X173.054 Y174.276
G1 F1800 X175.333 Y171.997 E612.12631
G0 F9000 X174.996 Y172.9
G1 F1800 X173.054 Y174.842 E612.21766
G0 F9000 X173.054 Y175.407
G1 F1800 X174.82 Y173.641 E612.30072
G0 F9000 X174.733 Y174.294
G1 F1800 X173.054 Y175.973 E612.3797
G0 F9000 X173.054 Y176.539
G1 F1800 X174.707 Y174.885 E612.45747
G0 F9000 X174.733 Y175.425
G1 F1800 X173.054 Y177.104 E612.53645
G0 F9000 X173.054 Y177.67
G1 F1800 X174.792 Y175.932 E612.6182
G0 F9000 X174.888 Y176.401
G1 F1800 X173.054 Y178.236 E612.70449
G0 F9000 X173.054 Y178.801
G1 F1800 X175.002 Y176.853 E612.79612
G0 F9000 X175.147 Y177.274
G1 F1800 X173.054 Y179.367 E612.89456
G0 F9000 X173.054 Y179.933
G1 F1800 X175.31 Y177.677 E613.00068
G0 F9000 X175.495 Y178.057
G1 F1800 X173.054 Y180.498 E613.1155
G0 F9000 X173.054 Y181.064
G1 F1800 X175.654 Y178.464 E613.23779
G0 F9000 X175.654 Y179.03
G1 F1800 X173.054 Y181.63 E613.36009
G0 F9000 X173.054 Y182.195
G1 F1800 X175.654 Y179.595 E613.48238
G0 F9000 X175.654 Y180.161
G1 F1800 X173.054 Y182.761 E613.60468
G0 F9000 X173.054 Y183.327
G1 F1800 X175.654 Y180.727 E613.72698
G0 F9000 X175.654 Y181.292
G1 F1800 X173.054 Y183.893 E613.8493
G0 F9000 X173.054 Y184.458
G1 F1800 X175.654 Y181.858 E613.97159
G0 F9000 X175.654 Y182.424
G1 F1800 X173.054 Y185.024 E614.09389
G0 F9000 X173.054 Y185.59
G1 F1800 X175.654 Y182.99 E614.21618
G0 F9000 X176.094 Y182.99
G0 X175.589 Y184.197
G0 X175.184 Y184.025
G1 F1800 X173.054 Y186.155 E614.31637
G0 F9000 X173.054 Y186.721
G1 F1800 X174.919 Y184.856 E614.4041
G0 F9000 X174.787 Y185.554
G1 F1800 X173.054 Y187.287 E614.48561
G0 F9000 X173.054 Y187.852
G1 F1800 X174.719 Y186.187 E614.56393
G0 F9000 X174.712 Y186.76
G1 F1800 X173.054 Y188.418 E614.64192
G0 F9000 X173.054 Y188.984
G1 F1800 X174.752 Y187.286 E614.72178
G0 F9000 X174.818 Y187.786
G1 F1800 X173.054 Y189.549 E614.80473
G0 F9000 X173.054 Y190.115
G1 F1800 X174.925 Y188.244 E614.89274
G0 F9000 X175.044 Y188.691
G1 F1800 X173.054 Y190.681 E614.98634
G0 F9000 X173.054 Y191.246
G1 F1800 X175.201 Y189.1 E615.08731
G0 F9000 X175.371 Y189.495
G1 F1800 X173.054 Y191.812 E615.19629
G0 F9000 X173.054 Y192.378
G1 F1800 X175.563 Y189.869 E615.31431
G0 F9000 X175.653 Y190.344
G1 F1800 X173.054 Y192.943 E615.43656
G0 F9000 X173.054 Y193.509
G1 F1800 X175.653 Y190.91 E615.55881
G0 F9000 X175.653 Y191.476
G1 F1800 X173.054 Y194.075 E615.68106
G0 F9000 X173.054 Y194.641
G1 F1800 X175.653 Y192.041 E615.80333
G0 F9000 X175.653 Y192.607
G1 F1800 X173.054 Y195.206 E615.92558
G0 F9000 X173.054 Y195.772
G1 F1800 X175.653 Y193.173 E616.04783
G0 F9000 X175.653 Y193.738
G1 F1800 X173.054 Y196.338 E616.1701
G0 F9000 X173.054 Y196.903
G1 F1800 X175.653 Y194.304 E616.29235
G0 F9000 X175.498 Y195.025
G1 F1800 X173.054 Y197.469 E616.40731
G0 F9000 X173.054 Y198.035
G1 F1800 X175.073 Y196.015 E616.5023
G0 F9000 X174.858 Y196.797
G1 F1800 X173.054 Y198.6 E616.58713
G0 F9000 X173.054 Y199.166
G1 F1800 X174.747 Y197.473 E616.66676
G0 F9000 X174.714 Y198.072
G1 F1800 X173.054 Y199.732 E616.74484
G0 F9000 X173.054 Y200.297
G1 F1800 X174.719 Y198.632 E616.82316
G0 F9000 X174.771 Y199.146
G1 F1800 X173.054 Y200.863 E616.90392
G0 F9000 X173.054 Y201.429
G1 F1800 X174.855 Y199.628 E616.98864
G0 F9000 X174.964 Y200.085
G1 F1800 X173.054 Y201.994 E617.07845
G0 F9000 X173.054 Y202.56
G1 F1800 X175.098 Y200.517 E617.17457
G0 F9000 X175.255 Y200.925
G1 F1800 X173.132 Y203.047 E617.27441
G0 F9000 X173.695 Y203.051
G1 F1800 X175.433 Y201.313 E617.35616
G0 F9000 X175.631 Y201.68
G1 F1800 X174.257 Y203.054 E617.42079
G0 F9000 X174.819 Y203.058
G1 F1800 X175.654 Y202.223 E617.46006
G0 F9000 X175.654 Y202.789
G1 F1800 X175.381 Y203.061 E617.47288
G0 F9000 X175.379 Y203.501
G0 X176.032 Y203.433
G0 X176.104 Y202.171
G0 X176.109 Y202.05
;TYPE:SKIN
G1 F1800 X176.042 Y201.835 E617.48222
G0 F9000 X176.094 Y201.913
G0 X177.238 Y203.185
G0 X177.262 Y203.16
G1 F1800 X177.349 Y203.356 E617.48426
G1 X178.604 Y203.798 E617.49695
G0 F9000 X178.549 Y203.73
G0 X177.281 Y202.667
G0 X176.504 Y201.736
G0 X175.913 Y200.655
G0 X175.636 Y199.847
G0 X175.431 Y198.627
G0 X175.501 Y197.28
G0 X176.068 Y194.91
G0 X176.055 Y194.75
G1 F1800 X176.073 Y194.449 E617.50645
G0 F9000 X176.183 Y194.34
G0 X176.121 Y190.442
G0 X176.194 Y190.369
G1 F1800 X176.058 Y190.222 E617.51115
G1 X176.004 Y189.994 E617.51665
G0 F9000 X176.096 Y189.992
G0 X175.473 Y187.34
G0 X175.431 Y186.23
G0 X175.587 Y185.203
G0 X176.094 Y182.963
G0 X176.105 Y182.821
G1 F1800 X175.999 Y182.645 E617.52495
G0 F9000 X176.094 Y182.68
G0 X176.094 Y178.72
G0 X176.076 Y178.608
G1 F1800 X176.278 Y178.687 E617.52862
G1 X176.021 Y178.38 E617.53541
G0 F9000 X176.094 Y178.323
G0 X175.473 Y175.655
G0 X175.431 Y174.545
G0 X175.587 Y173.518
G0 X176.093 Y171.368
G0 X176.137 Y171.192
G1 F1800 X176.03 Y171.016 E617.54692
G0 F9000 X176.093 Y171.085
G0 X176.103 Y167.123
G0 X176.092 Y166.994
G1 F1800 X176.037 Y166.767 E617.55649
G0 F9000 X176.093 Y166.842
G0 X175.473 Y163.97
G0 X175.431 Y162.86
G0 X175.587 Y161.832
G0 X176.074 Y159.708
G0 X176.068 Y159.665
G1 F1800 X176.063 Y159.387 E617.56627
G0 F9000 X176.165 Y159.285
G0 X176.06 Y155.314
G0 X176.178 Y155.312
G1 F1800 X176.054 Y155.154 E617.57116
G1 X175.999 Y154.925 E617.5769
G0 F9000 X176.095 Y154.935
G0 X175.473 Y152.284
G0 X175.431 Y151.175
G0 X175.587 Y150.147
G0 X176.093 Y147.892
G0 X176.098 Y147.755
G1 F1800 X175.992 Y147.579 E617.58473
G0 F9000 X176.093 Y147.609
G0 X176.961 Y146.893
G0 X177.106 Y146.748
G1 F1800 X176.941 Y146.63 E617.59445
G0 F9000 X176.88 Y146.691
G0 X177.899 Y146.3
G0 X177.899 Y146.238
G1 F1800 X177.962 Y146.175 E617.59594
G0 F9000 X177.971 Y146.448
G1 F1800 X178.244 Y146.175 E617.60236
G1 F1440 E616.10236
;MESH:NONMESH
G0 F300 X178.244 Y146.175 Z7
G0 F9000 X178.205 Y146.25
G0 X177.135 Y147.201
G0 X176.549 Y147.914
G0 X175.908 Y149.084
G0 X175.541 Y150.259
G0 X175.418 Y151.539
G0 X175.51 Y152.572
G0 X177.135 Y158.886
G0 X176.481 Y159.704
G0 X175.908 Y160.769
G0 X175.541 Y161.944
G0 X175.418 Y163.225
G0 X175.51 Y164.257
G0 X177.135 Y170.571
G0 X176.481 Y171.389
G0 X175.908 Y172.454
G0 X175.541 Y173.629
G0 X175.418 Y174.91
G0 X175.51 Y175.942
G0 X177.135 Y182.256
G0 X176.481 Y183.074
G0 X175.908 Y184.14
G0 X175.541 Y185.315
G0 X175.418 Y186.595
G0 X175.51 Y187.627
G0 X177.135 Y193.942
G0 X176.549 Y194.654
G0 X175.908 Y195.825
G0 X175.541 Y197
G0 X175.418 Y198.28
G0 X175.51 Y199.312
G0 X175.71 Y200.128
G0 X176.273 Y201.373
G0 X176.905 Y202.234
G0 X178.201 Y203.628
;TIME_ELAPSED:1149.149774
;LAYER:34
;TYPE:WALL-INNER
;MESH:Vertical_Tension_Member.stl
G1 F1440 E617.60236
G1 F1800 X177.916 Y203.627 E617.61183
G1 X177.673 Y203.626 E617.61992
G1 X171.519 Y203.589 E617.8246
G1 X171.104 Y203.589 E617.83841
G1 X171.104 Y146.565 E619.73503
G1 X171.104 Y146.365 E619.74168
G1 X171.304 Y146.365 E619.74599
G1 X172.967 Y146.371 E619.8013
G1 X177.209 Y146.397 E619.9424
G1 X177.233 Y146.397 E619.94319
G1 X177.548 Y146.398 E619.95367
G1 X177.825 Y146.399 E619.96288
G1 X177.548 Y146.621 E619.96753
G1 X177.496 Y146.671 E619.96841
G1 X177.479 Y146.687 E619.96917
G1 X177.323 Y146.836 E619.97635
G1 X177.08 Y147.064 E619.98743
G1 X176.859 Y147.309 E619.9984
G1 X176.649 Y147.569 E620.00952
G1 X176.441 Y147.839 E620.02086
G1 X176.119 Y148.357 E620.04114
G1 X175.958 Y148.662 E620.05261
G1 X175.851 Y148.916 E620.06178
G1 X175.729 Y149.176 E620.07133
G1 X175.629 Y149.457 E620.08125
G1 X175.52 Y149.816 E620.09373
G1 X175.438 Y150.125 E620.10437
G1 X175.39 Y150.405 E620.11381
G1 X175.348 Y150.675 E620.1229
G1 X175.307 Y151.092 E620.13684
G1 X175.295 Y151.51 E620.15075
G1 X175.31 Y151.943 E620.16516
G1 X175.347 Y152.21 E620.17412
G1 X175.37 Y152.486 E620.18333
G1 X175.428 Y152.788 E620.19356
G1 X175.498 Y153.042 E620.20233
G1 X175.558 Y153.311 E620.21149
G1 X175.658 Y153.606 E620.22185
G1 X175.765 Y153.859 E620.23099
G1 X175.866 Y154.134 E620.24073
G1 X176.025 Y154.448 E620.25244
G1 X176.17 Y154.706 E620.26228
G1 X176.337 Y154.988 E620.27318
G1 X176.753 Y155.551 E620.29647
G1 X176.974 Y155.802 E620.30759
G1 X177.229 Y156.062 E620.3197
G1 X177.437 Y156.257 E620.32918
G1 X177.719 Y156.498 E620.34152
G1 X178.275 Y156.95 E620.36535
G1 X178.428 Y157.082 E620.37208
G1 X178.468 Y157.116 E620.37382
G1 X178.66 Y157.318 E620.38309
G1 X178.674 Y157.333 E620.38377
G1 X178.637 Y157.37 E620.38551
G1 X178.423 Y157.588 E620.39567
G1 X178.408 Y157.601 E620.39633
G1 X178.237 Y157.749 E620.40386
G1 X178.027 Y157.917 E620.4128
G1 X177.825 Y158.084 E620.42152
G1 X177.548 Y158.306 E620.43332
G1 X177.323 Y158.521 E620.44368
G1 X177.08 Y158.749 E620.45476
G1 X176.859 Y158.994 E620.46573
G1 X176.649 Y159.254 E620.47685
G1 X176.44 Y159.525 E620.48823
G1 X176.275 Y159.794 E620.49873
G1 X176.119 Y160.041 E620.50844
G1 X175.958 Y160.347 E620.51994
G1 X175.851 Y160.601 E620.52911
G1 X175.729 Y160.861 E620.53866
G1 X175.629 Y161.142 E620.54858
G1 X175.52 Y161.501 E620.56106
G1 X175.438 Y161.81 E620.5717
G1 X175.39 Y162.091 E620.58118
G1 X175.348 Y162.36 E620.59023
G1 X175.307 Y162.777 E620.60417
G1 X175.295 Y163.196 E620.61811
G1 X175.31 Y163.628 E620.63249
G1 X175.347 Y163.895 E620.64145
G1 X175.37 Y164.171 E620.65066
G1 X175.428 Y164.473 E620.66089
G1 X175.501 Y164.738 E620.67003
G1 X175.558 Y164.996 E620.67882
G1 X175.658 Y165.291 E620.68918
G1 X175.763 Y165.542 E620.69823
G1 X175.866 Y165.821 E620.70812
G1 X176.025 Y166.133 E620.71977
G1 X176.17 Y166.39 E620.72959
G1 X176.337 Y166.674 E620.74054
G1 X176.753 Y167.236 E620.7638
G1 X176.974 Y167.487 E620.77492
G1 X177.229 Y167.747 E620.78704
G1 X177.437 Y167.942 E620.79652
G1 X177.719 Y168.183 E620.80886
G1 X178.275 Y168.635 E620.83269
G1 X178.427 Y168.766 E620.83936
G1 X178.468 Y168.801 E620.84116
G1 X178.666 Y169.009 E620.85071
G1 X178.672 Y169.016 E620.85101
G1 X178.635 Y169.054 E620.85278
G1 X178.407 Y169.287 E620.86362
G1 X178.4 Y169.293 E620.86393
G1 X178.237 Y169.434 E620.8711
G1 X178.027 Y169.602 E620.88004
G1 X177.825 Y169.769 E620.88876
G1 X177.548 Y169.991 E620.90056
G1 X177.323 Y170.206 E620.91091
G1 X177.08 Y170.434 E620.922
G1 X176.859 Y170.679 E620.93297
G1 X176.649 Y170.939 E620.94409
G1 X176.44 Y171.21 E620.95547
G1 X176.275 Y171.479 E620.96597
G1 X176.119 Y171.726 E620.97568
G1 X175.958 Y172.033 E620.98721
G1 X175.851 Y172.286 E620.99635
G1 X175.729 Y172.546 E621.0059
G1 X175.629 Y172.828 E621.01585
G1 X175.52 Y173.187 E621.02833
G1 X175.438 Y173.495 E621.03893
G1 X175.39 Y173.776 E621.04841
G1 X175.348 Y174.046 E621.0575
G1 X175.307 Y174.461 E621.07137
G1 X175.295 Y174.881 E621.08535
G1 X175.31 Y175.314 E621.09976
G1 X175.346 Y175.572 E621.10842
G1 X175.371 Y175.856 E621.1179
G1 X175.426 Y176.148 E621.12779
G1 X175.516 Y176.521 E621.14055
G1 X175.602 Y176.83 E621.15122
G1 X175.856 Y177.478 E621.17437
G1 X175.994 Y177.76 E621.18481
G1 X176.128 Y177.987 E621.19358
G1 X176.258 Y178.234 E621.20286
G1 X176.448 Y178.517 E621.2142
G1 X176.848 Y179.037 E621.23602
G1 X177.046 Y179.249 E621.24567
G1 X177.34 Y179.54 E621.25942
G1 X177.58 Y179.755 E621.27014
G1 X177.823 Y179.95 E621.2805
G1 X178.274 Y180.319 E621.29988
G1 X178.428 Y180.452 E621.30665
G1 X178.468 Y180.486 E621.3084
G1 X178.661 Y180.689 E621.31772
G1 X178.675 Y180.704 E621.3184
G1 X178.638 Y180.741 E621.32014
G1 X178.423 Y180.958 E621.3303
G1 X178.408 Y180.971 E621.33096
G1 X178.237 Y181.119 E621.33848
G1 X178.028 Y181.286 E621.34738
G1 X177.547 Y181.679 E621.36804
G1 X177.081 Y182.118 E621.38933
G1 X176.859 Y182.364 E621.40035
G1 X176.649 Y182.624 E621.41147
G1 X176.44 Y182.895 E621.42285
G1 X176.275 Y183.164 E621.43335
G1 X176.119 Y183.411 E621.44306
G1 X175.958 Y183.718 E621.45459
G1 X175.851 Y183.971 E621.46373
G1 X175.729 Y184.231 E621.47328
G1 X175.629 Y184.513 E621.48323
G1 X175.52 Y184.872 E621.49571
G1 X175.438 Y185.18 E621.50631
G1 X175.39 Y185.461 E621.51579
G1 X175.348 Y185.731 E621.52488
G1 X175.307 Y186.146 E621.53875
G1 X175.295 Y186.566 E621.55273
G1 X175.31 Y187 E621.56717
G1 X175.346 Y187.257 E621.5758
G1 X175.371 Y187.541 E621.58528
G1 X175.426 Y187.833 E621.59517
G1 X175.516 Y188.206 E621.60793
G1 X175.602 Y188.516 E621.61863
G1 X175.856 Y189.163 E621.64175
G1 X175.994 Y189.445 E621.65219
G1 X176.128 Y189.672 E621.66096
G1 X176.258 Y189.919 E621.67024
G1 X176.448 Y190.202 E621.68158
G1 X176.848 Y190.722 E621.7034
G1 X177.046 Y190.934 E621.71305
G1 X177.34 Y191.225 E621.72681
G1 X177.58 Y191.44 E621.73752
G1 X177.823 Y191.635 E621.74789
G1 X178.275 Y192.004 E621.76729
G1 X178.417 Y192.128 E621.77356
G1 X178.444 Y192.151 E621.77474
G1 X178.654 Y192.377 E621.785
G1 X178.67 Y192.394 E621.78578
G1 X178.645 Y192.419 E621.78696
G1 X178.422 Y192.643 E621.79747
G1 X178.404 Y192.658 E621.79825
G1 X178.223 Y192.815 E621.80622
G1 X178.026 Y192.973 E621.81462
G1 X177.825 Y193.14 E621.82331
G1 X177.548 Y193.362 E621.83511
G1 X177.323 Y193.577 E621.84547
G1 X177.081 Y193.804 E621.8565
G1 X176.859 Y194.049 E621.8675
G1 X176.649 Y194.309 E621.87861
G1 X176.44 Y194.58 E621.89
G1 X176.119 Y195.097 E621.91024
G1 X175.958 Y195.402 E621.92171
G1 X175.844 Y195.671 E621.93142
G1 X175.729 Y195.917 E621.94046
G1 X175.629 Y196.198 E621.95038
G1 X175.52 Y196.557 E621.96286
G1 X175.438 Y196.865 E621.97346
G1 X175.39 Y197.146 E621.98294
G1 X175.348 Y197.416 E621.99203
G1 X175.307 Y197.831 E622.0059
G1 X175.295 Y198.251 E622.01987
G1 X175.31 Y198.685 E622.03431
G1 X175.346 Y198.942 E622.04295
G1 X175.371 Y199.227 E622.05246
G1 X175.428 Y199.527 E622.06262
G1 X175.498 Y199.783 E622.07145
G1 X175.558 Y200.052 E622.08061
G1 X175.658 Y200.347 E622.09097
G1 X175.763 Y200.598 E622.10002
G1 X175.866 Y200.876 E622.10988
G1 X176.025 Y201.189 E622.12156
G1 X176.171 Y201.446 E622.13139
G1 X176.337 Y201.728 E622.14227
G1 X176.753 Y202.292 E622.16558
G1 X176.974 Y202.543 E622.17671
G1 X177.228 Y202.803 E622.1888
G1 X177.435 Y202.998 E622.19825
G1 X177.687 Y203.214 E622.20929
G1 X177.726 Y203.245 E622.21095
G1 X177.917 Y203.395 E622.21742
G1 X178.201 Y203.628 E622.22238
G0 F9000 X178.671 Y203.796
G0 X179.257 Y204.034
;TYPE:WALL-OUTER
G1 F1800 X171.518 Y203.989 E622.47979
G1 X170.704 Y203.989 E622.50686
G1 X170.704 Y145.964 E624.43678
G1 X172.969 Y145.971 E624.51211
G1 X177.235 Y145.997 E624.654
G1 X177.739 Y145.998 E624.67077
G1 X178.938 Y146.006 E624.71065
G1 X178.713 Y146.198 E624.72049
G1 X178.493 Y146.376 E624.7299
G1 X178.282 Y146.541 E624.73881
G1 X178.076 Y146.711 E624.74769
G1 X177.812 Y146.922 E624.75893
G1 X177.6 Y147.125 E624.76869
G1 X177.366 Y147.344 E624.77935
G1 X177.163 Y147.569 E624.78943
G1 X176.963 Y147.817 E624.80003
G1 X176.77 Y148.067 E624.81053
G1 X176.466 Y148.556 E624.82968
G1 X176.32 Y148.833 E624.8401
G1 X176.213 Y149.086 E624.84923
G1 X176.099 Y149.328 E624.85813
G1 X176.009 Y149.582 E624.86709
G1 X175.905 Y149.926 E624.87905
G1 X175.829 Y150.21 E624.88883
G1 X175.785 Y150.469 E624.89756
G1 X175.745 Y150.726 E624.90621
G1 X175.706 Y151.117 E624.91928
G1 X175.695 Y151.509 E624.93233
G1 X175.709 Y151.909 E624.94564
G1 X175.746 Y152.177 E624.95464
G1 X175.767 Y152.432 E624.96315
G1 X175.818 Y152.697 E624.97212
G1 X175.889 Y152.955 E624.98102
G1 X175.944 Y153.203 E624.98947
G1 X176.032 Y153.464 E624.99863
G1 X176.133 Y153.703 E625.00726
G1 X176.233 Y153.974 E625.01687
G1 X176.378 Y154.259 E625.02751
G1 X176.517 Y154.506 E625.03693
G1 X176.671 Y154.767 E625.04701
G1 X177.065 Y155.3 E625.06906
G1 X177.267 Y155.53 E625.07924
G1 X177.508 Y155.776 E625.09069
G1 X177.704 Y155.959 E625.09961
G1 X177.975 Y156.191 E625.11148
G1 X178.527 Y156.639 E625.13512
G1 X178.735 Y156.819 E625.14427
G1 X178.894 Y156.974 E625.15166
G1 X179.056 Y157.165 E625.15999
G1 X179.149 Y157.311 E625.16574
G1 X179.018 Y157.549 E625.17478
G1 X178.868 Y157.718 E625.1823
G1 X178.684 Y157.891 E625.1907
G1 X178.486 Y158.062 E625.1994
G1 X178.279 Y158.227 E625.2082
G1 X178.075 Y158.396 E625.21701
G1 X177.812 Y158.607 E625.22823
G1 X177.6 Y158.81 E625.23799
G1 X177.366 Y159.029 E625.24865
G1 X177.163 Y159.254 E625.25873
G1 X176.963 Y159.502 E625.26932
G1 X176.77 Y159.752 E625.27983
G1 X176.616 Y160.003 E625.28962
G1 X176.466 Y160.241 E625.29898
G1 X176.32 Y160.518 E625.3094
G1 X176.213 Y160.771 E625.31853
G1 X176.099 Y161.013 E625.32743
G1 X176.009 Y161.267 E625.33639
G1 X175.905 Y161.611 E625.34834
G1 X175.829 Y161.895 E625.35812
G1 X175.785 Y162.155 E625.36689
G1 X175.745 Y162.411 E625.37551
G1 X175.706 Y162.802 E625.38858
G1 X175.695 Y163.195 E625.40166
G1 X175.709 Y163.594 E625.41494
G1 X175.746 Y163.862 E625.42393
G1 X175.767 Y164.117 E625.43244
G1 X175.818 Y164.382 E625.44142
G1 X175.887 Y164.632 E625.45005
G1 X175.944 Y164.888 E625.45877
G1 X176.032 Y165.149 E625.46793
G1 X176.132 Y165.387 E625.47652
G1 X176.233 Y165.66 E625.4862
G1 X176.378 Y165.944 E625.4968
G1 X176.517 Y166.191 E625.50623
G1 X176.671 Y166.453 E625.51634
G1 X177.065 Y166.985 E625.53836
G1 X177.267 Y167.215 E625.54854
G1 X177.508 Y167.461 E625.55999
G1 X177.704 Y167.644 E625.56891
G1 X177.975 Y167.876 E625.58078
G1 X178.527 Y168.324 E625.60442
G1 X178.735 Y168.504 E625.61357
G1 X178.893 Y168.658 E625.62091
G1 X179.057 Y168.851 E625.62933
G1 X179.149 Y168.996 E625.63504
G1 X179.024 Y169.228 E625.64381
G1 X178.684 Y169.576 E625.65999
G1 X178.486 Y169.747 E625.66869
G1 X178.279 Y169.912 E625.6775
G1 X178.075 Y170.081 E625.68631
G1 X177.812 Y170.292 E625.69752
G1 X177.6 Y170.495 E625.70729
G1 X177.366 Y170.714 E625.71794
G1 X177.163 Y170.939 E625.72802
G1 X176.963 Y171.187 E625.73862
G1 X176.77 Y171.437 E625.74913
G1 X176.616 Y171.688 E625.75892
G1 X176.466 Y171.926 E625.76828
G1 X176.32 Y172.204 E625.77872
G1 X176.213 Y172.457 E625.78786
G1 X176.099 Y172.698 E625.79672
G1 X176.009 Y172.953 E625.80572
G1 X175.905 Y173.297 E625.81767
G1 X175.829 Y173.58 E625.82742
G1 X175.785 Y173.84 E625.83619
G1 X175.745 Y174.097 E625.84484
G1 X175.706 Y174.487 E625.85787
G1 X175.695 Y174.88 E625.87095
G1 X175.709 Y175.279 E625.88423
G1 X175.745 Y175.537 E625.89289
G1 X175.768 Y175.802 E625.90174
G1 X175.817 Y176.064 E625.91061
G1 X175.903 Y176.42 E625.92279
G1 X175.982 Y176.703 E625.93256
G1 X176.222 Y177.317 E625.95449
G1 X176.346 Y177.57 E625.96386
G1 X176.477 Y177.791 E625.9724
G1 X176.602 Y178.029 E625.98134
G1 X176.773 Y178.283 E625.99153
G1 X177.153 Y178.778 E626.01228
G1 X177.333 Y178.97 E626.02104
G1 X177.614 Y179.249 E626.03421
G1 X177.839 Y179.45 E626.04424
G1 X178.076 Y179.64 E626.05435
G1 X178.527 Y180.009 E626.07373
G1 X178.735 Y180.189 E626.08288
G1 X178.893 Y180.343 E626.09021
G1 X179.057 Y180.536 E626.09864
G1 X179.149 Y180.681 E626.10435
G1 X179.021 Y180.917 E626.11328
G1 X178.868 Y181.089 E626.12094
G1 X178.684 Y181.261 E626.12931
G1 X178.486 Y181.432 E626.13801
G1 X178.279 Y181.597 E626.14682
G1 X177.812 Y181.979 E626.16689
G1 X177.599 Y182.182 E626.17667
G1 X177.366 Y182.399 E626.18726
G1 X177.163 Y182.624 E626.19734
G1 X176.963 Y182.872 E626.20794
G1 X176.77 Y183.122 E626.21844
G1 X176.616 Y183.373 E626.22824
G1 X176.466 Y183.611 E626.23759
G1 X176.32 Y183.889 E626.24804
G1 X176.213 Y184.142 E626.25717
G1 X176.099 Y184.383 E626.26604
G1 X176.009 Y184.638 E626.27504
G1 X175.905 Y184.982 E626.28699
G1 X175.829 Y185.265 E626.29673
G1 X175.785 Y185.525 E626.30551
G1 X175.745 Y185.782 E626.31416
G1 X175.706 Y186.172 E626.32719
G1 X175.695 Y186.565 E626.34027
G1 X175.709 Y186.965 E626.35358
G1 X175.745 Y187.222 E626.36221
G1 X175.768 Y187.487 E626.37106
G1 X175.817 Y187.749 E626.37992
G1 X175.903 Y188.105 E626.39211
G1 X175.982 Y188.389 E626.40191
G1 X176.222 Y189.002 E626.42381
G1 X176.346 Y189.255 E626.43318
G1 X176.477 Y189.476 E626.44172
G1 X176.602 Y189.714 E626.45066
G1 X176.773 Y189.968 E626.46085
G1 X177.153 Y190.463 E626.4816
G1 X177.333 Y190.655 E626.49036
G1 X177.614 Y190.934 E626.50353
G1 X177.839 Y191.135 E626.51356
G1 X178.076 Y191.325 E626.52366
G1 X178.528 Y191.694 E626.54307
G1 X178.727 Y191.867 E626.55184
G1 X179.057 Y192.221 E626.56794
G1 X179.149 Y192.367 E626.57368
G1 X179.018 Y192.605 E626.58271
G1 X178.868 Y192.774 E626.59023
G1 X178.684 Y192.946 E626.59861
G1 X178.485 Y193.118 E626.60735
G1 X178.279 Y193.283 E626.61613
G1 X178.075 Y193.452 E626.62494
G1 X177.812 Y193.663 E626.63616
G1 X177.6 Y193.866 E626.64592
G1 X177.366 Y194.085 E626.65658
G1 X177.163 Y194.309 E626.66664
G1 X176.963 Y194.557 E626.67723
G1 X176.77 Y194.807 E626.68774
G1 X176.616 Y195.058 E626.69753
G1 X176.466 Y195.297 E626.70692
G1 X176.32 Y195.573 E626.7173
G1 X176.213 Y195.827 E626.72647
G1 X176.099 Y196.069 E626.73537
G1 X176.009 Y196.323 E626.74433
G1 X175.905 Y196.667 E626.75628
G1 X175.829 Y196.95 E626.76603
G1 X175.785 Y197.21 E626.7748
G1 X175.745 Y197.467 E626.78345
G1 X175.706 Y197.857 E626.79648
G1 X175.695 Y198.25 E626.80956
G1 X175.709 Y198.65 E626.82287
G1 X175.745 Y198.907 E626.8315
G1 X175.768 Y199.172 E626.84035
G1 X175.818 Y199.437 E626.84932
G1 X175.889 Y199.696 E626.85825
G1 X175.944 Y199.944 E626.8667
G1 X176.032 Y200.205 E626.87586
G1 X176.132 Y200.442 E626.88442
G1 X176.233 Y200.715 E626.8941
G1 X176.378 Y201 E626.90474
G1 X176.517 Y201.246 E626.91413
G1 X176.671 Y201.507 E626.92421
G1 X177.065 Y202.041 E626.94629
G1 X177.267 Y202.271 E626.95647
G1 X177.508 Y202.517 E626.96792
G1 X177.703 Y202.7 E626.97682
G1 X177.941 Y202.905 E626.98726
G1 X178.164 Y203.08 E626.99669
G1 X178.414 Y203.287 E627.00749
G1 X178.667 Y203.48 E627.01807
G1 X179.052 Y203.818 E627.03511
G1 X179.257 Y204.034 E627.04501
G0 F9000 X178.671 Y203.796
G0 X176.595 Y203.537
;TYPE:FILL
G1 F3600 X171.183 Y198.125 E627.29958
G0 F9000 X171.184 Y193.568
G1 F3600 X177.871 Y191.777 E627.52983
G0 F9000 X177.815 Y191.733
G1 F3600 X177.361 Y193.429 E627.58822
G0 F9000 X176.103 Y195.47
G0 X175.675 Y196.601
G0 X175.467 Y197.842
G0 X175.536 Y200.239
G1 F3600 X174.655 Y203.528 E627.70147
G0 F9000 X175.334 Y185.306
G1 F3600 X171.183 Y181.155 E627.89672
G0 F9000 X171.183 Y181.145
G1 F3600 X177.216 Y179.529 E628.10445
G0 F9000 X176.003 Y177.414
G0 X175.671 Y176.48
G0 X175.47 Y175.299
G0 X175.508 Y174.067
G0 X175.781 Y172.879
G0 X176.168 Y172.012
G0 X177.204 Y170.205
G1 F3600 X171.183 Y164.184 E628.38766
G0 F9000 X171.184 Y168.722
G1 F3600 X176.667 Y167.253 E628.57646
G0 F9000 X171.183 Y170.119
G1 F3600 X175.594 Y153.659 E629.14324
G0 F9000 X176.22 Y154.949
G1 F3600 X171.184 Y156.299 E629.31665
G0 F9000 X175.222 Y151.252
G1 F3600 X171.183 Y147.213 E629.50663
G0 F9000 X176.879 Y146.615
G0 X176.981 Y146.717
;TYPE:SKIN
G1 F1800 X177.173 Y146.626 E629.50932
G1 X178.208 Y146.247 E629.52325
G1 F1440 E628.02325
G0 F9000 X178.136 Y146.3
G0 X176.981 Y147.414
G0 X176.258 Y148.437
G0 X175.781 Y149.508
G0 X175.508 Y150.696
G0 X175.47 Y151.929
G0 X175.47 Y198.67
G0 X175.713 Y200.008
G0 X175.969 Y200.633
G0 X177.242 Y203.264
G1 F1440 E629.52325
G1 F1800 X177.425 Y203.446 E629.52755
G0 F9000 X178.357 Y203.813
G1 F1800 X178.537 Y203.71 E629.53621
G0 F9000 X178.173 Y203.428
;MESH:NONMESH
G0 F300 X178.173 Y203.428 Z7.2
G0 F9000 X178.243 Y203.628
;TIME_ELAPSED:1164.831338
;LAYER:35
;TYPE:WALL-INNER
;MESH:Vertical_Tension_Member.stl
G1 F1800 X177.675 Y203.626 E629.5551
G1 X177.674 Y203.625 E629.55515
G1 X171.54 Y203.589 E629.75917
G1 X171.143 Y203.589 E629.77237
G1 X171.143 Y146.565 E631.669
G1 X171.143 Y146.365 E631.67565
G1 X171.343 Y146.365 E631.67996
G1 X172.79 Y146.37 E631.72809
G1 X177.365 Y146.397 E631.88026
G1 X177.639 Y146.398 E631.88937
G1 X177.865 Y146.4 E631.89689
G1 X177.638 Y146.582 E631.90031
G1 X177.436 Y146.767 E631.90713
G1 X177.405 Y146.795 E631.90852
G1 X177.168 Y147.019 E631.91936
G1 X176.961 Y147.235 E631.92931
G1 X176.775 Y147.468 E631.93923
G1 X176.57 Y147.719 E631.95001
G1 X176.365 Y148.02 E631.96212
G1 X176.214 Y148.269 E631.97181
G1 X176.013 Y148.615 E631.98512
G1 X175.878 Y148.94 E631.99682
G1 X175.753 Y149.202 E632.00648
G1 X175.649 Y149.499 E632.01694
G1 X175.467 Y150.151 E632.03946
G1 X175.414 Y150.547 E632.05275
G1 X175.362 Y150.819 E632.06196
G1 X175.34 Y151.136 E632.07253
G1 X175.344 Y151.401 E632.08134
G1 X175.329 Y151.663 E632.09007
G1 X175.352 Y152.01 E632.10164
G1 X175.433 Y152.658 E632.12336
G1 X175.518 Y152.987 E632.13466
G1 X175.596 Y153.319 E632.146
G1 X175.705 Y153.64 E632.15728
G1 X175.833 Y153.952 E632.16849
G1 X175.981 Y154.3 E632.18107
G1 X176.138 Y154.572 E632.19152
G1 X176.299 Y154.865 E632.20264
G1 X176.517 Y155.184 E632.21549
G1 X176.799 Y155.556 E632.23101
G1 X177.032 Y155.821 E632.24275
G1 X177.265 Y156.066 E632.25399
G1 X177.644 Y156.404 E632.27088
G1 X177.902 Y156.609 E632.28184
G1 X178.093 Y156.772 E632.2902
G1 X178.337 Y156.965 E632.30054
G1 X178.502 Y157.116 E632.30798
G1 X178.64 Y157.247 E632.31431
G1 X178.685 Y157.289 E632.31636
G1 X178.713 Y157.324 E632.31785
G1 X178.532 Y157.522 E632.32677
G1 X178.488 Y157.565 E632.32882
G1 X178.401 Y157.651 E632.33289
G1 X178.156 Y157.843 E632.34324
G1 X177.864 Y158.085 E632.35585
G1 X177.637 Y158.267 E632.36553
G1 X177.405 Y158.48 E632.37601
G1 X177.168 Y158.704 E632.38685
G1 X176.961 Y158.92 E632.3968
G1 X176.775 Y159.153 E632.40672
G1 X176.57 Y159.405 E632.41752
G1 X176.365 Y159.706 E632.42964
G1 X176.214 Y159.954 E632.43929
G1 X176.013 Y160.3 E632.4526
G1 X175.878 Y160.625 E632.46431
G1 X175.753 Y160.887 E632.47396
G1 X175.649 Y161.184 E632.48443
G1 X175.467 Y161.837 E632.50698
G1 X175.415 Y162.229 E632.52013
G1 X175.362 Y162.504 E632.52944
G1 X175.34 Y162.821 E632.54001
G1 X175.344 Y163.087 E632.54886
G1 X175.329 Y163.348 E632.55755
G1 X175.352 Y163.695 E632.56912
G1 X175.433 Y164.344 E632.59087
G1 X175.516 Y164.665 E632.6019
G1 X175.596 Y165.004 E632.61349
G1 X175.705 Y165.325 E632.62476
G1 X175.833 Y165.638 E632.63601
G1 X175.981 Y165.985 E632.64856
G1 X176.138 Y166.257 E632.659
G1 X176.299 Y166.55 E632.67012
G1 X176.516 Y166.868 E632.68293
G1 X176.759 Y167.191 E632.69637
G1 X176.95 Y167.419 E632.70626
G1 X177.264 Y167.75 E632.72144
G1 X177.644 Y168.089 E632.73837
G1 X177.892 Y168.286 E632.74891
G1 X178.093 Y168.456 E632.75766
G1 X178.345 Y168.657 E632.76839
G1 X178.469 Y168.771 E632.77399
G1 X178.502 Y168.801 E632.77547
G1 X178.685 Y168.974 E632.78385
G1 X178.7 Y169.044 E632.78623
G1 X178.668 Y169.075 E632.78771
G1 X178.397 Y169.34 E632.80032
G1 X178.156 Y169.528 E632.81048
G1 X177.864 Y169.77 E632.8231
G1 X177.637 Y169.952 E632.83277
G1 X177.405 Y170.165 E632.84325
G1 X177.168 Y170.389 E632.8541
G1 X176.961 Y170.605 E632.86405
G1 X176.775 Y170.838 E632.87396
G1 X176.57 Y171.09 E632.88477
G1 X176.364 Y171.392 E632.89693
G1 X176.214 Y171.64 E632.90657
G1 X176.013 Y171.986 E632.91987
G1 X175.871 Y172.327 E632.93216
G1 X175.753 Y172.572 E632.94121
G1 X175.649 Y172.87 E632.9517
G1 X175.467 Y173.522 E632.97422
G1 X175.414 Y173.918 E632.98751
G1 X175.362 Y174.19 E632.99672
G1 X175.34 Y174.507 E633.00729
G1 X175.344 Y174.772 E633.0161
G1 X175.329 Y175.034 E633.02483
G1 X175.352 Y175.38 E633.03636
G1 X175.433 Y176.029 E633.05812
G1 X175.516 Y176.35 E633.06914
G1 X175.596 Y176.689 E633.08073
G1 X175.705 Y177.01 E633.092
G1 X175.833 Y177.323 E633.10325
G1 X175.981 Y177.67 E633.1158
G1 X176.138 Y177.942 E633.12624
G1 X176.299 Y178.235 E633.13736
G1 X176.516 Y178.553 E633.15017
G1 X176.759 Y178.876 E633.16361
G1 X176.95 Y179.104 E633.1735
G1 X177.247 Y179.419 E633.1879
G1 X177.457 Y179.61 E633.19734
G1 X177.715 Y179.833 E633.20869
G1 X177.913 Y179.99 E633.21709
G1 X178.469 Y180.46 E633.24131
G1 X178.508 Y180.492 E633.24298
G1 X178.72 Y180.703 E633.25293
G1 X178.7 Y180.729 E633.25402
G1 X178.664 Y180.764 E633.25569
G1 X178.397 Y181.025 E633.26811
G1 X178.156 Y181.213 E633.27828
G1 X177.638 Y181.638 E633.30056
G1 X177.405 Y181.849 E633.31102
G1 X177.168 Y182.075 E633.32191
G1 X176.961 Y182.29 E633.33184
G1 X176.775 Y182.523 E633.34175
G1 X176.57 Y182.775 E633.35256
G1 X176.364 Y183.077 E633.36472
G1 X176.214 Y183.325 E633.37436
G1 X176.013 Y183.671 E633.38767
G1 X175.871 Y184.012 E633.39995
G1 X175.753 Y184.257 E633.409
G1 X175.649 Y184.555 E633.41949
G1 X175.467 Y185.207 E633.44201
G1 X175.414 Y185.603 E633.4553
G1 X175.362 Y185.875 E633.46451
G1 X175.34 Y186.192 E633.47508
G1 X175.344 Y186.457 E633.48389
G1 X175.329 Y186.719 E633.49262
G1 X175.352 Y187.065 E633.50415
G1 X175.433 Y187.714 E633.52591
G1 X175.516 Y188.035 E633.53693
G1 X175.596 Y188.375 E633.54855
G1 X175.705 Y188.695 E633.5598
G1 X175.833 Y189.008 E633.57104
G1 X175.981 Y189.355 E633.58359
G1 X176.138 Y189.627 E633.59404
G1 X176.299 Y189.92 E633.60515
G1 X176.516 Y190.237 E633.61793
G1 X176.759 Y190.562 E633.63143
G1 X176.951 Y190.79 E633.64134
G1 X177.247 Y191.104 E633.6557
G1 X177.457 Y191.295 E633.66514
G1 X177.715 Y191.518 E633.67648
G1 X177.913 Y191.675 E633.68488
G1 X178.518 Y192.185 E633.7112
G1 X178.52 Y192.186 E633.71128
G1 X178.713 Y192.379 E633.72035
G1 X178.532 Y192.578 E633.7293
G1 X178.53 Y192.58 E633.7294
G1 X178.402 Y192.706 E633.73537
G1 X178.155 Y192.898 E633.74577
G1 X177.86 Y193.145 E633.75857
G1 X177.638 Y193.323 E633.76804
G1 X177.405 Y193.535 E633.77851
G1 X177.168 Y193.76 E633.78938
G1 X176.961 Y193.975 E633.79931
G1 X176.775 Y194.208 E633.80922
G1 X176.57 Y194.46 E633.82003
G1 X176.364 Y194.762 E633.83219
G1 X176.214 Y195.01 E633.84183
G1 X176.013 Y195.356 E633.85514
G1 X175.878 Y195.681 E633.86684
G1 X175.753 Y195.943 E633.8765
G1 X175.649 Y196.24 E633.88696
G1 X175.467 Y196.892 E633.90948
G1 X175.414 Y197.288 E633.92277
G1 X175.362 Y197.56 E633.93198
G1 X175.34 Y197.877 E633.94255
G1 X175.344 Y198.142 E633.95136
G1 X175.329 Y198.404 E633.96009
G1 X175.352 Y198.751 E633.97166
G1 X175.433 Y199.399 E633.99338
G1 X175.516 Y199.72 E634.0044
G1 X175.596 Y200.06 E634.01602
G1 X175.705 Y200.38 E634.02727
G1 X175.833 Y200.693 E634.03851
G1 X175.981 Y201.041 E634.05109
G1 X176.138 Y201.313 E634.06154
G1 X176.299 Y201.606 E634.07266
G1 X176.516 Y201.924 E634.08546
G1 X176.759 Y202.247 E634.0989
G1 X176.95 Y202.474 E634.10877
G1 X177.248 Y202.79 E634.12322
G1 X177.585 Y203.096 E634.13836
G1 X177.801 Y203.271 E634.1476
G1 X178.243 Y203.628 E634.15759
G0 F9000 X178.714 Y203.797
G0 X179.297 Y204.034
;TYPE:WALL-OUTER
G1 F1800 X171.539 Y203.989 E634.41563
G1 X170.743 Y203.989 E634.4421
G1 X170.743 Y145.964 E636.37202
G1 X172.792 Y145.97 E636.44017
G1 X178.979 Y146.006 E636.64596
G1 X178.865 Y146.1 E636.65087
G1 X178.671 Y146.272 E636.6595
G1 X178.41 Y146.468 E636.67035
G1 X178.116 Y146.711 E636.68304
G1 X177.898 Y146.886 E636.69234
G1 X177.677 Y147.088 E636.70229
G1 X177.45 Y147.303 E636.71269
G1 X177.262 Y147.499 E636.72173
G1 X177.085 Y147.721 E636.73117
G1 X176.891 Y147.959 E636.74138
G1 X176.701 Y148.237 E636.75258
G1 X176.558 Y148.473 E636.76176
G1 X176.372 Y148.793 E636.77407
G1 X176.239 Y149.113 E636.7856
G1 X176.123 Y149.355 E636.79452
G1 X176.031 Y149.619 E636.80382
G1 X175.86 Y150.231 E636.82496
G1 X175.81 Y150.609 E636.83764
G1 X175.759 Y150.871 E636.84651
G1 X175.74 Y151.147 E636.85572
G1 X175.744 Y151.395 E636.86397
G1 X175.73 Y151.661 E636.87283
G1 X175.75 Y151.972 E636.88319
G1 X175.827 Y152.583 E636.90367
G1 X175.905 Y152.888 E636.91414
G1 X175.981 Y153.208 E636.92508
G1 X176.08 Y153.5 E636.93534
G1 X176.202 Y153.798 E636.94605
G1 X176.34 Y154.121 E636.95773
G1 X176.488 Y154.379 E636.96762
G1 X176.64 Y154.655 E636.9781
G1 X176.842 Y154.95 E636.99
G1 X177.109 Y155.303 E637.00472
G1 X177.327 Y155.551 E637.0157
G1 X177.543 Y155.778 E637.02612
G1 X177.902 Y156.098 E637.04212
G1 X178.151 Y156.296 E637.0527
G1 X178.347 Y156.463 E637.06126
G1 X178.594 Y156.658 E637.07173
G1 X178.777 Y156.825 E637.07997
G1 X178.977 Y157.014 E637.08912
G1 X179.141 Y157.219 E637.09785
G1 X179.187 Y157.325 E637.1017
G1 X179.147 Y157.44 E637.10575
G1 X178.826 Y157.794 E637.12164
G1 X178.659 Y157.958 E637.12942
G1 X178.406 Y158.155 E637.14009
G1 X178.115 Y158.396 E637.15266
G1 X177.898 Y158.571 E637.16193
G1 X177.677 Y158.773 E637.17189
G1 X177.45 Y158.988 E637.18229
G1 X177.262 Y159.184 E637.19132
G1 X177.085 Y159.406 E637.20076
G1 X176.891 Y159.644 E637.21097
G1 X176.701 Y159.923 E637.2222
G1 X176.558 Y160.158 E637.23135
G1 X176.372 Y160.478 E637.24366
G1 X176.239 Y160.798 E637.25519
G1 X176.123 Y161.04 E637.26411
G1 X176.031 Y161.304 E637.27341
G1 X175.86 Y161.917 E637.29458
G1 X175.81 Y162.295 E637.30726
G1 X175.759 Y162.556 E637.31611
G1 X175.74 Y162.832 E637.32531
G1 X175.744 Y163.081 E637.33359
G1 X175.73 Y163.346 E637.34242
G1 X175.75 Y163.657 E637.35278
G1 X175.827 Y164.269 E637.3733
G1 X175.905 Y164.573 E637.38374
G1 X175.981 Y164.893 E637.39467
G1 X176.08 Y165.185 E637.40493
G1 X176.202 Y165.484 E637.41567
G1 X176.34 Y165.806 E637.42732
G1 X176.488 Y166.064 E637.43722
G1 X176.64 Y166.34 E637.44769
G1 X176.841 Y166.635 E637.45957
G1 X177.072 Y166.942 E637.47235
G1 X177.249 Y167.153 E637.48151
G1 X177.543 Y167.463 E637.49572
G1 X177.902 Y167.783 E637.51171
G1 X178.151 Y167.981 E637.52229
G1 X178.347 Y168.147 E637.53084
G1 X178.604 Y168.352 E637.54177
G1 X178.777 Y168.51 E637.54956
G1 X178.977 Y168.699 E637.55871
G1 X179.141 Y168.904 E637.56745
G1 X179.187 Y169.01 E637.57129
G1 X179.147 Y169.125 E637.57534
G1 X178.998 Y169.311 E637.58327
G1 X178.654 Y169.647 E637.59926
G1 X178.406 Y169.84 E637.60971
G1 X178.115 Y170.081 E637.62228
G1 X177.898 Y170.256 E637.63155
G1 X177.677 Y170.458 E637.64151
G1 X177.45 Y170.673 E637.65191
G1 X177.262 Y170.869 E637.66094
G1 X177.085 Y171.091 E637.67038
G1 X176.891 Y171.329 E637.6806
G1 X176.701 Y171.608 E637.69182
G1 X176.558 Y171.844 E637.701
G1 X176.372 Y172.164 E637.71331
G1 X176.239 Y172.484 E637.72484
G1 X176.123 Y172.725 E637.73373
G1 X176.031 Y172.99 E637.74306
G1 X175.86 Y173.602 E637.7642
G1 X175.81 Y173.98 E637.77688
G1 X175.759 Y174.242 E637.78576
G1 X175.74 Y174.518 E637.79496
G1 X175.744 Y174.766 E637.80321
G1 X175.73 Y175.032 E637.81207
G1 X175.75 Y175.342 E637.8224
G1 X175.827 Y175.954 E637.84292
G1 X175.905 Y176.258 E637.85336
G1 X175.981 Y176.578 E637.86429
G1 X176.08 Y176.87 E637.87455
G1 X176.202 Y177.169 E637.88529
G1 X176.34 Y177.491 E637.89694
G1 X176.488 Y177.749 E637.90684
G1 X176.64 Y178.025 E637.91732
G1 X176.841 Y178.32 E637.92919
G1 X177.072 Y178.627 E637.94197
G1 X177.249 Y178.838 E637.95113
G1 X177.528 Y179.133 E637.96463
G1 X177.723 Y179.311 E637.97341
G1 X177.97 Y179.525 E637.98428
G1 X178.171 Y179.684 E637.99281
G1 X178.405 Y179.881 E638.00298
G1 X178.777 Y180.195 E638.01917
G1 X178.977 Y180.384 E638.02832
G1 X179.141 Y180.589 E638.03706
G1 X179.187 Y180.695 E638.0409
G1 X179.147 Y180.81 E638.04495
G1 X178.998 Y180.996 E638.05288
G1 X178.654 Y181.332 E638.06887
G1 X178.406 Y181.525 E638.07932
G1 X178.115 Y181.766 E638.09189
G1 X177.898 Y181.942 E638.10118
G1 X177.677 Y182.142 E638.11109
G1 X177.45 Y182.358 E638.12152
G1 X177.262 Y182.554 E638.13055
G1 X177.085 Y182.776 E638.13999
G1 X176.891 Y183.014 E638.15021
G1 X176.701 Y183.293 E638.16143
G1 X176.558 Y183.529 E638.17061
G1 X176.372 Y183.849 E638.18292
G1 X176.239 Y184.169 E638.19445
G1 X176.123 Y184.41 E638.20334
G1 X176.031 Y184.675 E638.21267
G1 X175.86 Y185.287 E638.23381
G1 X175.81 Y185.665 E638.24649
G1 X175.759 Y185.927 E638.25537
G1 X175.74 Y186.203 E638.26457
G1 X175.744 Y186.451 E638.27282
G1 X175.73 Y186.717 E638.28168
G1 X175.75 Y187.027 E638.29201
G1 X175.827 Y187.639 E638.31253
G1 X175.905 Y187.943 E638.32296
G1 X175.981 Y188.264 E638.33394
G1 X176.08 Y188.555 E638.34416
G1 X176.202 Y188.854 E638.3549
G1 X176.34 Y189.176 E638.36655
G1 X176.488 Y189.434 E638.37644
G1 X176.64 Y189.71 E638.38692
G1 X176.841 Y190.004 E638.39877
G1 X177.072 Y190.313 E638.4116
G1 X177.249 Y190.523 E638.42074
G1 X177.528 Y190.818 E638.43424
G1 X177.723 Y190.996 E638.44302
G1 X177.97 Y191.21 E638.45389
G1 X178.171 Y191.369 E638.46242
G1 X178.405 Y191.566 E638.47259
G1 X178.778 Y191.88 E638.48881
G1 X178.977 Y192.069 E638.49793
G1 X179.141 Y192.274 E638.50667
G1 X179.187 Y192.38 E638.51051
G1 X179.147 Y192.495 E638.51456
G1 X178.826 Y192.85 E638.53048
G1 X178.659 Y193.013 E638.53824
G1 X178.406 Y193.21 E638.5489
G1 X178.115 Y193.452 E638.56149
G1 X177.898 Y193.627 E638.57076
G1 X177.677 Y193.828 E638.5807
G1 X177.45 Y194.044 E638.59112
G1 X177.262 Y194.239 E638.60013
G1 X177.085 Y194.461 E638.60958
G1 X176.891 Y194.699 E638.61979
G1 X176.701 Y194.978 E638.63101
G1 X176.558 Y195.214 E638.64019
G1 X176.372 Y195.534 E638.6525
G1 X176.239 Y195.854 E638.66403
G1 X176.123 Y196.096 E638.67295
G1 X176.031 Y196.36 E638.68225
G1 X175.86 Y196.972 E638.70339
G1 X175.81 Y197.35 E638.71607
G1 X175.759 Y197.612 E638.72495
G1 X175.74 Y197.888 E638.73415
G1 X175.744 Y198.136 E638.7424
G1 X175.73 Y198.402 E638.75126
G1 X175.75 Y198.713 E638.76162
G1 X175.827 Y199.324 E638.78211
G1 X175.905 Y199.628 E638.79254
G1 X175.981 Y199.949 E638.80352
G1 X176.08 Y200.24 E638.81374
G1 X176.202 Y200.539 E638.82448
G1 X176.34 Y200.862 E638.83616
G1 X176.488 Y201.12 E638.84606
G1 X176.64 Y201.396 E638.85654
G1 X176.841 Y201.691 E638.86841
G1 X177.072 Y201.998 E638.88119
G1 X177.249 Y202.208 E638.89032
G1 X177.528 Y202.504 E638.90385
G1 X177.846 Y202.792 E638.91812
G1 X178.305 Y203.165 E638.93779
G1 X178.791 Y203.553 E638.95848
G1 X179.062 Y203.787 E638.97038
G1 X179.271 Y203.988 E638.98003
G1 X179.297 Y204.034 E638.98179
G0 F9000 X178.714 Y203.797
G0 X176.797 Y203.538
;TYPE:FILL
G1 F3600 X171.222 Y197.963 E639.24402
G0 F9000 X171.222 Y193.705
G1 F3600 X178.032 Y191.88 E639.47851
G0 F9000 X177.701 Y191.609
G1 F3600 X177.151 Y193.665 E639.5493
G0 F9000 X176.157 Y195.428
G0 X175.802 Y196.289
G0 X175.55 Y197.451
G0 X175.477 Y199.91
G1 F3600 X174.508 Y203.526 E639.67381
G0 F9000 X175.396 Y185.167
G1 F3600 X171.222 Y180.993 E639.87014
G0 F9000 X171.222 Y181.282
G1 F3600 X177.366 Y179.636 E640.0817
G0 F9000 X176.126 Y177.597
G0 X175.751 Y176.644
G0 X175.512 Y175.364
G0 X175.521 Y174.211
G0 X175.802 Y172.919
G0 X176.247 Y171.95
G0 X177.327 Y170.127
G1 F3600 X171.221 Y164.021 E640.36891
G0 F9000 X171.222 Y168.859
G1 F3600 X176.8 Y167.364 E640.56098
G0 F9000 X171.222 Y169.425
G1 F3600 X175.527 Y153.361 E641.11412
G0 F9000 X176.339 Y155.064
G1 F3600 X171.222 Y156.435 E641.29032
G0 F9000 X175.262 Y151.092
G1 F3600 X171.221 Y147.051 E641.4804
G0 F9000 X177.286 Y146.796
G1 F3600 X177.371 Y146.476 E641.49141
G0 F9000 X177.151 Y146.702
;TYPE:SKIN
G1 F1800 X176.968 Y146.602 E641.49916
G0 F9000 X177.002 Y146.569
G0 X178.03 Y146.39
G1 F1800 X178.243 Y146.176 E641.50418
G0 F9000 X178.242 Y146.301
G0 X177.081 Y147.341
G0 X176.352 Y148.351
G0 X175.802 Y149.548
G0 X175.521 Y150.84
G0 X175.512 Y163.679
G0 X175.751 Y164.959
G0 X176.279 Y166.179
G0 X176.884 Y167.09
G0 X177.373 Y167.586
G0 X178.852 Y169.022
G0 X178.949 Y168.946
G1 F1800 X178.861 Y169.034 E641.50625
G1 F1440 E640.00625
G0 F9000 X178.846 Y169.022
G0 X177.081 Y170.711
G0 X176.352 Y171.722
G0 X175.802 Y172.919
G0 X175.521 Y174.211
G0 X175.512 Y198.735
G0 X175.751 Y200.015
G0 X176.178 Y201.003
G0 X177.476 Y203.23
G0 X177.367 Y203.338
G1 F1440 E641.50625
G1 F1800 X177.585 Y203.402 E641.50841
G1 X178.455 Y203.664 E641.51706
G0 F9000 X178.699 Y203.704
G1 F1800 X178.548 Y203.854 E641.5206
;MESH:NONMESH
G0 F300 X178.548 Y203.854 Z7.4
G0 F9000 X178.284 Y203.628
;TIME_ELAPSED:1180.977411
;LAYER:36
;TYPE:WALL-INNER
;MESH:Vertical_Tension_Member.stl
G1 F1800 X177.871 Y203.626 E641.53434
G1 X177.772 Y203.626 E641.53763
G1 X171.56 Y203.589 E641.74425
G1 X171.182 Y203.589 E641.75682
G1 X171.182 Y146.564 E643.65348
G1 X171.182 Y146.364 E643.66013
G1 X171.382 Y146.364 E643.66444
G1 X172.613 Y146.369 E643.70538
G1 X177.416 Y146.397 E643.86513
G1 X177.611 Y146.398 E643.87162
G1 X177.904 Y146.4 E643.88137
G1 X177.61 Y146.641 E643.88669
G1 X177.468 Y146.774 E643.89198
G1 X177.243 Y146.986 E643.90226
G1 X177.016 Y147.218 E643.91306
G1 X176.832 Y147.441 E643.92267
G1 X176.602 Y147.733 E643.93504
G1 X176.407 Y148.013 E643.94639
G1 X176.151 Y148.441 E643.96297
G1 X175.996 Y148.743 E643.97426
G1 X175.874 Y149.027 E643.98454
G1 X175.724 Y149.391 E643.99764
G1 X175.64 Y149.694 E644.0081
G1 X175.546 Y150 E644.01874
G1 X175.47 Y150.378 E644.03157
G1 X175.382 Y151.014 E644.05292
G1 X175.379 Y151.345 E644.06393
G1 X175.371 Y151.673 E644.07484
G1 X175.397 Y152.053 E644.08751
G1 X175.481 Y152.7 E644.10921
G1 X175.566 Y153.023 E644.12032
G1 X175.643 Y153.334 E644.13098
G1 X175.753 Y153.661 E644.14245
G1 X175.993 Y154.241 E644.16333
G1 X176.142 Y154.516 E644.17373
G1 X176.349 Y154.879 E644.18763
G1 X176.546 Y155.17 E644.19932
G1 X176.85 Y155.567 E644.21595
G1 X177.057 Y155.805 E644.22644
G1 X177.283 Y156.04 E644.23728
G1 X177.496 Y156.24 E644.247
G1 X177.71 Y156.424 E644.25639
G1 X177.931 Y156.603 E644.26585
G1 X178.181 Y156.811 E644.27667
G1 X178.411 Y156.989 E644.28634
G1 X178.588 Y157.157 E644.29445
G1 X178.661 Y157.227 E644.29782
G1 X178.75 Y157.342 E644.30266
G1 X178.67 Y157.431 E644.30664
G1 X178.596 Y157.501 E644.31002
G1 X178.418 Y157.67 E644.31819
G1 X178.181 Y157.855 E644.32819
G1 X177.61 Y158.326 E644.35281
G1 X177.243 Y158.671 E644.36956
G1 X177.016 Y158.903 E644.38035
G1 X176.832 Y159.126 E644.38997
G1 X176.602 Y159.418 E644.40233
G1 X176.407 Y159.699 E644.41371
G1 X176.151 Y160.126 E644.43027
G1 X175.996 Y160.428 E644.44156
G1 X175.874 Y160.712 E644.45184
G1 X175.724 Y161.076 E644.46493
G1 X175.639 Y161.379 E644.4754
G1 X175.546 Y161.686 E644.48607
G1 X175.47 Y162.063 E644.49886
G1 X175.382 Y162.7 E644.52025
G1 X175.379 Y163.031 E644.53126
G1 X175.371 Y163.358 E644.54214
G1 X175.397 Y163.738 E644.55481
G1 X175.481 Y164.385 E644.57651
G1 X175.569 Y164.716 E644.5879
G1 X175.643 Y165.019 E644.59827
G1 X175.753 Y165.346 E644.60975
G1 X175.993 Y165.926 E644.63062
G1 X176.142 Y166.201 E644.64103
G1 X176.301 Y166.484 E644.65182
G1 X176.485 Y166.77 E644.66313
G1 X176.724 Y167.09 E644.67642
G1 X176.901 Y167.315 E644.68594
G1 X177.1 Y167.537 E644.69586
G1 X177.379 Y167.818 E644.70903
G1 X177.612 Y168.027 E644.71944
G1 X178.091 Y168.421 E644.74007
G1 X178.417 Y168.68 E644.75391
G1 X178.594 Y168.848 E644.76203
G1 X178.657 Y168.908 E644.76492
G1 X178.749 Y169.027 E644.76993
G1 X178.647 Y169.14 E644.77499
G1 X178.583 Y169.2 E644.77791
G1 X178.414 Y169.36 E644.78565
G1 X178.183 Y169.54 E644.79539
G1 X177.61 Y170.011 E644.82006
G1 X177.243 Y170.356 E644.83681
G1 X177.016 Y170.588 E644.84761
G1 X176.832 Y170.811 E644.85722
G1 X176.602 Y171.103 E644.86959
G1 X176.407 Y171.384 E644.88096
G1 X176.151 Y171.811 E644.89752
G1 X175.996 Y172.114 E644.90884
G1 X175.874 Y172.397 E644.91909
G1 X175.724 Y172.761 E644.93219
G1 X175.639 Y173.064 E644.94265
G1 X175.546 Y173.371 E644.95332
G1 X175.47 Y173.748 E644.96611
G1 X175.382 Y174.385 E644.9875
G1 X175.379 Y174.716 E644.99851
G1 X175.371 Y175.044 E645.00942
G1 X175.397 Y175.423 E645.02206
G1 X175.481 Y176.071 E645.04379
G1 X175.569 Y176.402 E645.05518
G1 X175.643 Y176.704 E645.06552
G1 X175.753 Y177.031 E645.077
G1 X175.993 Y177.611 E645.09788
G1 X176.142 Y177.886 E645.10828
G1 X176.301 Y178.169 E645.11908
G1 X176.485 Y178.455 E645.13039
G1 X176.724 Y178.775 E645.14367
G1 X176.901 Y179 E645.15319
G1 X177.1 Y179.222 E645.16311
G1 X177.379 Y179.503 E645.17628
G1 X177.612 Y179.712 E645.18669
G1 X178.182 Y180.182 E645.21126
G1 X178.413 Y180.361 E645.22098
G1 X178.596 Y180.535 E645.22938
G1 X178.657 Y180.592 E645.23216
G1 X178.749 Y180.712 E645.23719
G1 X178.641 Y180.831 E645.24253
G1 X178.58 Y180.888 E645.24531
G1 X178.414 Y181.044 E645.25288
G1 X178.183 Y181.225 E645.26264
G1 X177.61 Y181.696 E645.28731
G1 X177.243 Y182.041 E645.30407
G1 X177.014 Y182.276 E645.31498
G1 X176.731 Y182.624 E645.3299
G1 X176.538 Y182.873 E645.34038
G1 X176.363 Y183.146 E645.35116
G1 X176.192 Y183.421 E645.36193
G1 X176.045 Y183.695 E645.37228
G1 X175.928 Y183.966 E645.38209
G1 X175.798 Y184.252 E645.39254
G1 X175.683 Y184.576 E645.40398
G1 X175.501 Y185.245 E645.42704
G1 X175.455 Y185.562 E645.43769
G1 X175.402 Y185.885 E645.44858
G1 X175.377 Y186.264 E645.46121
G1 X175.375 Y186.914 E645.48283
G1 X175.416 Y187.241 E645.49379
G1 X175.45 Y187.568 E645.50473
G1 X175.529 Y187.95 E645.5177
G1 X175.69 Y188.553 E645.53846
G1 X175.872 Y189.005 E645.55467
G1 X175.993 Y189.296 E645.56515
G1 X176.142 Y189.571 E645.57555
G1 X176.301 Y189.854 E645.58635
G1 X176.485 Y190.14 E645.59766
G1 X176.724 Y190.46 E645.61094
G1 X176.901 Y190.685 E645.62046
G1 X177.1 Y190.907 E645.63038
G1 X177.378 Y191.187 E645.6435
G1 X177.611 Y191.398 E645.65396
G1 X178.091 Y191.791 E645.67459
G1 X178.284 Y191.946 E645.68282
G1 X178.508 Y192.135 E645.69257
G1 X178.535 Y192.158 E645.69375
G1 X178.703 Y192.321 E645.70154
G1 X178.715 Y192.333 E645.7021
G1 X178.76 Y192.388 E645.70447
G1 X178.721 Y192.435 E645.7065
G1 X178.696 Y192.46 E645.70767
G1 X178.511 Y192.638 E645.71621
G1 X178.498 Y192.649 E645.71678
G1 X178.281 Y192.833 E645.72624
G1 X178.071 Y193.001 E645.73519
G1 X177.61 Y193.382 E645.75508
G1 X177.242 Y193.727 E645.77185
G1 X177.015 Y193.961 E645.7827
G1 X176.731 Y194.309 E645.79764
G1 X176.538 Y194.558 E645.80812
G1 X176.363 Y194.831 E645.8189
G1 X176.192 Y195.106 E645.82967
G1 X176.045 Y195.38 E645.84001
G1 X175.928 Y195.651 E645.84983
G1 X175.798 Y195.938 E645.86031
G1 X175.683 Y196.261 E645.87171
G1 X175.501 Y196.93 E645.89477
G1 X175.455 Y197.247 E645.90543
G1 X175.402 Y197.57 E645.91631
G1 X175.377 Y197.949 E645.92895
G1 X175.375 Y198.599 E645.95057
G1 X175.416 Y198.928 E645.96159
G1 X175.45 Y199.253 E645.97246
G1 X175.529 Y199.635 E645.98544
G1 X175.69 Y200.238 E646.0062
G1 X175.872 Y200.689 E646.02237
G1 X175.993 Y200.982 E646.03291
G1 X176.142 Y201.256 E646.04329
G1 X176.3 Y201.539 E646.05407
G1 X176.486 Y201.827 E646.06547
G1 X176.724 Y202.145 E646.07868
G1 X176.901 Y202.37 E646.0882
G1 X177.1 Y202.592 E646.09812
G1 X177.379 Y202.873 E646.11129
G1 X177.61 Y203.082 E646.12165
G1 X177.796 Y203.235 E646.12966
G1 X177.872 Y203.298 E646.13267
G1 X178.284 Y203.628 E646.1415
G0 F9000 X178.755 Y203.797
G0 X179.341 Y204.034
;TYPE:WALL-OUTER
G1 F1800 X171.559 Y203.989 E646.40034
G1 X170.782 Y203.989 E646.42618
G1 X170.782 Y145.963 E648.35613
G1 X172.615 Y145.969 E648.4171
G1 X179.021 Y146.006 E648.63017
G1 X178.896 Y146.109 E648.63556
G1 X178.703 Y146.276 E648.64404
G1 X178.437 Y146.48 E648.65519
G1 X177.874 Y146.942 E648.67942
G1 X177.523 Y147.271 E648.69542
G1 X177.314 Y147.486 E648.70539
G1 X177.143 Y147.692 E648.7143
G1 X176.924 Y147.971 E648.72609
G1 X176.743 Y148.23 E648.7366
G1 X176.501 Y148.635 E648.75229
G1 X176.358 Y148.913 E648.76269
G1 X176.243 Y149.182 E648.77242
G1 X176.103 Y149.522 E648.78465
G1 X176.022 Y149.811 E648.79463
G1 X175.934 Y150.098 E648.80462
G1 X175.865 Y150.445 E648.81639
G1 X175.782 Y151.044 E648.8365
G1 X175.779 Y151.355 E648.84684
G1 X175.771 Y151.664 E648.85712
G1 X175.795 Y152.014 E648.86879
G1 X175.874 Y152.623 E648.88922
G1 X175.955 Y152.928 E648.89971
G1 X176.027 Y153.222 E648.90978
G1 X176.128 Y153.52 E648.92025
G1 X176.355 Y154.069 E648.94001
G1 X176.492 Y154.322 E648.94958
G1 X176.689 Y154.667 E648.96279
G1 X176.871 Y154.936 E648.97359
G1 X177.16 Y155.314 E648.98942
G1 X177.352 Y155.535 E648.99915
G1 X177.564 Y155.755 E649.00932
G1 X177.764 Y155.943 E649.01845
G1 X177.966 Y156.117 E649.02731
G1 X178.182 Y156.291 E649.03654
G1 X178.432 Y156.499 E649.04735
G1 X178.67 Y156.684 E649.05738
G1 X178.962 Y156.961 E649.07077
G1 X179.233 Y157.316 E649.08562
G1 X179.114 Y157.535 E649.09391
G1 X178.961 Y157.706 E649.10154
G1 X178.68 Y157.972 E649.11441
G1 X178.432 Y158.167 E649.12491
G1 X177.874 Y158.627 E649.14896
G1 X177.523 Y158.956 E649.16496
G1 X177.314 Y159.171 E649.17493
G1 X177.143 Y159.377 E649.18384
G1 X176.924 Y159.656 E649.19563
G1 X176.743 Y159.916 E649.20617
G1 X176.501 Y160.32 E649.22183
G1 X176.358 Y160.598 E649.23223
G1 X176.243 Y160.867 E649.24196
G1 X176.103 Y161.207 E649.25419
G1 X176.022 Y161.496 E649.26417
G1 X175.934 Y161.784 E649.27419
G1 X175.865 Y162.13 E649.28592
G1 X175.782 Y162.729 E649.30604
G1 X175.779 Y163.041 E649.31642
G1 X175.771 Y163.349 E649.32666
G1 X175.795 Y163.699 E649.33833
G1 X175.874 Y164.308 E649.35876
G1 X175.955 Y164.614 E649.36928
G1 X176.027 Y164.907 E649.37932
G1 X176.128 Y165.205 E649.38979
G1 X176.355 Y165.754 E649.40954
G1 X176.492 Y166.008 E649.41914
G1 X176.644 Y166.277 E649.42942
G1 X176.814 Y166.542 E649.43989
G1 X177.042 Y166.847 E649.45256
G1 X177.207 Y167.058 E649.46147
G1 X177.391 Y167.262 E649.4706
G1 X177.655 Y167.528 E649.48307
G1 X177.873 Y167.724 E649.49282
G1 X178.343 Y168.11 E649.51305
G1 X178.683 Y168.381 E649.52751
G1 X178.955 Y168.638 E649.53995
G1 X179.233 Y169.001 E649.55516
G1 X179.115 Y169.219 E649.56341
G1 X178.936 Y169.417 E649.57228
G1 X178.675 Y169.663 E649.58421
G1 X178.433 Y169.852 E649.59443
G1 X177.874 Y170.312 E649.6185
G1 X177.523 Y170.641 E649.6345
G1 X177.314 Y170.856 E649.64448
G1 X177.143 Y171.062 E649.65338
G1 X176.924 Y171.341 E649.66518
G1 X176.743 Y171.601 E649.67572
G1 X176.501 Y172.005 E649.69138
G1 X176.358 Y172.284 E649.70181
G1 X176.243 Y172.552 E649.71151
G1 X176.103 Y172.892 E649.72374
G1 X176.022 Y173.181 E649.73372
G1 X175.934 Y173.469 E649.74373
G1 X175.865 Y173.815 E649.75547
G1 X175.782 Y174.414 E649.77558
G1 X175.779 Y174.726 E649.78596
G1 X175.771 Y175.035 E649.79624
G1 X175.795 Y175.384 E649.80788
G1 X175.874 Y175.994 E649.82833
G1 X175.955 Y176.299 E649.83883
G1 X176.027 Y176.592 E649.84887
G1 X176.128 Y176.89 E649.85933
G1 X176.355 Y177.439 E649.87909
G1 X176.492 Y177.693 E649.88869
G1 X176.644 Y177.962 E649.89896
G1 X176.814 Y178.227 E649.90944
G1 X177.042 Y178.532 E649.9221
G1 X177.207 Y178.743 E649.93101
G1 X177.391 Y178.947 E649.94015
G1 X177.655 Y179.213 E649.95261
G1 X177.873 Y179.409 E649.96236
G1 X178.432 Y179.87 E649.98646
G1 X178.678 Y180.061 E649.99682
G1 X178.955 Y180.323 E650.0095
G1 X179.233 Y180.687 E650.02474
G1 X179.118 Y180.9 E650.03279
G1 X178.93 Y181.108 E650.04211
G1 X178.675 Y181.348 E650.05376
G1 X178.433 Y181.537 E650.06397
G1 X177.874 Y181.997 E650.08805
G1 X177.523 Y182.326 E650.10405
G1 X177.313 Y182.542 E650.11407
G1 X177.044 Y182.873 E650.12826
G1 X176.865 Y183.104 E650.13798
G1 X176.701 Y183.359 E650.14806
G1 X176.539 Y183.621 E650.15831
G1 X176.405 Y183.87 E650.16771
G1 X176.292 Y184.131 E650.17717
G1 X176.169 Y184.402 E650.18707
G1 X176.065 Y184.696 E650.19744
G1 X175.893 Y185.326 E650.21916
G1 X175.85 Y185.627 E650.22928
G1 X175.8 Y185.931 E650.23952
G1 X175.777 Y186.278 E650.25109
G1 X175.775 Y186.89 E650.27144
G1 X175.814 Y187.2 E650.28184
G1 X175.846 Y187.507 E650.2921
G1 X175.918 Y187.858 E650.30402
G1 X176.07 Y188.426 E650.32358
G1 X176.242 Y188.853 E650.33889
G1 X176.355 Y189.124 E650.34865
G1 X176.492 Y189.378 E650.35825
G1 X176.644 Y189.647 E650.36853
G1 X176.814 Y189.912 E650.379
G1 X177.042 Y190.217 E650.39167
G1 X177.207 Y190.428 E650.40057
G1 X177.391 Y190.632 E650.40971
G1 X177.655 Y190.898 E650.42218
G1 X177.872 Y191.095 E650.43192
G1 X178.343 Y191.48 E650.45216
G1 X178.542 Y191.64 E650.46065
G1 X178.793 Y191.852 E650.47158
G1 X179.01 Y192.062 E650.48162
G1 X179.184 Y192.276 E650.4908
G1 X179.232 Y192.386 E650.49479
G1 X179.183 Y192.504 E650.49904
G1 X179.014 Y192.709 E650.50787
G1 X178.782 Y192.933 E650.5186
G1 X178.531 Y193.146 E650.52955
G1 X178.323 Y193.312 E650.5384
G1 X177.874 Y193.682 E650.55775
G1 X177.523 Y194.012 E650.57377
G1 X177.314 Y194.227 E650.58375
G1 X177.044 Y194.558 E650.59795
G1 X176.865 Y194.789 E650.60767
G1 X176.701 Y195.044 E650.61776
G1 X176.539 Y195.306 E650.628
G1 X176.405 Y195.555 E650.63741
G1 X176.292 Y195.816 E650.64687
G1 X176.169 Y196.088 E650.6568
G1 X176.065 Y196.381 E650.66714
G1 X175.893 Y197.011 E650.68886
G1 X175.85 Y197.312 E650.69897
G1 X175.8 Y197.616 E650.70922
G1 X175.777 Y197.963 E650.72078
G1 X175.775 Y198.575 E650.74114
G1 X175.814 Y198.886 E650.75157
G1 X175.846 Y199.192 E650.7618
G1 X175.918 Y199.543 E650.77372
G1 X176.07 Y200.111 E650.79327
G1 X176.242 Y200.538 E650.80858
G1 X176.355 Y200.81 E650.81838
G1 X176.492 Y201.063 E650.82795
G1 X176.643 Y201.333 E650.83824
G1 X176.814 Y201.598 E650.84873
G1 X177.042 Y201.902 E650.86137
G1 X177.207 Y202.113 E650.87028
G1 X177.391 Y202.317 E650.87941
G1 X177.655 Y202.583 E650.89188
G1 X177.872 Y202.779 E650.9016
G1 X178.125 Y202.988 E650.91252
G1 X178.346 Y203.167 E650.92198
G1 X178.55 Y203.328 E650.93062
G1 X178.818 Y203.544 E650.94207
G1 X179.073 Y203.758 E650.95314
G1 X179.312 Y203.986 E650.96413
G1 X179.341 Y204.034 E650.96599
G0 F9000 X178.755 Y203.797
G0 X176.998 Y203.539
;TYPE:FILL
G1 F3600 X171.261 Y197.803 E651.23582
G0 F9000 X171.261 Y193.841
G1 F3600 X176.805 Y192.355 E651.42672
G0 F9000 X176.587 Y192.355
G0 X176.656 Y193.705
G0 X177.053 Y193.762
G0 X176.994 Y193.704
G1 F3600 X176.933 Y193.932 E651.43457
G0 F9000 X175.836 Y196.31
G0 X175.615 Y197.345
G0 X175.428 Y199.547
G1 F3600 X174.363 Y203.525 E651.57154
G0 F9000 X175.473 Y185.044
G1 F3600 X171.261 Y180.832 E651.76966
G0 F9000 X171.261 Y181.417
G1 F3600 X176.804 Y179.932 E651.96052
G0 F9000 X176.586 Y179.932
G0 X175.638 Y176.04
G0 X175.54 Y174.721
G0 X175.67 Y173.66
G0 X176.589 Y169.409
G0 X176.808 Y169.409
G1 F3600 X171.261 Y163.862 E652.22144
G0 F9000 X171.262 Y168.733
G1 F3600 X175.477 Y153.002 E652.76311
G0 F9000 X175.31 Y150.941
G1 F3600 X171.261 Y146.891 E652.95358
G0 F9000 X177.073 Y147.043
G1 F3600 X177.226 Y146.474 E652.97318
G0 F9000 X175.877 Y149.444
G0 X175.629 Y150.406
G0 X175.54 Y151.35
G0 X175.638 Y152.669
G0 X175.713 Y152.933
G0 X176.455 Y155.179
G1 F3600 X171.261 Y156.571 E653.15203
G0 F9000 X176.936 Y167.474
G1 F3600 X171.261 Y168.994 E653.34744
G0 F9000 X176.885 Y167.589
G0 X176.879 Y167.868
;TYPE:SKIN
G1 F1800 X177.11 Y168.101 E653.35835
G1 X177.358 Y168.323 E653.36942
G1 X177.846 Y168.725 E653.39045
G1 X178.167 Y168.979 E653.40406
G1 X178.209 Y169.019 E653.40599
G1 X178.174 Y169.052 E653.40759
G1 X177.939 Y169.236 E653.41752
G1 X177.353 Y169.718 E653.44276
G1 X176.97 Y170.077 E653.46022
G1 X176.879 Y170.17 E653.46454
G1 X176.879 Y167.868 E653.54111
G0 F9000 X177.078 Y167.672
G0 X178.509 Y169.019
G0 X177.984 Y169.56
G0 X177.705 Y169.219
G1 F1800 X177.038 Y168.553 E653.57246
G0 F9000 X177.038 Y169.118
G1 F1800 X177.394 Y169.475 E653.58923
G0 F9000 X177.673 Y169.816
G0 X177.045 Y170.334
G0 X176.794 Y170.481
G0 X176.856 Y170.351
;TYPE:SKIN
G1 F1800 X176.94 Y170.434 E653.59119
G0 F9000 X176.976 Y170.471
G0 X176.656 Y170.343
G0 X176.656 Y167.695
G0 X176.772 Y167.721
G1 F1800 X176.711 Y167.66 E653.59263
G0 F9000 X176.905 Y167.571
G1 F1800 X176.973 Y167.639 E653.59422
G0 F9000 X177.013 Y167.604
G0 X175.904 Y165.289
G0 X175.638 Y164.354
G0 X175.54 Y163.036
G0 X175.702 Y161.726
G0 X176.057 Y160.731
G0 X177.077 Y158.683
G0 X176.878 Y158.486
;TYPE:SKIN
G1 F1800 X176.878 Y156.182 E653.67086
G1 X177.008 Y156.317 E653.67709
G1 X177.235 Y156.53 E653.68744
G1 X177.46 Y156.724 E653.69732
G1 X177.684 Y156.904 E653.70688
G1 X177.937 Y157.115 E653.71784
G1 X178.161 Y157.288 E653.72725
G1 X178.207 Y157.332 E653.72937
G1 X178.163 Y157.374 E653.73139
G1 X177.937 Y157.551 E653.74094
G1 X177.352 Y158.033 E653.76615
G1 X176.97 Y158.392 E653.78359
G1 X176.878 Y158.486 E653.78796
G0 F9000 X177.193 Y157.96
G1 F1800 X177.036 Y157.803 E653.79535
G0 F9000 X177.5 Y157.701
G1 F1800 X177.036 Y157.237 E653.81717
G0 F9000 X177.036 Y156.672
G1 F1800 X177.81 Y157.445 E653.85355
G0 F9000 X178.09 Y157.787
G0 X176.904 Y158.763
G0 X176.718 Y158.616
;TYPE:SKIN
G1 F1800 X176.866 Y158.764 E653.85704
G0 F9000 X176.844 Y158.809
G0 X176.655 Y156.012
G0 X176.994 Y155.899
G0 X176.909 Y155.979
G1 F1800 X176.844 Y155.914 E653.85856
G0 F9000 X176.819 Y155.859
G0 X175.543 Y162.712
G0 X175.557 Y175.407
G0 X175.723 Y176.356
G0 X176.058 Y177.316
G0 X177.075 Y179.354
G0 X176.876 Y179.55
;TYPE:SKIN
G1 F1800 X177.11 Y179.786 E653.86962
G1 X177.358 Y180.008 E653.88069
G1 X177.938 Y180.486 E653.90569
G1 X178.165 Y180.663 E653.91526
G1 X178.208 Y180.703 E653.91721
G1 X178.16 Y180.748 E653.9194
G1 X177.939 Y180.921 E653.92874
G1 X177.353 Y181.403 E653.95397
G1 X176.97 Y181.762 E653.97143
G1 X176.877 Y181.857 E653.97585
G1 X176.877 Y180.982 E654.00496
G1 X176.88 Y180.559 E654.01903
G1 X176.876 Y180.206 E654.03077
G1 X176.876 Y179.55 E654.05259
G0 F9000 X177.075 Y179.354
G0 X178.51 Y180.703
G0 X178.181 Y181.086
G0 X177.91 Y180.739
G1 F1800 X177.514 Y180.343 E654.07121
G0 F9000 X177.038 Y180.432
G1 F1800 X177.599 Y180.993 E654.0976
G0 F9000 X177.288 Y181.248
G1 F1800 X177.036 Y180.996 E654.10945
G0 F9000 X176.587 Y180.996
G0 X176.653 Y179.377
G0 X176.831 Y179.377
;TYPE:SKIN
G1 F1800 X176.768 Y179.314 E654.11094
G0 F9000 X176.744 Y179.261
G0 X175.562 Y185.904
G0 X175.576 Y187.225
G0 X175.843 Y188.501
G0 X176.092 Y189.063
G0 X177.082 Y191.046
G0 X176.883 Y191.242
;TYPE:SKIN
G1 F1800 X177.109 Y191.469 E654.12159
G1 X177.356 Y191.694 E654.1327
G1 X177.845 Y192.094 E654.15372
G1 X178.202 Y192.388 E654.1691
G1 X178.037 Y192.529 E654.17632
G1 X177.825 Y192.699 E654.18535
G1 X177.352 Y193.089 E654.20574
G1 X176.969 Y193.448 E654.2232
G1 X176.879 Y193.541 E654.22751
G1 X176.876 Y191.811 E654.28505
G1 X176.883 Y191.242 E654.30398
G0 F9000 X177.082 Y191.046
G0 X178.509 Y192.387
G0 X178.077 Y192.855
G0 X177.802 Y192.51
G1 F1800 X177.036 Y191.744 E654.34001
G0 F9000 X177.036 Y192.309
G1 F1800 X177.491 Y192.765 E654.36143
G0 F9000 X177.185 Y193.024
G1 F1800 X177.036 Y192.876 E654.36842
G0 F9000 X176.684 Y193.654
;TYPE:SKIN
G1 F1800 X176.836 Y193.807 E654.372
G0 F9000 X176.816 Y193.852
G0 X176.595 Y191.123
G0 X176.7 Y191.125
G1 F1800 X176.655 Y191.08 E654.37306
G0 F9000 X176.829 Y190.971
G1 F1800 X176.902 Y191.044 E654.37478
G0 F9000 X176.998 Y190.958
G0 X176.662 Y191.069
G0 X175.562 Y197.589
G0 X175.576 Y198.911
G0 X175.843 Y200.186
G0 X176.091 Y200.747
G0 X177.076 Y202.725
G0 X176.877 Y202.921
;TYPE:SKIN
G1 F1800 X177.11 Y203.156 E654.38578
G1 X177.194 Y203.232 E654.38955
G1 X176.877 Y203.23 E654.4001
G1 X176.877 Y202.921 E654.41037
G0 F9000 X176.757 Y202.779
;TYPE:SKIN
G1 F1800 X176.696 Y202.717 E654.41182
G0 F9000 X176.889 Y202.627
G1 F1800 X176.958 Y202.697 E654.41345
G0 F9000 X177.413 Y203.151
G1 F1800 X177.724 Y203.463 E654.42078
G0 F9000 X177.44 Y203.462
G1 F1800 X177.333 Y203.355 E654.4233
G0 F9000 X177.332 Y203.512
G0 X178.448 Y203.631
G0 X178.453 Y203.626
G1 F1800 X178.681 Y203.854 E654.42866
G0 F9000 X178.682 Y203.731
G0 X177.49 Y202.756
G0 X176.618 Y201.734
G0 X176.02 Y200.629
G0 X175.685 Y199.598
G0 X175.536 Y198.589
G0 X175.614 Y197.274
G0 X175.882 Y196.242
G0 X176.818 Y193.853
G0 X176.838 Y193.809
G1 F1800 X176.672 Y193.643 E654.43256
G0 F9000 X176.588 Y193.642
G0 X176.598 Y192
G0 X176.687 Y191.96
G1 F1800 X176.672 Y191.096 E654.43608
G1 X176.859 Y191.001 E654.43694
G0 F9000 X176.836 Y190.915
G0 X175.843 Y188.501
G0 X175.576 Y187.225
G0 X175.532 Y175.039
G0 X175.629 Y173.776
G0 X176.656 Y167.695
G0 X176.771 Y167.72
G1 F1800 X176.74 Y167.689 E654.43766
G0 F9000 X176.699 Y167.601
G0 X175.723 Y164.671
G0 X175.532 Y163.353
G0 X175.629 Y162.091
G0 X175.852 Y161.226
G0 X176.914 Y158.822
G0 X176.869 Y158.767
G1 F1800 X176.701 Y158.599 E654.44162
G0 F9000 X176.588 Y158.599
G0 X175.557 Y152.037
G0 X175.543 Y151.027
G0 X175.791 Y149.746
G0 X176.196 Y148.753
G0 X177.121 Y146.857
G0 X177.076 Y146.812
G1 F1800 X177.193 Y146.646 E654.44345
G1 X178.113 Y146.434 E654.45197
G1 X178.225 Y146.264 E654.45381
G0 F9000 X178.422 Y146.178
G1 F1800 X178.47 Y146.226 E654.45494
G1 F1440 E652.95494
;MESH:NONMESH
G0 F300 X178.47 Y146.226 Z7.6
G0 F9000 X178.397 Y146.252
G0 X177.355 Y147.1
G0 X176.542 Y148.1
G0 X176.023 Y149.09
G0 X175.629 Y150.406
G0 X175.54 Y151.35
G0 X175.536 Y198.589
G0 X175.685 Y199.598
G0 X176.02 Y200.629
G0 X176.618 Y201.734
G0 X177.111 Y202.312
G0 X178.33 Y203.628
;TIME_ELAPSED:1204.405347
;LAYER:37
;TYPE:WALL-INNER
;MESH:Vertical_Tension_Member.stl
G1 F1440 E654.45494
G1 F1800 X178.219 Y203.628 E654.45863
G1 X177.774 Y203.626 E654.47343
G1 X171.58 Y203.589 E654.67945
G1 X171.221 Y203.589 E654.69139
G1 X171.221 Y146.564 E656.58805
G1 X171.221 Y146.364 E656.5947
G1 X171.421 Y146.364 E656.599
G1 X172.436 Y146.368 E656.63276
G1 X177.459 Y146.397 E656.79983
G1 X177.637 Y146.398 E656.80575
G1 X177.945 Y146.4 E656.816
G1 X177.636 Y146.655 E656.8218
G1 X177.506 Y146.776 E656.82673
G1 X177.365 Y146.909 E656.83318
G1 X177.148 Y147.124 E656.84334
G1 X176.955 Y147.34 E656.85297
G1 X176.737 Y147.608 E656.86446
G1 X176.524 Y147.894 E656.87632
G1 X176.187 Y148.452 E656.898
G1 X176.027 Y148.763 E656.90963
G1 X175.877 Y149.105 E656.92206
G1 X175.744 Y149.461 E656.9347
G1 X175.583 Y150.016 E656.95392
G1 X175.513 Y150.358 E656.96553
G1 X175.43 Y150.951 E656.98544
G1 X175.417 Y151.29 E656.99673
G1 X175.411 Y151.587 E657.00661
G1 X175.424 Y151.935 E657.01819
G1 X175.461 Y152.232 E657.02814
G1 X175.494 Y152.526 E657.03798
G1 X175.562 Y152.871 E657.04968
G1 X175.69 Y153.353 E657.06627
G1 X175.802 Y153.683 E657.07786
G1 X175.942 Y154.028 E657.09024
G1 X176.116 Y154.397 E657.10381
G1 X176.399 Y154.89 E657.12272
G1 X176.572 Y155.149 E657.13308
G1 X176.755 Y155.39 E657.14314
G1 X176.924 Y155.607 E657.15229
G1 X177.138 Y155.849 E657.16303
G1 X177.389 Y156.096 E657.17475
G1 X177.632 Y156.324 E657.18583
G1 X178.213 Y156.801 E657.21083
G1 X178.453 Y156.987 E657.22093
G1 X178.739 Y157.258 E657.23403
G1 X178.787 Y157.303 E657.23622
G1 X178.811 Y157.332 E657.23747
G1 X178.621 Y157.524 E657.24646
G1 X178.572 Y157.568 E657.24865
G1 X178.432 Y157.694 E657.25491
G1 X178.106 Y157.953 E657.26876
G1 X177.77 Y158.228 E657.2832
G1 X177.52 Y158.446 E657.29424
G1 X177.313 Y158.643 E657.30374
G1 X177.043 Y158.92 E657.31661
G1 X176.738 Y159.293 E657.33263
G1 X176.524 Y159.58 E657.34454
G1 X176.329 Y159.899 E657.35697
G1 X176.186 Y160.138 E657.36624
G1 X176.027 Y160.448 E657.37782
G1 X175.877 Y160.79 E657.39025
G1 X175.744 Y161.146 E657.40289
G1 X175.583 Y161.702 E657.42214
G1 X175.513 Y162.044 E657.43375
G1 X175.43 Y162.636 E657.45363
G1 X175.417 Y162.975 E657.46491
G1 X175.411 Y163.273 E657.47483
G1 X175.424 Y163.62 E657.48638
G1 X175.461 Y163.917 E657.49633
G1 X175.494 Y164.211 E657.50617
G1 X175.562 Y164.556 E657.51787
G1 X175.69 Y165.038 E657.53445
G1 X175.802 Y165.367 E657.54601
G1 X175.942 Y165.714 E657.55846
G1 X176.117 Y166.083 E657.57204
G1 X176.399 Y166.576 E657.59093
G1 X176.572 Y166.835 E657.60129
G1 X176.755 Y167.075 E657.61133
G1 X176.924 Y167.292 E657.62048
G1 X177.138 Y167.534 E657.63122
G1 X177.389 Y167.781 E657.64294
G1 X177.632 Y168.009 E657.65402
G1 X178.213 Y168.485 E657.679
G1 X178.463 Y168.68 E657.68954
G1 X178.751 Y168.956 E657.70281
G1 X178.8 Y169.003 E657.70507
G1 X178.622 Y169.209 E657.71413
G1 X178.572 Y169.254 E657.71636
G1 X178.435 Y169.377 E657.72249
G1 X178.106 Y169.638 E657.73645
G1 X177.77 Y169.913 E657.7509
G1 X177.52 Y170.131 E657.76193
G1 X177.313 Y170.328 E657.77143
G1 X177.043 Y170.605 E657.7843
G1 X176.738 Y170.978 E657.80032
G1 X176.524 Y171.266 E657.81226
G1 X176.186 Y171.822 E657.8339
G1 X176.027 Y172.134 E657.84555
G1 X175.877 Y172.475 E657.85794
G1 X175.744 Y172.831 E657.87058
G1 X175.583 Y173.387 E657.88983
G1 X175.513 Y173.729 E657.90144
G1 X175.43 Y174.321 E657.92132
G1 X175.417 Y174.66 E657.93261
G1 X175.411 Y174.958 E657.94252
G1 X175.424 Y175.305 E657.95407
G1 X175.461 Y175.602 E657.96402
G1 X175.494 Y175.896 E657.97386
G1 X175.562 Y176.241 E657.98556
G1 X175.69 Y176.723 E658.00215
G1 X175.802 Y177.052 E658.0137
G1 X175.942 Y177.399 E658.02615
G1 X176.117 Y177.768 E658.03973
G1 X176.399 Y178.261 E658.05862
G1 X176.572 Y178.519 E658.06896
G1 X176.754 Y178.76 E658.079
G1 X176.924 Y178.978 E658.08819
G1 X177.139 Y179.22 E658.09896
G1 X177.389 Y179.467 E658.11065
G1 X177.622 Y179.685 E658.12126
G1 X178.213 Y180.171 E658.14671
G1 X178.458 Y180.361 E658.15702
G1 X178.66 Y180.549 E658.1662
G1 X178.69 Y180.577 E658.16757
G1 X178.799 Y180.706 E658.17318
G1 X178.622 Y180.894 E658.18177
G1 X178.592 Y180.921 E658.18311
G1 X178.435 Y181.062 E658.19013
G1 X178.106 Y181.323 E658.2041
G1 X177.636 Y181.71 E658.22435
G1 X177.315 Y182.01 E658.23896
G1 X177.043 Y182.291 E658.25197
G1 X176.738 Y182.664 E658.268
G1 X176.524 Y182.95 E658.27988
G1 X176.187 Y183.508 E658.30156
G1 X176.027 Y183.819 E658.31319
G1 X175.877 Y184.16 E658.32558
G1 X175.744 Y184.516 E658.33822
G1 X175.583 Y185.073 E658.35751
G1 X175.513 Y185.414 E658.36908
G1 X175.43 Y186.006 E658.38897
G1 X175.417 Y186.345 E658.40025
G1 X175.411 Y186.643 E658.41016
G1 X175.424 Y186.99 E658.42171
G1 X175.461 Y187.287 E658.43167
G1 X175.494 Y187.581 E658.44151
G1 X175.562 Y187.926 E658.4532
G1 X175.69 Y188.409 E658.46982
G1 X175.802 Y188.737 E658.48135
G1 X175.942 Y189.084 E658.4938
G1 X176.117 Y189.453 E658.50738
G1 X176.399 Y189.946 E658.52627
G1 X176.572 Y190.204 E658.5366
G1 X176.754 Y190.445 E658.54665
G1 X176.924 Y190.663 E658.55584
G1 X177.139 Y190.905 E658.56661
G1 X177.389 Y191.151 E658.57827
G1 X177.622 Y191.371 E658.58893
G1 X178.213 Y191.857 E658.61438
G1 X178.465 Y192.052 E658.62498
G1 X178.595 Y192.173 E658.63088
G1 X178.659 Y192.233 E658.6338
G1 X178.809 Y192.392 E658.64107
G1 X178.772 Y192.438 E658.64304
G1 X178.708 Y192.497 E658.64593
G1 X178.455 Y192.732 E658.65742
G1 X178.208 Y192.927 E658.66788
G1 X177.945 Y193.139 E658.67912
G1 X177.636 Y193.396 E658.69249
G1 X177.315 Y193.695 E658.70708
G1 X177.043 Y193.976 E658.72008
G1 X176.738 Y194.349 E658.73611
G1 X176.524 Y194.635 E658.74799
G1 X176.187 Y195.193 E658.76967
G1 X176.027 Y195.504 E658.7813
G1 X175.877 Y195.845 E658.79369
G1 X175.744 Y196.2 E658.8063
G1 X175.583 Y196.758 E658.82562
G1 X175.513 Y197.099 E658.8372
G1 X175.43 Y197.691 E658.85708
G1 X175.417 Y198.03 E658.86836
G1 X175.411 Y198.328 E658.87828
G1 X175.424 Y198.676 E658.88986
G1 X175.461 Y198.973 E658.89981
G1 X175.494 Y199.266 E658.90962
G1 X175.562 Y199.611 E658.92132
G1 X175.69 Y200.094 E658.93794
G1 X175.802 Y200.422 E658.94946
G1 X175.941 Y200.768 E658.96187
G1 X176.116 Y201.138 E658.97548
G1 X176.399 Y201.631 E658.99439
G1 X176.573 Y201.891 E659.00479
G1 X176.923 Y202.347 E659.02391
G1 X177.138 Y202.59 E659.0347
G1 X177.377 Y202.825 E659.04585
G1 X177.622 Y203.056 E659.05705
G1 X177.875 Y203.263 E659.06792
G1 X178.219 Y203.544 E659.07719
G1 X178.33 Y203.628 E659.07829
G0 F9000 X178.801 Y203.797
G0 X179.387 Y204.034
;TYPE:WALL-OUTER
G1 F1800 X171.579 Y203.989 E659.33799
G1 X170.821 Y203.989 E659.3632
G1 X170.821 Y145.963 E661.29315
G1 X172.438 Y145.968 E661.34694
G1 X179.071 Y146.006 E661.56755
G1 X178.934 Y146.119 E661.57346
G1 X178.736 Y146.288 E661.58212
G1 X178.46 Y146.498 E661.59365
G1 X178.2 Y146.708 E661.60477
G1 X177.9 Y146.956 E661.61772
G1 X177.642 Y147.197 E661.62946
G1 X177.438 Y147.399 E661.63901
G1 X177.26 Y147.599 E661.64791
G1 X177.053 Y147.854 E661.65884
G1 X176.856 Y148.118 E661.66979
G1 X176.536 Y148.647 E661.69036
G1 X176.388 Y148.935 E661.70113
G1 X176.248 Y149.255 E661.71274
G1 X176.124 Y149.587 E661.72453
G1 X175.972 Y150.112 E661.74271
G1 X175.907 Y150.426 E661.75337
G1 X175.829 Y150.986 E661.77218
G1 X175.817 Y151.302 E661.7827
G1 X175.811 Y151.584 E661.79208
G1 X175.823 Y151.903 E661.8027
G1 X175.858 Y152.186 E661.81218
G1 X175.89 Y152.465 E661.82152
G1 X175.952 Y152.781 E661.83223
G1 X176.073 Y153.237 E661.84792
G1 X176.177 Y153.544 E661.8587
G1 X176.308 Y153.867 E661.8703
G1 X176.471 Y154.212 E661.88299
G1 X176.739 Y154.679 E661.9009
G1 X176.898 Y154.917 E661.91042
G1 X177.072 Y155.146 E661.91998
G1 X177.232 Y155.351 E661.92863
G1 X177.429 Y155.574 E661.93853
G1 X177.666 Y155.808 E661.9496
G1 X177.896 Y156.023 E661.96008
G1 X178.463 Y156.488 E661.98447
G1 X178.706 Y156.677 E661.9947
G1 X178.897 Y156.851 E662.0033
G1 X179.079 Y157.029 E662.01177
G1 X179.235 Y157.217 E662.01989
G1 X179.278 Y157.33 E662.02391
G1 X179.238 Y157.442 E662.02787
G1 X179.078 Y157.638 E662.03628
G1 X178.897 Y157.814 E662.04468
G1 X178.692 Y157.998 E662.05384
G1 X178.357 Y158.264 E662.06807
G1 X178.028 Y158.534 E662.08223
G1 X177.789 Y158.742 E662.09276
G1 X177.594 Y158.927 E662.1017
G1 X177.342 Y159.187 E662.11375
G1 X177.053 Y159.539 E662.12889
G1 X176.856 Y159.804 E662.13988
G1 X176.671 Y160.106 E662.15166
G1 X176.536 Y160.332 E662.16041
G1 X176.388 Y160.62 E662.17118
G1 X176.248 Y160.94 E662.1828
G1 X176.124 Y161.272 E662.19459
G1 X175.972 Y161.798 E662.2128
G1 X175.907 Y162.112 E662.22346
G1 X175.829 Y162.671 E662.24223
G1 X175.817 Y162.987 E662.25275
G1 X175.811 Y163.27 E662.26217
G1 X175.823 Y163.588 E662.27275
G1 X175.858 Y163.871 E662.28224
G1 X175.89 Y164.15 E662.29158
G1 X175.952 Y164.466 E662.30229
G1 X176.073 Y164.922 E662.31798
G1 X176.177 Y165.228 E662.32873
G1 X176.308 Y165.553 E662.34038
G1 X176.472 Y165.898 E662.35309
G1 X176.739 Y166.365 E662.37098
G1 X176.898 Y166.602 E662.38047
G1 X177.072 Y166.831 E662.39004
G1 X177.232 Y167.036 E662.39869
G1 X177.429 Y167.259 E662.40858
G1 X177.666 Y167.493 E662.41966
G1 X177.896 Y167.708 E662.43013
G1 X178.463 Y168.173 E662.45452
G1 X178.723 Y168.376 E662.46549
G1 X178.906 Y168.547 E662.47382
G1 X179.092 Y168.729 E662.48248
G1 X179.235 Y168.902 E662.48994
G1 X179.278 Y169.015 E662.49397
G1 X179.238 Y169.129 E662.49798
G1 X179.069 Y169.335 E662.50685
G1 X178.889 Y169.507 E662.51513
G1 X178.693 Y169.683 E662.52389
G1 X178.357 Y169.949 E662.53814
G1 X178.028 Y170.219 E662.5523
G1 X177.789 Y170.427 E662.56284
G1 X177.594 Y170.612 E662.57178
G1 X177.342 Y170.872 E662.58382
G1 X177.053 Y171.224 E662.59897
G1 X176.856 Y171.489 E662.60995
G1 X176.536 Y172.017 E662.63048
G1 X176.388 Y172.306 E662.64128
G1 X176.248 Y172.625 E662.65287
G1 X176.124 Y172.957 E662.66466
G1 X175.972 Y173.483 E662.68287
G1 X175.907 Y173.797 E662.69353
G1 X175.829 Y174.356 E662.71231
G1 X175.817 Y174.672 E662.72282
G1 X175.811 Y174.955 E662.73224
G1 X175.823 Y175.273 E662.74282
G1 X175.858 Y175.556 E662.75231
G1 X175.89 Y175.835 E662.76165
G1 X175.952 Y176.151 E662.77236
G1 X176.073 Y176.607 E662.78805
G1 X176.177 Y176.913 E662.7988
G1 X176.308 Y177.238 E662.81045
G1 X176.472 Y177.583 E662.82316
G1 X176.739 Y178.05 E662.84105
G1 X176.898 Y178.287 E662.85054
G1 X177.071 Y178.516 E662.86009
G1 X177.232 Y178.722 E662.86878
G1 X177.429 Y178.945 E662.87868
G1 X177.666 Y179.178 E662.88973
G1 X177.886 Y179.384 E662.89976
G1 X178.463 Y179.859 E662.92462
G1 X178.723 Y180.061 E662.93557
G1 X178.974 Y180.295 E662.94698
G1 X179.255 Y180.627 E662.96145
G1 X179.279 Y180.713 E662.96442
G1 X179.066 Y181.024 E662.97695
G1 X178.889 Y181.192 E662.98507
G1 X178.693 Y181.368 E662.99383
G1 X178.357 Y181.634 E663.00809
G1 X177.9 Y182.011 E663.02779
G1 X177.595 Y182.296 E663.04167
G1 X177.342 Y182.557 E663.05376
G1 X177.053 Y182.91 E663.06894
G1 X176.856 Y183.174 E663.07989
G1 X176.536 Y183.703 E663.10046
G1 X176.388 Y183.991 E663.11123
G1 X176.248 Y184.31 E663.12281
G1 X176.124 Y184.642 E663.1346
G1 X175.972 Y185.169 E663.15284
G1 X175.907 Y185.482 E663.16348
G1 X175.829 Y186.041 E663.18225
G1 X175.817 Y186.357 E663.19277
G1 X175.811 Y186.64 E663.20218
G1 X175.823 Y186.958 E663.21277
G1 X175.858 Y187.241 E663.22225
G1 X175.89 Y187.52 E663.23159
G1 X175.952 Y187.836 E663.2423
G1 X176.073 Y188.293 E663.25802
G1 X176.177 Y188.598 E663.26874
G1 X176.308 Y188.923 E663.2804
G1 X176.472 Y189.268 E663.2931
G1 X176.739 Y189.735 E663.31099
G1 X176.898 Y189.972 E663.32049
G1 X177.071 Y190.201 E663.33003
G1 X177.232 Y190.407 E663.33873
G1 X177.429 Y190.63 E663.34862
G1 X177.666 Y190.863 E663.35968
G1 X177.886 Y191.07 E663.36973
G1 X178.463 Y191.544 E663.39456
G1 X178.723 Y191.746 E663.40551
G1 X178.947 Y191.955 E663.4157
G1 X179.121 Y192.135 E663.42403
G1 X179.28 Y192.394 E663.43414
G1 X179.23 Y192.509 E663.43831
G1 X179.066 Y192.71 E663.44694
G1 X178.712 Y193.039 E663.46301
G1 X178.457 Y193.24 E663.47381
G1 X178.198 Y193.449 E663.48488
G1 X177.9 Y193.696 E663.49775
G1 X177.595 Y193.981 E663.51164
G1 X177.342 Y194.242 E663.52373
G1 X177.053 Y194.595 E663.5389
G1 X176.856 Y194.859 E663.54986
G1 X176.536 Y195.388 E663.57042
G1 X176.388 Y195.676 E663.58119
G1 X176.248 Y195.996 E663.59281
G1 X176.124 Y196.326 E663.60453
G1 X175.972 Y196.854 E663.62281
G1 X175.907 Y197.167 E663.63344
G1 X175.829 Y197.726 E663.65221
G1 X175.817 Y198.042 E663.66273
G1 X175.811 Y198.325 E663.67214
G1 X175.823 Y198.644 E663.68276
G1 X175.858 Y198.927 E663.69225
G1 X175.89 Y199.205 E663.70155
G1 X175.952 Y199.521 E663.71226
G1 X176.073 Y199.978 E663.72799
G1 X176.177 Y200.283 E663.7387
G1 X176.308 Y200.608 E663.75036
G1 X176.471 Y200.953 E663.76305
G1 X176.739 Y201.42 E663.78096
G1 X176.898 Y201.658 E663.79048
G1 X177.232 Y202.092 E663.80869
G1 X177.429 Y202.315 E663.81859
G1 X177.654 Y202.537 E663.8291
G1 X177.886 Y202.755 E663.83969
G1 X178.466 Y203.23 E663.86463
G1 X178.716 Y203.419 E663.87505
G1 X179.168 Y203.8 E663.89471
G1 X179.35 Y203.974 E663.90309
G1 X179.387 Y204.034 E663.90543
G0 F9000 X178.801 Y203.797
G0 X176.093 Y201.499
G0 X175.682 Y201.646
G0 X175.611 Y202.16
G0 X175.82 Y202.161
;TYPE:FILL
G1 F3600 X171.3 Y197.641 E664.11804
G0 F9000 X171.301 Y193.977
G1 F3600 X175.819 Y192.766 E664.27361
G0 F9000 X175.601 Y192.765
G0 X175.396 Y199.12
G1 F3600 X174.216 Y203.524 E664.42526
G0 F9000 X175.545 Y184.916
G1 F3600 X171.3 Y180.67 E664.62495
G0 F9000 X171.3 Y181.554
G1 F3600 X175.819 Y180.343 E664.78056
G0 F9000 X175.601 Y180.342
G0 X171.301 Y169.13
G1 F3600 X175.817 Y167.92 E664.93606
G0 F9000 X175.817 Y168.217
G1 F3600 X171.3 Y163.7 E665.14852
G0 F9000 X171.3 Y168.04
G1 F3600 X175.431 Y152.625 E665.67932
G0 F9000 X175.37 Y150.8
G1 F3600 X171.3 Y146.729 E665.87078
G0 F9000 X175.602 Y155.495
G0 X175.82 Y155.496
G1 F3600 X171.3 Y156.707 E666.02642
G0 F9000 X175.602 Y155.065
G0 X175.892 Y155.066
;TYPE:SKIN
G1 F1800 X176.024 Y155.021 E666.03106
G1 X176.067 Y155.095 E666.03391
G1 X176.254 Y155.375 E666.04511
G1 X176.445 Y155.628 E666.05565
G1 X176.624 Y155.857 E666.06532
G1 X176.855 Y156.118 E666.07691
G1 X177.118 Y156.377 E666.08919
G1 X177.375 Y156.617 E666.10088
G1 X177.969 Y157.105 E666.12645
G1 X178.205 Y157.289 E666.1364
G1 X178.251 Y157.332 E666.1385
G1 X178.181 Y157.395 E666.14163
G1 X177.861 Y157.649 E666.15522
G1 X177.518 Y157.93 E666.16997
G1 X177.257 Y158.158 E666.18149
G1 X177.038 Y158.366 E666.19154
G1 X176.752 Y158.66 E666.20518
G1 X176.43 Y159.053 E666.22208
G1 X176.2 Y159.361 E666.23486
G1 X176.028 Y159.643 E666.24585
G1 X175.891 Y159.594 E666.25069
G1 X175.891 Y158.892 E666.27404
G1 X175.887 Y158.485 E666.28758
G1 X175.892 Y155.066 E666.40129
G0 F9000 X176.322 Y155.734
G1 F1800 X176.049 Y156.007 E666.41413
G0 F9000 X176.576 Y156.046
G1 F1800 X176.049 Y156.573 E666.43892
G0 F9000 X176.048 Y157.14
G1 F1800 X176.85 Y156.337 E666.47667
G0 F9000 X177.139 Y156.614
G1 F1800 X176.047 Y157.706 E666.52803
G0 F9000 X176.046 Y158.273
G1 F1800 X177.441 Y156.878 E666.59365
G0 F9000 X177.751 Y157.133
G1 F1800 X176.049 Y158.835 E666.67371
G0 F9000 X175.6 Y158.838
G0 X175.584 Y163.607
G0 X175.659 Y164.123
G0 X176.268 Y166.569
G0 X176.024 Y166.706
G1 F1800 X176.067 Y166.781 E666.67658
G1 X176.254 Y167.061 E666.68778
G1 X176.446 Y167.313 E666.69832
G1 X176.624 Y167.541 E666.70794
G1 X176.855 Y167.803 E666.71956
G1 X177.118 Y168.062 E666.73183
G1 X177.375 Y168.302 E666.74353
G1 X177.969 Y168.789 E666.76908
G1 X178.215 Y168.982 E666.77948
G1 X178.251 Y169.017 E666.78115
G1 X178.175 Y169.085 E666.78454
G1 X177.862 Y169.334 E666.79784
G1 X177.518 Y169.615 E666.81261
G1 X177.257 Y169.843 E666.82414
G1 X177.038 Y170.051 E666.83419
G1 X176.752 Y170.345 E666.84783
G1 X176.43 Y170.738 E666.86473
G1 X176.2 Y171.048 E666.87757
G1 X176.029 Y171.329 E666.88851
G1 X175.892 Y171.28 E666.89335
G1 X175.891 Y169.521 E666.95185
G1 X175.887 Y169.2 E666.96253
G1 X175.891 Y166.751 E667.04398
G1 X176.024 Y166.706 E667.04865
G0 F9000 X176.162 Y167.208
G1 F1800 X176.049 Y167.321 E667.05397
G0 F9000 X176.408 Y167.527
G1 F1800 X176.048 Y167.888 E667.07092
G0 F9000 X176.047 Y168.454
G1 F1800 X176.667 Y167.834 E667.10009
G0 F9000 X176.949 Y168.118
G1 F1800 X176.046 Y169.021 E667.14256
G0 F9000 X176.051 Y169.582
G1 F1800 X177.239 Y168.394 E667.19844
G0 F9000 X177.548 Y168.651
G1 F1800 X176.051 Y170.148 E667.26886
G0 F9000 X176.051 Y170.713
G1 F1800 X177.859 Y168.905 E667.3539
G0 F9000 X178.137 Y168.566
G0 X178.55 Y169.016
G0 X176.657 Y171.355
G0 X176.026 Y172.535
G0 X175.671 Y173.757
G0 X175.571 Y174.957
G0 X175.69 Y175.966
G0 X176.268 Y178.254
G0 X176.024 Y178.391
G1 F1800 X176.067 Y178.466 E667.35677
G1 X176.254 Y178.745 E667.36794
G1 X176.444 Y178.998 E667.37847
G1 X176.624 Y179.228 E667.38818
G1 X176.856 Y179.489 E667.3998
G1 X177.118 Y179.748 E667.41205
G1 X177.365 Y179.978 E667.42328
G1 X177.969 Y180.475 E667.44929
G1 X178.211 Y180.663 E667.45948
G1 X178.252 Y180.702 E667.46137
G1 X178.184 Y180.763 E667.4644
G1 X177.861 Y181.019 E667.47811
G1 X177.379 Y181.417 E667.4989
G1 X177.042 Y181.731 E667.51422
G1 X176.751 Y182.032 E667.52815
G1 X176.43 Y182.424 E667.545
G1 X176.2 Y182.732 E667.55778
G1 X176.029 Y183.015 E667.56878
G1 X175.89 Y182.965 E667.5737
G1 X175.89 Y182.193 E667.59937
G1 X175.887 Y181.913 E667.60869
G1 X175.891 Y181.406 E667.62555
G1 X175.891 Y180.15 E667.66732
G1 X175.887 Y179.915 E667.67514
G1 X175.891 Y178.436 E667.72433
G1 X176.024 Y178.391 E667.729
G0 F9000 X176.247 Y179.003
G1 F1800 X176.049 Y179.201 E667.73832
G0 F9000 X176.494 Y179.321
G1 F1800 X176.047 Y179.768 E667.75934
G0 F9000 X176.05 Y180.331
G1 F1800 X176.761 Y179.619 E667.79281
G0 F9000 X177.047 Y179.899
G1 F1800 X176.05 Y180.897 E667.83973
G0 F9000 X176.05 Y181.462
G1 F1800 X177.344 Y180.168 E667.90059
G0 F9000 X177.655 Y180.423
G1 F1800 X176.048 Y182.03 E667.97618
G0 F9000 X176.254 Y182.39
G1 F1800 X176.065 Y182.579 E667.98507
G0 F9000 X175.6 Y182.579
G0 X175.668 Y183.122
G0 X176.115 Y183.28
G0 X177.982 Y181.282
G0 X177.703 Y180.941
G1 F1800 X177.967 Y180.677 E667.99749
G0 F9000 X178.238 Y180.331
G0 X178.554 Y180.7
G0 X176.657 Y183.04
G0 X176.026 Y184.22
G0 X175.671 Y185.442
G0 X175.571 Y186.642
G0 X175.69 Y187.651
G0 X176.267 Y189.94
G0 X176.025 Y190.077
G1 F1800 X176.067 Y190.151 E668.00032
G1 X176.254 Y190.43 E668.01149
G1 X176.444 Y190.683 E668.02201
G1 X176.624 Y190.913 E668.03173
G1 X176.856 Y191.174 E668.04334
G1 X177.118 Y191.432 E668.05557
G1 X177.364 Y191.664 E668.06682
G1 X177.969 Y192.162 E668.09288
G1 X178.213 Y192.35 E668.10313
G1 X178.253 Y192.387 E668.10494
G1 X178.197 Y192.439 E668.10748
G1 X177.965 Y192.622 E668.11731
G1 X177.698 Y192.837 E668.12871
G1 X177.378 Y193.103 E668.14255
G1 X177.042 Y193.416 E668.15782
G1 X176.751 Y193.717 E668.17175
G1 X176.43 Y194.109 E668.1886
G1 X176.2 Y194.417 E668.20139
G1 X176.027 Y194.704 E668.21253
G1 X175.887 Y194.654 E668.21748
G1 X175.887 Y193.478 E668.25659
G1 X175.891 Y192.635 E668.28463
G1 X175.89 Y190.97 E668.34001
G1 X175.887 Y190.125 E668.36811
G1 X176.025 Y190.077 E668.37297
G0 F9000 X176.331 Y190.798
G1 F1800 X176.05 Y191.079 E668.38619
G0 F9000 X176.585 Y191.109
G1 F1800 X176.05 Y191.645 E668.41138
G0 F9000 X176.051 Y192.21
G1 F1800 X176.859 Y191.401 E668.44941
G0 F9000 X177.147 Y191.678
G1 F1800 X176.05 Y192.776 E668.50103
G0 F9000 X176.047 Y193.344
G1 F1800 X177.451 Y191.941 E668.56705
G0 F9000 X177.76 Y192.197
G1 F1800 X176.046 Y193.911 E668.64767
G0 F9000 X175.597 Y193.911
G0 X175.584 Y198.663
G0 X175.932 Y201.491
G0 X176.02 Y201.756
G1 F1800 X176.067 Y201.837 E668.65078
G1 X176.256 Y202.119 E668.66207
G1 X176.622 Y202.595 E668.68204
G1 X176.855 Y202.859 E668.69376
G1 X177.106 Y203.106 E668.70547
G1 X177.24 Y203.232 E668.71159
G1 X175.888 Y203.224 E668.75655
G1 X175.888 Y202.516 E668.7801
G1 X175.893 Y201.799 E668.80395
G1 X176.02 Y201.756 E668.80841
G0 F9000 X176.171 Y202.272
G1 F1800 X176.049 Y202.394 E668.81415
G0 F9000 X176.417 Y202.591
G1 F1800 X176.048 Y202.96 E668.8315
G0 F9000 X176.507 Y203.066
G1 F1800 X176.676 Y202.898 E668.83943
G0 F9000 X177.397 Y203.308
;TYPE:SKIN
G1 F1800 X177.525 Y203.18 E668.84244
G0 F9000 X177.68 Y203.308
G1 F1800 X177.525 Y203.463 E668.84609
G1 F1440 E667.34609
G0 F9000 X177.525 Y203.513
G0 X177.765 Y203.428
G0 X176.259 Y201.064
G0 X175.843 Y200.047
G0 X175.584 Y198.663
G0 X175.591 Y150.965
G0 X175.675 Y150.45
G0 X176.268 Y148.104
G0 X176.028 Y147.959
;TYPE:SKIN
G1 F1440 E668.84609
G1 F1800 X175.889 Y147.91 E668.85099
G1 X175.889 Y146.778 E668.88864
G1 X176.936 Y146.784 E668.92346
G1 X176.865 Y146.855 E668.9268
G1 X176.658 Y147.087 E668.93714
G1 X176.429 Y147.368 E668.9492
G1 X176.2 Y147.676 E668.96197
G1 X176.028 Y147.959 E668.97298
G0 F9000 X176.051 Y147.52
G1 F1800 X176.296 Y147.275 E668.9845
G0 F9000 X177.109 Y146.745
;TYPE:SKIN
G1 F1800 X177.298 Y146.556 E668.98895
G0 F9000 X178.166 Y146.253
G1 F1800 X178.406 Y146.295 E668.9973
G1 F1440 E667.4973
G0 F9000 X178.433 Y146.206
G0 X177.264 Y147.234
G0 X176.657 Y147.984
G0 X176.026 Y149.165
G0 X175.671 Y150.386
G0 X175.571 Y151.586
G0 X175.719 Y152.834
G0 X176.089 Y153.963
G0 X176.703 Y155.056
G0 X178.553 Y157.334
G0 X176.657 Y159.67
G0 X176.026 Y160.85
G0 X175.671 Y162.072
G0 X175.571 Y163.272
G0 X175.719 Y164.519
G0 X176.089 Y165.649
G0 X177.498 Y168.13
G0 X178.55 Y169.016
G0 X176.657 Y171.355
G0 X176.026 Y172.535
G0 X175.671 Y173.757
G0 X175.571 Y174.957
G0 X175.584 Y198.663
G0 X176.078 Y201.441
G0 X176.051 Y201.543
G1 F1440 E668.9973
G1 F1800 X175.702 Y201.892 E669.00105
G1 X175.697 Y203.311 E669.01181
G0 F9000 X175.608 Y203.351
G0 X178.494 Y203.627
G0 X178.542 Y203.577
G1 F1800 X178.643 Y203.759 E669.01812
G0 F9000 X178.831 Y203.854
G1 F1800 X178.891 Y203.794 E669.01953
;MESH:NONMESH
G0 F300 X178.891 Y203.794 Z7.8
G0 F9000 X178.379 Y203.628
;TIME_ELAPSED:1229.414048
;LAYER:38
;TYPE:WALL-INNER
;MESH:Vertical_Tension_Member.stl
G1 F1800 X178.206 Y203.628 E669.02528
G1 X177.994 Y203.626 E669.03233
G1 X177.862 Y203.626 E669.03672
G1 X171.601 Y203.589 E669.24497
G1 X171.26 Y203.589 E669.25631
G1 X171.26 Y146.563 E671.153
G1 X171.26 Y146.364 E671.15962
G1 X171.459 Y146.364 E671.1639
G1 X172.258 Y146.366 E671.19048
G1 X177.531 Y146.395 E671.36586
G1 X177.542 Y146.395 E671.36623
G1 X177.753 Y146.397 E671.37325
G1 X177.997 Y146.399 E671.38136
G1 X177.752 Y146.598 E671.38529
G1 X177.54 Y146.785 E671.3927
G1 X177.533 Y146.792 E671.39303
G1 X177.331 Y146.986 E671.40234
G1 X177.071 Y147.256 E671.41481
G1 X176.81 Y147.569 E671.42836
G1 X176.556 Y147.908 E671.44245
G1 X176.319 Y148.29 E671.4574
G1 X176.13 Y148.631 E671.47037
G1 X175.939 Y149.059 E671.48596
G1 X175.802 Y149.4 E671.49818
G1 X175.704 Y149.732 E671.5097
G1 X175.621 Y150.033 E671.52008
G1 X175.559 Y150.329 E671.53014
G1 X175.502 Y150.7 E671.54262
G1 X175.462 Y151.043 E671.55411
G1 X175.452 Y151.543 E671.57074
G1 X175.459 Y151.885 E671.58212
G1 X175.497 Y152.222 E671.5934
G1 X175.539 Y152.544 E671.6042
G1 X175.599 Y152.849 E671.61454
G1 X175.747 Y153.409 E671.6338
G1 X175.854 Y153.71 E671.64443
G1 X175.965 Y153.987 E671.65435
G1 X176.117 Y154.326 E671.66671
G1 X176.31 Y154.671 E671.67986
G1 X176.458 Y154.92 E671.68949
G1 X176.665 Y155.22 E671.70162
G1 X176.967 Y155.605 E671.71789
G1 X177.189 Y155.853 E671.72896
G1 X177.446 Y156.105 E671.74093
G1 X177.665 Y156.31 E671.75091
G1 X178.25 Y156.792 E671.77612
G1 X178.496 Y156.978 E671.78638
G1 X178.79 Y157.254 E671.79979
G1 X178.83 Y157.292 E671.80163
G1 X178.85 Y157.333 E671.80314
G1 X178.661 Y157.533 E671.81229
G1 X178.62 Y157.57 E671.81413
G1 X178.491 Y157.689 E671.81997
G1 X178.25 Y157.874 E671.83007
G1 X177.752 Y158.283 E671.85151
G1 X177.54 Y158.469 E671.86089
G1 X177.332 Y158.669 E671.87049
G1 X177.073 Y158.935 E671.88283
G1 X176.809 Y159.255 E671.89663
G1 X176.556 Y159.593 E671.91067
G1 X176.319 Y159.975 E671.92563
G1 X176.13 Y160.316 E671.93859
G1 X175.939 Y160.744 E671.95418
G1 X175.802 Y161.085 E671.9664
G1 X175.704 Y161.418 E671.97795
G1 X175.621 Y161.719 E671.98833
G1 X175.559 Y162.014 E671.99836
G1 X175.502 Y162.386 E672.01088
G1 X175.462 Y162.728 E672.02233
G1 X175.452 Y163.229 E672.039
G1 X175.459 Y163.569 E672.05031
G1 X175.497 Y163.909 E672.06169
G1 X175.54 Y164.229 E672.07243
G1 X175.599 Y164.533 E672.08273
G1 X175.748 Y165.094 E672.10203
G1 X175.854 Y165.394 E672.11261
G1 X175.965 Y165.672 E672.12257
G1 X176.117 Y166.011 E672.13493
G1 X176.311 Y166.357 E672.14812
G1 X176.459 Y166.606 E672.15775
G1 X176.665 Y166.905 E672.16983
G1 X176.967 Y167.29 E672.18611
G1 X177.189 Y167.538 E672.19718
G1 X177.446 Y167.79 E672.20915
G1 X177.665 Y167.995 E672.21913
G1 X178.25 Y168.477 E672.24434
G1 X178.489 Y168.658 E672.25431
G1 X178.797 Y168.947 E672.26836
G1 X178.834 Y168.982 E672.27005
G1 X178.86 Y169.013 E672.27139
G1 X178.654 Y169.225 E672.28123
G1 X178.616 Y169.259 E672.28292
G1 X178.473 Y169.388 E672.28933
G1 X178.177 Y169.62 E672.30184
G1 X177.752 Y169.968 E672.32011
G1 X177.54 Y170.154 E672.32949
G1 X177.332 Y170.354 E672.33908
G1 X177.073 Y170.62 E672.35143
G1 X176.809 Y170.94 E672.36523
G1 X176.556 Y171.278 E672.37927
G1 X176.319 Y171.661 E672.39425
G1 X176.13 Y172.001 E672.40719
G1 X175.939 Y172.429 E672.42278
G1 X175.802 Y172.771 E672.43503
G1 X175.704 Y173.104 E672.44658
G1 X175.622 Y173.404 E672.45692
G1 X175.559 Y173.699 E672.46696
G1 X175.502 Y174.071 E672.47947
G1 X175.462 Y174.413 E672.49093
G1 X175.452 Y174.914 E672.50759
G1 X175.459 Y175.254 E672.5189
G1 X175.497 Y175.594 E672.53028
G1 X175.54 Y175.915 E672.54105
G1 X175.599 Y176.218 E672.55132
G1 X175.748 Y176.779 E672.57063
G1 X175.854 Y177.079 E672.58121
G1 X175.965 Y177.357 E672.59117
G1 X176.117 Y177.696 E672.60352
G1 X176.311 Y178.042 E672.61672
G1 X176.459 Y178.291 E672.62635
G1 X176.664 Y178.59 E672.63841
G1 X176.967 Y178.976 E672.65473
G1 X177.188 Y179.223 E672.66575
G1 X177.529 Y179.559 E672.68167
G1 X177.771 Y179.768 E672.69231
G1 X178.249 Y180.161 E672.71289
G1 X178.494 Y180.347 E672.72312
G1 X178.699 Y180.539 E672.73246
G1 X178.827 Y180.658 E672.73828
G1 X178.845 Y180.723 E672.74052
G1 X178.719 Y180.844 E672.74633
G1 X178.497 Y181.056 E672.75654
G1 X178.249 Y181.246 E672.76693
G1 X177.752 Y181.655 E672.78834
G1 X177.541 Y181.84 E672.79767
G1 X177.333 Y182.039 E672.80725
G1 X177.073 Y182.305 E672.81962
G1 X176.806 Y182.629 E672.83358
G1 X176.556 Y182.963 E672.84746
G1 X176.319 Y183.346 E672.86244
G1 X176.13 Y183.686 E672.87538
G1 X175.939 Y184.114 E672.89097
G1 X175.802 Y184.457 E672.90325
G1 X175.704 Y184.788 E672.91473
G1 X175.621 Y185.089 E672.92512
G1 X175.559 Y185.385 E672.93518
G1 X175.502 Y185.755 E672.94763
G1 X175.462 Y186.098 E672.95911
G1 X175.452 Y186.599 E672.97578
G1 X175.459 Y186.941 E672.98716
G1 X175.497 Y187.279 E672.99847
G1 X175.54 Y187.6 E673.00924
G1 X175.599 Y187.903 E673.01951
G1 X175.747 Y188.465 E673.03884
G1 X175.854 Y188.766 E673.04946
G1 X175.965 Y189.043 E673.05939
G1 X176.117 Y189.381 E673.07171
G1 X176.311 Y189.727 E673.08491
G1 X176.459 Y189.976 E673.09454
G1 X176.664 Y190.275 E673.1066
G1 X176.967 Y190.661 E673.12292
G1 X177.188 Y190.908 E673.13395
G1 X177.529 Y191.244 E673.14987
G1 X177.771 Y191.454 E673.16052
G1 X177.992 Y191.633 E673.16998
G1 X178.249 Y191.846 E673.18109
G1 X178.497 Y192.036 E673.19148
G1 X178.697 Y192.223 E673.20058
G1 X178.824 Y192.341 E673.20635
G1 X178.845 Y192.408 E673.20868
G1 X178.72 Y192.528 E673.21445
G1 X178.497 Y192.741 E673.2247
G1 X178.249 Y192.931 E673.2351
G1 X177.752 Y193.34 E673.2565
G1 X177.541 Y193.525 E673.26584
G1 X177.333 Y193.724 E673.27541
G1 X177.073 Y193.99 E673.28778
G1 X176.806 Y194.314 E673.30175
G1 X176.556 Y194.648 E673.31562
G1 X176.319 Y195.031 E673.3306
G1 X176.13 Y195.371 E673.34354
G1 X175.939 Y195.8 E673.35916
G1 X175.802 Y196.141 E673.37138
G1 X175.704 Y196.473 E673.3829
G1 X175.621 Y196.774 E673.39328
G1 X175.559 Y197.07 E673.40334
G1 X175.502 Y197.44 E673.41579
G1 X175.462 Y197.783 E673.42728
G1 X175.452 Y198.284 E673.44394
G1 X175.459 Y198.626 E673.45532
G1 X175.497 Y198.964 E673.46663
G1 X175.54 Y199.285 E673.47741
G1 X175.599 Y199.588 E673.48767
G1 X175.747 Y200.15 E673.507
G1 X175.854 Y200.451 E673.51763
G1 X175.965 Y200.728 E673.52755
G1 X176.117 Y201.067 E673.53991
G1 X176.31 Y201.412 E673.55306
G1 X176.458 Y201.661 E673.56269
G1 X176.665 Y201.961 E673.57481
G1 X176.967 Y202.346 E673.59109
G1 X177.188 Y202.593 E673.60211
G1 X177.529 Y202.929 E673.61804
G1 X177.771 Y203.14 E673.62871
G1 X177.892 Y203.237 E673.63387
G1 X177.995 Y203.319 E673.63777
G1 X178.206 Y203.495 E673.64475
G1 X178.379 Y203.628 E673.64687
G0 F9000 X179.268 Y204.033
;TYPE:WALL-OUTER
G1 F1800 X171.6 Y203.989 E673.90192
G1 X170.86 Y203.989 E673.92653
G1 X170.86 Y145.963 E675.85648
G1 X172.26 Y145.966 E675.90305
G1 X179.124 Y146.005 E676.13135
G1 X178.74 Y146.324 E676.14795
G1 X178.502 Y146.503 E676.15786
G1 X178.011 Y146.903 E676.17892
G1 X177.811 Y147.079 E676.18778
G1 X177.614 Y147.269 E676.19689
G1 X177.369 Y147.523 E676.20862
G1 X177.124 Y147.817 E676.22135
G1 X176.887 Y148.134 E676.23452
G1 X176.664 Y148.493 E676.24857
G1 X176.488 Y148.81 E676.26063
G1 X176.307 Y149.215 E676.27539
G1 X176.18 Y149.531 E676.28671
G1 X176.089 Y149.842 E676.29749
G1 X176.01 Y150.127 E676.30733
G1 X175.953 Y150.401 E676.31664
G1 X175.898 Y150.753 E676.32849
G1 X175.862 Y151.07 E676.3391
G1 X175.852 Y151.543 E676.35483
G1 X175.859 Y151.858 E676.36531
G1 X175.894 Y152.174 E676.37589
G1 X175.934 Y152.479 E676.38612
G1 X175.989 Y152.759 E676.39561
G1 X176.13 Y153.291 E676.41391
G1 X176.228 Y153.569 E676.42372
G1 X176.333 Y153.83 E676.43308
G1 X176.475 Y154.146 E676.4446
G1 X176.657 Y154.471 E676.45699
G1 X176.795 Y154.704 E676.46599
G1 X176.987 Y154.983 E676.47726
G1 X177.274 Y155.348 E676.4927
G1 X177.478 Y155.576 E676.50288
G1 X177.723 Y155.816 E676.51428
G1 X177.929 Y156.009 E676.52367
G1 X178.498 Y156.478 E676.5482
G1 X178.753 Y156.671 E676.55884
G1 X179.122 Y157.018 E676.57568
G1 X179.251 Y157.173 E676.58239
G1 X179.25 Y157.494 E676.59307
G1 X178.94 Y157.82 E676.60803
G1 X178.752 Y157.994 E676.61655
G1 X178.498 Y158.188 E676.62718
G1 X178.011 Y158.588 E676.64814
G1 X177.811 Y158.764 E676.657
G1 X177.614 Y158.953 E676.66608
G1 X177.371 Y159.202 E676.67765
G1 X177.124 Y159.502 E676.69058
G1 X176.887 Y159.819 E676.70374
G1 X176.664 Y160.178 E676.7178
G1 X176.488 Y160.495 E676.72986
G1 X176.307 Y160.9 E676.74461
G1 X176.18 Y161.216 E676.75594
G1 X176.089 Y161.527 E676.76672
G1 X176.01 Y161.813 E676.77659
G1 X175.953 Y162.086 E676.78586
G1 X175.898 Y162.439 E676.79774
G1 X175.862 Y162.755 E676.80832
G1 X175.852 Y163.229 E676.82409
G1 X175.859 Y163.543 E676.83454
G1 X175.894 Y163.86 E676.84515
G1 X175.935 Y164.164 E676.85535
G1 X175.989 Y164.444 E676.86483
G1 X176.13 Y164.976 E676.88314
G1 X176.228 Y165.253 E676.89291
G1 X176.333 Y165.516 E676.90233
G1 X176.475 Y165.831 E676.91382
G1 X176.657 Y166.157 E676.92624
G1 X176.796 Y166.39 E676.93526
G1 X176.987 Y166.668 E676.94648
G1 X177.274 Y167.033 E676.96192
G1 X177.478 Y167.261 E676.9721
G1 X177.723 Y167.501 E676.98351
G1 X177.929 Y167.694 E676.9929
G1 X178.498 Y168.163 E677.01742
G1 X178.753 Y168.357 E677.02808
G1 X179.122 Y168.703 E677.0449
G1 X179.256 Y168.864 E677.05187
G1 X179.265 Y169.143 E677.06115
G1 X179.102 Y169.356 E677.07007
G1 X178.921 Y169.523 E677.07827
G1 X178.728 Y169.696 E677.08689
G1 X178.427 Y169.932 E677.09961
G1 X178.011 Y170.273 E677.1175
G1 X177.811 Y170.449 E677.12636
G1 X177.614 Y170.638 E677.13544
G1 X177.371 Y170.887 E677.14701
G1 X177.124 Y171.187 E677.15994
G1 X176.887 Y171.504 E677.1731
G1 X176.664 Y171.864 E677.18719
G1 X176.488 Y172.18 E677.19922
G1 X176.307 Y172.585 E677.21397
G1 X176.18 Y172.902 E677.22533
G1 X176.089 Y173.213 E677.23611
G1 X176.011 Y173.498 E677.24593
G1 X175.953 Y173.771 E677.25522
G1 X175.898 Y174.124 E677.2671
G1 X175.862 Y174.44 E677.27768
G1 X175.852 Y174.914 E677.29345
G1 X175.859 Y175.228 E677.30389
G1 X175.894 Y175.545 E677.3145
G1 X175.935 Y175.85 E677.32474
G1 X175.989 Y176.129 E677.33419
G1 X176.13 Y176.661 E677.35249
G1 X176.228 Y176.938 E677.36227
G1 X176.333 Y177.201 E677.37168
G1 X176.475 Y177.516 E677.38318
G1 X176.657 Y177.842 E677.39559
G1 X176.796 Y178.075 E677.40462
G1 X176.987 Y178.353 E677.41584
G1 X177.274 Y178.719 E677.43131
G1 X177.478 Y178.947 E677.44148
G1 X177.801 Y179.265 E677.45656
G1 X178.028 Y179.462 E677.46655
G1 X178.247 Y179.64 E677.47594
G1 X178.498 Y179.848 E677.48678
G1 X178.753 Y180.042 E677.49744
G1 X179.119 Y180.384 E677.5141
G1 X179.253 Y180.546 E677.52109
G1 X179.26 Y180.852 E677.53127
G1 X179.143 Y180.99 E677.53729
G1 X178.947 Y181.184 E677.54646
G1 X178.758 Y181.36 E677.55505
G1 X178.498 Y181.559 E677.56594
G1 X178.011 Y181.96 E677.58692
G1 X177.811 Y182.135 E677.59576
G1 X177.614 Y182.323 E677.60482
G1 X177.371 Y182.572 E677.61639
G1 X177.121 Y182.876 E677.62948
G1 X176.887 Y183.189 E677.64248
G1 X176.664 Y183.549 E677.65657
G1 X176.488 Y183.865 E677.6686
G1 X176.307 Y184.27 E677.68335
G1 X176.18 Y184.588 E677.69474
G1 X176.089 Y184.898 E677.70549
G1 X176.01 Y185.183 E677.71532
G1 X175.953 Y185.457 E677.72463
G1 X175.898 Y185.809 E677.73648
G1 X175.862 Y186.125 E677.74706
G1 X175.852 Y186.599 E677.76283
G1 X175.859 Y186.914 E677.77331
G1 X175.894 Y187.23 E677.78388
G1 X175.935 Y187.535 E677.79412
G1 X175.989 Y187.814 E677.80357
G1 X176.13 Y188.347 E677.82191
G1 X176.228 Y188.625 E677.83171
G1 X176.333 Y188.886 E677.84107
G1 X176.475 Y189.201 E677.85256
G1 X176.657 Y189.527 E677.86498
G1 X176.796 Y189.76 E677.874
G1 X176.987 Y190.038 E677.88522
G1 X177.274 Y190.404 E677.90069
G1 X177.478 Y190.632 E677.91087
G1 X177.801 Y190.95 E677.92594
G1 X178.028 Y191.148 E677.93596
G1 X178.247 Y191.325 E677.94533
G1 X178.498 Y191.533 E677.95617
G1 X178.752 Y191.727 E677.9668
G1 X179.116 Y192.067 E677.98336
G1 X179.252 Y192.231 E677.99045
G1 X179.26 Y192.537 E678.00063
G1 X179.143 Y192.675 E678.00665
G1 X178.947 Y192.869 E678.01582
G1 X178.758 Y193.045 E678.02441
G1 X178.498 Y193.244 E678.0353
G1 X178.011 Y193.645 E678.05628
G1 X177.811 Y193.82 E678.06512
G1 X177.614 Y194.008 E678.07418
G1 X177.371 Y194.257 E678.08575
G1 X177.121 Y194.561 E678.09884
G1 X176.887 Y194.874 E678.11184
G1 X176.664 Y195.234 E678.12593
G1 X176.488 Y195.55 E678.13796
G1 X176.307 Y195.956 E678.15274
G1 X176.18 Y196.272 E678.16407
G1 X176.089 Y196.583 E678.17485
G1 X176.01 Y196.868 E678.18468
G1 X175.953 Y197.142 E678.19399
G1 X175.898 Y197.494 E678.20584
G1 X175.862 Y197.81 E678.21642
G1 X175.852 Y198.284 E678.23219
G1 X175.859 Y198.599 E678.24267
G1 X175.894 Y198.915 E678.25324
G1 X175.935 Y199.22 E678.26348
G1 X175.989 Y199.499 E678.27293
G1 X176.13 Y200.032 E678.29127
G1 X176.228 Y200.31 E678.30107
G1 X176.333 Y200.571 E678.31043
G1 X176.475 Y200.887 E678.32195
G1 X176.657 Y201.212 E678.33434
G1 X176.795 Y201.445 E678.34335
G1 X176.987 Y201.724 E678.35461
G1 X177.274 Y202.089 E678.37005
G1 X177.478 Y202.317 E678.38023
G1 X177.801 Y202.635 E678.3953
G1 X178.028 Y202.833 E678.40532
G1 X178.25 Y203.011 E678.41479
G1 X178.456 Y203.182 E678.42369
G1 X178.698 Y203.368 E678.43384
G1 X178.895 Y203.526 E678.44224
G1 X179.093 Y203.692 E678.45084
G1 X179.259 Y203.844 E678.45832
G1 X179.268 Y204.033 E678.46462
G0 F9000 X178.855 Y203.797
G0 X177.4 Y203.542
;TYPE:FILL
G1 F3600 X177.159 Y203.3 E678.47598
G0 F9000 X177.158 Y203.511
G0 X174.07 Y203.523
G1 F3600 X174.828 Y200.693 E678.57342
G0 F9000 X174.828 Y200.97
G1 F3600 X172.36 Y198.501 E678.68953
G0 F9000 X172.58 Y198.502
G0 X175.012 Y199.642
G0 X175.052 Y199.857
G1 F3600 X175.378 Y198.64 E678.73144
G0 F9000 X174.678 Y196.689
G0 X174.609 Y193.178
G0 X174.828 Y193.178
G1 F3600 X172.36 Y193.839 E678.81641
G0 F9000 X172.58 Y193.84
G0 X174.611 Y184
G0 X174.83 Y184.001
G1 F3600 X172.36 Y181.531 E678.9326
G0 F9000 X172.36 Y181.416
G1 F3600 X174.828 Y180.755 E679.01757
G0 F9000 X174.61 Y180.755
G0 X172.58 Y168.994
G0 X172.36 Y168.993
G1 F3600 X174.83 Y168.331 E679.10263
G0 F9000 X174.612 Y168.334
G0 X174.61 Y167.028
G0 X174.828 Y167.029
G1 F3600 X172.36 Y164.56 E679.21874
G0 F9000 X172.58 Y164.561
G0 X172.58 Y163.543
G0 X172.36 Y163.542
G1 F3600 X174.831 Y154.32 E679.53628
G0 F9000 X174.612 Y154.319
G0 X174.682 Y153.041
G0 X175.117 Y152.886
G0 X175.157 Y153.101
G1 F3600 X175.408 Y152.164 E679.56855
G0 F9000 X175.428 Y150.658
G1 F3600 X172.36 Y147.59 E679.71285
G0 F9000 X172.58 Y147.591
G0 X174.612 Y155.907
G0 X174.83 Y155.908
G1 F3600 X172.36 Y156.569 E679.7979
G0 F9000 X172.58 Y156.57
G0 X174.612 Y159.629
G0 X174.901 Y159.63
;TYPE:SKIN
G1 F1800 X174.902 Y153.223 E680.011
G1 X175.275 Y153.152 E680.02362
G1 X175.374 Y153.524 E680.03643
G1 X175.489 Y153.848 E680.04786
G1 X175.606 Y154.139 E680.05829
G1 X175.768 Y154.501 E680.07149
G1 X175.972 Y154.866 E680.08539
G1 X176.13 Y155.131 E680.09565
G1 X176.351 Y155.452 E680.10862
G1 X176.668 Y155.856 E680.1257
G1 X176.907 Y156.122 E680.13759
G1 X177.177 Y156.386 E680.15015
G1 X177.407 Y156.603 E680.16067
G1 X178.008 Y157.098 E680.18656
G1 X178.242 Y157.276 E680.19634
G1 X178.303 Y157.333 E680.19912
G1 X178.253 Y157.379 E680.20138
G1 X178.008 Y157.568 E680.21167
G1 X177.5 Y157.986 E680.23355
G1 X177.277 Y158.182 E680.24343
G1 X177.057 Y158.392 E680.25354
G1 X176.782 Y158.674 E680.26664
G1 X176.503 Y159.014 E680.28127
G1 X176.234 Y159.373 E680.29619
G1 X175.982 Y159.778 E680.31206
G1 X175.781 Y160.142 E680.32589
G1 X175.58 Y160.592 E680.34228
G1 X175.433 Y160.957 E680.35537
G1 X175.329 Y161.311 E680.36764
G1 X175.272 Y161.52 E680.37484
G1 X174.902 Y161.449 E680.38737
G1 X174.899 Y160.312 E680.42519
G1 X174.901 Y159.63 E680.44787
G0 F9000 X174.612 Y159.629
G0 X174.682 Y161.622
G0 X175.426 Y161.762
G0 X175.65 Y161.209
G0 X175.228 Y161.085
G1 F1800 X175.059 Y160.917 E680.4558
G0 F9000 X175.376 Y160.668
G1 F1800 X175.057 Y160.349 E680.4708
G0 F9000 X175.547 Y160.273
G1 F1800 X175.059 Y159.785 E680.49376
G0 F9000 X175.059 Y159.22
G1 F1800 X175.734 Y159.895 E680.52551
G0 F9000 X175.943 Y159.538
G1 F1800 X175.059 Y158.654 E680.56709
G0 F9000 X175.059 Y158.089
G1 F1800 X176.167 Y159.196 E680.61918
G0 F9000 X176.41 Y158.874
G1 F1800 X175.059 Y157.523 E680.68273
G0 F9000 X175.059 Y156.957
G1 F1800 X176.666 Y158.564 E680.75832
G0 F9000 X176.944 Y158.277
G1 F1800 X175.06 Y156.392 E680.84696
G0 F9000 X175.06 Y155.827
G1 F1800 X177.236 Y158.003 E680.94931
G0 F9000 X177.541 Y157.742
G1 F1800 X175.06 Y155.261 E681.06601
G0 F9000 X175.06 Y154.695
G1 F1800 X177.852 Y157.487 E681.19734
G0 F9000 X178.131 Y157.829
G0 X178.603 Y157.329
G0 X176.163 Y154.634
G0 X175.778 Y154.848
G1 F1800 X175.06 Y154.13 E681.23111
G0 F9000 X175.304 Y153.808
G1 F1800 X175.06 Y153.564 E681.24259
G0 F9000 X174.612 Y153.563
G0 X174.682 Y161.622
G0 X175.545 Y164.762
G0 X175.275 Y164.833
G1 F1800 X175.375 Y165.209 E681.25553
G1 X175.489 Y165.531 E681.26689
G1 X175.606 Y165.824 E681.27738
G1 X175.768 Y166.186 E681.29057
G1 X175.974 Y166.552 E681.30454
G1 X176.131 Y166.817 E681.31479
G1 X176.351 Y167.137 E681.3277
G1 X176.668 Y167.541 E681.34478
G1 X176.907 Y167.807 E681.35668
G1 X177.177 Y168.071 E681.36924
G1 X177.407 Y168.288 E681.37975
G1 X178.008 Y168.783 E681.40565
G1 X178.236 Y168.955 E681.41515
G1 X178.302 Y169.017 E681.41816
G1 X178.222 Y169.089 E681.42174
G1 X177.933 Y169.316 E681.43396
G1 X177.5 Y169.67 E681.45256
G1 X177.276 Y169.867 E681.46249
G1 X177.057 Y170.077 E681.47258
G1 X176.782 Y170.359 E681.48568
G1 X176.503 Y170.699 E681.50031
G1 X176.234 Y171.058 E681.51523
G1 X175.982 Y171.464 E681.53112
G1 X175.781 Y171.826 E681.54489
G1 X175.58 Y172.277 E681.56132
G1 X175.433 Y172.643 E681.57443
G1 X175.329 Y172.997 E681.58671
G1 X175.272 Y173.206 E681.59391
G1 X174.899 Y173.133 E681.60655
G1 X174.901 Y169.661 E681.72203
G1 X174.899 Y169.378 E681.73144
G1 X174.901 Y169.278 E681.73477
G1 X174.902 Y168.333 E681.7662
G1 X174.898 Y168.02 E681.77661
G1 X174.902 Y164.905 E681.88022
G1 X175.275 Y164.833 E681.89285
G0 F9000 X175.061 Y165.444
G1 F1800 X175.429 Y165.813 E681.91019
G0 F9000 X175.059 Y166.008
G1 F1800 X176.085 Y167.034 E681.95845
G0 F9000 X176.448 Y166.785
G0 X175.424 Y164.582
G0 X174.682 Y164.722
G0 X174.61 Y167.137
G0 X175.058 Y167.138
G1 F1800 X177.435 Y169.515 E682.07025
G0 F9000 X177.134 Y169.78
G1 F1800 X175.057 Y167.703 E682.16795
G0 F9000 X175.059 Y168.271
G1 F1800 X176.849 Y170.061 E682.25215
G0 F9000 X176.577 Y170.355
G1 F1800 X175.059 Y168.837 E682.32355
G0 F9000 X175.058 Y169.401
G1 F1800 X176.325 Y170.668 E682.38314
G0 F9000 X176.085 Y170.993
G1 F1800 X175.059 Y169.968 E682.43138
G0 F9000 X175.059 Y170.534
G1 F1800 X175.868 Y171.343 E682.46943
G0 F9000 X175.665 Y171.705
G1 F1800 X175.059 Y171.099 E682.49794
G0 F9000 X175.059 Y171.665
G1 F1800 X175.487 Y172.093 E682.51807
G0 F9000 X175.32 Y172.492
G1 F1800 X175.058 Y172.229 E682.53042
G0 F9000 X175.058 Y172.795
G1 F1800 X175.184 Y172.921 E682.53634
G0 F9000 X175.606 Y173.045
G0 X176.683 Y171.421
G0 X178.025 Y169.602
G0 X177.746 Y169.26
G1 F1800 X175.059 Y166.573 E682.66273
G0 F9000 X174.61 Y166.572
G0 X174.679 Y173.315
G0 X175.546 Y176.449
G0 X175.275 Y176.52
G1 F1800 X175.375 Y176.894 E682.67561
G1 X175.489 Y177.216 E682.68697
G1 X175.606 Y177.509 E682.69746
G1 X175.768 Y177.871 E682.71065
G1 X175.973 Y178.237 E682.7246
G1 X176.13 Y178.501 E682.73482
G1 X176.35 Y178.821 E682.74774
G1 X176.668 Y179.227 E682.76489
G1 X176.905 Y179.492 E682.77671
G1 X177.264 Y179.846 E682.79348
G1 X177.52 Y180.066 E682.80471
G1 X178.007 Y180.467 E682.82569
G1 X178.241 Y180.644 E682.83545
G1 X178.303 Y180.702 E682.83827
G1 X178.252 Y180.751 E682.84063
G1 X178.007 Y180.94 E682.85092
G1 X177.499 Y181.358 E682.8728
G1 X177.278 Y181.552 E682.88258
G1 X177.058 Y181.762 E682.8927
G1 X176.782 Y182.044 E682.90582
G1 X176.499 Y182.388 E682.92064
G1 X176.234 Y182.743 E682.93537
G1 X175.982 Y183.149 E682.95126
G1 X175.781 Y183.511 E682.96503
G1 X175.58 Y183.962 E682.98146
G1 X175.433 Y184.329 E682.99461
G1 X175.329 Y184.681 E683.00681
G1 X175.272 Y184.889 E683.01399
G1 X174.899 Y184.818 E683.02662
G1 X174.901 Y181.701 E683.13029
G1 X174.899 Y179.956 E683.18833
G1 X174.901 Y179.515 E683.203
G1 X174.899 Y179.235 E683.21231
G1 X174.901 Y178.906 E683.22325
G1 X174.898 Y178.612 E683.23303
G1 X174.901 Y178.073 E683.25096
G1 X174.903 Y176.591 E683.30025
G1 X175.275 Y176.52 E683.31285
G0 F9000 X175.062 Y176.759
G1 F1800 X175.215 Y176.912 E683.32004
G0 F9000 X175.061 Y177.324
G1 F1800 X175.58 Y177.843 E683.34445
G0 F9000 X175.061 Y177.889
G1 F1800 X177.951 Y180.779 E683.48039
G0 F9000 X177.639 Y181.033
G1 F1800 X175.059 Y178.453 E683.60175
G0 F9000 X175.059 Y179.019
G1 F1800 X177.331 Y181.29 E683.70859
G0 F9000 X177.035 Y181.56
G1 F1800 X175.06 Y179.586 E683.80146
G0 F9000 X175.059 Y180.15
G1 F1800 X176.753 Y181.844 E683.88115
G0 F9000 X176.49 Y182.147
G1 F1800 X175.059 Y180.715 E683.94848
G0 F9000 X175.059 Y181.282
G1 F1800 X176.242 Y182.465 E684.00412
G0 F9000 X176.011 Y182.799
G1 F1800 X175.059 Y181.848 E684.04888
G0 F9000 X175.059 Y182.413
G1 F1800 X175.798 Y183.151 E684.08362
G0 F9000 X175.601 Y183.521
G1 F1800 X175.059 Y182.979 E684.10911
G0 F9000 X175.059 Y183.544
G1 F1800 X175.427 Y183.912 E684.12642
G0 F9000 X175.059 Y184.11
G1 F1800 X175.269 Y184.32 E684.1363
G0 F9000 X175.69 Y184.445
G0 X175.547 Y188.137
G0 X175.276 Y188.207
G1 F1800 X175.374 Y188.58 E684.14912
G1 X175.489 Y188.904 E684.16056
G1 X175.606 Y189.195 E684.17099
G1 X175.768 Y189.557 E684.18418
G1 X175.973 Y189.922 E684.19811
G1 X176.13 Y190.186 E684.20832
G1 X176.35 Y190.506 E684.22124
G1 X176.668 Y190.912 E684.23839
G1 X176.905 Y191.177 E684.25021
G1 X177.264 Y191.531 E684.26698
G1 X177.52 Y191.753 E684.27825
G1 X177.745 Y191.934 E684.28786
G1 X178.006 Y192.151 E684.29915
G1 X178.259 Y192.346 E684.30977
G1 X178.303 Y192.387 E684.31177
G1 X178.252 Y192.436 E684.31412
G1 X178.007 Y192.625 E684.32442
G1 X177.499 Y193.043 E684.3463
G1 X177.278 Y193.237 E684.35608
G1 X177.058 Y193.447 E684.36619
G1 X176.782 Y193.729 E684.37932
G1 X176.499 Y194.073 E684.39413
G1 X176.234 Y194.428 E684.40887
G1 X175.982 Y194.834 E684.42476
G1 X175.781 Y195.197 E684.43856
G1 X175.58 Y195.648 E684.45498
G1 X175.433 Y196.013 E684.46807
G1 X175.329 Y196.366 E684.48031
G1 X175.271 Y196.579 E684.48765
G1 X174.898 Y196.507 E684.50029
G1 X174.898 Y195.71 E684.5268
G1 X174.901 Y195.043 E684.54898
G1 X174.902 Y193.581 E684.59761
G1 X174.899 Y193.286 E684.60742
G1 X174.901 Y192.41 E684.63656
G1 X174.898 Y191.67 E684.66117
G1 X174.901 Y191.369 E684.67118
G1 X174.898 Y191.034 E684.68232
G1 X174.902 Y190.727 E684.69254
G1 X174.899 Y190.301 E684.7067
G1 X174.899 Y189.616 E684.72949
G1 X174.898 Y189.361 E684.73797
G1 X174.901 Y189.015 E684.74948
G1 X174.901 Y188.279 E684.77396
G1 X175.276 Y188.207 E684.78666
G0 F9000 X175.061 Y188.637
G1 F1800 X175.315 Y188.892 E684.79863
G0 F9000 X175.059 Y189.201
G1 F1800 X175.804 Y189.946 E684.83367
G0 F9000 X175.059 Y189.766
G1 F1800 X177.843 Y192.551 E684.96465
G0 F9000 X177.532 Y192.806
G1 F1800 X175.059 Y190.332 E685.08099
G0 F9000 X175.059 Y190.899
G1 F1800 X177.227 Y193.066 E685.18294
G0 F9000 X176.937 Y193.342
G1 F1800 X175.059 Y191.464 E685.27128
G0 F9000 X175.059 Y192.029
G1 F1800 X176.657 Y193.628 E685.34647
G0 F9000 X176.402 Y193.938
G1 F1800 X175.06 Y192.596 E685.40959
G0 F9000 X175.059 Y193.161
G1 F1800 X176.159 Y194.261 E685.46133
G0 F9000 X175.935 Y194.603
G1 F1800 X175.061 Y193.728 E685.50247
G0 F9000 X175.061 Y194.294
G1 F1800 X175.728 Y194.962 E685.53386
G0 F9000 X175.542 Y195.341
G1 F1800 X175.061 Y194.86 E685.55649
G0 F9000 X175.059 Y195.423
G1 F1800 X175.372 Y195.737 E685.57123
G0 F9000 X175.057 Y195.988
G1 F1800 X175.224 Y196.154 E685.57907
G0 F9000 X175.646 Y196.279
G0 X175.545 Y199.817
G0 X175.274 Y199.887
G1 F1800 X175.374 Y200.265 E685.59207
G1 X175.489 Y200.589 E685.60351
G1 X175.606 Y200.88 E685.61394
G1 X175.768 Y201.242 E685.62713
G1 X175.972 Y201.607 E685.64103
G1 X176.13 Y201.872 E685.6513
G1 X176.351 Y202.193 E685.66426
G1 X176.668 Y202.597 E685.68134
G1 X176.905 Y202.862 E685.69316
G1 X177.283 Y203.232 E685.71076
G1 X174.9 Y203.218 E685.79002
G1 X174.899 Y202.866 E685.80172
G1 X174.901 Y202.033 E685.82943
G1 X174.898 Y201.772 E685.83811
G1 X174.901 Y201.357 E685.85191
G1 X174.898 Y200.93 E685.86612
G1 X174.899 Y199.959 E685.89841
G1 X175.274 Y199.887 E685.91111
G0 F9000 X175.057 Y200.513
G1 F1800 X175.44 Y200.896 E685.92913
G0 F9000 X175.058 Y201.079
G1 F1800 X176.128 Y202.149 E685.97946
G0 F9000 X175.909 Y203.061
G1 F1800 X175.06 Y202.213 E686.01937
G0 F9000 X175.059 Y202.777
G1 F1800 X175.34 Y203.059 E686.03261
G0 F9000 X175.337 Y203.5
G0 X176.475 Y203.507
G0 X176.478 Y203.065
G1 F1800 X175.058 Y201.645 E686.0994
G0 F9000 X174.609 Y201.642
G0 X174.682 Y203.425
G0 X177.815 Y203.428
G0 X177.57 Y203.112
G0 X177.478 Y203.216
;TYPE:SKIN
G1 F1800 X177.724 Y203.463 E686.1052
G0 F9000 X177.44 Y203.462
G1 F1800 X177.396 Y203.417 E686.10625
G1 F1440 E684.60625
G0 F9000 X177.396 Y203.512
G0 X177.815 Y203.428
G0 X176.261 Y200.994
G0 X175.901 Y200.102
G0 X175.656 Y198.943
G0 X175.623 Y197.795
G0 X175.859 Y196.518
G0 X176.274 Y195.443
G0 X177.641 Y193.21
G0 X178.604 Y192.386
G0 X176.595 Y189.889
G0 X176.113 Y188.979
G0 X175.756 Y187.867
G0 X175.612 Y186.599
G0 X175.717 Y185.414
G0 X176.087 Y184.177
G0 X177.426 Y181.714
G0 X178.605 Y180.7
G0 X176.537 Y178.73
G0 X175.756 Y176.182
G0 X175.612 Y174.914
G0 X175.717 Y173.728
G0 X176.415 Y171.182
G0 X178.603 Y169.016
G0 X176.11 Y166.393
G0 X175.62 Y163.558
G0 X175.661 Y162.407
G0 X176.172 Y159.889
G0 X178.603 Y157.329
G0 X175.674 Y153.79
G0 X175.541 Y149.905
G0 X175.272 Y149.831
;TYPE:SKIN
G1 F1440 E686.10625
G1 F1800 X174.901 Y149.758 E686.11882
G1 X174.9 Y146.771 E686.21817
G1 X176.986 Y146.783 E686.28755
G1 X176.781 Y146.995 E686.29736
G1 X176.504 Y147.327 E686.31174
G1 X176.234 Y147.688 E686.32673
G1 X175.982 Y148.093 E686.3426
G1 X175.781 Y148.457 E686.35643
G1 X175.58 Y148.907 E686.37282
G1 X175.433 Y149.272 E686.38591
G1 X175.329 Y149.625 E686.39815
G1 X175.272 Y149.831 E686.40526
G0 F9000 X175.271 Y149.25
G1 F1800 X175.059 Y149.038 E686.41523
G0 F9000 X175.432 Y148.845
G1 F1800 X175.059 Y148.472 E686.43278
G0 F9000 X175.607 Y148.454
G1 F1800 X175.059 Y147.906 E686.45855
G0 F9000 X175.059 Y147.34
G1 F1800 X175.803 Y148.084 E686.49355
G0 F9000 X176.017 Y147.732
G1 F1800 X175.217 Y146.933 E686.53115
G0 F9000 X175.786 Y146.936
G1 F1800 X176.249 Y147.399 E686.55293
G0 F9000 X176.498 Y147.083
G1 F1800 X176.355 Y146.939 E686.55968
G0 F9000 X177.101 Y146.554
;TYPE:SKIN
G1 F1800 X177.319 Y146.772 E686.56481
G0 F9000 X177.466 Y146.636
G1 F1800 X177.386 Y146.556 E686.56669
G0 F9000 X177.386 Y146.506
G0 X172.292 Y146.477
G0 X172.291 Y146.756
;TYPE:SKIN
G1 F1800 X172.29 Y203.203 E688.44412
G1 X171.65 Y203.199 E688.46541
G1 X171.65 Y146.754 E690.34278
G1 X172.291 Y146.756 E690.3641
G0 F9000 X171.809 Y146.919
G1 F1800 X172.13 Y147.24 E690.3792
G0 F9000 X171.809 Y147.484
G1 F1800 X172.13 Y147.805 E690.3943
G0 F9000 X171.809 Y148.05
G1 F1800 X172.13 Y148.371 E690.4094
G0 F9000 X171.809 Y148.616
G1 F1800 X172.13 Y148.937 E690.42449
G0 F9000 X171.809 Y149.181
G1 F1800 X172.13 Y149.502 E690.43959
G0 F9000 X171.809 Y149.747
G1 F1800 X172.13 Y150.068 E690.45469
G0 F9000 X171.809 Y150.313
G1 F1800 X172.13 Y150.634 E690.46979
G0 F9000 X171.809 Y150.878
G1 F1800 X172.13 Y151.199 E690.48489
G0 F9000 X171.809 Y151.444
G1 F1800 X172.13 Y151.765 E690.49999
G0 F9000 X171.809 Y152.01
G1 F1800 X172.13 Y152.331 E690.51509
G0 F9000 X171.809 Y152.575
G1 F1800 X172.13 Y152.896 E690.53019
G0 F9000 X171.809 Y153.141
G1 F1800 X172.13 Y153.462 E690.54529
G0 F9000 X171.809 Y153.707
G1 F1800 X172.13 Y154.028 E690.56038
G0 F9000 X171.809 Y154.273
G1 F1800 X172.13 Y154.594 E690.57548
G0 F9000 X171.809 Y154.838
G1 F1800 X172.13 Y155.159 E690.59058
G0 F9000 X171.809 Y155.404
G1 F1800 X172.13 Y155.725 E690.60568
G0 F9000 X171.809 Y155.97
G1 F1800 X172.13 Y156.291 E690.62078
G0 F9000 X171.809 Y156.535
G1 F1800 X172.13 Y156.856 E690.63588
G0 F9000 X171.809 Y157.101
G1 F1800 X172.13 Y157.422 E690.65098
G0 F9000 X171.809 Y157.667
G1 F1800 X172.13 Y157.988 E690.66608
G0 F9000 X171.809 Y158.232
G1 F1800 X172.13 Y158.553 E690.68118
G0 F9000 X171.809 Y158.798
G1 F1800 X172.13 Y159.119 E690.69627
G0 F9000 X171.809 Y159.364
G1 F1800 X172.13 Y159.685 E690.71137
G0 F9000 X171.809 Y159.929
G1 F1800 X172.13 Y160.25 E690.72647
G0 F9000 X171.809 Y160.495
G1 F1800 X172.13 Y160.816 E690.74157
G0 F9000 X171.809 Y161.061
G1 F1800 X172.13 Y161.382 E690.75667
G0 F9000 X171.809 Y161.626
G1 F1800 X172.13 Y161.947 E690.77177
G0 F9000 X171.809 Y162.192
G1 F1800 X172.13 Y162.513 E690.78687
G0 F9000 X171.809 Y162.758
G1 F1800 X172.13 Y163.079 E690.80197
G0 F9000 X171.809 Y163.323
G1 F1800 X172.13 Y163.645 E690.81709
G0 F9000 X171.809 Y163.889
G1 F1800 X172.13 Y164.21 E690.83219
G0 F9000 X171.809 Y164.455
G1 F1800 X172.13 Y164.776 E690.84729
G0 F9000 X171.809 Y165.021
G1 F1800 X172.13 Y165.342 E690.86238
G0 F9000 X171.809 Y165.586
G1 F1800 X172.13 Y165.907 E690.87748
G0 F9000 X171.809 Y166.152
G1 F1800 X172.13 Y166.473 E690.89258
G0 F9000 X171.809 Y166.718
G1 F1800 X172.13 Y167.039 E690.90768
G0 F9000 X171.809 Y167.283
G1 F1800 X172.13 Y167.604 E690.92278
G0 F9000 X171.809 Y167.849
G1 F1800 X172.13 Y168.17 E690.93788
G0 F9000 X171.809 Y168.415
G1 F1800 X172.13 Y168.736 E690.95298
G0 F9000 X171.809 Y168.98
G1 F1800 X172.13 Y169.301 E690.96808
G0 F9000 X171.809 Y169.546
G1 F1800 X172.13 Y169.867 E690.98318
G0 F9000 X171.809 Y170.112
G1 F1800 X172.13 Y170.433 E690.99827
G0 F9000 X171.809 Y170.677
G1 F1800 X172.13 Y170.998 E691.01337
G0 F9000 X171.809 Y171.243
G1 F1800 X172.13 Y171.564 E691.02847
G0 F9000 X171.809 Y171.809
G1 F1800 X172.13 Y172.13 E691.04357
G0 F9000 X171.809 Y172.374
G1 F1800 X172.13 Y172.695 E691.05867
G0 F9000 X171.809 Y172.94
G1 F1800 X172.13 Y173.261 E691.07377
G0 F9000 X171.809 Y173.506
G1 F1800 X172.13 Y173.827 E691.08887
G0 F9000 X171.809 Y174.072
G1 F1800 X172.13 Y174.393 E691.10397
G0 F9000 X171.809 Y174.637
G1 F1800 X172.13 Y174.958 E691.11907
G0 F9000 X171.809 Y175.203
G1 F1800 X172.13 Y175.524 E691.13416
G0 F9000 X171.809 Y175.769
G1 F1800 X172.13 Y176.09 E691.14926
G0 F9000 X171.809 Y176.334
G1 F1800 X172.13 Y176.655 E691.16436
G0 F9000 X171.809 Y176.9
G1 F1800 X172.13 Y177.221 E691.17946
G0 F9000 X171.809 Y177.466
G1 F1800 X172.13 Y177.787 E691.19456
G0 F9000 X171.809 Y178.031
G1 F1800 X172.13 Y178.352 E691.20966
G0 F9000 X171.809 Y178.597
G1 F1800 X172.13 Y178.918 E691.22476
G0 F9000 X171.809 Y179.163
G1 F1800 X172.13 Y179.484 E691.23986
G0 F9000 X171.809 Y179.728
G1 F1800 X172.13 Y180.049 E691.25496
G0 F9000 X171.809 Y180.294
G1 F1800 X172.13 Y180.615 E691.27005
G0 F9000 X171.809 Y180.86
G1 F1800 X172.13 Y181.181 E691.28515
G0 F9000 X171.809 Y181.425
G1 F1800 X172.13 Y181.746 E691.30025
G0 F9000 X171.809 Y181.991
G1 F1800 X172.13 Y182.312 E691.31535
G0 F9000 X171.809 Y182.557
G1 F1800 X172.13 Y182.878 E691.33045
G0 F9000 X171.809 Y183.122
G1 F1800 X172.13 Y183.444 E691.34557
G0 F9000 X171.809 Y183.688
G1 F1800 X172.13 Y184.009 E691.36067
G0 F9000 X171.809 Y184.254
G1 F1800 X172.13 Y184.575 E691.37577
G0 F9000 X171.809 Y184.82
G1 F1800 X172.13 Y185.141 E691.39087
G0 F9000 X171.809 Y185.385
G1 F1800 X172.13 Y185.706 E691.40597
G0 F9000 X171.809 Y185.951
G1 F1800 X172.13 Y186.272 E691.42107
G0 F9000 X171.809 Y186.517
G1 F1800 X172.13 Y186.838 E691.43616
G0 F9000 X171.809 Y187.082
G1 F1800 X172.13 Y187.403 E691.45126
G0 F9000 X171.809 Y187.648
G1 F1800 X172.13 Y187.969 E691.46636
G0 F9000 X171.809 Y188.214
G1 F1800 X172.13 Y188.535 E691.48146
G0 F9000 X171.809 Y188.779
G1 F1800 X172.13 Y189.1 E691.49656
G0 F9000 X171.809 Y189.345
G1 F1800 X172.13 Y189.666 E691.51166
G0 F9000 X171.809 Y189.911
G1 F1800 X172.13 Y190.232 E691.52676
G0 F9000 X171.809 Y190.476
G1 F1800 X172.13 Y190.797 E691.54186
G0 F9000 X171.809 Y191.042
G1 F1800 X172.13 Y191.363 E691.55696
G0 F9000 X171.809 Y191.608
G1 F1800 X172.13 Y191.929 E691.57205
G0 F9000 X171.809 Y192.173
G1 F1800 X172.13 Y192.494 E691.58715
G0 F9000 X171.809 Y192.739
G1 F1800 X172.13 Y193.06 E691.60225
G0 F9000 X171.809 Y193.305
G1 F1800 X172.13 Y193.626 E691.61735
G0 F9000 X171.809 Y193.871
G1 F1800 X172.13 Y194.192 E691.63245
G0 F9000 X171.809 Y194.436
G1 F1800 X172.13 Y194.757 E691.64755
G0 F9000 X171.809 Y195.002
G1 F1800 X172.13 Y195.323 E691.66265
G0 F9000 X171.809 Y195.568
G1 F1800 X172.13 Y195.889 E691.67775
G0 F9000 X171.809 Y196.133
G1 F1800 X172.13 Y196.454 E691.69285
G0 F9000 X171.809 Y196.699
G1 F1800 X172.13 Y197.02 E691.70794
G0 F9000 X171.809 Y197.265
G1 F1800 X172.13 Y197.586 E691.72304
G0 F9000 X171.809 Y197.83
G1 F1800 X172.13 Y198.151 E691.73814
G0 F9000 X171.809 Y198.396
G1 F1800 X172.13 Y198.717 E691.75324
G0 F9000 X171.809 Y198.962
G1 F1800 X172.13 Y199.283 E691.76834
G0 F9000 X171.809 Y199.527
G1 F1800 X172.13 Y199.848 E691.78344
G0 F9000 X171.809 Y200.093
G1 F1800 X172.13 Y200.414 E691.79854
G0 F9000 X171.809 Y200.659
G1 F1800 X172.13 Y200.98 E691.81364
G0 F9000 X171.809 Y201.224
G1 F1800 X172.13 Y201.545 E691.82874
G0 F9000 X171.809 Y201.79
G1 F1800 X172.13 Y202.111 E691.84383
G0 F9000 X171.809 Y202.356
G1 F1800 X172.13 Y202.677 E691.85893
G0 F9000 X171.809 Y202.921
G1 F1800 X171.926 Y203.039 E691.86446
G0 F9000 X171.924 Y203.48
G0 X178.523 Y203.696
G0 X178.601 Y203.774
;TYPE:SKIN
G1 F1800 X178.83 Y203.72 E691.8734
G0 F9000 X178.863 Y203.825
G0 X177.305 Y202.482
G0 X176.593 Y201.574
G0 X176.004 Y200.395
G0 X175.699 Y199.258
G0 X175.612 Y198.284
G0 X175.717 Y197.099
G0 X176.087 Y195.863
G0 X176.689 Y194.739
G0 X177.301 Y194.01
G0 X178.955 Y192.376
G0 X179.081 Y192.374
G1 F1800 X178.966 Y192.26 E691.87609
G0 F9000 X178.918 Y192.298
G0 X177.091 Y190.558
G0 X176.45 Y189.647
G0 X175.428 Y187.964
G0 X175.281 Y188.009
G1 F1800 X175.045 Y188.055 E691.87854
G1 X174.808 Y188.101 E691.88099
G0 F9000 X174.765 Y188.019
G0 X175.203 Y185.161
G0 X175.213 Y185.112
G1 F1800 X175.111 Y185.01 E691.88339
G0 F9000 X175.086 Y185.138
G0 X174.679 Y185
G0 X174.682 Y164.722
G0 X175.335 Y161.817
G0 X175.294 Y161.717
G1 F1800 X174.945 Y161.651 E691.88812
G0 F9000 X174.871 Y161.728
G0 X175.426 Y161.762
G0 X176.936 Y159.354
G0 X178.951 Y157.289
G0 X179.069 Y157.29
G1 F1800 X178.994 Y157.215 E691.88988
G0 F9000 X178.936 Y157.263
G0 X177.091 Y155.502
G0 X176.45 Y154.59
G0 X175.901 Y153.361
G0 X175.656 Y152.202
G0 X175.623 Y151.055
G0 X175.859 Y149.777
G0 X176.274 Y148.703
G0 X176.936 Y147.669
G0 X178.278 Y146.299
G0 X178.356 Y146.395
G1 F1800 X178.136 Y146.175 E691.89505
G0 F9000 X178.42 Y146.176
G1 F1800 X178.516 Y146.272 E691.89731
G1 F1440 E690.39731
;MESH:NONMESH
G0 F300 X178.516 Y146.272 Z8
G0 F9000 X178.441 Y146.251
G0 X177.445 Y147.1
G0 X176.689 Y147.999
G0 X176.087 Y149.122
G0 X175.717 Y150.358
G0 X175.612 Y151.543
G0 X175.756 Y152.812
G0 X176.113 Y153.923
G0 X176.794 Y155.125
G0 X178.603 Y157.329
G0 X176.689 Y159.684
G0 X176.087 Y160.807
G0 X175.717 Y162.043
G0 X175.612 Y163.229
G0 X175.755 Y164.497
G0 X176.113 Y165.609
G0 X176.794 Y166.81
G0 X178.603 Y169.016
G0 X176.689 Y171.369
G0 X176.087 Y172.492
G0 X175.717 Y173.728
G0 X175.612 Y174.914
G0 X175.756 Y176.182
G0 X176.113 Y177.294
G0 X176.794 Y178.494
G0 X178.605 Y180.7
G0 X176.689 Y183.054
G0 X176.087 Y184.177
G0 X175.717 Y185.414
G0 X175.612 Y186.599
G0 X175.756 Y187.867
G0 X176.113 Y188.979
G0 X176.794 Y190.179
G0 X178.604 Y192.386
G0 X176.689 Y194.739
G0 X176.087 Y195.863
G0 X175.717 Y197.099
G0 X175.612 Y198.284
G0 X175.756 Y199.552
G0 X176.113 Y200.664
G0 X176.794 Y201.866
G0 X177.477 Y202.631
G0 X177.879 Y203.626
;TIME_ELAPSED:1277.821283
;LAYER:39
;TYPE:WALL-INNER
;MESH:Vertical_Tension_Member.stl
G1 F1440 E691.89731
G1 F1800 X172.146 Y203.591 E692.088
G1 X171.536 Y203.59 E692.10829
G1 X171.537 Y146.564 E694.00498
G1 X171.537 Y146.364 E694.01163
G1 X171.737 Y146.365 E694.01593
G1 X177.577 Y146.397 E694.21017
G1 X177.578 Y146.397 E694.2102
G1 X177.878 Y146.399 E694.22018
G1 X177.876 Y146.538 E694.22157
G1 X177.576 Y146.795 E694.23117
G1 X177.34 Y147.028 E694.2422
G1 X177.11 Y147.263 E694.25314
G1 X176.882 Y147.538 E694.26502
G1 X176.679 Y147.806 E694.2762
G1 X176.51 Y148.054 E694.28618
G1 X176.344 Y148.327 E694.29681
G1 X176.161 Y148.657 E694.30936
G1 X175.998 Y149.017 E694.3225
G1 X175.882 Y149.3 E694.33267
G1 X175.783 Y149.599 E694.34315
G1 X175.656 Y150.057 E694.35896
G1 X175.585 Y150.411 E694.37097
G1 X175.521 Y150.892 E694.38711
G1 X175.497 Y151.246 E694.39891
G1 X175.496 Y151.735 E694.41517
G1 X175.521 Y152.09 E694.42701
G1 X175.585 Y152.569 E694.44308
G1 X175.657 Y152.924 E694.45513
G1 X175.783 Y153.384 E694.47099
G1 X175.907 Y153.743 E694.48362
G1 X176.103 Y154.198 E694.5001
G1 X176.274 Y154.532 E694.51258
G1 X176.421 Y154.781 E694.5222
G1 X176.609 Y155.08 E694.53395
G1 X176.831 Y155.377 E694.54628
G1 X177.028 Y155.619 E694.55666
G1 X177.218 Y155.833 E694.56618
G1 X177.429 Y156.043 E694.57608
G1 X177.678 Y156.279 E694.58749
G1 X177.878 Y156.446 E694.59615
G1 X177.879 Y156.694 E694.6044
G1 X177.877 Y156.985 E694.61408
G1 X177.878 Y158.221 E694.65519
G1 X177.83 Y158.26 E694.65725
G1 X177.576 Y158.481 E694.66845
G1 X177.339 Y158.714 E694.6795
G1 X177.109 Y158.949 E694.69044
G1 X176.882 Y159.223 E694.70227
G1 X176.679 Y159.491 E694.71345
G1 X176.51 Y159.74 E694.72346
G1 X176.344 Y160.012 E694.73406
G1 X176.161 Y160.342 E694.74661
G1 X175.998 Y160.702 E694.75976
G1 X175.882 Y160.985 E694.76993
G1 X175.783 Y161.284 E694.7804
G1 X175.656 Y161.742 E694.79621
G1 X175.585 Y162.097 E694.80825
G1 X175.521 Y162.577 E694.82436
G1 X175.497 Y162.931 E694.83616
G1 X175.496 Y163.42 E694.85243
G1 X175.521 Y163.775 E694.86426
G1 X175.585 Y164.254 E694.88034
G1 X175.657 Y164.609 E694.89238
G1 X175.783 Y165.069 E694.90825
G1 X175.907 Y165.428 E694.92088
G1 X176.103 Y165.883 E694.93736
G1 X176.274 Y166.216 E694.94981
G1 X176.421 Y166.466 E694.95945
G1 X176.609 Y166.766 E694.97123
G1 X176.831 Y167.062 E694.98353
G1 X177.028 Y167.304 E694.99391
G1 X177.218 Y167.518 E695.00343
G1 X177.429 Y167.728 E695.01333
G1 X177.678 Y167.964 E695.02474
G1 X177.878 Y168.13 E695.03339
G1 X177.878 Y169.904 E695.09239
G1 X177.576 Y170.166 E695.10569
G1 X177.339 Y170.399 E695.11674
G1 X177.109 Y170.634 E695.12768
G1 X176.882 Y170.908 E695.13951
G1 X176.679 Y171.176 E695.1507
G1 X176.509 Y171.425 E695.16072
G1 X176.344 Y171.698 E695.17133
G1 X176.161 Y172.027 E695.18386
G1 X175.998 Y172.388 E695.19703
G1 X175.882 Y172.67 E695.20717
G1 X175.783 Y172.969 E695.21765
G1 X175.656 Y173.427 E695.23346
G1 X175.585 Y173.782 E695.2455
G1 X175.521 Y174.262 E695.2616
G1 X175.497 Y174.616 E695.2734
G1 X175.496 Y175.105 E695.28967
G1 X175.521 Y175.46 E695.3015
G1 X175.585 Y175.94 E695.31761
G1 X175.657 Y176.294 E695.32963
G1 X175.783 Y176.754 E695.34549
G1 X175.907 Y177.113 E695.35812
G1 X176.103 Y177.568 E695.3746
G1 X176.274 Y177.901 E695.38705
G1 X176.421 Y178.151 E695.3967
G1 X176.609 Y178.451 E695.40847
G1 X176.831 Y178.747 E695.42078
G1 X177.028 Y178.989 E695.43116
G1 X177.218 Y179.202 E695.44065
G1 X177.428 Y179.413 E695.45055
G1 X177.679 Y179.651 E695.46206
G1 X177.875 Y179.813 E695.47051
G1 X177.878 Y180.49 E695.49303
G1 X177.876 Y180.963 E695.50876
G1 X177.879 Y181.268 E695.51891
G1 X177.879 Y181.589 E695.52958
G1 X177.577 Y181.85 E695.54286
G1 X177.339 Y182.084 E695.55396
G1 X177.109 Y182.319 E695.5649
G1 X176.882 Y182.593 E695.57673
G1 X176.679 Y182.861 E695.58791
G1 X176.509 Y183.11 E695.59794
G1 X176.344 Y183.383 E695.60855
G1 X176.161 Y183.712 E695.62107
G1 X175.998 Y184.073 E695.63425
G1 X175.882 Y184.355 E695.64439
G1 X175.783 Y184.654 E695.65487
G1 X175.656 Y185.113 E695.67071
G1 X175.585 Y185.467 E695.68271
G1 X175.521 Y185.947 E695.69882
G1 X175.497 Y186.301 E695.71062
G1 X175.496 Y186.791 E695.72692
G1 X175.521 Y187.145 E695.73872
G1 X175.585 Y187.625 E695.75483
G1 X175.657 Y187.979 E695.76684
G1 X175.783 Y188.44 E695.78274
G1 X175.907 Y188.8 E695.7954
G1 X176.103 Y189.253 E695.81182
G1 X176.274 Y189.586 E695.82427
G1 X176.421 Y189.836 E695.83392
G1 X176.609 Y190.136 E695.84569
G1 X176.831 Y190.432 E695.858
G1 X177.028 Y190.674 E695.86838
G1 X177.218 Y190.887 E695.87787
G1 X177.428 Y191.098 E695.88777
G1 X177.679 Y191.336 E695.89928
G1 X177.875 Y191.498 E695.90773
G1 X177.878 Y192.089 E695.92739
G1 X177.876 Y192.621 E695.94508
G1 X177.879 Y192.952 E695.95609
G1 X177.878 Y193.273 E695.96677
G1 X177.576 Y193.535 E695.98007
G1 X177.339 Y193.769 E695.99115
G1 X177.109 Y194.004 E696.00208
G1 X176.882 Y194.278 E696.01392
G1 X176.679 Y194.546 E696.0251
G1 X176.509 Y194.795 E696.03513
G1 X176.344 Y195.068 E696.04574
G1 X176.161 Y195.397 E696.05826
G1 X175.998 Y195.758 E696.07143
G1 X175.882 Y196.04 E696.08157
G1 X175.783 Y196.339 E696.09205
G1 X175.656 Y196.798 E696.10789
G1 X175.585 Y197.152 E696.1199
G1 X175.521 Y197.632 E696.136
G1 X175.497 Y197.987 E696.14784
G1 X175.496 Y198.476 E696.1641
G1 X175.521 Y198.831 E696.17594
G1 X175.585 Y199.31 E696.19201
G1 X175.657 Y199.664 E696.20403
G1 X175.783 Y200.125 E696.21992
G1 X175.907 Y200.485 E696.23259
G1 X176.103 Y200.938 E696.249
G1 X176.274 Y201.272 E696.26148
G1 X176.421 Y201.522 E696.27113
G1 X176.609 Y201.82 E696.28285
G1 X176.831 Y202.118 E696.29521
G1 X177.028 Y202.359 E696.30556
G1 X177.218 Y202.574 E696.3151
G1 X177.429 Y202.784 E696.32501
G1 X177.679 Y203.021 E696.33646
G1 X177.877 Y203.184 E696.34499
G1 X177.876 Y203.286 E696.34839
G1 X177.879 Y203.626 E696.3597
G0 F9000 X178.277 Y204.028
;TYPE:WALL-OUTER
G1 F1800 X172.144 Y203.991 E696.56368
G1 X171.136 Y203.989 E696.59721
G1 X171.137 Y145.963 E698.52716
G1 X171.408 Y145.963 E698.53618
G1 X178.276 Y146.001 E698.76461
G1 X178.279 Y146.261 E698.77326
G1 X178.276 Y146.552 E698.78294
G1 X178.278 Y146.728 E698.78879
G1 X178.089 Y146.88 E698.79686
G1 X177.848 Y147.089 E698.80747
G1 X177.623 Y147.311 E698.81798
G1 X177.407 Y147.531 E698.82824
G1 X177.196 Y147.786 E698.83924
G1 X177.004 Y148.04 E698.84983
G1 X176.846 Y148.271 E698.85914
G1 X176.69 Y148.528 E698.86914
G1 X176.519 Y148.837 E698.88089
G1 X176.365 Y149.176 E698.89327
G1 X176.257 Y149.439 E698.90273
G1 X176.166 Y149.715 E698.91239
G1 X176.045 Y150.15 E698.92741
G1 X175.98 Y150.477 E698.9385
G1 X175.919 Y150.932 E698.95377
G1 X175.897 Y151.26 E698.9647
G1 X175.896 Y151.721 E698.98004
G1 X175.919 Y152.049 E698.99097
G1 X175.98 Y152.503 E699.00621
G1 X176.046 Y152.832 E699.01737
G1 X176.165 Y153.266 E699.03234
G1 X176.28 Y153.598 E699.04402
G1 X176.465 Y154.027 E699.05956
G1 X176.625 Y154.339 E699.07122
G1 X176.763 Y154.573 E699.08026
G1 X176.939 Y154.854 E699.09129
G1 X177.146 Y155.131 E699.10279
G1 X177.333 Y155.36 E699.11262
G1 X177.509 Y155.558 E699.12143
G1 X177.708 Y155.756 E699.13077
G1 X177.944 Y155.98 E699.14159
G1 X178.152 Y156.153 E699.15059
G1 X178.277 Y156.26 E699.15606
G1 X178.279 Y156.697 E699.1706
G1 X178.277 Y156.986 E699.18021
G1 X178.278 Y158.409 E699.22754
G1 X178.088 Y158.565 E699.23572
G1 X177.848 Y158.774 E699.2463
G1 X177.623 Y158.996 E699.25681
G1 X177.407 Y159.217 E699.26709
G1 X177.196 Y159.472 E699.2781
G1 X177.004 Y159.725 E699.28866
G1 X176.846 Y159.957 E699.298
G1 X176.69 Y160.213 E699.30797
G1 X176.519 Y160.522 E699.31972
G1 X176.365 Y160.861 E699.3321
G1 X176.257 Y161.124 E699.34156
G1 X176.166 Y161.4 E699.35122
G1 X176.045 Y161.835 E699.36624
G1 X175.98 Y162.163 E699.37736
G1 X175.919 Y162.617 E699.3926
G1 X175.897 Y162.945 E699.40353
G1 X175.896 Y163.406 E699.41886
G1 X175.919 Y163.734 E699.4298
G1 X175.98 Y164.188 E699.44504
G1 X176.046 Y164.517 E699.4562
G1 X176.165 Y164.951 E699.47116
G1 X176.28 Y165.283 E699.48285
G1 X176.465 Y165.712 E699.49839
G1 X176.625 Y166.023 E699.51002
G1 X176.763 Y166.259 E699.51911
G1 X176.939 Y166.539 E699.53011
G1 X177.146 Y166.816 E699.54162
G1 X177.333 Y167.045 E699.55145
G1 X177.509 Y167.243 E699.56026
G1 X177.708 Y167.441 E699.5696
G1 X177.944 Y167.665 E699.58042
G1 X178.277 Y167.941 E699.5948
G1 X178.279 Y168.238 E699.60468
G1 X178.277 Y168.493 E699.61317
G1 X178.278 Y170.092 E699.66635
G1 X178.088 Y170.25 E699.67457
G1 X177.848 Y170.459 E699.68515
G1 X177.623 Y170.681 E699.69566
G1 X177.407 Y170.902 E699.70594
G1 X177.196 Y171.157 E699.71695
G1 X177.004 Y171.41 E699.72752
G1 X176.846 Y171.642 E699.73685
G1 X176.69 Y171.899 E699.74685
G1 X176.519 Y172.207 E699.75857
G1 X176.365 Y172.547 E699.77098
G1 X176.257 Y172.809 E699.78041
G1 X176.166 Y173.085 E699.79007
G1 X176.045 Y173.52 E699.80509
G1 X175.98 Y173.848 E699.81621
G1 X175.919 Y174.302 E699.83145
G1 X175.897 Y174.63 E699.84238
G1 X175.896 Y175.091 E699.85771
G1 X175.919 Y175.419 E699.86865
G1 X175.98 Y175.874 E699.88392
G1 X176.046 Y176.202 E699.89505
G1 X176.165 Y176.636 E699.91002
G1 X176.28 Y176.968 E699.9217
G1 X176.465 Y177.397 E699.93724
G1 X176.625 Y177.708 E699.94887
G1 X176.763 Y177.944 E699.95797
G1 X176.939 Y178.224 E699.96897
G1 X177.146 Y178.501 E699.98047
G1 X177.333 Y178.73 E699.9903
G1 X177.509 Y178.928 E699.99911
G1 X177.707 Y179.127 E700.00845
G1 X177.944 Y179.351 E700.01929
G1 X178.277 Y179.626 E700.03366
G1 X178.275 Y179.777 E700.03868
G1 X178.278 Y180.492 E700.06246
G1 X178.276 Y180.962 E700.07809
G1 X178.279 Y181.268 E700.08827
G1 X178.279 Y181.772 E700.10504
G1 X177.848 Y182.144 E700.12397
G1 X177.623 Y182.366 E700.13449
G1 X177.407 Y182.587 E700.14476
G1 X177.196 Y182.842 E700.15577
G1 X177.004 Y183.095 E700.16634
G1 X176.846 Y183.327 E700.17567
G1 X176.69 Y183.584 E700.18567
G1 X176.519 Y183.892 E700.19739
G1 X176.365 Y184.232 E700.2098
G1 X176.257 Y184.494 E700.21923
G1 X176.166 Y184.77 E700.22889
G1 X176.045 Y185.206 E700.24394
G1 X175.98 Y185.533 E700.25503
G1 X175.919 Y185.987 E700.27027
G1 X175.897 Y186.315 E700.2812
G1 X175.896 Y186.777 E700.29657
G1 X175.919 Y187.104 E700.30747
G1 X175.98 Y187.559 E700.32274
G1 X176.046 Y187.887 E700.33387
G1 X176.165 Y188.322 E700.34887
G1 X176.28 Y188.655 E700.36058
G1 X176.465 Y189.082 E700.37606
G1 X176.625 Y189.393 E700.38769
G1 X176.763 Y189.629 E700.39679
G1 X176.939 Y189.909 E700.40779
G1 X177.146 Y190.186 E700.41929
G1 X177.333 Y190.415 E700.42912
G1 X177.509 Y190.613 E700.43793
G1 X177.707 Y190.812 E700.44727
G1 X177.944 Y191.036 E700.45812
G1 X178.277 Y191.31 E700.47246
G1 X178.275 Y191.42 E700.47612
G1 X178.278 Y192.091 E700.49844
G1 X178.276 Y192.62 E700.51603
G1 X178.279 Y192.953 E700.52711
G1 X178.278 Y193.455 E700.5438
G1 X178.088 Y193.62 E700.55217
G1 X177.848 Y193.829 E700.56276
G1 X177.623 Y194.051 E700.57327
G1 X177.407 Y194.272 E700.58355
G1 X177.196 Y194.527 E700.59456
G1 X177.004 Y194.78 E700.60512
G1 X176.846 Y195.012 E700.61446
G1 X176.69 Y195.269 E700.62446
G1 X176.519 Y195.577 E700.63617
G1 X176.365 Y195.917 E700.64859
G1 X176.257 Y196.179 E700.65801
G1 X176.166 Y196.455 E700.66768
G1 X176.045 Y196.891 E700.68273
G1 X175.98 Y197.218 E700.69382
G1 X175.919 Y197.672 E700.70905
G1 X175.897 Y198.001 E700.72002
G1 X175.896 Y198.462 E700.73535
G1 X175.919 Y198.79 E700.74629
G1 X175.98 Y199.244 E700.76153
G1 X176.046 Y199.572 E700.77265
G1 X176.165 Y200.007 E700.78765
G1 X176.28 Y200.34 E700.79937
G1 X176.465 Y200.767 E700.81485
G1 X176.625 Y201.079 E700.82651
G1 X176.763 Y201.314 E700.83558
G1 X176.939 Y201.594 E700.84657
G1 X177.146 Y201.872 E700.8581
G1 X177.333 Y202.1 E700.86791
G1 X177.509 Y202.299 E700.87675
G1 X177.708 Y202.497 E700.88608
G1 X177.944 Y202.721 E700.89691
G1 X178.278 Y202.996 E700.9113
G1 X178.276 Y203.286 E700.92094
G1 X178.279 Y203.641 E700.93275
G1 X178.276 Y203.909 E700.94166
G1 X178.277 Y204.028 E700.94562
G0 F9000 X178.007 Y203.756
G0 X173.693 Y203.419
G0 X173.621 Y199.783
G0 X173.841 Y199.783
;TYPE:FILL
G1 F3600 X171.616 Y197.558 E701.05028
G0 F9000 X171.616 Y194.185
G1 F3600 X173.839 Y193.589 E701.12683
G0 F9000 X173.62 Y193.589
G0 X173.621 Y182.811
G0 X173.84 Y182.812
G1 F3600 X171.616 Y180.588 E701.23144
G0 F9000 X171.616 Y181.761
G1 F3600 X173.839 Y181.166 E701.30798
G0 F9000 X173.621 Y181.166
G0 X171.616 Y169.338
G1 F3600 X173.84 Y168.742 E701.38456
G0 F9000 X173.622 Y168.741
G0 X173.622 Y165.84
G0 X173.84 Y165.841
G1 F3600 X171.616 Y163.617 E701.48917
G0 F9000 X171.616 Y165.774
G1 F3600 X173.841 Y157.47 E701.7751
G0 F9000 X173.622 Y157.469
G0 X173.622 Y156.318
G0 X173.84 Y156.319
G1 F3600 X171.616 Y156.915 E701.85168
G0 F9000 X173.621 Y148.871
G0 X173.84 Y148.871
G1 F3600 X171.616 Y146.646 E701.95632
G0 F9000 X173.631 Y146.766
G0 X173.91 Y146.767
;TYPE:SKIN
G1 F1800 X177.033 Y146.784 E702.06019
G1 X176.82 Y147.002 E702.07033
G1 X176.576 Y147.296 E702.08303
G1 X176.363 Y147.578 E702.09479
G1 X176.182 Y147.843 E702.10546
G1 X176.007 Y148.131 E702.11667
G1 X175.812 Y148.482 E702.13003
G1 X175.639 Y148.863 E702.14394
G1 X175.516 Y149.165 E702.15479
G1 X175.41 Y149.486 E702.16603
G1 X175.276 Y149.967 E702.18264
G1 X175.2 Y150.347 E702.19553
G1 X175.133 Y150.853 E702.21251
G1 X175.107 Y151.232 E702.22514
G1 X175.106 Y151.749 E702.24234
G1 X175.133 Y152.129 E702.25501
G1 X175.201 Y152.633 E702.27192
G1 X175.277 Y153.014 E702.28484
G1 X175.41 Y153.499 E702.30157
G1 X175.543 Y153.884 E702.31512
G1 X175.75 Y154.364 E702.3325
G1 X175.932 Y154.72 E702.3458
G1 X176.088 Y154.984 E702.356
G1 X176.287 Y155.301 E702.36845
G1 X176.523 Y155.617 E702.38157
G1 X176.731 Y155.872 E702.39251
G1 X176.935 Y156.101 E702.40271
G1 X177.158 Y156.322 E702.41316
G1 X177.418 Y156.57 E702.42511
G1 X177.489 Y156.629 E702.42818
G1 X177.487 Y156.983 E702.43995
G1 X177.488 Y158.04 E702.47511
G1 X177.311 Y158.194 E702.48291
G1 X177.063 Y158.439 E702.49451
G1 X176.819 Y158.688 E702.5061
G1 X176.576 Y158.981 E702.51876
G1 X176.361 Y159.263 E702.53056
G1 X176.182 Y159.529 E702.54122
G1 X176.007 Y159.815 E702.55237
G1 X175.812 Y160.167 E702.56576
G1 X175.639 Y160.548 E702.57967
G1 X175.516 Y160.85 E702.59052
G1 X175.41 Y161.171 E702.60176
G1 X175.276 Y161.652 E702.61837
G1 X175.2 Y162.033 E702.63129
G1 X175.133 Y162.538 E702.64823
G1 X175.107 Y162.917 E702.66087
G1 X175.106 Y163.434 E702.67807
G1 X175.133 Y163.814 E702.69074
G1 X175.201 Y164.318 E702.70765
G1 X175.277 Y164.699 E702.72057
G1 X175.41 Y165.184 E702.7373
G1 X175.543 Y165.569 E702.75085
G1 X175.75 Y166.049 E702.76823
G1 X175.932 Y166.404 E702.7815
G1 X176.088 Y166.669 E702.79173
G1 X176.287 Y166.987 E702.80421
G1 X176.523 Y167.302 E702.8173
G1 X176.731 Y167.557 E702.82824
G1 X176.935 Y167.786 E702.83844
G1 X177.157 Y168.007 E702.84886
G1 X177.419 Y168.256 E702.86088
G1 X177.488 Y168.313 E702.86386
G1 X177.488 Y169.726 E702.91086
G1 X177.311 Y169.879 E702.91864
G1 X177.063 Y170.124 E702.93023
G1 X176.819 Y170.373 E702.94183
G1 X176.576 Y170.666 E702.95449
G1 X176.363 Y170.948 E702.96624
G1 X176.181 Y171.214 E702.97696
G1 X176.007 Y171.503 E702.98818
G1 X175.812 Y171.851 E703.00145
G1 X175.64 Y172.234 E703.01542
G1 X175.516 Y172.534 E703.02621
G1 X175.41 Y172.856 E703.03749
G1 X175.276 Y173.337 E703.05409
G1 X175.2 Y173.718 E703.06702
G1 X175.133 Y174.223 E703.08396
G1 X175.107 Y174.602 E703.0966
G1 X175.106 Y175.119 E703.11379
G1 X175.133 Y175.499 E703.12646
G1 X175.201 Y176.004 E703.14341
G1 X175.277 Y176.384 E703.1563
G1 X175.41 Y176.869 E703.17303
G1 X175.543 Y177.254 E703.18657
G1 X175.75 Y177.734 E703.20396
G1 X175.932 Y178.089 E703.21723
G1 X176.088 Y178.354 E703.22746
G1 X176.287 Y178.672 E703.23993
G1 X176.523 Y178.987 E703.25302
G1 X176.731 Y179.242 E703.26397
G1 X176.934 Y179.469 E703.2741
G1 X177.155 Y179.692 E703.28454
G1 X177.42 Y179.943 E703.29668
G1 X177.485 Y179.997 E703.29949
G1 X177.488 Y180.488 E703.31582
G1 X177.486 Y180.965 E703.33169
G1 X177.489 Y181.411 E703.34652
G1 X177.312 Y181.563 E703.35428
G1 X177.062 Y181.809 E703.36595
G1 X176.819 Y182.058 E703.37752
G1 X176.576 Y182.351 E703.39018
G1 X176.363 Y182.633 E703.40193
G1 X176.181 Y182.899 E703.41265
G1 X176.007 Y183.188 E703.42387
G1 X175.812 Y183.536 E703.43714
G1 X175.64 Y183.919 E703.4511
G1 X175.516 Y184.219 E703.4619
G1 X175.41 Y184.541 E703.47318
G1 X175.276 Y185.023 E703.48982
G1 X175.2 Y185.403 E703.50271
G1 X175.133 Y185.908 E703.51965
G1 X175.107 Y186.287 E703.53228
G1 X175.106 Y186.805 E703.54951
G1 X175.133 Y187.184 E703.56215
G1 X175.201 Y187.689 E703.5791
G1 X175.277 Y188.069 E703.59199
G1 X175.41 Y188.555 E703.60875
G1 X175.543 Y188.941 E703.62233
G1 X175.75 Y189.419 E703.63965
G1 X175.932 Y189.774 E703.65292
G1 X176.088 Y190.039 E703.66315
G1 X176.287 Y190.357 E703.67562
G1 X176.523 Y190.672 E703.68872
G1 X176.731 Y190.927 E703.69966
G1 X176.934 Y191.154 E703.70979
G1 X177.155 Y191.377 E703.72023
G1 X177.42 Y191.628 E703.73237
G1 X177.486 Y191.682 E703.73521
G1 X177.488 Y192.087 E703.74868
G1 X177.486 Y192.623 E703.76651
G1 X177.489 Y192.95 E703.77738
G1 X177.488 Y193.095 E703.7822
G1 X177.311 Y193.248 E703.78999
G1 X177.062 Y193.494 E703.80163
G1 X176.819 Y193.743 E703.8132
G1 X176.576 Y194.036 E703.82586
G1 X176.363 Y194.318 E703.83762
G1 X176.181 Y194.584 E703.84833
G1 X176.007 Y194.873 E703.85955
G1 X175.812 Y195.221 E703.87282
G1 X175.64 Y195.604 E703.88679
G1 X175.516 Y195.904 E703.89758
G1 X175.41 Y196.226 E703.90886
G1 X175.276 Y196.708 E703.9255
G1 X175.2 Y197.088 E703.93839
G1 X175.133 Y197.593 E703.95533
G1 X175.107 Y197.973 E703.968
G1 X175.106 Y198.49 E703.98519
G1 X175.133 Y198.87 E703.99787
G1 X175.201 Y199.374 E704.01478
G1 X175.277 Y199.754 E704.02767
G1 X175.41 Y200.24 E704.04443
G1 X175.543 Y200.626 E704.05801
G1 X175.75 Y201.104 E704.07533
G1 X175.932 Y201.459 E704.0886
G1 X176.088 Y201.725 E704.09886
G1 X176.287 Y202.041 E704.11128
G1 X176.523 Y202.358 E704.12442
G1 X176.731 Y202.612 E704.13534
G1 X176.934 Y202.842 E704.14555
G1 X177.158 Y203.063 E704.15601
G1 X177.335 Y203.233 E704.16417
G1 X173.911 Y203.212 E704.27806
G1 X173.912 Y202.573 E704.29931
G1 X173.91 Y202.315 E704.30789
G1 X173.911 Y200.94 E704.35363
G1 X173.91 Y200.234 E704.37711
G1 X173.912 Y199.923 E704.38745
G1 X173.91 Y199.5 E704.40152
G1 X173.912 Y196.378 E704.50536
G1 X173.91 Y196.055 E704.5161
G1 X173.911 Y193.736 E704.59323
G1 X173.912 Y147.762 E706.12233
G1 X173.91 Y147.472 E706.13198
G1 X173.912 Y147.14 E706.14302
G1 X173.91 Y146.767 E706.15543
G0 F9000 X174.379 Y146.929
G1 F1800 X174.071 Y147.238 E706.16994
G0 F9000 X174.071 Y147.803
G1 F1800 X174.942 Y146.932 E706.21091
G0 F9000 X175.505 Y146.935
G1 F1800 X174.071 Y148.369 E706.27836
G0 F9000 X174.071 Y148.935
G1 F1800 X176.068 Y146.938 E706.37229
G0 F9000 X176.61 Y146.961
G1 F1800 X174.071 Y149.5 E706.49172
G0 F9000 X174.071 Y150.066
G1 F1800 X175.617 Y148.52 E706.56444
G0 F9000 X175.254 Y149.449
G1 F1800 X174.071 Y150.632 E706.62008
G0 F9000 X174.071 Y151.197
G1 F1800 X175.064 Y150.205 E706.66677
G0 F9000 X174.97 Y150.864
G1 F1800 X174.071 Y151.763 E706.70905
G0 F9000 X174.071 Y152.329
G1 F1800 X174.945 Y151.455 E706.75016
G0 F9000 X174.962 Y152.003
G1 F1800 X174.071 Y152.894 E706.79207
G0 F9000 X174.071 Y153.46
G1 F1800 X175.022 Y152.509 E706.83681
G0 F9000 X175.107 Y152.99
G1 F1800 X174.071 Y154.026 E706.88554
G0 F9000 X174.071 Y154.591
G1 F1800 X175.226 Y153.437 E706.93984
G0 F9000 X175.365 Y153.863
G1 F1800 X174.071 Y155.157 E707.00071
G0 F9000 X174.071 Y155.723
G1 F1800 X175.531 Y154.263 E707.06938
G0 F9000 X175.713 Y154.646
G1 F1800 X174.071 Y156.288 E707.14661
G0 F9000 X174.071 Y156.854
G1 F1800 X175.916 Y155.009 E707.2334
G0 F9000 X176.133 Y155.358
G1 F1800 X174.071 Y157.42 E707.33039
G0 F9000 X174.071 Y157.986
G1 F1800 X176.372 Y155.685 E707.43862
G0 F9000 X176.626 Y155.996
G1 F1800 X174.071 Y158.551 E707.5588
G0 F9000 X174.071 Y159.117
G1 F1800 X176.898 Y156.29 E707.69177
G0 F9000 X177.185 Y156.568
G1 F1800 X174.071 Y159.683 E707.83827
G0 F9000 X174.071 Y160.248
G1 F1800 X177.326 Y156.993 E707.99137
G0 F9000 X177.326 Y157.558
G1 F1800 X174.071 Y160.814 E708.1445
G0 F9000 X174.071 Y161.38
G1 F1800 X176.123 Y159.328 E708.24102
G0 F9000 X176.487 Y159.577
G0 X175.87 Y160.721
G0 X175.462 Y160.554
G1 F1800 X174.071 Y161.945 E708.30645
G0 F9000 X174.071 Y162.511
G1 F1800 X175.178 Y161.404 E708.35852
G0 F9000 X175.026 Y162.121
G1 F1800 X174.071 Y163.077 E708.40346
G0 F9000 X174.071 Y163.642
G1 F1800 X174.957 Y162.756 E708.44514
G0 F9000 X174.945 Y163.334
G1 F1800 X174.071 Y164.208 E708.48625
G0 F9000 X174.071 Y164.774
G1 F1800 X174.977 Y163.867 E708.52889
G0 F9000 X175.046 Y164.364
G1 F1800 X174.071 Y165.339 E708.57475
G0 F9000 X174.071 Y165.905
G1 F1800 X175.146 Y164.83 E708.62531
G0 F9000 X175.27 Y165.272
G1 F1800 X174.071 Y166.471 E708.68171
G0 F9000 X174.071 Y167.037
G1 F1800 X175.419 Y165.688 E708.74514
G0 F9000 X175.59 Y166.083
G1 F1800 X174.071 Y167.602 E708.81659
G0 F9000 X174.071 Y168.168
G1 F1800 X175.78 Y166.459 E708.89698
G0 F9000 X175.989 Y166.815
G1 F1800 X174.071 Y168.734 E708.98722
G0 F9000 X174.071 Y169.299
G1 F1800 X176.213 Y167.157 E709.08797
G0 F9000 X176.458 Y167.478
G1 F1800 X174.071 Y169.865 E709.20025
G0 F9000 X174.071 Y170.431
G1 F1800 X176.718 Y167.784 E709.32475
G0 F9000 X176.995 Y168.072
G1 F1800 X174.071 Y170.996 E709.46229
G0 F9000 X174.071 Y171.562
G1 F1800 X177.284 Y168.349 E709.61342
G0 F9000 X177.327 Y168.871
G1 F1800 X174.071 Y172.128 E709.7666
G0 F9000 X174.071 Y172.693
G1 F1800 X177.327 Y169.437 E709.91975
G0 F9000 X177.768 Y169.437
G0 X177.717 Y169.75
G0 X176.2 Y171.728
G0 X175.816 Y171.514
G1 F1800 X174.071 Y173.259 E710.00183
G0 F9000 X174.071 Y173.825
G1 F1800 X175.337 Y172.559 E710.06138
G0 F9000 X175.107 Y173.355
G1 F1800 X174.071 Y174.39 E710.11008
G0 F9000 X174.071 Y174.956
G1 F1800 X174.996 Y174.031 E710.15359
G0 F9000 X174.945 Y174.647
G1 F1800 X174.071 Y175.522 E710.19473
G0 F9000 X174.071 Y176.087
G1 F1800 X174.951 Y175.207 E710.23612
G0 F9000 X175.001 Y175.723
G1 F1800 X174.071 Y176.653 E710.27986
G0 F9000 X174.071 Y177.219
G1 F1800 X175.078 Y176.211 E710.32725
G0 F9000 X175.189 Y176.667
G1 F1800 X174.071 Y177.785 E710.37984
G0 F9000 X174.071 Y178.35
G1 F1800 X175.32 Y177.101 E710.43859
G0 F9000 X175.478 Y177.509
G1 F1800 X174.071 Y178.916 E710.50477
G0 F9000 X174.071 Y179.482
G1 F1800 X175.655 Y177.898 E710.57928
G0 F9000 X175.851 Y178.267
G1 F1800 X174.071 Y180.047 E710.663
G0 F9000 X174.071 Y180.613
G1 F1800 X176.065 Y178.619 E710.75679
G0 F9000 X176.297 Y178.953
G1 F1800 X174.071 Y181.179 E710.8615
G0 F9000 X174.071 Y181.744
G1 F1800 X176.546 Y179.269 E710.97791
G0 F9000 X176.81 Y179.571
G1 F1800 X174.071 Y182.31 E711.10675
G0 F9000 X174.071 Y182.876
G1 F1800 X177.094 Y179.853 E711.24894
G0 F9000 X177.326 Y180.187
G1 F1800 X174.071 Y183.441 E711.40202
G0 F9000 X174.071 Y184.007
G1 F1800 X177.326 Y180.752 E711.55513
G0 F9000 X177.327 Y181.317
G1 F1800 X176.947 Y181.696 E711.57298
G1 X174.071 Y184.573 E711.70828
G0 F9000 X174.071 Y185.138
G1 F1800 X175.603 Y183.606 E711.78034
G0 F9000 X175.248 Y184.527
G1 F1800 X174.071 Y185.704 E711.8357
G0 F9000 X174.071 Y186.27
G1 F1800 X175.061 Y185.279 E711.88229
G0 F9000 X174.97 Y185.936
G1 F1800 X174.071 Y186.835 E711.92458
G0 F9000 X174.071 Y187.401
G1 F1800 X174.946 Y186.526 E711.96574
G0 F9000 X174.964 Y187.074
G1 F1800 X174.071 Y187.967 E712.00774
G0 F9000 X174.071 Y188.533
G1 F1800 X175.024 Y187.579 E712.05259
G0 F9000 X175.11 Y188.059
G1 F1800 X174.071 Y189.098 E712.10146
G0 F9000 X174.071 Y189.664
G1 F1800 X175.23 Y188.505 E712.15598
G0 F9000 X175.37 Y188.931
G1 F1800 X174.071 Y190.23 E712.21708
G0 F9000 X174.071 Y190.795
G1 F1800 X175.537 Y189.329 E712.28603
G0 F9000 X175.72 Y189.711
G1 F1800 X174.071 Y191.361 E712.36362
G0 F9000 X174.071 Y191.927
G1 F1800 X175.923 Y190.075 E712.45073
G0 F9000 X176.14 Y190.423
G1 F1800 X174.071 Y192.492 E712.54805
G0 F9000 X174.071 Y193.058
G1 F1800 X176.38 Y190.749 E712.65666
G0 F9000 X176.635 Y191.06
G1 F1800 X174.071 Y193.624 E712.77726
G0 F9000 X174.07 Y194.19
G1 F1800 X176.906 Y191.354 E712.91066
G0 F9000 X177.193 Y191.633
G1 F1800 X174.07 Y194.756 E713.05756
G0 F9000 X174.07 Y195.321
G1 F1800 X177.327 Y192.065 E713.21073
G0 F9000 X177.326 Y192.632
G1 F1800 X174.07 Y195.887 E713.36386
G0 F9000 X174.071 Y196.452
G1 F1800 X176.087 Y194.435 E713.45871
G0 F9000 X176.45 Y194.684
G0 X175.858 Y195.806
G0 X175.451 Y195.638
G1 F1800 X174.071 Y197.018 E713.52362
G0 F9000 X174.071 Y197.584
G1 F1800 X175.172 Y196.482 E713.57543
G0 F9000 X175.024 Y197.196
G1 F1800 X174.07 Y198.15 E713.62031
G0 F9000 X174.07 Y198.716
G1 F1800 X174.955 Y197.83 E713.66196
G0 F9000 X174.945 Y198.406
G1 F1800 X174.07 Y199.281 E713.70312
G0 F9000 X174.072 Y199.846
G1 F1800 X174.981 Y198.936 E713.7459
G0 F9000 X175.049 Y199.433
G1 F1800 X174.07 Y200.413 E713.79197
G0 F9000 X174.07 Y200.978
G1 F1800 X175.151 Y199.898 E713.84279
G0 F9000 X175.275 Y200.339
G1 F1800 X174.07 Y201.544 E713.89947
G0 F9000 X174.07 Y202.11
G1 F1800 X175.424 Y200.756 E713.96316
G0 F9000 X175.595 Y201.15
G1 F1800 X174.072 Y202.674 E714.03482
G0 F9000 X174.258 Y203.053
G1 F1800 X175.786 Y201.525 E714.10669
G0 F9000 X175.996 Y201.881
G1 F1800 X174.82 Y203.057 E714.16201
G0 F9000 X175.382 Y203.06
G1 F1800 X176.222 Y202.221 E714.2015
G0 F9000 X176.466 Y202.542
G1 F1800 X175.945 Y203.064 E714.22603
G0 F9000 X176.507 Y203.067
G1 F1800 X176.726 Y202.848 E714.23633
G0 F9000 X177.056 Y202.557
G0 X177.706 Y203.286
G0 X177.525 Y203.514
G0 X177.525 Y203.463
;TYPE:SKIN
G1 F1800 X177.716 Y203.272 E714.24082
G1 F1440 E712.74082
G0 F9000 X177.756 Y203.24
G0 X176.415 Y201.194
G0 X175.936 Y200.077
G0 X175.681 Y198.814
G0 X175.681 Y197.648
G0 X175.937 Y196.386
G0 X176.483 Y195.149
G0 X177.229 Y194.112
G0 X177.677 Y193.673
G0 X177.701 Y191.58
G0 X176.248 Y189.185
G0 X175.813 Y187.942
G0 X175.657 Y186.785
G0 X175.744 Y185.494
G0 X176.032 Y184.411
G0 X176.483 Y183.464
G0 X177.705 Y181.509
G0 X177.701 Y179.895
G0 X176.248 Y177.499
G0 X175.813 Y176.257
G0 X175.657 Y175.099
G0 X175.744 Y173.809
G0 X176.032 Y172.726
G0 X176.483 Y171.779
G0 X177.704 Y169.824
G0 X177.704 Y168.213
G0 X176.248 Y165.814
G0 X175.813 Y164.572
G0 X175.657 Y163.414
G0 X175.744 Y162.124
G0 X176.032 Y161.042
G0 X176.483 Y160.092
G0 X177.704 Y158.139
G0 X177.704 Y156.528
G0 X176.248 Y154.129
G0 X175.813 Y152.887
G0 X175.657 Y151.729
G0 X175.744 Y150.438
G0 X176.032 Y149.357
G0 X176.159 Y149.089
G0 X177.298 Y146.914
G0 X177.261 Y146.875
G1 F1440 E714.24082
G1 F1800 X177.541 Y146.596 E714.24739
G0 F9000 X177.299 Y146.555
G1 F1800 X177.178 Y146.676 E714.25024
G0 F9000 X177.179 Y146.506
G0 X173.703 Y146.558
G0 X173.759 Y146.701
G1 F1800 X173.679 Y146.781 E714.25212
G0 F9000 X173.331 Y146.78
G1 F1440 E712.75212
;MESH:NONMESH
G0 F300 X173.331 Y146.78 Z8.2
G0 F9000 X173.703 Y146.558
G0 X177.51 Y146.594
G0 X175.417 Y150.382
G0 X176.125 Y154.614
G0 X177.704 Y156.528
G0 X177.704 Y158.139
G0 X175.49 Y161.702
G0 X175.949 Y165.956
G0 X177.704 Y168.213
G0 X177.704 Y169.824
G0 X175.49 Y173.387
G0 X175.949 Y177.641
G0 X177.701 Y179.895
G0 X177.705 Y181.509
G0 X175.68 Y184.342
G0 X175.681 Y187.128
G0 X176.125 Y189.668
G0 X177.701 Y191.58
G0 X177.704 Y193.192
G0 X176.305 Y195.47
G0 X175.937 Y196.386
G0 X175.681 Y197.648
G0 X175.681 Y198.814
G0 X175.936 Y200.077
G0 X177.094 Y202.691
G0 X177.706 Y203.286
G0 X176.887 Y203.62
;TIME_ELAPSED:1317.531871
;LAYER:40
;TYPE:WALL-INNER
;MESH:Vertical_Tension_Member.stl
G1 F1440 E714.25212
G1 F1800 X176.688 Y203.619 E714.25874
G1 X171.846 Y203.59 E714.41979
G1 X171.847 Y146.565 E716.31645
G1 X171.847 Y146.365 E716.3231
G1 X172.047 Y146.366 E716.3274
G1 X176.89 Y146.393 E716.48848
G1 X176.887 Y146.765 E716.50085
G1 X176.888 Y147.6 E716.52862
G1 X176.811 Y147.699 E716.5328
G1 X176.63 Y147.941 E716.54285
G1 X176.459 Y148.214 E716.55356
G1 X176.29 Y148.508 E716.56484
G1 X176.152 Y148.779 E716.57495
G1 X176.01 Y149.11 E716.58693
G1 X175.88 Y149.437 E716.59864
G1 X175.775 Y149.788 E716.61082
G1 X175.693 Y150.105 E716.62171
G1 X175.633 Y150.398 E716.63166
G1 X175.591 Y150.707 E716.64203
G1 X175.547 Y151.081 E716.65456
G1 X175.54 Y151.463 E716.66727
G1 X175.544 Y151.772 E716.67754
G1 X175.566 Y152.081 E716.68785
G1 X175.606 Y152.391 E716.69824
G1 X175.665 Y152.762 E716.71074
G1 X175.756 Y153.124 E716.72315
G1 X175.84 Y153.409 E716.73304
G1 X175.942 Y153.71 E716.74361
G1 X176.087 Y154.049 E716.75587
G1 X176.202 Y154.306 E716.76523
G1 X176.362 Y154.601 E716.7764
G1 X176.576 Y154.952 E716.79007
G1 X176.779 Y155.246 E716.80195
G1 X176.889 Y155.383 E716.8078
G1 X176.886 Y158.832 E716.92251
G1 X176.888 Y159.285 E716.93758
G1 X176.811 Y159.384 E716.94175
G1 X176.63 Y159.626 E716.9518
G1 X176.459 Y159.899 E716.96251
G1 X176.29 Y160.193 E716.97379
G1 X176.152 Y160.464 E716.98391
G1 X176.01 Y160.795 E716.99589
G1 X175.88 Y161.122 E717.00759
G1 X175.775 Y161.474 E717.01981
G1 X175.693 Y161.79 E717.03067
G1 X175.633 Y162.084 E717.04065
G1 X175.591 Y162.393 E717.05102
G1 X175.547 Y162.765 E717.06348
G1 X175.54 Y163.149 E717.07625
G1 X175.544 Y163.457 E717.0865
G1 X175.566 Y163.766 E717.0968
G1 X175.603 Y164.048 E717.10626
G1 X175.647 Y164.336 E717.11595
G1 X175.723 Y164.679 E717.12763
G1 X175.804 Y164.972 E717.13775
G1 X175.909 Y165.306 E717.14939
G1 X176.026 Y165.599 E717.15988
G1 X176.154 Y165.888 E717.1704
G1 X176.288 Y166.154 E717.1803
G1 X176.43 Y166.399 E717.18972
G1 X176.577 Y166.638 E717.19905
G1 X176.779 Y166.931 E717.21089
G1 X176.89 Y167.069 E717.21678
G1 X176.888 Y170.969 E717.3465
G1 X176.751 Y171.146 E717.35394
G1 X176.573 Y171.399 E717.36423
G1 X176.291 Y171.877 E717.38269
G1 X176.152 Y172.15 E717.39288
G1 X176.01 Y172.48 E717.40483
G1 X175.88 Y172.807 E717.41653
G1 X175.775 Y173.159 E717.42875
G1 X175.693 Y173.475 E717.43961
G1 X175.633 Y173.769 E717.44959
G1 X175.591 Y174.078 E717.45996
G1 X175.547 Y174.452 E717.47248
G1 X175.54 Y174.834 E717.48519
G1 X175.544 Y175.142 E717.49543
G1 X175.566 Y175.451 E717.50574
G1 X175.606 Y175.762 E717.51617
G1 X175.665 Y176.133 E717.52866
G1 X175.756 Y176.496 E717.54111
G1 X175.84 Y176.779 E717.55093
G1 X175.942 Y177.082 E717.56156
G1 X176.177 Y177.623 E717.58118
G1 X176.32 Y177.898 E717.59149
G1 X176.501 Y178.201 E717.60323
G1 X176.67 Y178.468 E717.61374
G1 X176.854 Y178.715 E717.62398
G1 X176.89 Y178.759 E717.62587
G1 X176.89 Y179.204 E717.64067
G1 X176.887 Y179.42 E717.64786
G1 X176.886 Y180.204 E717.67393
G1 X176.89 Y180.562 E717.68584
G1 X176.887 Y180.982 E717.69981
G1 X176.887 Y182.655 E717.75546
G1 X176.751 Y182.833 E717.76291
G1 X176.574 Y183.083 E717.77309
G1 X176.291 Y183.562 E717.7916
G1 X176.152 Y183.835 E717.80179
G1 X176.01 Y184.165 E717.81374
G1 X175.88 Y184.492 E717.82544
G1 X175.775 Y184.844 E717.83766
G1 X175.693 Y185.16 E717.84852
G1 X175.633 Y185.454 E717.8585
G1 X175.591 Y185.763 E717.86887
G1 X175.547 Y186.137 E717.88139
G1 X175.54 Y186.519 E717.8941
G1 X175.544 Y186.827 E717.90435
G1 X175.566 Y187.136 E717.91465
G1 X175.606 Y187.447 E717.92508
G1 X175.665 Y187.818 E717.93757
G1 X175.756 Y188.18 E717.94999
G1 X175.84 Y188.465 E717.95987
G1 X175.942 Y188.766 E717.97044
G1 X176.067 Y189.06 E717.98107
G1 X176.178 Y189.309 E717.99013
G1 X176.319 Y189.583 E718.00038
G1 X176.501 Y189.886 E718.01214
G1 X176.67 Y190.153 E718.02265
G1 X176.855 Y190.4 E718.03291
G1 X176.889 Y190.442 E718.03471
G1 X176.886 Y191.247 E718.06148
G1 X176.889 Y191.516 E718.07043
G1 X176.886 Y191.804 E718.08001
G1 X176.888 Y191.872 E718.08227
G1 X176.887 Y194.34 E718.16436
G1 X176.751 Y194.518 E718.17181
G1 X176.574 Y194.768 E718.182
G1 X176.291 Y195.247 E718.2005
G1 X176.152 Y195.52 E718.21069
G1 X176.01 Y195.85 E718.22264
G1 X175.88 Y196.177 E718.23435
G1 X175.775 Y196.529 E718.24656
G1 X175.693 Y196.845 E718.25742
G1 X175.633 Y197.139 E718.2674
G1 X175.591 Y197.448 E718.27777
G1 X175.547 Y197.822 E718.2903
G1 X175.54 Y198.204 E718.30301
G1 X175.544 Y198.513 E718.31328
G1 X175.566 Y198.822 E718.32359
G1 X175.606 Y199.132 E718.33398
G1 X175.665 Y199.503 E718.34648
G1 X175.756 Y199.865 E718.35889
G1 X175.84 Y200.15 E718.36877
G1 X175.942 Y200.451 E718.37935
G1 X176.067 Y200.745 E718.38997
G1 X176.178 Y200.994 E718.39904
G1 X176.319 Y201.268 E718.40929
G1 X176.501 Y201.571 E718.42104
G1 X176.67 Y201.837 E718.43153
G1 X176.854 Y202.086 E718.44182
G1 X176.886 Y202.215 E718.44624
G1 X176.889 Y202.466 E718.45459
G1 X176.887 Y202.782 E718.4651
G1 X176.889 Y203.042 E718.47375
G1 X176.887 Y203.421 E718.48636
G1 X176.887 Y203.62 E718.49063
G0 F9000 X177.288 Y204.022
;TYPE:WALL-OUTER
G1 F1800 X171.941 Y203.99 E718.66848
G1 X171.446 Y203.989 E718.68494
G1 X171.447 Y145.963 E720.61489
G1 X177.288 Y145.995 E720.80917
G1 X177.29 Y146.484 E720.82543
G1 X177.287 Y146.767 E720.83484
G1 X177.288 Y147.736 E720.86707
G1 X177.129 Y147.941 E720.8757
G1 X176.96 Y148.167 E720.88509
G1 X176.802 Y148.42 E720.89501
G1 X176.642 Y148.699 E720.90571
G1 X176.514 Y148.949 E720.91505
G1 X176.38 Y149.263 E720.9264
G1 X176.258 Y149.569 E720.93736
G1 X176.16 Y149.895 E720.94868
G1 X176.083 Y150.195 E720.95898
G1 X176.028 Y150.465 E720.96815
G1 X175.988 Y150.757 E720.97795
G1 X175.947 Y151.108 E720.9897
G1 X175.94 Y151.464 E721.00155
G1 X175.944 Y151.755 E721.01123
G1 X175.964 Y152.041 E721.02076
G1 X176.002 Y152.334 E721.03059
G1 X176.057 Y152.682 E721.04231
G1 X176.142 Y153.019 E721.05387
G1 X176.221 Y153.288 E721.06319
G1 X176.316 Y153.567 E721.07299
G1 X176.453 Y153.888 E721.0846
G1 X176.561 Y154.128 E721.09336
G1 X176.709 Y154.401 E721.10369
G1 X176.912 Y154.734 E721.11666
G1 X177.1 Y155.007 E721.12768
G1 X177.289 Y155.243 E721.13774
G1 X177.286 Y158.831 E721.25707
G1 X177.288 Y159.421 E721.2767
G1 X177.129 Y159.626 E721.28533
G1 X176.96 Y159.852 E721.29471
G1 X176.802 Y160.105 E721.30463
G1 X176.642 Y160.384 E721.31533
G1 X176.514 Y160.634 E721.32467
G1 X176.38 Y160.948 E721.33603
G1 X176.258 Y161.254 E721.34698
G1 X176.16 Y161.581 E721.35834
G1 X176.083 Y161.88 E721.36861
G1 X176.028 Y162.151 E721.37781
G1 X175.988 Y162.443 E721.38761
G1 X175.947 Y162.792 E721.3993
G1 X175.94 Y163.15 E721.4112
G1 X175.944 Y163.44 E721.42085
G1 X175.964 Y163.726 E721.43039
G1 X175.999 Y163.992 E721.43931
G1 X176.04 Y164.263 E721.44843
G1 X176.111 Y164.582 E721.4593
G1 X176.188 Y164.859 E721.46886
G1 X176.286 Y165.172 E721.47977
G1 X176.395 Y165.444 E721.48951
G1 X176.516 Y165.717 E721.49945
G1 X176.64 Y165.964 E721.50864
G1 X176.773 Y166.194 E721.51747
G1 X176.912 Y166.419 E721.52627
G1 X177.1 Y166.692 E721.5373
G1 X177.29 Y166.929 E721.5474
G1 X177.288 Y171.106 E721.68633
G1 X177.073 Y171.384 E721.69801
G1 X176.909 Y171.617 E721.70749
G1 X176.773 Y171.844 E721.71629
G1 X176.642 Y172.069 E721.72495
G1 X176.514 Y172.32 E721.73432
G1 X176.38 Y172.633 E721.74565
G1 X176.258 Y172.939 E721.7566
G1 X176.16 Y173.266 E721.76796
G1 X176.083 Y173.565 E721.77823
G1 X176.028 Y173.836 E721.78743
G1 X175.988 Y174.128 E721.79723
G1 X175.947 Y174.479 E721.80898
G1 X175.94 Y174.835 E721.82082
G1 X175.944 Y175.125 E721.83047
G1 X175.964 Y175.411 E721.84001
G1 X176.002 Y175.705 E721.84987
G1 X176.057 Y176.053 E721.86158
G1 X176.142 Y176.39 E721.87314
G1 X176.221 Y176.658 E721.88244
G1 X176.316 Y176.938 E721.89227
G1 X176.538 Y177.451 E721.91086
G1 X176.669 Y177.703 E721.92031
G1 X176.842 Y177.991 E721.93148
G1 X177 Y178.241 E721.94132
G1 X177.17 Y178.469 E721.95078
G1 X177.29 Y178.617 E721.95712
G1 X177.29 Y179.21 E721.97684
G1 X177.287 Y179.423 E721.98392
G1 X177.286 Y180.202 E722.00983
G1 X177.29 Y180.565 E722.02191
G1 X177.287 Y180.983 E722.03581
G1 X177.287 Y182.79 E722.09591
G1 X177.073 Y183.07 E722.10763
G1 X176.909 Y183.302 E722.11708
G1 X176.773 Y183.529 E722.12589
G1 X176.642 Y183.754 E722.13454
G1 X176.514 Y184.005 E722.14392
G1 X176.38 Y184.318 E722.15524
G1 X176.258 Y184.624 E722.1662
G1 X176.16 Y184.951 E722.17755
G1 X176.083 Y185.25 E722.18782
G1 X176.028 Y185.521 E722.19702
G1 X175.988 Y185.813 E722.20682
G1 X175.947 Y186.164 E722.21857
G1 X175.94 Y186.52 E722.23042
G1 X175.944 Y186.81 E722.24006
G1 X175.964 Y187.096 E722.2496
G1 X176.002 Y187.39 E722.25946
G1 X176.057 Y187.738 E722.27118
G1 X176.142 Y188.075 E722.28274
G1 X176.221 Y188.344 E722.29206
G1 X176.316 Y188.623 E722.30186
G1 X176.434 Y188.9 E722.31188
G1 X176.539 Y189.136 E722.32047
G1 X176.669 Y189.388 E722.3299
G1 X176.842 Y189.676 E722.34107
G1 X177 Y189.926 E722.35091
G1 X177.17 Y190.154 E722.36037
G1 X177.29 Y190.301 E722.36668
G1 X177.286 Y191.246 E722.39811
G1 X177.289 Y191.52 E722.40723
G1 X177.286 Y191.801 E722.41657
G1 X177.288 Y191.872 E722.41894
G1 X177.287 Y194.475 E722.50551
G1 X177.073 Y194.755 E722.51723
G1 X176.909 Y194.987 E722.52668
G1 X176.773 Y195.214 E722.53548
G1 X176.642 Y195.439 E722.54414
G1 X176.514 Y195.69 E722.55352
G1 X176.38 Y196.003 E722.56484
G1 X176.258 Y196.309 E722.5758
G1 X176.16 Y196.636 E722.58715
G1 X176.083 Y196.935 E722.59742
G1 X176.028 Y197.206 E722.60662
G1 X175.988 Y197.498 E722.61642
G1 X175.947 Y197.849 E722.62817
G1 X175.94 Y198.205 E722.64002
G1 X175.944 Y198.496 E722.6497
G1 X175.964 Y198.782 E722.65923
G1 X176.002 Y199.075 E722.66906
G1 X176.057 Y199.423 E722.68078
G1 X176.142 Y199.76 E722.69234
G1 X176.221 Y200.029 E722.70166
G1 X176.316 Y200.308 E722.71146
G1 X176.434 Y200.585 E722.72148
G1 X176.539 Y200.821 E722.73007
G1 X176.669 Y201.073 E722.7395
G1 X176.842 Y201.361 E722.75067
G1 X177 Y201.611 E722.76051
G1 X177.17 Y201.84 E722.77
G1 X177.289 Y201.986 E722.77626
G1 X177.286 Y202.215 E722.78388
G1 X177.289 Y202.469 E722.79233
G1 X177.287 Y202.782 E722.80274
G1 X177.289 Y203.044 E722.81145
G1 X177.287 Y203.419 E722.82392
G1 X177.288 Y204.022 E722.84398
G0 F9000 X177.018 Y203.751
G0 X173.841 Y203.491
G0 X173.842 Y203.281
;TYPE:FILL
G1 F3600 X173.778 Y203.52 E722.85221
G0 F9000 X172.704 Y203.413
G0 X172.632 Y198.593
G0 X172.852 Y198.593
G1 F3600 X171.925 Y197.667 E722.89579
G0 F9000 X171.925 Y194.249
G1 F3600 X172.85 Y194.001 E722.92764
G0 F9000 X172.632 Y194.001
G0 X171.926 Y181.825
G1 F3600 X172.851 Y181.577 E722.95949
G0 F9000 X172.852 Y181.623
G1 F3600 X171.925 Y180.696 E723.0031
G0 F9000 X171.925 Y169.402
G1 F3600 X172.851 Y169.154 E723.03498
G0 F9000 X172.633 Y169.153
G0 X172.633 Y164.651
G0 X172.852 Y164.652
G1 F3600 X171.925 Y163.726 E723.07856
G0 F9000 X171.926 Y164.067
G1 F3600 X172.852 Y160.612 E723.19753
G0 F9000 X172.633 Y160.611
G0 X171.926 Y156.979
G1 F3600 X172.851 Y156.731 E723.22938
G0 F9000 X172.633 Y156.73
G0 X172.632 Y147.682
G0 X172.852 Y147.682
G1 F3600 X171.925 Y146.755 E723.27299
G0 F9000 X172.703 Y146.552
G0 X176.706 Y146.574
G0 X176.576 Y146.711
G1 F3600 X176.641 Y146.471 E723.28126
G0 F9000 X176.497 Y146.781
;TYPE:SKIN
G1 F1800 X176.498 Y147.467 E723.30407
G1 X176.308 Y147.72 E723.3146
G1 X176.124 Y148.013 E723.3261
G1 X175.947 Y148.323 E723.33798
G1 X175.799 Y148.613 E723.34881
G1 X175.649 Y148.961 E723.36141
G1 X175.511 Y149.308 E723.37383
G1 X175.399 Y149.683 E723.38685
G1 X175.313 Y150.017 E723.39832
G1 X175.249 Y150.332 E723.40901
G1 X175.205 Y150.658 E723.41995
G1 X175.157 Y151.054 E723.43322
G1 X175.15 Y151.462 E723.44679
G1 X175.154 Y151.788 E723.45763
G1 X175.178 Y152.12 E723.4687
G1 X175.22 Y152.447 E723.47967
G1 X175.283 Y152.84 E723.49291
G1 X175.38 Y153.227 E723.50618
G1 X175.468 Y153.526 E723.51654
G1 X175.577 Y153.85 E723.52791
G1 X175.73 Y154.205 E723.54077
G1 X175.853 Y154.479 E723.55076
G1 X176.024 Y154.796 E723.56274
G1 X176.249 Y155.165 E723.57712
G1 X176.467 Y155.48 E723.58986
G1 X176.499 Y155.52 E723.59156
G1 X176.496 Y158.832 E723.70172
G1 X176.498 Y159.152 E723.71236
G1 X176.308 Y159.405 E723.72288
G1 X176.124 Y159.698 E723.73439
G1 X175.947 Y160.008 E723.74627
G1 X175.799 Y160.298 E723.75709
G1 X175.649 Y160.646 E723.7697
G1 X175.511 Y160.994 E723.78215
G1 X175.399 Y161.369 E723.79517
G1 X175.313 Y161.702 E723.80661
G1 X175.249 Y162.018 E723.81733
G1 X175.205 Y162.344 E723.82827
G1 X175.157 Y162.738 E723.84147
G1 X175.15 Y163.148 E723.85511
G1 X175.154 Y163.473 E723.86592
G1 X175.178 Y163.805 E723.87699
G1 X175.217 Y164.103 E723.88699
G1 X175.263 Y164.408 E723.89725
G1 X175.345 Y164.773 E723.90969
G1 X175.43 Y165.083 E723.92038
G1 X175.541 Y165.437 E723.93272
G1 X175.667 Y165.751 E723.94397
G1 X175.801 Y166.055 E723.95502
G1 X175.945 Y166.339 E723.96561
G1 X176.095 Y166.599 E723.9756
G1 X176.25 Y166.851 E723.98544
G1 X176.467 Y167.165 E723.99813
G1 X176.5 Y167.206 E723.99988
G1 X176.498 Y170.835 E724.12058
G1 X176.437 Y170.914 E724.1239
G1 X176.245 Y171.187 E724.135
G1 X175.949 Y171.69 E724.15442
G1 X175.799 Y171.984 E724.16539
G1 X175.649 Y172.331 E724.17797
G1 X175.511 Y172.679 E724.19042
G1 X175.399 Y173.054 E724.20344
G1 X175.313 Y173.387 E724.21487
G1 X175.249 Y173.703 E724.2256
G1 X175.205 Y174.029 E724.23654
G1 X175.157 Y174.425 E724.24981
G1 X175.15 Y174.833 E724.26338
G1 X175.154 Y175.158 E724.27419
G1 X175.178 Y175.49 E724.28526
G1 X175.22 Y175.817 E724.29623
G1 X175.283 Y176.211 E724.3095
G1 X175.38 Y176.599 E724.3228
G1 X175.468 Y176.896 E724.3331
G1 X175.578 Y177.222 E724.34454
G1 X175.824 Y177.791 E724.36516
G1 X175.979 Y178.089 E724.37633
G1 X176.169 Y178.406 E724.38863
G1 X176.348 Y178.689 E724.39976
G1 X176.5 Y178.893 E724.40823
G1 X176.5 Y179.198 E724.41837
G1 X176.497 Y179.417 E724.42566
G1 X176.496 Y180.206 E724.4519
G1 X176.5 Y180.56 E724.46367
G1 X176.497 Y180.98 E724.47764
G1 X176.497 Y182.523 E724.52896
G1 X176.437 Y182.601 E724.53224
G1 X176.246 Y182.871 E724.54324
G1 X175.949 Y183.374 E724.56266
G1 X175.799 Y183.669 E724.57367
G1 X175.649 Y184.016 E724.58624
G1 X175.511 Y184.364 E724.5987
G1 X175.399 Y184.739 E724.61171
G1 X175.313 Y185.072 E724.62315
G1 X175.249 Y185.388 E724.63388
G1 X175.205 Y185.714 E724.64482
G1 X175.157 Y186.11 E724.65808
G1 X175.15 Y186.518 E724.67166
G1 X175.154 Y186.843 E724.68247
G1 X175.178 Y187.175 E724.69354
G1 X175.22 Y187.502 E724.7045
G1 X175.283 Y187.896 E724.71777
G1 X175.38 Y188.283 E724.73104
G1 X175.468 Y188.582 E724.74141
G1 X175.577 Y188.905 E724.75275
G1 X175.71 Y189.216 E724.764
G1 X175.827 Y189.478 E724.77354
G1 X175.978 Y189.772 E724.78454
G1 X176.169 Y190.091 E724.7969
G1 X176.348 Y190.375 E724.80807
G1 X176.499 Y190.575 E724.8164
G1 X176.496 Y191.249 E724.83882
G1 X176.499 Y191.512 E724.84757
G1 X176.496 Y191.808 E724.85741
G1 X176.498 Y191.872 E724.85954
G1 X176.497 Y194.208 E724.93724
G1 X176.437 Y194.286 E724.94051
G1 X176.246 Y194.556 E724.95151
G1 X175.949 Y195.059 E724.97094
G1 X175.799 Y195.354 E724.98195
G1 X175.649 Y195.701 E724.99452
G1 X175.511 Y196.049 E725.00697
G1 X175.399 Y196.424 E725.01999
G1 X175.313 Y196.757 E725.03143
G1 X175.249 Y197.073 E725.04215
G1 X175.205 Y197.399 E725.05309
G1 X175.157 Y197.795 E725.06636
G1 X175.15 Y198.203 E725.07993
G1 X175.154 Y198.529 E725.09078
G1 X175.178 Y198.861 E725.10185
G1 X175.22 Y199.188 E725.11281
G1 X175.283 Y199.581 E725.12605
G1 X175.38 Y199.968 E725.13932
G1 X175.468 Y200.267 E725.14969
G1 X175.577 Y200.59 E725.16103
G1 X175.71 Y200.901 E725.17228
G1 X175.827 Y201.163 E725.18182
G1 X175.978 Y201.457 E725.19281
G1 X176.169 Y201.776 E725.20518
G1 X176.348 Y202.057 E725.21626
G1 X176.496 Y202.266 E725.22478
G1 X176.499 Y202.464 E725.23136
G1 X176.497 Y202.782 E725.24194
G1 X176.499 Y203.228 E725.25677
G1 X172.922 Y203.206 E725.37575
G1 X172.922 Y147.642 E727.22381
G1 X172.921 Y146.761 E727.25312
G1 X176.497 Y146.781 E727.37206
G0 F9000 X176.305 Y147.455
G1 F1800 X175.787 Y146.937 E727.39642
G0 F9000 X175.218 Y146.934
G1 F1800 X176.074 Y147.79 E727.43669
G0 F9000 X175.863 Y148.145
G1 F1800 X174.649 Y146.931 E727.49379
G0 F9000 X174.08 Y146.927
G1 F1800 X175.669 Y148.516 E727.56853
G0 F9000 X175.496 Y148.909
G1 F1800 X173.511 Y146.924 E727.6619
G0 F9000 X173.08 Y147.059
G1 F1800 X175.339 Y149.318 E727.76815
G0 F9000 X175.213 Y149.758
G1 F1800 X173.08 Y147.624 E727.86851
G0 F9000 X173.081 Y148.191
G1 F1800 X175.108 Y150.218 E727.96385
G0 F9000 X175.037 Y150.713
G1 F1800 X173.081 Y148.756 E728.05588
G0 F9000 X173.081 Y149.322
G1 F1800 X174.993 Y151.234 E728.14581
G0 F9000 X174.994 Y151.8
G1 F1800 X173.081 Y149.888 E728.23577
G0 F9000 X173.081 Y150.453
G1 F1800 X175.056 Y152.428 E728.32867
G0 F9000 X175.19 Y153.128
G1 F1800 X173.081 Y151.019 E728.42787
G0 F9000 X173.081 Y151.585
G1 F1800 X175.444 Y153.948 E728.53902
G0 F9000 X175.851 Y153.775
G0 X176.383 Y154.846
G0 X176.006 Y155.076
G1 F1800 X173.081 Y152.15 E728.67663
G0 F9000 X173.081 Y152.716
G1 F1800 X176.338 Y155.973 E728.82983
G0 F9000 X176.337 Y156.538
G1 F1800 X173.081 Y153.282 E728.98298
G0 F9000 X173.081 Y153.848
G1 F1800 X176.337 Y157.104 E729.13613
G0 F9000 X176.336 Y157.669
G1 F1800 X173.081 Y154.413 E729.28926
G0 F9000 X173.081 Y154.979
G1 F1800 X176.336 Y158.234 E729.44236
G0 F9000 X176.336 Y158.799
G1 F1800 X173.081 Y155.545 E729.59545
G0 F9000 X173.081 Y156.11
G1 F1800 X176.222 Y159.251 E729.74319
G0 F9000 X175.999 Y159.594
G1 F1800 X173.081 Y156.676 E729.88044
G0 F9000 X173.081 Y157.242
G1 F1800 X175.794 Y159.955 E730.00805
G0 F9000 X175.608 Y160.335
G1 F1800 X173.081 Y157.807 E730.12694
G0 F9000 X173.081 Y158.373
G1 F1800 X175.441 Y160.733 E730.23795
G0 F9000 X175.295 Y161.153
G1 F1800 X173.081 Y158.939 E730.34209
G0 F9000 X173.081 Y159.504
G1 F1800 X175.174 Y161.597 E730.44053
G0 F9000 X175.08 Y162.069
G1 F1800 X173.081 Y160.07 E730.53456
G0 F9000 X173.081 Y160.636
G1 F1800 X175.015 Y162.57 E730.62553
G0 F9000 X174.989 Y163.11
G1 F1800 X173.081 Y161.201 E730.7153
G0 F9000 X173.081 Y161.767
G1 F1800 X175.008 Y163.695 E730.80596
G0 F9000 X175.09 Y164.342
G1 F1800 X173.081 Y162.333 E730.90046
G0 F9000 X173.081 Y162.899
G1 F1800 X175.263 Y165.081 E731.0031
G0 F9000 X175.588 Y165.972
G1 F1800 X173.081 Y163.464 E731.12104
G0 F9000 X173.081 Y164.03
G1 F1800 X176.339 Y167.288 E731.27429
G0 F9000 X176.339 Y167.854
G1 F1800 X173.081 Y164.596 E731.42753
G0 F9000 X173.081 Y165.161
G1 F1800 X176.339 Y168.42 E731.5808
G0 F9000 X176.338 Y168.985
G1 F1800 X173.081 Y165.727 E731.73403
G0 F9000 X173.081 Y166.293
G1 F1800 X176.338 Y169.55 E731.88723
G0 F9000 X176.338 Y170.115
G1 F1800 X173.081 Y166.858 E732.04043
G0 F9000 X173.081 Y167.424
G1 F1800 X176.338 Y170.681 E732.19362
G0 F9000 X176.143 Y171.052
G1 F1800 X173.081 Y167.99 E732.33765
G0 F9000 X173.081 Y168.555
G1 F1800 X175.93 Y171.404 E732.47166
G0 F9000 X175.729 Y171.769
G1 F1800 X173.081 Y169.121 E732.59621
G0 F9000 X173.081 Y169.687
G1 F1800 X175.549 Y172.155 E732.7123
G0 F9000 X175.386 Y172.558
G1 F1800 X173.081 Y170.252 E732.82074
G0 F9000 X173.081 Y170.818
G1 F1800 X175.25 Y172.987 E732.92277
G0 F9000 X175.139 Y173.441
G1 F1800 X173.081 Y171.384 E733.01955
G0 F9000 X173.081 Y171.949
G1 F1800 X175.057 Y173.925 E733.11249
G0 F9000 X174.996 Y174.43
G1 F1800 X173.081 Y172.515 E733.20257
G0 F9000 X173.081 Y173.081
G1 F1800 X174.991 Y174.991 E733.29241
G0 F9000 X175.03 Y175.596
G1 F1800 X173.081 Y173.647 E733.38408
G0 F9000 X173.081 Y174.212
G1 F1800 X175.131 Y176.262 E733.48051
G0 F9000 X175.35 Y177.047
G1 F1800 X173.081 Y174.778 E733.58724
G0 F9000 X173.081 Y175.344
G1 F1800 X175.767 Y178.03 E733.71358
G0 F9000 X176.158 Y177.826
G0 X176.661 Y178.721
G0 X176.78 Y179.168
G0 X176.34 Y179.168
G1 F1800 X173.081 Y175.909 E733.86687
G0 F9000 X173.081 Y176.475
G1 F1800 X176.336 Y179.73 E734.01998
G0 F9000 X176.336 Y180.296
G1 F1800 X173.081 Y177.041 E734.17308
G0 F9000 X173.081 Y177.606
G1 F1800 X176.338 Y180.863 E734.32628
G0 F9000 X176.337 Y181.428
G1 F1800 X173.081 Y178.172 E734.47943
G0 F9000 X173.081 Y178.738
G1 F1800 X176.337 Y181.994 E734.63258
G0 F9000 X176.297 Y182.52
G1 F1800 X173.081 Y179.303 E734.78388
G0 F9000 X173.081 Y179.869
G1 F1800 X176.068 Y182.856 E734.92438
G0 F9000 X175.858 Y183.212
G1 F1800 X173.081 Y180.435 E735.055
G0 F9000 X173.081 Y181
G1 F1800 X175.663 Y183.583 E735.17647
G0 F9000 X175.491 Y183.977
G1 F1800 X173.081 Y181.566 E735.28985
G0 F9000 X173.081 Y182.132
G1 F1800 X175.337 Y184.387 E735.39595
G0 F9000 X175.211 Y184.827
G1 F1800 X173.081 Y182.698 E735.49611
G0 F9000 X173.081 Y183.263
G1 F1800 X175.106 Y185.288 E735.59136
G0 F9000 X175.036 Y185.784
G1 F1800 X173.081 Y183.829 E735.68332
G0 F9000 X173.081 Y184.395
G1 F1800 X174.994 Y186.307 E735.77328
G0 F9000 X174.996 Y186.875
G1 F1800 X173.081 Y184.96 E735.86335
G0 F9000 X173.081 Y185.526
G1 F1800 X175.059 Y187.504 E735.95639
G0 F9000 X175.197 Y188.207
G1 F1800 X173.081 Y186.092 E736.0559
G0 F9000 X173.081 Y186.657
G1 F1800 X175.46 Y189.036 E736.1678
G0 F9000 X175.865 Y188.865
G0 X176.407 Y189.944
G0 X176.036 Y190.178
G1 F1800 X173.081 Y187.223 E736.30679
G0 F9000 X173.081 Y187.789
G1 F1800 X176.337 Y191.045 E736.45995
G0 F9000 X176.338 Y191.611
G1 F1800 X173.081 Y188.354 E736.61314
G0 F9000 X173.081 Y188.92
G1 F1800 X176.338 Y192.177 E736.76634
G0 F9000 X176.338 Y192.743
G1 F1800 X173.081 Y189.486 E736.91954
G0 F9000 X173.081 Y190.051
G1 F1800 X176.337 Y193.308 E737.07272
G0 F9000 X176.337 Y193.873
G1 F1800 X173.081 Y190.617 E737.22587
G0 F9000 X173.081 Y191.183
G1 F1800 X176.218 Y194.32 E737.37343
G0 F9000 X175.996 Y194.663
G1 F1800 X173.081 Y191.748 E737.51054
G0 F9000 X173.081 Y192.314
G1 F1800 X175.788 Y195.022 E737.63789
G0 F9000 X175.603 Y195.402
G1 F1800 X173.081 Y192.88 E737.75652
G0 F9000 X173.081 Y193.446
G1 F1800 X175.437 Y195.802 E737.86734
G0 F9000 X175.291 Y196.222
G1 F1800 X173.081 Y194.011 E737.97131
G0 F9000 X173.081 Y194.577
G1 F1800 X175.171 Y196.667 E738.06962
G0 F9000 X175.078 Y197.14
G1 F1800 X173.081 Y195.143 E738.16355
G0 F9000 X173.081 Y195.708
G1 F1800 X175.014 Y197.642 E738.2545
G0 F9000 X174.991 Y198.184
G1 F1800 X173.081 Y196.274 E738.34434
G0 F9000 X173.081 Y196.84
G1 F1800 X175.011 Y198.77 E738.43512
G0 F9000 X175.094 Y199.418
G1 F1800 X173.081 Y197.405 E738.52981
G0 F9000 X173.081 Y197.971
G1 F1800 X175.269 Y200.159 E738.63272
G0 F9000 X175.609 Y201.065
G1 F1800 X173.081 Y198.537 E738.75163
G0 F9000 X173.081 Y199.102
G1 F1800 X176.337 Y202.359 E738.90481
G0 F9000 X176.338 Y202.925
G1 F1800 X173.081 Y199.668 E739.05801
G0 F9000 X173.081 Y200.234
G1 F1800 X175.91 Y203.063 E739.19107
G0 F9000 X175.341 Y203.059
G1 F1800 X173.081 Y200.799 E739.29738
G0 F9000 X173.081 Y201.365
G1 F1800 X174.772 Y203.056 E739.37692
G0 F9000 X174.202 Y203.052
G1 F1800 X173.081 Y201.931 E739.42965
G0 F9000 X173.081 Y202.496
G1 F1800 X173.633 Y203.049 E739.45563
G0 F9000 X173.63 Y203.401
;MESH:NONMESH
G0 F300 X173.63 Y203.401 Z8.4
G0 F9000 X173.63 Y203.49
G0 X175.899 Y203.614
;TIME_ELAPSED:1355.947225
;LAYER:41
;TYPE:WALL-INNER
;MESH:Vertical_Tension_Member.stl
G1 F1800 X175.699 Y203.613 E739.46229
G1 X172.157 Y203.592 E739.5801
G1 X172.158 Y146.566 E741.47679
G1 X172.158 Y146.366 E741.48344
G1 X172.358 Y146.367 E741.48774
G1 X175.899 Y146.387 E741.60551
G1 X175.898 Y148.058 E741.66109
G1 X175.901 Y148.316 E741.66967
G1 X175.898 Y148.693 E741.68221
G1 X175.901 Y148.944 E741.69056
G1 X175.899 Y149.249 E741.70071
G1 X175.901 Y149.498 E741.70899
G1 X175.752 Y150.078 E741.72891
G1 X175.687 Y150.367 E741.73876
G1 X175.63 Y150.787 E741.75286
G1 X175.595 Y151.102 E741.7634
G1 X175.589 Y151.426 E741.77418
G1 X175.595 Y151.735 E741.78445
G1 X175.611 Y152.05 E741.79495
G1 X175.689 Y152.611 E741.81378
G1 X175.762 Y152.96 E741.82564
G1 X175.899 Y153.433 E741.84202
G1 X175.898 Y155.209 E741.90109
G1 X175.901 Y155.386 E741.90698
G1 X175.897 Y158.484 E742.01002
G1 X175.901 Y158.894 E742.02366
G1 X175.902 Y160.661 E742.08243
G1 X175.899 Y161.155 E742.09886
G1 X175.858 Y161.354 E742.10562
G1 X175.752 Y161.763 E742.11967
G1 X175.687 Y162.053 E742.12955
G1 X175.63 Y162.472 E742.14362
G1 X175.595 Y162.787 E742.15416
G1 X175.589 Y163.112 E742.16497
G1 X175.595 Y163.421 E742.17525
G1 X175.611 Y163.734 E742.18567
G1 X175.649 Y164.019 E742.19524
G1 X175.689 Y164.297 E742.20458
G1 X175.762 Y164.645 E742.2164
G1 X175.899 Y165.119 E742.23282
G1 X175.901 Y165.479 E742.24479
G1 X175.898 Y166.551 E742.28044
G1 X175.901 Y166.695 E742.28523
G1 X175.897 Y169.198 E742.36849
G1 X175.901 Y169.525 E742.37936
G1 X175.901 Y171.194 E742.43487
G1 X175.897 Y171.87 E742.45736
G1 X175.901 Y172.249 E742.46996
G1 X175.898 Y172.816 E742.48882
G1 X175.857 Y173.043 E742.49649
G1 X175.752 Y173.448 E742.51041
G1 X175.687 Y173.738 E742.5203
G1 X175.63 Y174.157 E742.53436
G1 X175.595 Y174.472 E742.5449
G1 X175.589 Y174.797 E742.55571
G1 X175.595 Y175.106 E742.56599
G1 X175.611 Y175.419 E742.57642
G1 X175.649 Y175.704 E742.58598
G1 X175.689 Y175.981 E742.59529
G1 X175.762 Y176.331 E742.60718
G1 X175.899 Y176.805 E742.62359
G1 X175.901 Y177.067 E742.6323
G1 X175.898 Y177.895 E742.65984
G1 X175.901 Y178.003 E742.66344
G1 X175.897 Y179.912 E742.72693
G1 X175.901 Y180.156 E742.73505
G1 X175.901 Y181.408 E742.77669
G1 X175.897 Y181.911 E742.79342
G1 X175.9 Y182.196 E742.8029
G1 X175.901 Y182.968 E742.82858
G1 X175.898 Y183.697 E742.85282
G1 X175.899 Y184.515 E742.88003
G1 X175.857 Y184.729 E742.88728
G1 X175.752 Y185.133 E742.90117
G1 X175.687 Y185.423 E742.91105
G1 X175.63 Y185.842 E742.92512
G1 X175.595 Y186.158 E742.93569
G1 X175.589 Y186.482 E742.94647
G1 X175.595 Y186.791 E742.95675
G1 X175.611 Y187.104 E742.96717
G1 X175.649 Y187.389 E742.97673
G1 X175.689 Y187.666 E742.98604
G1 X175.762 Y188.016 E742.99793
G1 X175.899 Y188.49 E743.01435
G1 X175.901 Y188.654 E743.0198
G1 X175.899 Y189.052 E743.03304
G1 X175.901 Y189.308 E743.04155
G1 X175.898 Y189.928 E743.06217
G1 X175.901 Y192.637 E743.15228
G1 X175.897 Y193.477 E743.18021
G1 X175.899 Y196.249 E743.27241
G1 X175.752 Y196.818 E743.29196
G1 X175.687 Y197.108 E743.30184
G1 X175.63 Y197.527 E743.31591
G1 X175.595 Y197.843 E743.32648
G1 X175.589 Y198.167 E743.33726
G1 X175.595 Y198.476 E743.34754
G1 X175.611 Y198.79 E743.358
G1 X175.649 Y199.075 E743.36756
G1 X175.689 Y199.352 E743.37687
G1 X175.762 Y199.701 E743.38873
G1 X175.899 Y200.175 E743.40514
G1 X175.901 Y200.614 E743.41974
G1 X175.897 Y201.132 E743.43697
G1 X175.901 Y201.42 E743.44655
G1 X175.899 Y203.414 E743.51287
G1 X175.899 Y203.614 E743.51717
G0 F9000 X176.298 Y204.016
;TYPE:WALL-OUTER
G1 F1800 X171.757 Y203.99 E743.6682
G1 X171.758 Y145.964 E745.59816
G1 X176.299 Y145.989 E745.74919
G1 X176.298 Y148.056 E745.81794
G1 X176.301 Y148.319 E745.82669
G1 X176.298 Y148.692 E745.8391
G1 X176.301 Y148.947 E745.84758
G1 X176.299 Y149.248 E745.85759
G1 X176.302 Y149.545 E745.86747
G1 X176.141 Y150.172 E745.889
G1 X176.081 Y150.438 E745.89807
G1 X176.027 Y150.836 E745.91143
G1 X175.995 Y151.128 E745.9212
G1 X175.989 Y151.426 E745.93111
G1 X175.995 Y151.721 E745.94093
G1 X176.01 Y152.013 E745.95065
G1 X176.045 Y152.278 E745.95954
G1 X176.083 Y152.542 E745.96841
G1 X176.15 Y152.863 E745.97932
G1 X176.299 Y153.377 E745.99712
G1 X176.298 Y155.206 E746.05795
G1 X176.301 Y155.387 E746.06397
G1 X176.297 Y158.482 E746.16691
G1 X176.301 Y158.894 E746.18062
G1 X176.302 Y160.663 E746.23945
G1 X176.299 Y161.199 E746.25728
G1 X176.25 Y161.435 E746.2653
G1 X176.141 Y161.857 E746.27979
G1 X176.081 Y162.124 E746.2889
G1 X176.027 Y162.521 E746.30222
G1 X175.995 Y162.813 E746.31199
G1 X175.989 Y163.112 E746.32194
G1 X175.995 Y163.407 E746.33175
G1 X176.01 Y163.698 E746.34144
G1 X176.045 Y163.964 E746.35037
G1 X176.083 Y164.227 E746.35921
G1 X176.15 Y164.548 E746.37011
G1 X176.299 Y165.062 E746.38791
G1 X176.301 Y165.48 E746.40181
G1 X176.298 Y166.548 E746.43734
G1 X176.301 Y166.696 E746.44226
G1 X176.297 Y169.196 E746.52541
G1 X176.301 Y169.525 E746.53635
G1 X176.301 Y171.196 E746.59193
G1 X176.297 Y171.869 E746.61432
G1 X176.301 Y172.251 E746.62702
G1 X176.298 Y172.855 E746.64711
G1 X176.25 Y173.121 E746.6561
G1 X176.141 Y173.542 E746.67057
G1 X176.081 Y173.809 E746.67967
G1 X176.027 Y174.206 E746.69299
G1 X175.995 Y174.498 E746.70276
G1 X175.989 Y174.797 E746.71271
G1 X175.995 Y175.092 E746.72252
G1 X176.01 Y175.383 E746.73222
G1 X176.045 Y175.649 E746.74114
G1 X176.083 Y175.912 E746.74998
G1 X176.15 Y176.234 E746.76092
G1 X176.299 Y176.747 E746.77868
G1 X176.301 Y177.068 E746.78936
G1 X176.298 Y177.89 E746.8167
G1 X176.301 Y178.004 E746.82049
G1 X176.297 Y179.909 E746.88385
G1 X176.301 Y180.156 E746.89207
G1 X176.301 Y181.411 E746.93381
G1 X176.297 Y181.91 E746.95041
G1 X176.3 Y182.195 E746.95989
G1 X176.301 Y182.97 E746.98567
G1 X176.298 Y183.698 E747.00988
G1 X176.299 Y184.556 E747.03842
G1 X176.25 Y184.806 E747.04689
G1 X176.141 Y185.227 E747.06135
G1 X176.081 Y185.494 E747.07046
G1 X176.027 Y185.891 E747.08378
G1 X175.995 Y186.184 E747.09359
G1 X175.989 Y186.482 E747.1035
G1 X175.995 Y186.777 E747.11331
G1 X176.01 Y187.068 E747.123
G1 X176.045 Y187.334 E747.13193
G1 X176.083 Y187.597 E747.14077
G1 X176.15 Y187.919 E747.15171
G1 X176.299 Y188.433 E747.1695
G1 X176.301 Y188.656 E747.17692
G1 X176.299 Y189.051 E747.19006
G1 X176.301 Y189.31 E747.19867
G1 X176.298 Y189.929 E747.21926
G1 X176.3 Y191.767 E747.28039
G1 X176.301 Y192.639 E747.3094
G1 X176.297 Y193.478 E747.3373
G1 X176.299 Y196.298 E747.4311
G1 X176.141 Y196.912 E747.45218
G1 X176.081 Y197.179 E747.46129
G1 X176.027 Y197.576 E747.47461
G1 X175.995 Y197.869 E747.48441
G1 X175.989 Y198.167 E747.49433
G1 X175.995 Y198.462 E747.50414
G1 X176.01 Y198.754 E747.51387
G1 X176.045 Y199.02 E747.52279
G1 X176.083 Y199.282 E747.5316
G1 X176.15 Y199.604 E747.54253
G1 X176.299 Y200.118 E747.56033
G1 X176.301 Y200.617 E747.57693
G1 X176.297 Y201.131 E747.59403
G1 X176.301 Y201.421 E747.60367
G1 X176.298 Y203.336 E747.66737
G1 X176.299 Y203.624 E747.67695
G1 X176.298 Y204.016 E747.68998
G0 F9000 X176.029 Y203.745
G0 X175.507 Y203.501
G0 X175.509 Y203.222
;TYPE:SKIN
G1 F1800 X172.547 Y203.204 E747.7885
G1 X172.548 Y146.758 E749.6659
G1 X175.509 Y146.775 E749.76439
G1 X175.508 Y148.06 E749.80713
G1 X175.511 Y148.312 E749.81551
G1 X175.508 Y148.693 E749.82818
G1 X175.511 Y148.942 E749.83647
G1 X175.509 Y149.249 E749.84668
G1 X175.511 Y149.449 E749.85333
G1 X175.373 Y149.987 E749.8718
G1 X175.303 Y150.298 E749.8824
G1 X175.242 Y150.74 E749.89724
G1 X175.205 Y151.077 E749.90852
G1 X175.199 Y151.426 E749.92013
G1 X175.205 Y151.749 E749.93088
G1 X175.223 Y152.087 E749.94213
G1 X175.305 Y152.678 E749.96198
G1 X175.383 Y153.054 E749.97475
G1 X175.509 Y153.49 E749.98985
G1 X175.508 Y155.213 E750.04715
G1 X175.511 Y155.386 E750.05291
G1 X175.507 Y158.486 E750.15601
G1 X175.511 Y158.894 E750.16958
G1 X175.512 Y160.659 E750.22829
G1 X175.509 Y161.115 E750.24346
G1 X175.48 Y161.257 E750.24828
G1 X175.373 Y161.671 E750.2625
G1 X175.303 Y161.984 E750.27317
G1 X175.242 Y162.424 E750.28794
G1 X175.205 Y162.762 E750.29925
G1 X175.199 Y163.112 E750.31089
G1 X175.205 Y163.435 E750.32164
G1 X175.223 Y163.769 E750.33276
G1 X175.263 Y164.072 E750.34293
G1 X175.305 Y164.365 E750.35277
G1 X175.384 Y164.739 E750.36549
G1 X175.509 Y165.177 E750.38064
G1 X175.511 Y165.477 E750.39061
G1 X175.508 Y166.555 E750.42647
G1 X175.511 Y166.695 E750.43113
G1 X175.507 Y169.2 E750.51444
G1 X175.511 Y169.525 E750.52525
G1 X175.511 Y171.192 E750.5807
G1 X175.507 Y171.87 E750.60325
G1 X175.511 Y172.247 E750.61579
G1 X175.508 Y172.779 E750.63348
G1 X175.477 Y172.952 E750.63933
G1 X175.373 Y173.356 E750.6532
G1 X175.303 Y173.669 E750.66387
G1 X175.242 Y174.109 E750.67865
G1 X175.205 Y174.447 E750.68995
G1 X175.199 Y174.797 E750.7016
G1 X175.205 Y175.12 E750.71234
G1 X175.223 Y175.454 E750.72347
G1 X175.263 Y175.758 E750.73367
G1 X175.305 Y176.049 E750.74344
G1 X175.383 Y176.425 E750.75622
G1 X175.509 Y176.864 E750.77141
G1 X175.511 Y177.065 E750.77809
G1 X175.508 Y177.899 E750.80583
G1 X175.511 Y178.003 E750.80929
G1 X175.507 Y179.914 E750.87285
G1 X175.511 Y180.156 E750.8809
G1 X175.511 Y181.404 E750.92241
G1 X175.507 Y181.911 E750.93927
G1 X175.51 Y182.196 E750.94875
G1 X175.511 Y182.966 E750.97436
G1 X175.508 Y183.697 E750.99868
G1 X175.509 Y184.479 E751.02469
G1 X175.479 Y184.632 E751.02987
G1 X175.373 Y185.041 E751.04393
G1 X175.303 Y185.354 E751.05459
G1 X175.242 Y185.795 E751.0694
G1 X175.205 Y186.133 E751.08071
G1 X175.199 Y186.482 E751.09232
G1 X175.205 Y186.805 E751.10306
G1 X175.223 Y187.139 E751.11419
G1 X175.263 Y187.443 E751.12439
G1 X175.305 Y187.734 E751.13417
G1 X175.383 Y188.11 E751.14694
G1 X175.509 Y188.549 E751.16213
G1 X175.511 Y188.652 E751.16556
G1 X175.509 Y189.052 E751.17886
G1 X175.511 Y189.306 E751.18731
G1 X175.508 Y189.928 E751.208
G1 X175.511 Y192.635 E751.29803
G1 X175.507 Y193.477 E751.32604
G1 X175.509 Y196.198 E751.41654
G1 X175.373 Y196.726 E751.43467
G1 X175.303 Y197.039 E751.44534
G1 X175.242 Y197.48 E751.46015
G1 X175.205 Y197.818 E751.47146
G1 X175.199 Y198.167 E751.48307
G1 X175.205 Y198.49 E751.49381
G1 X175.223 Y198.825 E751.50497
G1 X175.263 Y199.129 E751.51517
G1 X175.305 Y199.42 E751.52495
G1 X175.383 Y199.795 E751.53769
G1 X175.509 Y200.233 E751.55284
G1 X175.511 Y200.611 E751.56542
G1 X175.507 Y201.134 E751.58281
G1 X175.511 Y201.42 E751.59233
G1 X175.509 Y203.222 E751.65226
G0 F9000 X174.82 Y203.057
G1 F1800 X175.349 Y202.528 E751.67714
G0 F9000 X175.35 Y201.961
G1 F1800 X174.257 Y203.054 E751.72855
G0 F9000 X173.695 Y203.05
G1 F1800 X175.35 Y201.396 E751.80638
G0 F9000 X175.348 Y200.832
G1 F1800 X173.133 Y203.047 E751.91056
G0 F9000 X172.707 Y202.907
G1 F1800 X175.349 Y200.266 E752.03481
G0 F9000 X175.224 Y199.824
G1 F1800 X172.707 Y202.342 E752.15323
G0 F9000 X172.707 Y201.776
G1 F1800 X175.132 Y199.351 E752.26729
G0 F9000 X175.065 Y198.852
G1 F1800 X172.707 Y201.21 E752.37821
G0 F9000 X172.707 Y200.645
G1 F1800 X175.041 Y198.31 E752.48801
G0 F9000 X175.052 Y197.733
G1 F1800 X172.707 Y200.079 E752.59834
G0 F9000 X172.707 Y199.513
G1 F1800 X175.134 Y197.086 E752.7125
G0 F9000 X175.303 Y196.351
G1 F1800 X172.707 Y198.948 E752.83463
G0 F9000 X172.707 Y198.382
G1 F1800 X175.348 Y195.741 E752.95885
G0 F9000 X175.347 Y195.176
G1 F1800 X172.707 Y197.816 E753.08303
G0 F9000 X172.707 Y197.25
G1 F1800 X175.347 Y194.61 E753.20721
G0 F9000 X175.346 Y194.045
G1 F1800 X172.707 Y196.685 E753.33136
G0 F9000 X172.707 Y196.119
G1 F1800 X175.346 Y193.479 E753.45552
G0 F9000 X175.349 Y192.911
G1 F1800 X172.707 Y195.553 E753.57979
G0 F9000 X172.707 Y194.988
G1 F1800 X175.35 Y192.345 E753.70411
G0 F9000 X175.349 Y191.78
G1 F1800 X172.707 Y194.422 E753.82838
G0 F9000 X172.707 Y193.856
G1 F1800 X175.349 Y191.215 E753.95263
G0 F9000 X175.349 Y190.649
G1 F1800 X172.707 Y193.291 E754.0769
G0 F9000 X172.707 Y192.725
G1 F1800 X175.348 Y190.084 E754.20112
G0 F9000 X175.349 Y189.517
G1 F1800 X172.707 Y192.159 E754.32539
G0 F9000 X172.707 Y191.594
G1 F1800 X175.349 Y188.952 E754.44966
G0 F9000 X175.307 Y188.428
G1 F1800 X172.707 Y191.028 E754.57196
G0 F9000 X172.707 Y190.462
G1 F1800 X175.192 Y187.977 E754.68885
G0 F9000 X175.109 Y187.495
G1 F1800 X172.707 Y189.897 E754.80183
G0 F9000 X172.707 Y189.331
G1 F1800 X175.054 Y186.984 E754.91223
G0 F9000 X175.039 Y186.433
G1 F1800 X172.707 Y188.765 E755.02192
G0 F9000 X172.707 Y188.2
G1 F1800 X175.076 Y185.831 E755.13335
G0 F9000 X175.182 Y185.158
G1 F1800 X172.707 Y187.634 E755.24979
G0 F9000 X172.707 Y187.068
G1 F1800 X175.348 Y184.427 E755.37401
G0 F9000 X175.348 Y183.861
G1 F1800 X172.707 Y186.502 E755.49824
G0 F9000 X172.707 Y185.937
G1 F1800 X175.349 Y183.294 E755.62253
G0 F9000 X175.35 Y182.728
G1 F1800 X172.707 Y185.371 E755.74685
G0 F9000 X172.707 Y184.805
G1 F1800 X175.349 Y182.163 E755.87112
G0 F9000 X175.349 Y181.598
G1 F1800 X172.707 Y184.24 E755.99539
G0 F9000 X172.707 Y183.674
G1 F1800 X175.351 Y181.03 E756.11976
G0 F9000 X175.351 Y180.464
G1 F1800 X172.707 Y183.108 E756.24412
G0 F9000 X172.707 Y182.543
G1 F1800 X175.346 Y179.903 E756.36828
G0 F9000 X175.347 Y179.337
G1 F1800 X172.707 Y181.977 E756.49246
G0 F9000 X172.707 Y181.411
G1 F1800 X175.349 Y178.77 E756.6167
G0 F9000 X175.35 Y178.202
G1 F1800 X172.707 Y180.846 E756.74105
G0 F9000 X172.707 Y180.28
G1 F1800 X175.349 Y177.638 E756.86532
G0 F9000 X175.35 Y177.071
G1 F1800 X172.707 Y179.714 E756.98964
G0 F9000 X172.707 Y179.149
G1 F1800 X175.264 Y176.592 E757.10991
G0 F9000 X175.158 Y176.132
G1 F1800 X172.707 Y178.583 E757.2252
G0 F9000 X172.707 Y178.017
G1 F1800 X175.086 Y175.638 E757.3371
G0 F9000 X175.044 Y175.114
G1 F1800 X172.707 Y177.451 E757.44702
G0 F9000 X172.707 Y176.886
G1 F1800 X175.042 Y174.551 E757.55685
G0 F9000 X175.105 Y173.922
G1 F1800 X172.707 Y176.32 E757.66965
G0 F9000 X172.707 Y175.754
G1 F1800 X175.241 Y173.22 E757.78884
G0 F9000 X175.348 Y172.548
G1 F1800 X172.707 Y175.189 E757.91306
G0 F9000 X172.707 Y174.623
G1 F1800 X175.346 Y171.983 E758.03722
G0 F9000 X175.349 Y171.416
G1 F1800 X172.707 Y174.057 E758.16147
G0 F9000 X172.707 Y173.492
G1 F1800 X175.35 Y170.849 E758.28579
G0 F9000 X175.35 Y170.283
G1 F1800 X172.707 Y172.926 E758.4101
G0 F9000 X172.707 Y172.36
G1 F1800 X175.35 Y169.717 E758.53442
G0 F9000 X175.346 Y169.156
G1 F1800 X172.707 Y171.795 E758.65855
G0 F9000 X172.707 Y171.229
G1 F1800 X175.346 Y168.589 E758.78271
G0 F9000 X175.347 Y168.023
G1 F1800 X172.707 Y170.663 E758.90688
G0 F9000 X172.707 Y170.098
G1 F1800 X175.349 Y167.456 E759.03116
G0 F9000 X175.349 Y166.889
G1 F1800 X172.707 Y169.532 E759.15545
G0 F9000 X172.707 Y168.966
G1 F1800 X175.347 Y166.326 E759.27963
G0 F9000 X175.349 Y165.759
G1 F1800 X172.707 Y168.401 E759.4039
G0 F9000 X172.707 Y167.835
G1 F1800 X175.346 Y165.195 E759.52805
G0 F9000 X175.222 Y164.754
G1 F1800 X172.707 Y167.269 E759.64635
G0 F9000 X172.707 Y166.703
G1 F1800 X175.13 Y164.28 E759.76032
G0 F9000 X175.063 Y163.782
G1 F1800 X172.707 Y166.138 E759.87114
G0 F9000 X172.707 Y165.572
G1 F1800 X175.04 Y163.239 E759.98088
G0 F9000 X175.054 Y162.659
G1 F1800 X172.707 Y165.006 E760.09127
G0 F9000 X172.707 Y164.441
G1 F1800 X175.136 Y162.011 E760.20555
G0 F9000 X175.309 Y161.273
G1 F1800 X172.707 Y163.875 E760.32794
G0 F9000 X172.707 Y163.309
G1 F1800 X175.35 Y160.666 E760.45226
G0 F9000 X175.35 Y160.1
G1 F1800 X172.707 Y162.744 E760.5766
G0 F9000 X172.707 Y162.178
G1 F1800 X175.349 Y159.536 E760.70087
G0 F9000 X175.349 Y158.97
G1 F1800 X172.707 Y161.612 E760.82515
G0 F9000 X172.707 Y161.047
G1 F1800 X175.346 Y158.408 E760.94928
G0 F9000 X175.346 Y157.841
G1 F1800 X172.707 Y160.481 E761.07343
G0 F9000 X172.707 Y159.915
G1 F1800 X175.347 Y157.275 E761.19761
G0 F9000 X175.348 Y156.709
G1 F1800 X172.707 Y159.35 E761.32183
G0 F9000 X172.707 Y158.784
G1 F1800 X175.349 Y156.142 E761.4461
G0 F9000 X175.349 Y155.576
G1 F1800 X172.707 Y158.218 E761.57037
G0 F9000 X172.707 Y157.652
G1 F1800 X175.347 Y155.012 E761.69455
G0 F9000 X175.347 Y154.446
G1 F1800 X172.707 Y157.087 E761.81875
G0 F9000 X172.707 Y156.521
G1 F1800 X175.347 Y153.881 E761.94293
G0 F9000 X175.303 Y153.359
G1 F1800 X172.707 Y155.955 E762.06504
G0 F9000 X172.707 Y155.39
G1 F1800 X175.188 Y152.909 E762.18174
G0 F9000 X175.107 Y152.423
G1 F1800 X172.707 Y154.824 E762.29465
G0 F9000 X172.707 Y154.258
G1 F1800 X175.052 Y151.913 E762.40495
G0 F9000 X175.039 Y151.361
G1 F1800 X172.707 Y153.693 E762.51464
G0 F9000 X172.707 Y153.127
G1 F1800 X175.078 Y150.756 E762.62617
G0 F9000 X175.187 Y150.082
G1 F1800 X172.707 Y152.561 E762.74279
G0 F9000 X172.707 Y151.996
G1 F1800 X175.349 Y149.354 E762.86707
G0 F9000 X175.347 Y148.79
G1 F1800 X172.707 Y151.43 E762.99124
G0 F9000 X172.707 Y150.864
G1 F1800 X175.348 Y148.223 E763.11547
G0 F9000 X175.346 Y147.659
G1 F1800 X172.707 Y150.299 E763.23962
G0 F9000 X172.707 Y149.733
G1 F1800 X175.347 Y147.093 E763.3638
G0 F9000 X174.943 Y146.931
G1 F1800 X172.707 Y149.167 E763.46897
G0 F9000 X172.707 Y148.602
G1 F1800 X174.381 Y146.928 E763.54771
G0 F9000 X173.818 Y146.924
G1 F1800 X172.707 Y148.036 E763.59999
G0 F9000 X172.707 Y147.47
G1 F1800 X173.256 Y146.921 E763.62582
G0 F9000 X173.258 Y146.572
G1 F1440 E762.12582
;MESH:NONMESH
G0 F300 X173.258 Y146.572 Z8.6
G0 F9000 X173.258 Y146.483
G0 X172.34 Y146.549
G0 X172.339 Y203.411
G0 X174.91 Y203.607
;TIME_ELAPSED:1390.909768
;LAYER:42
;TYPE:WALL-INNER
;MESH:Vertical_Tension_Member.stl
G1 F1440 E763.62582
G1 F1800 X174.71 Y203.606 E763.63247
G1 X172.28 Y203.592 E763.71329
G1 X172.281 Y146.566 E765.60999
G1 X172.281 Y146.366 E765.61664
G1 X172.481 Y146.367 E765.62094
G1 X174.909 Y146.381 E765.70169
G1 X174.911 Y149.657 E765.81065
G1 X174.909 Y150.052 E765.82379
G1 X174.912 Y150.304 E765.83217
G1 X174.911 Y159.632 E766.14243
G1 X174.909 Y160.312 E766.16504
G1 X174.911 Y163.617 E766.27497
G1 X174.908 Y163.895 E766.28421
G1 X174.91 Y164.119 E766.29166
G1 X174.909 Y165.424 E766.33507
G1 X174.911 Y165.565 E766.33976
G1 X174.908 Y168.017 E766.42131
G1 X174.912 Y168.338 E766.43199
G1 X174.909 Y169.377 E766.46655
G1 X174.911 Y169.663 E766.47606
G1 X174.909 Y170.133 E766.49169
G1 X174.911 Y172.922 E766.58446
G1 X174.908 Y173.151 E766.59207
G1 X174.911 Y173.552 E766.60541
G1 X174.909 Y174.401 E766.63365
G1 X174.911 Y174.514 E766.63741
G1 X174.908 Y176.497 E766.70336
G1 X174.912 Y176.755 E766.71194
G1 X174.911 Y178.076 E766.75588
G1 X174.908 Y178.611 E766.77368
G1 X174.911 Y178.909 E766.78359
G1 X174.909 Y179.233 E766.79436
G1 X174.911 Y179.518 E766.80384
G1 X174.909 Y179.955 E766.81838
G1 X174.911 Y183.464 E766.93509
G1 X174.908 Y184.978 E766.98544
G1 X174.912 Y185.169 E766.9918
G1 X174.908 Y188.439 E767.10056
G1 X174.911 Y189.016 E767.11975
G1 X174.908 Y189.358 E767.13113
G1 X174.912 Y190.731 E767.17679
G1 X174.908 Y191.029 E767.1867
G1 X174.911 Y191.373 E767.19815
G1 X174.908 Y191.667 E767.20792
G1 X174.911 Y192.412 E767.2327
G1 X174.909 Y193.283 E767.26167
G1 X174.912 Y193.584 E767.27169
G1 X174.908 Y196.075 E767.35454
G1 X174.911 Y198.403 E767.43197
G1 X174.909 Y198.824 E767.44597
G1 X174.911 Y199.092 E767.45488
G1 X174.908 Y200.928 E767.51595
G1 X174.911 Y201.36 E767.53032
G1 X174.908 Y201.769 E767.54392
G1 X174.911 Y202.035 E767.55277
G1 X174.91 Y203.407 E767.5984
G1 X174.91 Y203.607 E767.6027
G0 F9000 X175.31 Y204.009
;TYPE:WALL-OUTER
G1 F1800 X171.88 Y203.99 E767.71678
G1 X171.881 Y145.964 E769.64674
G1 X175.309 Y145.983 E769.76075
G1 X175.311 Y149.659 E769.88302
G1 X175.309 Y150.051 E769.89606
G1 X175.312 Y150.304 E769.90447
G1 X175.311 Y159.633 E770.21476
G1 X175.309 Y160.312 E770.23734
G1 X175.311 Y163.621 E770.3474
G1 X175.308 Y163.895 E770.35651
G1 X175.31 Y164.119 E770.36396
G1 X175.309 Y165.421 E770.40727
G1 X175.311 Y165.565 E770.41206
G1 X175.308 Y168.015 E770.49354
G1 X175.312 Y168.339 E770.50432
G1 X175.309 Y169.376 E770.53881
G1 X175.311 Y169.665 E770.54842
G1 X175.309 Y170.134 E770.56402
G1 X175.311 Y172.927 E770.65692
G1 X175.308 Y173.152 E770.6644
G1 X175.311 Y173.553 E770.67774
G1 X175.309 Y174.398 E770.70585
G1 X175.311 Y174.515 E770.70974
G1 X175.308 Y176.494 E770.77556
G1 X175.312 Y176.755 E770.78424
G1 X175.311 Y178.078 E770.82825
G1 X175.308 Y178.61 E770.84594
G1 X175.311 Y178.911 E770.85595
G1 X175.309 Y179.233 E770.86666
G1 X175.311 Y179.52 E770.87621
G1 X175.309 Y179.956 E770.89071
G1 X175.311 Y183.465 E771.00742
G1 X175.308 Y184.974 E771.05761
G1 X175.312 Y185.169 E771.0641
G1 X175.308 Y188.438 E771.17282
G1 X175.311 Y189.02 E771.19218
G1 X175.308 Y189.359 E771.20346
G1 X175.31 Y189.998 E771.22471
G1 X175.309 Y190.297 E771.23465
G1 X175.312 Y190.736 E771.24926
G1 X175.308 Y191.03 E771.25904
G1 X175.311 Y191.377 E771.27058
G1 X175.308 Y191.668 E771.28026
G1 X175.311 Y192.413 E771.30504
G1 X175.309 Y193.281 E771.33391
G1 X175.312 Y193.584 E771.34398
G1 X175.311 Y195.048 E771.39268
G1 X175.308 Y196.075 E771.42683
G1 X175.311 Y198.405 E771.50433
G1 X175.309 Y198.823 E771.51823
G1 X175.311 Y199.094 E771.52725
G1 X175.309 Y199.6 E771.54408
G1 X175.309 Y200.672 E771.57973
G1 X175.308 Y200.927 E771.58821
G1 X175.311 Y201.363 E771.60272
G1 X175.308 Y201.768 E771.61619
G1 X175.311 Y202.035 E771.62507
G1 X175.31 Y204.009 E771.69072
G0 F9000 X175.04 Y203.738
G0 X174.518 Y203.494
G0 X174.52 Y203.215
;TYPE:SKIN
G1 F1800 X172.67 Y203.204 E771.75225
G1 X172.671 Y146.758 E773.62966
G1 X174.519 Y146.769 E773.69112
G1 X174.521 Y149.655 E773.78711
G1 X174.519 Y150.054 E773.80038
G1 X174.522 Y150.304 E773.8087
G1 X174.521 Y159.632 E774.11895
G1 X174.519 Y160.312 E774.14157
G1 X174.521 Y163.613 E774.25136
G1 X174.518 Y163.895 E774.26074
G1 X174.52 Y164.119 E774.26819
G1 X174.519 Y165.426 E774.31166
G1 X174.521 Y165.565 E774.31628
G1 X174.518 Y168.019 E774.3979
G1 X174.522 Y168.336 E774.40845
G1 X174.519 Y169.377 E774.44307
G1 X174.521 Y169.661 E774.45252
G1 X174.519 Y170.131 E774.46815
G1 X174.521 Y172.917 E774.56081
G1 X174.518 Y173.149 E774.56853
G1 X174.521 Y173.552 E774.58193
G1 X174.519 Y174.404 E774.61027
G1 X174.521 Y174.514 E774.61393
G1 X174.518 Y176.499 E774.67995
G1 X174.522 Y176.755 E774.68847
G1 X174.521 Y178.076 E774.7324
G1 X174.518 Y178.613 E774.75026
G1 X174.521 Y178.907 E774.76004
G1 X174.519 Y179.233 E774.77089
G1 X174.521 Y179.516 E774.7803
G1 X174.519 Y179.954 E774.79487
G1 X174.521 Y183.463 E774.91158
G1 X174.518 Y184.982 E774.9621
G1 X174.522 Y185.169 E774.96832
G1 X174.518 Y188.439 E775.07708
G1 X174.521 Y189.012 E775.09614
G1 X174.518 Y189.356 E775.10758
G1 X174.522 Y190.725 E775.15312
G1 X174.518 Y191.029 E775.16323
G1 X174.521 Y191.369 E775.17454
G1 X174.518 Y191.665 E775.18438
G1 X174.521 Y192.412 E775.20923
G1 X174.519 Y193.285 E775.23826
G1 X174.522 Y193.584 E775.24821
G1 X174.518 Y196.075 E775.33106
G1 X174.521 Y198.403 E775.40849
G1 X174.519 Y198.826 E775.42256
G1 X174.521 Y199.092 E775.43141
G1 X174.518 Y200.93 E775.49254
G1 X174.521 Y201.358 E775.50677
G1 X174.518 Y201.769 E775.52044
G1 X174.521 Y202.035 E775.52929
G1 X174.52 Y203.215 E775.56854
G0 F9000 X174.518 Y203.494
G0 X173.06 Y203.486
G0 X173.063 Y203.045
G1 F1800 X172.829 Y202.81 E775.57957
G0 F9000 X172.829 Y202.245
G1 F1800 X173.632 Y203.048 E775.61734
G0 F9000 X174.201 Y203.051
G1 F1800 X172.829 Y201.679 E775.68187
G0 F9000 X172.829 Y201.113
G1 F1800 X174.36 Y202.644 E775.75389
G0 F9000 X174.361 Y202.079
G1 F1800 X172.829 Y200.548 E775.82592
G0 F9000 X172.829 Y199.982
G1 F1800 X174.359 Y201.512 E775.89789
G0 F9000 X174.359 Y200.946
G1 F1800 X172.829 Y199.416 E775.96986
G0 F9000 X172.829 Y198.851
G1 F1800 X174.359 Y200.381 E776.04182
G0 F9000 X174.36 Y199.816
G1 F1800 X172.829 Y198.285 E776.11384
G0 F9000 X172.829 Y197.719
G1 F1800 X174.361 Y199.251 E776.1859
G0 F9000 X174.359 Y198.684
G1 F1800 X172.829 Y197.154 E776.25787
G0 F9000 X172.829 Y196.588
G1 F1800 X174.36 Y198.119 E776.32988
G0 F9000 X174.359 Y197.552
G1 F1800 X172.829 Y196.022 E776.40185
G0 F9000 X172.829 Y195.457
G1 F1800 X174.359 Y196.986 E776.47379
G0 F9000 X174.358 Y196.42
G1 F1800 X172.829 Y194.891 E776.54571
G0 F9000 X172.829 Y194.325
G1 F1800 X174.358 Y195.854 E776.61763
G0 F9000 X174.359 Y195.289
G1 F1800 X172.829 Y193.759 E776.68959
G0 F9000 X172.829 Y193.194
G1 F1800 X174.36 Y194.725 E776.76161
G0 F9000 X174.361 Y194.16
G1 F1800 X172.829 Y192.628 E776.83367
G0 F9000 X172.829 Y192.062
G1 F1800 X174.361 Y193.595 E776.90575
G0 F9000 X174.359 Y193.027
G1 F1800 X172.829 Y191.497 E776.97772
G0 F9000 X172.829 Y190.931
G1 F1800 X174.361 Y192.463 E777.04978
G0 F9000 X174.359 Y191.895
G1 F1800 X172.829 Y190.365 E777.12175
G0 F9000 X172.829 Y189.8
G1 F1800 X174.36 Y191.331 E777.19376
G0 F9000 X174.361 Y190.766
G1 F1800 X172.829 Y189.234 E777.26582
G0 F9000 X172.829 Y188.668
G1 F1800 X174.36 Y190.199 E777.33783
G0 F9000 X174.359 Y189.632
G1 F1800 X172.829 Y188.103 E777.40978
G0 F9000 X172.829 Y187.537
G1 F1800 X174.361 Y189.069 E777.48184
G0 F9000 X174.359 Y188.501
G1 F1800 X172.829 Y186.971 E777.5538
G0 F9000 X172.829 Y186.406
G1 F1800 X174.359 Y187.935 E777.62575
G0 F9000 X174.359 Y187.37
G1 F1800 X172.829 Y185.84 E777.69771
G0 F9000 X172.829 Y185.274
G1 F1800 X174.36 Y186.805 E777.76973
G0 F9000 X174.361 Y186.24
G1 F1800 X172.829 Y184.709 E777.84176
G0 F9000 X172.829 Y184.143
G1 F1800 X174.361 Y185.675 E777.91382
G0 F9000 X174.361 Y185.109
G1 F1800 X172.829 Y183.577 E777.98588
G0 F9000 X172.829 Y183.011
G1 F1800 X174.359 Y184.541 E778.05785
G0 F9000 X174.359 Y183.976
G1 F1800 X172.829 Y182.446 E778.12982
G0 F9000 X172.829 Y181.88
G1 F1800 X174.36 Y183.411 E778.20183
G0 F9000 X174.36 Y182.845
G1 F1800 X172.829 Y181.314 E778.27384
G0 F9000 X172.829 Y180.749
G1 F1800 X174.36 Y182.28 E778.34586
G0 F9000 X174.36 Y181.714
G1 F1800 X172.829 Y180.183 E778.41787
G0 F9000 X172.829 Y179.617
G1 F1800 X174.359 Y181.148 E778.48986
G0 F9000 X174.359 Y180.582
G1 F1800 X172.829 Y179.052 E778.56183
G0 F9000 X172.829 Y178.486
G1 F1800 X174.359 Y180.016 E778.63379
G0 F9000 X174.361 Y179.452
G1 F1800 X172.829 Y177.92 E778.70586
G0 F9000 X172.829 Y177.355
G1 F1800 X174.361 Y178.886 E778.77789
G0 F9000 X174.359 Y178.319
G1 F1800 X172.829 Y176.789 E778.84986
G0 F9000 X172.829 Y176.223
G1 F1800 X174.361 Y177.756 E778.92194
G0 F9000 X174.361 Y177.19
G1 F1800 X172.829 Y175.658 E778.994
G0 F9000 X172.829 Y175.092
G1 F1800 X174.36 Y176.623 E779.06602
G0 F9000 X174.359 Y176.056
G1 F1800 X172.829 Y174.526 E779.13798
G0 F9000 X172.829 Y173.96
G1 F1800 X174.359 Y175.491 E779.20997
G0 F9000 X174.36 Y174.926
G1 F1800 X172.829 Y173.395 E779.28199
G0 F9000 X172.829 Y172.829
G1 F1800 X174.359 Y174.359 E779.35395
G0 F9000 X174.36 Y173.794
G1 F1800 X172.829 Y172.263 E779.42597
G0 F9000 X172.829 Y171.698
G1 F1800 X174.357 Y173.226 E779.49784
G0 F9000 X174.36 Y172.663
G1 F1800 X172.829 Y171.132 E779.56985
G0 F9000 X172.829 Y170.566
G1 F1800 X174.36 Y172.097 E779.64187
G0 F9000 X174.359 Y171.531
G1 F1800 X172.829 Y170.001 E779.71383
G0 F9000 X172.829 Y169.435
G1 F1800 X174.359 Y170.964 E779.78578
G0 F9000 X174.359 Y170.399
G1 F1800 X172.829 Y168.869 E779.85774
G0 F9000 X172.829 Y168.304
G1 F1800 X174.359 Y169.834 E779.92971
G0 F9000 X174.359 Y169.267
G1 F1800 X172.829 Y167.738 E780.00165
G0 F9000 X172.829 Y167.172
G1 F1800 X174.36 Y168.703 E780.07367
G0 F9000 X174.359 Y168.136
G1 F1800 X172.829 Y166.607 E780.14561
G0 F9000 X172.829 Y166.041
G1 F1800 X174.357 Y167.569 E780.21748
G0 F9000 X174.358 Y167.004
G1 F1800 X172.829 Y165.475 E780.2894
G0 F9000 X172.829 Y164.91
G1 F1800 X174.359 Y166.439 E780.36134
G0 F9000 X174.359 Y165.874
G1 F1800 X172.829 Y164.344 E780.43331
G0 F9000 X172.829 Y163.778
G1 F1800 X174.358 Y165.307 E780.50523
G0 F9000 X174.359 Y164.742
G1 F1800 X172.829 Y163.212 E780.5772
G0 F9000 X172.829 Y162.647
G1 F1800 X174.359 Y164.176 E780.64914
G0 F9000 X174.36 Y163.612
G1 F1800 X172.829 Y162.081 E780.72115
G0 F9000 X172.829 Y161.515
G1 F1800 X174.36 Y163.046 E780.79317
G0 F9000 X174.359 Y162.48
G1 F1800 X172.829 Y160.95 E780.86513
G0 F9000 X172.829 Y160.384
G1 F1800 X174.359 Y161.914 E780.9371
G0 F9000 X174.359 Y161.348
G1 F1800 X172.829 Y159.818 E781.00907
G0 F9000 X172.829 Y159.253
G1 F1800 X174.359 Y160.782 E781.08101
G0 F9000 X174.359 Y160.216
G1 F1800 X172.829 Y158.687 E781.15295
G0 F9000 X172.829 Y158.121
G1 F1800 X174.359 Y159.651 E781.22492
G0 F9000 X174.36 Y159.087
G1 F1800 X172.829 Y157.556 E781.29693
G0 F9000 X172.829 Y156.99
G1 F1800 X174.36 Y158.521 E781.36895
G0 F9000 X174.36 Y157.955
G1 F1800 X172.829 Y156.424 E781.44096
G0 F9000 X172.829 Y155.859
G1 F1800 X174.36 Y157.389 E781.51295
G0 F9000 X174.36 Y156.824
G1 F1800 X172.829 Y155.293 E781.58496
G0 F9000 X172.829 Y154.727
G1 F1800 X174.36 Y156.258 E781.65698
G0 F9000 X174.36 Y155.692
G1 F1800 X172.829 Y154.162 E781.72897
G0 F9000 X172.829 Y153.596
G1 F1800 X174.36 Y155.127 E781.80098
G0 F9000 X174.361 Y154.562
G1 F1800 X172.829 Y153.03 E781.87304
G0 F9000 X172.829 Y152.464
G1 F1800 X174.361 Y153.996 E781.9451
G0 F9000 X174.361 Y153.43
G1 F1800 X172.829 Y151.899 E782.01714
G0 F9000 X172.829 Y151.333
G1 F1800 X174.361 Y152.865 E782.0892
G0 F9000 X174.361 Y152.299
G1 F1800 X172.829 Y150.767 E782.16126
G0 F9000 X172.829 Y150.202
G1 F1800 X174.361 Y151.733 E782.2333
G0 F9000 X174.361 Y151.168
G1 F1800 X172.829 Y149.636 E782.30536
G0 F9000 X172.829 Y149.07
G1 F1800 X174.361 Y150.602 E782.37742
G0 F9000 X174.359 Y150.034
G1 F1800 X172.829 Y148.505 E782.44936
G0 F9000 X172.829 Y147.939
G1 F1800 X174.36 Y149.47 E782.52137
G0 F9000 X174.36 Y148.904
G1 F1800 X172.829 Y147.373 E782.59339
G0 F9000 X172.941 Y146.919
G1 F1800 X174.359 Y148.338 E782.66011
G0 F9000 X174.359 Y147.771
G1 F1800 X173.51 Y146.923 E782.70002
G0 F9000 X174.079 Y146.926
G1 F1800 X174.359 Y147.206 E782.71319
G0 F9000 X174.709 Y147.205
G1 F1440 E781.21319
;MESH:NONMESH
G0 F300 X174.709 Y147.205 Z8.8
G0 F9000 X174.8 Y147.206
G0 X174.728 Y203.424
G0 X173.921 Y203.601
;TIME_ELAPSED:1420.725848
;LAYER:43
;TYPE:WALL-INNER
;MESH:Vertical_Tension_Member.stl
G1 F1440 E782.71319
G1 F1800 X173.721 Y203.6 E782.71984
G1 X172.3 Y203.592 E782.76711
G1 X172.301 Y146.566 E784.6638
G1 X172.301 Y146.366 E784.67045
G1 X172.501 Y146.367 E784.67475
G1 X173.921 Y146.375 E784.72198
G1 X173.92 Y146.876 E784.73864
G1 X173.922 Y147.143 E784.74752
G1 X173.92 Y147.47 E784.7584
G1 X173.922 Y147.766 E784.76825
G1 X173.92 Y173.541 E785.62553
G1 X173.922 Y174.059 E785.64275
G1 X173.92 Y174.512 E785.65782
G1 X173.922 Y175.742 E785.69873
G1 X173.92 Y176.99 E785.74024
G1 X173.922 Y177.787 E785.76675
G1 X173.92 Y183.006 E785.94033
G1 X173.922 Y184.606 E785.99355
G1 X173.92 Y185.351 E786.01833
G1 X173.922 Y185.724 E786.03073
G1 X173.92 Y189.441 E786.15436
G1 X173.922 Y191.526 E786.22371
G1 X173.92 Y192.245 E786.24762
G1 X173.922 Y192.959 E786.27137
G1 X173.921 Y203.401 E786.61867
G1 X173.921 Y203.601 E786.62297
G0 F9000 X174.321 Y204.003
;TYPE:WALL-OUTER
G1 F1800 X171.9 Y203.99 E786.7035
G1 X171.901 Y145.964 E788.63345
G1 X174.321 Y145.977 E788.71394
G1 X174.32 Y146.875 E788.74381
G1 X174.322 Y147.145 E788.75279
G1 X174.32 Y147.47 E788.7636
G1 X174.322 Y147.766 E788.77344
G1 X174.32 Y173.54 E789.63069
G1 X174.322 Y174.061 E789.64802
G1 X174.32 Y174.513 E789.66305
G1 X174.322 Y175.743 E789.70396
G1 X174.32 Y176.99 E789.74544
G1 X174.322 Y177.787 E789.77195
G1 X174.321 Y181.809 E789.90572
G1 X174.322 Y182.335 E789.92321
G1 X174.32 Y183.006 E789.94553
G1 X174.322 Y184.607 E789.99878
G1 X174.32 Y185.35 E790.02349
G1 X174.322 Y185.724 E790.03593
G1 X174.321 Y188.523 E790.12903
G1 X174.322 Y188.925 E790.1424
G1 X174.32 Y189.442 E790.15959
G1 X174.322 Y191.527 E790.22894
G1 X174.32 Y192.245 E790.25282
G1 X174.322 Y192.959 E790.27657
G1 X174.321 Y195.236 E790.3523
G1 X174.321 Y204.003 E790.64389
G0 F9000 X174.051 Y203.732
G0 X173.529 Y203.488
G0 X173.531 Y203.209
;TYPE:SKIN
G1 F1800 X172.69 Y203.204 E790.67187
G1 X172.691 Y146.758 E792.54927
G1 X173.53 Y146.763 E792.57717
G1 X173.532 Y147.141 E792.58975
G1 X173.53 Y147.47 E792.60069
G1 X173.532 Y147.766 E792.61053
G1 X173.53 Y173.541 E793.46781
G1 X173.532 Y174.059 E793.48504
G1 X173.53 Y174.512 E793.50011
G1 X173.532 Y175.742 E793.54102
G1 X173.53 Y176.99 E793.58253
G1 X173.532 Y177.787 E793.60904
G1 X173.53 Y183.006 E793.78262
G1 X173.532 Y184.606 E793.83584
G1 X173.53 Y185.353 E793.86068
G1 X173.532 Y185.724 E793.87302
G1 X173.53 Y189.441 E793.99665
G1 X173.532 Y191.526 E794.066
G1 X173.53 Y192.245 E794.08991
G1 X173.532 Y192.959 E794.11366
G1 X173.531 Y203.209 E794.45458
G0 F9000 X173.134 Y203.046
G1 F1800 X173.371 Y202.809 E794.46573
G0 F9000 X172.85 Y202.764
G1 F1800 X173.371 Y202.243 E794.49023
G0 F9000 X172.85 Y202.199
G1 F1800 X173.371 Y201.678 E794.51474
G0 F9000 X172.85 Y201.633
G1 F1800 X173.371 Y201.112 E794.53924
G0 F9000 X172.85 Y201.067
G1 F1800 X173.371 Y200.546 E794.56375
G0 F9000 X172.85 Y200.502
G1 F1800 X173.371 Y199.981 E794.58826
G0 F9000 X172.85 Y199.936
G1 F1800 X173.371 Y199.415 E794.61276
G0 F9000 X172.85 Y199.37
G1 F1800 X173.371 Y198.849 E794.63727
G0 F9000 X172.85 Y198.805
G1 F1800 X173.371 Y198.284 E794.66177
G0 F9000 X172.85 Y198.239
G1 F1800 X173.371 Y197.718 E794.68628
G0 F9000 X172.85 Y197.673
G1 F1800 X173.371 Y197.152 E794.71079
G0 F9000 X172.85 Y197.108
G1 F1800 X173.371 Y196.586 E794.73532
G0 F9000 X172.85 Y196.542
G1 F1800 X173.371 Y196.021 E794.75982
G0 F9000 X172.85 Y195.976
G1 F1800 X173.371 Y195.455 E794.78433
G0 F9000 X172.85 Y195.411
G1 F1800 X173.371 Y194.889 E794.80886
G0 F9000 X172.85 Y194.845
G1 F1800 X173.371 Y194.324 E794.83337
G0 F9000 X172.85 Y194.279
G1 F1800 X173.371 Y193.758 E794.85787
G0 F9000 X172.85 Y193.714
G1 F1800 X173.371 Y193.192 E794.8824
G0 F9000 X172.85 Y193.148
G1 F1800 X173.37 Y192.627 E794.90688
G0 F9000 X172.85 Y192.582
G1 F1800 X173.369 Y192.062 E794.93132
G0 F9000 X172.85 Y192.016
G1 F1800 X173.371 Y191.495 E794.95583
G0 F9000 X172.85 Y191.451
G1 F1800 X173.371 Y190.93 E794.98033
G0 F9000 X172.85 Y190.885
G1 F1800 X173.37 Y190.365 E795.00479
G0 F9000 X172.85 Y190.319
G1 F1800 X173.37 Y189.799 E795.02925
G0 F9000 X172.85 Y189.754
G1 F1800 X173.37 Y189.233 E795.05373
G0 F9000 X172.85 Y189.188
G1 F1800 X173.37 Y188.668 E795.07819
G0 F9000 X172.85 Y188.622
G1 F1800 X173.37 Y188.102 E795.10265
G0 F9000 X172.85 Y188.057
G1 F1800 X173.371 Y187.536 E795.12716
G0 F9000 X172.85 Y187.491
G1 F1800 X173.371 Y186.97 E795.15166
G0 F9000 X172.85 Y186.925
G1 F1800 X173.371 Y186.404 E795.17617
G0 F9000 X172.85 Y186.36
G1 F1800 X173.371 Y185.838 E795.2007
G0 F9000 X172.85 Y185.794
G1 F1800 X173.37 Y185.273 E795.22518
G0 F9000 X172.85 Y185.228
G1 F1800 X173.371 Y184.707 E795.24969
G0 F9000 X172.85 Y184.663
G1 F1800 X173.371 Y184.141 E795.27422
G0 F9000 X172.85 Y184.097
G1 F1800 X173.37 Y183.576 E795.2987
G0 F9000 X172.85 Y183.531
G1 F1800 X173.369 Y183.011 E795.32314
G0 F9000 X172.85 Y182.966
G1 F1800 X173.369 Y182.446 E795.34757
G0 F9000 X172.85 Y182.4
G1 F1800 X173.369 Y181.88 E795.37201
G0 F9000 X172.85 Y181.834
G1 F1800 X173.369 Y181.314 E795.39644
G0 F9000 X172.85 Y181.268
G1 F1800 X173.37 Y180.748 E795.4209
G0 F9000 X172.85 Y180.703
G1 F1800 X173.37 Y180.182 E795.44539
G0 F9000 X172.85 Y180.137
G1 F1800 X173.37 Y179.617 E795.46985
G0 F9000 X172.85 Y179.571
G1 F1800 X173.371 Y179.05 E795.49435
G0 F9000 X172.85 Y179.006
G1 F1800 X173.371 Y178.485 E795.51886
G0 F9000 X172.85 Y178.44
G1 F1800 X173.371 Y177.919 E795.54336
G0 F9000 X172.85 Y177.874
G1 F1800 X173.37 Y177.354 E795.56782
G0 F9000 X172.85 Y177.309
G1 F1800 X173.369 Y176.789 E795.59226
G0 F9000 X172.85 Y176.743
G1 F1800 X173.37 Y176.223 E795.61672
G0 F9000 X172.85 Y176.177
G1 F1800 X173.371 Y175.656 E795.64123
G0 F9000 X172.85 Y175.612
G1 F1800 X173.37 Y175.091 E795.66571
G0 F9000 X172.85 Y175.046
G1 F1800 X173.369 Y174.526 E795.69014
G0 F9000 X172.85 Y174.48
G1 F1800 X173.371 Y173.959 E795.71465
G0 F9000 X172.85 Y173.915
G1 F1800 X173.37 Y173.394 E795.73913
G0 F9000 X172.85 Y173.349
G1 F1800 X173.37 Y172.828 E795.76362
G0 F9000 X172.85 Y172.783
G1 F1800 X173.37 Y172.263 E795.78807
G0 F9000 X172.85 Y172.217
G1 F1800 X173.37 Y171.697 E795.81253
G0 F9000 X172.85 Y171.652
G1 F1800 X173.37 Y171.131 E795.83702
G0 F9000 X172.85 Y171.086
G1 F1800 X173.37 Y170.566 E795.86148
G0 F9000 X172.85 Y170.52
G1 F1800 X173.37 Y170 E795.88593
G0 F9000 X172.85 Y169.955
G1 F1800 X173.37 Y169.434 E795.91042
G0 F9000 X172.85 Y169.389
G1 F1800 X173.37 Y168.869 E795.93488
G0 F9000 X172.85 Y168.823
G1 F1800 X173.37 Y168.303 E795.95934
G0 F9000 X172.85 Y168.258
G1 F1800 X173.37 Y167.737 E795.98382
G0 F9000 X172.85 Y167.692
G1 F1800 X173.37 Y167.172 E796.00828
G0 F9000 X172.85 Y167.126
G1 F1800 X173.37 Y166.606 E796.03274
G0 F9000 X172.85 Y166.561
G1 F1800 X173.37 Y166.04 E796.05722
G0 F9000 X172.85 Y165.995
G1 F1800 X173.37 Y165.475 E796.08168
G0 F9000 X172.85 Y165.429
G1 F1800 X173.37 Y164.909 E796.10614
G0 F9000 X172.85 Y164.864
G1 F1800 X173.37 Y164.343 E796.13062
G0 F9000 X172.85 Y164.298
G1 F1800 X173.37 Y163.777 E796.1551
G0 F9000 X172.85 Y163.732
G1 F1800 X173.37 Y163.212 E796.17956
G0 F9000 X172.85 Y163.167
G1 F1800 X173.37 Y162.646 E796.20405
G0 F9000 X172.85 Y162.601
G1 F1800 X173.37 Y162.08 E796.22853
G0 F9000 X172.85 Y162.035
G1 F1800 X173.37 Y161.515 E796.25299
G0 F9000 X172.85 Y161.469
G1 F1800 X173.37 Y160.949 E796.27745
G0 F9000 X172.85 Y160.904
G1 F1800 X173.37 Y160.383 E796.30193
G0 F9000 X172.85 Y160.338
G1 F1800 X173.37 Y159.818 E796.32639
G0 F9000 X172.85 Y159.772
G1 F1800 X173.37 Y159.252 E796.35085
G0 F9000 X172.85 Y159.207
G1 F1800 X173.37 Y158.686 E796.37533
G0 F9000 X172.85 Y158.641
G1 F1800 X173.37 Y158.121 E796.39979
G0 F9000 X172.85 Y158.075
G1 F1800 X173.37 Y157.555 E796.42425
G0 F9000 X172.85 Y157.51
G1 F1800 X173.37 Y156.989 E796.44873
G0 F9000 X172.85 Y156.944
G1 F1800 X173.37 Y156.424 E796.47319
G0 F9000 X172.85 Y156.378
G1 F1800 X173.37 Y155.858 E796.49765
G0 F9000 X172.85 Y155.813
G1 F1800 X173.37 Y155.292 E796.52213
G0 F9000 X172.85 Y155.247
G1 F1800 X173.37 Y154.726 E796.54662
G0 F9000 X172.85 Y154.681
G1 F1800 X173.37 Y154.161 E796.57108
G0 F9000 X172.85 Y154.116
G1 F1800 X173.37 Y153.595 E796.59556
G0 F9000 X172.85 Y153.55
G1 F1800 X173.37 Y153.029 E796.62004
G0 F9000 X172.85 Y152.984
G1 F1800 X173.37 Y152.464 E796.6445
G0 F9000 X172.85 Y152.418
G1 F1800 X173.37 Y151.898 E796.66896
G0 F9000 X172.85 Y151.853
G1 F1800 X173.37 Y151.332 E796.69344
G0 F9000 X172.85 Y151.287
G1 F1800 X173.37 Y150.767 E796.7179
G0 F9000 X172.85 Y150.721
G1 F1800 X173.37 Y150.201 E796.74236
G0 F9000 X172.85 Y150.156
G1 F1800 X173.37 Y149.635 E796.76684
G0 F9000 X172.85 Y149.59
G1 F1800 X173.37 Y149.07 E796.7913
G0 F9000 X172.85 Y149.024
G1 F1800 X173.37 Y148.504 E796.81576
G0 F9000 X172.85 Y148.459
G1 F1800 X173.37 Y147.938 E796.84024
G0 F9000 X172.85 Y147.893
G1 F1800 X173.369 Y147.373 E796.86468
G0 F9000 X173.256 Y146.921
G1 F1800 X172.85 Y147.327 E796.88378
G0 F9000 X172.5 Y147.326
G1 F1440 E795.38378
;MESH:NONMESH
G0 F300 X172.5 Y147.326 Z9
G0 F9000 X172.411 Y147.326
G0 X172.482 Y203.411
G0 X172.932 Y203.596
;TIME_ELAPSED:1444.816986
;LAYER:44
;TYPE:WALL-INNER
;MESH:Vertical_Tension_Member.stl
G1 F1440 E796.88378
G1 F1773.3 X172.732 Y203.595 E796.89043
G1 X172.32 Y203.592 E796.90413
G1 X172.321 Y146.566 E798.80082
G1 X172.321 Y146.366 E798.80748
G1 X172.521 Y146.367 E798.81178
G1 X172.931 Y146.37 E798.82541
G1 X172.933 Y147.911 E798.87667
G1 X172.932 Y203.396 E800.72211
G1 X172.932 Y203.596 E800.7264
G0 F9000 X173.332 Y203.998
;TYPE:WALL-OUTER
G1 F1773.3 X171.92 Y203.99 E800.77337
G1 X171.921 Y145.964 E802.70332
G1 X173.331 Y145.972 E802.75022
G1 X173.333 Y147.911 E802.81471
G1 X173.332 Y203.998 E804.68017
G0 F9000 X172.772 Y203.319
;TYPE:SKIN
G1 F1773.3 X172.479 Y203.026 E804.69395
G0 F9000 X172.772 Y202.753
G1 F1773.3 X172.479 Y202.46 E804.70773
G0 F9000 X172.772 Y202.187
G1 F1773.3 X172.479 Y201.895 E804.72149
G0 F9000 X172.772 Y201.622
G1 F1773.3 X172.479 Y201.329 E804.73527
G0 F9000 X172.772 Y201.056
G1 F1773.3 X172.479 Y200.763 E804.74906
G0 F9000 X172.772 Y200.49
G1 F1773.3 X172.479 Y200.198 E804.76281
G0 F9000 X172.772 Y199.925
G1 F1773.3 X172.479 Y199.632 E804.7766
G0 F9000 X172.772 Y199.359
G1 F1773.3 X172.479 Y199.066 E804.79038
G0 F9000 X172.772 Y198.793
G1 F1773.3 X172.479 Y198.501 E804.80414
G0 F9000 X172.772 Y198.228
G1 F1773.3 X172.479 Y197.935 E804.81792
G0 F9000 X172.772 Y197.662
G1 F1773.3 X172.479 Y197.369 E804.8317
G0 F9000 X172.772 Y197.096
G1 F1773.3 X172.479 Y196.804 E804.84546
G0 F9000 X172.772 Y196.531
G1 F1773.3 X172.479 Y196.238 E804.85924
G0 F9000 X172.772 Y195.965
G1 F1773.3 X172.479 Y195.672 E804.87302
G0 F9000 X172.772 Y195.399
G1 F1773.3 X172.479 Y195.107 E804.88678
G0 F9000 X172.772 Y194.834
G1 F1773.3 X172.479 Y194.541 E804.90056
G0 F9000 X172.772 Y194.268
G1 F1773.3 X172.479 Y193.975 E804.91434
G0 F9000 X172.772 Y193.702
G1 F1773.3 X172.479 Y193.409 E804.92813
G0 F9000 X172.772 Y193.137
G1 F1773.3 X172.479 Y192.844 E804.94191
G0 F9000 X172.772 Y192.571
G1 F1773.3 X172.479 Y192.278 E804.95569
G0 F9000 X172.772 Y192.005
G1 F1773.3 X172.479 Y191.712 E804.96947
G0 F9000 X172.772 Y191.439
G1 F1773.3 X172.479 Y191.147 E804.98323
G0 F9000 X172.772 Y190.874
G1 F1773.3 X172.479 Y190.581 E804.99701
G0 F9000 X172.772 Y190.308
G1 F1773.3 X172.479 Y190.015 E805.01079
G0 F9000 X172.772 Y189.742
G1 F1773.3 X172.479 Y189.45 E805.02455
G0 F9000 X172.772 Y189.177
G1 F1773.3 X172.479 Y188.884 E805.03833
G0 F9000 X172.772 Y188.611
G1 F1773.3 X172.479 Y188.318 E805.05212
G0 F9000 X172.772 Y188.045
G1 F1773.3 X172.479 Y187.753 E805.06587
G0 F9000 X172.772 Y187.48
G1 F1773.3 X172.479 Y187.187 E805.07966
G0 F9000 X172.772 Y186.914
G1 F1773.3 X172.479 Y186.621 E805.09344
G0 F9000 X172.772 Y186.348
G1 F1773.3 X172.479 Y186.056 E805.1072
G0 F9000 X172.772 Y185.783
G1 F1773.3 X172.479 Y185.49 E805.12098
G0 F9000 X172.772 Y185.217
G1 F1773.3 X172.479 Y184.924 E805.13476
G0 F9000 X172.772 Y184.651
G1 F1773.3 X172.479 Y184.359 E805.14852
G0 F9000 X172.772 Y184.086
G1 F1773.3 X172.479 Y183.793 E805.1623
G0 F9000 X172.772 Y183.52
G1 F1773.3 X172.479 Y183.227 E805.17608
G0 F9000 X172.772 Y182.954
G1 F1773.3 X172.479 Y182.661 E805.18986
G0 F9000 X172.772 Y182.389
G1 F1773.3 X172.479 Y182.096 E805.20365
G0 F9000 X172.772 Y181.823
G1 F1773.3 X172.479 Y181.53 E805.21743
G0 F9000 X172.772 Y181.257
G1 F1773.3 X172.479 Y180.964 E805.23121
G0 F9000 X172.772 Y180.691
G1 F1773.3 X172.479 Y180.399 E805.24497
G0 F9000 X172.772 Y180.126
G1 F1773.3 X172.479 Y179.833 E805.25875
G0 F9000 X172.772 Y179.56
G1 F1773.3 X172.479 Y179.267 E805.27253
G0 F9000 X172.772 Y178.994
G1 F1773.3 X172.479 Y178.702 E805.28629
G0 F9000 X172.772 Y178.429
G1 F1773.3 X172.479 Y178.136 E805.30007
G0 F9000 X172.772 Y177.863
G1 F1773.3 X172.479 Y177.57 E805.31385
G0 F9000 X172.772 Y177.297
G1 F1773.3 X172.479 Y177.005 E805.32761
G0 F9000 X172.772 Y176.732
G1 F1773.3 X172.479 Y176.439 E805.34139
G0 F9000 X172.772 Y176.166
G1 F1773.3 X172.479 Y175.873 E805.35517
G0 F9000 X172.772 Y175.6
G1 F1773.3 X172.479 Y175.308 E805.36893
G0 F9000 X172.772 Y175.035
G1 F1773.3 X172.479 Y174.742 E805.38271
G0 F9000 X172.772 Y174.469
G1 F1773.3 X172.479 Y174.176 E805.3965
G0 F9000 X172.772 Y173.903
G1 F1773.3 X172.479 Y173.61 E805.41028
G0 F9000 X172.772 Y173.338
G1 F1773.3 X172.479 Y173.045 E805.42406
G0 F9000 X172.772 Y172.772
G1 F1773.3 X172.479 Y172.479 E805.43784
G0 F9000 X172.772 Y172.206
G1 F1773.3 X172.479 Y171.913 E805.45162
G0 F9000 X172.772 Y171.64
G1 F1773.3 X172.479 Y171.348 E805.46538
G0 F9000 X172.772 Y171.075
G1 F1773.3 X172.479 Y170.782 E805.47916
G0 F9000 X172.772 Y170.509
G1 F1773.3 X172.479 Y170.216 E805.49295
G0 F9000 X172.772 Y169.943
G1 F1773.3 X172.479 Y169.651 E805.5067
G0 F9000 X172.772 Y169.378
G1 F1773.3 X172.479 Y169.085 E805.52049
G0 F9000 X172.772 Y168.812
G1 F1773.3 X172.479 Y168.519 E805.53427
G0 F9000 X172.772 Y168.246
G1 F1773.3 X172.479 Y167.954 E805.54803
G0 F9000 X172.772 Y167.681
G1 F1773.3 X172.479 Y167.388 E805.56181
G0 F9000 X172.772 Y167.115
G1 F1773.3 X172.479 Y166.822 E805.57559
G0 F9000 X172.772 Y166.549
G1 F1773.3 X172.479 Y166.257 E805.58935
G0 F9000 X172.772 Y165.984
G1 F1773.3 X172.479 Y165.691 E805.60313
G0 F9000 X172.772 Y165.418
G1 F1773.3 X172.479 Y165.125 E805.61691
G0 F9000 X172.772 Y164.852
G1 F1773.3 X172.479 Y164.56 E805.63067
G0 F9000 X172.772 Y164.287
G1 F1773.3 X172.479 Y163.994 E805.64445
G0 F9000 X172.772 Y163.721
G1 F1773.3 X172.479 Y163.428 E805.65823
G0 F9000 X172.772 Y163.155
G1 F1773.3 X172.479 Y162.862 E805.67202
G0 F9000 X172.772 Y162.59
G1 F1773.3 X172.479 Y162.297 E805.6858
G0 F9000 X172.772 Y162.024
G1 F1773.3 X172.479 Y161.731 E805.69958
G0 F9000 X172.772 Y161.458
G1 F1773.3 X172.479 Y161.165 E805.71336
G0 F9000 X172.772 Y160.892
G1 F1773.3 X172.479 Y160.6 E805.72712
G0 F9000 X172.772 Y160.327
G1 F1773.3 X172.479 Y160.034 E805.7409
G0 F9000 X172.772 Y159.761
G1 F1773.3 X172.479 Y159.468 E805.75468
G0 F9000 X172.772 Y159.195
G1 F1773.3 X172.479 Y158.903 E805.76844
G0 F9000 X172.772 Y158.63
G1 F1773.3 X172.479 Y158.337 E805.78222
G0 F9000 X172.772 Y158.064
G1 F1773.3 X172.479 Y157.771 E805.79601
G0 F9000 X172.772 Y157.498
G1 F1773.3 X172.479 Y157.206 E805.80976
G0 F9000 X172.772 Y156.933
G1 F1773.3 X172.479 Y156.64 E805.82355
G0 F9000 X172.772 Y156.367
G1 F1773.3 X172.479 Y156.074 E805.83733
G0 F9000 X172.772 Y155.801
G1 F1773.3 X172.479 Y155.509 E805.85109
G0 F9000 X172.772 Y155.236
G1 F1773.3 X172.479 Y154.943 E805.86487
G0 F9000 X172.772 Y154.67
G1 F1773.3 X172.479 Y154.377 E805.87865
G0 F9000 X172.772 Y154.104
G1 F1773.3 X172.479 Y153.811 E805.89243
G0 F9000 X172.772 Y153.539
G1 F1773.3 X172.479 Y153.246 E805.90621
G0 F9000 X172.772 Y152.973
G1 F1773.3 X172.479 Y152.68 E805.91999
G0 F9000 X172.772 Y152.407
G1 F1773.3 X172.479 Y152.114 E805.93378
G0 F9000 X172.772 Y151.841
G1 F1773.3 X172.479 Y151.549 E805.94753
G0 F9000 X172.772 Y151.276
G1 F1773.3 X172.479 Y150.983 E805.96132
G0 F9000 X172.772 Y150.71
G1 F1773.3 X172.479 Y150.417 E805.9751
G0 F9000 X172.772 Y150.144
G1 F1773.3 X172.479 Y149.852 E805.98886
G0 F9000 X172.772 Y149.579
G1 F1773.3 X172.479 Y149.286 E806.00264
G0 F9000 X172.772 Y149.013
G1 F1773.3 X172.479 Y148.72 E806.01642
G0 F9000 X172.772 Y148.447
G1 F1773.3 X172.479 Y148.155 E806.03018
G0 F9000 X172.772 Y147.882
G1 F1773.3 X172.479 Y147.589 E806.04396
G0 F9000 X172.771 Y147.315
G1 F1773.3 X172.479 Y147.023 E806.0577
G0 F9000 X172.77 Y146.749
G1 F1773.3 X172.548 Y146.527 E806.06814
G0 F9000 X172.55 Y146.567
G1 F1440 E804.56814
;MESH:NONMESH
G0 F300 X172.55 Y146.567 Z9.2
G0 F9000 X172.551 Y146.478
G0 X172.345 Y203.693
G0 X172.343 Y203.992
;TIME_ELAPSED:1462.178653
;LAYER:45
;TYPE:WALL-OUTER
;MESH:Vertical_Tension_Member.stl
G1 F1440 E806.06814
G1 F729 X171.941 Y203.99 E806.08151
G1 X171.942 Y145.964 E808.01146
G1 X172.342 Y145.966 E808.02476
G1 X172.344 Y146.714 E808.04964
G1 X172.343 Y203.992 E809.95472
;TIME_ELAPSED:1471.928997
G1 F1440 E808.45472
M140 S0
M107
G91 ;Relative positioning
G1 E-2 F2700 ;Retract a bit
G1 E-2 Z0.2 F2400 ;Retract and raise Z
G1 X5 Y5 F3000 ;Wipe out
G1 Z10 ;Raise Z more
G90 ;Absolute positionning

G1 X0 Y350 ;Present print
M106 S0 ;Turn-off fan
M104 S0 ;Turn-off hotend
M140 S0 ;Turn-off bed

M84 X Y E ;Disable all steppers but Z

M82 ;absolute extrusion mode
M104 S0
;End of Gcode
;SETTING_3 {"global_quality": "[general]\\nversion = 4\\nname = Standard Quality
;SETTING_3  #2\\ndefinition = creality_base\\n\\n[metadata]\\nquality_type = sta
;SETTING_3 ndard\\nsetting_version = 16\\ntype = quality_changes\\n\\n[values]\\
;SETTING_3 n\\n", "extruder_quality": ["[general]\\nversion = 4\\nname = Standar
;SETTING_3 d Quality #2\\ndefinition = creality_ender5plus\\n\\n[metadata]\\npos
;SETTING_3 ition = 0\\nquality_type = standard\\nsetting_version = 16\\ntype = q
;SETTING_3 uality_changes\\n\\n[values]\\ninfill_sparse_density = 10\\nmaterial_
;SETTING_3 print_temperature = 205\\nretraction_amount = 1.5\\nretraction_speed 
;SETTING_3 = 24\\nspeed_print = 60\\nsupport_connect_zigzags = False\\nsupport_i
;SETTING_3 nfill_rate = 5\\n\\n"]}
