;FLAVOR:Marlin
;TIME:2784
;Filament used: 0.912493m
;Layer height: 0.2
;MINX:157.011
;MINY:157.03
;MINZ:0.2
;MAXX:192.99
;MAXY:192.97
;MAXZ:64
;Generated with Cura_SteamEngine 4.8.0
M140 S60
M105
M190 S60
M104 S195
M105
M109 S195
M82 ;absolute extrusion mode
M201 X500.00 Y500.00 Z100.00 E5000.00 ;Setup machine max acceleration
M203 X500.00 Y500.00 Z10.00 E50.00 ;Setup machine max feedrate
M204 P500.00 R1000.00 T500.00 ;Setup Print/Retract/Travel acceleration
M205 X8.00 Y8.00 Z0.40 E5.00 ;Setup Jerk
M220 S100 ;Reset Feedrate
M221 S100 ;Reset Flowrate

G28 ;Home
M420 S1 Z2 ;Enable ABL using saved Mesh and Fade Height

G92 E0 ;Reset Extruder
G1 Z2.0 F3000 ;Move Z Axis up
G1 X10.1 Y20 Z0.28 F5000.0 ;Move to start position
G1 X10.1 Y200.0 Z0.28 F1500.0 E15 ;Draw the first line
G1 X10.4 Y200.0 Z0.28 F5000.0 ;Move to side a little
G1 X10.4 Y20 Z0.28 F1500.0 E30 ;Draw the second line
G92 E0 ;Reset Extruder
G1 Z2.0 F3000 ;Move Z Axis up

G92 E0
G92 E0
G1 F1440 E-1.5
;LAYER_COUNT:320
;LAYER:0
M107
G0 F6000 X162.178 Y162.392 Z0.2
;TYPE:SKIRT
G1 F1440 E0
G1 F1200 X162.4 Y162.177 E0.01028
G1 X162.608 Y161.981 E0.01978
G1 X162.981 Y161.641 E0.03657
G1 X163.504 Y161.179 E0.05978
G1 X164.233 Y160.589 E0.09097
G1 X164.685 Y160.27 E0.10937
G1 X164.946 Y160.096 E0.11981
G1 X165.277 Y159.885 E0.13286
G1 X165.636 Y159.664 E0.14688
G1 X166.158 Y159.351 E0.16713
G1 X166.982 Y158.903 E0.19832
G1 X167.63 Y158.612 E0.22195
G1 X168.505 Y158.252 E0.25342
G1 X168.873 Y158.109 E0.26655
G1 X169.273 Y157.961 E0.28074
G1 X170.166 Y157.673 E0.31194
G1 X170.723 Y157.535 E0.33103
G1 X171.018 Y157.47 E0.34108
G1 X171.329 Y157.406 E0.35164
G1 X171.797 Y157.319 E0.36747
G1 X172.504 Y157.198 E0.39133
G1 X173.435 Y157.079 E0.42254
G1 X174.043 Y157.045 E0.4428
G1 X174.39 Y157.035 E0.45434
G1 X174.707 Y157.03 E0.46489
G1 X174.941 Y157.03 E0.47267
G1 X175.821 Y157.042 E0.50194
G1 X176.758 Y157.097 E0.53316
G1 X177.334 Y157.17 E0.55247
G1 X177.657 Y157.22 E0.56334
G1 X177.972 Y157.274 E0.57397
G1 X178.376 Y157.35 E0.58765
G1 X179.103 Y157.497 E0.61232
G1 X180.014 Y157.722 E0.64353
G1 X180.6 Y157.912 E0.66402
G1 X180.865 Y158.006 E0.67337
G1 X181.128 Y158.103 E0.68269
G1 X181.558 Y158.27 E0.69803
G1 X182.186 Y158.525 E0.72058
G1 X183.04 Y158.915 E0.7518
G1 X183.639 Y159.244 E0.77453
G1 X184.454 Y159.725 E0.80601
G1 X184.79 Y159.931 E0.81912
G1 X185.123 Y160.144 E0.83226
G1 X185.688 Y160.531 E0.85504
G1 X186.398 Y161.093 E0.88516
G1 X186.658 Y161.317 E0.89657
G1 X186.892 Y161.525 E0.90699
G1 X187.213 Y161.82 E0.92149
G1 X187.71 Y162.288 E0.94419
G1 X188.365 Y162.959 E0.97538
G1 X188.717 Y163.373 E0.99345
G1 X188.913 Y163.615 E1.00381
G1 X189.143 Y163.908 E1.0162
G1 X189.396 Y164.247 E1.03027
G1 X189.845 Y164.863 E1.05562
G1 X190.365 Y165.643 E1.0868
G1 X190.66 Y166.161 E1.10663
G1 X190.786 Y166.397 E1.11553
G1 X190.921 Y166.659 E1.12533
G1 X191.125 Y167.07 E1.14059
G1 X191.399 Y167.64 E1.16163
G1 X191.769 Y168.502 E1.19283
G1 X192 Y169.177 E1.21656
G1 X192.269 Y170.053 E1.24703
G1 X192.373 Y170.413 E1.2595
G1 X192.49 Y170.846 E1.27442
G1 X192.696 Y171.761 E1.30561
G1 X192.789 Y172.374 E1.32623
G1 X192.831 Y172.716 E1.33769
G1 X192.867 Y173.047 E1.34877
G1 X192.899 Y173.414 E1.36102
G1 X192.956 Y174.141 E1.38527
G1 X192.99 Y175.078 E1.41646
G1 X192.968 Y175.69 E1.43683
G1 X192.95 Y175.977 E1.44639
G1 X192.93 Y176.249 E1.45546
G1 X192.884 Y176.752 E1.47226
G1 X192.807 Y177.466 E1.49615
G1 X192.666 Y178.394 E1.52737
G1 X192.534 Y178.984 E1.54748
G1 X192.447 Y179.328 E1.55928
G1 X192.36 Y179.653 E1.57047
G1 X192.26 Y179.998 E1.58242
G1 X192.051 Y180.694 E1.60659
G1 X191.743 Y181.58 E1.63778
G1 X191.486 Y182.179 E1.65946
G1 X191.327 Y182.52 E1.67198
G1 X191.119 Y182.944 E1.68769
G1 X190.723 Y183.716 E1.71654
G1 X190.258 Y184.531 E1.74775
G1 X189.916 Y185.043 E1.76823
G1 X189.615 Y185.463 E1.78542
G1 X189.263 Y185.931 E1.80489
G1 X188.833 Y186.482 E1.82814
G1 X188.225 Y187.196 E1.85933
G1 X187.808 Y187.621 E1.87914
G1 X187.595 Y187.827 E1.88899
G1 X187.391 Y188.019 E1.89831
G1 X187.022 Y188.356 E1.91493
G1 X186.498 Y188.819 E1.93819
G1 X185.769 Y189.41 E1.9694
G1 X185.274 Y189.756 E1.98949
G1 X184.971 Y189.956 E2.00156
G1 X184.71 Y190.124 E2.01189
G1 X184.379 Y190.327 E2.0248
G1 X183.775 Y190.689 E2.04822
G1 X182.951 Y191.137 E2.07942
G1 X182.387 Y191.393 E2.10002
G1 X182.033 Y191.542 E2.11279
G1 X181.727 Y191.665 E2.12376
G1 X181.362 Y191.805 E2.13676
G1 X180.747 Y192.033 E2.15858
G1 X179.854 Y192.321 E2.18979
G1 X179.296 Y192.46 E2.20891
G1 X178.943 Y192.538 E2.22094
G1 X178.602 Y192.608 E2.23251
G1 X178.17 Y192.687 E2.24712
G1 X177.49 Y192.803 E2.27007
G1 X176.559 Y192.922 E2.30128
G1 X175.971 Y192.955 E2.32087
G1 X175.639 Y192.965 E2.33192
G1 X175.308 Y192.97 E2.34293
G1 X174.891 Y192.969 E2.3568
G1 X174.181 Y192.958 E2.38041
G1 X173.244 Y192.903 E2.41163
G1 X172.668 Y192.83 E2.43094
G1 X172.345 Y192.78 E2.44182
G1 X172.03 Y192.726 E2.45245
G1 X171.626 Y192.65 E2.46612
G1 X170.899 Y192.503 E2.49079
G1 X169.988 Y192.278 E2.522
G1 X169.41 Y192.091 E2.5422
G1 X169.15 Y191.999 E2.55138
G1 X168.883 Y191.901 E2.56084
G1 X168.609 Y191.796 E2.5706
G1 X168.402 Y191.714 E2.578
G1 X167.738 Y191.444 E2.60184
G1 X166.885 Y191.054 E2.63304
G1 X166.36 Y190.768 E2.65292
G1 X166.055 Y190.591 E2.66465
G1 X165.797 Y190.437 E2.67464
G1 X165.414 Y190.198 E2.68966
G1 X164.855 Y189.84 E2.71174
G1 X164.087 Y189.301 E2.74294
G1 X163.599 Y188.903 E2.76389
G1 X163.321 Y188.663 E2.7761
G1 X163.098 Y188.466 E2.786
G1 X162.786 Y188.179 E2.8001
G1 X162.287 Y187.709 E2.8229
G1 X161.632 Y187.038 E2.85409
G1 X161.274 Y186.617 E2.87247
G1 X161.08 Y186.377 E2.88273
G1 X160.857 Y186.092 E2.89477
G1 X160.615 Y185.769 E2.90819
G1 X160.176 Y185.169 E2.93292
G1 X159.655 Y184.39 E2.96409
G1 X159.381 Y183.912 E2.98242
G1 X159.244 Y183.659 E2.99199
G1 X159.064 Y183.311 E3.00502
G1 X158.863 Y182.904 E3.02011
G1 X158.595 Y182.345 E3.04073
G1 X158.226 Y181.483 E3.07192
G1 X157.998 Y180.817 E3.09533
G1 X157.727 Y179.934 E3.12605
G1 X157.612 Y179.532 E3.13996
G1 X157.498 Y179.103 E3.15472
G1 X157.296 Y178.187 E3.18592
G1 X157.206 Y177.578 E3.2064
G1 X157.159 Y177.183 E3.21963
G1 X157.127 Y176.879 E3.2298
G1 X157.097 Y176.532 E3.24138
G1 X157.044 Y175.846 E3.26426
G1 X157.011 Y174.909 E3.29545
G1 X157.032 Y174.315 E3.31522
G1 X157.055 Y173.946 E3.32751
G1 X157.079 Y173.634 E3.33792
G1 X157.121 Y173.198 E3.35249
G1 X157.198 Y172.497 E3.37595
G1 X157.34 Y171.57 E3.40714
G1 X157.477 Y170.964 E3.4278
G1 X157.545 Y170.699 E3.4369
G1 X157.695 Y170.158 E3.45557
G1 X157.742 Y169.993 E3.46128
G1 X157.92 Y169.398 E3.48194
G1 X158.227 Y168.512 E3.51312
G1 X158.511 Y167.857 E3.53687
G1 X158.913 Y167.005 E3.5682
G1 X159.091 Y166.645 E3.58156
G1 X159.286 Y166.268 E3.59568
G1 X159.752 Y165.454 E3.62687
G1 X160.105 Y164.928 E3.64794
G1 X160.34 Y164.599 E3.66139
G1 X160.532 Y164.338 E3.67217
G1 X160.741 Y164.065 E3.6836
G1 X161.145 Y163.545 E3.7055
G1 X161.751 Y162.83 E3.73668
G1 X162.178 Y162.392 E3.75702
G0 F6000 X162.457 Y162.68
G1 F1200 X162.679 Y162.465 E3.7673
G1 X162.879 Y162.276 E3.77645
G1 X163.246 Y161.941 E3.79298
G1 X163.769 Y161.479 E3.81619
G1 X164.485 Y160.9 E3.84682
G1 X164.907 Y160.603 E3.86398
G1 X165.168 Y160.429 E3.87441
G1 X165.486 Y160.225 E3.88698
G1 X165.842 Y160.007 E3.90086
G1 X166.364 Y159.694 E3.92111
G1 X167.173 Y159.255 E3.95172
G1 X167.782 Y158.982 E3.97392
G1 X168.657 Y158.622 E4.00539
G1 X169.012 Y158.484 E4.01806
G1 X169.412 Y158.336 E4.03224
G1 X170.288 Y158.054 E4.06285
G1 X170.809 Y157.925 E4.0807
G1 X171.104 Y157.86 E4.09075
G1 X171.403 Y157.799 E4.1009
G1 X171.865 Y157.713 E4.11653
G1 X172.572 Y157.592 E4.14039
G1 X173.485 Y157.476 E4.171
G1 X174.055 Y157.444 E4.18998
G1 X174.402 Y157.434 E4.20153
G1 X174.707 Y157.43 E4.21168
G1 X174.941 Y157.43 E4.21946
G1 X175.815 Y157.442 E4.24853
G1 X176.734 Y157.496 E4.27915
G1 X177.273 Y157.566 E4.29723
G1 X177.596 Y157.616 E4.3081
G1 X177.899 Y157.667 E4.31832
G1 X178.297 Y157.742 E4.33179
G1 X179.024 Y157.889 E4.35646
G1 X179.917 Y158.111 E4.38706
G1 X180.467 Y158.289 E4.40629
G1 X180.732 Y158.383 E4.41564
G1 X180.985 Y158.476 E4.42461
G1 X181.408 Y158.641 E4.43971
G1 X182.036 Y158.896 E4.46225
G1 X182.873 Y159.279 E4.49287
G1 X183.436 Y159.588 E4.51423
G1 X184.251 Y160.069 E4.5457
G1 X184.575 Y160.268 E4.55835
G1 X184.908 Y160.481 E4.5715
G1 X185.453 Y160.854 E4.59346
G1 X186.137 Y161.396 E4.62249
G1 X186.397 Y161.62 E4.6339
G1 X186.622 Y161.82 E4.64392
G1 X186.939 Y162.111 E4.65823
G1 X187.436 Y162.579 E4.68094
G1 X188.078 Y163.239 E4.71156
G1 X188.406 Y163.625 E4.72841
G1 X188.602 Y163.867 E4.73876
G1 X188.823 Y164.149 E4.75068
G1 X189.073 Y164.482 E4.76453
G1 X189.522 Y165.098 E4.78988
G1 X190.031 Y165.865 E4.8205
G1 X190.307 Y166.35 E4.83906
G1 X190.433 Y166.586 E4.84796
G1 X190.563 Y166.838 E4.85739
G1 X190.765 Y167.244 E4.87247
G1 X191.039 Y167.814 E4.89351
G1 X191.401 Y168.66 E4.92411
G1 X191.618 Y169.294 E4.9464
G1 X191.887 Y170.17 E4.97688
G1 X191.987 Y170.517 E4.98889
G1 X192.104 Y170.95 E5.00381
G1 X192.305 Y171.848 E5.03442
G1 X192.392 Y172.423 E5.05376
G1 X192.434 Y172.765 E5.06522
G1 X192.468 Y173.084 E5.07589
G1 X192.501 Y173.445 E5.08795
G1 X192.558 Y174.172 E5.1122
G1 X192.59 Y175.093 E5.14285
G1 X192.569 Y175.665 E5.16189
G1 X192.551 Y175.952 E5.17145
G1 X192.531 Y176.214 E5.18019
G1 X192.486 Y176.71 E5.19676
G1 X192.409 Y177.424 E5.22064
G1 X192.271 Y178.334 E5.25126
G1 X192.146 Y178.886 E5.27008
G1 X192.059 Y179.23 E5.28188
G1 X191.975 Y179.543 E5.29266
G1 X191.877 Y179.883 E5.30443
G1 X191.668 Y180.579 E5.3286
G1 X191.365 Y181.448 E5.35921
G1 X191.123 Y182.01 E5.37956
G1 X190.964 Y182.351 E5.39207
G1 X190.761 Y182.765 E5.40741
G1 X190.367 Y183.533 E5.43612
G1 X189.911 Y184.332 E5.46672
G1 X189.59 Y184.812 E5.48592
G1 X189.295 Y185.224 E5.50278
G1 X189.086 Y185.504 E5.5144
G1 X188.948 Y185.684 E5.52194
G1 X188.518 Y186.235 E5.54519
G1 X187.92 Y186.936 E5.57584
G1 X187.53 Y187.333 E5.59434
G1 X187.121 Y187.725 E5.61319
G1 X186.911 Y187.918 E5.62267
G1 X186.233 Y188.519 E5.65281
G1 X185.517 Y189.098 E5.68343
G1 X185.053 Y189.423 E5.70228
G1 X184.75 Y189.623 E5.71435
G1 X184.499 Y189.784 E5.72427
G1 X184.173 Y189.984 E5.73699
G1 X183.569 Y190.346 E5.76041
G1 X182.76 Y190.785 E5.79103
G1 X182.232 Y191.024 E5.8103
G1 X181.878 Y191.173 E5.82308
G1 X181.583 Y191.292 E5.83366
G1 X181.223 Y191.43 E5.84648
G1 X180.608 Y191.658 E5.8683
G1 X179.731 Y191.94 E5.89894
G1 X179.21 Y192.069 E5.91679
G1 X178.857 Y192.147 E5.92881
G1 X178.528 Y192.215 E5.93998
G1 X178.102 Y192.293 E5.95439
G1 X177.422 Y192.409 E5.97733
G1 X176.509 Y192.524 E6.00794
G1 X175.959 Y192.555 E6.02626
G1 X175.627 Y192.565 E6.03731
G1 X175.308 Y192.57 E6.04792
G1 X174.897 Y192.569 E6.06159
G1 X174.187 Y192.558 E6.08521
G1 X173.268 Y192.504 E6.11583
G1 X172.729 Y192.434 E6.1339
G1 X172.406 Y192.384 E6.14478
G1 X172.103 Y192.333 E6.15499
G1 X171.705 Y192.258 E6.16847
G1 X170.978 Y192.111 E6.19313
G1 X170.085 Y191.889 E6.22374
G1 X169.543 Y191.714 E6.24268
G1 X169.283 Y191.622 E6.25186
G1 X169.026 Y191.527 E6.26097
G1 X168.552 Y191.343 E6.27788
G1 X167.888 Y191.073 E6.30172
G1 X167.051 Y190.69 E6.33234
G1 X166.561 Y190.422 E6.35091
G1 X166.256 Y190.245 E6.36264
G1 X166.007 Y190.096 E6.37229
G1 X165.629 Y189.861 E6.3871
G1 X165.07 Y189.503 E6.40917
G1 X164.317 Y188.974 E6.43978
G1 X163.86 Y188.601 E6.4594
G1 X163.582 Y188.361 E6.47162
G1 X163.368 Y188.171 E6.48114
G1 X163.06 Y187.888 E6.49505
G1 X162.561 Y187.418 E6.51785
G1 X161.919 Y186.758 E6.54847
G1 X161.585 Y186.366 E6.5656
G1 X161.391 Y186.126 E6.57586
G1 X161.177 Y185.851 E6.58745
G1 X160.938 Y185.533 E6.60068
G1 X160.499 Y184.933 E6.62541
G1 X159.988 Y184.167 E6.65604
G1 X159.733 Y183.721 E6.67313
G1 X159.596 Y183.468 E6.68269
G1 X159.422 Y183.134 E6.69522
G1 X159.224 Y182.732 E6.71013
G1 X158.956 Y182.173 E6.73074
G1 X158.594 Y181.326 E6.76138
G1 X158.381 Y180.7 E6.78337
G1 X158.11 Y179.817 E6.81409
G1 X157.999 Y179.429 E6.82752
G1 X157.885 Y179 E6.84228
G1 X157.687 Y178.101 E6.8729
G1 X157.603 Y177.53 E6.89209
G1 X157.556 Y177.135 E6.90532
G1 X157.526 Y176.843 E6.91509
G1 X157.495 Y176.502 E6.92648
G1 X157.442 Y175.816 E6.94936
G1 X157.412 Y174.895 E6.98001
G1 X157.432 Y174.34 E6.99848
G1 X157.455 Y173.971 E7.01078
G1 X157.478 Y173.67 E7.02082
G1 X157.518 Y173.242 E7.03512
G1 X157.595 Y172.541 E7.05857
G1 X157.736 Y171.631 E7.0892
G1 X157.865 Y171.063 E7.10857
G1 X157.933 Y170.798 E7.11767
G1 X157.999 Y170.554 E7.12608
G1 X158.126 Y170.108 E7.1415
G1 X158.304 Y169.513 E7.16216
G1 X158.606 Y168.643 E7.19279
G1 X158.873 Y168.028 E7.21509
G1 X159.275 Y167.176 E7.24642
G1 X159.446 Y166.829 E7.25929
G1 X159.641 Y166.452 E7.27341
G1 X160.099 Y165.654 E7.30401
G1 X160.43 Y165.161 E7.32376
G1 X160.665 Y164.832 E7.33721
G1 X160.851 Y164.58 E7.34762
G1 X161.056 Y164.311 E7.35887
G1 X161.46 Y163.791 E7.38077
G1 X162.056 Y163.089 E7.4114
G1 X162.457 Y162.68 E7.43045
G0 F6000 X162.735 Y162.967
G1 F1200 X162.957 Y162.752 E7.44073
G1 X163.149 Y162.57 E7.44953
G1 X163.511 Y162.24 E7.46582
G1 X164.034 Y161.778 E7.48903
G1 X164.737 Y161.211 E7.51907
G1 X165.129 Y160.936 E7.535
G1 X165.39 Y160.762 E7.54543
G1 X165.696 Y160.566 E7.55752
G1 X166.048 Y160.35 E7.57125
G1 X166.57 Y160.037 E7.5915
G1 X167.364 Y159.607 E7.62153
G1 X167.934 Y159.352 E7.6423
G1 X168.809 Y158.992 E7.67377
G1 X169.151 Y158.859 E7.68597
G1 X169.551 Y158.711 E7.70016
G1 X170.411 Y158.435 E7.7302
G1 X170.895 Y158.316 E7.74678
G1 X171.19 Y158.251 E7.75682
G1 X171.478 Y158.192 E7.7666
G1 X171.932 Y158.107 E7.78196
G1 X172.639 Y157.986 E7.80582
G1 X173.535 Y157.873 E7.83586
G1 X174.066 Y157.844 E7.85355
G1 X174.413 Y157.834 E7.86509
G1 X174.707 Y157.83 E7.87487
G1 X174.941 Y157.83 E7.88265
G1 X175.809 Y157.842 E7.91153
G1 X176.711 Y157.896 E7.94158
G1 X177.211 Y157.961 E7.95835
G1 X177.534 Y158.011 E7.96922
G1 X177.826 Y158.061 E7.97908
G1 X178.218 Y158.134 E7.99234
G1 X178.945 Y158.281 E8.01701
G1 X179.821 Y158.499 E8.04703
G1 X180.333 Y158.666 E8.06494
G1 X180.598 Y158.76 E8.0743
G1 X180.841 Y158.85 E8.08291
G1 X181.257 Y159.011 E8.09775
G1 X181.885 Y159.266 E8.12029
G1 X182.706 Y159.643 E8.15034
G1 X183.232 Y159.933 E8.17032
G1 X184.047 Y160.414 E8.2018
G1 X184.359 Y160.605 E8.21396
G1 X184.692 Y160.818 E8.22711
G1 X185.217 Y161.178 E8.24828
G1 X185.876 Y161.699 E8.27622
G1 X186.136 Y161.923 E8.28764
G1 X186.353 Y162.116 E8.2973
G1 X186.665 Y162.402 E8.31137
G1 X187.162 Y162.87 E8.33408
G1 X187.791 Y163.518 E8.36412
G1 X188.095 Y163.876 E8.37974
G1 X188.291 Y164.118 E8.3901
G1 X188.504 Y164.39 E8.40159
G1 X188.75 Y164.718 E8.41522
G1 X189.199 Y165.334 E8.44058
G1 X189.698 Y166.087 E8.47062
G1 X189.954 Y166.538 E8.48787
G1 X190.08 Y166.774 E8.49677
G1 X190.205 Y167.016 E8.50583
G1 X190.404 Y167.417 E8.52072
G1 X190.678 Y167.987 E8.54175
G1 X191.033 Y168.817 E8.57178
G1 X191.236 Y169.412 E8.59269
G1 X191.505 Y170.288 E8.62316
G1 X191.601 Y170.621 E8.63469
G1 X191.718 Y171.054 E8.64961
G1 X191.915 Y171.936 E8.67967
G1 X191.995 Y172.472 E8.69769
G1 X192.037 Y172.814 E8.70915
G1 X192.07 Y173.121 E8.71942
G1 X192.102 Y173.477 E8.73131
G1 X192.159 Y174.204 E8.75557
G1 X192.189 Y175.106 E8.78558
G1 X192.17 Y175.639 E8.80332
G1 X192.152 Y175.926 E8.81289
G1 X192.133 Y176.179 E8.82132
G1 X192.088 Y176.667 E8.83762
G1 X192.011 Y177.381 E8.86151
G1 X191.875 Y178.273 E8.89152
G1 X191.759 Y178.788 E8.90908
G1 X191.672 Y179.132 E8.92088
G1 X191.591 Y179.433 E8.93125
G1 X191.494 Y179.768 E8.94285
G1 X191.285 Y180.464 E8.96702
G1 X190.987 Y181.316 E8.99704
G1 X190.76 Y181.84 E9.01603
G1 X190.601 Y182.181 E9.02855
G1 X190.48 Y182.433 E9.03784
G1 X190.35 Y182.691 E9.04745
G1 X190.011 Y183.35 E9.0721
G1 X189.563 Y184.134 E9.10213
G1 X189.264 Y184.581 E9.12002
G1 X189.123 Y184.78 E9.12813
G1 X188.974 Y184.984 E9.13653
G1 X188.765 Y185.264 E9.14816
G1 X188.632 Y185.438 E9.15544
G1 X188.202 Y185.989 E9.17869
G1 X187.616 Y186.676 E9.20872
G1 X187.252 Y187.046 E9.22598
G1 X187.039 Y187.252 E9.23584
G1 X186.85 Y187.43 E9.24447
G1 X186.492 Y187.757 E9.2606
G1 X185.968 Y188.22 E9.28386
G1 X185.265 Y188.787 E9.3139
G1 X184.833 Y189.089 E9.33143
G1 X184.53 Y189.289 E9.3435
G1 X184.288 Y189.444 E9.35306
G1 X183.968 Y189.641 E9.36556
G1 X183.364 Y190.003 E9.38898
G1 X182.569 Y190.433 E9.41904
G1 X182.077 Y190.655 E9.437
G1 X181.723 Y190.804 E9.44977
G1 X181.439 Y190.919 E9.45996
G1 X181.084 Y191.055 E9.4726
G1 X180.469 Y191.283 E9.49442
G1 X179.609 Y191.559 E9.52446
G1 X179.124 Y191.679 E9.54108
G1 X178.771 Y191.757 E9.5531
G1 X178.455 Y191.821 E9.56383
G1 X178.035 Y191.899 E9.57803
G1 X177.355 Y192.015 E9.60098
G1 X176.459 Y192.127 E9.63101
G1 X175.947 Y192.155 E9.64807
G1 X175.615 Y192.165 E9.65911
G1 X175.308 Y192.17 E9.66933
G1 X174.903 Y192.169 E9.6828
G1 X174.193 Y192.158 E9.70641
G1 X173.291 Y192.104 E9.73647
G1 X172.791 Y192.039 E9.75324
G1 X172.468 Y191.989 E9.76411
G1 X172.176 Y191.939 E9.77396
G1 X171.784 Y191.866 E9.78722
G1 X171.057 Y191.719 E9.81189
G1 X170.181 Y191.501 E9.84192
G1 X169.676 Y191.337 E9.85958
G1 X169.416 Y191.245 E9.86875
G1 X169.169 Y191.154 E9.87751
G1 X168.703 Y190.973 E9.89413
G1 X168.039 Y190.703 E9.91797
G1 X167.218 Y190.326 E9.94802
G1 X166.761 Y190.076 E9.96535
G1 X166.456 Y189.899 E9.97708
G1 X166.218 Y189.756 E9.98631
G1 X165.845 Y189.524 E10.00092
G1 X165.286 Y189.166 E10.023
G1 X164.548 Y188.646 E10.05303
G1 X164.122 Y188.298 E10.07132
G1 X163.844 Y188.058 E10.08354
G1 X163.637 Y187.875 E10.09273
G1 X163.334 Y187.597 E10.1064
G1 X162.835 Y187.127 E10.1292
G1 X162.206 Y186.479 E10.15924
G1 X161.896 Y186.114 E10.17517
G1 X161.702 Y185.874 E10.18543
G1 X161.496 Y185.61 E10.19657
G1 X161.261 Y185.297 E10.20959
G1 X160.822 Y184.697 E10.23431
G1 X160.322 Y183.945 E10.26435
G1 X160.085 Y183.531 E10.28022
G1 X159.948 Y183.278 E10.28979
G1 X159.78 Y182.956 E10.30187
G1 X159.584 Y182.559 E10.31659
G1 X159.316 Y182 E10.33721
G1 X158.962 Y181.169 E10.36725
G1 X158.763 Y180.583 E10.38784
G1 X158.492 Y179.7 E10.41856
G1 X158.385 Y179.327 E10.43146
G1 X158.271 Y178.898 E10.44623
G1 X158.078 Y178.015 E10.47629
G1 X158 Y177.483 E10.49417
G1 X157.953 Y177.088 E10.5074
G1 X157.906 Y176.608 E10.52344
G1 X157.841 Y175.785 E10.5509
G1 X157.812 Y174.882 E10.58095
G1 X157.831 Y174.364 E10.59819
G1 X157.854 Y173.995 E10.61049
G1 X157.876 Y173.707 E10.6201
G1 X157.916 Y173.285 E10.63419
G1 X157.993 Y172.584 E10.65765
G1 X158.131 Y171.692 E10.68767
G1 X158.252 Y171.163 E10.70572
G1 X158.383 Y170.662 E10.72294
G1 X158.509 Y170.223 E10.73813
G1 X158.687 Y169.628 E10.75879
G1 X158.984 Y168.775 E10.78883
G1 X159.234 Y168.198 E10.80975
G1 X159.636 Y167.346 E10.84108
G1 X159.801 Y167.013 E10.85344
G1 X159.996 Y166.636 E10.86756
G1 X160.446 Y165.853 E10.8976
G1 X160.756 Y165.393 E10.91605
G1 X160.991 Y165.064 E10.92949
G1 X161.169 Y164.822 E10.93948
G1 X161.372 Y164.556 E10.95061
G1 X161.776 Y164.036 E10.97252
G1 X162.361 Y163.348 E11.00255
G1 X162.735 Y162.967 E11.02031
G1 F1440 E9.52031
;MESH:diffuser_reactor.stl
G0 F6000 X169.384 Y169.789
G0 X169.844 Y170.294
G0 X168.724 Y173.164
G0 X168.49 Y174.38
G0 X168.49 Y175.622
G0 X168.725 Y176.844
G0 X169.188 Y177.996
G0 X169.862 Y179.044
G0 X170.717 Y179.942
G0 X171.732 Y180.663
G0 X172.861 Y181.179
G0 X173.204 Y181.261
G0 X175.321 Y181.694
;TYPE:WALL-OUTER
G1 F1440 E11.02031
G1 F1200 X176.581 Y181.512 E11.06265
G1 X177.784 Y181.096 E11.10499
G1 X178.888 Y180.458 E11.1474
G1 X179.85 Y179.624 E11.18975
G1 X180.638 Y178.622 E11.23214
G1 X181.221 Y177.491 E11.27446
G1 X181.58 Y176.268 E11.31686
G1 X181.701 Y174.998 E11.35929
G1 X181.58 Y173.732 E11.40159
G1 X181.219 Y172.508 E11.44403
G1 X180.636 Y171.376 E11.48638
G1 X179.848 Y170.374 E11.52878
G1 X178.886 Y169.541 E11.57111
G1 X177.781 Y168.904 E11.61353
G1 X176.577 Y168.488 E11.6559
G1 X175.317 Y168.306 E11.69824
G1 X174.046 Y168.367 E11.74056
G1 X172.806 Y168.668 E11.783
G1 X171.648 Y169.198 E11.82536
G1 X170.611 Y169.936 E11.86769
G1 X169.733 Y170.858 E11.91004
G1 X169.044 Y171.932 E11.95248
G1 X168.57 Y173.114 E11.99483
G1 X168.329 Y174.365 E12.03721
G1 X168.329 Y175.637 E12.07951
G1 X168.57 Y176.89 E12.12195
G1 X169.046 Y178.071 E12.1643
G1 X169.734 Y179.143 E12.20667
G1 X170.611 Y180.064 E12.24897
G1 X171.652 Y180.804 E12.29145
G1 X172.81 Y181.333 E12.33379
G1 X174.048 Y181.633 E12.37616
G1 X175.321 Y181.694 E12.41855
G0 F6000 X175.625 Y181.77
G1 F1200 X174.375 Y181.77 E12.46013
G1 X173.134 Y181.538 E12.50212
G1 X171.97 Y181.086 E12.54365
G1 X170.904 Y180.426 E12.58535
G1 X169.973 Y179.578 E12.62723
G1 X169.218 Y178.577 E12.66893
G1 X168.66 Y177.454 E12.71064
G1 X168.316 Y176.248 E12.75235
G1 X168.201 Y174.998 E12.7941
G1 X168.316 Y173.748 E12.83586
G1 X168.661 Y172.543 E12.87754
G1 X169.218 Y171.423 E12.91915
G1 X169.978 Y170.418 E12.96106
G1 X170.906 Y169.572 E13.00282
G1 X171.973 Y168.913 E13.04453
G1 X173.136 Y168.462 E13.08602
G1 X174.377 Y168.23 E13.12801
G1 X175.627 Y168.23 E13.16959
G1 X176.866 Y168.461 E13.21151
G1 X178.031 Y168.915 E13.25309
G1 X179.096 Y169.574 E13.29475
G1 X180.027 Y170.422 E13.33663
G1 X180.782 Y171.423 E13.37834
G1 X181.34 Y172.546 E13.42004
G1 X181.684 Y173.75 E13.46169
G1 X181.799 Y175.002 E13.50351
G1 X181.684 Y176.25 E13.54519
G1 X181.34 Y177.456 E13.5869
G1 X180.783 Y178.576 E13.62851
G1 X180.023 Y179.581 E13.67042
G1 X179.095 Y180.427 E13.71218
G1 X178.033 Y181.085 E13.75374
G1 X176.859 Y181.539 E13.7956
G1 X175.625 Y181.77 E13.83736
G0 F6000 X175.664 Y181.847
;MESH:NONMESH
G0 F300 X175.664 Y181.847 Z0.4
G0 F6000 X175.324 Y181.693
;TIME_ELAPSED:26.623068
;LAYER:1
M106 S85
;TYPE:WALL-OUTER
;MESH:diffuser_reactor.stl
G1 F600 X176.584 Y181.51 E13.8797
G1 X177.783 Y181.096 E13.92189
G1 X178.887 Y180.459 E13.96429
G1 X179.852 Y179.621 E14.0068
G1 X180.637 Y178.623 E14.04903
G1 X181.22 Y177.491 E14.09138
G1 X181.58 Y176.268 E14.13378
G1 X181.701 Y174.994 E14.17634
G1 X181.58 Y173.732 E14.21851
G1 X181.218 Y172.504 E14.26109
G1 X180.634 Y171.373 E14.30343
G1 X179.845 Y170.371 E14.34585
G1 X178.886 Y169.541 E14.38803
G1 X177.778 Y168.902 E14.43057
G1 X176.574 Y168.487 E14.47293
G1 X175.312 Y168.306 E14.51533
G1 X174.046 Y168.367 E14.55749
G1 X172.803 Y168.669 E14.60003
G1 X171.645 Y169.2 E14.64241
G1 X170.611 Y169.936 E14.68462
G1 X169.733 Y170.858 E14.72697
G1 X169.042 Y171.935 E14.76953
G1 X168.569 Y173.117 E14.81187
G1 X168.329 Y174.369 E14.85427
G1 X168.329 Y175.637 E14.89644
G1 X168.57 Y176.888 E14.93882
G1 X169.048 Y178.075 E14.98138
G1 X169.737 Y179.146 E15.02373
G1 X170.611 Y180.064 E15.06589
G1 X171.655 Y180.805 E15.10847
G1 X172.813 Y181.334 E15.15082
G1 X174.053 Y181.633 E15.19324
G1 X175.324 Y181.693 E15.23556
G0 F7500 X175.625 Y181.77
G1 F600 X174.375 Y181.77 E15.27714
G1 X173.134 Y181.538 E15.31913
G1 X171.971 Y181.087 E15.36062
G1 X170.901 Y180.423 E15.4025
G1 X169.974 Y179.579 E15.4442
G1 X169.217 Y178.574 E15.48604
G1 X168.66 Y177.456 E15.52759
G1 X168.316 Y176.244 E15.56949
G1 X168.201 Y174.994 E15.61124
G1 X168.317 Y173.744 E15.653
G1 X168.662 Y172.54 E15.69465
G1 X169.222 Y171.415 E15.73645
G1 X169.977 Y170.418 E15.77805
G1 X170.91 Y169.57 E15.81998
G1 X171.972 Y168.913 E15.86152
G1 X173.145 Y168.46 E15.90334
G1 X174.381 Y168.23 E15.94515
G1 X175.631 Y168.231 E15.98673
G1 X176.871 Y168.464 E16.02869
G1 X178.034 Y168.915 E16.07018
G1 X179.099 Y169.577 E16.11189
G1 X180.026 Y170.421 E16.15359
G1 X180.783 Y171.426 E16.19543
G1 X181.34 Y172.544 E16.23698
G1 X181.684 Y173.75 E16.27869
G1 X181.799 Y175.005 E16.32061
G1 X181.684 Y176.25 E16.36219
G1 X181.34 Y177.456 E16.4039
G1 X180.783 Y178.576 E16.44551
G1 X180.023 Y179.581 E16.48741
G1 X179.095 Y180.427 E16.52918
G1 X178.033 Y181.085 E16.57073
G1 X176.855 Y181.54 E16.61273
G1 X175.625 Y181.77 E16.65435
G0 F7500 X175.664 Y181.846
;MESH:NONMESH
G0 F300 X175.664 Y181.846 Z0.6
G0 F7500 X175.328 Y181.693
;TIME_ELAPSED:35.264577
;LAYER:2
M106 S170
;TYPE:WALL-OUTER
;MESH:diffuser_reactor.stl
G1 F600 X176.579 Y181.512 E16.6964
G1 X177.783 Y181.096 E16.73876
G1 X178.887 Y180.459 E16.78116
G1 X179.856 Y179.618 E16.82383
G1 X180.637 Y178.623 E16.8659
G1 X181.22 Y177.491 E16.90825
G1 X181.58 Y176.268 E16.95066
G1 X181.7 Y174.991 E16.99332
G1 X181.58 Y173.732 E17.03538
G1 X181.22 Y172.509 E17.07778
G1 X180.637 Y171.377 E17.12013
G1 X179.842 Y170.369 E17.16283
G1 X178.886 Y169.541 E17.2049
G1 X177.774 Y168.901 E17.24757
G1 X176.579 Y168.488 E17.28962
G1 X175.309 Y168.306 E17.33229
G1 X174.046 Y168.367 E17.37435
G1 X172.808 Y168.667 E17.41672
G1 X171.641 Y169.202 E17.45942
G1 X170.611 Y169.936 E17.50148
G1 X169.733 Y170.858 E17.54383
G1 X169.044 Y171.93 E17.58621
G1 X168.568 Y173.121 E17.62887
G1 X168.329 Y174.363 E17.67094
G1 X168.329 Y175.637 E17.71331
G1 X168.57 Y176.888 E17.75569
G1 X169.044 Y178.07 E17.79804
G1 X169.739 Y179.149 E17.84073
G1 X170.611 Y180.064 E17.88277
G1 X171.65 Y180.803 E17.92518
G1 X172.808 Y181.333 E17.96754
G1 X174.047 Y181.633 E18.00994
G1 X175.328 Y181.693 E18.05259
G0 F9000 X175.625 Y181.77
G1 F600 X174.375 Y181.77 E18.09417
G1 X173.134 Y181.538 E18.13616
G1 X171.971 Y181.087 E18.17764
G1 X170.905 Y180.427 E18.21935
G1 X169.971 Y179.574 E18.26142
G1 X169.217 Y178.576 E18.30302
G1 X168.657 Y177.447 E18.34493
G1 X168.316 Y176.25 E18.38633
G1 X168.201 Y175 E18.42808
G1 X168.316 Y173.751 E18.4698
G1 X168.664 Y172.535 E18.51187
G1 X169.225 Y171.412 E18.55362
G1 X169.982 Y170.413 E18.59531
G1 X170.905 Y169.573 E18.63682
G1 X171.967 Y168.915 E18.67837
G1 X173.149 Y168.459 E18.72051
G1 X174.375 Y168.23 E18.76199
G1 X175.625 Y168.23 E18.80356
G1 X176.875 Y168.465 E18.84587
G1 X178.029 Y168.913 E18.88704
G1 X179.095 Y169.573 E18.92874
G1 X180.028 Y170.425 E18.97077
G1 X180.783 Y171.424 E19.01241
G1 X181.343 Y172.553 E19.05433
G1 X181.684 Y173.75 E19.09573
G1 X181.798 Y175.01 E19.13781
G1 X181.684 Y176.25 E19.17922
G1 X181.34 Y177.456 E19.22093
G1 X180.783 Y178.576 E19.26254
G1 X180.023 Y179.581 E19.30445
G1 X179.095 Y180.427 E19.34621
G1 X178.029 Y181.087 E19.38791
G1 X176.866 Y181.538 E19.4294
G1 X175.625 Y181.77 E19.47139
G0 F9000 X175.664 Y181.847
;MESH:NONMESH
G0 F300 X175.664 Y181.847 Z0.8
G0 F9000 X175.319 Y181.694
;TIME_ELAPSED:43.907793
;LAYER:3
M106 S255
;TYPE:WALL-OUTER
;MESH:diffuser_reactor.stl
G1 F600 X176.579 Y181.512 E19.51373
G1 X177.783 Y181.096 E19.5561
G1 X178.887 Y180.459 E19.5985
G1 X179.849 Y179.625 E19.64084
G1 X180.637 Y178.623 E19.68324
G1 X181.22 Y177.491 E19.72559
G1 X181.58 Y176.268 E19.76799
G1 X181.701 Y175 E19.81036
G1 X181.58 Y173.732 E19.85272
G1 X181.22 Y172.509 E19.89513
G1 X180.637 Y171.377 E19.93748
G1 X179.849 Y170.375 E19.97987
G1 X178.887 Y169.541 E20.02222
G1 X177.783 Y168.904 E20.06461
G1 X176.579 Y168.488 E20.10698
G1 X175.319 Y168.306 E20.14933
G1 X174.046 Y168.367 E20.19171
G1 X172.808 Y168.667 E20.23408
G1 X171.65 Y169.197 E20.27644
G1 X170.611 Y169.936 E20.31885
G1 X169.733 Y170.858 E20.36119
G1 X169.044 Y171.93 E20.40358
G1 X168.57 Y173.112 E20.44593
G1 X168.329 Y174.363 E20.48831
G1 X168.329 Y175.637 E20.53068
G1 X168.57 Y176.888 E20.57305
G1 X169.044 Y178.07 E20.61541
G1 X169.733 Y179.142 E20.65779
G1 X170.611 Y180.064 E20.70014
G1 X171.65 Y180.803 E20.74255
G1 X172.808 Y181.333 E20.7849
G1 X174.046 Y181.633 E20.82727
G1 X175.319 Y181.694 E20.86966
G0 F9000 X175.625 Y181.77
G1 F600 X174.375 Y181.77 E20.91124
G1 X173.134 Y181.538 E20.95323
G1 X171.971 Y181.087 E20.99472
G1 X170.905 Y180.427 E21.03642
G1 X169.977 Y179.581 E21.07818
G1 X169.217 Y178.576 E21.12009
G1 X168.66 Y177.456 E21.16169
G1 X168.316 Y176.25 E21.20341
G1 X168.201 Y175 E21.24516
G1 X168.316 Y173.75 E21.28691
G1 X168.66 Y172.544 E21.32862
G1 X169.217 Y171.424 E21.37022
G1 X169.977 Y170.419 E21.41213
G1 X170.905 Y169.573 E21.4539
G1 X171.971 Y168.913 E21.4956
G1 X173.134 Y168.462 E21.53709
G1 X174.375 Y168.23 E21.57908
G1 X175.625 Y168.23 E21.62065
G1 X176.866 Y168.462 E21.66264
G1 X178.029 Y168.913 E21.70413
G1 X179.095 Y169.573 E21.74583
G1 X180.023 Y170.419 E21.7876
G1 X180.783 Y171.424 E21.82951
G1 X181.34 Y172.544 E21.87111
G1 X181.684 Y173.75 E21.91282
G1 X181.799 Y175 E21.95457
G1 X181.684 Y176.25 E21.99632
G1 X181.34 Y177.456 E22.03804
G1 X180.783 Y178.576 E22.07964
G1 X180.023 Y179.581 E22.12155
G1 X179.095 Y180.427 E22.16331
G1 X178.029 Y181.087 E22.20501
G1 X176.866 Y181.538 E22.2465
G1 X175.625 Y181.77 E22.28849
G0 F9000 X175.664 Y181.847
;MESH:NONMESH
G0 F300 X175.664 Y181.847 Z1
G0 F9000 X175.319 Y181.694
;TIME_ELAPSED:52.551791
;LAYER:4
;TYPE:WALL-OUTER
;MESH:diffuser_reactor.stl
G1 F600 X176.579 Y181.512 E22.33084
G1 X177.783 Y181.096 E22.3732
G1 X178.887 Y180.459 E22.4156
G1 X179.849 Y179.625 E22.45794
G1 X180.637 Y178.623 E22.50034
G1 X181.22 Y177.491 E22.54269
G1 X181.58 Y176.268 E22.58509
G1 X181.701 Y175 E22.62746
G1 X181.58 Y173.732 E22.66983
G1 X181.22 Y172.509 E22.71223
G1 X180.637 Y171.377 E22.75458
G1 X179.849 Y170.375 E22.79698
G1 X178.887 Y169.541 E22.83932
G1 X177.783 Y168.904 E22.88172
G1 X176.579 Y168.488 E22.92408
G1 X175.319 Y168.306 E22.96643
G1 X174.046 Y168.367 E23.00882
G1 X172.808 Y168.667 E23.05118
G1 X171.65 Y169.197 E23.09354
G1 X170.611 Y169.936 E23.13595
G1 X169.733 Y170.858 E23.17829
G1 X169.044 Y171.93 E23.22068
G1 X168.57 Y173.112 E23.26303
G1 X168.329 Y174.363 E23.30541
G1 X168.329 Y175.637 E23.34778
G1 X168.57 Y176.888 E23.39015
G1 X169.044 Y178.07 E23.43251
G1 X169.733 Y179.142 E23.4749
G1 X170.611 Y180.064 E23.51724
G1 X171.65 Y180.803 E23.55965
G1 X172.808 Y181.333 E23.60201
G1 X174.046 Y181.633 E23.64437
G1 X175.319 Y181.694 E23.68676
G0 F9000 X175.625 Y181.77
G1 F600 X174.375 Y181.77 E23.72834
G1 X173.134 Y181.538 E23.77033
G1 X171.971 Y181.087 E23.81182
G1 X170.905 Y180.427 E23.85352
G1 X169.977 Y179.581 E23.89528
G1 X169.217 Y178.576 E23.93719
G1 X168.66 Y177.456 E23.9788
G1 X168.316 Y176.25 E24.02051
G1 X168.201 Y175 E24.06226
G1 X168.316 Y173.75 E24.10401
G1 X168.66 Y172.544 E24.14572
G1 X169.217 Y171.424 E24.18732
G1 X169.977 Y170.419 E24.22923
G1 X170.905 Y169.573 E24.271
G1 X171.971 Y168.913 E24.3127
G1 X173.134 Y168.462 E24.35419
G1 X174.375 Y168.23 E24.39618
G1 X175.625 Y168.23 E24.43775
G1 X176.866 Y168.462 E24.47974
G1 X178.029 Y168.913 E24.52123
G1 X179.095 Y169.573 E24.56293
G1 X180.023 Y170.419 E24.6047
G1 X180.783 Y171.424 E24.64661
G1 X181.34 Y172.544 E24.68821
G1 X181.684 Y173.75 E24.72992
G1 X181.799 Y175 E24.77167
G1 X181.684 Y176.25 E24.81343
G1 X181.34 Y177.456 E24.85514
G1 X180.783 Y178.576 E24.89674
G1 X180.023 Y179.581 E24.93865
G1 X179.095 Y180.427 E24.98041
G1 X178.029 Y181.087 E25.02212
G1 X176.866 Y181.538 E25.0636
G1 X175.625 Y181.77 E25.10559
G0 F9000 X175.664 Y181.847
;MESH:NONMESH
G0 F300 X175.664 Y181.847 Z1.2
G0 F9000 X175.319 Y181.694
;TIME_ELAPSED:61.195789
;LAYER:5
;TYPE:WALL-OUTER
;MESH:diffuser_reactor.stl
G1 F600 X176.579 Y181.512 E25.14794
G1 X177.783 Y181.096 E25.19031
G1 X178.887 Y180.459 E25.2327
G1 X179.849 Y179.625 E25.27504
G1 X180.637 Y178.623 E25.31744
G1 X181.22 Y177.491 E25.35979
G1 X181.58 Y176.268 E25.4022
G1 X181.701 Y175 E25.44456
G1 X181.58 Y173.732 E25.48693
G1 X181.22 Y172.509 E25.52933
G1 X180.637 Y171.377 E25.57168
G1 X179.849 Y170.375 E25.61408
G1 X178.887 Y169.541 E25.65642
G1 X177.783 Y168.904 E25.69882
G1 X176.579 Y168.488 E25.74119
G1 X175.319 Y168.306 E25.78353
G1 X174.046 Y168.367 E25.82592
G1 X172.808 Y168.667 E25.86828
G1 X171.65 Y169.197 E25.91064
G1 X170.611 Y169.936 E25.95305
G1 X169.733 Y170.858 E25.9954
G1 X169.044 Y171.93 E26.03778
G1 X168.57 Y173.112 E26.08014
G1 X168.329 Y174.363 E26.12251
G1 X168.329 Y175.637 E26.16488
G1 X168.57 Y176.888 E26.20726
G1 X169.044 Y178.07 E26.24961
G1 X169.733 Y179.142 E26.292
G1 X170.611 Y180.064 E26.33434
G1 X171.65 Y180.803 E26.37675
G1 X172.808 Y181.333 E26.41911
G1 X174.046 Y181.633 E26.46148
G1 X175.319 Y181.694 E26.50386
G0 F9000 X175.625 Y181.77
G1 F600 X174.375 Y181.77 E26.54544
G1 X173.134 Y181.538 E26.58743
G1 X171.971 Y181.087 E26.62892
G1 X170.905 Y180.427 E26.67062
G1 X169.977 Y179.581 E26.71239
G1 X169.217 Y178.576 E26.75429
G1 X168.66 Y177.456 E26.7959
G1 X168.316 Y176.25 E26.83761
G1 X168.201 Y175 E26.87936
G1 X168.316 Y173.75 E26.92111
G1 X168.66 Y172.544 E26.96282
G1 X169.217 Y171.424 E27.00443
G1 X169.977 Y170.419 E27.04633
G1 X170.905 Y169.573 E27.0881
G1 X171.971 Y168.913 E27.1298
G1 X173.134 Y168.462 E27.17129
G1 X174.375 Y168.23 E27.21328
G1 X175.625 Y168.23 E27.25486
G1 X176.866 Y168.462 E27.29685
G1 X178.029 Y168.913 E27.33833
G1 X179.095 Y169.573 E27.38004
G1 X180.023 Y170.419 E27.4218
G1 X180.783 Y171.424 E27.46371
G1 X181.34 Y172.544 E27.50531
G1 X181.684 Y173.75 E27.54703
G1 X181.799 Y175 E27.58878
G1 X181.684 Y176.25 E27.63053
G1 X181.34 Y177.456 E27.67224
G1 X180.783 Y178.576 E27.71384
G1 X180.023 Y179.581 E27.75575
G1 X179.095 Y180.427 E27.79752
G1 X178.029 Y181.087 E27.83922
G1 X176.866 Y181.538 E27.88071
G1 X175.625 Y181.77 E27.9227
G0 F9000 X175.664 Y181.847
;MESH:NONMESH
G0 F300 X175.664 Y181.847 Z1.4
G0 F9000 X175.319 Y181.694
;TIME_ELAPSED:69.839787
;LAYER:6
;TYPE:WALL-OUTER
;MESH:diffuser_reactor.stl
G1 F600 X176.579 Y181.512 E27.96504
G1 X177.783 Y181.096 E28.00741
G1 X178.887 Y180.459 E28.0498
G1 X179.849 Y179.625 E28.09215
G1 X180.637 Y178.623 E28.13454
G1 X181.22 Y177.491 E28.17689
G1 X181.58 Y176.268 E28.2193
G1 X181.701 Y175 E28.26166
G1 X181.58 Y173.732 E28.30403
G1 X181.22 Y172.509 E28.34643
G1 X180.637 Y171.377 E28.38878
G1 X179.849 Y170.375 E28.43118
G1 X178.887 Y169.541 E28.47353
G1 X177.783 Y168.904 E28.51592
G1 X176.579 Y168.488 E28.55829
G1 X175.319 Y168.306 E28.60063
G1 X174.046 Y168.367 E28.64302
G1 X172.808 Y168.667 E28.68539
G1 X171.65 Y169.197 E28.72774
G1 X170.611 Y169.936 E28.77015
G1 X169.733 Y170.858 E28.8125
G1 X169.044 Y171.93 E28.85488
G1 X168.57 Y173.112 E28.89724
G1 X168.329 Y174.363 E28.93961
G1 X168.329 Y175.637 E28.98198
G1 X168.57 Y176.888 E29.02436
G1 X169.044 Y178.07 E29.06671
G1 X169.733 Y179.142 E29.1091
G1 X170.611 Y180.064 E29.15144
G1 X171.65 Y180.803 E29.19385
G1 X172.808 Y181.333 E29.23621
G1 X174.046 Y181.633 E29.27858
G1 X175.319 Y181.694 E29.32097
G0 F9000 X175.625 Y181.77
G1 F600 X174.375 Y181.77 E29.36254
G1 X173.134 Y181.538 E29.40453
G1 X171.971 Y181.087 E29.44602
G1 X170.905 Y180.427 E29.48772
G1 X169.977 Y179.581 E29.52949
G1 X169.217 Y178.576 E29.5714
G1 X168.66 Y177.456 E29.613
G1 X168.316 Y176.25 E29.65471
G1 X168.201 Y175 E29.69646
G1 X168.316 Y173.75 E29.73821
G1 X168.66 Y172.544 E29.77992
G1 X169.217 Y171.424 E29.82153
G1 X169.977 Y170.419 E29.86344
G1 X170.905 Y169.573 E29.9052
G1 X171.971 Y168.913 E29.9469
G1 X173.134 Y168.462 E29.98839
G1 X174.375 Y168.23 E30.03038
G1 X175.625 Y168.23 E30.07196
G1 X176.866 Y168.462 E30.11395
G1 X178.029 Y168.913 E30.15544
G1 X179.095 Y169.573 E30.19714
G1 X180.023 Y170.419 E30.2389
G1 X180.783 Y171.424 E30.28081
G1 X181.34 Y172.544 E30.32241
G1 X181.684 Y173.75 E30.36413
G1 X181.799 Y175 E30.40588
G1 X181.684 Y176.25 E30.44763
G1 X181.34 Y177.456 E30.48934
G1 X180.783 Y178.576 E30.53094
G1 X180.023 Y179.581 E30.57285
G1 X179.095 Y180.427 E30.61462
G1 X178.029 Y181.087 E30.65632
G1 X176.866 Y181.538 E30.69781
G1 X175.625 Y181.77 E30.7398
G0 F9000 X175.664 Y181.847
;MESH:NONMESH
G0 F300 X175.664 Y181.847 Z1.6
G0 F9000 X175.319 Y181.694
;TIME_ELAPSED:78.483785
;LAYER:7
;TYPE:WALL-OUTER
;MESH:diffuser_reactor.stl
G1 F600 X176.579 Y181.512 E30.78214
G1 X177.783 Y181.096 E30.82451
G1 X178.887 Y180.459 E30.8669
G1 X179.849 Y179.625 E30.90925
G1 X180.637 Y178.623 E30.95165
G1 X181.22 Y177.491 E30.994
G1 X181.58 Y176.268 E31.0364
G1 X181.701 Y175 E31.07876
G1 X181.58 Y173.732 E31.12113
G1 X181.22 Y172.509 E31.16353
G1 X180.637 Y171.377 E31.20588
G1 X179.849 Y170.375 E31.24828
G1 X178.887 Y169.541 E31.29063
G1 X177.783 Y168.904 E31.33302
G1 X176.579 Y168.488 E31.37539
G1 X175.319 Y168.306 E31.41773
G1 X174.046 Y168.367 E31.46012
G1 X172.808 Y168.667 E31.50249
G1 X171.65 Y169.197 E31.54485
G1 X170.611 Y169.936 E31.58725
G1 X169.733 Y170.858 E31.6296
G1 X169.044 Y171.93 E31.67198
G1 X168.57 Y173.112 E31.71434
G1 X168.329 Y174.363 E31.75671
G1 X168.329 Y175.637 E31.79909
G1 X168.57 Y176.888 E31.84146
G1 X169.044 Y178.07 E31.88382
G1 X169.733 Y179.142 E31.9262
G1 X170.611 Y180.064 E31.96855
G1 X171.65 Y180.803 E32.01095
G1 X172.808 Y181.333 E32.05331
G1 X174.046 Y181.633 E32.09568
G1 X175.319 Y181.694 E32.13807
G0 F9000 X175.625 Y181.77
G1 F600 X174.375 Y181.77 E32.17964
G1 X173.134 Y181.538 E32.22163
G1 X171.971 Y181.087 E32.26312
G1 X170.905 Y180.427 E32.30482
G1 X169.977 Y179.581 E32.34659
G1 X169.217 Y178.576 E32.3885
G1 X168.66 Y177.456 E32.4301
G1 X168.316 Y176.25 E32.47181
G1 X168.201 Y175 E32.51356
G1 X168.316 Y173.75 E32.55531
G1 X168.66 Y172.544 E32.59703
G1 X169.217 Y171.424 E32.63863
G1 X169.977 Y170.419 E32.68054
G1 X170.905 Y169.573 E32.7223
G1 X171.971 Y168.913 E32.764
G1 X173.134 Y168.462 E32.80549
G1 X174.375 Y168.23 E32.84748
G1 X175.625 Y168.23 E32.88906
G1 X176.866 Y168.462 E32.93105
G1 X178.029 Y168.913 E32.97254
G1 X179.095 Y169.573 E33.01424
G1 X180.023 Y170.419 E33.056
G1 X180.783 Y171.424 E33.09791
G1 X181.34 Y172.544 E33.13952
G1 X181.684 Y173.75 E33.18123
G1 X181.799 Y175 E33.22298
G1 X181.684 Y176.25 E33.26473
G1 X181.34 Y177.456 E33.30644
G1 X180.783 Y178.576 E33.34804
G1 X180.023 Y179.581 E33.38995
G1 X179.095 Y180.427 E33.43172
G1 X178.029 Y181.087 E33.47342
G1 X176.866 Y181.538 E33.51491
G1 X175.625 Y181.77 E33.5569
G0 F9000 X175.664 Y181.847
;MESH:NONMESH
G0 F300 X175.664 Y181.847 Z1.8
G0 F9000 X175.319 Y181.694
;TIME_ELAPSED:87.127783
;LAYER:8
;TYPE:WALL-OUTER
;MESH:diffuser_reactor.stl
G1 F600 X176.579 Y181.512 E33.59924
G1 X177.783 Y181.096 E33.64161
G1 X178.887 Y180.459 E33.684
G1 X179.849 Y179.625 E33.72635
G1 X180.637 Y178.623 E33.76875
G1 X181.22 Y177.491 E33.8111
G1 X181.58 Y176.268 E33.8535
G1 X181.701 Y175 E33.89587
G1 X181.58 Y173.732 E33.93823
G1 X181.22 Y172.509 E33.98063
G1 X180.637 Y171.377 E34.02298
G1 X179.849 Y170.375 E34.06538
G1 X178.887 Y169.541 E34.10773
G1 X177.783 Y168.904 E34.15012
G1 X176.579 Y168.488 E34.19249
G1 X175.319 Y168.306 E34.23483
G1 X174.046 Y168.367 E34.27722
G1 X172.808 Y168.667 E34.31959
G1 X171.65 Y169.197 E34.36195
G1 X170.611 Y169.936 E34.40435
G1 X169.733 Y170.858 E34.4467
G1 X169.044 Y171.93 E34.48908
G1 X168.57 Y173.112 E34.53144
G1 X168.329 Y174.363 E34.57381
G1 X168.329 Y175.637 E34.61619
G1 X168.57 Y176.888 E34.65856
G1 X169.044 Y178.07 E34.70092
G1 X169.733 Y179.142 E34.7433
G1 X170.611 Y180.064 E34.78565
G1 X171.65 Y180.803 E34.82805
G1 X172.808 Y181.333 E34.87041
G1 X174.046 Y181.633 E34.91278
G1 X175.319 Y181.694 E34.95517
G0 F9000 X175.625 Y181.77
G1 F600 X174.375 Y181.77 E34.99674
G1 X173.134 Y181.538 E35.03873
G1 X171.971 Y181.087 E35.08022
G1 X170.905 Y180.427 E35.12192
G1 X169.977 Y179.581 E35.16369
G1 X169.217 Y178.576 E35.2056
G1 X168.66 Y177.456 E35.2472
G1 X168.316 Y176.25 E35.28891
G1 X168.201 Y175 E35.33066
G1 X168.316 Y173.75 E35.37242
G1 X168.66 Y172.544 E35.41413
G1 X169.217 Y171.424 E35.45573
G1 X169.977 Y170.419 E35.49764
G1 X170.905 Y169.573 E35.5394
G1 X171.971 Y168.913 E35.58111
G1 X173.134 Y168.462 E35.62259
G1 X174.375 Y168.23 E35.66458
G1 X175.625 Y168.23 E35.70616
G1 X176.866 Y168.462 E35.74815
G1 X178.029 Y168.913 E35.78964
G1 X179.095 Y169.573 E35.83134
G1 X180.023 Y170.419 E35.87311
G1 X180.783 Y171.424 E35.91501
G1 X181.34 Y172.544 E35.95662
G1 X181.684 Y173.75 E35.99833
G1 X181.799 Y175 E36.04008
G1 X181.684 Y176.25 E36.08183
G1 X181.34 Y177.456 E36.12354
G1 X180.783 Y178.576 E36.16515
G1 X180.023 Y179.581 E36.20705
G1 X179.095 Y180.427 E36.24882
G1 X178.029 Y181.087 E36.29052
G1 X176.866 Y181.538 E36.33201
G1 X175.625 Y181.77 E36.374
G0 F9000 X175.664 Y181.847
;MESH:NONMESH
G0 F300 X175.664 Y181.847 Z2
G0 F9000 X175.319 Y181.694
;TIME_ELAPSED:95.771781
;LAYER:9
;TYPE:WALL-OUTER
;MESH:diffuser_reactor.stl
G1 F600 X176.579 Y181.512 E36.41634
G1 X177.783 Y181.096 E36.45871
G1 X178.887 Y180.459 E36.5011
G1 X179.849 Y179.625 E36.54345
G1 X180.637 Y178.623 E36.58585
G1 X181.22 Y177.491 E36.6282
G1 X181.58 Y176.268 E36.6706
G1 X181.701 Y175 E36.71297
G1 X181.58 Y173.732 E36.75533
G1 X181.22 Y172.509 E36.79774
G1 X180.637 Y171.377 E36.84009
G1 X179.849 Y170.375 E36.88248
G1 X178.887 Y169.541 E36.92483
G1 X177.783 Y168.904 E36.96722
G1 X176.579 Y168.488 E37.00959
G1 X175.319 Y168.306 E37.05193
G1 X174.046 Y168.367 E37.09432
G1 X172.808 Y168.667 E37.13669
G1 X171.65 Y169.197 E37.17905
G1 X170.611 Y169.936 E37.22146
G1 X169.733 Y170.858 E37.2638
G1 X169.044 Y171.93 E37.30619
G1 X168.57 Y173.112 E37.34854
G1 X168.329 Y174.363 E37.39092
G1 X168.329 Y175.637 E37.43329
G1 X168.57 Y176.888 E37.47566
G1 X169.044 Y178.07 E37.51802
G1 X169.733 Y179.142 E37.5604
G1 X170.611 Y180.064 E37.60275
G1 X171.65 Y180.803 E37.64516
G1 X172.808 Y181.333 E37.68751
G1 X174.046 Y181.633 E37.72988
G1 X175.319 Y181.694 E37.77227
G0 F9000 X175.625 Y181.77
G1 F600 X174.375 Y181.77 E37.81385
G1 X173.134 Y181.538 E37.85584
G1 X171.971 Y181.087 E37.89732
G1 X170.905 Y180.427 E37.93903
G1 X169.977 Y179.581 E37.98079
G1 X169.217 Y178.576 E38.0227
G1 X168.66 Y177.456 E38.0643
G1 X168.316 Y176.25 E38.10602
G1 X168.201 Y175 E38.14777
G1 X168.316 Y173.75 E38.18952
G1 X168.66 Y172.544 E38.23123
G1 X169.217 Y171.424 E38.27283
G1 X169.977 Y170.419 E38.31474
G1 X170.905 Y169.573 E38.35651
G1 X171.971 Y168.913 E38.39821
G1 X173.134 Y168.462 E38.4397
G1 X174.375 Y168.23 E38.48169
G1 X175.625 Y168.23 E38.52326
G1 X176.866 Y168.462 E38.56525
G1 X178.029 Y168.913 E38.60674
G1 X179.095 Y169.573 E38.64844
G1 X180.023 Y170.419 E38.69021
G1 X180.783 Y171.424 E38.73212
G1 X181.34 Y172.544 E38.77372
G1 X181.684 Y173.75 E38.81543
G1 X181.799 Y175 E38.85718
G1 X181.684 Y176.25 E38.89893
G1 X181.34 Y177.456 E38.94064
G1 X180.783 Y178.576 E38.98225
G1 X180.023 Y179.581 E39.02416
G1 X179.095 Y180.427 E39.06592
G1 X178.029 Y181.087 E39.10762
G1 X176.866 Y181.538 E39.14911
G1 X175.625 Y181.77 E39.1911
G0 F9000 X175.664 Y181.847
;MESH:NONMESH
G0 F300 X175.664 Y181.847 Z2.2
G0 F9000 X175.319 Y181.694
;TIME_ELAPSED:104.415779
;LAYER:10
;TYPE:WALL-OUTER
;MESH:diffuser_reactor.stl
G1 F600 X176.579 Y181.512 E39.23344
G1 X177.783 Y181.096 E39.27581
G1 X178.887 Y180.459 E39.31821
G1 X179.849 Y179.625 E39.36055
G1 X180.637 Y178.623 E39.40295
G1 X181.22 Y177.491 E39.4453
G1 X181.58 Y176.268 E39.4877
G1 X181.701 Y175 E39.53007
G1 X181.58 Y173.732 E39.57243
G1 X181.22 Y172.509 E39.61484
G1 X180.637 Y171.377 E39.65719
G1 X179.849 Y170.375 E39.69959
G1 X178.887 Y169.541 E39.74193
G1 X177.783 Y168.904 E39.78432
G1 X176.579 Y168.488 E39.82669
G1 X175.319 Y168.306 E39.86904
G1 X174.046 Y168.367 E39.91142
G1 X172.808 Y168.667 E39.95379
G1 X171.65 Y169.197 E39.99615
G1 X170.611 Y169.936 E40.03856
G1 X169.733 Y170.858 E40.0809
G1 X169.044 Y171.93 E40.12329
G1 X168.57 Y173.112 E40.16564
G1 X168.329 Y174.363 E40.20802
G1 X168.329 Y175.637 E40.25039
G1 X168.57 Y176.888 E40.29276
G1 X169.044 Y178.07 E40.33512
G1 X169.733 Y179.142 E40.3775
G1 X170.611 Y180.064 E40.41985
G1 X171.65 Y180.803 E40.46226
G1 X172.808 Y181.333 E40.50462
G1 X174.046 Y181.633 E40.54698
G1 X175.319 Y181.694 E40.58937
G0 F9000 X175.625 Y181.77
G1 F600 X174.375 Y181.77 E40.63095
G1 X173.134 Y181.538 E40.67294
G1 X171.971 Y181.087 E40.71443
G1 X170.905 Y180.427 E40.75613
G1 X169.977 Y179.581 E40.79789
G1 X169.217 Y178.576 E40.8398
G1 X168.66 Y177.456 E40.8814
G1 X168.316 Y176.25 E40.92312
G1 X168.201 Y175 E40.96487
G1 X168.316 Y173.75 E41.00662
G1 X168.66 Y172.544 E41.04833
G1 X169.217 Y171.424 E41.08993
G1 X169.977 Y170.419 E41.13184
G1 X170.905 Y169.573 E41.17361
G1 X171.971 Y168.913 E41.21531
G1 X173.134 Y168.462 E41.2568
G1 X174.375 Y168.23 E41.29879
G1 X175.625 Y168.23 E41.34036
G1 X176.866 Y168.462 E41.38235
G1 X178.029 Y168.913 E41.42384
G1 X179.095 Y169.573 E41.46554
G1 X180.023 Y170.419 E41.50731
G1 X180.783 Y171.424 E41.54922
G1 X181.34 Y172.544 E41.59082
G1 X181.684 Y173.75 E41.63253
G1 X181.799 Y175 E41.67428
G1 X181.684 Y176.25 E41.71603
G1 X181.34 Y177.456 E41.75775
G1 X180.783 Y178.576 E41.79935
G1 X180.023 Y179.581 E41.84126
G1 X179.095 Y180.427 E41.88302
G1 X178.029 Y181.087 E41.92472
G1 X176.866 Y181.538 E41.96621
G1 X175.625 Y181.77 E42.0082
G0 F9000 X175.664 Y181.847
;MESH:NONMESH
G0 F300 X175.664 Y181.847 Z2.4
G0 F9000 X175.319 Y181.694
;TIME_ELAPSED:113.059777
;LAYER:11
;TYPE:WALL-OUTER
;MESH:diffuser_reactor.stl
G1 F600 X176.579 Y181.512 E42.05055
G1 X177.783 Y181.096 E42.09291
G1 X178.887 Y180.459 E42.13531
G1 X179.849 Y179.625 E42.17765
G1 X180.637 Y178.623 E42.22005
G1 X181.22 Y177.491 E42.2624
G1 X181.58 Y176.268 E42.3048
G1 X181.701 Y175 E42.34717
G1 X181.58 Y173.732 E42.38954
G1 X181.22 Y172.509 E42.43194
G1 X180.637 Y171.377 E42.47429
G1 X179.849 Y170.375 E42.51669
G1 X178.887 Y169.541 E42.55903
G1 X177.783 Y168.904 E42.60143
G1 X176.579 Y168.488 E42.64379
G1 X175.319 Y168.306 E42.68614
G1 X174.046 Y168.367 E42.72853
G1 X172.808 Y168.667 E42.77089
G1 X171.65 Y169.197 E42.81325
G1 X170.611 Y169.936 E42.85566
G1 X169.733 Y170.858 E42.898
G1 X169.044 Y171.93 E42.94039
G1 X168.57 Y173.112 E42.98274
G1 X168.329 Y174.363 E43.02512
G1 X168.329 Y175.637 E43.06749
G1 X168.57 Y176.888 E43.10987
G1 X169.044 Y178.07 E43.15222
G1 X169.733 Y179.142 E43.19461
G1 X170.611 Y180.064 E43.23695
G1 X171.65 Y180.803 E43.27936
G1 X172.808 Y181.333 E43.32172
G1 X174.046 Y181.633 E43.36408
G1 X175.319 Y181.694 E43.40647
G0 F9000 X175.625 Y181.77
G1 F600 X174.375 Y181.77 E43.44805
G1 X173.134 Y181.538 E43.49004
G1 X171.971 Y181.087 E43.53153
G1 X170.905 Y180.427 E43.57323
G1 X169.977 Y179.581 E43.61499
G1 X169.217 Y178.576 E43.6569
G1 X168.66 Y177.456 E43.69851
G1 X168.316 Y176.25 E43.74022
G1 X168.201 Y175 E43.78197
G1 X168.316 Y173.75 E43.82372
G1 X168.66 Y172.544 E43.86543
G1 X169.217 Y171.424 E43.90703
G1 X169.977 Y170.419 E43.94894
G1 X170.905 Y169.573 E43.99071
G1 X171.971 Y168.913 E44.03241
G1 X173.134 Y168.462 E44.0739
G1 X174.375 Y168.23 E44.11589
G1 X175.625 Y168.23 E44.15746
G1 X176.866 Y168.462 E44.19946
G1 X178.029 Y168.913 E44.24094
G1 X179.095 Y169.573 E44.28264
G1 X180.023 Y170.419 E44.32441
G1 X180.783 Y171.424 E44.36632
G1 X181.34 Y172.544 E44.40792
G1 X181.684 Y173.75 E44.44963
G1 X181.799 Y175 E44.49138
G1 X181.684 Y176.25 E44.53314
G1 X181.34 Y177.456 E44.57485
G1 X180.783 Y178.576 E44.61645
G1 X180.023 Y179.581 E44.65836
G1 X179.095 Y180.427 E44.70013
G1 X178.029 Y181.087 E44.74183
G1 X176.866 Y181.538 E44.78331
G1 X175.625 Y181.77 E44.82531
G0 F9000 X175.664 Y181.847
;MESH:NONMESH
G0 F300 X175.664 Y181.847 Z2.6
G0 F9000 X175.319 Y181.694
;TIME_ELAPSED:121.703775
;LAYER:12
;TYPE:WALL-OUTER
;MESH:diffuser_reactor.stl
G1 F600 X176.579 Y181.512 E44.86765
G1 X177.783 Y181.096 E44.91002
G1 X178.887 Y180.459 E44.95241
G1 X179.849 Y179.625 E44.99476
G1 X180.637 Y178.623 E45.03715
G1 X181.22 Y177.491 E45.0795
G1 X181.58 Y176.268 E45.12191
G1 X181.701 Y175 E45.16427
G1 X181.58 Y173.732 E45.20664
G1 X181.22 Y172.509 E45.24904
G1 X180.637 Y171.377 E45.29139
G1 X179.849 Y170.375 E45.33379
G1 X178.887 Y169.541 E45.37613
G1 X177.783 Y168.904 E45.41853
G1 X176.579 Y168.488 E45.4609
G1 X175.319 Y168.306 E45.50324
G1 X174.046 Y168.367 E45.54563
G1 X172.808 Y168.667 E45.588
G1 X171.65 Y169.197 E45.63035
G1 X170.611 Y169.936 E45.67276
G1 X169.733 Y170.858 E45.71511
G1 X169.044 Y171.93 E45.75749
G1 X168.57 Y173.112 E45.79985
G1 X168.329 Y174.363 E45.84222
G1 X168.329 Y175.637 E45.88459
G1 X168.57 Y176.888 E45.92697
G1 X169.044 Y178.07 E45.96932
G1 X169.733 Y179.142 E46.01171
G1 X170.611 Y180.064 E46.05405
G1 X171.65 Y180.803 E46.09646
G1 X172.808 Y181.333 E46.13882
G1 X174.046 Y181.633 E46.18119
G1 X175.319 Y181.694 E46.22357
G0 F9000 X175.625 Y181.77
G1 F600 X174.375 Y181.77 E46.26515
G1 X173.134 Y181.538 E46.30714
G1 X171.971 Y181.087 E46.34863
G1 X170.905 Y180.427 E46.39033
G1 X169.977 Y179.581 E46.4321
G1 X169.217 Y178.576 E46.474
G1 X168.66 Y177.456 E46.51561
G1 X168.316 Y176.25 E46.55732
G1 X168.201 Y175 E46.59907
G1 X168.316 Y173.75 E46.64082
G1 X168.66 Y172.544 E46.68253
G1 X169.217 Y171.424 E46.72414
G1 X169.977 Y170.419 E46.76604
G1 X170.905 Y169.573 E46.80781
G1 X171.971 Y168.913 E46.84951
G1 X173.134 Y168.462 E46.891
G1 X174.375 Y168.23 E46.93299
G1 X175.625 Y168.23 E46.97457
G1 X176.866 Y168.462 E47.01656
G1 X178.029 Y168.913 E47.05804
G1 X179.095 Y169.573 E47.09975
G1 X180.023 Y170.419 E47.14151
G1 X180.783 Y171.424 E47.18342
G1 X181.34 Y172.544 E47.22502
G1 X181.684 Y173.75 E47.26674
G1 X181.799 Y175 E47.30849
G1 X181.684 Y176.25 E47.35024
G1 X181.34 Y177.456 E47.39195
G1 X180.783 Y178.576 E47.43355
G1 X180.023 Y179.581 E47.47546
G1 X179.095 Y180.427 E47.51723
G1 X178.029 Y181.087 E47.55893
G1 X176.866 Y181.538 E47.60042
G1 X175.625 Y181.77 E47.64241
G0 F9000 X175.664 Y181.847
;MESH:NONMESH
G0 F300 X175.664 Y181.847 Z2.8
G0 F9000 X175.319 Y181.694
;TIME_ELAPSED:130.347773
;LAYER:13
;TYPE:WALL-OUTER
;MESH:diffuser_reactor.stl
G1 F600 X176.579 Y181.512 E47.68475
G1 X177.783 Y181.096 E47.72712
G1 X178.887 Y180.459 E47.76951
G1 X179.849 Y179.625 E47.81186
G1 X180.637 Y178.623 E47.85425
G1 X181.22 Y177.491 E47.89661
G1 X181.58 Y176.268 E47.93901
G1 X181.701 Y175 E47.98137
G1 X181.58 Y173.732 E48.02374
G1 X181.22 Y172.509 E48.06614
G1 X180.637 Y171.377 E48.10849
G1 X179.849 Y170.375 E48.15089
G1 X178.887 Y169.541 E48.19324
G1 X177.783 Y168.904 E48.23563
G1 X176.579 Y168.488 E48.278
G1 X175.319 Y168.306 E48.32034
G1 X174.046 Y168.367 E48.36273
G1 X172.808 Y168.667 E48.4051
G1 X171.65 Y169.197 E48.44745
G1 X170.611 Y169.936 E48.48986
G1 X169.733 Y170.858 E48.53221
G1 X169.044 Y171.93 E48.57459
G1 X168.57 Y173.112 E48.61695
G1 X168.329 Y174.363 E48.65932
G1 X168.329 Y175.637 E48.70169
G1 X168.57 Y176.888 E48.74407
G1 X169.044 Y178.07 E48.78643
G1 X169.733 Y179.142 E48.82881
G1 X170.611 Y180.064 E48.87116
G1 X171.65 Y180.803 E48.91356
G1 X172.808 Y181.333 E48.95592
G1 X174.046 Y181.633 E48.99829
G1 X175.319 Y181.694 E49.04068
G0 F9000 X175.625 Y181.77
G1 F600 X174.375 Y181.77 E49.08225
G1 X173.134 Y181.538 E49.12424
G1 X171.971 Y181.087 E49.16573
G1 X170.905 Y180.427 E49.20743
G1 X169.977 Y179.581 E49.2492
G1 X169.217 Y178.576 E49.29111
G1 X168.66 Y177.456 E49.33271
G1 X168.316 Y176.25 E49.37442
G1 X168.201 Y175 E49.41617
G1 X168.316 Y173.75 E49.45792
G1 X168.66 Y172.544 E49.49963
G1 X169.217 Y171.424 E49.54124
G1 X169.977 Y170.419 E49.58315
G1 X170.905 Y169.573 E49.62491
G1 X171.971 Y168.913 E49.66661
G1 X173.134 Y168.462 E49.7081
G1 X174.375 Y168.23 E49.75009
G1 X175.625 Y168.23 E49.79167
G1 X176.866 Y168.462 E49.83366
G1 X178.029 Y168.913 E49.87515
G1 X179.095 Y169.573 E49.91685
G1 X180.023 Y170.419 E49.95861
G1 X180.783 Y171.424 E50.00052
G1 X181.34 Y172.544 E50.04213
G1 X181.684 Y173.75 E50.08384
G1 X181.799 Y175 E50.12559
G1 X181.684 Y176.25 E50.16734
G1 X181.34 Y177.456 E50.20905
G1 X180.783 Y178.576 E50.25065
G1 X180.023 Y179.581 E50.29256
G1 X179.095 Y180.427 E50.33433
G1 X178.029 Y181.087 E50.37603
G1 X176.866 Y181.538 E50.41752
G1 X175.625 Y181.77 E50.45951
G0 F9000 X175.664 Y181.847
;MESH:NONMESH
G0 F300 X175.664 Y181.847 Z3
G0 F9000 X175.319 Y181.694
;TIME_ELAPSED:138.991771
;LAYER:14
;TYPE:WALL-OUTER
;MESH:diffuser_reactor.stl
G1 F600 X176.579 Y181.512 E50.50185
G1 X177.783 Y181.096 E50.54422
G1 X178.887 Y180.459 E50.58661
G1 X179.849 Y179.625 E50.62896
G1 X180.637 Y178.623 E50.67136
G1 X181.22 Y177.491 E50.71371
G1 X181.58 Y176.268 E50.75611
G1 X181.701 Y175 E50.79847
G1 X181.58 Y173.732 E50.84084
G1 X181.22 Y172.509 E50.88324
G1 X180.637 Y171.377 E50.92559
G1 X179.849 Y170.375 E50.96799
G1 X178.887 Y169.541 E51.01034
G1 X177.783 Y168.904 E51.05273
G1 X176.579 Y168.488 E51.0951
G1 X175.319 Y168.306 E51.13744
G1 X174.046 Y168.367 E51.17983
G1 X172.808 Y168.667 E51.2222
G1 X171.65 Y169.197 E51.26456
G1 X170.611 Y169.936 E51.30696
G1 X169.733 Y170.858 E51.34931
G1 X169.044 Y171.93 E51.39169
G1 X168.57 Y173.112 E51.43405
G1 X168.329 Y174.363 E51.47642
G1 X168.329 Y175.637 E51.5188
G1 X168.57 Y176.888 E51.56117
G1 X169.044 Y178.07 E51.60353
G1 X169.733 Y179.142 E51.64591
G1 X170.611 Y180.064 E51.68826
G1 X171.65 Y180.803 E51.73066
G1 X172.808 Y181.333 E51.77302
G1 X174.046 Y181.633 E51.81539
G1 X175.319 Y181.694 E51.85778
G0 F9000 X175.625 Y181.77
G1 F600 X174.375 Y181.77 E51.89935
G1 X173.134 Y181.538 E51.94134
G1 X171.971 Y181.087 E51.98283
G1 X170.905 Y180.427 E52.02453
G1 X169.977 Y179.581 E52.0663
G1 X169.217 Y178.576 E52.10821
G1 X168.66 Y177.456 E52.14981
G1 X168.316 Y176.25 E52.19152
G1 X168.201 Y175 E52.23327
G1 X168.316 Y173.75 E52.27502
G1 X168.66 Y172.544 E52.31674
G1 X169.217 Y171.424 E52.35834
G1 X169.977 Y170.419 E52.40025
G1 X170.905 Y169.573 E52.44201
G1 X171.971 Y168.913 E52.48371
G1 X173.134 Y168.462 E52.5252
G1 X174.375 Y168.23 E52.56719
G1 X175.625 Y168.23 E52.60877
G1 X176.866 Y168.462 E52.65076
G1 X178.029 Y168.913 E52.69225
G1 X179.095 Y169.573 E52.73395
G1 X180.023 Y170.419 E52.77571
G1 X180.783 Y171.424 E52.81762
G1 X181.34 Y172.544 E52.85923
G1 X181.684 Y173.75 E52.90094
G1 X181.799 Y175 E52.94269
G1 X181.684 Y176.25 E52.98444
G1 X181.34 Y177.456 E53.02615
G1 X180.783 Y178.576 E53.06776
G1 X180.023 Y179.581 E53.10966
G1 X179.095 Y180.427 E53.15143
G1 X178.029 Y181.087 E53.19313
G1 X176.866 Y181.538 E53.23462
G1 X175.625 Y181.77 E53.27661
G0 F9000 X175.664 Y181.847
;MESH:NONMESH
G0 F300 X175.664 Y181.847 Z3.2
G0 F9000 X175.319 Y181.694
;TIME_ELAPSED:147.635769
;LAYER:15
;TYPE:WALL-OUTER
;MESH:diffuser_reactor.stl
G1 F600 X176.579 Y181.512 E53.31895
G1 X177.783 Y181.096 E53.36132
G1 X178.887 Y180.459 E53.40371
G1 X179.849 Y179.625 E53.44606
G1 X180.637 Y178.623 E53.48846
G1 X181.22 Y177.491 E53.53081
G1 X181.58 Y176.268 E53.57321
G1 X181.701 Y175 E53.61558
G1 X181.58 Y173.732 E53.65794
G1 X181.22 Y172.509 E53.70034
G1 X180.637 Y171.377 E53.74269
G1 X179.849 Y170.375 E53.78509
G1 X178.887 Y169.541 E53.82744
G1 X177.783 Y168.904 E53.86983
G1 X176.579 Y168.488 E53.9122
G1 X175.319 Y168.306 E53.95454
G1 X174.046 Y168.367 E53.99693
G1 X172.808 Y168.667 E54.0393
G1 X171.65 Y169.197 E54.08166
G1 X170.611 Y169.936 E54.12406
G1 X169.733 Y170.858 E54.16641
G1 X169.044 Y171.93 E54.20879
G1 X168.57 Y173.112 E54.25115
G1 X168.329 Y174.363 E54.29352
G1 X168.329 Y175.637 E54.3359
G1 X168.57 Y176.888 E54.37827
G1 X169.044 Y178.07 E54.42063
G1 X169.733 Y179.142 E54.46301
G1 X170.611 Y180.064 E54.50536
G1 X171.65 Y180.803 E54.54777
G1 X172.808 Y181.333 E54.59012
G1 X174.046 Y181.633 E54.63249
G1 X175.319 Y181.694 E54.67488
G0 F9000 X175.625 Y181.77
G1 F600 X174.375 Y181.77 E54.71645
G1 X173.134 Y181.538 E54.75845
G1 X171.971 Y181.087 E54.79993
G1 X170.905 Y180.427 E54.84163
G1 X169.977 Y179.581 E54.8834
G1 X169.217 Y178.576 E54.92531
G1 X168.66 Y177.456 E54.96691
G1 X168.316 Y176.25 E55.00862
G1 X168.201 Y175 E55.05037
G1 X168.316 Y173.75 E55.09213
G1 X168.66 Y172.544 E55.13384
G1 X169.217 Y171.424 E55.17544
G1 X169.977 Y170.419 E55.21735
G1 X170.905 Y169.573 E55.25912
G1 X171.971 Y168.913 E55.30082
G1 X173.134 Y168.462 E55.3423
G1 X174.375 Y168.23 E55.3843
G1 X175.625 Y168.23 E55.42587
G1 X176.866 Y168.462 E55.46786
G1 X178.029 Y168.913 E55.50935
G1 X179.095 Y169.573 E55.55105
G1 X180.023 Y170.419 E55.59282
G1 X180.783 Y171.424 E55.63472
G1 X181.34 Y172.544 E55.67633
G1 X181.684 Y173.75 E55.71804
G1 X181.799 Y175 E55.75979
G1 X181.684 Y176.25 E55.80154
G1 X181.34 Y177.456 E55.84325
G1 X180.783 Y178.576 E55.88486
G1 X180.023 Y179.581 E55.92676
G1 X179.095 Y180.427 E55.96853
G1 X178.029 Y181.087 E56.01023
G1 X176.866 Y181.538 E56.05172
G1 X175.625 Y181.77 E56.09371
G0 F9000 X175.664 Y181.847
;MESH:NONMESH
G0 F300 X175.664 Y181.847 Z3.4
G0 F9000 X175.319 Y181.694
;TIME_ELAPSED:156.279767
;LAYER:16
;TYPE:WALL-OUTER
;MESH:diffuser_reactor.stl
G1 F600 X176.579 Y181.512 E56.13605
G1 X177.783 Y181.096 E56.17842
G1 X178.887 Y180.459 E56.22081
G1 X179.849 Y179.625 E56.26316
G1 X180.637 Y178.623 E56.30556
G1 X181.22 Y177.491 E56.34791
G1 X181.58 Y176.268 E56.39031
G1 X181.701 Y175 E56.43268
G1 X181.58 Y173.732 E56.47504
G1 X181.22 Y172.509 E56.51745
G1 X180.637 Y171.377 E56.5598
G1 X179.849 Y170.375 E56.60219
G1 X178.887 Y169.541 E56.64454
G1 X177.783 Y168.904 E56.68693
G1 X176.579 Y168.488 E56.7293
G1 X175.319 Y168.306 E56.77164
G1 X174.046 Y168.367 E56.81403
G1 X172.808 Y168.667 E56.8564
G1 X171.65 Y169.197 E56.89876
G1 X170.611 Y169.936 E56.94117
G1 X169.733 Y170.858 E56.98351
G1 X169.044 Y171.93 E57.0259
G1 X168.57 Y173.112 E57.06825
G1 X168.329 Y174.363 E57.11063
G1 X168.329 Y175.637 E57.153
G1 X168.57 Y176.888 E57.19537
G1 X169.044 Y178.07 E57.23773
G1 X169.733 Y179.142 E57.28011
G1 X170.611 Y180.064 E57.32246
G1 X171.65 Y180.803 E57.36487
G1 X172.808 Y181.333 E57.40722
G1 X174.046 Y181.633 E57.44959
G1 X175.319 Y181.694 E57.49198
G0 F9000 X175.625 Y181.77
G1 F600 X174.375 Y181.77 E57.53356
G1 X173.134 Y181.538 E57.57555
G1 X171.971 Y181.087 E57.61703
G1 X170.905 Y180.427 E57.65874
G1 X169.977 Y179.581 E57.7005
G1 X169.217 Y178.576 E57.74241
G1 X168.66 Y177.456 E57.78401
G1 X168.316 Y176.25 E57.82573
G1 X168.201 Y175 E57.86748
G1 X168.316 Y173.75 E57.90923
G1 X168.66 Y172.544 E57.95094
G1 X169.217 Y171.424 E57.99254
G1 X169.977 Y170.419 E58.03445
G1 X170.905 Y169.573 E58.07622
G1 X171.971 Y168.913 E58.11792
G1 X173.134 Y168.462 E58.15941
G1 X174.375 Y168.23 E58.2014
G1 X175.625 Y168.23 E58.24297
G1 X176.866 Y168.462 E58.28496
G1 X178.029 Y168.913 E58.32645
G1 X179.095 Y169.573 E58.36815
G1 X180.023 Y170.419 E58.40992
G1 X180.783 Y171.424 E58.45183
G1 X181.34 Y172.544 E58.49343
G1 X181.684 Y173.75 E58.53514
G1 X181.799 Y175 E58.57689
G1 X181.684 Y176.25 E58.61864
G1 X181.34 Y177.456 E58.66035
G1 X180.783 Y178.576 E58.70196
G1 X180.023 Y179.581 E58.74387
G1 X179.095 Y180.427 E58.78563
G1 X178.029 Y181.087 E58.82733
G1 X176.866 Y181.538 E58.86882
G1 X175.625 Y181.77 E58.91081
G0 F9000 X175.664 Y181.847
;MESH:NONMESH
G0 F300 X175.664 Y181.847 Z3.6
G0 F9000 X175.319 Y181.694
;TIME_ELAPSED:164.923765
;LAYER:17
;TYPE:WALL-OUTER
;MESH:diffuser_reactor.stl
G1 F600 X176.579 Y181.512 E58.95316
G1 X177.783 Y181.096 E58.99552
G1 X178.887 Y180.459 E59.03792
G1 X179.849 Y179.625 E59.08026
G1 X180.637 Y178.623 E59.12266
G1 X181.22 Y177.491 E59.16501
G1 X181.58 Y176.268 E59.20741
G1 X181.701 Y175 E59.24978
G1 X181.58 Y173.732 E59.29214
G1 X181.22 Y172.509 E59.33455
G1 X180.637 Y171.377 E59.3769
G1 X179.849 Y170.375 E59.4193
G1 X178.887 Y169.541 E59.46164
G1 X177.783 Y168.904 E59.50404
G1 X176.579 Y168.488 E59.5464
G1 X175.319 Y168.306 E59.58875
G1 X174.046 Y168.367 E59.63113
G1 X172.808 Y168.667 E59.6735
G1 X171.65 Y169.197 E59.71586
G1 X170.611 Y169.936 E59.75827
G1 X169.733 Y170.858 E59.80061
G1 X169.044 Y171.93 E59.843
G1 X168.57 Y173.112 E59.88535
G1 X168.329 Y174.363 E59.92773
G1 X168.329 Y175.637 E59.9701
G1 X168.57 Y176.888 E60.01247
G1 X169.044 Y178.07 E60.05483
G1 X169.733 Y179.142 E60.09722
G1 X170.611 Y180.064 E60.13956
G1 X171.65 Y180.803 E60.18197
G1 X172.808 Y181.333 E60.22433
G1 X174.046 Y181.633 E60.26669
G1 X175.319 Y181.694 E60.30908
G0 F9000 X175.625 Y181.77
G1 F600 X174.375 Y181.77 E60.35066
G1 X173.134 Y181.538 E60.39265
G1 X171.971 Y181.087 E60.43414
G1 X170.905 Y180.427 E60.47584
G1 X169.977 Y179.581 E60.5176
G1 X169.217 Y178.576 E60.55951
G1 X168.66 Y177.456 E60.60112
G1 X168.316 Y176.25 E60.64283
G1 X168.201 Y175 E60.68458
G1 X168.316 Y173.75 E60.72633
G1 X168.66 Y172.544 E60.76804
G1 X169.217 Y171.424 E60.80964
G1 X169.977 Y170.419 E60.85155
G1 X170.905 Y169.573 E60.89332
G1 X171.971 Y168.913 E60.93502
G1 X173.134 Y168.462 E60.97651
G1 X174.375 Y168.23 E61.0185
G1 X175.625 Y168.23 E61.06007
G1 X176.866 Y168.462 E61.10206
G1 X178.029 Y168.913 E61.14355
G1 X179.095 Y169.573 E61.18525
G1 X180.023 Y170.419 E61.22702
G1 X180.783 Y171.424 E61.26893
G1 X181.34 Y172.544 E61.31053
G1 X181.684 Y173.75 E61.35224
G1 X181.799 Y175 E61.39399
G1 X181.684 Y176.25 E61.43574
G1 X181.34 Y177.456 E61.47746
G1 X180.783 Y178.576 E61.51906
G1 X180.023 Y179.581 E61.56097
G1 X179.095 Y180.427 E61.60273
G1 X178.029 Y181.087 E61.64443
G1 X176.866 Y181.538 E61.68592
G1 X175.625 Y181.77 E61.72791
G0 F9000 X175.664 Y181.847
;MESH:NONMESH
G0 F300 X175.664 Y181.847 Z3.8
G0 F9000 X175.319 Y181.694
;TIME_ELAPSED:173.567763
;LAYER:18
;TYPE:WALL-OUTER
;MESH:diffuser_reactor.stl
G1 F600 X176.579 Y181.512 E61.77026
G1 X177.783 Y181.096 E61.81262
G1 X178.887 Y180.459 E61.85502
G1 X179.849 Y179.625 E61.89736
G1 X180.637 Y178.623 E61.93976
G1 X181.22 Y177.491 E61.98211
G1 X181.58 Y176.268 E62.02452
G1 X181.701 Y175 E62.06688
G1 X181.58 Y173.732 E62.10925
G1 X181.22 Y172.509 E62.15165
G1 X180.637 Y171.377 E62.194
G1 X179.849 Y170.375 E62.2364
G1 X178.887 Y169.541 E62.27874
G1 X177.783 Y168.904 E62.32114
G1 X176.579 Y168.488 E62.3635
G1 X175.319 Y168.306 E62.40585
G1 X174.046 Y168.367 E62.44824
G1 X172.808 Y168.667 E62.4906
G1 X171.65 Y169.197 E62.53296
G1 X170.611 Y169.936 E62.57537
G1 X169.733 Y170.858 E62.61771
G1 X169.044 Y171.93 E62.6601
G1 X168.57 Y173.112 E62.70246
G1 X168.329 Y174.363 E62.74483
G1 X168.329 Y175.637 E62.7872
G1 X168.57 Y176.888 E62.82958
G1 X169.044 Y178.07 E62.87193
G1 X169.733 Y179.142 E62.91432
G1 X170.611 Y180.064 E62.95666
G1 X171.65 Y180.803 E62.99907
G1 X172.808 Y181.333 E63.04143
G1 X174.046 Y181.633 E63.08379
G1 X175.319 Y181.694 E63.12618
G0 F9000 X175.625 Y181.77
G1 F600 X174.375 Y181.77 E63.16776
G1 X173.134 Y181.538 E63.20975
G1 X171.971 Y181.087 E63.25124
G1 X170.905 Y180.427 E63.29294
G1 X169.977 Y179.581 E63.3347
G1 X169.217 Y178.576 E63.37661
G1 X168.66 Y177.456 E63.41822
G1 X168.316 Y176.25 E63.45993
G1 X168.201 Y175 E63.50168
G1 X168.316 Y173.75 E63.54343
G1 X168.66 Y172.544 E63.58514
G1 X169.217 Y171.424 E63.62675
G1 X169.977 Y170.419 E63.66865
G1 X170.905 Y169.573 E63.71042
G1 X171.971 Y168.913 E63.75212
G1 X173.134 Y168.462 E63.79361
G1 X174.375 Y168.23 E63.8356
G1 X175.625 Y168.23 E63.87717
G1 X176.866 Y168.462 E63.91917
G1 X178.029 Y168.913 E63.96065
G1 X179.095 Y169.573 E64.00235
G1 X180.023 Y170.419 E64.04412
G1 X180.783 Y171.424 E64.08603
G1 X181.34 Y172.544 E64.12763
G1 X181.684 Y173.75 E64.16934
G1 X181.799 Y175 E64.2111
G1 X181.684 Y176.25 E64.25285
G1 X181.34 Y177.456 E64.29456
G1 X180.783 Y178.576 E64.33616
G1 X180.023 Y179.581 E64.37807
G1 X179.095 Y180.427 E64.41984
G1 X178.029 Y181.087 E64.46154
G1 X176.866 Y181.538 E64.50302
G1 X175.625 Y181.77 E64.54502
G0 F9000 X175.664 Y181.847
;MESH:NONMESH
G0 F300 X175.664 Y181.847 Z4
G0 F9000 X175.319 Y181.694
;TIME_ELAPSED:182.211761
;LAYER:19
;TYPE:WALL-OUTER
;MESH:diffuser_reactor.stl
G1 F600 X176.579 Y181.512 E64.58736
G1 X177.783 Y181.096 E64.62973
G1 X178.887 Y180.459 E64.67212
G1 X179.849 Y179.625 E64.71447
G1 X180.637 Y178.623 E64.75686
G1 X181.22 Y177.491 E64.79921
G1 X181.58 Y176.268 E64.84162
G1 X181.701 Y175 E64.88398
G1 X181.58 Y173.732 E64.92635
G1 X181.22 Y172.509 E64.96875
G1 X180.637 Y171.377 E65.0111
G1 X179.849 Y170.375 E65.0535
G1 X178.887 Y169.541 E65.09584
G1 X177.783 Y168.904 E65.13824
G1 X176.579 Y168.488 E65.18061
G1 X175.319 Y168.306 E65.22295
G1 X174.046 Y168.367 E65.26534
G1 X172.808 Y168.667 E65.30771
G1 X171.65 Y169.197 E65.35006
G1 X170.611 Y169.936 E65.39247
G1 X169.733 Y170.858 E65.43482
G1 X169.044 Y171.93 E65.4772
G1 X168.57 Y173.112 E65.51956
G1 X168.329 Y174.363 E65.56193
G1 X168.329 Y175.637 E65.6043
G1 X168.57 Y176.888 E65.64668
G1 X169.044 Y178.07 E65.68903
G1 X169.733 Y179.142 E65.73142
G1 X170.611 Y180.064 E65.77376
G1 X171.65 Y180.803 E65.81617
G1 X172.808 Y181.333 E65.85853
G1 X174.046 Y181.633 E65.9009
G1 X175.319 Y181.694 E65.94329
G0 F9000 X175.625 Y181.77
G1 F600 X174.375 Y181.77 E65.98486
G1 X173.134 Y181.538 E66.02685
G1 X171.971 Y181.087 E66.06834
G1 X170.905 Y180.427 E66.11004
G1 X169.977 Y179.581 E66.15181
G1 X169.217 Y178.576 E66.19371
G1 X168.66 Y177.456 E66.23532
G1 X168.316 Y176.25 E66.27703
G1 X168.201 Y175 E66.31878
G1 X168.316 Y173.75 E66.36053
G1 X168.66 Y172.544 E66.40224
G1 X169.217 Y171.424 E66.44385
G1 X169.977 Y170.419 E66.48575
G1 X170.905 Y169.573 E66.52752
G1 X171.971 Y168.913 E66.56922
G1 X173.134 Y168.462 E66.61071
G1 X174.375 Y168.23 E66.6527
G1 X175.625 Y168.23 E66.69428
G1 X176.866 Y168.462 E66.73627
G1 X178.029 Y168.913 E66.77776
G1 X179.095 Y169.573 E66.81946
G1 X180.023 Y170.419 E66.86122
G1 X180.783 Y171.424 E66.90313
G1 X181.34 Y172.544 E66.94473
G1 X181.684 Y173.75 E66.98645
G1 X181.799 Y175 E67.0282
G1 X181.684 Y176.25 E67.06995
G1 X181.34 Y177.456 E67.11166
G1 X180.783 Y178.576 E67.15326
G1 X180.023 Y179.581 E67.19517
G1 X179.095 Y180.427 E67.23694
G1 X178.029 Y181.087 E67.27864
G1 X176.866 Y181.538 E67.32013
G1 X175.625 Y181.77 E67.36212
G0 F9000 X175.664 Y181.847
;MESH:NONMESH
G0 F300 X175.664 Y181.847 Z4.2
G0 F9000 X175.319 Y181.694
;TIME_ELAPSED:190.855759
;LAYER:20
;TYPE:WALL-OUTER
;MESH:diffuser_reactor.stl
G1 F600 X176.579 Y181.512 E67.40446
G1 X177.783 Y181.096 E67.44683
G1 X178.887 Y180.459 E67.48922
G1 X179.849 Y179.625 E67.53157
G1 X180.637 Y178.623 E67.57397
G1 X181.22 Y177.491 E67.61632
G1 X181.58 Y176.268 E67.65872
G1 X181.701 Y175 E67.70108
G1 X181.58 Y173.732 E67.74345
G1 X181.22 Y172.509 E67.78585
G1 X180.637 Y171.377 E67.8282
G1 X179.849 Y170.375 E67.8706
G1 X178.887 Y169.541 E67.91295
G1 X177.783 Y168.904 E67.95534
G1 X176.579 Y168.488 E67.99771
G1 X175.319 Y168.306 E68.04005
G1 X174.046 Y168.367 E68.08244
G1 X172.808 Y168.667 E68.12481
G1 X171.65 Y169.197 E68.16716
G1 X170.611 Y169.936 E68.20957
G1 X169.733 Y170.858 E68.25192
G1 X169.044 Y171.93 E68.2943
G1 X168.57 Y173.112 E68.33666
G1 X168.329 Y174.363 E68.37903
G1 X168.329 Y175.637 E68.42141
G1 X168.57 Y176.888 E68.46378
G1 X169.044 Y178.07 E68.50614
G1 X169.733 Y179.142 E68.54852
G1 X170.611 Y180.064 E68.59087
G1 X171.65 Y180.803 E68.63327
G1 X172.808 Y181.333 E68.67563
G1 X174.046 Y181.633 E68.718
G1 X175.319 Y181.694 E68.76039
G0 F9000 X175.625 Y181.77
G1 F600 X174.375 Y181.77 E68.80196
G1 X173.134 Y181.538 E68.84395
G1 X171.971 Y181.087 E68.88544
G1 X170.905 Y180.427 E68.92714
G1 X169.977 Y179.581 E68.96891
G1 X169.217 Y178.576 E69.01082
G1 X168.66 Y177.456 E69.05242
G1 X168.316 Y176.25 E69.09413
G1 X168.201 Y175 E69.13588
G1 X168.316 Y173.75 E69.17763
G1 X168.66 Y172.544 E69.21934
G1 X169.217 Y171.424 E69.26095
G1 X169.977 Y170.419 E69.30286
G1 X170.905 Y169.573 E69.34462
G1 X171.971 Y168.913 E69.38632
G1 X173.134 Y168.462 E69.42781
G1 X174.375 Y168.23 E69.4698
G1 X175.625 Y168.23 E69.51138
G1 X176.866 Y168.462 E69.55337
G1 X178.029 Y168.913 E69.59486
G1 X179.095 Y169.573 E69.63656
G1 X180.023 Y170.419 E69.67832
G1 X180.783 Y171.424 E69.72023
G1 X181.34 Y172.544 E69.76184
G1 X181.684 Y173.75 E69.80355
G1 X181.799 Y175 E69.8453
G1 X181.684 Y176.25 E69.88705
G1 X181.34 Y177.456 E69.92876
G1 X180.783 Y178.576 E69.97036
G1 X180.023 Y179.581 E70.01227
G1 X179.095 Y180.427 E70.05404
G1 X178.029 Y181.087 E70.09574
G1 X176.866 Y181.538 E70.13723
G1 X175.625 Y181.77 E70.17922
G0 F9000 X175.664 Y181.847
;MESH:NONMESH
G0 F300 X175.664 Y181.847 Z4.4
G0 F9000 X175.319 Y181.694
;TIME_ELAPSED:199.499757
;LAYER:21
;TYPE:WALL-OUTER
;MESH:diffuser_reactor.stl
G1 F600 X176.579 Y181.512 E70.22156
G1 X177.783 Y181.096 E70.26393
G1 X178.887 Y180.459 E70.30632
G1 X179.849 Y179.625 E70.34867
G1 X180.637 Y178.623 E70.39107
G1 X181.22 Y177.491 E70.43342
G1 X181.58 Y176.268 E70.47582
G1 X181.701 Y175 E70.51819
G1 X181.58 Y173.732 E70.56055
G1 X181.22 Y172.509 E70.60295
G1 X180.637 Y171.377 E70.6453
G1 X179.849 Y170.375 E70.6877
G1 X178.887 Y169.541 E70.73005
G1 X177.783 Y168.904 E70.77244
G1 X176.579 Y168.488 E70.81481
G1 X175.319 Y168.306 E70.85715
G1 X174.046 Y168.367 E70.89954
G1 X172.808 Y168.667 E70.94191
G1 X171.65 Y169.197 E70.98427
G1 X170.611 Y169.936 E71.02667
G1 X169.733 Y170.858 E71.06902
G1 X169.044 Y171.93 E71.1114
G1 X168.57 Y173.112 E71.15376
G1 X168.329 Y174.363 E71.19613
G1 X168.329 Y175.637 E71.23851
G1 X168.57 Y176.888 E71.28088
G1 X169.044 Y178.07 E71.32324
G1 X169.733 Y179.142 E71.36562
G1 X170.611 Y180.064 E71.40797
G1 X171.65 Y180.803 E71.45037
G1 X172.808 Y181.333 E71.49273
G1 X174.046 Y181.633 E71.5351
G1 X175.319 Y181.694 E71.57749
G0 F9000 X175.625 Y181.77
G1 F600 X174.375 Y181.77 E71.61906
G1 X173.134 Y181.538 E71.66105
G1 X171.971 Y181.087 E71.70254
G1 X170.905 Y180.427 E71.74424
G1 X169.977 Y179.581 E71.78601
G1 X169.217 Y178.576 E71.82792
G1 X168.66 Y177.456 E71.86952
G1 X168.316 Y176.25 E71.91123
G1 X168.201 Y175 E71.95298
G1 X168.316 Y173.75 E71.99473
G1 X168.66 Y172.544 E72.03645
G1 X169.217 Y171.424 E72.07805
G1 X169.977 Y170.419 E72.11996
G1 X170.905 Y169.573 E72.16172
G1 X171.971 Y168.913 E72.20342
G1 X173.134 Y168.462 E72.24491
G1 X174.375 Y168.23 E72.2869
G1 X175.625 Y168.23 E72.32848
G1 X176.866 Y168.462 E72.37047
G1 X178.029 Y168.913 E72.41196
G1 X179.095 Y169.573 E72.45366
G1 X180.023 Y170.419 E72.49543
G1 X180.783 Y171.424 E72.53733
G1 X181.34 Y172.544 E72.57894
G1 X181.684 Y173.75 E72.62065
G1 X181.799 Y175 E72.6624
G1 X181.684 Y176.25 E72.70415
G1 X181.34 Y177.456 E72.74586
G1 X180.783 Y178.576 E72.78747
G1 X180.023 Y179.581 E72.82937
G1 X179.095 Y180.427 E72.87114
G1 X178.029 Y181.087 E72.91284
G1 X176.866 Y181.538 E72.95433
G1 X175.625 Y181.77 E72.99632
G0 F9000 X175.664 Y181.847
;MESH:NONMESH
G0 F300 X175.664 Y181.847 Z4.6
G0 F9000 X175.319 Y181.694
;TIME_ELAPSED:208.143755
;LAYER:22
;TYPE:WALL-OUTER
;MESH:diffuser_reactor.stl
G1 F600 X176.579 Y181.512 E73.03866
G1 X177.783 Y181.096 E73.08103
G1 X178.887 Y180.459 E73.12342
G1 X179.849 Y179.625 E73.16577
G1 X180.637 Y178.623 E73.20817
G1 X181.22 Y177.491 E73.25052
G1 X181.58 Y176.268 E73.29292
G1 X181.701 Y175 E73.33529
G1 X181.58 Y173.732 E73.37765
G1 X181.22 Y172.509 E73.42005
G1 X180.637 Y171.377 E73.46241
G1 X179.849 Y170.375 E73.5048
G1 X178.887 Y169.541 E73.54715
G1 X177.783 Y168.904 E73.58954
G1 X176.579 Y168.488 E73.63191
G1 X175.319 Y168.306 E73.67425
G1 X174.046 Y168.367 E73.71664
G1 X172.808 Y168.667 E73.75901
G1 X171.65 Y169.197 E73.80137
G1 X170.611 Y169.936 E73.84377
G1 X169.733 Y170.858 E73.88612
G1 X169.044 Y171.93 E73.9285
G1 X168.57 Y173.112 E73.97086
G1 X168.329 Y174.363 E74.01323
G1 X168.329 Y175.637 E74.05561
G1 X168.57 Y176.888 E74.09798
G1 X169.044 Y178.07 E74.14034
G1 X169.733 Y179.142 E74.18272
G1 X170.611 Y180.064 E74.22507
G1 X171.65 Y180.803 E74.26748
G1 X172.808 Y181.333 E74.30983
G1 X174.046 Y181.633 E74.3522
G1 X175.319 Y181.694 E74.39459
G0 F9000 X175.625 Y181.77
G1 F600 X174.375 Y181.77 E74.43616
G1 X173.134 Y181.538 E74.47816
G1 X171.971 Y181.087 E74.51964
G1 X170.905 Y180.427 E74.56134
G1 X169.977 Y179.581 E74.60311
G1 X169.217 Y178.576 E74.64502
G1 X168.66 Y177.456 E74.68662
G1 X168.316 Y176.25 E74.72833
G1 X168.201 Y175 E74.77009
G1 X168.316 Y173.75 E74.81184
G1 X168.66 Y172.544 E74.85355
G1 X169.217 Y171.424 E74.89515
G1 X169.977 Y170.419 E74.93706
G1 X170.905 Y169.573 E74.97883
G1 X171.971 Y168.913 E75.02053
G1 X173.134 Y168.462 E75.06201
G1 X174.375 Y168.23 E75.10401
G1 X175.625 Y168.23 E75.14558
G1 X176.866 Y168.462 E75.18757
G1 X178.029 Y168.913 E75.22906
G1 X179.095 Y169.573 E75.27076
G1 X180.023 Y170.419 E75.31253
G1 X180.783 Y171.424 E75.35443
G1 X181.34 Y172.544 E75.39604
G1 X181.684 Y173.75 E75.43775
G1 X181.799 Y175 E75.4795
G1 X181.684 Y176.25 E75.52125
G1 X181.34 Y177.456 E75.56296
G1 X180.783 Y178.576 E75.60457
G1 X180.023 Y179.581 E75.64648
G1 X179.095 Y180.427 E75.68824
G1 X178.029 Y181.087 E75.72994
G1 X176.866 Y181.538 E75.77143
G1 X175.625 Y181.77 E75.81342
G0 F9000 X175.664 Y181.847
;MESH:NONMESH
G0 F300 X175.664 Y181.847 Z4.8
G0 F9000 X175.319 Y181.694
;TIME_ELAPSED:216.787753
;LAYER:23
;TYPE:WALL-OUTER
;MESH:diffuser_reactor.stl
G1 F600 X176.579 Y181.512 E75.85576
G1 X177.783 Y181.096 E75.89813
G1 X178.887 Y180.459 E75.94053
G1 X179.849 Y179.625 E75.98287
G1 X180.637 Y178.623 E76.02527
G1 X181.22 Y177.491 E76.06762
G1 X181.58 Y176.268 E76.11002
G1 X181.701 Y175 E76.15239
G1 X181.58 Y173.732 E76.19475
G1 X181.22 Y172.509 E76.23716
G1 X180.637 Y171.377 E76.27951
G1 X179.849 Y170.375 E76.3219
G1 X178.887 Y169.541 E76.36425
G1 X177.783 Y168.904 E76.40664
G1 X176.579 Y168.488 E76.44901
G1 X175.319 Y168.306 E76.49135
G1 X174.046 Y168.367 E76.53374
G1 X172.808 Y168.667 E76.57611
G1 X171.65 Y169.197 E76.61847
G1 X170.611 Y169.936 E76.66088
G1 X169.733 Y170.858 E76.70322
G1 X169.044 Y171.93 E76.74561
G1 X168.57 Y173.112 E76.78796
G1 X168.329 Y174.363 E76.83034
G1 X168.329 Y175.637 E76.87271
G1 X168.57 Y176.888 E76.91508
G1 X169.044 Y178.07 E76.95744
G1 X169.733 Y179.142 E76.99982
G1 X170.611 Y180.064 E77.04217
G1 X171.65 Y180.803 E77.08458
G1 X172.808 Y181.333 E77.12693
G1 X174.046 Y181.633 E77.1693
G1 X175.319 Y181.694 E77.21169
G0 F9000 X175.625 Y181.77
G1 F600 X174.375 Y181.77 E77.25327
G1 X173.134 Y181.538 E77.29526
G1 X171.971 Y181.087 E77.33675
G1 X170.905 Y180.427 E77.37845
G1 X169.977 Y179.581 E77.42021
G1 X169.217 Y178.576 E77.46212
G1 X168.66 Y177.456 E77.50372
G1 X168.316 Y176.25 E77.54544
G1 X168.201 Y175 E77.58719
G1 X168.316 Y173.75 E77.62894
G1 X168.66 Y172.544 E77.67065
G1 X169.217 Y171.424 E77.71225
G1 X169.977 Y170.419 E77.75416
G1 X170.905 Y169.573 E77.79593
G1 X171.971 Y168.913 E77.83763
G1 X173.134 Y168.462 E77.87912
G1 X174.375 Y168.23 E77.92111
G1 X175.625 Y168.23 E77.96268
G1 X176.866 Y168.462 E78.00467
G1 X178.029 Y168.913 E78.04616
G1 X179.095 Y169.573 E78.08786
G1 X180.023 Y170.419 E78.12963
G1 X180.783 Y171.424 E78.17154
G1 X181.34 Y172.544 E78.21314
G1 X181.684 Y173.75 E78.25485
G1 X181.799 Y175 E78.2966
G1 X181.684 Y176.25 E78.33835
G1 X181.34 Y177.456 E78.38006
G1 X180.783 Y178.576 E78.42167
G1 X180.023 Y179.581 E78.46358
G1 X179.095 Y180.427 E78.50534
G1 X178.029 Y181.087 E78.54704
G1 X176.866 Y181.538 E78.58853
G1 X175.625 Y181.77 E78.63052
G0 F9000 X175.664 Y181.847
;MESH:NONMESH
G0 F300 X175.664 Y181.847 Z5
G0 F9000 X175.319 Y181.694
;TIME_ELAPSED:225.431751
;LAYER:24
;TYPE:WALL-OUTER
;MESH:diffuser_reactor.stl
G1 F600 X176.579 Y181.512 E78.67287
G1 X177.783 Y181.096 E78.71523
G1 X178.887 Y180.459 E78.75763
G1 X179.849 Y179.625 E78.79997
G1 X180.637 Y178.623 E78.84237
G1 X181.22 Y177.491 E78.88472
G1 X181.58 Y176.268 E78.92712
G1 X181.701 Y175 E78.96949
G1 X181.58 Y173.732 E79.01186
G1 X181.22 Y172.509 E79.05426
G1 X180.637 Y171.377 E79.09661
G1 X179.849 Y170.375 E79.13901
G1 X178.887 Y169.541 E79.18135
G1 X177.783 Y168.904 E79.22375
G1 X176.579 Y168.488 E79.26611
G1 X175.319 Y168.306 E79.30846
G1 X174.046 Y168.367 E79.35085
G1 X172.808 Y168.667 E79.39321
G1 X171.65 Y169.197 E79.43557
G1 X170.611 Y169.936 E79.47798
G1 X169.733 Y170.858 E79.52032
G1 X169.044 Y171.93 E79.56271
G1 X168.57 Y173.112 E79.60506
G1 X168.329 Y174.363 E79.64744
G1 X168.329 Y175.637 E79.68981
G1 X168.57 Y176.888 E79.73218
G1 X169.044 Y178.07 E79.77454
G1 X169.733 Y179.142 E79.81693
G1 X170.611 Y180.064 E79.85927
G1 X171.65 Y180.803 E79.90168
G1 X172.808 Y181.333 E79.94404
G1 X174.046 Y181.633 E79.9864
G1 X175.319 Y181.694 E80.02879
G0 F9000 X175.625 Y181.77
G1 F600 X174.375 Y181.77 E80.07037
G1 X173.134 Y181.538 E80.11236
G1 X171.971 Y181.087 E80.15385
G1 X170.905 Y180.427 E80.19555
G1 X169.977 Y179.581 E80.23731
G1 X169.217 Y178.576 E80.27922
G1 X168.66 Y177.456 E80.32083
G1 X168.316 Y176.25 E80.36254
G1 X168.201 Y175 E80.40429
G1 X168.316 Y173.75 E80.44604
G1 X168.66 Y172.544 E80.48775
G1 X169.217 Y171.424 E80.52935
G1 X169.977 Y170.419 E80.57126
G1 X170.905 Y169.573 E80.61303
G1 X171.971 Y168.913 E80.65473
G1 X173.134 Y168.462 E80.69622
G1 X174.375 Y168.23 E80.73821
G1 X175.625 Y168.23 E80.77978
G1 X176.866 Y168.462 E80.82177
G1 X178.029 Y168.913 E80.86326
G1 X179.095 Y169.573 E80.90496
G1 X180.023 Y170.419 E80.94673
G1 X180.783 Y171.424 E80.98864
G1 X181.34 Y172.544 E81.03024
G1 X181.684 Y173.75 E81.07195
G1 X181.799 Y175 E81.1137
G1 X181.684 Y176.25 E81.15545
G1 X181.34 Y177.456 E81.19717
G1 X180.783 Y178.576 E81.23877
G1 X180.023 Y179.581 E81.28068
G1 X179.095 Y180.427 E81.32244
G1 X178.029 Y181.087 E81.36415
G1 X176.866 Y181.538 E81.40563
G1 X175.625 Y181.77 E81.44762
G0 F9000 X175.664 Y181.847
;MESH:NONMESH
G0 F300 X175.664 Y181.847 Z5.2
G0 F9000 X175.319 Y181.694
;TIME_ELAPSED:234.075749
;LAYER:25
;TYPE:WALL-OUTER
;MESH:diffuser_reactor.stl
G1 F600 X176.579 Y181.512 E81.48997
G1 X177.783 Y181.096 E81.53234
G1 X178.887 Y180.459 E81.57473
G1 X179.849 Y179.625 E81.61707
G1 X180.637 Y178.623 E81.65947
G1 X181.22 Y177.491 E81.70182
G1 X181.58 Y176.268 E81.74423
G1 X181.701 Y175 E81.78659
G1 X181.58 Y173.732 E81.82896
G1 X181.22 Y172.509 E81.87136
G1 X180.637 Y171.377 E81.91371
G1 X179.849 Y170.375 E81.95611
G1 X178.887 Y169.541 E81.99845
G1 X177.783 Y168.904 E82.04085
G1 X176.579 Y168.488 E82.08322
G1 X175.319 Y168.306 E82.12556
G1 X174.046 Y168.367 E82.16795
G1 X172.808 Y168.667 E82.21031
G1 X171.65 Y169.197 E82.25267
G1 X170.611 Y169.936 E82.29508
G1 X169.733 Y170.858 E82.33742
G1 X169.044 Y171.93 E82.37981
G1 X168.57 Y173.112 E82.42217
G1 X168.329 Y174.363 E82.46454
G1 X168.329 Y175.637 E82.50691
G1 X168.57 Y176.888 E82.54929
G1 X169.044 Y178.07 E82.59164
G1 X169.733 Y179.142 E82.63403
G1 X170.611 Y180.064 E82.67637
G1 X171.65 Y180.803 E82.71878
G1 X172.808 Y181.333 E82.76114
G1 X174.046 Y181.633 E82.80351
G1 X175.319 Y181.694 E82.84589
G0 F9000 X175.625 Y181.77
G1 F600 X174.375 Y181.77 E82.88747
G1 X173.134 Y181.538 E82.92946
G1 X171.971 Y181.087 E82.97095
G1 X170.905 Y180.427 E83.01265
G1 X169.977 Y179.581 E83.05442
G1 X169.217 Y178.576 E83.09632
G1 X168.66 Y177.456 E83.13793
G1 X168.316 Y176.25 E83.17964
G1 X168.201 Y175 E83.22139
G1 X168.316 Y173.75 E83.26314
G1 X168.66 Y172.544 E83.30485
G1 X169.217 Y171.424 E83.34646
G1 X169.977 Y170.419 E83.38836
G1 X170.905 Y169.573 E83.43013
G1 X171.971 Y168.913 E83.47183
G1 X173.134 Y168.462 E83.51332
G1 X174.375 Y168.23 E83.55531
G1 X175.625 Y168.23 E83.59689
G1 X176.866 Y168.462 E83.63888
G1 X178.029 Y168.913 E83.68036
G1 X179.095 Y169.573 E83.72206
G1 X180.023 Y170.419 E83.76383
G1 X180.783 Y171.424 E83.80574
G1 X181.34 Y172.544 E83.84734
G1 X181.684 Y173.75 E83.88905
G1 X181.799 Y175 E83.93081
G1 X181.684 Y176.25 E83.97256
G1 X181.34 Y177.456 E84.01427
G1 X180.783 Y178.576 E84.05587
G1 X180.023 Y179.581 E84.09778
G1 X179.095 Y180.427 E84.13955
G1 X178.029 Y181.087 E84.18125
G1 X176.866 Y181.538 E84.22273
G1 X175.625 Y181.77 E84.26473
G0 F9000 X175.664 Y181.847
;MESH:NONMESH
G0 F300 X175.664 Y181.847 Z5.4
G0 F9000 X175.319 Y181.694
;TIME_ELAPSED:242.719747
;LAYER:26
;TYPE:WALL-OUTER
;MESH:diffuser_reactor.stl
G1 F600 X176.579 Y181.512 E84.30707
G1 X177.783 Y181.096 E84.34944
G1 X178.887 Y180.459 E84.39183
G1 X179.849 Y179.625 E84.43418
G1 X180.637 Y178.623 E84.47657
G1 X181.22 Y177.491 E84.51892
G1 X181.58 Y176.268 E84.56133
G1 X181.701 Y175 E84.60369
G1 X181.58 Y173.732 E84.64606
G1 X181.22 Y172.509 E84.68846
G1 X180.637 Y171.377 E84.73081
G1 X179.849 Y170.375 E84.77321
G1 X178.887 Y169.541 E84.81556
G1 X177.783 Y168.904 E84.85795
G1 X176.579 Y168.488 E84.90032
G1 X175.319 Y168.306 E84.94266
G1 X174.046 Y168.367 E84.98505
G1 X172.808 Y168.667 E85.02742
G1 X171.65 Y169.197 E85.06977
G1 X170.611 Y169.936 E85.11218
G1 X169.733 Y170.858 E85.15453
G1 X169.044 Y171.93 E85.19691
G1 X168.57 Y173.112 E85.23927
G1 X168.329 Y174.363 E85.28164
G1 X168.329 Y175.637 E85.32401
G1 X168.57 Y176.888 E85.36639
G1 X169.044 Y178.07 E85.40874
G1 X169.733 Y179.142 E85.45113
G1 X170.611 Y180.064 E85.49347
G1 X171.65 Y180.803 E85.53588
G1 X172.808 Y181.333 E85.57824
G1 X174.046 Y181.633 E85.62061
G1 X175.319 Y181.694 E85.663
G0 F9000 X175.625 Y181.77
G1 F600 X174.375 Y181.77 E85.70457
G1 X173.134 Y181.538 E85.74656
G1 X171.971 Y181.087 E85.78805
G1 X170.905 Y180.427 E85.82975
G1 X169.977 Y179.581 E85.87152
G1 X169.217 Y178.576 E85.91342
G1 X168.66 Y177.456 E85.95503
G1 X168.316 Y176.25 E85.99674
G1 X168.201 Y175 E86.03849
G1 X168.316 Y173.75 E86.08024
G1 X168.66 Y172.544 E86.12195
G1 X169.217 Y171.424 E86.16356
G1 X169.977 Y170.419 E86.20547
G1 X170.905 Y169.573 E86.24723
G1 X171.971 Y168.913 E86.28893
G1 X173.134 Y168.462 E86.33042
G1 X174.375 Y168.23 E86.37241
G1 X175.625 Y168.23 E86.41399
G1 X176.866 Y168.462 E86.45598
G1 X178.029 Y168.913 E86.49747
G1 X179.095 Y169.573 E86.53917
G1 X180.023 Y170.419 E86.58093
G1 X180.783 Y171.424 E86.62284
G1 X181.34 Y172.544 E86.66444
G1 X181.684 Y173.75 E86.70616
G1 X181.799 Y175 E86.74791
G1 X181.684 Y176.25 E86.78966
G1 X181.34 Y177.456 E86.83137
G1 X180.783 Y178.576 E86.87297
G1 X180.023 Y179.581 E86.91488
G1 X179.095 Y180.427 E86.95665
G1 X178.029 Y181.087 E86.99835
G1 X176.866 Y181.538 E87.03984
G1 X175.625 Y181.77 E87.08183
G0 F9000 X175.664 Y181.847
;MESH:NONMESH
G0 F300 X175.664 Y181.847 Z5.6
G0 F9000 X175.319 Y181.694
;TIME_ELAPSED:251.363745
;LAYER:27
;TYPE:WALL-OUTER
;MESH:diffuser_reactor.stl
G1 F600 X176.579 Y181.512 E87.12417
G1 X177.783 Y181.096 E87.16654
G1 X178.887 Y180.459 E87.20893
G1 X179.849 Y179.625 E87.25128
G1 X180.637 Y178.623 E87.29368
G1 X181.22 Y177.491 E87.33603
G1 X181.58 Y176.268 E87.37843
G1 X181.701 Y175 E87.42079
G1 X181.58 Y173.732 E87.46316
G1 X181.22 Y172.509 E87.50556
G1 X180.637 Y171.377 E87.54791
G1 X179.849 Y170.375 E87.59031
G1 X178.887 Y169.541 E87.63266
G1 X177.783 Y168.904 E87.67505
G1 X176.579 Y168.488 E87.71742
G1 X175.319 Y168.306 E87.75976
G1 X174.046 Y168.367 E87.80215
G1 X172.808 Y168.667 E87.84452
G1 X171.65 Y169.197 E87.88687
G1 X170.611 Y169.936 E87.92928
G1 X169.733 Y170.858 E87.97163
G1 X169.044 Y171.93 E88.01401
G1 X168.57 Y173.112 E88.05637
G1 X168.329 Y174.363 E88.09874
G1 X168.329 Y175.637 E88.14112
G1 X168.57 Y176.888 E88.18349
G1 X169.044 Y178.07 E88.22585
G1 X169.733 Y179.142 E88.26823
G1 X170.611 Y180.064 E88.31058
G1 X171.65 Y180.803 E88.35298
G1 X172.808 Y181.333 E88.39534
G1 X174.046 Y181.633 E88.43771
G1 X175.319 Y181.694 E88.4801
G0 F9000 X175.625 Y181.77
G1 F600 X174.375 Y181.77 E88.52167
G1 X173.134 Y181.538 E88.56366
G1 X171.971 Y181.087 E88.60515
G1 X170.905 Y180.427 E88.64685
G1 X169.977 Y179.581 E88.68862
G1 X169.217 Y178.576 E88.73053
G1 X168.66 Y177.456 E88.77213
G1 X168.316 Y176.25 E88.81384
G1 X168.201 Y175 E88.85559
G1 X168.316 Y173.75 E88.89734
G1 X168.66 Y172.544 E88.93905
G1 X169.217 Y171.424 E88.98066
G1 X169.977 Y170.419 E89.02257
G1 X170.905 Y169.573 E89.06433
G1 X171.971 Y168.913 E89.10603
G1 X173.134 Y168.462 E89.14752
G1 X174.375 Y168.23 E89.18951
G1 X175.625 Y168.23 E89.23109
G1 X176.866 Y168.462 E89.27308
G1 X178.029 Y168.913 E89.31457
G1 X179.095 Y169.573 E89.35627
G1 X180.023 Y170.419 E89.39803
G1 X180.783 Y171.424 E89.43994
G1 X181.34 Y172.544 E89.48155
G1 X181.684 Y173.75 E89.52326
G1 X181.799 Y175 E89.56501
G1 X181.684 Y176.25 E89.60676
G1 X181.34 Y177.456 E89.64847
G1 X180.783 Y178.576 E89.69007
G1 X180.023 Y179.581 E89.73198
G1 X179.095 Y180.427 E89.77375
G1 X178.029 Y181.087 E89.81545
G1 X176.866 Y181.538 E89.85694
G1 X175.625 Y181.77 E89.89893
G0 F9000 X175.664 Y181.847
;MESH:NONMESH
G0 F300 X175.664 Y181.847 Z5.8
G0 F9000 X175.319 Y181.694
;TIME_ELAPSED:260.007743
;LAYER:28
;TYPE:WALL-OUTER
;MESH:diffuser_reactor.stl
G1 F600 X176.579 Y181.512 E89.94127
G1 X177.783 Y181.096 E89.98364
G1 X178.887 Y180.459 E90.02603
G1 X179.849 Y179.625 E90.06838
G1 X180.637 Y178.623 E90.11078
G1 X181.22 Y177.491 E90.15313
G1 X181.58 Y176.268 E90.19553
G1 X181.701 Y175 E90.2379
G1 X181.58 Y173.732 E90.28026
G1 X181.22 Y172.509 E90.32266
G1 X180.637 Y171.377 E90.36501
G1 X179.849 Y170.375 E90.40741
G1 X178.887 Y169.541 E90.44976
G1 X177.783 Y168.904 E90.49215
G1 X176.579 Y168.488 E90.53452
G1 X175.319 Y168.306 E90.57686
G1 X174.046 Y168.367 E90.61925
G1 X172.808 Y168.667 E90.66162
G1 X171.65 Y169.197 E90.70398
G1 X170.611 Y169.936 E90.74638
G1 X169.733 Y170.858 E90.78873
G1 X169.044 Y171.93 E90.83111
G1 X168.57 Y173.112 E90.87347
G1 X168.329 Y174.363 E90.91584
G1 X168.329 Y175.637 E90.95822
G1 X168.57 Y176.888 E91.00059
G1 X169.044 Y178.07 E91.04295
G1 X169.733 Y179.142 E91.08533
G1 X170.611 Y180.064 E91.12768
G1 X171.65 Y180.803 E91.17008
G1 X172.808 Y181.333 E91.21244
G1 X174.046 Y181.633 E91.25481
G1 X175.319 Y181.694 E91.2972
G0 F9000 X175.625 Y181.77
G1 F600 X174.375 Y181.77 E91.33877
G1 X173.134 Y181.538 E91.38076
G1 X171.971 Y181.087 E91.42225
G1 X170.905 Y180.427 E91.46395
G1 X169.977 Y179.581 E91.50572
G1 X169.217 Y178.576 E91.54763
G1 X168.66 Y177.456 E91.58923
G1 X168.316 Y176.25 E91.63094
G1 X168.201 Y175 E91.67269
G1 X168.316 Y173.75 E91.71444
G1 X168.66 Y172.544 E91.75616
G1 X169.217 Y171.424 E91.79776
G1 X169.977 Y170.419 E91.83967
G1 X170.905 Y169.573 E91.88143
G1 X171.971 Y168.913 E91.92314
G1 X173.134 Y168.462 E91.96462
G1 X174.375 Y168.23 E92.00661
G1 X175.625 Y168.23 E92.04819
G1 X176.866 Y168.462 E92.09018
G1 X178.029 Y168.913 E92.13167
G1 X179.095 Y169.573 E92.17337
G1 X180.023 Y170.419 E92.21514
G1 X180.783 Y171.424 E92.25704
G1 X181.34 Y172.544 E92.29865
G1 X181.684 Y173.75 E92.34036
G1 X181.799 Y175 E92.38211
G1 X181.684 Y176.25 E92.42386
G1 X181.34 Y177.456 E92.46557
G1 X180.783 Y178.576 E92.50718
G1 X180.023 Y179.581 E92.54908
G1 X179.095 Y180.427 E92.59085
G1 X178.029 Y181.087 E92.63255
G1 X176.866 Y181.538 E92.67404
G1 X175.625 Y181.77 E92.71603
G0 F9000 X175.664 Y181.847
;MESH:NONMESH
G0 F300 X175.664 Y181.847 Z6
G0 F9000 X175.319 Y181.694
;TIME_ELAPSED:268.651740
;LAYER:29
;TYPE:WALL-OUTER
;MESH:diffuser_reactor.stl
G1 F600 X176.579 Y181.512 E92.75837
G1 X177.783 Y181.096 E92.80074
G1 X178.887 Y180.459 E92.84313
G1 X179.849 Y179.625 E92.88548
G1 X180.637 Y178.623 E92.92788
G1 X181.22 Y177.491 E92.97023
G1 X181.58 Y176.268 E93.01263
G1 X181.701 Y175 E93.055
G1 X181.58 Y173.732 E93.09736
G1 X181.22 Y172.509 E93.13977
G1 X180.637 Y171.377 E93.18212
G1 X179.849 Y170.375 E93.22451
G1 X178.887 Y169.541 E93.26686
G1 X177.783 Y168.904 E93.30925
G1 X176.579 Y168.488 E93.35162
G1 X175.319 Y168.306 E93.39396
G1 X174.046 Y168.367 E93.43635
G1 X172.808 Y168.667 E93.47872
G1 X171.65 Y169.197 E93.52108
G1 X170.611 Y169.936 E93.56348
G1 X169.733 Y170.858 E93.60583
G1 X169.044 Y171.93 E93.64821
G1 X168.57 Y173.112 E93.69057
G1 X168.329 Y174.363 E93.73295
G1 X168.329 Y175.637 E93.77532
G1 X168.57 Y176.888 E93.81769
G1 X169.044 Y178.07 E93.86005
G1 X169.733 Y179.142 E93.90243
G1 X170.611 Y180.064 E93.94478
G1 X171.65 Y180.803 E93.98719
G1 X172.808 Y181.333 E94.02954
G1 X174.046 Y181.633 E94.07191
G1 X175.319 Y181.694 E94.1143
G0 F9000 X175.625 Y181.77
G1 F600 X174.375 Y181.77 E94.15588
G1 X173.134 Y181.538 E94.19787
G1 X171.971 Y181.087 E94.23935
G1 X170.905 Y180.427 E94.28105
G1 X169.977 Y179.581 E94.32282
G1 X169.217 Y178.576 E94.36473
G1 X168.66 Y177.456 E94.40633
G1 X168.316 Y176.25 E94.44804
G1 X168.201 Y175 E94.4898
G1 X168.316 Y173.75 E94.53155
G1 X168.66 Y172.544 E94.57326
G1 X169.217 Y171.424 E94.61486
G1 X169.977 Y170.419 E94.65677
G1 X170.905 Y169.573 E94.69854
G1 X171.971 Y168.913 E94.74024
G1 X173.134 Y168.462 E94.78172
G1 X174.375 Y168.23 E94.82372
G1 X175.625 Y168.23 E94.86529
G1 X176.866 Y168.462 E94.90728
G1 X178.029 Y168.913 E94.94877
G1 X179.095 Y169.573 E94.99047
G1 X180.023 Y170.419 E95.03224
G1 X180.783 Y171.424 E95.07415
G1 X181.34 Y172.544 E95.11575
G1 X181.684 Y173.75 E95.15746
G1 X181.799 Y175 E95.19921
G1 X181.684 Y176.25 E95.24096
G1 X181.34 Y177.456 E95.28267
G1 X180.783 Y178.576 E95.32428
G1 X180.023 Y179.581 E95.36619
G1 X179.095 Y180.427 E95.40795
G1 X178.029 Y181.087 E95.44965
G1 X176.866 Y181.538 E95.49114
G1 X175.625 Y181.77 E95.53313
G0 F9000 X175.664 Y181.847
;MESH:NONMESH
G0 F300 X175.664 Y181.847 Z6.2
G0 F9000 X175.319 Y181.694
;TIME_ELAPSED:277.295738
;LAYER:30
;TYPE:WALL-OUTER
;MESH:diffuser_reactor.stl
G1 F600 X176.579 Y181.512 E95.57547
G1 X177.783 Y181.096 E95.61784
G1 X178.887 Y180.459 E95.66024
G1 X179.849 Y179.625 E95.70258
G1 X180.637 Y178.623 E95.74498
G1 X181.22 Y177.491 E95.78733
G1 X181.58 Y176.268 E95.82973
G1 X181.701 Y175 E95.8721
G1 X181.58 Y173.732 E95.91446
G1 X181.22 Y172.509 E95.95687
G1 X180.637 Y171.377 E95.99922
G1 X179.849 Y170.375 E96.04161
G1 X178.887 Y169.541 E96.08396
G1 X177.783 Y168.904 E96.12635
G1 X176.579 Y168.488 E96.16872
G1 X175.319 Y168.306 E96.21107
G1 X174.046 Y168.367 E96.25345
G1 X172.808 Y168.667 E96.29582
G1 X171.65 Y169.197 E96.33818
G1 X170.611 Y169.936 E96.38059
G1 X169.733 Y170.858 E96.42293
G1 X169.044 Y171.93 E96.46532
G1 X168.57 Y173.112 E96.50767
G1 X168.329 Y174.363 E96.55005
G1 X168.329 Y175.637 E96.59242
G1 X168.57 Y176.888 E96.63479
G1 X169.044 Y178.07 E96.67715
G1 X169.733 Y179.142 E96.71953
G1 X170.611 Y180.064 E96.76188
G1 X171.65 Y180.803 E96.80429
G1 X172.808 Y181.333 E96.84664
G1 X174.046 Y181.633 E96.88901
G1 X175.319 Y181.694 E96.9314
G0 F9000 X175.625 Y181.77
G1 F600 X174.375 Y181.77 E96.97298
G1 X173.134 Y181.538 E97.01497
G1 X171.971 Y181.087 E97.05646
G1 X170.905 Y180.427 E97.09816
G1 X169.977 Y179.581 E97.13992
G1 X169.217 Y178.576 E97.18183
G1 X168.66 Y177.456 E97.22343
G1 X168.316 Y176.25 E97.26515
G1 X168.201 Y175 E97.3069
G1 X168.316 Y173.75 E97.34865
G1 X168.66 Y172.544 E97.39036
G1 X169.217 Y171.424 E97.43196
G1 X169.977 Y170.419 E97.47387
G1 X170.905 Y169.573 E97.51564
G1 X171.971 Y168.913 E97.55734
G1 X173.134 Y168.462 E97.59883
G1 X174.375 Y168.23 E97.64082
G1 X175.625 Y168.23 E97.68239
G1 X176.866 Y168.462 E97.72438
G1 X178.029 Y168.913 E97.76587
G1 X179.095 Y169.573 E97.80757
G1 X180.023 Y170.419 E97.84934
G1 X180.783 Y171.424 E97.89125
G1 X181.34 Y172.544 E97.93285
G1 X181.684 Y173.75 E97.97456
G1 X181.799 Y175 E98.01631
G1 X181.684 Y176.25 E98.05806
G1 X181.34 Y177.456 E98.09978
G1 X180.783 Y178.576 E98.14138
G1 X180.023 Y179.581 E98.18329
G1 X179.095 Y180.427 E98.22505
G1 X178.029 Y181.087 E98.26675
G1 X176.866 Y181.538 E98.30824
G1 X175.625 Y181.77 E98.35023
G0 F9000 X175.664 Y181.847
;MESH:NONMESH
G0 F300 X175.664 Y181.847 Z6.4
G0 F9000 X175.319 Y181.694
;TIME_ELAPSED:285.939736
;LAYER:31
;TYPE:WALL-OUTER
;MESH:diffuser_reactor.stl
G1 F600 X176.579 Y181.512 E98.39258
G1 X177.783 Y181.096 E98.43494
G1 X178.887 Y180.459 E98.47734
G1 X179.849 Y179.625 E98.51968
G1 X180.637 Y178.623 E98.56208
G1 X181.22 Y177.491 E98.60443
G1 X181.58 Y176.268 E98.64683
G1 X181.701 Y175 E98.6892
G1 X181.58 Y173.732 E98.73157
G1 X181.22 Y172.509 E98.77397
G1 X180.637 Y171.377 E98.81632
G1 X179.849 Y170.375 E98.85872
G1 X178.887 Y169.541 E98.90106
G1 X177.783 Y168.904 E98.94346
G1 X176.579 Y168.488 E98.98582
G1 X175.319 Y168.306 E99.02817
G1 X174.046 Y168.367 E99.07056
G1 X172.808 Y168.667 E99.11292
G1 X171.65 Y169.197 E99.15528
G1 X170.611 Y169.936 E99.19769
G1 X169.733 Y170.858 E99.24003
G1 X169.044 Y171.93 E99.28242
G1 X168.57 Y173.112 E99.32477
G1 X168.329 Y174.363 E99.36715
G1 X168.329 Y175.637 E99.40952
G1 X168.57 Y176.888 E99.45189
G1 X169.044 Y178.07 E99.49425
G1 X169.733 Y179.142 E99.53664
G1 X170.611 Y180.064 E99.57898
G1 X171.65 Y180.803 E99.62139
G1 X172.808 Y181.333 E99.66375
G1 X174.046 Y181.633 E99.70611
G1 X175.319 Y181.694 E99.7485
G0 F9000 X175.625 Y181.77
G1 F600 X174.375 Y181.77 E99.79008
G1 X173.134 Y181.538 E99.83207
G1 X171.971 Y181.087 E99.87356
G1 X170.905 Y180.427 E99.91526
G1 X169.977 Y179.581 E99.95702
G1 X169.217 Y178.576 E99.99893
G1 X168.66 Y177.456 E100.04054
G1 X168.316 Y176.25 E100.08225
G1 X168.201 Y175 E100.124
G1 X168.316 Y173.75 E100.16575
G1 X168.66 Y172.544 E100.20746
G1 X169.217 Y171.424 E100.24906
G1 X169.977 Y170.419 E100.29097
G1 X170.905 Y169.573 E100.33274
G1 X171.971 Y168.913 E100.37444
G1 X173.134 Y168.462 E100.41593
G1 X174.375 Y168.23 E100.45792
G1 X175.625 Y168.23 E100.49949
G1 X176.866 Y168.462 E100.54148
G1 X178.029 Y168.913 E100.58297
G1 X179.095 Y169.573 E100.62467
G1 X180.023 Y170.419 E100.66644
G1 X180.783 Y171.424 E100.70835
G1 X181.34 Y172.544 E100.74995
G1 X181.684 Y173.75 E100.79166
G1 X181.799 Y175 E100.83341
G1 X181.684 Y176.25 E100.87517
G1 X181.34 Y177.456 E100.91688
G1 X180.783 Y178.576 E100.95848
G1 X180.023 Y179.581 E101.00039
G1 X179.095 Y180.427 E101.04215
G1 X178.029 Y181.087 E101.08386
G1 X176.866 Y181.538 E101.12534
G1 X175.625 Y181.77 E101.16733
G0 F9000 X175.664 Y181.847
;MESH:NONMESH
G0 F300 X175.664 Y181.847 Z6.6
G0 F9000 X175.319 Y181.694
;TIME_ELAPSED:294.583734
;LAYER:32
;TYPE:WALL-OUTER
;MESH:diffuser_reactor.stl
G1 F600 X176.579 Y181.512 E101.20968
G1 X177.783 Y181.096 E101.25205
G1 X178.887 Y180.459 E101.29444
G1 X179.849 Y179.625 E101.33678
G1 X180.637 Y178.623 E101.37918
G1 X181.22 Y177.491 E101.42153
G1 X181.58 Y176.268 E101.46394
G1 X181.701 Y175 E101.5063
G1 X181.58 Y173.732 E101.54867
G1 X181.22 Y172.509 E101.59107
G1 X180.637 Y171.377 E101.63342
G1 X179.849 Y170.375 E101.67582
G1 X178.887 Y169.541 E101.71816
G1 X177.783 Y168.904 E101.76056
G1 X176.579 Y168.488 E101.80293
G1 X175.319 Y168.306 E101.84527
G1 X174.046 Y168.367 E101.88766
G1 X172.808 Y168.667 E101.93002
G1 X171.65 Y169.197 E101.97238
G1 X170.611 Y169.936 E102.01479
G1 X169.733 Y170.858 E102.05714
G1 X169.044 Y171.93 E102.09952
G1 X168.57 Y173.112 E102.14188
G1 X168.329 Y174.363 E102.18425
G1 X168.329 Y175.637 E102.22662
G1 X168.57 Y176.888 E102.269
G1 X169.044 Y178.07 E102.31135
G1 X169.733 Y179.142 E102.35374
G1 X170.611 Y180.064 E102.39608
G1 X171.65 Y180.803 E102.43849
G1 X172.808 Y181.333 E102.48085
G1 X174.046 Y181.633 E102.52322
G1 X175.319 Y181.694 E102.5656
G0 F9000 X175.625 Y181.77
G1 F600 X174.375 Y181.77 E102.60718
G1 X173.134 Y181.538 E102.64917
G1 X171.971 Y181.087 E102.69066
G1 X170.905 Y180.427 E102.73236
G1 X169.977 Y179.581 E102.77413
G1 X169.217 Y178.576 E102.81603
G1 X168.66 Y177.456 E102.85764
G1 X168.316 Y176.25 E102.89935
G1 X168.201 Y175 E102.9411
G1 X168.316 Y173.75 E102.98285
G1 X168.66 Y172.544 E103.02456
G1 X169.217 Y171.424 E103.06617
G1 X169.977 Y170.419 E103.10807
G1 X170.905 Y169.573 E103.14984
G1 X171.971 Y168.913 E103.19154
G1 X173.134 Y168.462 E103.23303
G1 X174.375 Y168.23 E103.27502
G1 X175.625 Y168.23 E103.3166
G1 X176.866 Y168.462 E103.35859
G1 X178.029 Y168.913 E103.40007
G1 X179.095 Y169.573 E103.44178
G1 X180.023 Y170.419 E103.48354
G1 X180.783 Y171.424 E103.52545
G1 X181.34 Y172.544 E103.56705
G1 X181.684 Y173.75 E103.60877
G1 X181.799 Y175 E103.65052
G1 X181.684 Y176.25 E103.69227
G1 X181.34 Y177.456 E103.73398
G1 X180.783 Y178.576 E103.77558
G1 X180.023 Y179.581 E103.81749
G1 X179.095 Y180.427 E103.85926
G1 X178.029 Y181.087 E103.90096
G1 X176.866 Y181.538 E103.94245
G1 X175.625 Y181.77 E103.98444
G0 F9000 X175.664 Y181.847
;MESH:NONMESH
G0 F300 X175.664 Y181.847 Z6.8
G0 F9000 X175.319 Y181.694
;TIME_ELAPSED:303.227732
;LAYER:33
;TYPE:WALL-OUTER
;MESH:diffuser_reactor.stl
G1 F600 X176.579 Y181.512 E104.02678
G1 X177.783 Y181.096 E104.06915
G1 X178.887 Y180.459 E104.11154
G1 X179.849 Y179.625 E104.15389
G1 X180.637 Y178.623 E104.19628
G1 X181.22 Y177.491 E104.23863
G1 X181.58 Y176.268 E104.28104
G1 X181.701 Y175 E104.3234
G1 X181.58 Y173.732 E104.36577
G1 X181.22 Y172.509 E104.40817
G1 X180.637 Y171.377 E104.45052
G1 X179.849 Y170.375 E104.49292
G1 X178.887 Y169.541 E104.53527
G1 X177.783 Y168.904 E104.57766
G1 X176.579 Y168.488 E104.62003
G1 X175.319 Y168.306 E104.66237
G1 X174.046 Y168.367 E104.70476
G1 X172.808 Y168.667 E104.74713
G1 X171.65 Y169.197 E104.78948
G1 X170.611 Y169.936 E104.83189
G1 X169.733 Y170.858 E104.87424
G1 X169.044 Y171.93 E104.91662
G1 X168.57 Y173.112 E104.95898
G1 X168.329 Y174.363 E105.00135
G1 X168.329 Y175.637 E105.04372
G1 X168.57 Y176.888 E105.0861
G1 X169.044 Y178.07 E105.12845
G1 X169.733 Y179.142 E105.17084
G1 X170.611 Y180.064 E105.21318
G1 X171.65 Y180.803 E105.25559
G1 X172.808 Y181.333 E105.29795
G1 X174.046 Y181.633 E105.34032
G1 X175.319 Y181.694 E105.38271
G0 F9000 X175.625 Y181.77
G1 F600 X174.375 Y181.77 E105.42428
G1 X173.134 Y181.538 E105.46627
G1 X171.971 Y181.087 E105.50776
G1 X170.905 Y180.427 E105.54946
G1 X169.977 Y179.581 E105.59123
G1 X169.217 Y178.576 E105.63314
G1 X168.66 Y177.456 E105.67474
G1 X168.316 Y176.25 E105.71645
G1 X168.201 Y175 E105.7582
G1 X168.316 Y173.75 E105.79995
G1 X168.66 Y172.544 E105.84166
G1 X169.217 Y171.424 E105.88327
G1 X169.977 Y170.419 E105.92518
G1 X170.905 Y169.573 E105.96694
G1 X171.971 Y168.913 E106.00864
G1 X173.134 Y168.462 E106.05013
G1 X174.375 Y168.23 E106.09212
G1 X175.625 Y168.23 E106.1337
G1 X176.866 Y168.462 E106.17569
G1 X178.029 Y168.913 E106.21718
G1 X179.095 Y169.573 E106.25888
G1 X180.023 Y170.419 E106.30064
G1 X180.783 Y171.424 E106.34255
G1 X181.34 Y172.544 E106.38415
G1 X181.684 Y173.75 E106.42587
G1 X181.799 Y175 E106.46762
G1 X181.684 Y176.25 E106.50937
G1 X181.34 Y177.456 E106.55108
G1 X180.783 Y178.576 E106.59268
G1 X180.023 Y179.581 E106.63459
G1 X179.095 Y180.427 E106.67636
G1 X178.029 Y181.087 E106.71806
G1 X176.866 Y181.538 E106.75955
G1 X175.625 Y181.77 E106.80154
G0 F9000 X175.664 Y181.847
;MESH:NONMESH
G0 F300 X175.664 Y181.847 Z7
G0 F9000 X175.319 Y181.694
;TIME_ELAPSED:311.871730
;LAYER:34
;TYPE:WALL-OUTER
;MESH:diffuser_reactor.stl
G1 F600 X176.579 Y181.512 E106.84388
G1 X177.783 Y181.096 E106.88625
G1 X178.887 Y180.459 E106.92864
G1 X179.849 Y179.625 E106.97099
G1 X180.637 Y178.623 E107.01339
G1 X181.22 Y177.491 E107.05574
G1 X181.58 Y176.268 E107.09814
G1 X181.701 Y175 E107.1405
G1 X181.58 Y173.732 E107.18287
G1 X181.22 Y172.509 E107.22527
G1 X180.637 Y171.377 E107.26762
G1 X179.849 Y170.375 E107.31002
G1 X178.887 Y169.541 E107.35237
G1 X177.783 Y168.904 E107.39476
G1 X176.579 Y168.488 E107.43713
G1 X175.319 Y168.306 E107.47947
G1 X174.046 Y168.367 E107.52186
G1 X172.808 Y168.667 E107.56423
G1 X171.65 Y169.197 E107.60659
G1 X170.611 Y169.936 E107.64899
G1 X169.733 Y170.858 E107.69134
G1 X169.044 Y171.93 E107.73372
G1 X168.57 Y173.112 E107.77608
G1 X168.329 Y174.363 E107.81845
G1 X168.329 Y175.637 E107.86083
G1 X168.57 Y176.888 E107.9032
G1 X169.044 Y178.07 E107.94556
G1 X169.733 Y179.142 E107.98794
G1 X170.611 Y180.064 E108.03029
G1 X171.65 Y180.803 E108.07269
G1 X172.808 Y181.333 E108.11505
G1 X174.046 Y181.633 E108.15742
G1 X175.319 Y181.694 E108.19981
G0 F9000 X175.625 Y181.77
G1 F600 X174.375 Y181.77 E108.24138
G1 X173.134 Y181.538 E108.28337
G1 X171.971 Y181.087 E108.32486
G1 X170.905 Y180.427 E108.36656
G1 X169.977 Y179.581 E108.40833
G1 X169.217 Y178.576 E108.45024
G1 X168.66 Y177.456 E108.49184
G1 X168.316 Y176.25 E108.53355
G1 X168.201 Y175 E108.5753
G1 X168.316 Y173.75 E108.61705
G1 X168.66 Y172.544 E108.65877
G1 X169.217 Y171.424 E108.70037
G1 X169.977 Y170.419 E108.74228
G1 X170.905 Y169.573 E108.78404
G1 X171.971 Y168.913 E108.82574
G1 X173.134 Y168.462 E108.86723
G1 X174.375 Y168.23 E108.90922
G1 X175.625 Y168.23 E108.9508
G1 X176.866 Y168.462 E108.99279
G1 X178.029 Y168.913 E109.03428
G1 X179.095 Y169.573 E109.07598
G1 X180.023 Y170.419 E109.11774
G1 X180.783 Y171.424 E109.15965
G1 X181.34 Y172.544 E109.20126
G1 X181.684 Y173.75 E109.24297
G1 X181.799 Y175 E109.28472
G1 X181.684 Y176.25 E109.32647
G1 X181.34 Y177.456 E109.36818
G1 X180.783 Y178.576 E109.40978
G1 X180.023 Y179.581 E109.45169
G1 X179.095 Y180.427 E109.49346
G1 X178.029 Y181.087 E109.53516
G1 X176.866 Y181.538 E109.57665
G1 X175.625 Y181.77 E109.61864
G0 F9000 X175.664 Y181.847
;MESH:NONMESH
G0 F300 X175.664 Y181.847 Z7.2
G0 F9000 X175.319 Y181.694
;TIME_ELAPSED:320.515728
;LAYER:35
;TYPE:WALL-OUTER
;MESH:diffuser_reactor.stl
G1 F600 X176.579 Y181.512 E109.66098
G1 X177.783 Y181.096 E109.70335
G1 X178.887 Y180.459 E109.74574
G1 X179.849 Y179.625 E109.78809
G1 X180.637 Y178.623 E109.83049
G1 X181.22 Y177.491 E109.87284
G1 X181.58 Y176.268 E109.91524
G1 X181.701 Y175 E109.95761
G1 X181.58 Y173.732 E109.99997
G1 X181.22 Y172.509 E110.04237
G1 X180.637 Y171.377 E110.08472
G1 X179.849 Y170.375 E110.12712
G1 X178.887 Y169.541 E110.16947
G1 X177.783 Y168.904 E110.21186
G1 X176.579 Y168.488 E110.25423
G1 X175.319 Y168.306 E110.29657
G1 X174.046 Y168.367 E110.33896
G1 X172.808 Y168.667 E110.38133
G1 X171.65 Y169.197 E110.42369
G1 X170.611 Y169.936 E110.46609
G1 X169.733 Y170.858 E110.50844
G1 X169.044 Y171.93 E110.55082
G1 X168.57 Y173.112 E110.59318
G1 X168.329 Y174.363 E110.63555
G1 X168.329 Y175.637 E110.67793
G1 X168.57 Y176.888 E110.7203
G1 X169.044 Y178.07 E110.76266
G1 X169.733 Y179.142 E110.80504
G1 X170.611 Y180.064 E110.84739
G1 X171.65 Y180.803 E110.88979
G1 X172.808 Y181.333 E110.93215
G1 X174.046 Y181.633 E110.97452
G1 X175.319 Y181.694 E111.01691
G0 F9000 X175.625 Y181.77
G1 F600 X174.375 Y181.77 E111.05848
G1 X173.134 Y181.538 E111.10047
G1 X171.971 Y181.087 E111.14196
G1 X170.905 Y180.427 E111.18366
G1 X169.977 Y179.581 E111.22543
G1 X169.217 Y178.576 E111.26734
G1 X168.66 Y177.456 E111.30894
G1 X168.316 Y176.25 E111.35065
G1 X168.201 Y175 E111.3924
G1 X168.316 Y173.75 E111.43416
G1 X168.66 Y172.544 E111.47587
G1 X169.217 Y171.424 E111.51747
G1 X169.977 Y170.419 E111.55938
G1 X170.905 Y169.573 E111.60114
G1 X171.971 Y168.913 E111.64285
G1 X173.134 Y168.462 E111.68433
G1 X174.375 Y168.23 E111.72632
G1 X175.625 Y168.23 E111.7679
G1 X176.866 Y168.462 E111.80989
G1 X178.029 Y168.913 E111.85138
G1 X179.095 Y169.573 E111.89308
G1 X180.023 Y170.419 E111.93485
G1 X180.783 Y171.424 E111.97675
G1 X181.34 Y172.544 E112.01836
G1 X181.684 Y173.75 E112.06007
G1 X181.799 Y175 E112.10182
G1 X181.684 Y176.25 E112.14357
G1 X181.34 Y177.456 E112.18528
G1 X180.783 Y178.576 E112.22689
G1 X180.023 Y179.581 E112.26879
G1 X179.095 Y180.427 E112.31056
G1 X178.029 Y181.087 E112.35226
G1 X176.866 Y181.538 E112.39375
G1 X175.625 Y181.77 E112.43574
G0 F9000 X175.664 Y181.847
;MESH:NONMESH
G0 F300 X175.664 Y181.847 Z7.4
G0 F9000 X175.319 Y181.694
;TIME_ELAPSED:329.159726
;LAYER:36
;TYPE:WALL-OUTER
;MESH:diffuser_reactor.stl
G1 F600 X176.579 Y181.512 E112.47808
G1 X177.783 Y181.096 E112.52045
G1 X178.887 Y180.459 E112.56284
G1 X179.849 Y179.625 E112.60519
G1 X180.637 Y178.623 E112.64759
G1 X181.22 Y177.491 E112.68994
G1 X181.58 Y176.268 E112.73234
G1 X181.701 Y175 E112.77471
G1 X181.58 Y173.732 E112.81707
G1 X181.22 Y172.509 E112.85948
G1 X180.637 Y171.377 E112.90183
G1 X179.849 Y170.375 E112.94422
G1 X178.887 Y169.541 E112.98657
G1 X177.783 Y168.904 E113.02896
G1 X176.579 Y168.488 E113.07133
G1 X175.319 Y168.306 E113.11367
G1 X174.046 Y168.367 E113.15606
G1 X172.808 Y168.667 E113.19843
G1 X171.65 Y169.197 E113.24079
G1 X170.611 Y169.936 E113.2832
G1 X169.733 Y170.858 E113.32554
G1 X169.044 Y171.93 E113.36793
G1 X168.57 Y173.112 E113.41028
G1 X168.329 Y174.363 E113.45266
G1 X168.329 Y175.637 E113.49503
G1 X168.57 Y176.888 E113.5374
G1 X169.044 Y178.07 E113.57976
G1 X169.733 Y179.142 E113.62214
G1 X170.611 Y180.064 E113.66449
G1 X171.65 Y180.803 E113.7069
G1 X172.808 Y181.333 E113.74925
G1 X174.046 Y181.633 E113.79162
G1 X175.319 Y181.694 E113.83401
G0 F9000 X175.625 Y181.77
G1 F600 X174.375 Y181.77 E113.87559
G1 X173.134 Y181.538 E113.91758
G1 X171.971 Y181.087 E113.95906
G1 X170.905 Y180.427 E114.00077
G1 X169.977 Y179.581 E114.04253
G1 X169.217 Y178.576 E114.08444
G1 X168.66 Y177.456 E114.12604
G1 X168.316 Y176.25 E114.16776
G1 X168.201 Y175 E114.20951
G1 X168.316 Y173.75 E114.25126
G1 X168.66 Y172.544 E114.29297
G1 X169.217 Y171.424 E114.33457
G1 X169.977 Y170.419 E114.37648
G1 X170.905 Y169.573 E114.41825
G1 X171.971 Y168.913 E114.45995
G1 X173.134 Y168.462 E114.50144
G1 X174.375 Y168.23 E114.54343
G1 X175.625 Y168.23 E114.585
G1 X176.866 Y168.462 E114.62699
G1 X178.029 Y168.913 E114.66848
G1 X179.095 Y169.573 E114.71018
G1 X180.023 Y170.419 E114.75195
G1 X180.783 Y171.424 E114.79386
G1 X181.34 Y172.544 E114.83546
G1 X181.684 Y173.75 E114.87717
G1 X181.799 Y175 E114.91892
G1 X181.684 Y176.25 E114.96067
G1 X181.34 Y177.456 E115.00238
G1 X180.783 Y178.576 E115.04399
G1 X180.023 Y179.581 E115.0859
G1 X179.095 Y180.427 E115.12766
G1 X178.029 Y181.087 E115.16936
G1 X176.866 Y181.538 E115.21085
G1 X175.625 Y181.77 E115.25284
G0 F9000 X175.664 Y181.847
;MESH:NONMESH
G0 F300 X175.664 Y181.847 Z7.6
G0 F9000 X175.319 Y181.694
;TIME_ELAPSED:337.803724
;LAYER:37
;TYPE:WALL-OUTER
;MESH:diffuser_reactor.stl
G1 F600 X176.579 Y181.512 E115.29518
G1 X177.783 Y181.096 E115.33755
G1 X178.887 Y180.459 E115.37995
G1 X179.849 Y179.625 E115.42229
G1 X180.637 Y178.623 E115.46469
G1 X181.22 Y177.491 E115.50704
G1 X181.58 Y176.268 E115.54944
G1 X181.701 Y175 E115.59181
G1 X181.58 Y173.732 E115.63417
G1 X181.22 Y172.509 E115.67658
G1 X180.637 Y171.377 E115.71893
G1 X179.849 Y170.375 E115.76133
G1 X178.887 Y169.541 E115.80367
G1 X177.783 Y168.904 E115.84606
G1 X176.579 Y168.488 E115.88843
G1 X175.319 Y168.306 E115.93078
G1 X174.046 Y168.367 E115.97316
G1 X172.808 Y168.667 E116.01553
G1 X171.65 Y169.197 E116.05789
G1 X170.611 Y169.936 E116.1003
G1 X169.733 Y170.858 E116.14264
G1 X169.044 Y171.93 E116.18503
G1 X168.57 Y173.112 E116.22738
G1 X168.329 Y174.363 E116.26976
G1 X168.329 Y175.637 E116.31213
G1 X168.57 Y176.888 E116.3545
G1 X169.044 Y178.07 E116.39686
G1 X169.733 Y179.142 E116.43924
G1 X170.611 Y180.064 E116.48159
G1 X171.65 Y180.803 E116.524
G1 X172.808 Y181.333 E116.56636
G1 X174.046 Y181.633 E116.60872
G1 X175.319 Y181.694 E116.65111
G0 F9000 X175.625 Y181.77
G1 F600 X174.375 Y181.77 E116.69269
G1 X173.134 Y181.538 E116.73468
G1 X171.971 Y181.087 E116.77617
G1 X170.905 Y180.427 E116.81787
G1 X169.977 Y179.581 E116.85963
G1 X169.217 Y178.576 E116.90154
G1 X168.66 Y177.456 E116.94314
G1 X168.316 Y176.25 E116.98486
G1 X168.201 Y175 E117.02661
G1 X168.316 Y173.75 E117.06836
G1 X168.66 Y172.544 E117.11007
G1 X169.217 Y171.424 E117.15167
G1 X169.977 Y170.419 E117.19358
G1 X170.905 Y169.573 E117.23535
G1 X171.971 Y168.913 E117.27705
G1 X173.134 Y168.462 E117.31854
G1 X174.375 Y168.23 E117.36053
G1 X175.625 Y168.23 E117.4021
G1 X176.866 Y168.462 E117.44409
G1 X178.029 Y168.913 E117.48558
G1 X179.095 Y169.573 E117.52728
G1 X180.023 Y170.419 E117.56905
G1 X180.783 Y171.424 E117.61096
G1 X181.34 Y172.544 E117.65256
G1 X181.684 Y173.75 E117.69427
G1 X181.799 Y175 E117.73602
G1 X181.684 Y176.25 E117.77777
G1 X181.34 Y177.456 E117.81949
G1 X180.783 Y178.576 E117.86109
G1 X180.023 Y179.581 E117.903
G1 X179.095 Y180.427 E117.94476
G1 X178.029 Y181.087 E117.98646
G1 X176.866 Y181.538 E118.02795
G1 X175.625 Y181.77 E118.06994
G0 F9000 X175.664 Y181.847
;MESH:NONMESH
G0 F300 X175.664 Y181.847 Z7.8
G0 F9000 X175.319 Y181.694
;TIME_ELAPSED:346.447722
;LAYER:38
;TYPE:WALL-OUTER
;MESH:diffuser_reactor.stl
G1 F600 X176.579 Y181.512 E118.11229
G1 X177.783 Y181.096 E118.15465
G1 X178.887 Y180.459 E118.19705
G1 X179.849 Y179.625 E118.23939
G1 X180.637 Y178.623 E118.28179
G1 X181.22 Y177.491 E118.32414
G1 X181.58 Y176.268 E118.36654
G1 X181.701 Y175 E118.40891
G1 X181.58 Y173.732 E118.45128
G1 X181.22 Y172.509 E118.49368
G1 X180.637 Y171.377 E118.53603
G1 X179.849 Y170.375 E118.57843
G1 X178.887 Y169.541 E118.62077
G1 X177.783 Y168.904 E118.66317
G1 X176.579 Y168.488 E118.70553
G1 X175.319 Y168.306 E118.74788
G1 X174.046 Y168.367 E118.79027
G1 X172.808 Y168.667 E118.83263
G1 X171.65 Y169.197 E118.87499
G1 X170.611 Y169.936 E118.9174
G1 X169.733 Y170.858 E118.95974
G1 X169.044 Y171.93 E119.00213
G1 X168.57 Y173.112 E119.04448
G1 X168.329 Y174.363 E119.08686
G1 X168.329 Y175.637 E119.12923
G1 X168.57 Y176.888 E119.17161
G1 X169.044 Y178.07 E119.21396
G1 X169.733 Y179.142 E119.25635
G1 X170.611 Y180.064 E119.29869
G1 X171.65 Y180.803 E119.3411
G1 X172.808 Y181.333 E119.38346
G1 X174.046 Y181.633 E119.42582
G1 X175.319 Y181.694 E119.46821
G0 F9000 X175.625 Y181.77
G1 F600 X174.375 Y181.77 E119.50979
G1 X173.134 Y181.538 E119.55178
G1 X171.971 Y181.087 E119.59327
G1 X170.905 Y180.427 E119.63497
G1 X169.977 Y179.581 E119.67673
G1 X169.217 Y178.576 E119.71864
G1 X168.66 Y177.456 E119.76025
G1 X168.316 Y176.25 E119.80196
G1 X168.201 Y175 E119.84371
G1 X168.316 Y173.75 E119.88546
G1 X168.66 Y172.544 E119.92717
G1 X169.217 Y171.424 E119.96877
G1 X169.977 Y170.419 E120.01068
G1 X170.905 Y169.573 E120.05245
G1 X171.971 Y168.913 E120.09415
G1 X173.134 Y168.462 E120.13564
G1 X174.375 Y168.23 E120.17763
G1 X175.625 Y168.23 E120.2192
G1 X176.866 Y168.462 E120.2612
G1 X178.029 Y168.913 E120.30268
G1 X179.095 Y169.573 E120.34438
G1 X180.023 Y170.419 E120.38615
G1 X180.783 Y171.424 E120.42806
G1 X181.34 Y172.544 E120.46966
G1 X181.684 Y173.75 E120.51137
G1 X181.799 Y175 E120.55312
G1 X181.684 Y176.25 E120.59488
G1 X181.34 Y177.456 E120.63659
G1 X180.783 Y178.576 E120.67819
G1 X180.023 Y179.581 E120.7201
G1 X179.095 Y180.427 E120.76187
G1 X178.029 Y181.087 E120.80357
G1 X176.866 Y181.538 E120.84505
G1 X175.625 Y181.77 E120.88705
G0 F9000 X175.664 Y181.847
;MESH:NONMESH
G0 F300 X175.664 Y181.847 Z8
G0 F9000 X175.319 Y181.694
;TIME_ELAPSED:355.091720
;LAYER:39
;TYPE:WALL-OUTER
;MESH:diffuser_reactor.stl
G1 F600 X176.579 Y181.512 E120.92939
G1 X177.783 Y181.096 E120.97176
G1 X178.887 Y180.459 E121.01415
G1 X179.849 Y179.625 E121.0565
G1 X180.637 Y178.623 E121.09889
G1 X181.22 Y177.491 E121.14124
G1 X181.58 Y176.268 E121.18365
G1 X181.701 Y175 E121.22601
G1 X181.58 Y173.732 E121.26838
G1 X181.22 Y172.509 E121.31078
G1 X180.637 Y171.377 E121.35313
G1 X179.849 Y170.375 E121.39553
G1 X178.887 Y169.541 E121.43787
G1 X177.783 Y168.904 E121.48027
G1 X176.579 Y168.488 E121.52264
G1 X175.319 Y168.306 E121.56498
G1 X174.046 Y168.367 E121.60737
G1 X172.808 Y168.667 E121.64974
G1 X171.65 Y169.197 E121.69209
G1 X170.611 Y169.936 E121.7345
G1 X169.733 Y170.858 E121.77685
G1 X169.044 Y171.93 E121.81923
G1 X168.57 Y173.112 E121.86159
G1 X168.329 Y174.363 E121.90396
G1 X168.329 Y175.637 E121.94633
G1 X168.57 Y176.888 E121.98871
G1 X169.044 Y178.07 E122.03106
G1 X169.733 Y179.142 E122.07345
G1 X170.611 Y180.064 E122.11579
G1 X171.65 Y180.803 E122.1582
G1 X172.808 Y181.333 E122.20056
G1 X174.046 Y181.633 E122.24293
G1 X175.319 Y181.694 E122.28531
G0 F9000 X175.625 Y181.77
G1 F600 X174.375 Y181.77 E122.32689
G1 X173.134 Y181.538 E122.36888
G1 X171.971 Y181.087 E122.41037
G1 X170.905 Y180.427 E122.45207
G1 X169.977 Y179.581 E122.49384
G1 X169.217 Y178.576 E122.53574
G1 X168.66 Y177.456 E122.57735
G1 X168.316 Y176.25 E122.61906
G1 X168.201 Y175 E122.66081
G1 X168.316 Y173.75 E122.70256
G1 X168.66 Y172.544 E122.74427
G1 X169.217 Y171.424 E122.78588
G1 X169.977 Y170.419 E122.82778
G1 X170.905 Y169.573 E122.86955
G1 X171.971 Y168.913 E122.91125
G1 X173.134 Y168.462 E122.95274
G1 X174.375 Y168.23 E122.99473
G1 X175.625 Y168.23 E123.03631
G1 X176.866 Y168.462 E123.0783
G1 X178.029 Y168.913 E123.11978
G1 X179.095 Y169.573 E123.16149
G1 X180.023 Y170.419 E123.20325
G1 X180.783 Y171.424 E123.24516
G1 X181.34 Y172.544 E123.28676
G1 X181.684 Y173.75 E123.32848
G1 X181.799 Y175 E123.37023
G1 X181.684 Y176.25 E123.41198
G1 X181.34 Y177.456 E123.45369
G1 X180.783 Y178.576 E123.49529
G1 X180.023 Y179.581 E123.5372
G1 X179.095 Y180.427 E123.57897
G1 X178.029 Y181.087 E123.62067
G1 X176.866 Y181.538 E123.66216
G1 X175.625 Y181.77 E123.70415
G0 F9000 X175.664 Y181.847
;MESH:NONMESH
G0 F300 X175.664 Y181.847 Z8.2
G0 F9000 X175.319 Y181.694
;TIME_ELAPSED:363.735718
;LAYER:40
;TYPE:WALL-OUTER
;MESH:diffuser_reactor.stl
G1 F600 X176.579 Y181.512 E123.74649
G1 X177.783 Y181.096 E123.78886
G1 X178.887 Y180.459 E123.83125
G1 X179.849 Y179.625 E123.8736
G1 X180.637 Y178.623 E123.91599
G1 X181.22 Y177.491 E123.95835
G1 X181.58 Y176.268 E124.00075
G1 X181.701 Y175 E124.04311
G1 X181.58 Y173.732 E124.08548
G1 X181.22 Y172.509 E124.12788
G1 X180.637 Y171.377 E124.17023
G1 X179.849 Y170.375 E124.21263
G1 X178.887 Y169.541 E124.25498
G1 X177.783 Y168.904 E124.29737
G1 X176.579 Y168.488 E124.33974
G1 X175.319 Y168.306 E124.38208
G1 X174.046 Y168.367 E124.42447
G1 X172.808 Y168.667 E124.46684
G1 X171.65 Y169.197 E124.50919
G1 X170.611 Y169.936 E124.5516
G1 X169.733 Y170.858 E124.59395
G1 X169.044 Y171.93 E124.63633
G1 X168.57 Y173.112 E124.67869
G1 X168.329 Y174.363 E124.72106
G1 X168.329 Y175.637 E124.76343
G1 X168.57 Y176.888 E124.80581
G1 X169.044 Y178.07 E124.84817
G1 X169.733 Y179.142 E124.89055
G1 X170.611 Y180.064 E124.9329
G1 X171.65 Y180.803 E124.9753
G1 X172.808 Y181.333 E125.01766
G1 X174.046 Y181.633 E125.06003
G1 X175.319 Y181.694 E125.10242
G0 F9000 X175.625 Y181.77
G1 F600 X174.375 Y181.77 E125.14399
G1 X173.134 Y181.538 E125.18598
G1 X171.971 Y181.087 E125.22747
G1 X170.905 Y180.427 E125.26917
G1 X169.977 Y179.581 E125.31094
G1 X169.217 Y178.576 E125.35285
G1 X168.66 Y177.456 E125.39445
G1 X168.316 Y176.25 E125.43616
G1 X168.201 Y175 E125.47791
G1 X168.316 Y173.75 E125.51966
G1 X168.66 Y172.544 E125.56137
G1 X169.217 Y171.424 E125.60298
G1 X169.977 Y170.419 E125.64489
G1 X170.905 Y169.573 E125.68665
G1 X171.971 Y168.913 E125.72835
G1 X173.134 Y168.462 E125.76984
G1 X174.375 Y168.23 E125.81183
G1 X175.625 Y168.23 E125.85341
G1 X176.866 Y168.462 E125.8954
G1 X178.029 Y168.913 E125.93689
G1 X179.095 Y169.573 E125.97859
G1 X180.023 Y170.419 E126.02035
G1 X180.783 Y171.424 E126.06226
G1 X181.34 Y172.544 E126.10387
G1 X181.684 Y173.75 E126.14558
G1 X181.799 Y175 E126.18733
G1 X181.684 Y176.25 E126.22908
G1 X181.34 Y177.456 E126.27079
G1 X180.783 Y178.576 E126.31239
G1 X180.023 Y179.581 E126.3543
G1 X179.095 Y180.427 E126.39607
G1 X178.029 Y181.087 E126.43777
G1 X176.866 Y181.538 E126.47926
G1 X175.625 Y181.77 E126.52125
G0 F9000 X175.664 Y181.847
;MESH:NONMESH
G0 F300 X175.664 Y181.847 Z8.4
G0 F9000 X175.319 Y181.694
;TIME_ELAPSED:372.379716
;LAYER:41
;TYPE:WALL-OUTER
;MESH:diffuser_reactor.stl
G1 F600 X176.579 Y181.512 E126.56359
G1 X177.783 Y181.096 E126.60596
G1 X178.887 Y180.459 E126.64835
G1 X179.849 Y179.625 E126.6907
G1 X180.637 Y178.623 E126.7331
G1 X181.22 Y177.491 E126.77545
G1 X181.58 Y176.268 E126.81785
G1 X181.701 Y175 E126.86021
G1 X181.58 Y173.732 E126.90258
G1 X181.22 Y172.509 E126.94498
G1 X180.637 Y171.377 E126.98733
G1 X179.849 Y170.375 E127.02973
G1 X178.887 Y169.541 E127.07208
G1 X177.783 Y168.904 E127.11447
G1 X176.579 Y168.488 E127.15684
G1 X175.319 Y168.306 E127.19918
G1 X174.046 Y168.367 E127.24157
G1 X172.808 Y168.667 E127.28394
G1 X171.65 Y169.197 E127.3263
G1 X170.611 Y169.936 E127.3687
G1 X169.733 Y170.858 E127.41105
G1 X169.044 Y171.93 E127.45343
G1 X168.57 Y173.112 E127.49579
G1 X168.329 Y174.363 E127.53816
G1 X168.329 Y175.637 E127.58054
G1 X168.57 Y176.888 E127.62291
G1 X169.044 Y178.07 E127.66527
G1 X169.733 Y179.142 E127.70765
G1 X170.611 Y180.064 E127.75
G1 X171.65 Y180.803 E127.7924
G1 X172.808 Y181.333 E127.83476
G1 X174.046 Y181.633 E127.87713
G1 X175.319 Y181.694 E127.91952
G0 F9000 X175.625 Y181.77
G1 F600 X174.375 Y181.77 E127.96109
G1 X173.134 Y181.538 E128.00308
G1 X171.971 Y181.087 E128.04457
G1 X170.905 Y180.427 E128.08627
G1 X169.977 Y179.581 E128.12804
G1 X169.217 Y178.576 E128.16995
G1 X168.66 Y177.456 E128.21155
G1 X168.316 Y176.25 E128.25326
G1 X168.201 Y175 E128.29501
G1 X168.316 Y173.75 E128.33676
G1 X168.66 Y172.544 E128.37848
G1 X169.217 Y171.424 E128.42008
G1 X169.977 Y170.419 E128.46199
G1 X170.905 Y169.573 E128.50375
G1 X171.971 Y168.913 E128.54545
G1 X173.134 Y168.462 E128.58694
G1 X174.375 Y168.23 E128.62893
G1 X175.625 Y168.23 E128.67051
G1 X176.866 Y168.462 E128.7125
G1 X178.029 Y168.913 E128.75399
G1 X179.095 Y169.573 E128.79569
G1 X180.023 Y170.419 E128.83745
G1 X180.783 Y171.424 E128.87936
G1 X181.34 Y172.544 E128.92097
G1 X181.684 Y173.75 E128.96268
G1 X181.799 Y175 E129.00443
G1 X181.684 Y176.25 E129.04618
G1 X181.34 Y177.456 E129.08789
G1 X180.783 Y178.576 E129.1295
G1 X180.023 Y179.581 E129.1714
G1 X179.095 Y180.427 E129.21317
G1 X178.029 Y181.087 E129.25487
G1 X176.866 Y181.538 E129.29636
G1 X175.625 Y181.77 E129.33835
G0 F9000 X175.664 Y181.847
;MESH:NONMESH
G0 F300 X175.664 Y181.847 Z8.6
G0 F9000 X175.319 Y181.694
;TIME_ELAPSED:381.023714
;LAYER:42
;TYPE:WALL-OUTER
;MESH:diffuser_reactor.stl
G1 F600 X176.579 Y181.512 E129.38069
G1 X177.783 Y181.096 E129.42306
G1 X178.887 Y180.459 E129.46545
G1 X179.849 Y179.625 E129.5078
G1 X180.637 Y178.623 E129.5502
G1 X181.22 Y177.491 E129.59255
G1 X181.58 Y176.268 E129.63495
G1 X181.701 Y175 E129.67732
G1 X181.58 Y173.732 E129.71968
G1 X181.22 Y172.509 E129.76208
G1 X180.637 Y171.377 E129.80443
G1 X179.849 Y170.375 E129.84683
G1 X178.887 Y169.541 E129.88918
G1 X177.783 Y168.904 E129.93157
G1 X176.579 Y168.488 E129.97394
G1 X175.319 Y168.306 E130.01628
G1 X174.046 Y168.367 E130.05867
G1 X172.808 Y168.667 E130.10104
G1 X171.65 Y169.197 E130.1434
G1 X170.611 Y169.936 E130.1858
G1 X169.733 Y170.858 E130.22815
G1 X169.044 Y171.93 E130.27053
G1 X168.57 Y173.112 E130.31289
G1 X168.329 Y174.363 E130.35526
G1 X168.329 Y175.637 E130.39764
G1 X168.57 Y176.888 E130.44001
G1 X169.044 Y178.07 E130.48237
G1 X169.733 Y179.142 E130.52475
G1 X170.611 Y180.064 E130.5671
G1 X171.65 Y180.803 E130.60951
G1 X172.808 Y181.333 E130.65186
G1 X174.046 Y181.633 E130.69423
G1 X175.319 Y181.694 E130.73662
G0 F9000 X175.625 Y181.77
G1 F600 X174.375 Y181.77 E130.77819
G1 X173.134 Y181.538 E130.82019
G1 X171.971 Y181.087 E130.86167
G1 X170.905 Y180.427 E130.90337
G1 X169.977 Y179.581 E130.94514
G1 X169.217 Y178.576 E130.98705
G1 X168.66 Y177.456 E131.02865
G1 X168.316 Y176.25 E131.07036
G1 X168.201 Y175 E131.11211
G1 X168.316 Y173.75 E131.15387
G1 X168.66 Y172.544 E131.19558
G1 X169.217 Y171.424 E131.23718
G1 X169.977 Y170.419 E131.27909
G1 X170.905 Y169.573 E131.32086
G1 X171.971 Y168.913 E131.36256
G1 X173.134 Y168.462 E131.40404
G1 X174.375 Y168.23 E131.44604
G1 X175.625 Y168.23 E131.48761
G1 X176.866 Y168.462 E131.5296
G1 X178.029 Y168.913 E131.57109
G1 X179.095 Y169.573 E131.61279
G1 X180.023 Y170.419 E131.65456
G1 X180.783 Y171.424 E131.69646
G1 X181.34 Y172.544 E131.73807
G1 X181.684 Y173.75 E131.77978
G1 X181.799 Y175 E131.82153
G1 X181.684 Y176.25 E131.86328
G1 X181.34 Y177.456 E131.90499
G1 X180.783 Y178.576 E131.9466
G1 X180.023 Y179.581 E131.9885
G1 X179.095 Y180.427 E132.03027
G1 X178.029 Y181.087 E132.07197
G1 X176.866 Y181.538 E132.11346
G1 X175.625 Y181.77 E132.15545
G0 F9000 X175.664 Y181.847
;MESH:NONMESH
G0 F300 X175.664 Y181.847 Z8.8
G0 F9000 X175.319 Y181.694
;TIME_ELAPSED:389.667712
;LAYER:43
;TYPE:WALL-OUTER
;MESH:diffuser_reactor.stl
G1 F600 X176.579 Y181.512 E132.19779
G1 X177.783 Y181.096 E132.24016
G1 X178.887 Y180.459 E132.28255
G1 X179.849 Y179.625 E132.3249
G1 X180.637 Y178.623 E132.3673
G1 X181.22 Y177.491 E132.40965
G1 X181.58 Y176.268 E132.45205
G1 X181.701 Y175 E132.49442
G1 X181.58 Y173.732 E132.53678
G1 X181.22 Y172.509 E132.57919
G1 X180.637 Y171.377 E132.62154
G1 X179.849 Y170.375 E132.66393
G1 X178.887 Y169.541 E132.70628
G1 X177.783 Y168.904 E132.74867
G1 X176.579 Y168.488 E132.79104
G1 X175.319 Y168.306 E132.83338
G1 X174.046 Y168.367 E132.87577
G1 X172.808 Y168.667 E132.91814
G1 X171.65 Y169.197 E132.9605
G1 X170.611 Y169.936 E133.00291
G1 X169.733 Y170.858 E133.04525
G1 X169.044 Y171.93 E133.08764
G1 X168.57 Y173.112 E133.12999
G1 X168.329 Y174.363 E133.17237
G1 X168.329 Y175.637 E133.21474
G1 X168.57 Y176.888 E133.25711
G1 X169.044 Y178.07 E133.29947
G1 X169.733 Y179.142 E133.34185
G1 X170.611 Y180.064 E133.3842
G1 X171.65 Y180.803 E133.42661
G1 X172.808 Y181.333 E133.46896
G1 X174.046 Y181.633 E133.51133
G1 X175.319 Y181.694 E133.55372
G0 F9000 X175.625 Y181.77
G1 F600 X174.375 Y181.77 E133.5953
G1 X173.134 Y181.538 E133.63729
G1 X171.971 Y181.087 E133.67877
G1 X170.905 Y180.427 E133.72048
G1 X169.977 Y179.581 E133.76224
G1 X169.217 Y178.576 E133.80415
G1 X168.66 Y177.456 E133.84575
G1 X168.316 Y176.25 E133.88747
G1 X168.201 Y175 E133.92922
G1 X168.316 Y173.75 E133.97097
G1 X168.66 Y172.544 E134.01268
G1 X169.217 Y171.424 E134.05428
G1 X169.977 Y170.419 E134.09619
G1 X170.905 Y169.573 E134.13796
G1 X171.971 Y168.913 E134.17966
G1 X173.134 Y168.462 E134.22115
G1 X174.375 Y168.23 E134.26314
G1 X175.625 Y168.23 E134.30471
G1 X176.866 Y168.462 E134.3467
G1 X178.029 Y168.913 E134.38819
G1 X179.095 Y169.573 E134.42989
G1 X180.023 Y170.419 E134.47166
G1 X180.783 Y171.424 E134.51357
G1 X181.34 Y172.544 E134.55517
G1 X181.684 Y173.75 E134.59688
G1 X181.799 Y175 E134.63863
G1 X181.684 Y176.25 E134.68038
G1 X181.34 Y177.456 E134.72209
G1 X180.783 Y178.576 E134.7637
G1 X180.023 Y179.581 E134.80561
G1 X179.095 Y180.427 E134.84737
G1 X178.029 Y181.087 E134.88907
G1 X176.866 Y181.538 E134.93056
G1 X175.625 Y181.77 E134.97255
G0 F9000 X175.664 Y181.847
;MESH:NONMESH
G0 F300 X175.664 Y181.847 Z9
G0 F9000 X175.319 Y181.694
;TIME_ELAPSED:398.311710
;LAYER:44
;TYPE:WALL-OUTER
;MESH:diffuser_reactor.stl
G1 F600 X176.579 Y181.512 E135.0149
G1 X177.783 Y181.096 E135.05726
G1 X178.887 Y180.459 E135.09966
G1 X179.849 Y179.625 E135.142
G1 X180.637 Y178.623 E135.1844
G1 X181.22 Y177.491 E135.22675
G1 X181.58 Y176.268 E135.26915
G1 X181.701 Y175 E135.31152
G1 X181.58 Y173.732 E135.35388
G1 X181.22 Y172.509 E135.39629
G1 X180.637 Y171.377 E135.43864
G1 X179.849 Y170.375 E135.48104
G1 X178.887 Y169.541 E135.52338
G1 X177.783 Y168.904 E135.56578
G1 X176.579 Y168.488 E135.60814
G1 X175.319 Y168.306 E135.65049
G1 X174.046 Y168.367 E135.69287
G1 X172.808 Y168.667 E135.73524
G1 X171.65 Y169.197 E135.7776
G1 X170.611 Y169.936 E135.82001
G1 X169.733 Y170.858 E135.86235
G1 X169.044 Y171.93 E135.90474
G1 X168.57 Y173.112 E135.94709
G1 X168.329 Y174.363 E135.98947
G1 X168.329 Y175.637 E136.03184
G1 X168.57 Y176.888 E136.07421
G1 X169.044 Y178.07 E136.11657
G1 X169.733 Y179.142 E136.15896
G1 X170.611 Y180.064 E136.2013
G1 X171.65 Y180.803 E136.24371
G1 X172.808 Y181.333 E136.28607
G1 X174.046 Y181.633 E136.32843
G1 X175.319 Y181.694 E136.37082
G0 F9000 X175.625 Y181.77
G1 F600 X174.375 Y181.77 E136.4124
G1 X173.134 Y181.538 E136.45439
G1 X171.971 Y181.087 E136.49588
G1 X170.905 Y180.427 E136.53758
G1 X169.977 Y179.581 E136.57934
G1 X169.217 Y178.576 E136.62125
G1 X168.66 Y177.456 E136.66286
G1 X168.316 Y176.25 E136.70457
G1 X168.201 Y175 E136.74632
G1 X168.316 Y173.75 E136.78807
G1 X168.66 Y172.544 E136.82978
G1 X169.217 Y171.424 E136.87138
G1 X169.977 Y170.419 E136.91329
G1 X170.905 Y169.573 E136.95506
G1 X171.971 Y168.913 E136.99676
G1 X173.134 Y168.462 E137.03825
G1 X174.375 Y168.23 E137.08024
G1 X175.625 Y168.23 E137.12181
G1 X176.866 Y168.462 E137.1638
G1 X178.029 Y168.913 E137.20529
G1 X179.095 Y169.573 E137.24699
G1 X180.023 Y170.419 E137.28876
G1 X180.783 Y171.424 E137.33067
G1 X181.34 Y172.544 E137.37227
G1 X181.684 Y173.75 E137.41398
G1 X181.799 Y175 E137.45573
G1 X181.684 Y176.25 E137.49748
G1 X181.34 Y177.456 E137.5392
G1 X180.783 Y178.576 E137.5808
G1 X180.023 Y179.581 E137.62271
G1 X179.095 Y180.427 E137.66447
G1 X178.029 Y181.087 E137.70617
G1 X176.866 Y181.538 E137.74766
G1 X175.625 Y181.77 E137.78965
G0 F9000 X175.664 Y181.847
;MESH:NONMESH
G0 F300 X175.664 Y181.847 Z9.2
G0 F9000 X175.319 Y181.694
;TIME_ELAPSED:406.955708
;LAYER:45
;TYPE:WALL-OUTER
;MESH:diffuser_reactor.stl
G1 F600 X176.579 Y181.512 E137.832
G1 X177.783 Y181.096 E137.87436
G1 X178.887 Y180.459 E137.91676
G1 X179.849 Y179.625 E137.9591
G1 X180.637 Y178.623 E138.0015
G1 X181.22 Y177.491 E138.04385
G1 X181.58 Y176.268 E138.08626
G1 X181.701 Y175 E138.12862
G1 X181.58 Y173.732 E138.17099
G1 X181.22 Y172.509 E138.21339
G1 X180.637 Y171.377 E138.25574
G1 X179.849 Y170.375 E138.29814
G1 X178.887 Y169.541 E138.34048
G1 X177.783 Y168.904 E138.38288
G1 X176.579 Y168.488 E138.42524
G1 X175.319 Y168.306 E138.46759
G1 X174.046 Y168.367 E138.50998
G1 X172.808 Y168.667 E138.55234
G1 X171.65 Y169.197 E138.5947
G1 X170.611 Y169.936 E138.63711
G1 X169.733 Y170.858 E138.67945
G1 X169.044 Y171.93 E138.72184
G1 X168.57 Y173.112 E138.7642
G1 X168.329 Y174.363 E138.80657
G1 X168.329 Y175.637 E138.84894
G1 X168.57 Y176.888 E138.89132
G1 X169.044 Y178.07 E138.93367
G1 X169.733 Y179.142 E138.97606
G1 X170.611 Y180.064 E139.0184
G1 X171.65 Y180.803 E139.06081
G1 X172.808 Y181.333 E139.10317
G1 X174.046 Y181.633 E139.14553
G1 X175.319 Y181.694 E139.18792
G0 F9000 X175.625 Y181.77
G1 F600 X174.375 Y181.77 E139.2295
G1 X173.134 Y181.538 E139.27149
G1 X171.971 Y181.087 E139.31298
G1 X170.905 Y180.427 E139.35468
G1 X169.977 Y179.581 E139.39644
G1 X169.217 Y178.576 E139.43835
G1 X168.66 Y177.456 E139.47996
G1 X168.316 Y176.25 E139.52167
G1 X168.201 Y175 E139.56342
G1 X168.316 Y173.75 E139.60517
G1 X168.66 Y172.544 E139.64688
G1 X169.217 Y171.424 E139.68849
G1 X169.977 Y170.419 E139.73039
G1 X170.905 Y169.573 E139.77216
G1 X171.971 Y168.913 E139.81386
G1 X173.134 Y168.462 E139.85535
G1 X174.375 Y168.23 E139.89734
G1 X175.625 Y168.23 E139.93891
G1 X176.866 Y168.462 E139.98091
G1 X178.029 Y168.913 E140.02239
G1 X179.095 Y169.573 E140.06409
G1 X180.023 Y170.419 E140.10586
G1 X180.783 Y171.424 E140.14777
G1 X181.34 Y172.544 E140.18937
G1 X181.684 Y173.75 E140.23108
G1 X181.799 Y175 E140.27284
G1 X181.684 Y176.25 E140.31459
G1 X181.34 Y177.456 E140.3563
G1 X180.783 Y178.576 E140.3979
G1 X180.023 Y179.581 E140.43981
G1 X179.095 Y180.427 E140.48158
G1 X178.029 Y181.087 E140.52328
G1 X176.866 Y181.538 E140.56476
G1 X175.625 Y181.77 E140.60676
G0 F9000 X175.664 Y181.847
;MESH:NONMESH
G0 F300 X175.664 Y181.847 Z9.4
G0 F9000 X175.319 Y181.694
;TIME_ELAPSED:415.599706
;LAYER:46
;TYPE:WALL-OUTER
;MESH:diffuser_reactor.stl
G1 F600 X176.579 Y181.512 E140.6491
G1 X177.783 Y181.096 E140.69147
G1 X178.887 Y180.459 E140.73386
G1 X179.849 Y179.625 E140.77621
G1 X180.637 Y178.623 E140.8186
G1 X181.22 Y177.491 E140.86095
G1 X181.58 Y176.268 E140.90336
G1 X181.701 Y175 E140.94572
G1 X181.58 Y173.732 E140.98809
G1 X181.22 Y172.509 E141.03049
G1 X180.637 Y171.377 E141.07284
G1 X179.849 Y170.375 E141.11524
G1 X178.887 Y169.541 E141.15759
G1 X177.783 Y168.904 E141.19998
G1 X176.579 Y168.488 E141.24235
G1 X175.319 Y168.306 E141.28469
G1 X174.046 Y168.367 E141.32708
G1 X172.808 Y168.667 E141.36945
G1 X171.65 Y169.197 E141.4118
G1 X170.611 Y169.936 E141.45421
G1 X169.733 Y170.858 E141.49656
G1 X169.044 Y171.93 E141.53894
G1 X168.57 Y173.112 E141.5813
G1 X168.329 Y174.363 E141.62367
G1 X168.329 Y175.637 E141.66604
G1 X168.57 Y176.888 E141.70842
G1 X169.044 Y178.07 E141.75077
G1 X169.733 Y179.142 E141.79316
G1 X170.611 Y180.064 E141.8355
G1 X171.65 Y180.803 E141.87791
G1 X172.808 Y181.333 E141.92027
G1 X174.046 Y181.633 E141.96264
G1 X175.319 Y181.694 E142.00503
G0 F9000 X175.625 Y181.77
G1 F600 X174.375 Y181.77 E142.0466
G1 X173.134 Y181.538 E142.08859
G1 X171.971 Y181.087 E142.13008
G1 X170.905 Y180.427 E142.17178
G1 X169.977 Y179.581 E142.21355
G1 X169.217 Y178.576 E142.25545
G1 X168.66 Y177.456 E142.29706
G1 X168.316 Y176.25 E142.33877
G1 X168.201 Y175 E142.38052
G1 X168.316 Y173.75 E142.42227
G1 X168.66 Y172.544 E142.46398
G1 X169.217 Y171.424 E142.50559
G1 X169.977 Y170.419 E142.54749
G1 X170.905 Y169.573 E142.58926
G1 X171.971 Y168.913 E142.63096
G1 X173.134 Y168.462 E142.67245
G1 X174.375 Y168.23 E142.71444
G1 X175.625 Y168.23 E142.75602
G1 X176.866 Y168.462 E142.79801
G1 X178.029 Y168.913 E142.8395
G1 X179.095 Y169.573 E142.8812
G1 X180.023 Y170.419 E142.92296
G1 X180.783 Y171.424 E142.96487
G1 X181.34 Y172.544 E143.00647
G1 X181.684 Y173.75 E143.04819
G1 X181.799 Y175 E143.08994
G1 X181.684 Y176.25 E143.13169
G1 X181.34 Y177.456 E143.1734
G1 X180.783 Y178.576 E143.215
G1 X180.023 Y179.581 E143.25691
G1 X179.095 Y180.427 E143.29868
G1 X178.029 Y181.087 E143.34038
G1 X176.866 Y181.538 E143.38187
G1 X175.625 Y181.77 E143.42386
G0 F9000 X175.664 Y181.847
;MESH:NONMESH
G0 F300 X175.664 Y181.847 Z9.6
G0 F9000 X175.319 Y181.694
;TIME_ELAPSED:424.243704
;LAYER:47
;TYPE:WALL-OUTER
;MESH:diffuser_reactor.stl
G1 F600 X176.579 Y181.512 E143.4662
G1 X177.783 Y181.096 E143.50857
G1 X178.887 Y180.459 E143.55096
G1 X179.849 Y179.625 E143.59331
G1 X180.637 Y178.623 E143.63571
G1 X181.22 Y177.491 E143.67806
G1 X181.58 Y176.268 E143.72046
G1 X181.701 Y175 E143.76282
G1 X181.58 Y173.732 E143.80519
G1 X181.22 Y172.509 E143.84759
G1 X180.637 Y171.377 E143.88994
G1 X179.849 Y170.375 E143.93234
G1 X178.887 Y169.541 E143.97469
G1 X177.783 Y168.904 E144.01708
G1 X176.579 Y168.488 E144.05945
G1 X175.319 Y168.306 E144.10179
G1 X174.046 Y168.367 E144.14418
G1 X172.808 Y168.667 E144.18655
G1 X171.65 Y169.197 E144.2289
G1 X170.611 Y169.936 E144.27131
G1 X169.733 Y170.858 E144.31366
G1 X169.044 Y171.93 E144.35604
G1 X168.57 Y173.112 E144.3984
G1 X168.329 Y174.363 E144.44077
G1 X168.329 Y175.637 E144.48315
G1 X168.57 Y176.888 E144.52552
G1 X169.044 Y178.07 E144.56788
G1 X169.733 Y179.142 E144.61026
G1 X170.611 Y180.064 E144.65261
G1 X171.65 Y180.803 E144.69501
G1 X172.808 Y181.333 E144.73737
G1 X174.046 Y181.633 E144.77974
G1 X175.319 Y181.694 E144.82213
G0 F9000 X175.625 Y181.77
G1 F600 X174.375 Y181.77 E144.8637
G1 X173.134 Y181.538 E144.90569
G1 X171.971 Y181.087 E144.94718
G1 X170.905 Y180.427 E144.98888
G1 X169.977 Y179.581 E145.03065
G1 X169.217 Y178.576 E145.07256
G1 X168.66 Y177.456 E145.11416
G1 X168.316 Y176.25 E145.15587
G1 X168.201 Y175 E145.19762
G1 X168.316 Y173.75 E145.23937
G1 X168.66 Y172.544 E145.28108
G1 X169.217 Y171.424 E145.32269
G1 X169.977 Y170.419 E145.3646
G1 X170.905 Y169.573 E145.40636
G1 X171.971 Y168.913 E145.44806
G1 X173.134 Y168.462 E145.48955
G1 X174.375 Y168.23 E145.53154
G1 X175.625 Y168.23 E145.57312
G1 X176.866 Y168.462 E145.61511
G1 X178.029 Y168.913 E145.6566
G1 X179.095 Y169.573 E145.6983
G1 X180.023 Y170.419 E145.74006
G1 X180.783 Y171.424 E145.78197
G1 X181.34 Y172.544 E145.82358
G1 X181.684 Y173.75 E145.86529
G1 X181.799 Y175 E145.90704
G1 X181.684 Y176.25 E145.94879
G1 X181.34 Y177.456 E145.9905
G1 X180.783 Y178.576 E146.0321
G1 X180.023 Y179.581 E146.07401
G1 X179.095 Y180.427 E146.11578
G1 X178.029 Y181.087 E146.15748
G1 X176.866 Y181.538 E146.19897
G1 X175.625 Y181.77 E146.24096
G0 F9000 X175.664 Y181.847
;MESH:NONMESH
G0 F300 X175.664 Y181.847 Z9.8
G0 F9000 X175.319 Y181.694
;TIME_ELAPSED:432.887702
;LAYER:48
;TYPE:WALL-OUTER
;MESH:diffuser_reactor.stl
G1 F600 X176.579 Y181.512 E146.2833
G1 X177.783 Y181.096 E146.32567
G1 X178.887 Y180.459 E146.36806
G1 X179.849 Y179.625 E146.41041
G1 X180.637 Y178.623 E146.45281
G1 X181.22 Y177.491 E146.49516
G1 X181.58 Y176.268 E146.53756
G1 X181.701 Y175 E146.57993
G1 X181.58 Y173.732 E146.62229
G1 X181.22 Y172.509 E146.66469
G1 X180.637 Y171.377 E146.70704
G1 X179.849 Y170.375 E146.74944
G1 X178.887 Y169.541 E146.79179
G1 X177.783 Y168.904 E146.83418
G1 X176.579 Y168.488 E146.87655
G1 X175.319 Y168.306 E146.91889
G1 X174.046 Y168.367 E146.96128
G1 X172.808 Y168.667 E147.00365
G1 X171.65 Y169.197 E147.04601
G1 X170.611 Y169.936 E147.08841
G1 X169.733 Y170.858 E147.13076
G1 X169.044 Y171.93 E147.17314
G1 X168.57 Y173.112 E147.2155
G1 X168.329 Y174.363 E147.25787
G1 X168.329 Y175.637 E147.30025
G1 X168.57 Y176.888 E147.34262
G1 X169.044 Y178.07 E147.38498
G1 X169.733 Y179.142 E147.42736
G1 X170.611 Y180.064 E147.46971
G1 X171.65 Y180.803 E147.51211
G1 X172.808 Y181.333 E147.55447
G1 X174.046 Y181.633 E147.59684
G1 X175.319 Y181.694 E147.63923
G0 F9000 X175.625 Y181.77
G1 F600 X174.375 Y181.77 E147.6808
G1 X173.134 Y181.538 E147.72279
G1 X171.971 Y181.087 E147.76428
G1 X170.905 Y180.427 E147.80598
G1 X169.977 Y179.581 E147.84775
G1 X169.217 Y178.576 E147.88966
G1 X168.66 Y177.456 E147.93126
G1 X168.316 Y176.25 E147.97297
G1 X168.201 Y175 E148.01472
G1 X168.316 Y173.75 E148.05647
G1 X168.66 Y172.544 E148.09819
G1 X169.217 Y171.424 E148.13979
G1 X169.977 Y170.419 E148.1817
G1 X170.905 Y169.573 E148.22346
G1 X171.971 Y168.913 E148.26516
G1 X173.134 Y168.462 E148.30665
G1 X174.375 Y168.23 E148.34864
G1 X175.625 Y168.23 E148.39022
G1 X176.866 Y168.462 E148.43221
G1 X178.029 Y168.913 E148.4737
G1 X179.095 Y169.573 E148.5154
G1 X180.023 Y170.419 E148.55717
G1 X180.783 Y171.424 E148.59907
G1 X181.34 Y172.544 E148.64068
G1 X181.684 Y173.75 E148.68239
G1 X181.799 Y175 E148.72414
G1 X181.684 Y176.25 E148.76589
G1 X181.34 Y177.456 E148.8076
G1 X180.783 Y178.576 E148.84921
G1 X180.023 Y179.581 E148.89111
G1 X179.095 Y180.427 E148.93288
G1 X178.029 Y181.087 E148.97458
G1 X176.866 Y181.538 E149.01607
G1 X175.625 Y181.77 E149.05806
G0 F9000 X175.664 Y181.847
;MESH:NONMESH
G0 F300 X175.664 Y181.847 Z10
G0 F9000 X175.319 Y181.694
;TIME_ELAPSED:441.531700
;LAYER:49
;TYPE:WALL-OUTER
;MESH:diffuser_reactor.stl
G1 F600 X176.579 Y181.512 E149.1004
G1 X177.783 Y181.096 E149.14277
G1 X178.887 Y180.459 E149.18516
G1 X179.849 Y179.625 E149.22751
G1 X180.637 Y178.623 E149.26991
G1 X181.22 Y177.491 E149.31226
G1 X181.58 Y176.268 E149.35466
G1 X181.701 Y175 E149.39703
G1 X181.58 Y173.732 E149.43939
G1 X181.22 Y172.509 E149.48179
G1 X180.637 Y171.377 E149.52415
G1 X179.849 Y170.375 E149.56654
G1 X178.887 Y169.541 E149.60889
G1 X177.783 Y168.904 E149.65128
G1 X176.579 Y168.488 E149.69365
G1 X175.319 Y168.306 E149.73599
G1 X174.046 Y168.367 E149.77838
G1 X172.808 Y168.667 E149.82075
G1 X171.65 Y169.197 E149.86311
G1 X170.611 Y169.936 E149.90551
G1 X169.733 Y170.858 E149.94786
G1 X169.044 Y171.93 E149.99024
G1 X168.57 Y173.112 E150.0326
G1 X168.329 Y174.363 E150.07497
G1 X168.329 Y175.637 E150.11735
G1 X168.57 Y176.888 E150.15972
G1 X169.044 Y178.07 E150.20208
G1 X169.733 Y179.142 E150.24446
G1 X170.611 Y180.064 E150.28681
G1 X171.65 Y180.803 E150.32922
G1 X172.808 Y181.333 E150.37157
G1 X174.046 Y181.633 E150.41394
G1 X175.319 Y181.694 E150.45633
G0 F9000 X175.625 Y181.77
G1 F600 X174.375 Y181.77 E150.4979
G1 X173.134 Y181.538 E150.5399
G1 X171.971 Y181.087 E150.58138
G1 X170.905 Y180.427 E150.62308
G1 X169.977 Y179.581 E150.66485
G1 X169.217 Y178.576 E150.70676
G1 X168.66 Y177.456 E150.74836
G1 X168.316 Y176.25 E150.79007
G1 X168.201 Y175 E150.83183
G1 X168.316 Y173.75 E150.87358
G1 X168.66 Y172.544 E150.91529
G1 X169.217 Y171.424 E150.95689
G1 X169.977 Y170.419 E150.9988
G1 X170.905 Y169.573 E151.04057
G1 X171.971 Y168.913 E151.08227
G1 X173.134 Y168.462 E151.12375
G1 X174.375 Y168.23 E151.16575
G1 X175.625 Y168.23 E151.20732
G1 X176.866 Y168.462 E151.24931
G1 X178.029 Y168.913 E151.2908
G1 X179.095 Y169.573 E151.3325
G1 X180.023 Y170.419 E151.37427
G1 X180.783 Y171.424 E151.41617
G1 X181.34 Y172.544 E151.45778
G1 X181.684 Y173.75 E151.49949
G1 X181.799 Y175 E151.54124
G1 X181.684 Y176.25 E151.58299
G1 X181.34 Y177.456 E151.6247
G1 X180.783 Y178.576 E151.66631
G1 X180.023 Y179.581 E151.70822
G1 X179.095 Y180.427 E151.74998
G1 X178.029 Y181.087 E151.79168
G1 X176.866 Y181.538 E151.83317
G1 X175.625 Y181.77 E151.87516
G0 F9000 X175.664 Y181.847
;MESH:NONMESH
G0 F300 X175.664 Y181.847 Z10.2
G0 F9000 X175.319 Y181.694
;TIME_ELAPSED:450.175698
;LAYER:50
;TYPE:WALL-OUTER
;MESH:diffuser_reactor.stl
G1 F600 X176.579 Y181.512 E151.9175
G1 X177.783 Y181.096 E151.95987
G1 X178.887 Y180.459 E152.00227
G1 X179.849 Y179.625 E152.04461
G1 X180.637 Y178.623 E152.08701
G1 X181.22 Y177.491 E152.12936
G1 X181.58 Y176.268 E152.17176
G1 X181.701 Y175 E152.21413
G1 X181.58 Y173.732 E152.25649
G1 X181.22 Y172.509 E152.2989
G1 X180.637 Y171.377 E152.34125
G1 X179.849 Y170.375 E152.38364
G1 X178.887 Y169.541 E152.42599
G1 X177.783 Y168.904 E152.46838
G1 X176.579 Y168.488 E152.51075
G1 X175.319 Y168.306 E152.55309
G1 X174.046 Y168.367 E152.59548
G1 X172.808 Y168.667 E152.63785
G1 X171.65 Y169.197 E152.68021
G1 X170.611 Y169.936 E152.72262
G1 X169.733 Y170.858 E152.76496
G1 X169.044 Y171.93 E152.80735
G1 X168.57 Y173.112 E152.8497
G1 X168.329 Y174.363 E152.89208
G1 X168.329 Y175.637 E152.93445
G1 X168.57 Y176.888 E152.97682
G1 X169.044 Y178.07 E153.01918
G1 X169.733 Y179.142 E153.06156
G1 X170.611 Y180.064 E153.10391
G1 X171.65 Y180.803 E153.14632
G1 X172.808 Y181.333 E153.18867
G1 X174.046 Y181.633 E153.23104
G1 X175.319 Y181.694 E153.27343
G0 F9000 X175.625 Y181.77
G1 F600 X174.375 Y181.77 E153.31501
G1 X173.134 Y181.538 E153.357
G1 X171.971 Y181.087 E153.39849
G1 X170.905 Y180.427 E153.44019
G1 X169.977 Y179.581 E153.48195
G1 X169.217 Y178.576 E153.52386
G1 X168.66 Y177.456 E153.56546
G1 X168.316 Y176.25 E153.60718
G1 X168.201 Y175 E153.64893
G1 X168.316 Y173.75 E153.69068
G1 X168.66 Y172.544 E153.73239
G1 X169.217 Y171.424 E153.77399
G1 X169.977 Y170.419 E153.8159
G1 X170.905 Y169.573 E153.85767
G1 X171.971 Y168.913 E153.89937
G1 X173.134 Y168.462 E153.94086
G1 X174.375 Y168.23 E153.98285
G1 X175.625 Y168.23 E154.02442
G1 X176.866 Y168.462 E154.06641
G1 X178.029 Y168.913 E154.1079
G1 X179.095 Y169.573 E154.1496
G1 X180.023 Y170.419 E154.19137
G1 X180.783 Y171.424 E154.23328
G1 X181.34 Y172.544 E154.27488
G1 X181.684 Y173.75 E154.31659
G1 X181.799 Y175 E154.35834
G1 X181.684 Y176.25 E154.40009
G1 X181.34 Y177.456 E154.4418
G1 X180.783 Y178.576 E154.48341
G1 X180.023 Y179.581 E154.52532
G1 X179.095 Y180.427 E154.56708
G1 X178.029 Y181.087 E154.60878
G1 X176.866 Y181.538 E154.65027
G1 X175.625 Y181.77 E154.69226
G0 F9000 X175.664 Y181.847
;MESH:NONMESH
G0 F300 X175.664 Y181.847 Z10.4
G0 F9000 X175.319 Y181.694
;TIME_ELAPSED:458.819696
;LAYER:51
;TYPE:WALL-OUTER
;MESH:diffuser_reactor.stl
G1 F600 X176.579 Y181.512 E154.73461
G1 X177.783 Y181.096 E154.77697
G1 X178.887 Y180.459 E154.81937
G1 X179.849 Y179.625 E154.86171
G1 X180.637 Y178.623 E154.90411
G1 X181.22 Y177.491 E154.94646
G1 X181.58 Y176.268 E154.98886
G1 X181.701 Y175 E155.03123
G1 X181.58 Y173.732 E155.0736
G1 X181.22 Y172.509 E155.116
G1 X180.637 Y171.377 E155.15835
G1 X179.849 Y170.375 E155.20075
G1 X178.887 Y169.541 E155.24309
G1 X177.783 Y168.904 E155.28549
G1 X176.579 Y168.488 E155.32785
G1 X175.319 Y168.306 E155.3702
G1 X174.046 Y168.367 E155.41259
G1 X172.808 Y168.667 E155.45495
G1 X171.65 Y169.197 E155.49731
G1 X170.611 Y169.936 E155.53972
G1 X169.733 Y170.858 E155.58206
G1 X169.044 Y171.93 E155.62445
G1 X168.57 Y173.112 E155.6668
G1 X168.329 Y174.363 E155.70918
G1 X168.329 Y175.637 E155.75155
G1 X168.57 Y176.888 E155.79392
G1 X169.044 Y178.07 E155.83628
G1 X169.733 Y179.142 E155.87867
G1 X170.611 Y180.064 E155.92101
G1 X171.65 Y180.803 E155.96342
G1 X172.808 Y181.333 E156.00578
G1 X174.046 Y181.633 E156.04814
G1 X175.319 Y181.694 E156.09053
G0 F9000 X175.625 Y181.77
G1 F600 X174.375 Y181.77 E156.13211
G1 X173.134 Y181.538 E156.1741
G1 X171.971 Y181.087 E156.21559
G1 X170.905 Y180.427 E156.25729
G1 X169.977 Y179.581 E156.29905
G1 X169.217 Y178.576 E156.34096
G1 X168.66 Y177.456 E156.38257
G1 X168.316 Y176.25 E156.42428
G1 X168.201 Y175 E156.46603
G1 X168.316 Y173.75 E156.50778
G1 X168.66 Y172.544 E156.54949
G1 X169.217 Y171.424 E156.59109
G1 X169.977 Y170.419 E156.633
G1 X170.905 Y169.573 E156.67477
G1 X171.971 Y168.913 E156.71647
G1 X173.134 Y168.462 E156.75796
G1 X174.375 Y168.23 E156.79995
G1 X175.625 Y168.23 E156.84152
G1 X176.866 Y168.462 E156.88351
G1 X178.029 Y168.913 E156.925
G1 X179.095 Y169.573 E156.9667
G1 X180.023 Y170.419 E157.00847
G1 X180.783 Y171.424 E157.05038
G1 X181.34 Y172.544 E157.09198
G1 X181.684 Y173.75 E157.13369
G1 X181.799 Y175 E157.17544
G1 X181.684 Y176.25 E157.21719
G1 X181.34 Y177.456 E157.25891
G1 X180.783 Y178.576 E157.30051
G1 X180.023 Y179.581 E157.34242
G1 X179.095 Y180.427 E157.38418
G1 X178.029 Y181.087 E157.42589
G1 X176.866 Y181.538 E157.46737
G1 X175.625 Y181.77 E157.50936
G0 F9000 X175.664 Y181.847
;MESH:NONMESH
G0 F300 X175.664 Y181.847 Z10.6
G0 F9000 X175.319 Y181.694
;TIME_ELAPSED:467.463694
;LAYER:52
;TYPE:WALL-OUTER
;MESH:diffuser_reactor.stl
G1 F600 X176.579 Y181.512 E157.55171
G1 X177.783 Y181.096 E157.59408
G1 X178.887 Y180.459 E157.63647
G1 X179.849 Y179.625 E157.67881
G1 X180.637 Y178.623 E157.72121
G1 X181.22 Y177.491 E157.76356
G1 X181.58 Y176.268 E157.80597
G1 X181.701 Y175 E157.84833
G1 X181.58 Y173.732 E157.8907
G1 X181.22 Y172.509 E157.9331
G1 X180.637 Y171.377 E157.97545
G1 X179.849 Y170.375 E158.01785
G1 X178.887 Y169.541 E158.06019
G1 X177.783 Y168.904 E158.10259
G1 X176.579 Y168.488 E158.14496
G1 X175.319 Y168.306 E158.1873
G1 X174.046 Y168.367 E158.22969
G1 X172.808 Y168.667 E158.27205
G1 X171.65 Y169.197 E158.31441
G1 X170.611 Y169.936 E158.35682
G1 X169.733 Y170.858 E158.39916
G1 X169.044 Y171.93 E158.44155
G1 X168.57 Y173.112 E158.48391
G1 X168.329 Y174.363 E158.52628
G1 X168.329 Y175.637 E158.56865
G1 X168.57 Y176.888 E158.61103
G1 X169.044 Y178.07 E158.65338
G1 X169.733 Y179.142 E158.69577
G1 X170.611 Y180.064 E158.73811
G1 X171.65 Y180.803 E158.78052
G1 X172.808 Y181.333 E158.82288
G1 X174.046 Y181.633 E158.86525
G1 X175.319 Y181.694 E158.90763
G0 F9000 X175.625 Y181.77
G1 F600 X174.375 Y181.77 E158.94921
G1 X173.134 Y181.538 E158.9912
G1 X171.971 Y181.087 E159.03269
G1 X170.905 Y180.427 E159.07439
G1 X169.977 Y179.581 E159.11616
G1 X169.217 Y178.576 E159.15806
G1 X168.66 Y177.456 E159.19967
G1 X168.316 Y176.25 E159.24138
G1 X168.201 Y175 E159.28313
G1 X168.316 Y173.75 E159.32488
G1 X168.66 Y172.544 E159.36659
G1 X169.217 Y171.424 E159.4082
G1 X169.977 Y170.419 E159.4501
G1 X170.905 Y169.573 E159.49187
G1 X171.971 Y168.913 E159.53357
G1 X173.134 Y168.462 E159.57506
G1 X174.375 Y168.23 E159.61705
G1 X175.625 Y168.23 E159.65863
G1 X176.866 Y168.462 E159.70062
G1 X178.029 Y168.913 E159.7421
G1 X179.095 Y169.573 E159.7838
G1 X180.023 Y170.419 E159.82557
G1 X180.783 Y171.424 E159.86748
G1 X181.34 Y172.544 E159.90908
G1 X181.684 Y173.75 E159.95079
G1 X181.799 Y175 E159.99255
G1 X181.684 Y176.25 E160.0343
G1 X181.34 Y177.456 E160.07601
G1 X180.783 Y178.576 E160.11761
G1 X180.023 Y179.581 E160.15952
G1 X179.095 Y180.427 E160.20129
G1 X178.029 Y181.087 E160.24299
G1 X176.866 Y181.538 E160.28447
G1 X175.625 Y181.77 E160.32647
G0 F9000 X175.664 Y181.847
;MESH:NONMESH
G0 F300 X175.664 Y181.847 Z10.8
G0 F9000 X175.319 Y181.694
;TIME_ELAPSED:476.107692
;LAYER:53
;TYPE:WALL-OUTER
;MESH:diffuser_reactor.stl
G1 F600 X176.579 Y181.512 E160.36881
G1 X177.783 Y181.096 E160.41118
G1 X178.887 Y180.459 E160.45357
G1 X179.849 Y179.625 E160.49592
G1 X180.637 Y178.623 E160.53831
G1 X181.22 Y177.491 E160.58066
G1 X181.58 Y176.268 E160.62307
G1 X181.701 Y175 E160.66543
G1 X181.58 Y173.732 E160.7078
G1 X181.22 Y172.509 E160.7502
G1 X180.637 Y171.377 E160.79255
G1 X179.849 Y170.375 E160.83495
G1 X178.887 Y169.541 E160.8773
G1 X177.783 Y168.904 E160.91969
G1 X176.579 Y168.488 E160.96206
G1 X175.319 Y168.306 E161.0044
G1 X174.046 Y168.367 E161.04679
G1 X172.808 Y168.667 E161.08916
G1 X171.65 Y169.197 E161.13151
G1 X170.611 Y169.936 E161.17392
G1 X169.733 Y170.858 E161.21627
G1 X169.044 Y171.93 E161.25865
G1 X168.57 Y173.112 E161.30101
G1 X168.329 Y174.363 E161.34338
G1 X168.329 Y175.637 E161.38575
G1 X168.57 Y176.888 E161.42813
G1 X169.044 Y178.07 E161.47048
G1 X169.733 Y179.142 E161.51287
G1 X170.611 Y180.064 E161.55521
G1 X171.65 Y180.803 E161.59762
G1 X172.808 Y181.333 E161.63998
G1 X174.046 Y181.633 E161.68235
G1 X175.319 Y181.694 E161.72474
G0 F9000 X175.625 Y181.77
G1 F600 X174.375 Y181.77 E161.76631
G1 X173.134 Y181.538 E161.8083
G1 X171.971 Y181.087 E161.84979
G1 X170.905 Y180.427 E161.89149
G1 X169.977 Y179.581 E161.93326
G1 X169.217 Y178.576 E161.97516
G1 X168.66 Y177.456 E162.01677
G1 X168.316 Y176.25 E162.05848
G1 X168.201 Y175 E162.10023
G1 X168.316 Y173.75 E162.14198
G1 X168.66 Y172.544 E162.18369
G1 X169.217 Y171.424 E162.2253
G1 X169.977 Y170.419 E162.26721
G1 X170.905 Y169.573 E162.30897
G1 X171.971 Y168.913 E162.35067
G1 X173.134 Y168.462 E162.39216
G1 X174.375 Y168.23 E162.43415
G1 X175.625 Y168.23 E162.47573
G1 X176.866 Y168.462 E162.51772
G1 X178.029 Y168.913 E162.55921
G1 X179.095 Y169.573 E162.60091
G1 X180.023 Y170.419 E162.64267
G1 X180.783 Y171.424 E162.68458
G1 X181.34 Y172.544 E162.72618
G1 X181.684 Y173.75 E162.7679
G1 X181.799 Y175 E162.80965
G1 X181.684 Y176.25 E162.8514
G1 X181.34 Y177.456 E162.89311
G1 X180.783 Y178.576 E162.93471
G1 X180.023 Y179.581 E162.97662
G1 X179.095 Y180.427 E163.01839
G1 X178.029 Y181.087 E163.06009
G1 X176.866 Y181.538 E163.10158
G1 X175.625 Y181.77 E163.14357
G0 F9000 X175.664 Y181.847
;MESH:NONMESH
G0 F300 X175.664 Y181.847 Z11
G0 F9000 X175.319 Y181.694
;TIME_ELAPSED:484.751690
;LAYER:54
;TYPE:WALL-OUTER
;MESH:diffuser_reactor.stl
G1 F600 X176.579 Y181.512 E163.18591
G1 X177.783 Y181.096 E163.22828
G1 X178.887 Y180.459 E163.27067
G1 X179.849 Y179.625 E163.31302
G1 X180.637 Y178.623 E163.35542
G1 X181.22 Y177.491 E163.39777
G1 X181.58 Y176.268 E163.44017
G1 X181.701 Y175 E163.48253
G1 X181.58 Y173.732 E163.5249
G1 X181.22 Y172.509 E163.5673
G1 X180.637 Y171.377 E163.60965
G1 X179.849 Y170.375 E163.65205
G1 X178.887 Y169.541 E163.6944
G1 X177.783 Y168.904 E163.73679
G1 X176.579 Y168.488 E163.77916
G1 X175.319 Y168.306 E163.8215
G1 X174.046 Y168.367 E163.86389
G1 X172.808 Y168.667 E163.90626
G1 X171.65 Y169.197 E163.94861
G1 X170.611 Y169.936 E163.99102
G1 X169.733 Y170.858 E164.03337
G1 X169.044 Y171.93 E164.07575
G1 X168.57 Y173.112 E164.11811
G1 X168.329 Y174.363 E164.16048
G1 X168.329 Y175.637 E164.20286
G1 X168.57 Y176.888 E164.24523
G1 X169.044 Y178.07 E164.28759
G1 X169.733 Y179.142 E164.32997
G1 X170.611 Y180.064 E164.37232
G1 X171.65 Y180.803 E164.41472
G1 X172.808 Y181.333 E164.45708
G1 X174.046 Y181.633 E164.49945
G1 X175.319 Y181.694 E164.54184
G0 F9000 X175.625 Y181.77
G1 F600 X174.375 Y181.77 E164.58341
G1 X173.134 Y181.538 E164.6254
G1 X171.971 Y181.087 E164.66689
G1 X170.905 Y180.427 E164.70859
G1 X169.977 Y179.581 E164.75036
G1 X169.217 Y178.576 E164.79227
G1 X168.66 Y177.456 E164.83387
G1 X168.316 Y176.25 E164.87558
G1 X168.201 Y175 E164.91733
G1 X168.316 Y173.75 E164.95908
G1 X168.66 Y172.544 E165.00079
G1 X169.217 Y171.424 E165.0424
G1 X169.977 Y170.419 E165.08431
G1 X170.905 Y169.573 E165.12607
G1 X171.971 Y168.913 E165.16777
G1 X173.134 Y168.462 E165.20926
G1 X174.375 Y168.23 E165.25125
G1 X175.625 Y168.23 E165.29283
G1 X176.866 Y168.462 E165.33482
G1 X178.029 Y168.913 E165.37631
G1 X179.095 Y169.573 E165.41801
G1 X180.023 Y170.419 E165.45977
G1 X180.783 Y171.424 E165.50168
G1 X181.34 Y172.544 E165.54329
G1 X181.684 Y173.75 E165.585
G1 X181.799 Y175 E165.62675
G1 X181.684 Y176.25 E165.6685
G1 X181.34 Y177.456 E165.71021
G1 X180.783 Y178.576 E165.75181
G1 X180.023 Y179.581 E165.79372
G1 X179.095 Y180.427 E165.83549
G1 X178.029 Y181.087 E165.87719
G1 X176.866 Y181.538 E165.91868
G1 X175.625 Y181.77 E165.96067
G0 F9000 X175.664 Y181.847
;MESH:NONMESH
G0 F300 X175.664 Y181.847 Z11.2
G0 F9000 X175.319 Y181.694
;TIME_ELAPSED:493.395688
;LAYER:55
;TYPE:WALL-OUTER
;MESH:diffuser_reactor.stl
G1 F600 X176.579 Y181.512 E166.00301
G1 X177.783 Y181.096 E166.04538
G1 X178.887 Y180.459 E166.08777
G1 X179.849 Y179.625 E166.13012
G1 X180.637 Y178.623 E166.17252
G1 X181.22 Y177.491 E166.21487
G1 X181.58 Y176.268 E166.25727
G1 X181.701 Y175 E166.29964
G1 X181.58 Y173.732 E166.342
G1 X181.22 Y172.509 E166.3844
G1 X180.637 Y171.377 E166.42675
G1 X179.849 Y170.375 E166.46915
G1 X178.887 Y169.541 E166.5115
G1 X177.783 Y168.904 E166.55389
G1 X176.579 Y168.488 E166.59626
G1 X175.319 Y168.306 E166.6386
G1 X174.046 Y168.367 E166.68099
G1 X172.808 Y168.667 E166.72336
G1 X171.65 Y169.197 E166.76572
G1 X170.611 Y169.936 E166.80812
G1 X169.733 Y170.858 E166.85047
G1 X169.044 Y171.93 E166.89285
G1 X168.57 Y173.112 E166.93521
G1 X168.329 Y174.363 E166.97758
G1 X168.329 Y175.637 E167.01996
G1 X168.57 Y176.888 E167.06233
G1 X169.044 Y178.07 E167.10469
G1 X169.733 Y179.142 E167.14707
G1 X170.611 Y180.064 E167.18942
G1 X171.65 Y180.803 E167.23182
G1 X172.808 Y181.333 E167.27418
G1 X174.046 Y181.633 E167.31655
G1 X175.319 Y181.694 E167.35894
G0 F9000 X175.625 Y181.77
G1 F600 X174.375 Y181.77 E167.40051
G1 X173.134 Y181.538 E167.4425
G1 X171.971 Y181.087 E167.48399
G1 X170.905 Y180.427 E167.52569
G1 X169.977 Y179.581 E167.56746
G1 X169.217 Y178.576 E167.60937
G1 X168.66 Y177.456 E167.65097
G1 X168.316 Y176.25 E167.69268
G1 X168.201 Y175 E167.73443
G1 X168.316 Y173.75 E167.77618
G1 X168.66 Y172.544 E167.8179
G1 X169.217 Y171.424 E167.8595
G1 X169.977 Y170.419 E167.90141
G1 X170.905 Y169.573 E167.94317
G1 X171.971 Y168.913 E167.98488
G1 X173.134 Y168.462 E168.02636
G1 X174.375 Y168.23 E168.06835
G1 X175.625 Y168.23 E168.10993
G1 X176.866 Y168.462 E168.15192
G1 X178.029 Y168.913 E168.19341
G1 X179.095 Y169.573 E168.23511
G1 X180.023 Y170.419 E168.27688
G1 X180.783 Y171.424 E168.31878
G1 X181.34 Y172.544 E168.36039
G1 X181.684 Y173.75 E168.4021
G1 X181.799 Y175 E168.44385
G1 X181.684 Y176.25 E168.4856
G1 X181.34 Y177.456 E168.52731
G1 X180.783 Y178.576 E168.56892
G1 X180.023 Y179.581 E168.61082
G1 X179.095 Y180.427 E168.65259
G1 X178.029 Y181.087 E168.69429
G1 X176.866 Y181.538 E168.73578
G1 X175.625 Y181.77 E168.77777
G0 F9000 X175.664 Y181.847
;MESH:NONMESH
G0 F300 X175.664 Y181.847 Z11.4
G0 F9000 X175.319 Y181.694
;TIME_ELAPSED:502.039686
;LAYER:56
;TYPE:WALL-OUTER
;MESH:diffuser_reactor.stl
G1 F600 X176.579 Y181.512 E168.82011
G1 X177.783 Y181.096 E168.86248
G1 X178.887 Y180.459 E168.90487
G1 X179.849 Y179.625 E168.94722
G1 X180.637 Y178.623 E168.98962
G1 X181.22 Y177.491 E169.03197
G1 X181.58 Y176.268 E169.07437
G1 X181.701 Y175 E169.11674
G1 X181.58 Y173.732 E169.1591
G1 X181.22 Y172.509 E169.20151
G1 X180.637 Y171.377 E169.24386
G1 X179.849 Y170.375 E169.28625
G1 X178.887 Y169.541 E169.3286
G1 X177.783 Y168.904 E169.37099
G1 X176.579 Y168.488 E169.41336
G1 X175.319 Y168.306 E169.4557
G1 X174.046 Y168.367 E169.49809
G1 X172.808 Y168.667 E169.54046
G1 X171.65 Y169.197 E169.58282
G1 X170.611 Y169.936 E169.62522
G1 X169.733 Y170.858 E169.66757
G1 X169.044 Y171.93 E169.70995
G1 X168.57 Y173.112 E169.75231
G1 X168.329 Y174.363 E169.79469
G1 X168.329 Y175.637 E169.83706
G1 X168.57 Y176.888 E169.87943
G1 X169.044 Y178.07 E169.92179
G1 X169.733 Y179.142 E169.96417
G1 X170.611 Y180.064 E170.00652
G1 X171.65 Y180.803 E170.04893
G1 X172.808 Y181.333 E170.09128
G1 X174.046 Y181.633 E170.13365
G1 X175.319 Y181.694 E170.17604
G0 F9000 X175.625 Y181.77
G1 F600 X174.375 Y181.77 E170.21762
G1 X173.134 Y181.538 E170.25961
G1 X171.971 Y181.087 E170.30109
G1 X170.905 Y180.427 E170.34279
G1 X169.977 Y179.581 E170.38456
G1 X169.217 Y178.576 E170.42647
G1 X168.66 Y177.456 E170.46807
G1 X168.316 Y176.25 E170.50978
G1 X168.201 Y175 E170.55154
G1 X168.316 Y173.75 E170.59329
G1 X168.66 Y172.544 E170.635
G1 X169.217 Y171.424 E170.6766
G1 X169.977 Y170.419 E170.71851
G1 X170.905 Y169.573 E170.76028
G1 X171.971 Y168.913 E170.80198
G1 X173.134 Y168.462 E170.84346
G1 X174.375 Y168.23 E170.88546
G1 X175.625 Y168.23 E170.92703
G1 X176.866 Y168.462 E170.96902
G1 X178.029 Y168.913 E171.01051
G1 X179.095 Y169.573 E171.05221
G1 X180.023 Y170.419 E171.09398
G1 X180.783 Y171.424 E171.13589
G1 X181.34 Y172.544 E171.17749
G1 X181.684 Y173.75 E171.2192
G1 X181.799 Y175 E171.26095
G1 X181.684 Y176.25 E171.3027
G1 X181.34 Y177.456 E171.34441
G1 X180.783 Y178.576 E171.38602
G1 X180.023 Y179.581 E171.42793
G1 X179.095 Y180.427 E171.46969
G1 X178.029 Y181.087 E171.51139
G1 X176.866 Y181.538 E171.55288
G1 X175.625 Y181.77 E171.59487
G0 F9000 X175.664 Y181.847
;MESH:NONMESH
G0 F300 X175.664 Y181.847 Z11.6
G0 F9000 X175.319 Y181.694
;TIME_ELAPSED:510.683684
;LAYER:57
;TYPE:WALL-OUTER
;MESH:diffuser_reactor.stl
G1 F600 X176.579 Y181.512 E171.63721
G1 X177.783 Y181.096 E171.67958
G1 X178.887 Y180.459 E171.72198
G1 X179.849 Y179.625 E171.76432
G1 X180.637 Y178.623 E171.80672
G1 X181.22 Y177.491 E171.84907
G1 X181.58 Y176.268 E171.89147
G1 X181.701 Y175 E171.93384
G1 X181.58 Y173.732 E171.9762
G1 X181.22 Y172.509 E172.01861
G1 X180.637 Y171.377 E172.06096
G1 X179.849 Y170.375 E172.10336
G1 X178.887 Y169.541 E172.1457
G1 X177.783 Y168.904 E172.18809
G1 X176.579 Y168.488 E172.23046
G1 X175.319 Y168.306 E172.27281
G1 X174.046 Y168.367 E172.31519
G1 X172.808 Y168.667 E172.35756
G1 X171.65 Y169.197 E172.39992
G1 X170.611 Y169.936 E172.44233
G1 X169.733 Y170.858 E172.48467
G1 X169.044 Y171.93 E172.52706
G1 X168.57 Y173.112 E172.56941
G1 X168.329 Y174.363 E172.61179
G1 X168.329 Y175.637 E172.65416
G1 X168.57 Y176.888 E172.69653
G1 X169.044 Y178.07 E172.73889
G1 X169.733 Y179.142 E172.78127
G1 X170.611 Y180.064 E172.82362
G1 X171.65 Y180.803 E172.86603
G1 X172.808 Y181.333 E172.90838
G1 X174.046 Y181.633 E172.95075
G1 X175.319 Y181.694 E172.99314
G0 F9000 X175.625 Y181.77
G1 F600 X174.375 Y181.77 E173.03472
G1 X173.134 Y181.538 E173.07671
G1 X171.971 Y181.087 E173.1182
G1 X170.905 Y180.427 E173.1599
G1 X169.977 Y179.581 E173.20166
G1 X169.217 Y178.576 E173.24357
G1 X168.66 Y177.456 E173.28517
G1 X168.316 Y176.25 E173.32689
G1 X168.201 Y175 E173.36864
G1 X168.316 Y173.75 E173.41039
G1 X168.66 Y172.544 E173.4521
G1 X169.217 Y171.424 E173.4937
G1 X169.977 Y170.419 E173.53561
G1 X170.905 Y169.573 E173.57738
G1 X171.971 Y168.913 E173.61908
G1 X173.134 Y168.462 E173.66057
G1 X174.375 Y168.23 E173.70256
G1 X175.625 Y168.23 E173.74413
G1 X176.866 Y168.462 E173.78612
G1 X178.029 Y168.913 E173.82761
G1 X179.095 Y169.573 E173.86931
G1 X180.023 Y170.419 E173.91108
G1 X180.783 Y171.424 E173.95299
G1 X181.34 Y172.544 E173.99459
G1 X181.684 Y173.75 E174.0363
G1 X181.799 Y175 E174.07805
G1 X181.684 Y176.25 E174.1198
G1 X181.34 Y177.456 E174.16152
G1 X180.783 Y178.576 E174.20312
G1 X180.023 Y179.581 E174.24503
G1 X179.095 Y180.427 E174.28679
G1 X178.029 Y181.087 E174.32849
G1 X176.866 Y181.538 E174.36998
G1 X175.625 Y181.77 E174.41197
G0 F9000 X175.664 Y181.847
;MESH:NONMESH
G0 F300 X175.664 Y181.847 Z11.8
G0 F9000 X175.319 Y181.694
;TIME_ELAPSED:519.327682
;LAYER:58
;TYPE:WALL-OUTER
;MESH:diffuser_reactor.stl
G1 F600 X176.579 Y181.512 E174.45432
G1 X177.783 Y181.096 E174.49668
G1 X178.887 Y180.459 E174.53908
G1 X179.849 Y179.625 E174.58142
G1 X180.637 Y178.623 E174.62382
G1 X181.22 Y177.491 E174.66617
G1 X181.58 Y176.268 E174.70857
G1 X181.701 Y175 E174.75094
G1 X181.58 Y173.732 E174.79331
G1 X181.22 Y172.509 E174.83571
G1 X180.637 Y171.377 E174.87806
G1 X179.849 Y170.375 E174.92046
G1 X178.887 Y169.541 E174.9628
G1 X177.783 Y168.904 E175.0052
G1 X176.579 Y168.488 E175.04756
G1 X175.319 Y168.306 E175.08991
G1 X174.046 Y168.367 E175.1323
G1 X172.808 Y168.667 E175.17466
G1 X171.65 Y169.197 E175.21702
G1 X170.611 Y169.936 E175.25943
G1 X169.733 Y170.858 E175.30177
G1 X169.044 Y171.93 E175.34416
G1 X168.57 Y173.112 E175.38651
G1 X168.329 Y174.363 E175.42889
G1 X168.329 Y175.637 E175.47126
G1 X168.57 Y176.888 E175.51363
G1 X169.044 Y178.07 E175.55599
G1 X169.733 Y179.142 E175.59838
G1 X170.611 Y180.064 E175.64072
G1 X171.65 Y180.803 E175.68313
G1 X172.808 Y181.333 E175.72549
G1 X174.046 Y181.633 E175.76785
G1 X175.319 Y181.694 E175.81024
G0 F9000 X175.625 Y181.77
G1 F600 X174.375 Y181.77 E175.85182
G1 X173.134 Y181.538 E175.89381
G1 X171.971 Y181.087 E175.9353
G1 X170.905 Y180.427 E175.977
G1 X169.977 Y179.581 E176.01876
G1 X169.217 Y178.576 E176.06067
G1 X168.66 Y177.456 E176.10228
G1 X168.316 Y176.25 E176.14399
G1 X168.201 Y175 E176.18574
G1 X168.316 Y173.75 E176.22749
G1 X168.66 Y172.544 E176.2692
G1 X169.217 Y171.424 E176.3108
G1 X169.977 Y170.419 E176.35271
G1 X170.905 Y169.573 E176.39448
G1 X171.971 Y168.913 E176.43618
G1 X173.134 Y168.462 E176.47767
G1 X174.375 Y168.23 E176.51966
G1 X175.625 Y168.23 E176.56123
G1 X176.866 Y168.462 E176.60322
G1 X178.029 Y168.913 E176.64471
G1 X179.095 Y169.573 E176.68641
G1 X180.023 Y170.419 E176.72818
G1 X180.783 Y171.424 E176.77009
G1 X181.34 Y172.544 E176.81169
G1 X181.684 Y173.75 E176.8534
G1 X181.799 Y175 E176.89515
G1 X181.684 Y176.25 E176.93691
G1 X181.34 Y177.456 E176.97862
G1 X180.783 Y178.576 E177.02022
G1 X180.023 Y179.581 E177.06213
G1 X179.095 Y180.427 E177.10389
G1 X178.029 Y181.087 E177.1456
G1 X176.866 Y181.538 E177.18708
G1 X175.625 Y181.77 E177.22907
G0 F9000 X175.664 Y181.847
;MESH:NONMESH
G0 F300 X175.664 Y181.847 Z12
G0 F9000 X175.319 Y181.694
;TIME_ELAPSED:527.971680
;LAYER:59
;TYPE:WALL-OUTER
;MESH:diffuser_reactor.stl
G1 F600 X176.579 Y181.512 E177.27142
G1 X177.783 Y181.096 E177.31379
G1 X178.887 Y180.459 E177.35618
G1 X179.849 Y179.625 E177.39853
G1 X180.637 Y178.623 E177.44092
G1 X181.22 Y177.491 E177.48327
G1 X181.58 Y176.268 E177.52568
G1 X181.701 Y175 E177.56804
G1 X181.58 Y173.732 E177.61041
G1 X181.22 Y172.509 E177.65281
G1 X180.637 Y171.377 E177.69516
G1 X179.849 Y170.375 E177.73756
G1 X178.887 Y169.541 E177.7799
G1 X177.783 Y168.904 E177.8223
G1 X176.579 Y168.488 E177.86467
G1 X175.319 Y168.306 E177.90701
G1 X174.046 Y168.367 E177.9494
G1 X172.808 Y168.667 E177.99176
G1 X171.65 Y169.197 E178.03412
G1 X170.611 Y169.936 E178.07653
G1 X169.733 Y170.858 E178.11888
G1 X169.044 Y171.93 E178.16126
G1 X168.57 Y173.112 E178.20362
G1 X168.329 Y174.363 E178.24599
G1 X168.329 Y175.637 E178.28836
G1 X168.57 Y176.888 E178.33074
G1 X169.044 Y178.07 E178.37309
G1 X169.733 Y179.142 E178.41548
G1 X170.611 Y180.064 E178.45782
G1 X171.65 Y180.803 E178.50023
G1 X172.808 Y181.333 E178.54259
G1 X174.046 Y181.633 E178.58496
G1 X175.319 Y181.694 E178.62734
G0 F9000 X175.625 Y181.77
G1 F600 X174.375 Y181.77 E178.66892
G1 X173.134 Y181.538 E178.71091
G1 X171.971 Y181.087 E178.7524
G1 X170.905 Y180.427 E178.7941
G1 X169.977 Y179.581 E178.83587
G1 X169.217 Y178.576 E178.87777
G1 X168.66 Y177.456 E178.91938
G1 X168.316 Y176.25 E178.96109
G1 X168.201 Y175 E179.00284
G1 X168.316 Y173.75 E179.04459
G1 X168.66 Y172.544 E179.0863
G1 X169.217 Y171.424 E179.12791
G1 X169.977 Y170.419 E179.16981
G1 X170.905 Y169.573 E179.21158
G1 X171.971 Y168.913 E179.25328
G1 X173.134 Y168.462 E179.29477
G1 X174.375 Y168.23 E179.33676
G1 X175.625 Y168.23 E179.37834
G1 X176.866 Y168.462 E179.42033
G1 X178.029 Y168.913 E179.46181
G1 X179.095 Y169.573 E179.50352
G1 X180.023 Y170.419 E179.54528
G1 X180.783 Y171.424 E179.58719
G1 X181.34 Y172.544 E179.62879
G1 X181.684 Y173.75 E179.67051
G1 X181.799 Y175 E179.71226
G1 X181.684 Y176.25 E179.75401
G1 X181.34 Y177.456 E179.79572
G1 X180.783 Y178.576 E179.83732
G1 X180.023 Y179.581 E179.87923
G1 X179.095 Y180.427 E179.921
G1 X178.029 Y181.087 E179.9627
G1 X176.866 Y181.538 E180.00419
G1 X175.625 Y181.77 E180.04618
G0 F9000 X175.664 Y181.847
;MESH:NONMESH
G0 F300 X175.664 Y181.847 Z12.2
G0 F9000 X175.319 Y181.694
;TIME_ELAPSED:536.615678
;LAYER:60
;TYPE:WALL-OUTER
;MESH:diffuser_reactor.stl
G1 F600 X176.579 Y181.512 E180.08852
G1 X177.783 Y181.096 E180.13089
G1 X178.887 Y180.459 E180.17328
G1 X179.849 Y179.625 E180.21563
G1 X180.637 Y178.623 E180.25802
G1 X181.22 Y177.491 E180.30037
G1 X181.58 Y176.268 E180.34278
G1 X181.701 Y175 E180.38514
G1 X181.58 Y173.732 E180.42751
G1 X181.22 Y172.509 E180.46991
G1 X180.637 Y171.377 E180.51226
G1 X179.849 Y170.375 E180.55466
G1 X178.887 Y169.541 E180.59701
G1 X177.783 Y168.904 E180.6394
G1 X176.579 Y168.488 E180.68177
G1 X175.319 Y168.306 E180.72411
G1 X174.046 Y168.367 E180.7665
G1 X172.808 Y168.667 E180.80887
G1 X171.65 Y169.197 E180.85122
G1 X170.611 Y169.936 E180.89363
G1 X169.733 Y170.858 E180.93598
G1 X169.044 Y171.93 E180.97836
G1 X168.57 Y173.112 E181.02072
G1 X168.329 Y174.363 E181.06309
G1 X168.329 Y175.637 E181.10546
G1 X168.57 Y176.888 E181.14784
G1 X169.044 Y178.07 E181.19019
G1 X169.733 Y179.142 E181.23258
G1 X170.611 Y180.064 E181.27492
G1 X171.65 Y180.803 E181.31733
G1 X172.808 Y181.333 E181.35969
G1 X174.046 Y181.633 E181.40206
G1 X175.319 Y181.694 E181.44445
G0 F9000 X175.625 Y181.77
G1 F600 X174.375 Y181.77 E181.48602
G1 X173.134 Y181.538 E181.52801
G1 X171.971 Y181.087 E181.5695
G1 X170.905 Y180.427 E181.6112
G1 X169.977 Y179.581 E181.65297
G1 X169.217 Y178.576 E181.69488
G1 X168.66 Y177.456 E181.73648
G1 X168.316 Y176.25 E181.77819
G1 X168.201 Y175 E181.81994
G1 X168.316 Y173.75 E181.86169
G1 X168.66 Y172.544 E181.9034
G1 X169.217 Y171.424 E181.94501
G1 X169.977 Y170.419 E181.98692
G1 X170.905 Y169.573 E182.02868
G1 X171.971 Y168.913 E182.07038
G1 X173.134 Y168.462 E182.11187
G1 X174.375 Y168.23 E182.15386
G1 X175.625 Y168.23 E182.19544
G1 X176.866 Y168.462 E182.23743
G1 X178.029 Y168.913 E182.27892
G1 X179.095 Y169.573 E182.32062
G1 X180.023 Y170.419 E182.36238
G1 X180.783 Y171.424 E182.40429
G1 X181.34 Y172.544 E182.44589
G1 X181.684 Y173.75 E182.48761
G1 X181.799 Y175 E182.52936
G1 X181.684 Y176.25 E182.57111
G1 X181.34 Y177.456 E182.61282
G1 X180.783 Y178.576 E182.65442
G1 X180.023 Y179.581 E182.69633
G1 X179.095 Y180.427 E182.7381
G1 X178.029 Y181.087 E182.7798
G1 X176.866 Y181.538 E182.82129
G1 X175.625 Y181.77 E182.86328
G0 F9000 X175.664 Y181.847
;MESH:NONMESH
G0 F300 X175.664 Y181.847 Z12.4
G0 F9000 X175.319 Y181.694
;TIME_ELAPSED:545.259676
;LAYER:61
;TYPE:WALL-OUTER
;MESH:diffuser_reactor.stl
G1 F600 X176.579 Y181.512 E182.90562
G1 X177.783 Y181.096 E182.94799
G1 X178.887 Y180.459 E182.99038
G1 X179.849 Y179.625 E183.03273
G1 X180.637 Y178.623 E183.07513
G1 X181.22 Y177.491 E183.11748
G1 X181.58 Y176.268 E183.15988
G1 X181.701 Y175 E183.20224
G1 X181.58 Y173.732 E183.24461
G1 X181.22 Y172.509 E183.28701
G1 X180.637 Y171.377 E183.32936
G1 X179.849 Y170.375 E183.37176
G1 X178.887 Y169.541 E183.41411
G1 X177.783 Y168.904 E183.4565
G1 X176.579 Y168.488 E183.49887
G1 X175.319 Y168.306 E183.54121
G1 X174.046 Y168.367 E183.5836
G1 X172.808 Y168.667 E183.62597
G1 X171.65 Y169.197 E183.66833
G1 X170.611 Y169.936 E183.71073
G1 X169.733 Y170.858 E183.75308
G1 X169.044 Y171.93 E183.79546
G1 X168.57 Y173.112 E183.83782
G1 X168.329 Y174.363 E183.88019
G1 X168.329 Y175.637 E183.92257
G1 X168.57 Y176.888 E183.96494
G1 X169.044 Y178.07 E184.0073
G1 X169.733 Y179.142 E184.04968
G1 X170.611 Y180.064 E184.09203
G1 X171.65 Y180.803 E184.13443
G1 X172.808 Y181.333 E184.17679
G1 X174.046 Y181.633 E184.21916
G1 X175.319 Y181.694 E184.26155
G0 F9000 X175.625 Y181.77
G1 F600 X174.375 Y181.77 E184.30312
G1 X173.134 Y181.538 E184.34511
G1 X171.971 Y181.087 E184.3866
G1 X170.905 Y180.427 E184.4283
G1 X169.977 Y179.581 E184.47007
G1 X169.217 Y178.576 E184.51198
G1 X168.66 Y177.456 E184.55358
G1 X168.316 Y176.25 E184.59529
G1 X168.201 Y175 E184.63704
G1 X168.316 Y173.75 E184.67879
G1 X168.66 Y172.544 E184.72051
G1 X169.217 Y171.424 E184.76211
G1 X169.977 Y170.419 E184.80402
G1 X170.905 Y169.573 E184.84578
G1 X171.971 Y168.913 E184.88748
G1 X173.134 Y168.462 E184.92897
G1 X174.375 Y168.23 E184.97096
G1 X175.625 Y168.23 E185.01254
G1 X176.866 Y168.462 E185.05453
G1 X178.029 Y168.913 E185.09602
G1 X179.095 Y169.573 E185.13772
G1 X180.023 Y170.419 E185.17948
G1 X180.783 Y171.424 E185.22139
G1 X181.34 Y172.544 E185.263
G1 X181.684 Y173.75 E185.30471
G1 X181.799 Y175 E185.34646
G1 X181.684 Y176.25 E185.38821
G1 X181.34 Y177.456 E185.42992
G1 X180.783 Y178.576 E185.47152
G1 X180.023 Y179.581 E185.51343
G1 X179.095 Y180.427 E185.5552
G1 X178.029 Y181.087 E185.5969
G1 X176.866 Y181.538 E185.63839
G1 X175.625 Y181.77 E185.68038
G0 F9000 X175.664 Y181.847
;MESH:NONMESH
G0 F300 X175.664 Y181.847 Z12.6
G0 F9000 X175.319 Y181.694
;TIME_ELAPSED:553.903674
;LAYER:62
;TYPE:WALL-OUTER
;MESH:diffuser_reactor.stl
G1 F600 X176.579 Y181.512 E185.72272
G1 X177.783 Y181.096 E185.76509
G1 X178.887 Y180.459 E185.80748
G1 X179.849 Y179.625 E185.84983
G1 X180.637 Y178.623 E185.89223
G1 X181.22 Y177.491 E185.93458
G1 X181.58 Y176.268 E185.97698
G1 X181.701 Y175 E186.01935
G1 X181.58 Y173.732 E186.06171
G1 X181.22 Y172.509 E186.10411
G1 X180.637 Y171.377 E186.14646
G1 X179.849 Y170.375 E186.18886
G1 X178.887 Y169.541 E186.23121
G1 X177.783 Y168.904 E186.2736
G1 X176.579 Y168.488 E186.31597
G1 X175.319 Y168.306 E186.35831
G1 X174.046 Y168.367 E186.4007
G1 X172.808 Y168.667 E186.44307
G1 X171.65 Y169.197 E186.48543
G1 X170.611 Y169.936 E186.52783
G1 X169.733 Y170.858 E186.57018
G1 X169.044 Y171.93 E186.61256
G1 X168.57 Y173.112 E186.65492
G1 X168.329 Y174.363 E186.69729
G1 X168.329 Y175.637 E186.73967
G1 X168.57 Y176.888 E186.78204
G1 X169.044 Y178.07 E186.8244
G1 X169.733 Y179.142 E186.86678
G1 X170.611 Y180.064 E186.90913
G1 X171.65 Y180.803 E186.95153
G1 X172.808 Y181.333 E186.99389
G1 X174.046 Y181.633 E187.03626
G1 X175.319 Y181.694 E187.07865
G0 F9000 X175.625 Y181.77
G1 F600 X174.375 Y181.77 E187.12022
G1 X173.134 Y181.538 E187.16221
G1 X171.971 Y181.087 E187.2037
G1 X170.905 Y180.427 E187.2454
G1 X169.977 Y179.581 E187.28717
G1 X169.217 Y178.576 E187.32908
G1 X168.66 Y177.456 E187.37068
G1 X168.316 Y176.25 E187.41239
G1 X168.201 Y175 E187.45414
G1 X168.316 Y173.75 E187.4959
G1 X168.66 Y172.544 E187.53761
G1 X169.217 Y171.424 E187.57921
G1 X169.977 Y170.419 E187.62112
G1 X170.905 Y169.573 E187.66288
G1 X171.971 Y168.913 E187.70459
G1 X173.134 Y168.462 E187.74607
G1 X174.375 Y168.23 E187.78806
G1 X175.625 Y168.23 E187.82964
G1 X176.866 Y168.462 E187.87163
G1 X178.029 Y168.913 E187.91312
G1 X179.095 Y169.573 E187.95482
G1 X180.023 Y170.419 E187.99659
G1 X180.783 Y171.424 E188.03849
G1 X181.34 Y172.544 E188.0801
G1 X181.684 Y173.75 E188.12181
G1 X181.799 Y175 E188.16356
G1 X181.684 Y176.25 E188.20531
G1 X181.34 Y177.456 E188.24702
G1 X180.783 Y178.576 E188.28863
G1 X180.023 Y179.581 E188.33053
G1 X179.095 Y180.427 E188.3723
G1 X178.029 Y181.087 E188.414
G1 X176.866 Y181.538 E188.45549
G1 X175.625 Y181.77 E188.49748
G0 F9000 X175.664 Y181.847
;MESH:NONMESH
G0 F300 X175.664 Y181.847 Z12.8
G0 F9000 X175.319 Y181.694
;TIME_ELAPSED:562.547672
;LAYER:63
;TYPE:WALL-OUTER
;MESH:diffuser_reactor.stl
G1 F600 X176.579 Y181.512 E188.53982
G1 X177.783 Y181.096 E188.58219
G1 X178.887 Y180.459 E188.62458
G1 X179.849 Y179.625 E188.66693
G1 X180.637 Y178.623 E188.70933
G1 X181.22 Y177.491 E188.75168
G1 X181.58 Y176.268 E188.79408
G1 X181.701 Y175 E188.83645
G1 X181.58 Y173.732 E188.87881
G1 X181.22 Y172.509 E188.92122
G1 X180.637 Y171.377 E188.96357
G1 X179.849 Y170.375 E189.00596
G1 X178.887 Y169.541 E189.04831
G1 X177.783 Y168.904 E189.0907
G1 X176.579 Y168.488 E189.13307
G1 X175.319 Y168.306 E189.17541
G1 X174.046 Y168.367 E189.2178
G1 X172.808 Y168.667 E189.26017
G1 X171.65 Y169.197 E189.30253
G1 X170.611 Y169.936 E189.34494
G1 X169.733 Y170.858 E189.38728
G1 X169.044 Y171.93 E189.42967
G1 X168.57 Y173.112 E189.47202
G1 X168.329 Y174.363 E189.5144
G1 X168.329 Y175.637 E189.55677
G1 X168.57 Y176.888 E189.59914
G1 X169.044 Y178.07 E189.6415
G1 X169.733 Y179.142 E189.68388
G1 X170.611 Y180.064 E189.72623
G1 X171.65 Y180.803 E189.76864
G1 X172.808 Y181.333 E189.81099
G1 X174.046 Y181.633 E189.85336
G1 X175.319 Y181.694 E189.89575
G0 F9000 X175.625 Y181.77
G1 F600 X174.375 Y181.77 E189.93733
G1 X173.134 Y181.538 E189.97932
G1 X171.971 Y181.087 E190.0208
G1 X170.905 Y180.427 E190.06251
G1 X169.977 Y179.581 E190.10427
G1 X169.217 Y178.576 E190.14618
G1 X168.66 Y177.456 E190.18778
G1 X168.316 Y176.25 E190.2295
G1 X168.201 Y175 E190.27125
G1 X168.316 Y173.75 E190.313
G1 X168.66 Y172.544 E190.35471
G1 X169.217 Y171.424 E190.39631
G1 X169.977 Y170.419 E190.43822
G1 X170.905 Y169.573 E190.47999
G1 X171.971 Y168.913 E190.52169
G1 X173.134 Y168.462 E190.56318
G1 X174.375 Y168.23 E190.60517
G1 X175.625 Y168.23 E190.64674
G1 X176.866 Y168.462 E190.68873
G1 X178.029 Y168.913 E190.73022
G1 X179.095 Y169.573 E190.77192
G1 X180.023 Y170.419 E190.81369
G1 X180.783 Y171.424 E190.8556
G1 X181.34 Y172.544 E190.8972
G1 X181.684 Y173.75 E190.93891
G1 X181.799 Y175 E190.98066
G1 X181.684 Y176.25 E191.02241
G1 X181.34 Y177.456 E191.06412
G1 X180.783 Y178.576 E191.10573
G1 X180.023 Y179.581 E191.14764
G1 X179.095 Y180.427 E191.1894
G1 X178.029 Y181.087 E191.2311
G1 X176.866 Y181.538 E191.27259
G1 X175.625 Y181.77 E191.31458
G0 F9000 X175.664 Y181.847
;MESH:NONMESH
G0 F300 X175.664 Y181.847 Z13
G0 F9000 X175.319 Y181.694
;TIME_ELAPSED:571.191670
;LAYER:64
;TYPE:WALL-OUTER
;MESH:diffuser_reactor.stl
G1 F600 X176.579 Y181.512 E191.35692
G1 X177.783 Y181.096 E191.39929
G1 X178.887 Y180.459 E191.44169
G1 X179.849 Y179.625 E191.48403
G1 X180.637 Y178.623 E191.52643
G1 X181.22 Y177.491 E191.56878
G1 X181.58 Y176.268 E191.61118
G1 X181.701 Y175 E191.65355
G1 X181.58 Y173.732 E191.69591
G1 X181.22 Y172.509 E191.73832
G1 X180.637 Y171.377 E191.78067
G1 X179.849 Y170.375 E191.82307
G1 X178.887 Y169.541 E191.86541
G1 X177.783 Y168.904 E191.9078
G1 X176.579 Y168.488 E191.95017
G1 X175.319 Y168.306 E191.99252
G1 X174.046 Y168.367 E192.0349
G1 X172.808 Y168.667 E192.07727
G1 X171.65 Y169.197 E192.11963
G1 X170.611 Y169.936 E192.16204
G1 X169.733 Y170.858 E192.20438
G1 X169.044 Y171.93 E192.24677
G1 X168.57 Y173.112 E192.28912
G1 X168.329 Y174.363 E192.3315
G1 X168.329 Y175.637 E192.37387
G1 X168.57 Y176.888 E192.41624
G1 X169.044 Y178.07 E192.4586
G1 X169.733 Y179.142 E192.50098
G1 X170.611 Y180.064 E192.54333
G1 X171.65 Y180.803 E192.58574
G1 X172.808 Y181.333 E192.6281
G1 X174.046 Y181.633 E192.67046
G1 X175.319 Y181.694 E192.71285
G0 F9000 X175.625 Y181.77
G1 F600 X174.375 Y181.77 E192.75443
G1 X173.134 Y181.538 E192.79642
G1 X171.971 Y181.087 E192.83791
G1 X170.905 Y180.427 E192.87961
G1 X169.977 Y179.581 E192.92137
G1 X169.217 Y178.576 E192.96328
G1 X168.66 Y177.456 E193.00488
G1 X168.316 Y176.25 E193.0466
G1 X168.201 Y175 E193.08835
G1 X168.316 Y173.75 E193.1301
G1 X168.66 Y172.544 E193.17181
G1 X169.217 Y171.424 E193.21341
G1 X169.977 Y170.419 E193.25532
G1 X170.905 Y169.573 E193.29709
G1 X171.971 Y168.913 E193.33879
G1 X173.134 Y168.462 E193.38028
G1 X174.375 Y168.23 E193.42227
G1 X175.625 Y168.23 E193.46384
G1 X176.866 Y168.462 E193.50583
G1 X178.029 Y168.913 E193.54732
G1 X179.095 Y169.573 E193.58902
G1 X180.023 Y170.419 E193.63079
G1 X180.783 Y171.424 E193.6727
G1 X181.34 Y172.544 E193.7143
G1 X181.684 Y173.75 E193.75601
G1 X181.799 Y175 E193.79776
G1 X181.684 Y176.25 E193.83951
G1 X181.34 Y177.456 E193.88123
G1 X180.783 Y178.576 E193.92283
G1 X180.023 Y179.581 E193.96474
G1 X179.095 Y180.427 E194.0065
G1 X178.029 Y181.087 E194.0482
G1 X176.866 Y181.538 E194.08969
G1 X175.625 Y181.77 E194.13168
G0 F9000 X175.664 Y181.847
;MESH:NONMESH
G0 F300 X175.664 Y181.847 Z13.2
G0 F9000 X175.319 Y181.694
;TIME_ELAPSED:579.835668
;LAYER:65
;TYPE:WALL-OUTER
;MESH:diffuser_reactor.stl
G1 F600 X176.579 Y181.512 E194.17403
G1 X177.783 Y181.096 E194.21639
G1 X178.887 Y180.459 E194.25879
G1 X179.849 Y179.625 E194.30113
G1 X180.637 Y178.623 E194.34353
G1 X181.22 Y177.491 E194.38588
G1 X181.58 Y176.268 E194.42828
G1 X181.701 Y175 E194.47065
G1 X181.58 Y173.732 E194.51302
G1 X181.22 Y172.509 E194.55542
G1 X180.637 Y171.377 E194.59777
G1 X179.849 Y170.375 E194.64017
G1 X178.887 Y169.541 E194.68251
G1 X177.783 Y168.904 E194.72491
G1 X176.579 Y168.488 E194.76727
G1 X175.319 Y168.306 E194.80962
G1 X174.046 Y168.367 E194.85201
G1 X172.808 Y168.667 E194.89437
G1 X171.65 Y169.197 E194.93673
G1 X170.611 Y169.936 E194.97914
G1 X169.733 Y170.858 E195.02148
G1 X169.044 Y171.93 E195.06387
G1 X168.57 Y173.112 E195.10622
G1 X168.329 Y174.363 E195.1486
G1 X168.329 Y175.637 E195.19097
G1 X168.57 Y176.888 E195.23335
G1 X169.044 Y178.07 E195.2757
G1 X169.733 Y179.142 E195.31809
G1 X170.611 Y180.064 E195.36043
G1 X171.65 Y180.803 E195.40284
G1 X172.808 Y181.333 E195.4452
G1 X174.046 Y181.633 E195.48756
G1 X175.319 Y181.694 E195.52995
G0 F9000 X175.625 Y181.77
G1 F600 X174.375 Y181.77 E195.57153
G1 X173.134 Y181.538 E195.61352
G1 X171.971 Y181.087 E195.65501
G1 X170.905 Y180.427 E195.69671
G1 X169.977 Y179.581 E195.73847
G1 X169.217 Y178.576 E195.78038
G1 X168.66 Y177.456 E195.82199
G1 X168.316 Y176.25 E195.8637
G1 X168.201 Y175 E195.90545
G1 X168.316 Y173.75 E195.9472
G1 X168.66 Y172.544 E195.98891
G1 X169.217 Y171.424 E196.03051
G1 X169.977 Y170.419 E196.07242
G1 X170.905 Y169.573 E196.11419
G1 X171.971 Y168.913 E196.15589
G1 X173.134 Y168.462 E196.19738
G1 X174.375 Y168.23 E196.23937
G1 X175.625 Y168.23 E196.28094
G1 X176.866 Y168.462 E196.32294
G1 X178.029 Y168.913 E196.36442
G1 X179.095 Y169.573 E196.40612
G1 X180.023 Y170.419 E196.44789
G1 X180.783 Y171.424 E196.4898
G1 X181.34 Y172.544 E196.5314
G1 X181.684 Y173.75 E196.57311
G1 X181.799 Y175 E196.61486
G1 X181.684 Y176.25 E196.65662
G1 X181.34 Y177.456 E196.69833
G1 X180.783 Y178.576 E196.73993
G1 X180.023 Y179.581 E196.78184
G1 X179.095 Y180.427 E196.82361
G1 X178.029 Y181.087 E196.86531
G1 X176.866 Y181.538 E196.90679
G1 X175.625 Y181.77 E196.94879
G0 F9000 X175.664 Y181.847
;MESH:NONMESH
G0 F300 X175.664 Y181.847 Z13.4
G0 F9000 X175.319 Y181.694
;TIME_ELAPSED:588.479666
;LAYER:66
;TYPE:WALL-OUTER
;MESH:diffuser_reactor.stl
G1 F600 X176.579 Y181.512 E196.99113
G1 X177.783 Y181.096 E197.0335
G1 X178.887 Y180.459 E197.07589
G1 X179.849 Y179.625 E197.11824
G1 X180.637 Y178.623 E197.16063
G1 X181.22 Y177.491 E197.20298
G1 X181.58 Y176.268 E197.24539
G1 X181.701 Y175 E197.28775
G1 X181.58 Y173.732 E197.33012
G1 X181.22 Y172.509 E197.37252
G1 X180.637 Y171.377 E197.41487
G1 X179.849 Y170.375 E197.45727
G1 X178.887 Y169.541 E197.49961
G1 X177.783 Y168.904 E197.54201
G1 X176.579 Y168.488 E197.58438
G1 X175.319 Y168.306 E197.62672
G1 X174.046 Y168.367 E197.66911
G1 X172.808 Y168.667 E197.71148
G1 X171.65 Y169.197 E197.75383
G1 X170.611 Y169.936 E197.79624
G1 X169.733 Y170.858 E197.83859
G1 X169.044 Y171.93 E197.88097
G1 X168.57 Y173.112 E197.92333
G1 X168.329 Y174.363 E197.9657
G1 X168.329 Y175.637 E198.00807
G1 X168.57 Y176.888 E198.05045
G1 X169.044 Y178.07 E198.0928
G1 X169.733 Y179.142 E198.13519
G1 X170.611 Y180.064 E198.17753
G1 X171.65 Y180.803 E198.21994
G1 X172.808 Y181.333 E198.2623
G1 X174.046 Y181.633 E198.30467
G1 X175.319 Y181.694 E198.34705
G0 F9000 X175.625 Y181.77
G1 F600 X174.375 Y181.77 E198.38863
G1 X173.134 Y181.538 E198.43062
G1 X171.971 Y181.087 E198.47211
G1 X170.905 Y180.427 E198.51381
G1 X169.977 Y179.581 E198.55558
G1 X169.217 Y178.576 E198.59748
G1 X168.66 Y177.456 E198.63909
G1 X168.316 Y176.25 E198.6808
G1 X168.201 Y175 E198.72255
G1 X168.316 Y173.75 E198.7643
G1 X168.66 Y172.544 E198.80601
G1 X169.217 Y171.424 E198.84762
G1 X169.977 Y170.419 E198.88952
G1 X170.905 Y169.573 E198.93129
G1 X171.971 Y168.913 E198.97299
G1 X173.134 Y168.462 E199.01448
G1 X174.375 Y168.23 E199.05647
G1 X175.625 Y168.23 E199.09805
G1 X176.866 Y168.462 E199.14004
G1 X178.029 Y168.913 E199.18152
G1 X179.095 Y169.573 E199.22323
G1 X180.023 Y170.419 E199.26499
G1 X180.783 Y171.424 E199.3069
G1 X181.34 Y172.544 E199.3485
G1 X181.684 Y173.75 E199.39022
G1 X181.799 Y175 E199.43197
G1 X181.684 Y176.25 E199.47372
G1 X181.34 Y177.456 E199.51543
G1 X180.783 Y178.576 E199.55703
G1 X180.023 Y179.581 E199.59894
G1 X179.095 Y180.427 E199.64071
G1 X178.029 Y181.087 E199.68241
G1 X176.866 Y181.538 E199.7239
G1 X175.625 Y181.77 E199.76589
G0 F9000 X175.664 Y181.847
;MESH:NONMESH
G0 F300 X175.664 Y181.847 Z13.6
G0 F9000 X175.319 Y181.694
;TIME_ELAPSED:597.123664
;LAYER:67
;TYPE:WALL-OUTER
;MESH:diffuser_reactor.stl
G1 F600 X176.579 Y181.512 E199.80823
G1 X177.783 Y181.096 E199.8506
G1 X178.887 Y180.459 E199.89299
G1 X179.849 Y179.625 E199.93534
G1 X180.637 Y178.623 E199.97773
G1 X181.22 Y177.491 E200.02009
G1 X181.58 Y176.268 E200.06249
G1 X181.701 Y175 E200.10485
G1 X181.58 Y173.732 E200.14722
G1 X181.22 Y172.509 E200.18962
G1 X180.637 Y171.377 E200.23197
G1 X179.849 Y170.375 E200.27437
G1 X178.887 Y169.541 E200.31672
G1 X177.783 Y168.904 E200.35911
G1 X176.579 Y168.488 E200.40148
G1 X175.319 Y168.306 E200.44382
G1 X174.046 Y168.367 E200.48621
G1 X172.808 Y168.667 E200.52858
G1 X171.65 Y169.197 E200.57093
G1 X170.611 Y169.936 E200.61334
G1 X169.733 Y170.858 E200.65569
G1 X169.044 Y171.93 E200.69807
G1 X168.57 Y173.112 E200.74043
G1 X168.329 Y174.363 E200.7828
G1 X168.329 Y175.637 E200.82517
G1 X168.57 Y176.888 E200.86755
G1 X169.044 Y178.07 E200.90991
G1 X169.733 Y179.142 E200.95229
G1 X170.611 Y180.064 E200.99464
G1 X171.65 Y180.803 E201.03704
G1 X172.808 Y181.333 E201.0794
G1 X174.046 Y181.633 E201.12177
G1 X175.319 Y181.694 E201.16416
G0 F9000 X175.625 Y181.77
G1 F600 X174.375 Y181.77 E201.20573
G1 X173.134 Y181.538 E201.24772
G1 X171.971 Y181.087 E201.28921
G1 X170.905 Y180.427 E201.33091
G1 X169.977 Y179.581 E201.37268
G1 X169.217 Y178.576 E201.41459
G1 X168.66 Y177.456 E201.45619
G1 X168.316 Y176.25 E201.4979
G1 X168.201 Y175 E201.53965
G1 X168.316 Y173.75 E201.5814
G1 X168.66 Y172.544 E201.62311
G1 X169.217 Y171.424 E201.66472
G1 X169.977 Y170.419 E201.70663
G1 X170.905 Y169.573 E201.74839
G1 X171.971 Y168.913 E201.79009
G1 X173.134 Y168.462 E201.83158
G1 X174.375 Y168.23 E201.87357
G1 X175.625 Y168.23 E201.91515
G1 X176.866 Y168.462 E201.95714
G1 X178.029 Y168.913 E201.99863
G1 X179.095 Y169.573 E202.04033
G1 X180.023 Y170.419 E202.08209
G1 X180.783 Y171.424 E202.124
G1 X181.34 Y172.544 E202.16561
G1 X181.684 Y173.75 E202.20732
G1 X181.799 Y175 E202.24907
G1 X181.684 Y176.25 E202.29082
G1 X181.34 Y177.456 E202.33253
G1 X180.783 Y178.576 E202.37413
G1 X180.023 Y179.581 E202.41604
G1 X179.095 Y180.427 E202.45781
G1 X178.029 Y181.087 E202.49951
G1 X176.866 Y181.538 E202.541
G1 X175.625 Y181.77 E202.58299
G0 F9000 X175.664 Y181.847
;MESH:NONMESH
G0 F300 X175.664 Y181.847 Z13.8
G0 F9000 X175.319 Y181.694
;TIME_ELAPSED:605.767662
;LAYER:68
;TYPE:WALL-OUTER
;MESH:diffuser_reactor.stl
G1 F600 X176.579 Y181.512 E202.62533
G1 X177.783 Y181.096 E202.6677
G1 X178.887 Y180.459 E202.71009
G1 X179.849 Y179.625 E202.75244
G1 X180.637 Y178.623 E202.79484
G1 X181.22 Y177.491 E202.83719
G1 X181.58 Y176.268 E202.87959
G1 X181.701 Y175 E202.92195
G1 X181.58 Y173.732 E202.96432
G1 X181.22 Y172.509 E203.00672
G1 X180.637 Y171.377 E203.04907
G1 X179.849 Y170.375 E203.09147
G1 X178.887 Y169.541 E203.13382
G1 X177.783 Y168.904 E203.17621
G1 X176.579 Y168.488 E203.21858
G1 X175.319 Y168.306 E203.26092
G1 X174.046 Y168.367 E203.30331
G1 X172.808 Y168.667 E203.34568
G1 X171.65 Y169.197 E203.38804
G1 X170.611 Y169.936 E203.43044
G1 X169.733 Y170.858 E203.47279
G1 X169.044 Y171.93 E203.51517
G1 X168.57 Y173.112 E203.55753
G1 X168.329 Y174.363 E203.5999
G1 X168.329 Y175.637 E203.64228
G1 X168.57 Y176.888 E203.68465
G1 X169.044 Y178.07 E203.72701
G1 X169.733 Y179.142 E203.76939
G1 X170.611 Y180.064 E203.81174
G1 X171.65 Y180.803 E203.85414
G1 X172.808 Y181.333 E203.8965
G1 X174.046 Y181.633 E203.93887
G1 X175.319 Y181.694 E203.98126
G0 F9000 X175.625 Y181.77
G1 F600 X174.375 Y181.77 E204.02283
G1 X173.134 Y181.538 E204.06482
G1 X171.971 Y181.087 E204.10631
G1 X170.905 Y180.427 E204.14801
G1 X169.977 Y179.581 E204.18978
G1 X169.217 Y178.576 E204.23169
G1 X168.66 Y177.456 E204.27329
G1 X168.316 Y176.25 E204.315
G1 X168.201 Y175 E204.35675
G1 X168.316 Y173.75 E204.3985
G1 X168.66 Y172.544 E204.44022
G1 X169.217 Y171.424 E204.48182
G1 X169.977 Y170.419 E204.52373
G1 X170.905 Y169.573 E204.56549
G1 X171.971 Y168.913 E204.60719
G1 X173.134 Y168.462 E204.64868
G1 X174.375 Y168.23 E204.69067
G1 X175.625 Y168.23 E204.73225
G1 X176.866 Y168.462 E204.77424
G1 X178.029 Y168.913 E204.81573
G1 X179.095 Y169.573 E204.85743
G1 X180.023 Y170.419 E204.89919
G1 X180.783 Y171.424 E204.9411
G1 X181.34 Y172.544 E204.98271
G1 X181.684 Y173.75 E205.02442
G1 X181.799 Y175 E205.06617
G1 X181.684 Y176.25 E205.10792
G1 X181.34 Y177.456 E205.14963
G1 X180.783 Y178.576 E205.19124
G1 X180.023 Y179.581 E205.23314
G1 X179.095 Y180.427 E205.27491
G1 X178.029 Y181.087 E205.31661
G1 X176.866 Y181.538 E205.3581
G1 X175.625 Y181.77 E205.40009
G0 F9000 X175.664 Y181.847
;MESH:NONMESH
G0 F300 X175.664 Y181.847 Z14
G0 F9000 X175.319 Y181.694
;TIME_ELAPSED:614.411660
;LAYER:69
;TYPE:WALL-OUTER
;MESH:diffuser_reactor.stl
G1 F600 X176.579 Y181.512 E205.44243
G1 X177.783 Y181.096 E205.4848
G1 X178.887 Y180.459 E205.52719
G1 X179.849 Y179.625 E205.56954
G1 X180.637 Y178.623 E205.61194
G1 X181.22 Y177.491 E205.65429
G1 X181.58 Y176.268 E205.69669
G1 X181.701 Y175 E205.73906
G1 X181.58 Y173.732 E205.78142
G1 X181.22 Y172.509 E205.82382
G1 X180.637 Y171.377 E205.86617
G1 X179.849 Y170.375 E205.90857
G1 X178.887 Y169.541 E205.95092
G1 X177.783 Y168.904 E205.99331
G1 X176.579 Y168.488 E206.03568
G1 X175.319 Y168.306 E206.07802
G1 X174.046 Y168.367 E206.12041
G1 X172.808 Y168.667 E206.16278
G1 X171.65 Y169.197 E206.20514
G1 X170.611 Y169.936 E206.24754
G1 X169.733 Y170.858 E206.28989
G1 X169.044 Y171.93 E206.33227
G1 X168.57 Y173.112 E206.37463
G1 X168.329 Y174.363 E206.417
G1 X168.329 Y175.637 E206.45938
G1 X168.57 Y176.888 E206.50175
G1 X169.044 Y178.07 E206.54411
G1 X169.733 Y179.142 E206.58649
G1 X170.611 Y180.064 E206.62884
G1 X171.65 Y180.803 E206.67125
G1 X172.808 Y181.333 E206.7136
G1 X174.046 Y181.633 E206.75597
G1 X175.319 Y181.694 E206.79836
G0 F9000 X175.625 Y181.77
G1 F600 X174.375 Y181.77 E206.83993
G1 X173.134 Y181.538 E206.88193
G1 X171.971 Y181.087 E206.92341
G1 X170.905 Y180.427 E206.96511
G1 X169.977 Y179.581 E207.00688
G1 X169.217 Y178.576 E207.04879
G1 X168.66 Y177.456 E207.09039
G1 X168.316 Y176.25 E207.1321
G1 X168.201 Y175 E207.17385
G1 X168.316 Y173.75 E207.21561
G1 X168.66 Y172.544 E207.25732
G1 X169.217 Y171.424 E207.29892
G1 X169.977 Y170.419 E207.34083
G1 X170.905 Y169.573 E207.3826
G1 X171.971 Y168.913 E207.4243
G1 X173.134 Y168.462 E207.46578
G1 X174.375 Y168.23 E207.50778
G1 X175.625 Y168.23 E207.54935
G1 X176.866 Y168.462 E207.59134
G1 X178.029 Y168.913 E207.63283
G1 X179.095 Y169.573 E207.67453
G1 X180.023 Y170.419 E207.7163
G1 X180.783 Y171.424 E207.7582
G1 X181.34 Y172.544 E207.79981
G1 X181.684 Y173.75 E207.84152
G1 X181.799 Y175 E207.88327
G1 X181.684 Y176.25 E207.92502
G1 X181.34 Y177.456 E207.96673
G1 X180.783 Y178.576 E208.00834
G1 X180.023 Y179.581 E208.05024
G1 X179.095 Y180.427 E208.09201
G1 X178.029 Y181.087 E208.13371
G1 X176.866 Y181.538 E208.1752
G1 X175.625 Y181.77 E208.21719
G0 F9000 X175.664 Y181.847
;MESH:NONMESH
G0 F300 X175.664 Y181.847 Z14.2
G0 F9000 X175.319 Y181.694
;TIME_ELAPSED:623.055658
;LAYER:70
;TYPE:WALL-OUTER
;MESH:diffuser_reactor.stl
G1 F600 X176.579 Y181.512 E208.25953
G1 X177.783 Y181.096 E208.3019
G1 X178.887 Y180.459 E208.3443
G1 X179.849 Y179.625 E208.38664
G1 X180.637 Y178.623 E208.42904
G1 X181.22 Y177.491 E208.47139
G1 X181.58 Y176.268 E208.51379
G1 X181.701 Y175 E208.55616
G1 X181.58 Y173.732 E208.59852
G1 X181.22 Y172.509 E208.64093
G1 X180.637 Y171.377 E208.68328
G1 X179.849 Y170.375 E208.72567
G1 X178.887 Y169.541 E208.76802
G1 X177.783 Y168.904 E208.81041
G1 X176.579 Y168.488 E208.85278
G1 X175.319 Y168.306 E208.89512
G1 X174.046 Y168.367 E208.93751
G1 X172.808 Y168.667 E208.97988
G1 X171.65 Y169.197 E209.02224
G1 X170.611 Y169.936 E209.06465
G1 X169.733 Y170.858 E209.10699
G1 X169.044 Y171.93 E209.14938
G1 X168.57 Y173.112 E209.19173
G1 X168.329 Y174.363 E209.23411
G1 X168.329 Y175.637 E209.27648
G1 X168.57 Y176.888 E209.31885
G1 X169.044 Y178.07 E209.36121
G1 X169.733 Y179.142 E209.40359
G1 X170.611 Y180.064 E209.44594
G1 X171.65 Y180.803 E209.48835
G1 X172.808 Y181.333 E209.5307
G1 X174.046 Y181.633 E209.57307
G1 X175.319 Y181.694 E209.61546
G0 F9000 X175.625 Y181.77
G1 F600 X174.375 Y181.77 E209.65704
G1 X173.134 Y181.538 E209.69903
G1 X171.971 Y181.087 E209.74051
G1 X170.905 Y180.427 E209.78222
G1 X169.977 Y179.581 E209.82398
G1 X169.217 Y178.576 E209.86589
G1 X168.66 Y177.456 E209.90749
G1 X168.316 Y176.25 E209.94921
G1 X168.201 Y175 E209.99096
G1 X168.316 Y173.75 E210.03271
G1 X168.66 Y172.544 E210.07442
G1 X169.217 Y171.424 E210.11602
G1 X169.977 Y170.419 E210.15793
G1 X170.905 Y169.573 E210.1997
G1 X171.971 Y168.913 E210.2414
G1 X173.134 Y168.462 E210.28289
G1 X174.375 Y168.23 E210.32488
G1 X175.625 Y168.23 E210.36645
G1 X176.866 Y168.462 E210.40844
G1 X178.029 Y168.913 E210.44993
G1 X179.095 Y169.573 E210.49163
G1 X180.023 Y170.419 E210.5334
G1 X180.783 Y171.424 E210.57531
G1 X181.34 Y172.544 E210.61691
G1 X181.684 Y173.75 E210.65862
G1 X181.799 Y175 E210.70037
G1 X181.684 Y176.25 E210.74212
G1 X181.34 Y177.456 E210.78383
G1 X180.783 Y178.576 E210.82544
G1 X180.023 Y179.581 E210.86735
G1 X179.095 Y180.427 E210.90911
G1 X178.029 Y181.087 E210.95081
G1 X176.866 Y181.538 E210.9923
G1 X175.625 Y181.77 E211.03429
G0 F9000 X175.664 Y181.847
;MESH:NONMESH
G0 F300 X175.664 Y181.847 Z14.4
G0 F9000 X175.319 Y181.694
;TIME_ELAPSED:631.699656
;LAYER:71
;TYPE:WALL-OUTER
;MESH:diffuser_reactor.stl
G1 F600 X176.579 Y181.512 E211.07664
G1 X177.783 Y181.096 E211.119
G1 X178.887 Y180.459 E211.1614
G1 X179.849 Y179.625 E211.20374
G1 X180.637 Y178.623 E211.24614
G1 X181.22 Y177.491 E211.28849
G1 X181.58 Y176.268 E211.33089
G1 X181.701 Y175 E211.37326
G1 X181.58 Y173.732 E211.41562
G1 X181.22 Y172.509 E211.45803
G1 X180.637 Y171.377 E211.50038
G1 X179.849 Y170.375 E211.54278
G1 X178.887 Y169.541 E211.58512
G1 X177.783 Y168.904 E211.62752
G1 X176.579 Y168.488 E211.66988
G1 X175.319 Y168.306 E211.71223
G1 X174.046 Y168.367 E211.75461
G1 X172.808 Y168.667 E211.79698
G1 X171.65 Y169.197 E211.83934
G1 X170.611 Y169.936 E211.88175
G1 X169.733 Y170.858 E211.92409
G1 X169.044 Y171.93 E211.96648
G1 X168.57 Y173.112 E212.00883
G1 X168.329 Y174.363 E212.05121
G1 X168.329 Y175.637 E212.09358
G1 X168.57 Y176.888 E212.13595
G1 X169.044 Y178.07 E212.17831
G1 X169.733 Y179.142 E212.2207
G1 X170.611 Y180.064 E212.26304
G1 X171.65 Y180.803 E212.30545
G1 X172.808 Y181.333 E212.34781
G1 X174.046 Y181.633 E212.39017
G1 X175.319 Y181.694 E212.43256
G0 F9000 X175.625 Y181.77
G1 F600 X174.375 Y181.77 E212.47414
G1 X173.134 Y181.538 E212.51613
G1 X171.971 Y181.087 E212.55762
G1 X170.905 Y180.427 E212.59932
G1 X169.977 Y179.581 E212.64108
G1 X169.217 Y178.576 E212.68299
G1 X168.66 Y177.456 E212.7246
G1 X168.316 Y176.25 E212.76631
G1 X168.201 Y175 E212.80806
G1 X168.316 Y173.75 E212.84981
G1 X168.66 Y172.544 E212.89152
G1 X169.217 Y171.424 E212.93312
G1 X169.977 Y170.419 E212.97503
G1 X170.905 Y169.573 E213.0168
G1 X171.971 Y168.913 E213.0585
G1 X173.134 Y168.462 E213.09999
G1 X174.375 Y168.23 E213.14198
G1 X175.625 Y168.23 E213.18355
G1 X176.866 Y168.462 E213.22554
G1 X178.029 Y168.913 E213.26703
G1 X179.095 Y169.573 E213.30873
G1 X180.023 Y170.419 E213.3505
G1 X180.783 Y171.424 E213.39241
G1 X181.34 Y172.544 E213.43401
G1 X181.684 Y173.75 E213.47572
G1 X181.799 Y175 E213.51747
G1 X181.684 Y176.25 E213.55922
G1 X181.34 Y177.456 E213.60094
G1 X180.783 Y178.576 E213.64254
G1 X180.023 Y179.581 E213.68445
G1 X179.095 Y180.427 E213.72621
G1 X178.029 Y181.087 E213.76791
G1 X176.866 Y181.538 E213.8094
G1 X175.625 Y181.77 E213.85139
G0 F9000 X175.664 Y181.847
;MESH:NONMESH
G0 F300 X175.664 Y181.847 Z14.6
G0 F9000 X175.319 Y181.694
;TIME_ELAPSED:640.343654
;LAYER:72
;TYPE:WALL-OUTER
;MESH:diffuser_reactor.stl
G1 F600 X176.579 Y181.512 E213.89374
G1 X177.783 Y181.096 E213.9361
G1 X178.887 Y180.459 E213.9785
G1 X179.849 Y179.625 E214.02084
G1 X180.637 Y178.623 E214.06324
G1 X181.22 Y177.491 E214.10559
G1 X181.58 Y176.268 E214.148
G1 X181.701 Y175 E214.19036
G1 X181.58 Y173.732 E214.23273
G1 X181.22 Y172.509 E214.27513
G1 X180.637 Y171.377 E214.31748
G1 X179.849 Y170.375 E214.35988
G1 X178.887 Y169.541 E214.40222
G1 X177.783 Y168.904 E214.44462
G1 X176.579 Y168.488 E214.48698
G1 X175.319 Y168.306 E214.52933
G1 X174.046 Y168.367 E214.57172
G1 X172.808 Y168.667 E214.61408
G1 X171.65 Y169.197 E214.65644
G1 X170.611 Y169.936 E214.69885
G1 X169.733 Y170.858 E214.74119
G1 X169.044 Y171.93 E214.78358
G1 X168.57 Y173.112 E214.82594
G1 X168.329 Y174.363 E214.86831
G1 X168.329 Y175.637 E214.91068
G1 X168.57 Y176.888 E214.95306
G1 X169.044 Y178.07 E214.99541
G1 X169.733 Y179.142 E215.0378
G1 X170.611 Y180.064 E215.08014
G1 X171.65 Y180.803 E215.12255
G1 X172.808 Y181.333 E215.16491
G1 X174.046 Y181.633 E215.20727
G1 X175.319 Y181.694 E215.24966
G0 F9000 X175.625 Y181.77
G1 F600 X174.375 Y181.77 E215.29124
G1 X173.134 Y181.538 E215.33323
G1 X171.971 Y181.087 E215.37472
G1 X170.905 Y180.427 E215.41642
G1 X169.977 Y179.581 E215.45818
G1 X169.217 Y178.576 E215.50009
G1 X168.66 Y177.456 E215.5417
G1 X168.316 Y176.25 E215.58341
G1 X168.201 Y175 E215.62516
G1 X168.316 Y173.75 E215.66691
G1 X168.66 Y172.544 E215.70862
G1 X169.217 Y171.424 E215.75023
G1 X169.977 Y170.419 E215.79213
G1 X170.905 Y169.573 E215.8339
G1 X171.971 Y168.913 E215.8756
G1 X173.134 Y168.462 E215.91709
G1 X174.375 Y168.23 E215.95908
G1 X175.625 Y168.23 E216.00065
G1 X176.866 Y168.462 E216.04265
G1 X178.029 Y168.913 E216.08413
G1 X179.095 Y169.573 E216.12583
G1 X180.023 Y170.419 E216.1676
G1 X180.783 Y171.424 E216.20951
G1 X181.34 Y172.544 E216.25111
G1 X181.684 Y173.75 E216.29282
G1 X181.799 Y175 E216.33458
G1 X181.684 Y176.25 E216.37633
G1 X181.34 Y177.456 E216.41804
G1 X180.783 Y178.576 E216.45964
G1 X180.023 Y179.581 E216.50155
G1 X179.095 Y180.427 E216.54332
G1 X178.029 Y181.087 E216.58502
G1 X176.866 Y181.538 E216.6265
G1 X175.625 Y181.77 E216.6685
G0 F9000 X175.664 Y181.847
;MESH:NONMESH
G0 F300 X175.664 Y181.847 Z14.8
G0 F9000 X175.319 Y181.694
;TIME_ELAPSED:648.987652
;LAYER:73
;TYPE:WALL-OUTER
;MESH:diffuser_reactor.stl
G1 F600 X176.579 Y181.512 E216.71084
G1 X177.783 Y181.096 E216.75321
G1 X178.887 Y180.459 E216.7956
G1 X179.849 Y179.625 E216.83795
G1 X180.637 Y178.623 E216.88034
G1 X181.22 Y177.491 E216.92269
G1 X181.58 Y176.268 E216.9651
G1 X181.701 Y175 E217.00746
G1 X181.58 Y173.732 E217.04983
G1 X181.22 Y172.509 E217.09223
G1 X180.637 Y171.377 E217.13458
G1 X179.849 Y170.375 E217.17698
G1 X178.887 Y169.541 E217.21933
G1 X177.783 Y168.904 E217.26172
G1 X176.579 Y168.488 E217.30409
G1 X175.319 Y168.306 E217.34643
G1 X174.046 Y168.367 E217.38882
G1 X172.808 Y168.667 E217.43119
G1 X171.65 Y169.197 E217.47354
G1 X170.611 Y169.936 E217.51595
G1 X169.733 Y170.858 E217.5583
G1 X169.044 Y171.93 E217.60068
G1 X168.57 Y173.112 E217.64304
G1 X168.329 Y174.363 E217.68541
G1 X168.329 Y175.637 E217.72778
G1 X168.57 Y176.888 E217.77016
G1 X169.044 Y178.07 E217.81251
G1 X169.733 Y179.142 E217.8549
G1 X170.611 Y180.064 E217.89724
G1 X171.65 Y180.803 E217.93965
G1 X172.808 Y181.333 E217.98201
G1 X174.046 Y181.633 E218.02438
G1 X175.319 Y181.694 E218.06677
G0 F9000 X175.625 Y181.77
G1 F600 X174.375 Y181.77 E218.10834
G1 X173.134 Y181.538 E218.15033
G1 X171.971 Y181.087 E218.19182
G1 X170.905 Y180.427 E218.23352
G1 X169.977 Y179.581 E218.27529
G1 X169.217 Y178.576 E218.31719
G1 X168.66 Y177.456 E218.3588
G1 X168.316 Y176.25 E218.40051
G1 X168.201 Y175 E218.44226
G1 X168.316 Y173.75 E218.48401
G1 X168.66 Y172.544 E218.52572
G1 X169.217 Y171.424 E218.56733
G1 X169.977 Y170.419 E218.60923
G1 X170.905 Y169.573 E218.651
G1 X171.971 Y168.913 E218.6927
G1 X173.134 Y168.462 E218.73419
G1 X174.375 Y168.23 E218.77618
G1 X175.625 Y168.23 E218.81776
G1 X176.866 Y168.462 E218.85975
G1 X178.029 Y168.913 E218.90124
G1 X179.095 Y169.573 E218.94294
G1 X180.023 Y170.419 E218.9847
G1 X180.783 Y171.424 E219.02661
G1 X181.34 Y172.544 E219.06821
G1 X181.684 Y173.75 E219.10993
G1 X181.799 Y175 E219.15168
G1 X181.684 Y176.25 E219.19343
G1 X181.34 Y177.456 E219.23514
G1 X180.783 Y178.576 E219.27674
G1 X180.023 Y179.581 E219.31865
G1 X179.095 Y180.427 E219.36042
G1 X178.029 Y181.087 E219.40212
G1 X176.866 Y181.538 E219.44361
G1 X175.625 Y181.77 E219.4856
G0 F9000 X175.664 Y181.847
;MESH:NONMESH
G0 F300 X175.664 Y181.847 Z15
G0 F9000 X175.319 Y181.694
;TIME_ELAPSED:657.631650
;LAYER:74
;TYPE:WALL-OUTER
;MESH:diffuser_reactor.stl
G1 F600 X176.579 Y181.512 E219.52794
G1 X177.783 Y181.096 E219.57031
G1 X178.887 Y180.459 E219.6127
G1 X179.849 Y179.625 E219.65505
G1 X180.637 Y178.623 E219.69745
G1 X181.22 Y177.491 E219.7398
G1 X181.58 Y176.268 E219.7822
G1 X181.701 Y175 E219.82456
G1 X181.58 Y173.732 E219.86693
G1 X181.22 Y172.509 E219.90933
G1 X180.637 Y171.377 E219.95168
G1 X179.849 Y170.375 E219.99408
G1 X178.887 Y169.541 E220.03643
G1 X177.783 Y168.904 E220.07882
G1 X176.579 Y168.488 E220.12119
G1 X175.319 Y168.306 E220.16353
G1 X174.046 Y168.367 E220.20592
G1 X172.808 Y168.667 E220.24829
G1 X171.65 Y169.197 E220.29064
G1 X170.611 Y169.936 E220.33305
G1 X169.733 Y170.858 E220.3754
G1 X169.044 Y171.93 E220.41778
G1 X168.57 Y173.112 E220.46014
G1 X168.329 Y174.363 E220.50251
G1 X168.329 Y175.637 E220.54489
G1 X168.57 Y176.888 E220.58726
G1 X169.044 Y178.07 E220.62962
G1 X169.733 Y179.142 E220.672
G1 X170.611 Y180.064 E220.71435
G1 X171.65 Y180.803 E220.75675
G1 X172.808 Y181.333 E220.79911
G1 X174.046 Y181.633 E220.84148
G1 X175.319 Y181.694 E220.88387
G0 F9000 X175.625 Y181.77
G1 F600 X174.375 Y181.77 E220.92544
G1 X173.134 Y181.538 E220.96743
G1 X171.971 Y181.087 E221.00892
G1 X170.905 Y180.427 E221.05062
G1 X169.977 Y179.581 E221.09239
G1 X169.217 Y178.576 E221.1343
G1 X168.66 Y177.456 E221.1759
G1 X168.316 Y176.25 E221.21761
G1 X168.201 Y175 E221.25936
G1 X168.316 Y173.75 E221.30111
G1 X168.66 Y172.544 E221.34282
G1 X169.217 Y171.424 E221.38443
G1 X169.977 Y170.419 E221.42634
G1 X170.905 Y169.573 E221.4681
G1 X171.971 Y168.913 E221.5098
G1 X173.134 Y168.462 E221.55129
G1 X174.375 Y168.23 E221.59328
G1 X175.625 Y168.23 E221.63486
G1 X176.866 Y168.462 E221.67685
G1 X178.029 Y168.913 E221.71834
G1 X179.095 Y169.573 E221.76004
G1 X180.023 Y170.419 E221.8018
G1 X180.783 Y171.424 E221.84371
G1 X181.34 Y172.544 E221.88532
G1 X181.684 Y173.75 E221.92703
G1 X181.799 Y175 E221.96878
G1 X181.684 Y176.25 E222.01053
G1 X181.34 Y177.456 E222.05224
G1 X180.783 Y178.576 E222.09384
G1 X180.023 Y179.581 E222.13575
G1 X179.095 Y180.427 E222.17752
G1 X178.029 Y181.087 E222.21922
G1 X176.866 Y181.538 E222.26071
G1 X175.625 Y181.77 E222.3027
G0 F9000 X175.664 Y181.847
;MESH:NONMESH
G0 F300 X175.664 Y181.847 Z15.2
G0 F9000 X175.319 Y181.694
;TIME_ELAPSED:666.275648
;LAYER:75
;TYPE:WALL-OUTER
;MESH:diffuser_reactor.stl
G1 F600 X176.579 Y181.512 E222.34504
G1 X177.783 Y181.096 E222.38741
G1 X178.887 Y180.459 E222.4298
G1 X179.849 Y179.625 E222.47215
G1 X180.637 Y178.623 E222.51455
G1 X181.22 Y177.491 E222.5569
G1 X181.58 Y176.268 E222.5993
G1 X181.701 Y175 E222.64167
G1 X181.58 Y173.732 E222.68403
G1 X181.22 Y172.509 E222.72643
G1 X180.637 Y171.377 E222.76878
G1 X179.849 Y170.375 E222.81118
G1 X178.887 Y169.541 E222.85353
G1 X177.783 Y168.904 E222.89592
G1 X176.579 Y168.488 E222.93829
G1 X175.319 Y168.306 E222.98063
G1 X174.046 Y168.367 E223.02302
G1 X172.808 Y168.667 E223.06539
G1 X171.65 Y169.197 E223.10775
G1 X170.611 Y169.936 E223.15015
G1 X169.733 Y170.858 E223.1925
G1 X169.044 Y171.93 E223.23488
G1 X168.57 Y173.112 E223.27724
G1 X168.329 Y174.363 E223.31961
G1 X168.329 Y175.637 E223.36199
G1 X168.57 Y176.888 E223.40436
G1 X169.044 Y178.07 E223.44672
G1 X169.733 Y179.142 E223.4891
G1 X170.611 Y180.064 E223.53145
G1 X171.65 Y180.803 E223.57385
G1 X172.808 Y181.333 E223.61621
G1 X174.046 Y181.633 E223.65858
G1 X175.319 Y181.694 E223.70097
G0 F9000 X175.625 Y181.77
G1 F600 X174.375 Y181.77 E223.74254
G1 X173.134 Y181.538 E223.78453
G1 X171.971 Y181.087 E223.82602
G1 X170.905 Y180.427 E223.86772
G1 X169.977 Y179.581 E223.90949
G1 X169.217 Y178.576 E223.9514
G1 X168.66 Y177.456 E223.993
G1 X168.316 Y176.25 E224.03471
G1 X168.201 Y175 E224.07646
G1 X168.316 Y173.75 E224.11821
G1 X168.66 Y172.544 E224.15993
G1 X169.217 Y171.424 E224.20153
G1 X169.977 Y170.419 E224.24344
G1 X170.905 Y169.573 E224.2852
G1 X171.971 Y168.913 E224.3269
G1 X173.134 Y168.462 E224.36839
G1 X174.375 Y168.23 E224.41038
G1 X175.625 Y168.23 E224.45196
G1 X176.866 Y168.462 E224.49395
G1 X178.029 Y168.913 E224.53544
G1 X179.095 Y169.573 E224.57714
G1 X180.023 Y170.419 E224.61891
G1 X180.783 Y171.424 E224.66081
G1 X181.34 Y172.544 E224.70242
G1 X181.684 Y173.75 E224.74413
G1 X181.799 Y175 E224.78588
G1 X181.684 Y176.25 E224.82763
G1 X181.34 Y177.456 E224.86934
G1 X180.783 Y178.576 E224.91095
G1 X180.023 Y179.581 E224.95285
G1 X179.095 Y180.427 E224.99462
G1 X178.029 Y181.087 E225.03632
G1 X176.866 Y181.538 E225.07781
G1 X175.625 Y181.77 E225.1198
G0 F9000 X175.664 Y181.847
;MESH:NONMESH
G0 F300 X175.664 Y181.847 Z15.4
G0 F9000 X175.319 Y181.694
;TIME_ELAPSED:674.919646
;LAYER:76
;TYPE:WALL-OUTER
;MESH:diffuser_reactor.stl
G1 F600 X176.579 Y181.512 E225.16214
G1 X177.783 Y181.096 E225.20451
G1 X178.887 Y180.459 E225.2469
G1 X179.849 Y179.625 E225.28925
G1 X180.637 Y178.623 E225.33165
G1 X181.22 Y177.491 E225.374
G1 X181.58 Y176.268 E225.4164
G1 X181.701 Y175 E225.45877
G1 X181.58 Y173.732 E225.50113
G1 X181.22 Y172.509 E225.54353
G1 X180.637 Y171.377 E225.58589
G1 X179.849 Y170.375 E225.62828
G1 X178.887 Y169.541 E225.67063
G1 X177.783 Y168.904 E225.71302
G1 X176.579 Y168.488 E225.75539
G1 X175.319 Y168.306 E225.79773
G1 X174.046 Y168.367 E225.84012
G1 X172.808 Y168.667 E225.88249
G1 X171.65 Y169.197 E225.92485
G1 X170.611 Y169.936 E225.96725
G1 X169.733 Y170.858 E226.0096
G1 X169.044 Y171.93 E226.05198
G1 X168.57 Y173.112 E226.09434
G1 X168.329 Y174.363 E226.13671
G1 X168.329 Y175.637 E226.17909
G1 X168.57 Y176.888 E226.22146
G1 X169.044 Y178.07 E226.26382
G1 X169.733 Y179.142 E226.3062
G1 X170.611 Y180.064 E226.34855
G1 X171.65 Y180.803 E226.39096
G1 X172.808 Y181.333 E226.43331
G1 X174.046 Y181.633 E226.47568
G1 X175.319 Y181.694 E226.51807
G0 F9000 X175.625 Y181.77
G1 F600 X174.375 Y181.77 E226.55964
G1 X173.134 Y181.538 E226.60164
G1 X171.971 Y181.087 E226.64312
G1 X170.905 Y180.427 E226.68482
G1 X169.977 Y179.581 E226.72659
G1 X169.217 Y178.576 E226.7685
G1 X168.66 Y177.456 E226.8101
G1 X168.316 Y176.25 E226.85181
G1 X168.201 Y175 E226.89357
G1 X168.316 Y173.75 E226.93532
G1 X168.66 Y172.544 E226.97703
G1 X169.217 Y171.424 E227.01863
G1 X169.977 Y170.419 E227.06054
G1 X170.905 Y169.573 E227.10231
G1 X171.971 Y168.913 E227.14401
G1 X173.134 Y168.462 E227.18549
G1 X174.375 Y168.23 E227.22749
G1 X175.625 Y168.23 E227.26906
G1 X176.866 Y168.462 E227.31105
G1 X178.029 Y168.913 E227.35254
G1 X179.095 Y169.573 E227.39424
G1 X180.023 Y170.419 E227.43601
G1 X180.783 Y171.424 E227.47791
G1 X181.34 Y172.544 E227.51952
G1 X181.684 Y173.75 E227.56123
G1 X181.799 Y175 E227.60298
G1 X181.684 Y176.25 E227.64473
G1 X181.34 Y177.456 E227.68644
G1 X180.783 Y178.576 E227.72805
G1 X180.023 Y179.581 E227.76996
G1 X179.095 Y180.427 E227.81172
G1 X178.029 Y181.087 E227.85342
G1 X176.866 Y181.538 E227.89491
G1 X175.625 Y181.77 E227.9369
G0 F9000 X175.664 Y181.847
;MESH:NONMESH
G0 F300 X175.664 Y181.847 Z15.6
G0 F9000 X175.319 Y181.694
;TIME_ELAPSED:683.563644
;LAYER:77
;TYPE:WALL-OUTER
;MESH:diffuser_reactor.stl
G1 F600 X176.579 Y181.512 E227.97924
G1 X177.783 Y181.096 E228.02161
G1 X178.887 Y180.459 E228.06401
G1 X179.849 Y179.625 E228.10635
G1 X180.637 Y178.623 E228.14875
G1 X181.22 Y177.491 E228.1911
G1 X181.58 Y176.268 E228.2335
G1 X181.701 Y175 E228.27587
G1 X181.58 Y173.732 E228.31823
G1 X181.22 Y172.509 E228.36064
G1 X180.637 Y171.377 E228.40299
G1 X179.849 Y170.375 E228.44538
G1 X178.887 Y169.541 E228.48773
G1 X177.783 Y168.904 E228.53012
G1 X176.579 Y168.488 E228.57249
G1 X175.319 Y168.306 E228.61483
G1 X174.046 Y168.367 E228.65722
G1 X172.808 Y168.667 E228.69959
G1 X171.65 Y169.197 E228.74195
G1 X170.611 Y169.936 E228.78436
G1 X169.733 Y170.858 E228.8267
G1 X169.044 Y171.93 E228.86909
G1 X168.57 Y173.112 E228.91144
G1 X168.329 Y174.363 E228.95382
G1 X168.329 Y175.637 E228.99619
G1 X168.57 Y176.888 E229.03856
G1 X169.044 Y178.07 E229.08092
G1 X169.733 Y179.142 E229.1233
G1 X170.611 Y180.064 E229.16565
G1 X171.65 Y180.803 E229.20806
G1 X172.808 Y181.333 E229.25041
G1 X174.046 Y181.633 E229.29278
G1 X175.319 Y181.694 E229.33517
G0 F9000 X175.625 Y181.77
G1 F600 X174.375 Y181.77 E229.37675
G1 X173.134 Y181.538 E229.41874
G1 X171.971 Y181.087 E229.46023
G1 X170.905 Y180.427 E229.50193
G1 X169.977 Y179.581 E229.54369
G1 X169.217 Y178.576 E229.5856
G1 X168.66 Y177.456 E229.6272
G1 X168.316 Y176.25 E229.66892
G1 X168.201 Y175 E229.71067
G1 X168.316 Y173.75 E229.75242
G1 X168.66 Y172.544 E229.79413
G1 X169.217 Y171.424 E229.83573
G1 X169.977 Y170.419 E229.87764
G1 X170.905 Y169.573 E229.91941
G1 X171.971 Y168.913 E229.96111
G1 X173.134 Y168.462 E230.0026
G1 X174.375 Y168.23 E230.04459
G1 X175.625 Y168.23 E230.08616
G1 X176.866 Y168.462 E230.12815
G1 X178.029 Y168.913 E230.16964
G1 X179.095 Y169.573 E230.21134
G1 X180.023 Y170.419 E230.25311
G1 X180.783 Y171.424 E230.29502
G1 X181.34 Y172.544 E230.33662
G1 X181.684 Y173.75 E230.37833
G1 X181.799 Y175 E230.42008
G1 X181.684 Y176.25 E230.46183
G1 X181.34 Y177.456 E230.50354
G1 X180.783 Y178.576 E230.54515
G1 X180.023 Y179.581 E230.58706
G1 X179.095 Y180.427 E230.62882
G1 X178.029 Y181.087 E230.67052
G1 X176.866 Y181.538 E230.71201
G1 X175.625 Y181.77 E230.754
G0 F9000 X175.664 Y181.847
;MESH:NONMESH
G0 F300 X175.664 Y181.847 Z15.8
G0 F9000 X175.319 Y181.694
;TIME_ELAPSED:692.207642
;LAYER:78
;TYPE:WALL-OUTER
;MESH:diffuser_reactor.stl
G1 F600 X176.579 Y181.512 E230.79635
G1 X177.783 Y181.096 E230.83871
G1 X178.887 Y180.459 E230.88111
G1 X179.849 Y179.625 E230.92345
G1 X180.637 Y178.623 E230.96585
G1 X181.22 Y177.491 E231.0082
G1 X181.58 Y176.268 E231.0506
G1 X181.701 Y175 E231.09297
G1 X181.58 Y173.732 E231.13534
G1 X181.22 Y172.509 E231.17774
G1 X180.637 Y171.377 E231.22009
G1 X179.849 Y170.375 E231.26249
G1 X178.887 Y169.541 E231.30483
G1 X177.783 Y168.904 E231.34723
G1 X176.579 Y168.488 E231.38959
G1 X175.319 Y168.306 E231.43194
G1 X174.046 Y168.367 E231.47433
G1 X172.808 Y168.667 E231.51669
G1 X171.65 Y169.197 E231.55905
G1 X170.611 Y169.936 E231.60146
G1 X169.733 Y170.858 E231.6438
G1 X169.044 Y171.93 E231.68619
G1 X168.57 Y173.112 E231.72854
G1 X168.329 Y174.363 E231.77092
G1 X168.329 Y175.637 E231.81329
G1 X168.57 Y176.888 E231.85566
G1 X169.044 Y178.07 E231.89802
G1 X169.733 Y179.142 E231.94041
G1 X170.611 Y180.064 E231.98275
G1 X171.65 Y180.803 E232.02516
G1 X172.808 Y181.333 E232.06752
G1 X174.046 Y181.633 E232.10988
G1 X175.319 Y181.694 E232.15227
G0 F9000 X175.625 Y181.77
G1 F600 X174.375 Y181.77 E232.19385
G1 X173.134 Y181.538 E232.23584
G1 X171.971 Y181.087 E232.27733
G1 X170.905 Y180.427 E232.31903
G1 X169.977 Y179.581 E232.36079
G1 X169.217 Y178.576 E232.4027
G1 X168.66 Y177.456 E232.44431
G1 X168.316 Y176.25 E232.48602
G1 X168.201 Y175 E232.52777
G1 X168.316 Y173.75 E232.56952
G1 X168.66 Y172.544 E232.61123
G1 X169.217 Y171.424 E232.65283
G1 X169.977 Y170.419 E232.69474
G1 X170.905 Y169.573 E232.73651
G1 X171.971 Y168.913 E232.77821
G1 X173.134 Y168.462 E232.8197
G1 X174.375 Y168.23 E232.86169
G1 X175.625 Y168.23 E232.90326
G1 X176.866 Y168.462 E232.94525
G1 X178.029 Y168.913 E232.98674
G1 X179.095 Y169.573 E233.02844
G1 X180.023 Y170.419 E233.07021
G1 X180.783 Y171.424 E233.11212
G1 X181.34 Y172.544 E233.15372
G1 X181.684 Y173.75 E233.19543
G1 X181.799 Y175 E233.23718
G1 X181.684 Y176.25 E233.27893
G1 X181.34 Y177.456 E233.32065
G1 X180.783 Y178.576 E233.36225
G1 X180.023 Y179.581 E233.40416
G1 X179.095 Y180.427 E233.44592
G1 X178.029 Y181.087 E233.48763
G1 X176.866 Y181.538 E233.52911
G1 X175.625 Y181.77 E233.5711
G0 F9000 X175.664 Y181.847
;MESH:NONMESH
G0 F300 X175.664 Y181.847 Z16
G0 F9000 X175.319 Y181.694
;TIME_ELAPSED:700.851640
;LAYER:79
;TYPE:WALL-OUTER
;MESH:diffuser_reactor.stl
G1 F600 X176.579 Y181.512 E233.61345
G1 X177.783 Y181.096 E233.65582
G1 X178.887 Y180.459 E233.69821
G1 X179.849 Y179.625 E233.74055
G1 X180.637 Y178.623 E233.78295
G1 X181.22 Y177.491 E233.8253
G1 X181.58 Y176.268 E233.86771
G1 X181.701 Y175 E233.91007
G1 X181.58 Y173.732 E233.95244
G1 X181.22 Y172.509 E233.99484
G1 X180.637 Y171.377 E234.03719
G1 X179.849 Y170.375 E234.07959
G1 X178.887 Y169.541 E234.12193
G1 X177.783 Y168.904 E234.16433
G1 X176.579 Y168.488 E234.2067
G1 X175.319 Y168.306 E234.24904
G1 X174.046 Y168.367 E234.29143
G1 X172.808 Y168.667 E234.33379
G1 X171.65 Y169.197 E234.37615
G1 X170.611 Y169.936 E234.41856
G1 X169.733 Y170.858 E234.4609
G1 X169.044 Y171.93 E234.50329
G1 X168.57 Y173.112 E234.54565
G1 X168.329 Y174.363 E234.58802
G1 X168.329 Y175.637 E234.63039
G1 X168.57 Y176.888 E234.67277
G1 X169.044 Y178.07 E234.71512
G1 X169.733 Y179.142 E234.75751
G1 X170.611 Y180.064 E234.79985
G1 X171.65 Y180.803 E234.84226
G1 X172.808 Y181.333 E234.88462
G1 X174.046 Y181.633 E234.92699
G1 X175.319 Y181.694 E234.96937
G0 F9000 X175.625 Y181.77
G1 F600 X174.375 Y181.77 E235.01095
G1 X173.134 Y181.538 E235.05294
G1 X171.971 Y181.087 E235.09443
G1 X170.905 Y180.427 E235.13613
G1 X169.977 Y179.581 E235.1779
G1 X169.217 Y178.576 E235.2198
G1 X168.66 Y177.456 E235.26141
G1 X168.316 Y176.25 E235.30312
G1 X168.201 Y175 E235.34487
G1 X168.316 Y173.75 E235.38662
G1 X168.66 Y172.544 E235.42833
G1 X169.217 Y171.424 E235.46994
G1 X169.977 Y170.419 E235.51184
G1 X170.905 Y169.573 E235.55361
G1 X171.971 Y168.913 E235.59531
G1 X173.134 Y168.462 E235.6368
G1 X174.375 Y168.23 E235.67879
G1 X175.625 Y168.23 E235.72037
G1 X176.866 Y168.462 E235.76236
G1 X178.029 Y168.913 E235.80384
G1 X179.095 Y169.573 E235.84554
G1 X180.023 Y170.419 E235.88731
G1 X180.783 Y171.424 E235.92922
G1 X181.34 Y172.544 E235.97082
G1 X181.684 Y173.75 E236.01253
G1 X181.799 Y175 E236.05429
G1 X181.684 Y176.25 E236.09604
G1 X181.34 Y177.456 E236.13775
G1 X180.783 Y178.576 E236.17935
G1 X180.023 Y179.581 E236.22126
G1 X179.095 Y180.427 E236.26303
G1 X178.029 Y181.087 E236.30473
G1 X176.866 Y181.538 E236.34621
G1 X175.625 Y181.77 E236.38821
G0 F9000 X175.664 Y181.847
;MESH:NONMESH
G0 F300 X175.664 Y181.847 Z16.2
G0 F9000 X175.319 Y181.694
;TIME_ELAPSED:709.495638
;LAYER:80
;TYPE:WALL-OUTER
;MESH:diffuser_reactor.stl
G1 F600 X176.579 Y181.512 E236.43055
G1 X177.783 Y181.096 E236.47292
G1 X178.887 Y180.459 E236.51531
G1 X179.849 Y179.625 E236.55766
G1 X180.637 Y178.623 E236.60005
G1 X181.22 Y177.491 E236.6424
G1 X181.58 Y176.268 E236.68481
G1 X181.701 Y175 E236.72717
G1 X181.58 Y173.732 E236.76954
G1 X181.22 Y172.509 E236.81194
G1 X180.637 Y171.377 E236.85429
G1 X179.849 Y170.375 E236.89669
G1 X178.887 Y169.541 E236.93904
G1 X177.783 Y168.904 E236.98143
G1 X176.579 Y168.488 E237.0238
G1 X175.319 Y168.306 E237.06614
G1 X174.046 Y168.367 E237.10853
G1 X172.808 Y168.667 E237.1509
G1 X171.65 Y169.197 E237.19325
G1 X170.611 Y169.936 E237.23566
G1 X169.733 Y170.858 E237.27801
G1 X169.044 Y171.93 E237.32039
G1 X168.57 Y173.112 E237.36275
G1 X168.329 Y174.363 E237.40512
G1 X168.329 Y175.637 E237.44749
G1 X168.57 Y176.888 E237.48987
G1 X169.044 Y178.07 E237.53222
G1 X169.733 Y179.142 E237.57461
G1 X170.611 Y180.064 E237.61695
G1 X171.65 Y180.803 E237.65936
G1 X172.808 Y181.333 E237.70172
G1 X174.046 Y181.633 E237.74409
G1 X175.319 Y181.694 E237.78648
G0 F9000 X175.625 Y181.77
G1 F600 X174.375 Y181.77 E237.82805
G1 X173.134 Y181.538 E237.87004
G1 X171.971 Y181.087 E237.91153
G1 X170.905 Y180.427 E237.95323
G1 X169.977 Y179.581 E237.995
G1 X169.217 Y178.576 E238.0369
G1 X168.66 Y177.456 E238.07851
G1 X168.316 Y176.25 E238.12022
G1 X168.201 Y175 E238.16197
G1 X168.316 Y173.75 E238.20372
G1 X168.66 Y172.544 E238.24543
G1 X169.217 Y171.424 E238.28704
G1 X169.977 Y170.419 E238.32895
G1 X170.905 Y169.573 E238.37071
G1 X171.971 Y168.913 E238.41241
G1 X173.134 Y168.462 E238.4539
G1 X174.375 Y168.23 E238.49589
G1 X175.625 Y168.23 E238.53747
G1 X176.866 Y168.462 E238.57946
G1 X178.029 Y168.913 E238.62095
G1 X179.095 Y169.573 E238.66265
G1 X180.023 Y170.419 E238.70441
G1 X180.783 Y171.424 E238.74632
G1 X181.34 Y172.544 E238.78792
G1 X181.684 Y173.75 E238.82964
G1 X181.799 Y175 E238.87139
G1 X181.684 Y176.25 E238.91314
G1 X181.34 Y177.456 E238.95485
G1 X180.783 Y178.576 E238.99645
G1 X180.023 Y179.581 E239.03836
G1 X179.095 Y180.427 E239.08013
G1 X178.029 Y181.087 E239.12183
G1 X176.866 Y181.538 E239.16332
G1 X175.625 Y181.77 E239.20531
G0 F9000 X175.664 Y181.847
;MESH:NONMESH
G0 F300 X175.664 Y181.847 Z16.4
G0 F9000 X175.319 Y181.694
;TIME_ELAPSED:718.139636
;LAYER:81
;TYPE:WALL-OUTER
;MESH:diffuser_reactor.stl
G1 F600 X176.579 Y181.512 E239.24765
G1 X177.783 Y181.096 E239.29002
G1 X178.887 Y180.459 E239.33241
G1 X179.849 Y179.625 E239.37476
G1 X180.637 Y178.623 E239.41716
G1 X181.22 Y177.491 E239.45951
G1 X181.58 Y176.268 E239.50191
G1 X181.701 Y175 E239.54427
G1 X181.58 Y173.732 E239.58664
G1 X181.22 Y172.509 E239.62904
G1 X180.637 Y171.377 E239.67139
G1 X179.849 Y170.375 E239.71379
G1 X178.887 Y169.541 E239.75614
G1 X177.783 Y168.904 E239.79853
G1 X176.579 Y168.488 E239.8409
G1 X175.319 Y168.306 E239.88324
G1 X174.046 Y168.367 E239.92563
G1 X172.808 Y168.667 E239.968
G1 X171.65 Y169.197 E240.01035
G1 X170.611 Y169.936 E240.05276
G1 X169.733 Y170.858 E240.09511
G1 X169.044 Y171.93 E240.13749
G1 X168.57 Y173.112 E240.17985
G1 X168.329 Y174.363 E240.22222
G1 X168.329 Y175.637 E240.2646
G1 X168.57 Y176.888 E240.30697
G1 X169.044 Y178.07 E240.34933
G1 X169.733 Y179.142 E240.39171
G1 X170.611 Y180.064 E240.43406
G1 X171.65 Y180.803 E240.47646
G1 X172.808 Y181.333 E240.51882
G1 X174.046 Y181.633 E240.56119
G1 X175.319 Y181.694 E240.60358
G0 F9000 X175.625 Y181.77
G1 F600 X174.375 Y181.77 E240.64515
G1 X173.134 Y181.538 E240.68714
G1 X171.971 Y181.087 E240.72863
G1 X170.905 Y180.427 E240.77033
G1 X169.977 Y179.581 E240.8121
G1 X169.217 Y178.576 E240.85401
G1 X168.66 Y177.456 E240.89561
G1 X168.316 Y176.25 E240.93732
G1 X168.201 Y175 E240.97907
G1 X168.316 Y173.75 E241.02082
G1 X168.66 Y172.544 E241.06253
G1 X169.217 Y171.424 E241.10414
G1 X169.977 Y170.419 E241.14605
G1 X170.905 Y169.573 E241.18781
G1 X171.971 Y168.913 E241.22951
G1 X173.134 Y168.462 E241.271
G1 X174.375 Y168.23 E241.31299
G1 X175.625 Y168.23 E241.35457
G1 X176.866 Y168.462 E241.39656
G1 X178.029 Y168.913 E241.43805
G1 X179.095 Y169.573 E241.47975
G1 X180.023 Y170.419 E241.52151
G1 X180.783 Y171.424 E241.56342
G1 X181.34 Y172.544 E241.60503
G1 X181.684 Y173.75 E241.64674
G1 X181.799 Y175 E241.68849
G1 X181.684 Y176.25 E241.73024
G1 X181.34 Y177.456 E241.77195
G1 X180.783 Y178.576 E241.81355
G1 X180.023 Y179.581 E241.85546
G1 X179.095 Y180.427 E241.89723
G1 X178.029 Y181.087 E241.93893
G1 X176.866 Y181.538 E241.98042
G1 X175.625 Y181.77 E242.02241
G0 F9000 X175.664 Y181.847
;MESH:NONMESH
G0 F300 X175.664 Y181.847 Z16.6
G0 F9000 X175.319 Y181.694
;TIME_ELAPSED:726.783634
;LAYER:82
;TYPE:WALL-OUTER
;MESH:diffuser_reactor.stl
G1 F600 X176.579 Y181.512 E242.06475
G1 X177.783 Y181.096 E242.10712
G1 X178.887 Y180.459 E242.14951
G1 X179.849 Y179.625 E242.19186
G1 X180.637 Y178.623 E242.23426
G1 X181.22 Y177.491 E242.27661
G1 X181.58 Y176.268 E242.31901
G1 X181.701 Y175 E242.36138
G1 X181.58 Y173.732 E242.40374
G1 X181.22 Y172.509 E242.44614
G1 X180.637 Y171.377 E242.48849
G1 X179.849 Y170.375 E242.53089
G1 X178.887 Y169.541 E242.57324
G1 X177.783 Y168.904 E242.61563
G1 X176.579 Y168.488 E242.658
G1 X175.319 Y168.306 E242.70034
G1 X174.046 Y168.367 E242.74273
G1 X172.808 Y168.667 E242.7851
G1 X171.65 Y169.197 E242.82746
G1 X170.611 Y169.936 E242.86986
G1 X169.733 Y170.858 E242.91221
G1 X169.044 Y171.93 E242.95459
G1 X168.57 Y173.112 E242.99695
G1 X168.329 Y174.363 E243.03932
G1 X168.329 Y175.637 E243.0817
G1 X168.57 Y176.888 E243.12407
G1 X169.044 Y178.07 E243.16643
G1 X169.733 Y179.142 E243.20881
G1 X170.611 Y180.064 E243.25116
G1 X171.65 Y180.803 E243.29356
G1 X172.808 Y181.333 E243.33592
G1 X174.046 Y181.633 E243.37829
G1 X175.319 Y181.694 E243.42068
G0 F9000 X175.625 Y181.77
G1 F600 X174.375 Y181.77 E243.46225
G1 X173.134 Y181.538 E243.50424
G1 X171.971 Y181.087 E243.54573
G1 X170.905 Y180.427 E243.58743
G1 X169.977 Y179.581 E243.6292
G1 X169.217 Y178.576 E243.67111
G1 X168.66 Y177.456 E243.71271
G1 X168.316 Y176.25 E243.75442
G1 X168.201 Y175 E243.79617
G1 X168.316 Y173.75 E243.83792
G1 X168.66 Y172.544 E243.87964
G1 X169.217 Y171.424 E243.92124
G1 X169.977 Y170.419 E243.96315
G1 X170.905 Y169.573 E244.00491
G1 X171.971 Y168.913 E244.04662
G1 X173.134 Y168.462 E244.0881
G1 X174.375 Y168.23 E244.13009
G1 X175.625 Y168.23 E244.17167
G1 X176.866 Y168.462 E244.21366
G1 X178.029 Y168.913 E244.25515
G1 X179.095 Y169.573 E244.29685
G1 X180.023 Y170.419 E244.33862
G1 X180.783 Y171.424 E244.38052
G1 X181.34 Y172.544 E244.42213
G1 X181.684 Y173.75 E244.46384
G1 X181.799 Y175 E244.50559
G1 X181.684 Y176.25 E244.54734
G1 X181.34 Y177.456 E244.58905
G1 X180.783 Y178.576 E244.63066
G1 X180.023 Y179.581 E244.67256
G1 X179.095 Y180.427 E244.71433
G1 X178.029 Y181.087 E244.75603
G1 X176.866 Y181.538 E244.79752
G1 X175.625 Y181.77 E244.83951
G0 F9000 X175.664 Y181.847
;MESH:NONMESH
G0 F300 X175.664 Y181.847 Z16.8
G0 F9000 X175.319 Y181.694
;TIME_ELAPSED:735.427632
;LAYER:83
;TYPE:WALL-OUTER
;MESH:diffuser_reactor.stl
G1 F600 X176.579 Y181.512 E244.88185
G1 X177.783 Y181.096 E244.92422
G1 X178.887 Y180.459 E244.96661
G1 X179.849 Y179.625 E245.00896
G1 X180.637 Y178.623 E245.05136
G1 X181.22 Y177.491 E245.09371
G1 X181.58 Y176.268 E245.13611
G1 X181.701 Y175 E245.17848
G1 X181.58 Y173.732 E245.22084
G1 X181.22 Y172.509 E245.26325
G1 X180.637 Y171.377 E245.3056
G1 X179.849 Y170.375 E245.34799
G1 X178.887 Y169.541 E245.39034
G1 X177.783 Y168.904 E245.43273
G1 X176.579 Y168.488 E245.4751
G1 X175.319 Y168.306 E245.51744
G1 X174.046 Y168.367 E245.55983
G1 X172.808 Y168.667 E245.6022
G1 X171.65 Y169.197 E245.64456
G1 X170.611 Y169.936 E245.68696
G1 X169.733 Y170.858 E245.72931
G1 X169.044 Y171.93 E245.77169
G1 X168.57 Y173.112 E245.81405
G1 X168.329 Y174.363 E245.85643
G1 X168.329 Y175.637 E245.8988
G1 X168.57 Y176.888 E245.94117
G1 X169.044 Y178.07 E245.98353
G1 X169.733 Y179.142 E246.02591
G1 X170.611 Y180.064 E246.06826
G1 X171.65 Y180.803 E246.11067
G1 X172.808 Y181.333 E246.15302
G1 X174.046 Y181.633 E246.19539
G1 X175.319 Y181.694 E246.23778
G0 F9000 X175.625 Y181.77
G1 F600 X174.375 Y181.77 E246.27936
G1 X173.134 Y181.538 E246.32135
G1 X171.971 Y181.087 E246.36283
G1 X170.905 Y180.427 E246.40453
G1 X169.977 Y179.581 E246.4463
G1 X169.217 Y178.576 E246.48821
G1 X168.66 Y177.456 E246.52981
G1 X168.316 Y176.25 E246.57152
G1 X168.201 Y175 E246.61328
G1 X168.316 Y173.75 E246.65503
G1 X168.66 Y172.544 E246.69674
G1 X169.217 Y171.424 E246.73834
G1 X169.977 Y170.419 E246.78025
G1 X170.905 Y169.573 E246.82202
G1 X171.971 Y168.913 E246.86372
G1 X173.134 Y168.462 E246.9052
G1 X174.375 Y168.23 E246.9472
G1 X175.625 Y168.23 E246.98877
G1 X176.866 Y168.462 E247.03076
G1 X178.029 Y168.913 E247.07225
G1 X179.095 Y169.573 E247.11395
G1 X180.023 Y170.419 E247.15572
G1 X180.783 Y171.424 E247.19763
G1 X181.34 Y172.544 E247.23923
G1 X181.684 Y173.75 E247.28094
G1 X181.799 Y175 E247.32269
G1 X181.684 Y176.25 E247.36444
G1 X181.34 Y177.456 E247.40615
G1 X180.783 Y178.576 E247.44776
G1 X180.023 Y179.581 E247.48967
G1 X179.095 Y180.427 E247.53143
G1 X178.029 Y181.087 E247.57313
G1 X176.866 Y181.538 E247.61462
G1 X175.625 Y181.77 E247.65661
G0 F9000 X175.664 Y181.847
;MESH:NONMESH
G0 F300 X175.664 Y181.847 Z17
G0 F9000 X175.319 Y181.694
;TIME_ELAPSED:744.071629
;LAYER:84
;TYPE:WALL-OUTER
;MESH:diffuser_reactor.stl
G1 F600 X176.579 Y181.512 E247.69895
G1 X177.783 Y181.096 E247.74132
G1 X178.887 Y180.459 E247.78372
G1 X179.849 Y179.625 E247.82606
G1 X180.637 Y178.623 E247.86846
G1 X181.22 Y177.491 E247.91081
G1 X181.58 Y176.268 E247.95321
G1 X181.701 Y175 E247.99558
G1 X181.58 Y173.732 E248.03794
G1 X181.22 Y172.509 E248.08035
G1 X180.637 Y171.377 E248.1227
G1 X179.849 Y170.375 E248.1651
G1 X178.887 Y169.541 E248.20744
G1 X177.783 Y168.904 E248.24983
G1 X176.579 Y168.488 E248.2922
G1 X175.319 Y168.306 E248.33455
G1 X174.046 Y168.367 E248.37693
G1 X172.808 Y168.667 E248.4193
G1 X171.65 Y169.197 E248.46166
G1 X170.611 Y169.936 E248.50407
G1 X169.733 Y170.858 E248.54641
G1 X169.044 Y171.93 E248.5888
G1 X168.57 Y173.112 E248.63115
G1 X168.329 Y174.363 E248.67353
G1 X168.329 Y175.637 E248.7159
G1 X168.57 Y176.888 E248.75827
G1 X169.044 Y178.07 E248.80063
G1 X169.733 Y179.142 E248.84301
G1 X170.611 Y180.064 E248.88536
G1 X171.65 Y180.803 E248.92777
G1 X172.808 Y181.333 E248.97012
G1 X174.046 Y181.633 E249.01249
G1 X175.319 Y181.694 E249.05488
G0 F9000 X175.625 Y181.77
G1 F600 X174.375 Y181.77 E249.09646
G1 X173.134 Y181.538 E249.13845
G1 X171.971 Y181.087 E249.17994
G1 X170.905 Y180.427 E249.22164
G1 X169.977 Y179.581 E249.2634
G1 X169.217 Y178.576 E249.30531
G1 X168.66 Y177.456 E249.34691
G1 X168.316 Y176.25 E249.38863
G1 X168.201 Y175 E249.43038
G1 X168.316 Y173.75 E249.47213
G1 X168.66 Y172.544 E249.51384
G1 X169.217 Y171.424 E249.55544
G1 X169.977 Y170.419 E249.59735
G1 X170.905 Y169.573 E249.63912
G1 X171.971 Y168.913 E249.68082
G1 X173.134 Y168.462 E249.72231
G1 X174.375 Y168.23 E249.7643
G1 X175.625 Y168.23 E249.80587
G1 X176.866 Y168.462 E249.84786
G1 X178.029 Y168.913 E249.88935
G1 X179.095 Y169.573 E249.93105
G1 X180.023 Y170.419 E249.97282
G1 X180.783 Y171.424 E250.01473
G1 X181.34 Y172.544 E250.05633
G1 X181.684 Y173.75 E250.09804
G1 X181.799 Y175 E250.13979
G1 X181.684 Y176.25 E250.18154
G1 X181.34 Y177.456 E250.22326
G1 X180.783 Y178.576 E250.26486
G1 X180.023 Y179.581 E250.30677
G1 X179.095 Y180.427 E250.34853
G1 X178.029 Y181.087 E250.39023
G1 X176.866 Y181.538 E250.43172
G1 X175.625 Y181.77 E250.47371
G0 F9000 X175.664 Y181.847
;MESH:NONMESH
G0 F300 X175.664 Y181.847 Z17.2
G0 F9000 X175.319 Y181.694
;TIME_ELAPSED:752.715627
;LAYER:85
;TYPE:WALL-OUTER
;MESH:diffuser_reactor.stl
G1 F600 X176.579 Y181.512 E250.51606
G1 X177.783 Y181.096 E250.55842
G1 X178.887 Y180.459 E250.60082
G1 X179.849 Y179.625 E250.64316
G1 X180.637 Y178.623 E250.68556
G1 X181.22 Y177.491 E250.72791
G1 X181.58 Y176.268 E250.77031
G1 X181.701 Y175 E250.81268
G1 X181.58 Y173.732 E250.85505
G1 X181.22 Y172.509 E250.89745
G1 X180.637 Y171.377 E250.9398
G1 X179.849 Y170.375 E250.9822
G1 X178.887 Y169.541 E251.02454
G1 X177.783 Y168.904 E251.06694
G1 X176.579 Y168.488 E251.1093
G1 X175.319 Y168.306 E251.15165
G1 X174.046 Y168.367 E251.19404
G1 X172.808 Y168.667 E251.2364
G1 X171.65 Y169.197 E251.27876
G1 X170.611 Y169.936 E251.32117
G1 X169.733 Y170.858 E251.36351
G1 X169.044 Y171.93 E251.4059
G1 X168.57 Y173.112 E251.44825
G1 X168.329 Y174.363 E251.49063
G1 X168.329 Y175.637 E251.533
G1 X168.57 Y176.888 E251.57538
G1 X169.044 Y178.07 E251.61773
G1 X169.733 Y179.142 E251.66012
G1 X170.611 Y180.064 E251.70246
G1 X171.65 Y180.803 E251.74487
G1 X172.808 Y181.333 E251.78723
G1 X174.046 Y181.633 E251.82959
G1 X175.319 Y181.694 E251.87198
G0 F9000 X175.625 Y181.77
G1 F600 X174.375 Y181.77 E251.91356
G1 X173.134 Y181.538 E251.95555
G1 X171.971 Y181.087 E251.99704
G1 X170.905 Y180.427 E252.03874
G1 X169.977 Y179.581 E252.0805
G1 X169.217 Y178.576 E252.12241
G1 X168.66 Y177.456 E252.16402
G1 X168.316 Y176.25 E252.20573
G1 X168.201 Y175 E252.24748
G1 X168.316 Y173.75 E252.28923
G1 X168.66 Y172.544 E252.33094
G1 X169.217 Y171.424 E252.37254
G1 X169.977 Y170.419 E252.41445
G1 X170.905 Y169.573 E252.45622
G1 X171.971 Y168.913 E252.49792
G1 X173.134 Y168.462 E252.53941
G1 X174.375 Y168.23 E252.5814
G1 X175.625 Y168.23 E252.62297
G1 X176.866 Y168.462 E252.66496
G1 X178.029 Y168.913 E252.70645
G1 X179.095 Y169.573 E252.74815
G1 X180.023 Y170.419 E252.78992
G1 X180.783 Y171.424 E252.83183
G1 X181.34 Y172.544 E252.87343
G1 X181.684 Y173.75 E252.91514
G1 X181.799 Y175 E252.95689
G1 X181.684 Y176.25 E252.99865
G1 X181.34 Y177.456 E253.04036
G1 X180.783 Y178.576 E253.08196
G1 X180.023 Y179.581 E253.12387
G1 X179.095 Y180.427 E253.16563
G1 X178.029 Y181.087 E253.20734
G1 X176.866 Y181.538 E253.24882
G1 X175.625 Y181.77 E253.29081
G0 F9000 X175.664 Y181.847
;MESH:NONMESH
G0 F300 X175.664 Y181.847 Z17.4
G0 F9000 X175.319 Y181.694
;TIME_ELAPSED:761.359625
;LAYER:86
;TYPE:WALL-OUTER
;MESH:diffuser_reactor.stl
G1 F600 X176.579 Y181.512 E253.33316
G1 X177.783 Y181.096 E253.37553
G1 X178.887 Y180.459 E253.41792
G1 X179.849 Y179.625 E253.46027
G1 X180.637 Y178.623 E253.50266
G1 X181.22 Y177.491 E253.54501
G1 X181.58 Y176.268 E253.58742
G1 X181.701 Y175 E253.62978
G1 X181.58 Y173.732 E253.67215
G1 X181.22 Y172.509 E253.71455
G1 X180.637 Y171.377 E253.7569
G1 X179.849 Y170.375 E253.7993
G1 X178.887 Y169.541 E253.84164
G1 X177.783 Y168.904 E253.88404
G1 X176.579 Y168.488 E253.92641
G1 X175.319 Y168.306 E253.96875
G1 X174.046 Y168.367 E254.01114
G1 X172.808 Y168.667 E254.0535
G1 X171.65 Y169.197 E254.09586
G1 X170.611 Y169.936 E254.13827
G1 X169.733 Y170.858 E254.18062
G1 X169.044 Y171.93 E254.223
G1 X168.57 Y173.112 E254.26536
G1 X168.329 Y174.363 E254.30773
G1 X168.329 Y175.637 E254.3501
G1 X168.57 Y176.888 E254.39248
G1 X169.044 Y178.07 E254.43483
G1 X169.733 Y179.142 E254.47722
G1 X170.611 Y180.064 E254.51956
G1 X171.65 Y180.803 E254.56197
G1 X172.808 Y181.333 E254.60433
G1 X174.046 Y181.633 E254.6467
G1 X175.319 Y181.694 E254.68908
G0 F9000 X175.625 Y181.77
G1 F600 X174.375 Y181.77 E254.73066
G1 X173.134 Y181.538 E254.77265
G1 X171.971 Y181.087 E254.81414
G1 X170.905 Y180.427 E254.85584
G1 X169.977 Y179.581 E254.89761
G1 X169.217 Y178.576 E254.93951
G1 X168.66 Y177.456 E254.98112
G1 X168.316 Y176.25 E255.02283
G1 X168.201 Y175 E255.06458
G1 X168.316 Y173.75 E255.10633
G1 X168.66 Y172.544 E255.14804
G1 X169.217 Y171.424 E255.18965
G1 X169.977 Y170.419 E255.23155
G1 X170.905 Y169.573 E255.27332
G1 X171.971 Y168.913 E255.31502
G1 X173.134 Y168.462 E255.35651
G1 X174.375 Y168.23 E255.3985
G1 X175.625 Y168.23 E255.44008
G1 X176.866 Y168.462 E255.48207
G1 X178.029 Y168.913 E255.52355
G1 X179.095 Y169.573 E255.56526
G1 X180.023 Y170.419 E255.60702
G1 X180.783 Y171.424 E255.64893
G1 X181.34 Y172.544 E255.69053
G1 X181.684 Y173.75 E255.73225
G1 X181.799 Y175 E255.774
G1 X181.684 Y176.25 E255.81575
G1 X181.34 Y177.456 E255.85746
G1 X180.783 Y178.576 E255.89906
G1 X180.023 Y179.581 E255.94097
G1 X179.095 Y180.427 E255.98274
G1 X178.029 Y181.087 E256.02444
G1 X176.866 Y181.538 E256.06593
G1 X175.625 Y181.77 E256.10792
G0 F9000 X175.664 Y181.847
;MESH:NONMESH
G0 F300 X175.664 Y181.847 Z17.6
G0 F9000 X175.319 Y181.694
;TIME_ELAPSED:770.003623
;LAYER:87
;TYPE:WALL-OUTER
;MESH:diffuser_reactor.stl
G1 F600 X176.579 Y181.512 E256.15026
G1 X177.783 Y181.096 E256.19263
G1 X178.887 Y180.459 E256.23502
G1 X179.849 Y179.625 E256.27737
G1 X180.637 Y178.623 E256.31976
G1 X181.22 Y177.491 E256.36211
G1 X181.58 Y176.268 E256.40452
G1 X181.701 Y175 E256.44688
G1 X181.58 Y173.732 E256.48925
G1 X181.22 Y172.509 E256.53165
G1 X180.637 Y171.377 E256.574
G1 X179.849 Y170.375 E256.6164
G1 X178.887 Y169.541 E256.65875
G1 X177.783 Y168.904 E256.70114
G1 X176.579 Y168.488 E256.74351
G1 X175.319 Y168.306 E256.78585
G1 X174.046 Y168.367 E256.82824
G1 X172.808 Y168.667 E256.87061
G1 X171.65 Y169.197 E256.91296
G1 X170.611 Y169.936 E256.95537
G1 X169.733 Y170.858 E256.99772
G1 X169.044 Y171.93 E257.0401
G1 X168.57 Y173.112 E257.08246
G1 X168.329 Y174.363 E257.12483
G1 X168.329 Y175.637 E257.1672
G1 X168.57 Y176.888 E257.20958
G1 X169.044 Y178.07 E257.25193
G1 X169.733 Y179.142 E257.29432
G1 X170.611 Y180.064 E257.33666
G1 X171.65 Y180.803 E257.37907
G1 X172.808 Y181.333 E257.42143
G1 X174.046 Y181.633 E257.4638
G1 X175.319 Y181.694 E257.50619
G0 F9000 X175.625 Y181.77
G1 F600 X174.375 Y181.77 E257.54776
G1 X173.134 Y181.538 E257.58975
G1 X171.971 Y181.087 E257.63124
G1 X170.905 Y180.427 E257.67294
G1 X169.977 Y179.581 E257.71471
G1 X169.217 Y178.576 E257.75662
G1 X168.66 Y177.456 E257.79822
G1 X168.316 Y176.25 E257.83993
G1 X168.201 Y175 E257.88168
G1 X168.316 Y173.75 E257.92343
G1 X168.66 Y172.544 E257.96514
G1 X169.217 Y171.424 E258.00675
G1 X169.977 Y170.419 E258.04866
G1 X170.905 Y169.573 E258.09042
G1 X171.971 Y168.913 E258.13212
G1 X173.134 Y168.462 E258.17361
G1 X174.375 Y168.23 E258.2156
G1 X175.625 Y168.23 E258.25718
G1 X176.866 Y168.462 E258.29917
G1 X178.029 Y168.913 E258.34066
G1 X179.095 Y169.573 E258.38236
G1 X180.023 Y170.419 E258.42412
G1 X180.783 Y171.424 E258.46603
G1 X181.34 Y172.544 E258.50764
G1 X181.684 Y173.75 E258.54935
G1 X181.799 Y175 E258.5911
G1 X181.684 Y176.25 E258.63285
G1 X181.34 Y177.456 E258.67456
G1 X180.783 Y178.576 E258.71616
G1 X180.023 Y179.581 E258.75807
G1 X179.095 Y180.427 E258.79984
G1 X178.029 Y181.087 E258.84154
G1 X176.866 Y181.538 E258.88303
G1 X175.625 Y181.77 E258.92502
G0 F9000 X175.664 Y181.847
;MESH:NONMESH
G0 F300 X175.664 Y181.847 Z17.8
G0 F9000 X175.319 Y181.694
;TIME_ELAPSED:778.647621
;LAYER:88
;TYPE:WALL-OUTER
;MESH:diffuser_reactor.stl
G1 F600 X176.579 Y181.512 E258.96736
G1 X177.783 Y181.096 E259.00973
G1 X178.887 Y180.459 E259.05212
G1 X179.849 Y179.625 E259.09447
G1 X180.637 Y178.623 E259.13687
G1 X181.22 Y177.491 E259.17922
G1 X181.58 Y176.268 E259.22162
G1 X181.701 Y175 E259.26398
G1 X181.58 Y173.732 E259.30635
G1 X181.22 Y172.509 E259.34875
G1 X180.637 Y171.377 E259.3911
G1 X179.849 Y170.375 E259.4335
G1 X178.887 Y169.541 E259.47585
G1 X177.783 Y168.904 E259.51824
G1 X176.579 Y168.488 E259.56061
G1 X175.319 Y168.306 E259.60295
G1 X174.046 Y168.367 E259.64534
G1 X172.808 Y168.667 E259.68771
G1 X171.65 Y169.197 E259.73007
G1 X170.611 Y169.936 E259.77247
G1 X169.733 Y170.858 E259.81482
G1 X169.044 Y171.93 E259.8572
G1 X168.57 Y173.112 E259.89956
G1 X168.329 Y174.363 E259.94193
G1 X168.329 Y175.637 E259.98431
G1 X168.57 Y176.888 E260.02668
G1 X169.044 Y178.07 E260.06904
G1 X169.733 Y179.142 E260.11142
G1 X170.611 Y180.064 E260.15377
G1 X171.65 Y180.803 E260.19617
G1 X172.808 Y181.333 E260.23853
G1 X174.046 Y181.633 E260.2809
G1 X175.319 Y181.694 E260.32329
G0 F9000 X175.625 Y181.77
G1 F600 X174.375 Y181.77 E260.36486
G1 X173.134 Y181.538 E260.40685
G1 X171.971 Y181.087 E260.44834
G1 X170.905 Y180.427 E260.49004
G1 X169.977 Y179.581 E260.53181
G1 X169.217 Y178.576 E260.57372
G1 X168.66 Y177.456 E260.61532
G1 X168.316 Y176.25 E260.65703
G1 X168.201 Y175 E260.69878
G1 X168.316 Y173.75 E260.74053
G1 X168.66 Y172.544 E260.78225
G1 X169.217 Y171.424 E260.82385
G1 X169.977 Y170.419 E260.86576
G1 X170.905 Y169.573 E260.90752
G1 X171.971 Y168.913 E260.94922
G1 X173.134 Y168.462 E260.99071
G1 X174.375 Y168.23 E261.0327
G1 X175.625 Y168.23 E261.07428
G1 X176.866 Y168.462 E261.11627
G1 X178.029 Y168.913 E261.15776
G1 X179.095 Y169.573 E261.19946
G1 X180.023 Y170.419 E261.24122
G1 X180.783 Y171.424 E261.28313
G1 X181.34 Y172.544 E261.32474
G1 X181.684 Y173.75 E261.36645
G1 X181.799 Y175 E261.4082
G1 X181.684 Y176.25 E261.44995
G1 X181.34 Y177.456 E261.49166
G1 X180.783 Y178.576 E261.53326
G1 X180.023 Y179.581 E261.57517
G1 X179.095 Y180.427 E261.61694
G1 X178.029 Y181.087 E261.65864
G1 X176.866 Y181.538 E261.70013
G1 X175.625 Y181.77 E261.74212
G0 F9000 X175.664 Y181.847
;MESH:NONMESH
G0 F300 X175.664 Y181.847 Z18
G0 F9000 X175.319 Y181.694
;TIME_ELAPSED:787.291619
;LAYER:89
;TYPE:WALL-OUTER
;MESH:diffuser_reactor.stl
G1 F600 X176.579 Y181.512 E261.78446
G1 X177.783 Y181.096 E261.82683
G1 X178.887 Y180.459 E261.86922
G1 X179.849 Y179.625 E261.91157
G1 X180.637 Y178.623 E261.95397
G1 X181.22 Y177.491 E261.99632
G1 X181.58 Y176.268 E262.03872
G1 X181.701 Y175 E262.08109
G1 X181.58 Y173.732 E262.12345
G1 X181.22 Y172.509 E262.16585
G1 X180.637 Y171.377 E262.2082
G1 X179.849 Y170.375 E262.2506
G1 X178.887 Y169.541 E262.29295
G1 X177.783 Y168.904 E262.33534
G1 X176.579 Y168.488 E262.37771
G1 X175.319 Y168.306 E262.42005
G1 X174.046 Y168.367 E262.46244
G1 X172.808 Y168.667 E262.50481
G1 X171.65 Y169.197 E262.54717
G1 X170.611 Y169.936 E262.58957
G1 X169.733 Y170.858 E262.63192
G1 X169.044 Y171.93 E262.6743
G1 X168.57 Y173.112 E262.71666
G1 X168.329 Y174.363 E262.75903
G1 X168.329 Y175.637 E262.80141
G1 X168.57 Y176.888 E262.84378
G1 X169.044 Y178.07 E262.88614
G1 X169.733 Y179.142 E262.92852
G1 X170.611 Y180.064 E262.97087
G1 X171.65 Y180.803 E263.01327
G1 X172.808 Y181.333 E263.05563
G1 X174.046 Y181.633 E263.098
G1 X175.319 Y181.694 E263.14039
G0 F9000 X175.625 Y181.77
G1 F600 X174.375 Y181.77 E263.18196
G1 X173.134 Y181.538 E263.22395
G1 X171.971 Y181.087 E263.26544
G1 X170.905 Y180.427 E263.30714
G1 X169.977 Y179.581 E263.34891
G1 X169.217 Y178.576 E263.39082
G1 X168.66 Y177.456 E263.43242
G1 X168.316 Y176.25 E263.47413
G1 X168.201 Y175 E263.51588
G1 X168.316 Y173.75 E263.55764
G1 X168.66 Y172.544 E263.59935
G1 X169.217 Y171.424 E263.64095
G1 X169.977 Y170.419 E263.68286
G1 X170.905 Y169.573 E263.72462
G1 X171.971 Y168.913 E263.76633
G1 X173.134 Y168.462 E263.80781
G1 X174.375 Y168.23 E263.8498
G1 X175.625 Y168.23 E263.89138
G1 X176.866 Y168.462 E263.93337
G1 X178.029 Y168.913 E263.97486
G1 X179.095 Y169.573 E264.01656
G1 X180.023 Y170.419 E264.05833
G1 X180.783 Y171.424 E264.10023
G1 X181.34 Y172.544 E264.14184
G1 X181.684 Y173.75 E264.18355
G1 X181.799 Y175 E264.2253
G1 X181.684 Y176.25 E264.26705
G1 X181.34 Y177.456 E264.30876
G1 X180.783 Y178.576 E264.35037
G1 X180.023 Y179.581 E264.39227
G1 X179.095 Y180.427 E264.43404
G1 X178.029 Y181.087 E264.47574
G1 X176.866 Y181.538 E264.51723
G1 X175.625 Y181.77 E264.55922
G0 F9000 X175.664 Y181.847
;MESH:NONMESH
G0 F300 X175.664 Y181.847 Z18.2
G0 F9000 X175.319 Y181.694
;TIME_ELAPSED:795.935617
;LAYER:90
;TYPE:WALL-OUTER
;MESH:diffuser_reactor.stl
G1 F600 X176.579 Y181.512 E264.60156
G1 X177.783 Y181.096 E264.64393
G1 X178.887 Y180.459 E264.68632
G1 X179.849 Y179.625 E264.72867
G1 X180.637 Y178.623 E264.77107
G1 X181.22 Y177.491 E264.81342
G1 X181.58 Y176.268 E264.85582
G1 X181.701 Y175 E264.89819
G1 X181.58 Y173.732 E264.94055
G1 X181.22 Y172.509 E264.98296
G1 X180.637 Y171.377 E265.02531
G1 X179.849 Y170.375 E265.0677
G1 X178.887 Y169.541 E265.11005
G1 X177.783 Y168.904 E265.15244
G1 X176.579 Y168.488 E265.19481
G1 X175.319 Y168.306 E265.23715
G1 X174.046 Y168.367 E265.27954
G1 X172.808 Y168.667 E265.32191
G1 X171.65 Y169.197 E265.36427
G1 X170.611 Y169.936 E265.40668
G1 X169.733 Y170.858 E265.44902
G1 X169.044 Y171.93 E265.49141
G1 X168.57 Y173.112 E265.53376
G1 X168.329 Y174.363 E265.57614
G1 X168.329 Y175.637 E265.61851
G1 X168.57 Y176.888 E265.66088
G1 X169.044 Y178.07 E265.70324
G1 X169.733 Y179.142 E265.74562
G1 X170.611 Y180.064 E265.78797
G1 X171.65 Y180.803 E265.83038
G1 X172.808 Y181.333 E265.87273
G1 X174.046 Y181.633 E265.9151
G1 X175.319 Y181.694 E265.95749
G0 F9000 X175.625 Y181.77
G1 F600 X174.375 Y181.77 E265.99907
G1 X173.134 Y181.538 E266.04106
G1 X171.971 Y181.087 E266.08254
G1 X170.905 Y180.427 E266.12425
G1 X169.977 Y179.581 E266.16601
G1 X169.217 Y178.576 E266.20792
G1 X168.66 Y177.456 E266.24952
G1 X168.316 Y176.25 E266.29124
G1 X168.201 Y175 E266.33299
G1 X168.316 Y173.75 E266.37474
G1 X168.66 Y172.544 E266.41645
G1 X169.217 Y171.424 E266.45805
G1 X169.977 Y170.419 E266.49996
G1 X170.905 Y169.573 E266.54173
G1 X171.971 Y168.913 E266.58343
G1 X173.134 Y168.462 E266.62492
G1 X174.375 Y168.23 E266.66691
G1 X175.625 Y168.23 E266.70848
G1 X176.866 Y168.462 E266.75047
G1 X178.029 Y168.913 E266.79196
G1 X179.095 Y169.573 E266.83366
G1 X180.023 Y170.419 E266.87543
G1 X180.783 Y171.424 E266.91734
G1 X181.34 Y172.544 E266.95894
G1 X181.684 Y173.75 E267.00065
G1 X181.799 Y175 E267.0424
G1 X181.684 Y176.25 E267.08415
G1 X181.34 Y177.456 E267.12586
G1 X180.783 Y178.576 E267.16747
G1 X180.023 Y179.581 E267.20938
G1 X179.095 Y180.427 E267.25114
G1 X178.029 Y181.087 E267.29284
G1 X176.866 Y181.538 E267.33433
G1 X175.625 Y181.77 E267.37632
G0 F9000 X175.664 Y181.847
;MESH:NONMESH
G0 F300 X175.664 Y181.847 Z18.4
G0 F9000 X175.319 Y181.694
;TIME_ELAPSED:804.579615
;LAYER:91
;TYPE:WALL-OUTER
;MESH:diffuser_reactor.stl
G1 F600 X176.579 Y181.512 E267.41866
G1 X177.783 Y181.096 E267.46103
G1 X178.887 Y180.459 E267.50343
G1 X179.849 Y179.625 E267.54577
G1 X180.637 Y178.623 E267.58817
G1 X181.22 Y177.491 E267.63052
G1 X181.58 Y176.268 E267.67292
G1 X181.701 Y175 E267.71529
G1 X181.58 Y173.732 E267.75765
G1 X181.22 Y172.509 E267.80006
G1 X180.637 Y171.377 E267.84241
G1 X179.849 Y170.375 E267.88481
G1 X178.887 Y169.541 E267.92715
G1 X177.783 Y168.904 E267.96954
G1 X176.579 Y168.488 E268.01191
G1 X175.319 Y168.306 E268.05426
G1 X174.046 Y168.367 E268.09664
G1 X172.808 Y168.667 E268.13901
G1 X171.65 Y169.197 E268.18137
G1 X170.611 Y169.936 E268.22378
G1 X169.733 Y170.858 E268.26612
G1 X169.044 Y171.93 E268.30851
G1 X168.57 Y173.112 E268.35086
G1 X168.329 Y174.363 E268.39324
G1 X168.329 Y175.637 E268.43561
G1 X168.57 Y176.888 E268.47798
G1 X169.044 Y178.07 E268.52034
G1 X169.733 Y179.142 E268.56272
G1 X170.611 Y180.064 E268.60507
G1 X171.65 Y180.803 E268.64748
G1 X172.808 Y181.333 E268.68984
G1 X174.046 Y181.633 E268.7322
G1 X175.319 Y181.694 E268.77459
G0 F9000 X175.625 Y181.77
G1 F600 X174.375 Y181.77 E268.81617
G1 X173.134 Y181.538 E268.85816
G1 X171.971 Y181.087 E268.89965
G1 X170.905 Y180.427 E268.94135
G1 X169.977 Y179.581 E268.98311
G1 X169.217 Y178.576 E269.02502
G1 X168.66 Y177.456 E269.06662
G1 X168.316 Y176.25 E269.10834
G1 X168.201 Y175 E269.15009
G1 X168.316 Y173.75 E269.19184
G1 X168.66 Y172.544 E269.23355
G1 X169.217 Y171.424 E269.27515
G1 X169.977 Y170.419 E269.31706
G1 X170.905 Y169.573 E269.35883
G1 X171.971 Y168.913 E269.40053
G1 X173.134 Y168.462 E269.44202
G1 X174.375 Y168.23 E269.48401
G1 X175.625 Y168.23 E269.52558
G1 X176.866 Y168.462 E269.56757
G1 X178.029 Y168.913 E269.60906
G1 X179.095 Y169.573 E269.65076
G1 X180.023 Y170.419 E269.69253
G1 X180.783 Y171.424 E269.73444
G1 X181.34 Y172.544 E269.77604
G1 X181.684 Y173.75 E269.81775
G1 X181.799 Y175 E269.8595
G1 X181.684 Y176.25 E269.90125
G1 X181.34 Y177.456 E269.94297
G1 X180.783 Y178.576 E269.98457
G1 X180.023 Y179.581 E270.02648
G1 X179.095 Y180.427 E270.06824
G1 X178.029 Y181.087 E270.10994
G1 X176.866 Y181.538 E270.15143
G1 X175.625 Y181.77 E270.19342
G0 F9000 X175.664 Y181.847
;MESH:NONMESH
G0 F300 X175.664 Y181.847 Z18.6
G0 F9000 X175.319 Y181.694
;TIME_ELAPSED:813.223613
;LAYER:92
;TYPE:WALL-OUTER
;MESH:diffuser_reactor.stl
G1 F600 X176.579 Y181.512 E270.23577
G1 X177.783 Y181.096 E270.27813
G1 X178.887 Y180.459 E270.32053
G1 X179.849 Y179.625 E270.36287
G1 X180.637 Y178.623 E270.40527
G1 X181.22 Y177.491 E270.44762
G1 X181.58 Y176.268 E270.49002
G1 X181.701 Y175 E270.53239
G1 X181.58 Y173.732 E270.57476
G1 X181.22 Y172.509 E270.61716
G1 X180.637 Y171.377 E270.65951
G1 X179.849 Y170.375 E270.70191
G1 X178.887 Y169.541 E270.74425
G1 X177.783 Y168.904 E270.78665
G1 X176.579 Y168.488 E270.82901
G1 X175.319 Y168.306 E270.87136
G1 X174.046 Y168.367 E270.91375
G1 X172.808 Y168.667 E270.95611
G1 X171.65 Y169.197 E270.99847
G1 X170.611 Y169.936 E271.04088
G1 X169.733 Y170.858 E271.08322
G1 X169.044 Y171.93 E271.12561
G1 X168.57 Y173.112 E271.16796
G1 X168.329 Y174.363 E271.21034
G1 X168.329 Y175.637 E271.25271
G1 X168.57 Y176.888 E271.29509
G1 X169.044 Y178.07 E271.33744
G1 X169.733 Y179.142 E271.37983
G1 X170.611 Y180.064 E271.42217
G1 X171.65 Y180.803 E271.46458
G1 X172.808 Y181.333 E271.50694
G1 X174.046 Y181.633 E271.5493
G1 X175.319 Y181.694 E271.59169
G0 F9000 X175.625 Y181.77
G1 F600 X174.375 Y181.77 E271.63327
G1 X173.134 Y181.538 E271.67526
G1 X171.971 Y181.087 E271.71675
G1 X170.905 Y180.427 E271.75845
G1 X169.977 Y179.581 E271.80021
G1 X169.217 Y178.576 E271.84212
G1 X168.66 Y177.456 E271.88373
G1 X168.316 Y176.25 E271.92544
G1 X168.201 Y175 E271.96719
G1 X168.316 Y173.75 E272.00894
G1 X168.66 Y172.544 E272.05065
G1 X169.217 Y171.424 E272.09225
G1 X169.977 Y170.419 E272.13416
G1 X170.905 Y169.573 E272.17593
G1 X171.971 Y168.913 E272.21763
G1 X173.134 Y168.462 E272.25912
G1 X174.375 Y168.23 E272.30111
G1 X175.625 Y168.23 E272.34268
G1 X176.866 Y168.462 E272.38468
G1 X178.029 Y168.913 E272.42616
G1 X179.095 Y169.573 E272.46786
G1 X180.023 Y170.419 E272.50963
G1 X180.783 Y171.424 E272.55154
G1 X181.34 Y172.544 E272.59314
G1 X181.684 Y173.75 E272.63485
G1 X181.799 Y175 E272.6766
G1 X181.684 Y176.25 E272.71836
G1 X181.34 Y177.456 E272.76007
G1 X180.783 Y178.576 E272.80167
G1 X180.023 Y179.581 E272.84358
G1 X179.095 Y180.427 E272.88535
G1 X178.029 Y181.087 E272.92705
G1 X176.866 Y181.538 E272.96853
G1 X175.625 Y181.77 E273.01053
G0 F9000 X175.664 Y181.847
;MESH:NONMESH
G0 F300 X175.664 Y181.847 Z18.8
G0 F9000 X175.319 Y181.694
;TIME_ELAPSED:821.867611
;LAYER:93
;TYPE:WALL-OUTER
;MESH:diffuser_reactor.stl
G1 F600 X176.579 Y181.512 E273.05287
G1 X177.783 Y181.096 E273.09524
G1 X178.887 Y180.459 E273.13763
G1 X179.849 Y179.625 E273.17998
G1 X180.637 Y178.623 E273.22237
G1 X181.22 Y177.491 E273.26472
G1 X181.58 Y176.268 E273.30713
G1 X181.701 Y175 E273.34949
G1 X181.58 Y173.732 E273.39186
G1 X181.22 Y172.509 E273.43426
G1 X180.637 Y171.377 E273.47661
G1 X179.849 Y170.375 E273.51901
G1 X178.887 Y169.541 E273.56135
G1 X177.783 Y168.904 E273.60375
G1 X176.579 Y168.488 E273.64612
G1 X175.319 Y168.306 E273.68846
G1 X174.046 Y168.367 E273.73085
G1 X172.808 Y168.667 E273.77322
G1 X171.65 Y169.197 E273.81557
G1 X170.611 Y169.936 E273.85798
G1 X169.733 Y170.858 E273.90033
G1 X169.044 Y171.93 E273.94271
G1 X168.57 Y173.112 E273.98507
G1 X168.329 Y174.363 E274.02744
G1 X168.329 Y175.637 E274.06981
G1 X168.57 Y176.888 E274.11219
G1 X169.044 Y178.07 E274.15454
G1 X169.733 Y179.142 E274.19693
G1 X170.611 Y180.064 E274.23927
G1 X171.65 Y180.803 E274.28168
G1 X172.808 Y181.333 E274.32404
G1 X174.046 Y181.633 E274.36641
G1 X175.319 Y181.694 E274.40879
G0 F9000 X175.625 Y181.77
G1 F600 X174.375 Y181.77 E274.45037
G1 X173.134 Y181.538 E274.49236
G1 X171.971 Y181.087 E274.53385
G1 X170.905 Y180.427 E274.57555
G1 X169.977 Y179.581 E274.61732
G1 X169.217 Y178.576 E274.65922
G1 X168.66 Y177.456 E274.70083
G1 X168.316 Y176.25 E274.74254
G1 X168.201 Y175 E274.78429
G1 X168.316 Y173.75 E274.82604
G1 X168.66 Y172.544 E274.86775
G1 X169.217 Y171.424 E274.90936
G1 X169.977 Y170.419 E274.95126
G1 X170.905 Y169.573 E274.99303
G1 X171.971 Y168.913 E275.03473
G1 X173.134 Y168.462 E275.07622
G1 X174.375 Y168.23 E275.11821
G1 X175.625 Y168.23 E275.15979
G1 X176.866 Y168.462 E275.20178
G1 X178.029 Y168.913 E275.24326
G1 X179.095 Y169.573 E275.28497
G1 X180.023 Y170.419 E275.32673
G1 X180.783 Y171.424 E275.36864
G1 X181.34 Y172.544 E275.41024
G1 X181.684 Y173.75 E275.45196
G1 X181.799 Y175 E275.49371
G1 X181.684 Y176.25 E275.53546
G1 X181.34 Y177.456 E275.57717
G1 X180.783 Y178.576 E275.61877
G1 X180.023 Y179.581 E275.66068
G1 X179.095 Y180.427 E275.70245
G1 X178.029 Y181.087 E275.74415
G1 X176.866 Y181.538 E275.78564
G1 X175.625 Y181.77 E275.82763
G0 F9000 X175.664 Y181.847
;MESH:NONMESH
G0 F300 X175.664 Y181.847 Z19
G0 F9000 X175.319 Y181.694
;TIME_ELAPSED:830.511609
;LAYER:94
;TYPE:WALL-OUTER
;MESH:diffuser_reactor.stl
G1 F600 X176.579 Y181.512 E275.86997
G1 X177.783 Y181.096 E275.91234
G1 X178.887 Y180.459 E275.95473
G1 X179.849 Y179.625 E275.99708
G1 X180.637 Y178.623 E276.03947
G1 X181.22 Y177.491 E276.08183
G1 X181.58 Y176.268 E276.12423
G1 X181.701 Y175 E276.16659
G1 X181.58 Y173.732 E276.20896
G1 X181.22 Y172.509 E276.25136
G1 X180.637 Y171.377 E276.29371
G1 X179.849 Y170.375 E276.33611
G1 X178.887 Y169.541 E276.37846
G1 X177.783 Y168.904 E276.42085
G1 X176.579 Y168.488 E276.46322
G1 X175.319 Y168.306 E276.50556
G1 X174.046 Y168.367 E276.54795
G1 X172.808 Y168.667 E276.59032
G1 X171.65 Y169.197 E276.63267
G1 X170.611 Y169.936 E276.67508
G1 X169.733 Y170.858 E276.71743
G1 X169.044 Y171.93 E276.75981
G1 X168.57 Y173.112 E276.80217
G1 X168.329 Y174.363 E276.84454
G1 X168.329 Y175.637 E276.88691
G1 X168.57 Y176.888 E276.92929
G1 X169.044 Y178.07 E276.97165
G1 X169.733 Y179.142 E277.01403
G1 X170.611 Y180.064 E277.05638
G1 X171.65 Y180.803 E277.09878
G1 X172.808 Y181.333 E277.14114
G1 X174.046 Y181.633 E277.18351
G1 X175.319 Y181.694 E277.2259
G0 F9000 X175.625 Y181.77
G1 F600 X174.375 Y181.77 E277.26747
G1 X173.134 Y181.538 E277.30946
G1 X171.971 Y181.087 E277.35095
G1 X170.905 Y180.427 E277.39265
G1 X169.977 Y179.581 E277.43442
G1 X169.217 Y178.576 E277.47633
G1 X168.66 Y177.456 E277.51793
G1 X168.316 Y176.25 E277.55964
G1 X168.201 Y175 E277.60139
G1 X168.316 Y173.75 E277.64314
G1 X168.66 Y172.544 E277.68485
G1 X169.217 Y171.424 E277.72646
G1 X169.977 Y170.419 E277.76837
G1 X170.905 Y169.573 E277.81013
G1 X171.971 Y168.913 E277.85183
G1 X173.134 Y168.462 E277.89332
G1 X174.375 Y168.23 E277.93531
G1 X175.625 Y168.23 E277.97689
G1 X176.866 Y168.462 E278.01888
G1 X178.029 Y168.913 E278.06037
G1 X179.095 Y169.573 E278.10207
G1 X180.023 Y170.419 E278.14383
G1 X180.783 Y171.424 E278.18574
G1 X181.34 Y172.544 E278.22735
G1 X181.684 Y173.75 E278.26906
G1 X181.799 Y175 E278.31081
G1 X181.684 Y176.25 E278.35256
G1 X181.34 Y177.456 E278.39427
G1 X180.783 Y178.576 E278.43587
G1 X180.023 Y179.581 E278.47778
G1 X179.095 Y180.427 E278.51955
G1 X178.029 Y181.087 E278.56125
G1 X176.866 Y181.538 E278.60274
G1 X175.625 Y181.77 E278.64473
G0 F9000 X175.664 Y181.847
;MESH:NONMESH
G0 F300 X175.664 Y181.847 Z19.2
G0 F9000 X175.319 Y181.694
;TIME_ELAPSED:839.155607
;LAYER:95
;TYPE:WALL-OUTER
;MESH:diffuser_reactor.stl
G1 F600 X176.579 Y181.512 E278.68707
G1 X177.783 Y181.096 E278.72944
G1 X178.887 Y180.459 E278.77183
G1 X179.849 Y179.625 E278.81418
G1 X180.637 Y178.623 E278.85658
G1 X181.22 Y177.491 E278.89893
G1 X181.58 Y176.268 E278.94133
G1 X181.701 Y175 E278.98369
G1 X181.58 Y173.732 E279.02606
G1 X181.22 Y172.509 E279.06846
G1 X180.637 Y171.377 E279.11081
G1 X179.849 Y170.375 E279.15321
G1 X178.887 Y169.541 E279.19556
G1 X177.783 Y168.904 E279.23795
G1 X176.579 Y168.488 E279.28032
G1 X175.319 Y168.306 E279.32266
G1 X174.046 Y168.367 E279.36505
G1 X172.808 Y168.667 E279.40742
G1 X171.65 Y169.197 E279.44978
G1 X170.611 Y169.936 E279.49218
G1 X169.733 Y170.858 E279.53453
G1 X169.044 Y171.93 E279.57691
G1 X168.57 Y173.112 E279.61927
G1 X168.329 Y174.363 E279.66164
G1 X168.329 Y175.637 E279.70402
G1 X168.57 Y176.888 E279.74639
G1 X169.044 Y178.07 E279.78875
G1 X169.733 Y179.142 E279.83113
G1 X170.611 Y180.064 E279.87348
G1 X171.65 Y180.803 E279.91588
G1 X172.808 Y181.333 E279.95824
G1 X174.046 Y181.633 E280.00061
G1 X175.319 Y181.694 E280.043
G0 F9000 X175.625 Y181.77
G1 F600 X174.375 Y181.77 E280.08457
G1 X173.134 Y181.538 E280.12656
G1 X171.971 Y181.087 E280.16805
G1 X170.905 Y180.427 E280.20975
G1 X169.977 Y179.581 E280.25152
G1 X169.217 Y178.576 E280.29343
G1 X168.66 Y177.456 E280.33503
G1 X168.316 Y176.25 E280.37674
G1 X168.201 Y175 E280.41849
G1 X168.316 Y173.75 E280.46024
G1 X168.66 Y172.544 E280.50196
G1 X169.217 Y171.424 E280.54356
G1 X169.977 Y170.419 E280.58547
G1 X170.905 Y169.573 E280.62723
G1 X171.971 Y168.913 E280.66893
G1 X173.134 Y168.462 E280.71042
G1 X174.375 Y168.23 E280.75241
G1 X175.625 Y168.23 E280.79399
G1 X176.866 Y168.462 E280.83598
G1 X178.029 Y168.913 E280.87747
G1 X179.095 Y169.573 E280.91917
G1 X180.023 Y170.419 E280.96094
G1 X180.783 Y171.424 E281.00284
G1 X181.34 Y172.544 E281.04445
G1 X181.684 Y173.75 E281.08616
G1 X181.799 Y175 E281.12791
G1 X181.684 Y176.25 E281.16966
G1 X181.34 Y177.456 E281.21137
G1 X180.783 Y178.576 E281.25298
G1 X180.023 Y179.581 E281.29488
G1 X179.095 Y180.427 E281.33665
G1 X178.029 Y181.087 E281.37835
G1 X176.866 Y181.538 E281.41984
G1 X175.625 Y181.77 E281.46183
G0 F9000 X175.664 Y181.847
;MESH:NONMESH
G0 F300 X175.664 Y181.847 Z19.4
G0 F9000 X175.319 Y181.694
;TIME_ELAPSED:847.799605
;LAYER:96
;TYPE:WALL-OUTER
;MESH:diffuser_reactor.stl
G1 F600 X176.579 Y181.512 E281.50417
G1 X177.783 Y181.096 E281.54654
G1 X178.887 Y180.459 E281.58893
G1 X179.849 Y179.625 E281.63128
G1 X180.637 Y178.623 E281.67368
G1 X181.22 Y177.491 E281.71603
G1 X181.58 Y176.268 E281.75843
G1 X181.701 Y175 E281.8008
G1 X181.58 Y173.732 E281.84316
G1 X181.22 Y172.509 E281.88556
G1 X180.637 Y171.377 E281.92791
G1 X179.849 Y170.375 E281.97031
G1 X178.887 Y169.541 E282.01266
G1 X177.783 Y168.904 E282.05505
G1 X176.579 Y168.488 E282.09742
G1 X175.319 Y168.306 E282.13976
G1 X174.046 Y168.367 E282.18215
G1 X172.808 Y168.667 E282.22452
G1 X171.65 Y169.197 E282.26688
G1 X170.611 Y169.936 E282.30928
G1 X169.733 Y170.858 E282.35163
G1 X169.044 Y171.93 E282.39401
G1 X168.57 Y173.112 E282.43637
G1 X168.329 Y174.363 E282.47874
G1 X168.329 Y175.637 E282.52112
G1 X168.57 Y176.888 E282.56349
G1 X169.044 Y178.07 E282.60585
G1 X169.733 Y179.142 E282.64823
G1 X170.611 Y180.064 E282.69058
G1 X171.65 Y180.803 E282.73299
G1 X172.808 Y181.333 E282.77534
G1 X174.046 Y181.633 E282.81771
G1 X175.319 Y181.694 E282.8601
G0 F9000 X175.625 Y181.77
G1 F600 X174.375 Y181.77 E282.90167
G1 X173.134 Y181.538 E282.94367
G1 X171.971 Y181.087 E282.98515
G1 X170.905 Y180.427 E283.02685
G1 X169.977 Y179.581 E283.06862
G1 X169.217 Y178.576 E283.11053
G1 X168.66 Y177.456 E283.15213
G1 X168.316 Y176.25 E283.19384
G1 X168.201 Y175 E283.23559
G1 X168.316 Y173.75 E283.27735
G1 X168.66 Y172.544 E283.31906
G1 X169.217 Y171.424 E283.36066
G1 X169.977 Y170.419 E283.40257
G1 X170.905 Y169.573 E283.44434
G1 X171.971 Y168.913 E283.48604
G1 X173.134 Y168.462 E283.52752
G1 X174.375 Y168.23 E283.56952
G1 X175.625 Y168.23 E283.61109
G1 X176.866 Y168.462 E283.65308
G1 X178.029 Y168.913 E283.69457
G1 X179.095 Y169.573 E283.73627
G1 X180.023 Y170.419 E283.77804
G1 X180.783 Y171.424 E283.81994
G1 X181.34 Y172.544 E283.86155
G1 X181.684 Y173.75 E283.90326
G1 X181.799 Y175 E283.94501
G1 X181.684 Y176.25 E283.98676
G1 X181.34 Y177.456 E284.02847
G1 X180.783 Y178.576 E284.07008
G1 X180.023 Y179.581 E284.11198
G1 X179.095 Y180.427 E284.15375
G1 X178.029 Y181.087 E284.19545
G1 X176.866 Y181.538 E284.23694
G1 X175.625 Y181.77 E284.27893
G0 F9000 X175.664 Y181.847
;MESH:NONMESH
G0 F300 X175.664 Y181.847 Z19.6
G0 F9000 X175.319 Y181.694
;TIME_ELAPSED:856.443603
;LAYER:97
;TYPE:WALL-OUTER
;MESH:diffuser_reactor.stl
G1 F600 X176.579 Y181.512 E284.32127
G1 X177.783 Y181.096 E284.36364
G1 X178.887 Y180.459 E284.40604
G1 X179.849 Y179.625 E284.44838
G1 X180.637 Y178.623 E284.49078
G1 X181.22 Y177.491 E284.53313
G1 X181.58 Y176.268 E284.57553
G1 X181.701 Y175 E284.6179
G1 X181.58 Y173.732 E284.66026
G1 X181.22 Y172.509 E284.70267
G1 X180.637 Y171.377 E284.74502
G1 X179.849 Y170.375 E284.78741
G1 X178.887 Y169.541 E284.82976
G1 X177.783 Y168.904 E284.87215
G1 X176.579 Y168.488 E284.91452
G1 X175.319 Y168.306 E284.95686
G1 X174.046 Y168.367 E284.99925
G1 X172.808 Y168.667 E285.04162
G1 X171.65 Y169.197 E285.08398
G1 X170.611 Y169.936 E285.12639
G1 X169.733 Y170.858 E285.16873
G1 X169.044 Y171.93 E285.21112
G1 X168.57 Y173.112 E285.25347
G1 X168.329 Y174.363 E285.29585
G1 X168.329 Y175.637 E285.33822
G1 X168.57 Y176.888 E285.38059
G1 X169.044 Y178.07 E285.42295
G1 X169.733 Y179.142 E285.46533
G1 X170.611 Y180.064 E285.50768
G1 X171.65 Y180.803 E285.55009
G1 X172.808 Y181.333 E285.59244
G1 X174.046 Y181.633 E285.63481
G1 X175.319 Y181.694 E285.6772
G0 F9000 X175.625 Y181.77
G1 F600 X174.375 Y181.77 E285.71878
G1 X173.134 Y181.538 E285.76077
G1 X171.971 Y181.087 E285.80225
G1 X170.905 Y180.427 E285.84396
G1 X169.977 Y179.581 E285.88572
G1 X169.217 Y178.576 E285.92763
G1 X168.66 Y177.456 E285.96923
G1 X168.316 Y176.25 E286.01095
G1 X168.201 Y175 E286.0527
G1 X168.316 Y173.75 E286.09445
G1 X168.66 Y172.544 E286.13616
G1 X169.217 Y171.424 E286.17776
G1 X169.977 Y170.419 E286.21967
G1 X170.905 Y169.573 E286.26144
G1 X171.971 Y168.913 E286.30314
G1 X173.134 Y168.462 E286.34463
G1 X174.375 Y168.23 E286.38662
G1 X175.625 Y168.23 E286.42819
G1 X176.866 Y168.462 E286.47018
G1 X178.029 Y168.913 E286.51167
G1 X179.095 Y169.573 E286.55337
G1 X180.023 Y170.419 E286.59514
G1 X180.783 Y171.424 E286.63705
G1 X181.34 Y172.544 E286.67865
G1 X181.684 Y173.75 E286.72036
G1 X181.799 Y175 E286.76211
G1 X181.684 Y176.25 E286.80386
G1 X181.34 Y177.456 E286.84557
G1 X180.783 Y178.576 E286.88718
G1 X180.023 Y179.581 E286.92909
G1 X179.095 Y180.427 E286.97085
G1 X178.029 Y181.087 E287.01255
G1 X176.866 Y181.538 E287.05404
G1 X175.625 Y181.77 E287.09603
G0 F9000 X175.664 Y181.847
;MESH:NONMESH
G0 F300 X175.664 Y181.847 Z19.8
G0 F9000 X175.319 Y181.694
;TIME_ELAPSED:865.087601
;LAYER:98
;TYPE:WALL-OUTER
;MESH:diffuser_reactor.stl
G1 F600 X176.579 Y181.512 E287.13838
G1 X177.783 Y181.096 E287.18074
G1 X178.887 Y180.459 E287.22314
G1 X179.849 Y179.625 E287.26548
G1 X180.637 Y178.623 E287.30788
G1 X181.22 Y177.491 E287.35023
G1 X181.58 Y176.268 E287.39263
G1 X181.701 Y175 E287.435
G1 X181.58 Y173.732 E287.47736
G1 X181.22 Y172.509 E287.51977
G1 X180.637 Y171.377 E287.56212
G1 X179.849 Y170.375 E287.60452
G1 X178.887 Y169.541 E287.64686
G1 X177.783 Y168.904 E287.68926
G1 X176.579 Y168.488 E287.73162
G1 X175.319 Y168.306 E287.77397
G1 X174.046 Y168.367 E287.81635
G1 X172.808 Y168.667 E287.85872
G1 X171.65 Y169.197 E287.90108
G1 X170.611 Y169.936 E287.94349
G1 X169.733 Y170.858 E287.98583
G1 X169.044 Y171.93 E288.02822
G1 X168.57 Y173.112 E288.07057
G1 X168.329 Y174.363 E288.11295
G1 X168.329 Y175.637 E288.15532
G1 X168.57 Y176.888 E288.19769
G1 X169.044 Y178.07 E288.24005
G1 X169.733 Y179.142 E288.28244
G1 X170.611 Y180.064 E288.32478
G1 X171.65 Y180.803 E288.36719
G1 X172.808 Y181.333 E288.40955
G1 X174.046 Y181.633 E288.45191
G1 X175.319 Y181.694 E288.4943
G0 F9000 X175.625 Y181.77
G1 F600 X174.375 Y181.77 E288.53588
G1 X173.134 Y181.538 E288.57787
G1 X171.971 Y181.087 E288.61936
G1 X170.905 Y180.427 E288.66106
G1 X169.977 Y179.581 E288.70282
G1 X169.217 Y178.576 E288.74473
G1 X168.66 Y177.456 E288.78634
G1 X168.316 Y176.25 E288.82805
G1 X168.201 Y175 E288.8698
G1 X168.316 Y173.75 E288.91155
G1 X168.66 Y172.544 E288.95326
G1 X169.217 Y171.424 E288.99486
G1 X169.977 Y170.419 E289.03677
G1 X170.905 Y169.573 E289.07854
G1 X171.971 Y168.913 E289.12024
G1 X173.134 Y168.462 E289.16173
G1 X174.375 Y168.23 E289.20372
G1 X175.625 Y168.23 E289.24529
G1 X176.866 Y168.462 E289.28728
G1 X178.029 Y168.913 E289.32877
G1 X179.095 Y169.573 E289.37047
G1 X180.023 Y170.419 E289.41224
G1 X180.783 Y171.424 E289.45415
G1 X181.34 Y172.544 E289.49575
G1 X181.684 Y173.75 E289.53746
G1 X181.799 Y175 E289.57921
G1 X181.684 Y176.25 E289.62096
G1 X181.34 Y177.456 E289.66268
G1 X180.783 Y178.576 E289.70428
G1 X180.023 Y179.581 E289.74619
G1 X179.095 Y180.427 E289.78795
G1 X178.029 Y181.087 E289.82965
G1 X176.866 Y181.538 E289.87114
G1 X175.625 Y181.77 E289.91313
G0 F9000 X175.664 Y181.847
;MESH:NONMESH
G0 F300 X175.664 Y181.847 Z20
G0 F9000 X175.319 Y181.694
;TIME_ELAPSED:873.731599
;LAYER:99
;TYPE:WALL-OUTER
;MESH:diffuser_reactor.stl
G1 F600 X176.579 Y181.512 E289.95548
G1 X177.783 Y181.096 E289.99784
G1 X178.887 Y180.459 E290.04024
G1 X179.849 Y179.625 E290.08258
G1 X180.637 Y178.623 E290.12498
G1 X181.22 Y177.491 E290.16733
G1 X181.58 Y176.268 E290.20974
G1 X181.701 Y175 E290.2521
G1 X181.58 Y173.732 E290.29447
G1 X181.22 Y172.509 E290.33687
G1 X180.637 Y171.377 E290.37922
G1 X179.849 Y170.375 E290.42162
G1 X178.887 Y169.541 E290.46396
G1 X177.783 Y168.904 E290.50636
G1 X176.579 Y168.488 E290.54872
G1 X175.319 Y168.306 E290.59107
G1 X174.046 Y168.367 E290.63346
G1 X172.808 Y168.667 E290.67582
G1 X171.65 Y169.197 E290.71818
G1 X170.611 Y169.936 E290.76059
G1 X169.733 Y170.858 E290.80293
G1 X169.044 Y171.93 E290.84532
G1 X168.57 Y173.112 E290.88768
G1 X168.329 Y174.363 E290.93005
G1 X168.329 Y175.637 E290.97242
G1 X168.57 Y176.888 E291.0148
G1 X169.044 Y178.07 E291.05715
G1 X169.733 Y179.142 E291.09954
G1 X170.611 Y180.064 E291.14188
G1 X171.65 Y180.803 E291.18429
G1 X172.808 Y181.333 E291.22665
G1 X174.046 Y181.633 E291.26901
G1 X175.319 Y181.694 E291.3114
G0 F9000 X175.625 Y181.77
G1 F600 X174.375 Y181.77 E291.35298
G1 X173.134 Y181.538 E291.39497
G1 X171.971 Y181.087 E291.43646
G1 X170.905 Y180.427 E291.47816
G1 X169.977 Y179.581 E291.51992
G1 X169.217 Y178.576 E291.56183
G1 X168.66 Y177.456 E291.60344
G1 X168.316 Y176.25 E291.64515
G1 X168.201 Y175 E291.6869
G1 X168.316 Y173.75 E291.72865
G1 X168.66 Y172.544 E291.77036
G1 X169.217 Y171.424 E291.81197
G1 X169.977 Y170.419 E291.85387
G1 X170.905 Y169.573 E291.89564
G1 X171.971 Y168.913 E291.93734
G1 X173.134 Y168.462 E291.97883
G1 X174.375 Y168.23 E292.02082
G1 X175.625 Y168.23 E292.06239
G1 X176.866 Y168.462 E292.10439
G1 X178.029 Y168.913 E292.14587
G1 X179.095 Y169.573 E292.18757
G1 X180.023 Y170.419 E292.22934
G1 X180.783 Y171.424 E292.27125
G1 X181.34 Y172.544 E292.31285
G1 X181.684 Y173.75 E292.35456
G1 X181.799 Y175 E292.39632
G1 X181.684 Y176.25 E292.43807
G1 X181.34 Y177.456 E292.47978
G1 X180.783 Y178.576 E292.52138
G1 X180.023 Y179.581 E292.56329
G1 X179.095 Y180.427 E292.60506
G1 X178.029 Y181.087 E292.64676
G1 X176.866 Y181.538 E292.68824
G1 X175.625 Y181.77 E292.73024
G0 F9000 X175.664 Y181.847
;MESH:NONMESH
G0 F300 X175.664 Y181.847 Z20.2
G0 F9000 X175.319 Y181.694
;TIME_ELAPSED:882.375597
;LAYER:100
;TYPE:WALL-OUTER
;MESH:diffuser_reactor.stl
G1 F600 X176.579 Y181.512 E292.77258
G1 X177.783 Y181.096 E292.81495
G1 X178.887 Y180.459 E292.85734
G1 X179.849 Y179.625 E292.89969
G1 X180.637 Y178.623 E292.94208
G1 X181.22 Y177.491 E292.98443
G1 X181.58 Y176.268 E293.02684
G1 X181.701 Y175 E293.0692
G1 X181.58 Y173.732 E293.11157
G1 X181.22 Y172.509 E293.15397
G1 X180.637 Y171.377 E293.19632
G1 X179.849 Y170.375 E293.23872
G1 X178.887 Y169.541 E293.28107
G1 X177.783 Y168.904 E293.32346
G1 X176.579 Y168.488 E293.36583
G1 X175.319 Y168.306 E293.40817
G1 X174.046 Y168.367 E293.45056
G1 X172.808 Y168.667 E293.49293
G1 X171.65 Y169.197 E293.53528
G1 X170.611 Y169.936 E293.57769
G1 X169.733 Y170.858 E293.62004
G1 X169.044 Y171.93 E293.66242
G1 X168.57 Y173.112 E293.70478
G1 X168.329 Y174.363 E293.74715
G1 X168.329 Y175.637 E293.78952
G1 X168.57 Y176.888 E293.8319
G1 X169.044 Y178.07 E293.87425
G1 X169.733 Y179.142 E293.91664
G1 X170.611 Y180.064 E293.95898
G1 X171.65 Y180.803 E294.00139
G1 X172.808 Y181.333 E294.04375
G1 X174.046 Y181.633 E294.08612
G1 X175.319 Y181.694 E294.12851
G0 F9000 X175.625 Y181.77
G1 F600 X174.375 Y181.77 E294.17008
G1 X173.134 Y181.538 E294.21207
G1 X171.971 Y181.087 E294.25356
G1 X170.905 Y180.427 E294.29526
G1 X169.977 Y179.581 E294.33703
G1 X169.217 Y178.576 E294.37893
G1 X168.66 Y177.456 E294.42054
G1 X168.316 Y176.25 E294.46225
G1 X168.201 Y175 E294.504
G1 X168.316 Y173.75 E294.54575
G1 X168.66 Y172.544 E294.58746
G1 X169.217 Y171.424 E294.62907
G1 X169.977 Y170.419 E294.67097
G1 X170.905 Y169.573 E294.71274
G1 X171.971 Y168.913 E294.75444
G1 X173.134 Y168.462 E294.79593
G1 X174.375 Y168.23 E294.83792
G1 X175.625 Y168.23 E294.8795
G1 X176.866 Y168.462 E294.92149
G1 X178.029 Y168.913 E294.96298
G1 X179.095 Y169.573 E295.00468
G1 X180.023 Y170.419 E295.04644
G1 X180.783 Y171.424 E295.08835
G1 X181.34 Y172.544 E295.12995
G1 X181.684 Y173.75 E295.17167
G1 X181.799 Y175 E295.21342
G1 X181.684 Y176.25 E295.25517
G1 X181.34 Y177.456 E295.29688
G1 X180.783 Y178.576 E295.33848
G1 X180.023 Y179.581 E295.38039
G1 X179.095 Y180.427 E295.42216
G1 X178.029 Y181.087 E295.46386
G1 X176.866 Y181.538 E295.50535
G1 X175.625 Y181.77 E295.54734
G0 F9000 X175.664 Y181.847
;MESH:NONMESH
G0 F300 X175.664 Y181.847 Z20.4
G0 F9000 X175.319 Y181.694
;TIME_ELAPSED:891.019595
;LAYER:101
;TYPE:WALL-OUTER
;MESH:diffuser_reactor.stl
G1 F600 X176.579 Y181.512 E295.58968
G1 X177.783 Y181.096 E295.63205
G1 X178.887 Y180.459 E295.67444
G1 X179.849 Y179.625 E295.71679
G1 X180.637 Y178.623 E295.75919
G1 X181.22 Y177.491 E295.80154
G1 X181.58 Y176.268 E295.84394
G1 X181.701 Y175 E295.8863
G1 X181.58 Y173.732 E295.92867
G1 X181.22 Y172.509 E295.97107
G1 X180.637 Y171.377 E296.01342
G1 X179.849 Y170.375 E296.05582
G1 X178.887 Y169.541 E296.09817
G1 X177.783 Y168.904 E296.14056
G1 X176.579 Y168.488 E296.18293
G1 X175.319 Y168.306 E296.22527
G1 X174.046 Y168.367 E296.26766
G1 X172.808 Y168.667 E296.31003
G1 X171.65 Y169.197 E296.35238
G1 X170.611 Y169.936 E296.39479
G1 X169.733 Y170.858 E296.43714
G1 X169.044 Y171.93 E296.47952
G1 X168.57 Y173.112 E296.52188
G1 X168.329 Y174.363 E296.56425
G1 X168.329 Y175.637 E296.60663
G1 X168.57 Y176.888 E296.649
G1 X169.044 Y178.07 E296.69136
G1 X169.733 Y179.142 E296.73374
G1 X170.611 Y180.064 E296.77609
G1 X171.65 Y180.803 E296.81849
G1 X172.808 Y181.333 E296.86085
G1 X174.046 Y181.633 E296.90322
G1 X175.319 Y181.694 E296.94561
G0 F9000 X175.625 Y181.77
G1 F600 X174.375 Y181.77 E296.98718
G1 X173.134 Y181.538 E297.02917
G1 X171.971 Y181.087 E297.07066
G1 X170.905 Y180.427 E297.11236
G1 X169.977 Y179.581 E297.15413
G1 X169.217 Y178.576 E297.19604
G1 X168.66 Y177.456 E297.23764
G1 X168.316 Y176.25 E297.27935
G1 X168.201 Y175 E297.3211
G1 X168.316 Y173.75 E297.36285
G1 X168.66 Y172.544 E297.40456
G1 X169.217 Y171.424 E297.44617
G1 X169.977 Y170.419 E297.48808
G1 X170.905 Y169.573 E297.52984
G1 X171.971 Y168.913 E297.57154
G1 X173.134 Y168.462 E297.61303
G1 X174.375 Y168.23 E297.65502
G1 X175.625 Y168.23 E297.6966
G1 X176.866 Y168.462 E297.73859
G1 X178.029 Y168.913 E297.78008
G1 X179.095 Y169.573 E297.82178
G1 X180.023 Y170.419 E297.86354
G1 X180.783 Y171.424 E297.90545
G1 X181.34 Y172.544 E297.94706
G1 X181.684 Y173.75 E297.98877
G1 X181.799 Y175 E298.03052
G1 X181.684 Y176.25 E298.07227
G1 X181.34 Y177.456 E298.11398
G1 X180.783 Y178.576 E298.15558
G1 X180.023 Y179.581 E298.19749
G1 X179.095 Y180.427 E298.23926
G1 X178.029 Y181.087 E298.28096
G1 X176.866 Y181.538 E298.32245
G1 X175.625 Y181.77 E298.36444
G0 F9000 X175.664 Y181.847
;MESH:NONMESH
G0 F300 X175.664 Y181.847 Z20.6
G0 F9000 X175.319 Y181.694
;TIME_ELAPSED:899.663593
;LAYER:102
;TYPE:WALL-OUTER
;MESH:diffuser_reactor.stl
G1 F600 X176.579 Y181.512 E298.40678
G1 X177.783 Y181.096 E298.44915
G1 X178.887 Y180.459 E298.49154
G1 X179.849 Y179.625 E298.53389
G1 X180.637 Y178.623 E298.57629
G1 X181.22 Y177.491 E298.61864
G1 X181.58 Y176.268 E298.66104
G1 X181.701 Y175 E298.70341
G1 X181.58 Y173.732 E298.74577
G1 X181.22 Y172.509 E298.78817
G1 X180.637 Y171.377 E298.83052
G1 X179.849 Y170.375 E298.87292
G1 X178.887 Y169.541 E298.91527
G1 X177.783 Y168.904 E298.95766
G1 X176.579 Y168.488 E299.00003
G1 X175.319 Y168.306 E299.04237
G1 X174.046 Y168.367 E299.08476
G1 X172.808 Y168.667 E299.12713
G1 X171.65 Y169.197 E299.16949
G1 X170.611 Y169.936 E299.21189
G1 X169.733 Y170.858 E299.25424
G1 X169.044 Y171.93 E299.29662
G1 X168.57 Y173.112 E299.33898
G1 X168.329 Y174.363 E299.38135
G1 X168.329 Y175.637 E299.42373
G1 X168.57 Y176.888 E299.4661
G1 X169.044 Y178.07 E299.50846
G1 X169.733 Y179.142 E299.55084
G1 X170.611 Y180.064 E299.59319
G1 X171.65 Y180.803 E299.63559
G1 X172.808 Y181.333 E299.67795
G1 X174.046 Y181.633 E299.72032
G1 X175.319 Y181.694 E299.76271
G0 F9000 X175.625 Y181.77
G1 F600 X174.375 Y181.77 E299.80428
G1 X173.134 Y181.538 E299.84627
G1 X171.971 Y181.087 E299.88776
G1 X170.905 Y180.427 E299.92946
G1 X169.977 Y179.581 E299.97123
G1 X169.217 Y178.576 E300.01314
G1 X168.66 Y177.456 E300.05474
G1 X168.316 Y176.25 E300.09645
G1 X168.201 Y175 E300.1382
G1 X168.316 Y173.75 E300.17995
G1 X168.66 Y172.544 E300.22167
G1 X169.217 Y171.424 E300.26327
G1 X169.977 Y170.419 E300.30518
G1 X170.905 Y169.573 E300.34694
G1 X171.971 Y168.913 E300.38864
G1 X173.134 Y168.462 E300.43013
G1 X174.375 Y168.23 E300.47212
G1 X175.625 Y168.23 E300.5137
G1 X176.866 Y168.462 E300.55569
G1 X178.029 Y168.913 E300.59718
G1 X179.095 Y169.573 E300.63888
G1 X180.023 Y170.419 E300.68065
G1 X180.783 Y171.424 E300.72255
G1 X181.34 Y172.544 E300.76416
G1 X181.684 Y173.75 E300.80587
G1 X181.799 Y175 E300.84762
G1 X181.684 Y176.25 E300.88937
G1 X181.34 Y177.456 E300.93108
G1 X180.783 Y178.576 E300.97269
G1 X180.023 Y179.581 E301.01459
G1 X179.095 Y180.427 E301.05636
G1 X178.029 Y181.087 E301.09806
G1 X176.866 Y181.538 E301.13955
G1 X175.625 Y181.77 E301.18154
G0 F9000 X175.664 Y181.847
;MESH:NONMESH
G0 F300 X175.664 Y181.847 Z20.8
G0 F9000 X175.319 Y181.694
;TIME_ELAPSED:908.307591
;LAYER:103
;TYPE:WALL-OUTER
;MESH:diffuser_reactor.stl
G1 F600 X176.579 Y181.512 E301.22388
G1 X177.783 Y181.096 E301.26625
G1 X178.887 Y180.459 E301.30864
G1 X179.849 Y179.625 E301.35099
G1 X180.637 Y178.623 E301.39339
G1 X181.22 Y177.491 E301.43574
G1 X181.58 Y176.268 E301.47814
G1 X181.701 Y175 E301.52051
G1 X181.58 Y173.732 E301.56287
G1 X181.22 Y172.509 E301.60527
G1 X180.637 Y171.377 E301.64763
G1 X179.849 Y170.375 E301.69002
G1 X178.887 Y169.541 E301.73237
G1 X177.783 Y168.904 E301.77476
G1 X176.579 Y168.488 E301.81713
G1 X175.319 Y168.306 E301.85947
G1 X174.046 Y168.367 E301.90186
G1 X172.808 Y168.667 E301.94423
G1 X171.65 Y169.197 E301.98659
G1 X170.611 Y169.936 E302.02899
G1 X169.733 Y170.858 E302.07134
G1 X169.044 Y171.93 E302.11372
G1 X168.57 Y173.112 E302.15608
G1 X168.329 Y174.363 E302.19845
G1 X168.329 Y175.637 E302.24083
G1 X168.57 Y176.888 E302.2832
G1 X169.044 Y178.07 E302.32556
G1 X169.733 Y179.142 E302.36794
G1 X170.611 Y180.064 E302.41029
G1 X171.65 Y180.803 E302.4527
G1 X172.808 Y181.333 E302.49505
G1 X174.046 Y181.633 E302.53742
G1 X175.319 Y181.694 E302.57981
G0 F9000 X175.625 Y181.77
G1 F600 X174.375 Y181.77 E302.62138
G1 X173.134 Y181.538 E302.66338
G1 X171.971 Y181.087 E302.70486
G1 X170.905 Y180.427 E302.74656
G1 X169.977 Y179.581 E302.78833
G1 X169.217 Y178.576 E302.83024
G1 X168.66 Y177.456 E302.87184
G1 X168.316 Y176.25 E302.91355
G1 X168.201 Y175 E302.95531
G1 X168.316 Y173.75 E302.99706
G1 X168.66 Y172.544 E303.03877
G1 X169.217 Y171.424 E303.08037
G1 X169.977 Y170.419 E303.12228
G1 X170.905 Y169.573 E303.16405
G1 X171.971 Y168.913 E303.20575
G1 X173.134 Y168.462 E303.24723
G1 X174.375 Y168.23 E303.28923
G1 X175.625 Y168.23 E303.3308
G1 X176.866 Y168.462 E303.37279
G1 X178.029 Y168.913 E303.41428
G1 X179.095 Y169.573 E303.45598
G1 X180.023 Y170.419 E303.49775
G1 X180.783 Y171.424 E303.53965
G1 X181.34 Y172.544 E303.58126
G1 X181.684 Y173.75 E303.62297
G1 X181.799 Y175 E303.66472
G1 X181.684 Y176.25 E303.70647
G1 X181.34 Y177.456 E303.74818
G1 X180.783 Y178.576 E303.78979
G1 X180.023 Y179.581 E303.8317
G1 X179.095 Y180.427 E303.87346
G1 X178.029 Y181.087 E303.91516
G1 X176.866 Y181.538 E303.95665
G1 X175.625 Y181.77 E303.99864
G0 F9000 X175.664 Y181.847
;MESH:NONMESH
G0 F300 X175.664 Y181.847 Z21
G0 F9000 X175.319 Y181.694
;TIME_ELAPSED:916.951589
;LAYER:104
;TYPE:WALL-OUTER
;MESH:diffuser_reactor.stl
G1 F600 X176.579 Y181.512 E304.04098
G1 X177.783 Y181.096 E304.08335
G1 X178.887 Y180.459 E304.12575
G1 X179.849 Y179.625 E304.16809
G1 X180.637 Y178.623 E304.21049
G1 X181.22 Y177.491 E304.25284
G1 X181.58 Y176.268 E304.29524
G1 X181.701 Y175 E304.33761
G1 X181.58 Y173.732 E304.37997
G1 X181.22 Y172.509 E304.42238
G1 X180.637 Y171.377 E304.46473
G1 X179.849 Y170.375 E304.50712
G1 X178.887 Y169.541 E304.54947
G1 X177.783 Y168.904 E304.59186
G1 X176.579 Y168.488 E304.63423
G1 X175.319 Y168.306 E304.67657
G1 X174.046 Y168.367 E304.71896
G1 X172.808 Y168.667 E304.76133
G1 X171.65 Y169.197 E304.80369
G1 X170.611 Y169.936 E304.8461
G1 X169.733 Y170.858 E304.88844
G1 X169.044 Y171.93 E304.93083
G1 X168.57 Y173.112 E304.97318
G1 X168.329 Y174.363 E305.01556
G1 X168.329 Y175.637 E305.05793
G1 X168.57 Y176.888 E305.1003
G1 X169.044 Y178.07 E305.14266
G1 X169.733 Y179.142 E305.18504
G1 X170.611 Y180.064 E305.22739
G1 X171.65 Y180.803 E305.2698
G1 X172.808 Y181.333 E305.31215
G1 X174.046 Y181.633 E305.35452
G1 X175.319 Y181.694 E305.39691
G0 F9000 X175.625 Y181.77
G1 F600 X174.375 Y181.77 E305.43849
G1 X173.134 Y181.538 E305.48048
G1 X171.971 Y181.087 E305.52197
G1 X170.905 Y180.427 E305.56367
G1 X169.977 Y179.581 E305.60543
G1 X169.217 Y178.576 E305.64734
G1 X168.66 Y177.456 E305.68894
G1 X168.316 Y176.25 E305.73066
G1 X168.201 Y175 E305.77241
G1 X168.316 Y173.75 E305.81416
G1 X168.66 Y172.544 E305.85587
G1 X169.217 Y171.424 E305.89747
G1 X169.977 Y170.419 E305.93938
G1 X170.905 Y169.573 E305.98115
G1 X171.971 Y168.913 E306.02285
G1 X173.134 Y168.462 E306.06434
G1 X174.375 Y168.23 E306.10633
G1 X175.625 Y168.23 E306.1479
G1 X176.866 Y168.462 E306.18989
G1 X178.029 Y168.913 E306.23138
G1 X179.095 Y169.573 E306.27308
G1 X180.023 Y170.419 E306.31485
G1 X180.783 Y171.424 E306.35676
G1 X181.34 Y172.544 E306.39836
G1 X181.684 Y173.75 E306.44007
G1 X181.799 Y175 E306.48182
G1 X181.684 Y176.25 E306.52357
G1 X181.34 Y177.456 E306.56528
G1 X180.783 Y178.576 E306.60689
G1 X180.023 Y179.581 E306.6488
G1 X179.095 Y180.427 E306.69056
G1 X178.029 Y181.087 E306.73226
G1 X176.866 Y181.538 E306.77375
G1 X175.625 Y181.77 E306.81574
G0 F9000 X175.664 Y181.847
;MESH:NONMESH
G0 F300 X175.664 Y181.847 Z21.2
G0 F9000 X175.319 Y181.694
;TIME_ELAPSED:925.595587
;LAYER:105
;TYPE:WALL-OUTER
;MESH:diffuser_reactor.stl
G1 F600 X176.579 Y181.512 E306.85809
G1 X177.783 Y181.096 E306.90045
G1 X178.887 Y180.459 E306.94285
G1 X179.849 Y179.625 E306.98519
G1 X180.637 Y178.623 E307.02759
G1 X181.22 Y177.491 E307.06994
G1 X181.58 Y176.268 E307.11234
G1 X181.701 Y175 E307.15471
G1 X181.58 Y173.732 E307.19708
G1 X181.22 Y172.509 E307.23948
G1 X180.637 Y171.377 E307.28183
G1 X179.849 Y170.375 E307.32423
G1 X178.887 Y169.541 E307.36657
G1 X177.783 Y168.904 E307.40897
G1 X176.579 Y168.488 E307.45133
G1 X175.319 Y168.306 E307.49368
G1 X174.046 Y168.367 E307.53607
G1 X172.808 Y168.667 E307.57843
G1 X171.65 Y169.197 E307.62079
G1 X170.611 Y169.936 E307.6632
G1 X169.733 Y170.858 E307.70554
G1 X169.044 Y171.93 E307.74793
G1 X168.57 Y173.112 E307.79028
G1 X168.329 Y174.363 E307.83266
G1 X168.329 Y175.637 E307.87503
G1 X168.57 Y176.888 E307.9174
G1 X169.044 Y178.07 E307.95976
G1 X169.733 Y179.142 E308.00215
G1 X170.611 Y180.064 E308.04449
G1 X171.65 Y180.803 E308.0869
G1 X172.808 Y181.333 E308.12926
G1 X174.046 Y181.633 E308.17162
G1 X175.319 Y181.694 E308.21401
G0 F9000 X175.625 Y181.77
G1 F600 X174.375 Y181.77 E308.25559
G1 X173.134 Y181.538 E308.29758
G1 X171.971 Y181.087 E308.33907
G1 X170.905 Y180.427 E308.38077
G1 X169.977 Y179.581 E308.42253
G1 X169.217 Y178.576 E308.46444
G1 X168.66 Y177.456 E308.50605
G1 X168.316 Y176.25 E308.54776
G1 X168.201 Y175 E308.58951
G1 X168.316 Y173.75 E308.63126
G1 X168.66 Y172.544 E308.67297
G1 X169.217 Y171.424 E308.71457
G1 X169.977 Y170.419 E308.75648
G1 X170.905 Y169.573 E308.79825
G1 X171.971 Y168.913 E308.83995
G1 X173.134 Y168.462 E308.88144
G1 X174.375 Y168.23 E308.92343
G1 X175.625 Y168.23 E308.965
G1 X176.866 Y168.462 E309.00699
G1 X178.029 Y168.913 E309.04848
G1 X179.095 Y169.573 E309.09018
G1 X180.023 Y170.419 E309.13195
G1 X180.783 Y171.424 E309.17386
G1 X181.34 Y172.544 E309.21546
G1 X181.684 Y173.75 E309.25717
G1 X181.799 Y175 E309.29892
G1 X181.684 Y176.25 E309.34067
G1 X181.34 Y177.456 E309.38239
G1 X180.783 Y178.576 E309.42399
G1 X180.023 Y179.581 E309.4659
G1 X179.095 Y180.427 E309.50766
G1 X178.029 Y181.087 E309.54937
G1 X176.866 Y181.538 E309.59085
G1 X175.625 Y181.77 E309.63284
G0 F9000 X175.664 Y181.847
;MESH:NONMESH
G0 F300 X175.664 Y181.847 Z21.4
G0 F9000 X175.319 Y181.694
;TIME_ELAPSED:934.239585
;LAYER:106
;TYPE:WALL-OUTER
;MESH:diffuser_reactor.stl
G1 F600 X176.579 Y181.512 E309.67519
G1 X177.783 Y181.096 E309.71756
G1 X178.887 Y180.459 E309.75995
G1 X179.849 Y179.625 E309.80229
G1 X180.637 Y178.623 E309.84469
G1 X181.22 Y177.491 E309.88704
G1 X181.58 Y176.268 E309.92945
G1 X181.701 Y175 E309.97181
G1 X181.58 Y173.732 E310.01418
G1 X181.22 Y172.509 E310.05658
G1 X180.637 Y171.377 E310.09893
G1 X179.849 Y170.375 E310.14133
G1 X178.887 Y169.541 E310.18367
G1 X177.783 Y168.904 E310.22607
G1 X176.579 Y168.488 E310.26844
G1 X175.319 Y168.306 E310.31078
G1 X174.046 Y168.367 E310.35317
G1 X172.808 Y168.667 E310.39553
G1 X171.65 Y169.197 E310.43789
G1 X170.611 Y169.936 E310.4803
G1 X169.733 Y170.858 E310.52264
G1 X169.044 Y171.93 E310.56503
G1 X168.57 Y173.112 E310.60739
G1 X168.329 Y174.363 E310.64976
G1 X168.329 Y175.637 E310.69213
G1 X168.57 Y176.888 E310.73451
G1 X169.044 Y178.07 E310.77686
G1 X169.733 Y179.142 E310.81925
G1 X170.611 Y180.064 E310.86159
G1 X171.65 Y180.803 E310.904
G1 X172.808 Y181.333 E310.94636
G1 X174.046 Y181.633 E310.98873
G1 X175.319 Y181.694 E311.03111
G0 F9000 X175.625 Y181.77
G1 F600 X174.375 Y181.77 E311.07269
G1 X173.134 Y181.538 E311.11468
G1 X171.971 Y181.087 E311.15617
G1 X170.905 Y180.427 E311.19787
G1 X169.977 Y179.581 E311.23964
G1 X169.217 Y178.576 E311.28154
G1 X168.66 Y177.456 E311.32315
G1 X168.316 Y176.25 E311.36486
G1 X168.201 Y175 E311.40661
G1 X168.316 Y173.75 E311.44836
G1 X168.66 Y172.544 E311.49007
G1 X169.217 Y171.424 E311.53168
G1 X169.977 Y170.419 E311.57358
G1 X170.905 Y169.573 E311.61535
G1 X171.971 Y168.913 E311.65705
G1 X173.134 Y168.462 E311.69854
G1 X174.375 Y168.23 E311.74053
G1 X175.625 Y168.23 E311.78211
G1 X176.866 Y168.462 E311.8241
G1 X178.029 Y168.913 E311.86558
G1 X179.095 Y169.573 E311.90729
G1 X180.023 Y170.419 E311.94905
G1 X180.783 Y171.424 E311.99096
G1 X181.34 Y172.544 E312.03256
G1 X181.684 Y173.75 E312.07427
G1 X181.799 Y175 E312.11603
G1 X181.684 Y176.25 E312.15778
G1 X181.34 Y177.456 E312.19949
G1 X180.783 Y178.576 E312.24109
G1 X180.023 Y179.581 E312.283
G1 X179.095 Y180.427 E312.32477
G1 X178.029 Y181.087 E312.36647
G1 X176.866 Y181.538 E312.40796
G1 X175.625 Y181.77 E312.44995
G0 F9000 X175.664 Y181.847
;MESH:NONMESH
G0 F300 X175.664 Y181.847 Z21.6
G0 F9000 X175.319 Y181.694
;TIME_ELAPSED:942.883583
;LAYER:107
;TYPE:WALL-OUTER
;MESH:diffuser_reactor.stl
G1 F600 X176.579 Y181.512 E312.49229
G1 X177.783 Y181.096 E312.53466
G1 X178.887 Y180.459 E312.57705
G1 X179.849 Y179.625 E312.6194
G1 X180.637 Y178.623 E312.66179
G1 X181.22 Y177.491 E312.70414
G1 X181.58 Y176.268 E312.74655
G1 X181.701 Y175 E312.78891
G1 X181.58 Y173.732 E312.83128
G1 X181.22 Y172.509 E312.87368
G1 X180.637 Y171.377 E312.91603
G1 X179.849 Y170.375 E312.95843
G1 X178.887 Y169.541 E313.00078
G1 X177.783 Y168.904 E313.04317
G1 X176.579 Y168.488 E313.08554
G1 X175.319 Y168.306 E313.12788
G1 X174.046 Y168.367 E313.17027
G1 X172.808 Y168.667 E313.21264
G1 X171.65 Y169.197 E313.25499
G1 X170.611 Y169.936 E313.2974
G1 X169.733 Y170.858 E313.33975
G1 X169.044 Y171.93 E313.38213
G1 X168.57 Y173.112 E313.42449
G1 X168.329 Y174.363 E313.46686
G1 X168.329 Y175.637 E313.50923
G1 X168.57 Y176.888 E313.55161
G1 X169.044 Y178.07 E313.59396
G1 X169.733 Y179.142 E313.63635
G1 X170.611 Y180.064 E313.67869
G1 X171.65 Y180.803 E313.7211
G1 X172.808 Y181.333 E313.76346
G1 X174.046 Y181.633 E313.80583
G1 X175.319 Y181.694 E313.84822
G0 F9000 X175.625 Y181.77
G1 F600 X174.375 Y181.77 E313.88979
G1 X173.134 Y181.538 E313.93178
G1 X171.971 Y181.087 E313.97327
G1 X170.905 Y180.427 E314.01497
G1 X169.977 Y179.581 E314.05674
G1 X169.217 Y178.576 E314.09864
G1 X168.66 Y177.456 E314.14025
G1 X168.316 Y176.25 E314.18196
G1 X168.201 Y175 E314.22371
G1 X168.316 Y173.75 E314.26546
G1 X168.66 Y172.544 E314.30717
G1 X169.217 Y171.424 E314.34878
G1 X169.977 Y170.419 E314.39069
G1 X170.905 Y169.573 E314.43245
G1 X171.971 Y168.913 E314.47415
G1 X173.134 Y168.462 E314.51564
G1 X174.375 Y168.23 E314.55763
G1 X175.625 Y168.23 E314.59921
G1 X176.866 Y168.462 E314.6412
G1 X178.029 Y168.913 E314.68269
G1 X179.095 Y169.573 E314.72439
G1 X180.023 Y170.419 E314.76615
G1 X180.783 Y171.424 E314.80806
G1 X181.34 Y172.544 E314.84966
G1 X181.684 Y173.75 E314.89138
G1 X181.799 Y175 E314.93313
G1 X181.684 Y176.25 E314.97488
G1 X181.34 Y177.456 E315.01659
G1 X180.783 Y178.576 E315.05819
G1 X180.023 Y179.581 E315.1001
G1 X179.095 Y180.427 E315.14187
G1 X178.029 Y181.087 E315.18357
G1 X176.866 Y181.538 E315.22506
G1 X175.625 Y181.77 E315.26705
G0 F9000 X175.664 Y181.847
;MESH:NONMESH
G0 F300 X175.664 Y181.847 Z21.8
G0 F9000 X175.319 Y181.694
;TIME_ELAPSED:951.527581
;LAYER:108
;TYPE:WALL-OUTER
;MESH:diffuser_reactor.stl
G1 F600 X176.579 Y181.512 E315.30939
G1 X177.783 Y181.096 E315.35176
G1 X178.887 Y180.459 E315.39415
G1 X179.849 Y179.625 E315.4365
G1 X180.637 Y178.623 E315.4789
G1 X181.22 Y177.491 E315.52125
G1 X181.58 Y176.268 E315.56365
G1 X181.701 Y175 E315.60601
G1 X181.58 Y173.732 E315.64838
G1 X181.22 Y172.509 E315.69078
G1 X180.637 Y171.377 E315.73313
G1 X179.849 Y170.375 E315.77553
G1 X178.887 Y169.541 E315.81788
G1 X177.783 Y168.904 E315.86027
G1 X176.579 Y168.488 E315.90264
G1 X175.319 Y168.306 E315.94498
G1 X174.046 Y168.367 E315.98737
G1 X172.808 Y168.667 E316.02974
G1 X171.65 Y169.197 E316.07209
G1 X170.611 Y169.936 E316.1145
G1 X169.733 Y170.858 E316.15685
G1 X169.044 Y171.93 E316.19923
G1 X168.57 Y173.112 E316.24159
G1 X168.329 Y174.363 E316.28396
G1 X168.329 Y175.637 E316.32634
G1 X168.57 Y176.888 E316.36871
G1 X169.044 Y178.07 E316.41107
G1 X169.733 Y179.142 E316.45345
G1 X170.611 Y180.064 E316.4958
G1 X171.65 Y180.803 E316.5382
G1 X172.808 Y181.333 E316.58056
G1 X174.046 Y181.633 E316.62293
G1 X175.319 Y181.694 E316.66532
G0 F9000 X175.625 Y181.77
G1 F600 X174.375 Y181.77 E316.70689
G1 X173.134 Y181.538 E316.74888
G1 X171.971 Y181.087 E316.79037
G1 X170.905 Y180.427 E316.83207
G1 X169.977 Y179.581 E316.87384
G1 X169.217 Y178.576 E316.91575
G1 X168.66 Y177.456 E316.95735
G1 X168.316 Y176.25 E316.99906
G1 X168.201 Y175 E317.04081
G1 X168.316 Y173.75 E317.08256
G1 X168.66 Y172.544 E317.12427
G1 X169.217 Y171.424 E317.16588
G1 X169.977 Y170.419 E317.20779
G1 X170.905 Y169.573 E317.24955
G1 X171.971 Y168.913 E317.29125
G1 X173.134 Y168.462 E317.33274
G1 X174.375 Y168.23 E317.37473
G1 X175.625 Y168.23 E317.41631
G1 X176.866 Y168.462 E317.4583
G1 X178.029 Y168.913 E317.49979
G1 X179.095 Y169.573 E317.54149
G1 X180.023 Y170.419 E317.58325
G1 X180.783 Y171.424 E317.62516
G1 X181.34 Y172.544 E317.66677
G1 X181.684 Y173.75 E317.70848
G1 X181.799 Y175 E317.75023
G1 X181.684 Y176.25 E317.79198
G1 X181.34 Y177.456 E317.83369
G1 X180.783 Y178.576 E317.87529
G1 X180.023 Y179.581 E317.9172
G1 X179.095 Y180.427 E317.95897
G1 X178.029 Y181.087 E318.00067
G1 X176.866 Y181.538 E318.04216
G1 X175.625 Y181.77 E318.08415
G0 F9000 X175.664 Y181.847
;MESH:NONMESH
G0 F300 X175.664 Y181.847 Z22
G0 F9000 X175.319 Y181.694
;TIME_ELAPSED:960.171579
;LAYER:109
;TYPE:WALL-OUTER
;MESH:diffuser_reactor.stl
G1 F600 X176.579 Y181.512 E318.12649
G1 X177.783 Y181.096 E318.16886
G1 X178.887 Y180.459 E318.21125
G1 X179.849 Y179.625 E318.2536
G1 X180.637 Y178.623 E318.296
G1 X181.22 Y177.491 E318.33835
G1 X181.58 Y176.268 E318.38075
G1 X181.701 Y175 E318.42312
G1 X181.58 Y173.732 E318.46548
G1 X181.22 Y172.509 E318.50788
G1 X180.637 Y171.377 E318.55023
G1 X179.849 Y170.375 E318.59263
G1 X178.887 Y169.541 E318.63498
G1 X177.783 Y168.904 E318.67737
G1 X176.579 Y168.488 E318.71974
G1 X175.319 Y168.306 E318.76208
G1 X174.046 Y168.367 E318.80447
G1 X172.808 Y168.667 E318.84684
G1 X171.65 Y169.197 E318.8892
G1 X170.611 Y169.936 E318.9316
G1 X169.733 Y170.858 E318.97395
G1 X169.044 Y171.93 E319.01633
G1 X168.57 Y173.112 E319.05869
G1 X168.329 Y174.363 E319.10106
G1 X168.329 Y175.637 E319.14344
G1 X168.57 Y176.888 E319.18581
G1 X169.044 Y178.07 E319.22817
G1 X169.733 Y179.142 E319.27055
G1 X170.611 Y180.064 E319.3129
G1 X171.65 Y180.803 E319.3553
G1 X172.808 Y181.333 E319.39766
G1 X174.046 Y181.633 E319.44003
G1 X175.319 Y181.694 E319.48242
G0 F9000 X175.625 Y181.77
G1 F600 X174.375 Y181.77 E319.52399
G1 X173.134 Y181.538 E319.56598
G1 X171.971 Y181.087 E319.60747
G1 X170.905 Y180.427 E319.64917
G1 X169.977 Y179.581 E319.69094
G1 X169.217 Y178.576 E319.73285
G1 X168.66 Y177.456 E319.77445
G1 X168.316 Y176.25 E319.81616
G1 X168.201 Y175 E319.85791
G1 X168.316 Y173.75 E319.89966
G1 X168.66 Y172.544 E319.94138
G1 X169.217 Y171.424 E319.98298
G1 X169.977 Y170.419 E320.02489
G1 X170.905 Y169.573 E320.06665
G1 X171.971 Y168.913 E320.10836
G1 X173.134 Y168.462 E320.14984
G1 X174.375 Y168.23 E320.19183
G1 X175.625 Y168.23 E320.23341
G1 X176.866 Y168.462 E320.2754
G1 X178.029 Y168.913 E320.31689
G1 X179.095 Y169.573 E320.35859
G1 X180.023 Y170.419 E320.40036
G1 X180.783 Y171.424 E320.44226
G1 X181.34 Y172.544 E320.48387
G1 X181.684 Y173.75 E320.52558
G1 X181.799 Y175 E320.56733
G1 X181.684 Y176.25 E320.60908
G1 X181.34 Y177.456 E320.65079
G1 X180.783 Y178.576 E320.6924
G1 X180.023 Y179.581 E320.7343
G1 X179.095 Y180.427 E320.77607
G1 X178.029 Y181.087 E320.81777
G1 X176.866 Y181.538 E320.85926
G1 X175.625 Y181.77 E320.90125
G0 F9000 X175.664 Y181.847
;MESH:NONMESH
G0 F300 X175.664 Y181.847 Z22.2
G0 F9000 X175.319 Y181.694
;TIME_ELAPSED:968.815577
;LAYER:110
;TYPE:WALL-OUTER
;MESH:diffuser_reactor.stl
G1 F600 X176.579 Y181.512 E320.94359
G1 X177.783 Y181.096 E320.98596
G1 X178.887 Y180.459 E321.02835
G1 X179.849 Y179.625 E321.0707
G1 X180.637 Y178.623 E321.1131
G1 X181.22 Y177.491 E321.15545
G1 X181.58 Y176.268 E321.19785
G1 X181.701 Y175 E321.24022
G1 X181.58 Y173.732 E321.28258
G1 X181.22 Y172.509 E321.32499
G1 X180.637 Y171.377 E321.36734
G1 X179.849 Y170.375 E321.40973
G1 X178.887 Y169.541 E321.45208
G1 X177.783 Y168.904 E321.49447
G1 X176.579 Y168.488 E321.53684
G1 X175.319 Y168.306 E321.57918
G1 X174.046 Y168.367 E321.62157
G1 X172.808 Y168.667 E321.66394
G1 X171.65 Y169.197 E321.7063
G1 X170.611 Y169.936 E321.7487
G1 X169.733 Y170.858 E321.79105
G1 X169.044 Y171.93 E321.83343
G1 X168.57 Y173.112 E321.87579
G1 X168.329 Y174.363 E321.91817
G1 X168.329 Y175.637 E321.96054
G1 X168.57 Y176.888 E322.00291
G1 X169.044 Y178.07 E322.04527
G1 X169.733 Y179.142 E322.08765
G1 X170.611 Y180.064 E322.13
G1 X171.65 Y180.803 E322.17241
G1 X172.808 Y181.333 E322.21476
G1 X174.046 Y181.633 E322.25713
G1 X175.319 Y181.694 E322.29952
G0 F9000 X175.625 Y181.77
G1 F600 X174.375 Y181.77 E322.3411
G1 X173.134 Y181.538 E322.38309
G1 X171.971 Y181.087 E322.42457
G1 X170.905 Y180.427 E322.46627
G1 X169.977 Y179.581 E322.50804
G1 X169.217 Y178.576 E322.54995
G1 X168.66 Y177.456 E322.59155
G1 X168.316 Y176.25 E322.63326
G1 X168.201 Y175 E322.67502
G1 X168.316 Y173.75 E322.71677
G1 X168.66 Y172.544 E322.75848
G1 X169.217 Y171.424 E322.80008
G1 X169.977 Y170.419 E322.84199
G1 X170.905 Y169.573 E322.88376
G1 X171.971 Y168.913 E322.92546
G1 X173.134 Y168.462 E322.96694
G1 X174.375 Y168.23 E323.00894
G1 X175.625 Y168.23 E323.05051
G1 X176.866 Y168.462 E323.0925
G1 X178.029 Y168.913 E323.13399
G1 X179.095 Y169.573 E323.17569
G1 X180.023 Y170.419 E323.21746
G1 X180.783 Y171.424 E323.25937
G1 X181.34 Y172.544 E323.30097
G1 X181.684 Y173.75 E323.34268
G1 X181.799 Y175 E323.38443
G1 X181.684 Y176.25 E323.42618
G1 X181.34 Y177.456 E323.46789
G1 X180.783 Y178.576 E323.5095
G1 X180.023 Y179.581 E323.55141
G1 X179.095 Y180.427 E323.59317
G1 X178.029 Y181.087 E323.63487
G1 X176.866 Y181.538 E323.67636
G1 X175.625 Y181.77 E323.71835
G0 F9000 X175.664 Y181.847
;MESH:NONMESH
G0 F300 X175.664 Y181.847 Z22.4
G0 F9000 X175.319 Y181.694
;TIME_ELAPSED:977.459575
;LAYER:111
;TYPE:WALL-OUTER
;MESH:diffuser_reactor.stl
G1 F600 X176.579 Y181.512 E323.76069
G1 X177.783 Y181.096 E323.80306
G1 X178.887 Y180.459 E323.84546
G1 X179.849 Y179.625 E323.8878
G1 X180.637 Y178.623 E323.9302
G1 X181.22 Y177.491 E323.97255
G1 X181.58 Y176.268 E324.01495
G1 X181.701 Y175 E324.05732
G1 X181.58 Y173.732 E324.09968
G1 X181.22 Y172.509 E324.14209
G1 X180.637 Y171.377 E324.18444
G1 X179.849 Y170.375 E324.22684
G1 X178.887 Y169.541 E324.26918
G1 X177.783 Y168.904 E324.31157
G1 X176.579 Y168.488 E324.35394
G1 X175.319 Y168.306 E324.39629
G1 X174.046 Y168.367 E324.43867
G1 X172.808 Y168.667 E324.48104
G1 X171.65 Y169.197 E324.5234
G1 X170.611 Y169.936 E324.56581
G1 X169.733 Y170.858 E324.60815
G1 X169.044 Y171.93 E324.65054
G1 X168.57 Y173.112 E324.69289
G1 X168.329 Y174.363 E324.73527
G1 X168.329 Y175.637 E324.77764
G1 X168.57 Y176.888 E324.82001
G1 X169.044 Y178.07 E324.86237
G1 X169.733 Y179.142 E324.90475
G1 X170.611 Y180.064 E324.9471
G1 X171.65 Y180.803 E324.98951
G1 X172.808 Y181.333 E325.03186
G1 X174.046 Y181.633 E325.07423
G1 X175.319 Y181.694 E325.11662
G0 F9000 X175.625 Y181.77
G1 F600 X174.375 Y181.77 E325.1582
G1 X173.134 Y181.538 E325.20019
G1 X171.971 Y181.087 E325.24168
G1 X170.905 Y180.427 E325.28338
G1 X169.977 Y179.581 E325.32514
G1 X169.217 Y178.576 E325.36705
G1 X168.66 Y177.456 E325.40865
G1 X168.316 Y176.25 E325.45037
G1 X168.201 Y175 E325.49212
G1 X168.316 Y173.75 E325.53387
G1 X168.66 Y172.544 E325.57558
G1 X169.217 Y171.424 E325.61718
G1 X169.977 Y170.419 E325.65909
G1 X170.905 Y169.573 E325.70086
G1 X171.971 Y168.913 E325.74256
G1 X173.134 Y168.462 E325.78405
G1 X174.375 Y168.23 E325.82604
G1 X175.625 Y168.23 E325.86761
G1 X176.866 Y168.462 E325.9096
G1 X178.029 Y168.913 E325.95109
G1 X179.095 Y169.573 E325.99279
G1 X180.023 Y170.419 E326.03456
G1 X180.783 Y171.424 E326.07647
G1 X181.34 Y172.544 E326.11807
G1 X181.684 Y173.75 E326.15978
G1 X181.799 Y175 E326.20153
G1 X181.684 Y176.25 E326.24328
G1 X181.34 Y177.456 E326.285
G1 X180.783 Y178.576 E326.3266
G1 X180.023 Y179.581 E326.36851
G1 X179.095 Y180.427 E326.41027
G1 X178.029 Y181.087 E326.45197
G1 X176.866 Y181.538 E326.49346
G1 X175.625 Y181.77 E326.53545
G0 F9000 X175.664 Y181.847
;MESH:NONMESH
G0 F300 X175.664 Y181.847 Z22.6
G0 F9000 X175.319 Y181.694
;TIME_ELAPSED:986.103573
;LAYER:112
;TYPE:WALL-OUTER
;MESH:diffuser_reactor.stl
G1 F600 X176.579 Y181.512 E326.5778
G1 X177.783 Y181.096 E326.62016
G1 X178.887 Y180.459 E326.66256
G1 X179.849 Y179.625 E326.7049
G1 X180.637 Y178.623 E326.7473
G1 X181.22 Y177.491 E326.78965
G1 X181.58 Y176.268 E326.83205
G1 X181.701 Y175 E326.87442
G1 X181.58 Y173.732 E326.91679
G1 X181.22 Y172.509 E326.95919
G1 X180.637 Y171.377 E327.00154
G1 X179.849 Y170.375 E327.04394
G1 X178.887 Y169.541 E327.08628
G1 X177.783 Y168.904 E327.12868
G1 X176.579 Y168.488 E327.17104
G1 X175.319 Y168.306 E327.21339
G1 X174.046 Y168.367 E327.25578
G1 X172.808 Y168.667 E327.29814
G1 X171.65 Y169.197 E327.3405
G1 X170.611 Y169.936 E327.38291
G1 X169.733 Y170.858 E327.42525
G1 X169.044 Y171.93 E327.46764
G1 X168.57 Y173.112 E327.50999
G1 X168.329 Y174.363 E327.55237
G1 X168.329 Y175.637 E327.59474
G1 X168.57 Y176.888 E327.63712
G1 X169.044 Y178.07 E327.67947
G1 X169.733 Y179.142 E327.72186
G1 X170.611 Y180.064 E327.7642
G1 X171.65 Y180.803 E327.80661
G1 X172.808 Y181.333 E327.84897
G1 X174.046 Y181.633 E327.89133
G1 X175.319 Y181.694 E327.93372
G0 F9000 X175.625 Y181.77
G1 F600 X174.375 Y181.77 E327.9753
G1 X173.134 Y181.538 E328.01729
G1 X171.971 Y181.087 E328.05878
G1 X170.905 Y180.427 E328.10048
G1 X169.977 Y179.581 E328.14224
G1 X169.217 Y178.576 E328.18415
G1 X168.66 Y177.456 E328.22576
G1 X168.316 Y176.25 E328.26747
G1 X168.201 Y175 E328.30922
G1 X168.316 Y173.75 E328.35097
G1 X168.66 Y172.544 E328.39268
G1 X169.217 Y171.424 E328.43428
G1 X169.977 Y170.419 E328.47619
G1 X170.905 Y169.573 E328.51796
G1 X171.971 Y168.913 E328.55966
G1 X173.134 Y168.462 E328.60115
G1 X174.375 Y168.23 E328.64314
G1 X175.625 Y168.23 E328.68471
G1 X176.866 Y168.462 E328.7267
G1 X178.029 Y168.913 E328.76819
G1 X179.095 Y169.573 E328.80989
G1 X180.023 Y170.419 E328.85166
G1 X180.783 Y171.424 E328.89357
G1 X181.34 Y172.544 E328.93517
G1 X181.684 Y173.75 E328.97688
G1 X181.799 Y175 E329.01863
G1 X181.684 Y176.25 E329.06039
G1 X181.34 Y177.456 E329.1021
G1 X180.783 Y178.576 E329.1437
G1 X180.023 Y179.581 E329.18561
G1 X179.095 Y180.427 E329.22737
G1 X178.029 Y181.087 E329.26908
G1 X176.866 Y181.538 E329.31056
G1 X175.625 Y181.77 E329.35255
G0 F9000 X175.664 Y181.847
;MESH:NONMESH
G0 F300 X175.664 Y181.847 Z22.8
G0 F9000 X175.319 Y181.694
;TIME_ELAPSED:994.747571
;LAYER:113
;TYPE:WALL-OUTER
;MESH:diffuser_reactor.stl
G1 F600 X176.579 Y181.512 E329.3949
G1 X177.783 Y181.096 E329.43727
G1 X178.887 Y180.459 E329.47966
G1 X179.849 Y179.625 E329.52201
G1 X180.637 Y178.623 E329.5644
G1 X181.22 Y177.491 E329.60675
G1 X181.58 Y176.268 E329.64916
G1 X181.701 Y175 E329.69152
G1 X181.58 Y173.732 E329.73389
G1 X181.22 Y172.509 E329.77629
G1 X180.637 Y171.377 E329.81864
G1 X179.849 Y170.375 E329.86104
G1 X178.887 Y169.541 E329.90338
G1 X177.783 Y168.904 E329.94578
G1 X176.579 Y168.488 E329.98815
G1 X175.319 Y168.306 E330.03049
G1 X174.046 Y168.367 E330.07288
G1 X172.808 Y168.667 E330.11524
G1 X171.65 Y169.197 E330.1576
G1 X170.611 Y169.936 E330.20001
G1 X169.733 Y170.858 E330.24236
G1 X169.044 Y171.93 E330.28474
G1 X168.57 Y173.112 E330.3271
G1 X168.329 Y174.363 E330.36947
G1 X168.329 Y175.637 E330.41184
G1 X168.57 Y176.888 E330.45422
G1 X169.044 Y178.07 E330.49657
G1 X169.733 Y179.142 E330.53896
G1 X170.611 Y180.064 E330.5813
G1 X171.65 Y180.803 E330.62371
G1 X172.808 Y181.333 E330.66607
G1 X174.046 Y181.633 E330.70844
G1 X175.319 Y181.694 E330.75082
G0 F9000 X175.625 Y181.77
G1 F600 X174.375 Y181.77 E330.7924
G1 X173.134 Y181.538 E330.83439
G1 X171.971 Y181.087 E330.87588
G1 X170.905 Y180.427 E330.91758
G1 X169.977 Y179.581 E330.95935
G1 X169.217 Y178.576 E331.00125
G1 X168.66 Y177.456 E331.04286
G1 X168.316 Y176.25 E331.08457
G1 X168.201 Y175 E331.12632
G1 X168.316 Y173.75 E331.16807
G1 X168.66 Y172.544 E331.20978
G1 X169.217 Y171.424 E331.25139
G1 X169.977 Y170.419 E331.29329
G1 X170.905 Y169.573 E331.33506
G1 X171.971 Y168.913 E331.37676
G1 X173.134 Y168.462 E331.41825
G1 X174.375 Y168.23 E331.46024
G1 X175.625 Y168.23 E331.50182
G1 X176.866 Y168.462 E331.54381
G1 X178.029 Y168.913 E331.58529
G1 X179.095 Y169.573 E331.627
G1 X180.023 Y170.419 E331.66876
G1 X180.783 Y171.424 E331.71067
G1 X181.34 Y172.544 E331.75227
G1 X181.684 Y173.75 E331.79399
G1 X181.799 Y175 E331.83574
G1 X181.684 Y176.25 E331.87749
G1 X181.34 Y177.456 E331.9192
G1 X180.783 Y178.576 E331.9608
G1 X180.023 Y179.581 E332.00271
G1 X179.095 Y180.427 E332.04448
G1 X178.029 Y181.087 E332.08618
G1 X176.866 Y181.538 E332.12767
G1 X175.625 Y181.77 E332.16966
G0 F9000 X175.664 Y181.847
;MESH:NONMESH
G0 F300 X175.664 Y181.847 Z23
G0 F9000 X175.319 Y181.694
;TIME_ELAPSED:1003.391569
;LAYER:114
;TYPE:WALL-OUTER
;MESH:diffuser_reactor.stl
G1 F600 X176.579 Y181.512 E332.212
G1 X177.783 Y181.096 E332.25437
G1 X178.887 Y180.459 E332.29676
G1 X179.849 Y179.625 E332.33911
G1 X180.637 Y178.623 E332.3815
G1 X181.22 Y177.491 E332.42385
G1 X181.58 Y176.268 E332.46626
G1 X181.701 Y175 E332.50862
G1 X181.58 Y173.732 E332.55099
G1 X181.22 Y172.509 E332.59339
G1 X180.637 Y171.377 E332.63574
G1 X179.849 Y170.375 E332.67814
G1 X178.887 Y169.541 E332.72049
G1 X177.783 Y168.904 E332.76288
G1 X176.579 Y168.488 E332.80525
G1 X175.319 Y168.306 E332.84759
G1 X174.046 Y168.367 E332.88998
G1 X172.808 Y168.667 E332.93235
G1 X171.65 Y169.197 E332.9747
G1 X170.611 Y169.936 E333.01711
G1 X169.733 Y170.858 E333.05946
G1 X169.044 Y171.93 E333.10184
G1 X168.57 Y173.112 E333.1442
G1 X168.329 Y174.363 E333.18657
G1 X168.329 Y175.637 E333.22894
G1 X168.57 Y176.888 E333.27132
G1 X169.044 Y178.07 E333.31367
G1 X169.733 Y179.142 E333.35606
G1 X170.611 Y180.064 E333.3984
G1 X171.65 Y180.803 E333.44081
G1 X172.808 Y181.333 E333.48317
G1 X174.046 Y181.633 E333.52554
G1 X175.319 Y181.694 E333.56793
G0 F9000 X175.625 Y181.77
G1 F600 X174.375 Y181.77 E333.6095
G1 X173.134 Y181.538 E333.65149
G1 X171.971 Y181.087 E333.69298
G1 X170.905 Y180.427 E333.73468
G1 X169.977 Y179.581 E333.77645
G1 X169.217 Y178.576 E333.81836
G1 X168.66 Y177.456 E333.85996
G1 X168.316 Y176.25 E333.90167
G1 X168.201 Y175 E333.94342
G1 X168.316 Y173.75 E333.98517
G1 X168.66 Y172.544 E334.02688
G1 X169.217 Y171.424 E334.06849
G1 X169.977 Y170.419 E334.1104
G1 X170.905 Y169.573 E334.15216
G1 X171.971 Y168.913 E334.19386
G1 X173.134 Y168.462 E334.23535
G1 X174.375 Y168.23 E334.27734
G1 X175.625 Y168.23 E334.31892
G1 X176.866 Y168.462 E334.36091
G1 X178.029 Y168.913 E334.4024
G1 X179.095 Y169.573 E334.4441
G1 X180.023 Y170.419 E334.48586
G1 X180.783 Y171.424 E334.52777
G1 X181.34 Y172.544 E334.56938
G1 X181.684 Y173.75 E334.61109
G1 X181.799 Y175 E334.65284
G1 X181.684 Y176.25 E334.69459
G1 X181.34 Y177.456 E334.7363
G1 X180.783 Y178.576 E334.7779
G1 X180.023 Y179.581 E334.81981
G1 X179.095 Y180.427 E334.86158
G1 X178.029 Y181.087 E334.90328
G1 X176.866 Y181.538 E334.94477
G1 X175.625 Y181.77 E334.98676
G0 F9000 X175.664 Y181.847
;MESH:NONMESH
G0 F300 X175.664 Y181.847 Z23.2
G0 F9000 X175.319 Y181.694
;TIME_ELAPSED:1012.035567
;LAYER:115
;TYPE:WALL-OUTER
;MESH:diffuser_reactor.stl
G1 F600 X176.579 Y181.512 E335.0291
G1 X177.783 Y181.096 E335.07147
G1 X178.887 Y180.459 E335.11386
G1 X179.849 Y179.625 E335.15621
G1 X180.637 Y178.623 E335.19861
G1 X181.22 Y177.491 E335.24096
G1 X181.58 Y176.268 E335.28336
G1 X181.701 Y175 E335.32572
G1 X181.58 Y173.732 E335.36809
G1 X181.22 Y172.509 E335.41049
G1 X180.637 Y171.377 E335.45284
G1 X179.849 Y170.375 E335.49524
G1 X178.887 Y169.541 E335.53759
G1 X177.783 Y168.904 E335.57998
G1 X176.579 Y168.488 E335.62235
G1 X175.319 Y168.306 E335.66469
G1 X174.046 Y168.367 E335.70708
G1 X172.808 Y168.667 E335.74945
G1 X171.65 Y169.197 E335.79181
G1 X170.611 Y169.936 E335.83421
G1 X169.733 Y170.858 E335.87656
G1 X169.044 Y171.93 E335.91894
G1 X168.57 Y173.112 E335.9613
G1 X168.329 Y174.363 E336.00367
G1 X168.329 Y175.637 E336.04605
G1 X168.57 Y176.888 E336.08842
G1 X169.044 Y178.07 E336.13078
G1 X169.733 Y179.142 E336.17316
G1 X170.611 Y180.064 E336.21551
G1 X171.65 Y180.803 E336.25791
G1 X172.808 Y181.333 E336.30027
G1 X174.046 Y181.633 E336.34264
G1 X175.319 Y181.694 E336.38503
G0 F9000 X175.625 Y181.77
G1 F600 X174.375 Y181.77 E336.4266
G1 X173.134 Y181.538 E336.46859
G1 X171.971 Y181.087 E336.51008
G1 X170.905 Y180.427 E336.55178
G1 X169.977 Y179.581 E336.59355
G1 X169.217 Y178.576 E336.63546
G1 X168.66 Y177.456 E336.67706
G1 X168.316 Y176.25 E336.71877
G1 X168.201 Y175 E336.76052
G1 X168.316 Y173.75 E336.80227
G1 X168.66 Y172.544 E336.84399
G1 X169.217 Y171.424 E336.88559
G1 X169.977 Y170.419 E336.9275
G1 X170.905 Y169.573 E336.96926
G1 X171.971 Y168.913 E337.01096
G1 X173.134 Y168.462 E337.05245
G1 X174.375 Y168.23 E337.09444
G1 X175.625 Y168.23 E337.13602
G1 X176.866 Y168.462 E337.17801
G1 X178.029 Y168.913 E337.2195
G1 X179.095 Y169.573 E337.2612
G1 X180.023 Y170.419 E337.30296
G1 X180.783 Y171.424 E337.34487
G1 X181.34 Y172.544 E337.38648
G1 X181.684 Y173.75 E337.42819
G1 X181.799 Y175 E337.46994
G1 X181.684 Y176.25 E337.51169
G1 X181.34 Y177.456 E337.5534
G1 X180.783 Y178.576 E337.595
G1 X180.023 Y179.581 E337.63691
G1 X179.095 Y180.427 E337.67868
G1 X178.029 Y181.087 E337.72038
G1 X176.866 Y181.538 E337.76187
G1 X175.625 Y181.77 E337.80386
G0 F9000 X175.664 Y181.847
;MESH:NONMESH
G0 F300 X175.664 Y181.847 Z23.4
G0 F9000 X175.319 Y181.694
;TIME_ELAPSED:1020.679565
;LAYER:116
;TYPE:WALL-OUTER
;MESH:diffuser_reactor.stl
G1 F600 X176.579 Y181.512 E337.8462
G1 X177.783 Y181.096 E337.88857
G1 X178.887 Y180.459 E337.93096
G1 X179.849 Y179.625 E337.97331
G1 X180.637 Y178.623 E338.01571
G1 X181.22 Y177.491 E338.05806
G1 X181.58 Y176.268 E338.10046
G1 X181.701 Y175 E338.14283
G1 X181.58 Y173.732 E338.18519
G1 X181.22 Y172.509 E338.22759
G1 X180.637 Y171.377 E338.26994
G1 X179.849 Y170.375 E338.31234
G1 X178.887 Y169.541 E338.35469
G1 X177.783 Y168.904 E338.39708
G1 X176.579 Y168.488 E338.43945
G1 X175.319 Y168.306 E338.48179
G1 X174.046 Y168.367 E338.52418
G1 X172.808 Y168.667 E338.56655
G1 X171.65 Y169.197 E338.60891
G1 X170.611 Y169.936 E338.65131
G1 X169.733 Y170.858 E338.69366
G1 X169.044 Y171.93 E338.73604
G1 X168.57 Y173.112 E338.7784
G1 X168.329 Y174.363 E338.82077
G1 X168.329 Y175.637 E338.86315
G1 X168.57 Y176.888 E338.90552
G1 X169.044 Y178.07 E338.94788
G1 X169.733 Y179.142 E338.99026
G1 X170.611 Y180.064 E339.03261
G1 X171.65 Y180.803 E339.07501
G1 X172.808 Y181.333 E339.11737
G1 X174.046 Y181.633 E339.15974
G1 X175.319 Y181.694 E339.20213
G0 F9000 X175.625 Y181.77
G1 F600 X174.375 Y181.77 E339.2437
G1 X173.134 Y181.538 E339.28569
G1 X171.971 Y181.087 E339.32718
G1 X170.905 Y180.427 E339.36888
G1 X169.977 Y179.581 E339.41065
G1 X169.217 Y178.576 E339.45256
G1 X168.66 Y177.456 E339.49416
G1 X168.316 Y176.25 E339.53587
G1 X168.201 Y175 E339.57762
G1 X168.316 Y173.75 E339.61938
G1 X168.66 Y172.544 E339.66109
G1 X169.217 Y171.424 E339.70269
G1 X169.977 Y170.419 E339.7446
G1 X170.905 Y169.573 E339.78636
G1 X171.971 Y168.913 E339.82807
G1 X173.134 Y168.462 E339.86955
G1 X174.375 Y168.23 E339.91154
G1 X175.625 Y168.23 E339.95312
G1 X176.866 Y168.462 E339.99511
G1 X178.029 Y168.913 E340.0366
G1 X179.095 Y169.573 E340.0783
G1 X180.023 Y170.419 E340.12007
G1 X180.783 Y171.424 E340.16197
G1 X181.34 Y172.544 E340.20358
G1 X181.684 Y173.75 E340.24529
G1 X181.799 Y175 E340.28704
G1 X181.684 Y176.25 E340.32879
G1 X181.34 Y177.456 E340.3705
G1 X180.783 Y178.576 E340.41211
G1 X180.023 Y179.581 E340.45401
G1 X179.095 Y180.427 E340.49578
G1 X178.029 Y181.087 E340.53748
G1 X176.866 Y181.538 E340.57897
G1 X175.625 Y181.77 E340.62096
G0 F9000 X175.664 Y181.847
;MESH:NONMESH
G0 F300 X175.664 Y181.847 Z23.6
G0 F9000 X175.319 Y181.694
;TIME_ELAPSED:1029.323563
;LAYER:117
;TYPE:WALL-OUTER
;MESH:diffuser_reactor.stl
G1 F600 X176.579 Y181.512 E340.6633
G1 X177.783 Y181.096 E340.70567
G1 X178.887 Y180.459 E340.74806
G1 X179.849 Y179.625 E340.79041
G1 X180.637 Y178.623 E340.83281
G1 X181.22 Y177.491 E340.87516
G1 X181.58 Y176.268 E340.91756
G1 X181.701 Y175 E340.95993
G1 X181.58 Y173.732 E341.00229
G1 X181.22 Y172.509 E341.0447
G1 X180.637 Y171.377 E341.08705
G1 X179.849 Y170.375 E341.12944
G1 X178.887 Y169.541 E341.17179
G1 X177.783 Y168.904 E341.21418
G1 X176.579 Y168.488 E341.25655
G1 X175.319 Y168.306 E341.29889
G1 X174.046 Y168.367 E341.34128
G1 X172.808 Y168.667 E341.38365
G1 X171.65 Y169.197 E341.42601
G1 X170.611 Y169.936 E341.46842
G1 X169.733 Y170.858 E341.51076
G1 X169.044 Y171.93 E341.55315
G1 X168.57 Y173.112 E341.5955
G1 X168.329 Y174.363 E341.63788
G1 X168.329 Y175.637 E341.68025
G1 X168.57 Y176.888 E341.72262
G1 X169.044 Y178.07 E341.76498
G1 X169.733 Y179.142 E341.80736
G1 X170.611 Y180.064 E341.84971
G1 X171.65 Y180.803 E341.89212
G1 X172.808 Y181.333 E341.93447
G1 X174.046 Y181.633 E341.97684
G1 X175.319 Y181.694 E342.01923
G0 F9000 X175.625 Y181.77
G1 F600 X174.375 Y181.77 E342.06081
G1 X173.134 Y181.538 E342.1028
G1 X171.971 Y181.087 E342.14428
G1 X170.905 Y180.427 E342.18599
G1 X169.977 Y179.581 E342.22775
G1 X169.217 Y178.576 E342.26966
G1 X168.66 Y177.456 E342.31126
G1 X168.316 Y176.25 E342.35298
G1 X168.201 Y175 E342.39473
G1 X168.316 Y173.75 E342.43648
G1 X168.66 Y172.544 E342.47819
G1 X169.217 Y171.424 E342.51979
G1 X169.977 Y170.419 E342.5617
G1 X170.905 Y169.573 E342.60347
G1 X171.971 Y168.913 E342.64517
G1 X173.134 Y168.462 E342.68666
G1 X174.375 Y168.23 E342.72865
G1 X175.625 Y168.23 E342.77022
G1 X176.866 Y168.462 E342.81221
G1 X178.029 Y168.913 E342.8537
G1 X179.095 Y169.573 E342.8954
G1 X180.023 Y170.419 E342.93717
G1 X180.783 Y171.424 E342.97908
G1 X181.34 Y172.544 E343.02068
G1 X181.684 Y173.75 E343.06239
G1 X181.799 Y175 E343.10414
G1 X181.684 Y176.25 E343.14589
G1 X181.34 Y177.456 E343.1876
G1 X180.783 Y178.576 E343.22921
G1 X180.023 Y179.581 E343.27112
G1 X179.095 Y180.427 E343.31288
G1 X178.029 Y181.087 E343.35458
G1 X176.866 Y181.538 E343.39607
G1 X175.625 Y181.77 E343.43806
G0 F9000 X175.664 Y181.847
;MESH:NONMESH
G0 F300 X175.664 Y181.847 Z23.8
G0 F9000 X175.319 Y181.694
;TIME_ELAPSED:1037.967561
;LAYER:118
;TYPE:WALL-OUTER
;MESH:diffuser_reactor.stl
G1 F600 X176.579 Y181.512 E343.4804
G1 X177.783 Y181.096 E343.52277
G1 X178.887 Y180.459 E343.56517
G1 X179.849 Y179.625 E343.60751
G1 X180.637 Y178.623 E343.64991
G1 X181.22 Y177.491 E343.69226
G1 X181.58 Y176.268 E343.73466
G1 X181.701 Y175 E343.77703
G1 X181.58 Y173.732 E343.81939
G1 X181.22 Y172.509 E343.8618
G1 X180.637 Y171.377 E343.90415
G1 X179.849 Y170.375 E343.94655
G1 X178.887 Y169.541 E343.98889
G1 X177.783 Y168.904 E344.03128
G1 X176.579 Y168.488 E344.07365
G1 X175.319 Y168.306 E344.116
G1 X174.046 Y168.367 E344.15838
G1 X172.808 Y168.667 E344.20075
G1 X171.65 Y169.197 E344.24311
G1 X170.611 Y169.936 E344.28552
G1 X169.733 Y170.858 E344.32786
G1 X169.044 Y171.93 E344.37025
G1 X168.57 Y173.112 E344.4126
G1 X168.329 Y174.363 E344.45498
G1 X168.329 Y175.637 E344.49735
G1 X168.57 Y176.888 E344.53972
G1 X169.044 Y178.07 E344.58208
G1 X169.733 Y179.142 E344.62446
G1 X170.611 Y180.064 E344.66681
G1 X171.65 Y180.803 E344.70922
G1 X172.808 Y181.333 E344.75158
G1 X174.046 Y181.633 E344.79394
G1 X175.319 Y181.694 E344.83633
G0 F9000 X175.625 Y181.77
G1 F600 X174.375 Y181.77 E344.87791
G1 X173.134 Y181.538 E344.9199
G1 X171.971 Y181.087 E344.96139
G1 X170.905 Y180.427 E345.00309
G1 X169.977 Y179.581 E345.04485
G1 X169.217 Y178.576 E345.08676
G1 X168.66 Y177.456 E345.12836
G1 X168.316 Y176.25 E345.17008
G1 X168.201 Y175 E345.21183
G1 X168.316 Y173.75 E345.25358
G1 X168.66 Y172.544 E345.29529
G1 X169.217 Y171.424 E345.33689
G1 X169.977 Y170.419 E345.3788
G1 X170.905 Y169.573 E345.42057
G1 X171.971 Y168.913 E345.46227
G1 X173.134 Y168.462 E345.50376
G1 X174.375 Y168.23 E345.54575
G1 X175.625 Y168.23 E345.58732
G1 X176.866 Y168.462 E345.62931
G1 X178.029 Y168.913 E345.6708
G1 X179.095 Y169.573 E345.7125
G1 X180.023 Y170.419 E345.75427
G1 X180.783 Y171.424 E345.79618
G1 X181.34 Y172.544 E345.83778
G1 X181.684 Y173.75 E345.87949
G1 X181.799 Y175 E345.92124
G1 X181.684 Y176.25 E345.96299
G1 X181.34 Y177.456 E346.00471
G1 X180.783 Y178.576 E346.04631
G1 X180.023 Y179.581 E346.08822
G1 X179.095 Y180.427 E346.12998
G1 X178.029 Y181.087 E346.17168
G1 X176.866 Y181.538 E346.21317
G1 X175.625 Y181.77 E346.25516
G0 F9000 X175.664 Y181.847
;MESH:NONMESH
G0 F300 X175.664 Y181.847 Z24
G0 F9000 X175.319 Y181.694
;TIME_ELAPSED:1046.611559
;LAYER:119
;TYPE:WALL-OUTER
;MESH:diffuser_reactor.stl
G1 F600 X176.579 Y181.512 E346.29751
G1 X177.783 Y181.096 E346.33987
G1 X178.887 Y180.459 E346.38227
G1 X179.849 Y179.625 E346.42461
G1 X180.637 Y178.623 E346.46701
G1 X181.22 Y177.491 E346.50936
G1 X181.58 Y176.268 E346.55176
G1 X181.701 Y175 E346.59413
G1 X181.58 Y173.732 E346.6365
G1 X181.22 Y172.509 E346.6789
G1 X180.637 Y171.377 E346.72125
G1 X179.849 Y170.375 E346.76365
G1 X178.887 Y169.541 E346.80599
G1 X177.783 Y168.904 E346.84839
G1 X176.579 Y168.488 E346.89075
G1 X175.319 Y168.306 E346.9331
G1 X174.046 Y168.367 E346.97549
G1 X172.808 Y168.667 E347.01785
G1 X171.65 Y169.197 E347.06021
G1 X170.611 Y169.936 E347.10262
G1 X169.733 Y170.858 E347.14496
G1 X169.044 Y171.93 E347.18735
G1 X168.57 Y173.112 E347.22971
G1 X168.329 Y174.363 E347.27208
G1 X168.329 Y175.637 E347.31445
G1 X168.57 Y176.888 E347.35683
G1 X169.044 Y178.07 E347.39918
G1 X169.733 Y179.142 E347.44157
G1 X170.611 Y180.064 E347.48391
G1 X171.65 Y180.803 E347.52632
G1 X172.808 Y181.333 E347.56868
G1 X174.046 Y181.633 E347.61104
G1 X175.319 Y181.694 E347.65343
G0 F9000 X175.625 Y181.77
G1 F600 X174.375 Y181.77 E347.69501
G1 X173.134 Y181.538 E347.737
G1 X171.971 Y181.087 E347.77849
G1 X170.905 Y180.427 E347.82019
G1 X169.977 Y179.581 E347.86195
G1 X169.217 Y178.576 E347.90386
G1 X168.66 Y177.456 E347.94547
G1 X168.316 Y176.25 E347.98718
G1 X168.201 Y175 E348.02893
G1 X168.316 Y173.75 E348.07068
G1 X168.66 Y172.544 E348.11239
G1 X169.217 Y171.424 E348.15399
G1 X169.977 Y170.419 E348.1959
G1 X170.905 Y169.573 E348.23767
G1 X171.971 Y168.913 E348.27937
G1 X173.134 Y168.462 E348.32086
G1 X174.375 Y168.23 E348.36285
G1 X175.625 Y168.23 E348.40442
G1 X176.866 Y168.462 E348.44642
G1 X178.029 Y168.913 E348.4879
G1 X179.095 Y169.573 E348.5296
G1 X180.023 Y170.419 E348.57137
G1 X180.783 Y171.424 E348.61328
G1 X181.34 Y172.544 E348.65488
G1 X181.684 Y173.75 E348.69659
G1 X181.799 Y175 E348.73834
G1 X181.684 Y176.25 E348.7801
G1 X181.34 Y177.456 E348.82181
G1 X180.783 Y178.576 E348.86341
G1 X180.023 Y179.581 E348.90532
G1 X179.095 Y180.427 E348.94709
G1 X178.029 Y181.087 E348.98879
G1 X176.866 Y181.538 E349.03027
G1 X175.625 Y181.77 E349.07227
G0 F9000 X175.664 Y181.847
;MESH:NONMESH
G0 F300 X175.664 Y181.847 Z24.2
G0 F9000 X175.319 Y181.694
;TIME_ELAPSED:1055.255557
;LAYER:120
;TYPE:WALL-OUTER
;MESH:diffuser_reactor.stl
G1 F600 X176.579 Y181.512 E349.11461
G1 X177.783 Y181.096 E349.15698
G1 X178.887 Y180.459 E349.19937
G1 X179.849 Y179.625 E349.24172
G1 X180.637 Y178.623 E349.28411
G1 X181.22 Y177.491 E349.32646
G1 X181.58 Y176.268 E349.36887
G1 X181.701 Y175 E349.41123
G1 X181.58 Y173.732 E349.4536
G1 X181.22 Y172.509 E349.496
G1 X180.637 Y171.377 E349.53835
G1 X179.849 Y170.375 E349.58075
G1 X178.887 Y169.541 E349.62309
G1 X177.783 Y168.904 E349.66549
G1 X176.579 Y168.488 E349.70786
G1 X175.319 Y168.306 E349.7502
G1 X174.046 Y168.367 E349.79259
G1 X172.808 Y168.667 E349.83496
G1 X171.65 Y169.197 E349.87731
G1 X170.611 Y169.936 E349.91972
G1 X169.733 Y170.858 E349.96207
G1 X169.044 Y171.93 E350.00445
G1 X168.57 Y173.112 E350.04681
G1 X168.329 Y174.363 E350.08918
G1 X168.329 Y175.637 E350.13155
G1 X168.57 Y176.888 E350.17393
G1 X169.044 Y178.07 E350.21628
G1 X169.733 Y179.142 E350.25867
G1 X170.611 Y180.064 E350.30101
G1 X171.65 Y180.803 E350.34342
G1 X172.808 Y181.333 E350.38578
G1 X174.046 Y181.633 E350.42815
G1 X175.319 Y181.694 E350.47053
G0 F9000 X175.625 Y181.77
G1 F600 X174.375 Y181.77 E350.51211
G1 X173.134 Y181.538 E350.5541
G1 X171.971 Y181.087 E350.59559
G1 X170.905 Y180.427 E350.63729
G1 X169.977 Y179.581 E350.67906
G1 X169.217 Y178.576 E350.72096
G1 X168.66 Y177.456 E350.76257
G1 X168.316 Y176.25 E350.80428
G1 X168.201 Y175 E350.84603
G1 X168.316 Y173.75 E350.88778
G1 X168.66 Y172.544 E350.92949
G1 X169.217 Y171.424 E350.9711
G1 X169.977 Y170.419 E351.013
G1 X170.905 Y169.573 E351.05477
G1 X171.971 Y168.913 E351.09647
G1 X173.134 Y168.462 E351.13796
G1 X174.375 Y168.23 E351.17995
G1 X175.625 Y168.23 E351.22153
G1 X176.866 Y168.462 E351.26352
G1 X178.029 Y168.913 E351.305
G1 X179.095 Y169.573 E351.34671
G1 X180.023 Y170.419 E351.38847
G1 X180.783 Y171.424 E351.43038
G1 X181.34 Y172.544 E351.47198
G1 X181.684 Y173.75 E351.5137
G1 X181.799 Y175 E351.55545
G1 X181.684 Y176.25 E351.5972
G1 X181.34 Y177.456 E351.63891
G1 X180.783 Y178.576 E351.68051
G1 X180.023 Y179.581 E351.72242
G1 X179.095 Y180.427 E351.76419
G1 X178.029 Y181.087 E351.80589
G1 X176.866 Y181.538 E351.84738
G1 X175.625 Y181.77 E351.88937
G0 F9000 X175.664 Y181.847
;MESH:NONMESH
G0 F300 X175.664 Y181.847 Z24.4
G0 F9000 X175.319 Y181.694
;TIME_ELAPSED:1063.899555
;LAYER:121
;TYPE:WALL-OUTER
;MESH:diffuser_reactor.stl
G1 F600 X176.579 Y181.512 E351.93171
G1 X177.783 Y181.096 E351.97408
G1 X178.887 Y180.459 E352.01647
G1 X179.849 Y179.625 E352.05882
G1 X180.637 Y178.623 E352.10121
G1 X181.22 Y177.491 E352.14357
G1 X181.58 Y176.268 E352.18597
G1 X181.701 Y175 E352.22833
G1 X181.58 Y173.732 E352.2707
G1 X181.22 Y172.509 E352.3131
G1 X180.637 Y171.377 E352.35545
G1 X179.849 Y170.375 E352.39785
G1 X178.887 Y169.541 E352.4402
G1 X177.783 Y168.904 E352.48259
G1 X176.579 Y168.488 E352.52496
G1 X175.319 Y168.306 E352.5673
G1 X174.046 Y168.367 E352.60969
G1 X172.808 Y168.667 E352.65206
G1 X171.65 Y169.197 E352.69441
G1 X170.611 Y169.936 E352.73682
G1 X169.733 Y170.858 E352.77917
G1 X169.044 Y171.93 E352.82155
G1 X168.57 Y173.112 E352.86391
G1 X168.329 Y174.363 E352.90628
G1 X168.329 Y175.637 E352.94865
G1 X168.57 Y176.888 E352.99103
G1 X169.044 Y178.07 E353.03339
G1 X169.733 Y179.142 E353.07577
G1 X170.611 Y180.064 E353.11812
G1 X171.65 Y180.803 E353.16052
G1 X172.808 Y181.333 E353.20288
G1 X174.046 Y181.633 E353.24525
G1 X175.319 Y181.694 E353.28764
G0 F9000 X175.625 Y181.77
G1 F600 X174.375 Y181.77 E353.32921
G1 X173.134 Y181.538 E353.3712
G1 X171.971 Y181.087 E353.41269
G1 X170.905 Y180.427 E353.45439
G1 X169.977 Y179.581 E353.49616
G1 X169.217 Y178.576 E353.53807
G1 X168.66 Y177.456 E353.57967
G1 X168.316 Y176.25 E353.62138
G1 X168.201 Y175 E353.66313
G1 X168.316 Y173.75 E353.70488
G1 X168.66 Y172.544 E353.74659
G1 X169.217 Y171.424 E353.7882
G1 X169.977 Y170.419 E353.83011
G1 X170.905 Y169.573 E353.87187
G1 X171.971 Y168.913 E353.91357
G1 X173.134 Y168.462 E353.95506
G1 X174.375 Y168.23 E353.99705
G1 X175.625 Y168.23 E354.03863
G1 X176.866 Y168.462 E354.08062
G1 X178.029 Y168.913 E354.12211
G1 X179.095 Y169.573 E354.16381
G1 X180.023 Y170.419 E354.20557
G1 X180.783 Y171.424 E354.24748
G1 X181.34 Y172.544 E354.28909
G1 X181.684 Y173.75 E354.3308
G1 X181.799 Y175 E354.37255
G1 X181.684 Y176.25 E354.4143
G1 X181.34 Y177.456 E354.45601
G1 X180.783 Y178.576 E354.49761
G1 X180.023 Y179.581 E354.53952
G1 X179.095 Y180.427 E354.58129
G1 X178.029 Y181.087 E354.62299
G1 X176.866 Y181.538 E354.66448
G1 X175.625 Y181.77 E354.70647
G0 F9000 X175.664 Y181.847
;MESH:NONMESH
G0 F300 X175.664 Y181.847 Z24.6
G0 F9000 X175.319 Y181.694
;TIME_ELAPSED:1072.543553
;LAYER:122
;TYPE:WALL-OUTER
;MESH:diffuser_reactor.stl
G1 F600 X176.579 Y181.512 E354.74881
G1 X177.783 Y181.096 E354.79118
G1 X178.887 Y180.459 E354.83357
G1 X179.849 Y179.625 E354.87592
G1 X180.637 Y178.623 E354.91832
G1 X181.22 Y177.491 E354.96067
G1 X181.58 Y176.268 E355.00307
G1 X181.701 Y175 E355.04543
G1 X181.58 Y173.732 E355.0878
G1 X181.22 Y172.509 E355.1302
G1 X180.637 Y171.377 E355.17255
G1 X179.849 Y170.375 E355.21495
G1 X178.887 Y169.541 E355.2573
G1 X177.783 Y168.904 E355.29969
G1 X176.579 Y168.488 E355.34206
G1 X175.319 Y168.306 E355.3844
G1 X174.046 Y168.367 E355.42679
G1 X172.808 Y168.667 E355.46916
G1 X171.65 Y169.197 E355.51152
G1 X170.611 Y169.936 E355.55392
G1 X169.733 Y170.858 E355.59627
G1 X169.044 Y171.93 E355.63865
G1 X168.57 Y173.112 E355.68101
G1 X168.329 Y174.363 E355.72338
G1 X168.329 Y175.637 E355.76576
G1 X168.57 Y176.888 E355.80813
G1 X169.044 Y178.07 E355.85049
G1 X169.733 Y179.142 E355.89287
G1 X170.611 Y180.064 E355.93522
G1 X171.65 Y180.803 E355.97762
G1 X172.808 Y181.333 E356.01998
G1 X174.046 Y181.633 E356.06235
G1 X175.319 Y181.694 E356.10474
G0 F9000 X175.625 Y181.77
G1 F600 X174.375 Y181.77 E356.14631
G1 X173.134 Y181.538 E356.1883
G1 X171.971 Y181.087 E356.22979
G1 X170.905 Y180.427 E356.27149
G1 X169.977 Y179.581 E356.31326
G1 X169.217 Y178.576 E356.35517
G1 X168.66 Y177.456 E356.39677
G1 X168.316 Y176.25 E356.43848
G1 X168.201 Y175 E356.48023
G1 X168.316 Y173.75 E356.52198
G1 X168.66 Y172.544 E356.5637
G1 X169.217 Y171.424 E356.6053
G1 X169.977 Y170.419 E356.64721
G1 X170.905 Y169.573 E356.68897
G1 X171.971 Y168.913 E356.73067
G1 X173.134 Y168.462 E356.77216
G1 X174.375 Y168.23 E356.81415
G1 X175.625 Y168.23 E356.85573
G1 X176.866 Y168.462 E356.89772
G1 X178.029 Y168.913 E356.93921
G1 X179.095 Y169.573 E356.98091
G1 X180.023 Y170.419 E357.02268
G1 X180.783 Y171.424 E357.06458
G1 X181.34 Y172.544 E357.10619
G1 X181.684 Y173.75 E357.1479
G1 X181.799 Y175 E357.18965
G1 X181.684 Y176.25 E357.2314
G1 X181.34 Y177.456 E357.27311
G1 X180.783 Y178.576 E357.31472
G1 X180.023 Y179.581 E357.35662
G1 X179.095 Y180.427 E357.39839
G1 X178.029 Y181.087 E357.44009
G1 X176.866 Y181.538 E357.48158
G1 X175.625 Y181.77 E357.52357
G0 F9000 X175.664 Y181.847
;MESH:NONMESH
G0 F300 X175.664 Y181.847 Z24.8
G0 F9000 X175.319 Y181.694
;TIME_ELAPSED:1081.187551
;LAYER:123
;TYPE:WALL-OUTER
;MESH:diffuser_reactor.stl
G1 F600 X176.579 Y181.512 E357.56591
G1 X177.783 Y181.096 E357.60828
G1 X178.887 Y180.459 E357.65067
G1 X179.849 Y179.625 E357.69302
G1 X180.637 Y178.623 E357.73542
G1 X181.22 Y177.491 E357.77777
G1 X181.58 Y176.268 E357.82017
G1 X181.701 Y175 E357.86254
G1 X181.58 Y173.732 E357.9049
G1 X181.22 Y172.509 E357.9473
G1 X180.637 Y171.377 E357.98965
G1 X179.849 Y170.375 E358.03205
G1 X178.887 Y169.541 E358.0744
G1 X177.783 Y168.904 E358.11679
G1 X176.579 Y168.488 E358.15916
G1 X175.319 Y168.306 E358.2015
G1 X174.046 Y168.367 E358.24389
G1 X172.808 Y168.667 E358.28626
G1 X171.65 Y169.197 E358.32862
G1 X170.611 Y169.936 E358.37102
G1 X169.733 Y170.858 E358.41337
G1 X169.044 Y171.93 E358.45575
G1 X168.57 Y173.112 E358.49811
G1 X168.329 Y174.363 E358.54048
G1 X168.329 Y175.637 E358.58286
G1 X168.57 Y176.888 E358.62523
G1 X169.044 Y178.07 E358.66759
G1 X169.733 Y179.142 E358.70997
G1 X170.611 Y180.064 E358.75232
G1 X171.65 Y180.803 E358.79473
G1 X172.808 Y181.333 E358.83708
G1 X174.046 Y181.633 E358.87945
G1 X175.319 Y181.694 E358.92184
G0 F9000 X175.625 Y181.77
G1 F600 X174.375 Y181.77 E358.96341
G1 X173.134 Y181.538 E359.00541
G1 X171.971 Y181.087 E359.04689
G1 X170.905 Y180.427 E359.08859
G1 X169.977 Y179.581 E359.13036
G1 X169.217 Y178.576 E359.17227
G1 X168.66 Y177.456 E359.21387
G1 X168.316 Y176.25 E359.25558
G1 X168.201 Y175 E359.29733
G1 X168.316 Y173.75 E359.33909
G1 X168.66 Y172.544 E359.3808
G1 X169.217 Y171.424 E359.4224
G1 X169.977 Y170.419 E359.46431
G1 X170.905 Y169.573 E359.50608
G1 X171.971 Y168.913 E359.54778
G1 X173.134 Y168.462 E359.58926
G1 X174.375 Y168.23 E359.63126
G1 X175.625 Y168.23 E359.67283
G1 X176.866 Y168.462 E359.71482
G1 X178.029 Y168.913 E359.75631
G1 X179.095 Y169.573 E359.79801
G1 X180.023 Y170.419 E359.83978
G1 X180.783 Y171.424 E359.88168
G1 X181.34 Y172.544 E359.92329
G1 X181.684 Y173.75 E359.965
G1 X181.799 Y175 E360.00675
G1 X181.684 Y176.25 E360.0485
G1 X181.34 Y177.456 E360.09021
G1 X180.783 Y178.576 E360.13182
G1 X180.023 Y179.581 E360.17372
G1 X179.095 Y180.427 E360.21549
G1 X178.029 Y181.087 E360.25719
G1 X176.866 Y181.538 E360.29868
G1 X175.625 Y181.77 E360.34067
G0 F9000 X175.664 Y181.847
;MESH:NONMESH
G0 F300 X175.664 Y181.847 Z25
G0 F9000 X175.319 Y181.694
;TIME_ELAPSED:1089.831549
;LAYER:124
;TYPE:WALL-OUTER
;MESH:diffuser_reactor.stl
G1 F600 X176.579 Y181.512 E360.38301
G1 X177.783 Y181.096 E360.42538
G1 X178.887 Y180.459 E360.46778
G1 X179.849 Y179.625 E360.51012
G1 X180.637 Y178.623 E360.55252
G1 X181.22 Y177.491 E360.59487
G1 X181.58 Y176.268 E360.63727
G1 X181.701 Y175 E360.67964
G1 X181.58 Y173.732 E360.722
G1 X181.22 Y172.509 E360.76441
G1 X180.637 Y171.377 E360.80676
G1 X179.849 Y170.375 E360.84915
G1 X178.887 Y169.541 E360.8915
G1 X177.783 Y168.904 E360.93389
G1 X176.579 Y168.488 E360.97626
G1 X175.319 Y168.306 E361.0186
G1 X174.046 Y168.367 E361.06099
G1 X172.808 Y168.667 E361.10336
G1 X171.65 Y169.197 E361.14572
G1 X170.611 Y169.936 E361.18813
G1 X169.733 Y170.858 E361.23047
G1 X169.044 Y171.93 E361.27286
G1 X168.57 Y173.112 E361.31521
G1 X168.329 Y174.363 E361.35759
G1 X168.329 Y175.637 E361.39996
G1 X168.57 Y176.888 E361.44233
G1 X169.044 Y178.07 E361.48469
G1 X169.733 Y179.142 E361.52707
G1 X170.611 Y180.064 E361.56942
G1 X171.65 Y180.803 E361.61183
G1 X172.808 Y181.333 E361.65418
G1 X174.046 Y181.633 E361.69655
G1 X175.319 Y181.694 E361.73894
G0 F9000 X175.625 Y181.77
G1 F600 X174.375 Y181.77 E361.78052
G1 X173.134 Y181.538 E361.82251
G1 X171.971 Y181.087 E361.86399
G1 X170.905 Y180.427 E361.9057
G1 X169.977 Y179.581 E361.94746
G1 X169.217 Y178.576 E361.98937
G1 X168.66 Y177.456 E362.03097
G1 X168.316 Y176.25 E362.07269
G1 X168.201 Y175 E362.11444
G1 X168.316 Y173.75 E362.15619
G1 X168.66 Y172.544 E362.1979
G1 X169.217 Y171.424 E362.2395
G1 X169.977 Y170.419 E362.28141
G1 X170.905 Y169.573 E362.32318
G1 X171.971 Y168.913 E362.36488
G1 X173.134 Y168.462 E362.40637
G1 X174.375 Y168.23 E362.44836
G1 X175.625 Y168.23 E362.48993
G1 X176.866 Y168.462 E362.53192
G1 X178.029 Y168.913 E362.57341
G1 X179.095 Y169.573 E362.61511
G1 X180.023 Y170.419 E362.65688
G1 X180.783 Y171.424 E362.69879
G1 X181.34 Y172.544 E362.74039
G1 X181.684 Y173.75 E362.7821
G1 X181.799 Y175 E362.82385
G1 X181.684 Y176.25 E362.8656
G1 X181.34 Y177.456 E362.90731
G1 X180.783 Y178.576 E362.94892
G1 X180.023 Y179.581 E362.99083
G1 X179.095 Y180.427 E363.03259
G1 X178.029 Y181.087 E363.07429
G1 X176.866 Y181.538 E363.11578
G1 X175.625 Y181.77 E363.15777
G0 F9000 X175.664 Y181.847
;MESH:NONMESH
G0 F300 X175.664 Y181.847 Z25.2
G0 F9000 X175.319 Y181.694
;TIME_ELAPSED:1098.475547
;LAYER:125
;TYPE:WALL-OUTER
;MESH:diffuser_reactor.stl
G1 F600 X176.579 Y181.512 E363.20012
G1 X177.783 Y181.096 E363.24248
G1 X178.887 Y180.459 E363.28488
G1 X179.849 Y179.625 E363.32722
G1 X180.637 Y178.623 E363.36962
G1 X181.22 Y177.491 E363.41197
G1 X181.58 Y176.268 E363.45437
G1 X181.701 Y175 E363.49674
G1 X181.58 Y173.732 E363.5391
G1 X181.22 Y172.509 E363.58151
G1 X180.637 Y171.377 E363.62386
G1 X179.849 Y170.375 E363.66626
G1 X178.887 Y169.541 E363.7086
G1 X177.783 Y168.904 E363.751
G1 X176.579 Y168.488 E363.79336
G1 X175.319 Y168.306 E363.83571
G1 X174.046 Y168.367 E363.87809
G1 X172.808 Y168.667 E363.92046
G1 X171.65 Y169.197 E363.96282
G1 X170.611 Y169.936 E364.00523
G1 X169.733 Y170.858 E364.04757
G1 X169.044 Y171.93 E364.08996
G1 X168.57 Y173.112 E364.13231
G1 X168.329 Y174.363 E364.17469
G1 X168.329 Y175.637 E364.21706
G1 X168.57 Y176.888 E364.25943
G1 X169.044 Y178.07 E364.30179
G1 X169.733 Y179.142 E364.34418
G1 X170.611 Y180.064 E364.38652
G1 X171.65 Y180.803 E364.42893
G1 X172.808 Y181.333 E364.47129
G1 X174.046 Y181.633 E364.51365
G1 X175.319 Y181.694 E364.55604
G0 F9000 X175.625 Y181.77
G1 F600 X174.375 Y181.77 E364.59762
G1 X173.134 Y181.538 E364.63961
G1 X171.971 Y181.087 E364.6811
G1 X170.905 Y180.427 E364.7228
G1 X169.977 Y179.581 E364.76456
G1 X169.217 Y178.576 E364.80647
G1 X168.66 Y177.456 E364.84808
G1 X168.316 Y176.25 E364.88979
G1 X168.201 Y175 E364.93154
G1 X168.316 Y173.75 E364.97329
G1 X168.66 Y172.544 E365.015
G1 X169.217 Y171.424 E365.0566
G1 X169.977 Y170.419 E365.09851
G1 X170.905 Y169.573 E365.14028
G1 X171.971 Y168.913 E365.18198
G1 X173.134 Y168.462 E365.22347
G1 X174.375 Y168.23 E365.26546
G1 X175.625 Y168.23 E365.30703
G1 X176.866 Y168.462 E365.34902
G1 X178.029 Y168.913 E365.39051
G1 X179.095 Y169.573 E365.43221
G1 X180.023 Y170.419 E365.47398
G1 X180.783 Y171.424 E365.51589
G1 X181.34 Y172.544 E365.55749
G1 X181.684 Y173.75 E365.5992
G1 X181.799 Y175 E365.64095
G1 X181.684 Y176.25 E365.6827
G1 X181.34 Y177.456 E365.72442
G1 X180.783 Y178.576 E365.76602
G1 X180.023 Y179.581 E365.80793
G1 X179.095 Y180.427 E365.84969
G1 X178.029 Y181.087 E365.89139
G1 X176.866 Y181.538 E365.93288
G1 X175.625 Y181.77 E365.97487
G0 F9000 X175.664 Y181.847
;MESH:NONMESH
G0 F300 X175.664 Y181.847 Z25.4
G0 F9000 X175.319 Y181.694
;TIME_ELAPSED:1107.119545
;LAYER:126
;TYPE:WALL-OUTER
;MESH:diffuser_reactor.stl
G1 F600 X176.579 Y181.512 E366.01722
G1 X177.783 Y181.096 E366.05958
G1 X178.887 Y180.459 E366.10198
G1 X179.849 Y179.625 E366.14432
G1 X180.637 Y178.623 E366.18672
G1 X181.22 Y177.491 E366.22907
G1 X181.58 Y176.268 E366.27148
G1 X181.701 Y175 E366.31384
G1 X181.58 Y173.732 E366.35621
G1 X181.22 Y172.509 E366.39861
G1 X180.637 Y171.377 E366.44096
G1 X179.849 Y170.375 E366.48336
G1 X178.887 Y169.541 E366.5257
G1 X177.783 Y168.904 E366.5681
G1 X176.579 Y168.488 E366.61046
G1 X175.319 Y168.306 E366.65281
G1 X174.046 Y168.367 E366.6952
G1 X172.808 Y168.667 E366.73756
G1 X171.65 Y169.197 E366.77992
G1 X170.611 Y169.936 E366.82233
G1 X169.733 Y170.858 E366.86467
G1 X169.044 Y171.93 E366.90706
G1 X168.57 Y173.112 E366.94942
G1 X168.329 Y174.363 E366.99179
G1 X168.329 Y175.637 E367.03416
G1 X168.57 Y176.888 E367.07654
G1 X169.044 Y178.07 E367.11889
G1 X169.733 Y179.142 E367.16128
G1 X170.611 Y180.064 E367.20362
G1 X171.65 Y180.803 E367.24603
G1 X172.808 Y181.333 E367.28839
G1 X174.046 Y181.633 E367.33075
G1 X175.319 Y181.694 E367.37314
G0 F9000 X175.625 Y181.77
G1 F600 X174.375 Y181.77 E367.41472
G1 X173.134 Y181.538 E367.45671
G1 X171.971 Y181.087 E367.4982
G1 X170.905 Y180.427 E367.5399
G1 X169.977 Y179.581 E367.58167
G1 X169.217 Y178.576 E367.62357
G1 X168.66 Y177.456 E367.66518
G1 X168.316 Y176.25 E367.70689
G1 X168.201 Y175 E367.74864
G1 X168.316 Y173.75 E367.79039
G1 X168.66 Y172.544 E367.8321
G1 X169.217 Y171.424 E367.87371
G1 X169.977 Y170.419 E367.91561
G1 X170.905 Y169.573 E367.95738
G1 X171.971 Y168.913 E367.99908
G1 X173.134 Y168.462 E368.04057
G1 X174.375 Y168.23 E368.08256
G1 X175.625 Y168.23 E368.12413
G1 X176.866 Y168.462 E368.16613
G1 X178.029 Y168.913 E368.20761
G1 X179.095 Y169.573 E368.24931
G1 X180.023 Y170.419 E368.29108
G1 X180.783 Y171.424 E368.33299
G1 X181.34 Y172.544 E368.37459
G1 X181.684 Y173.75 E368.4163
G1 X181.799 Y175 E368.45806
G1 X181.684 Y176.25 E368.49981
G1 X181.34 Y177.456 E368.54152
G1 X180.783 Y178.576 E368.58312
G1 X180.023 Y179.581 E368.62503
G1 X179.095 Y180.427 E368.6668
G1 X178.029 Y181.087 E368.7085
G1 X176.866 Y181.538 E368.74998
G1 X175.625 Y181.77 E368.79198
G0 F9000 X175.664 Y181.847
;MESH:NONMESH
G0 F300 X175.664 Y181.847 Z25.6
G0 F9000 X175.319 Y181.694
;TIME_ELAPSED:1115.763543
;LAYER:127
;TYPE:WALL-OUTER
;MESH:diffuser_reactor.stl
G1 F600 X176.579 Y181.512 E368.83432
G1 X177.783 Y181.096 E368.87669
G1 X178.887 Y180.459 E368.91908
G1 X179.849 Y179.625 E368.96143
G1 X180.637 Y178.623 E369.00382
G1 X181.22 Y177.491 E369.04617
G1 X181.58 Y176.268 E369.08858
G1 X181.701 Y175 E369.13094
G1 X181.58 Y173.732 E369.17331
G1 X181.22 Y172.509 E369.21571
G1 X180.637 Y171.377 E369.25806
G1 X179.849 Y170.375 E369.30046
G1 X178.887 Y169.541 E369.34281
G1 X177.783 Y168.904 E369.3852
G1 X176.579 Y168.488 E369.42757
G1 X175.319 Y168.306 E369.46991
G1 X174.046 Y168.367 E369.5123
G1 X172.808 Y168.667 E369.55467
G1 X171.65 Y169.197 E369.59702
G1 X170.611 Y169.936 E369.63943
G1 X169.733 Y170.858 E369.68178
G1 X169.044 Y171.93 E369.72416
G1 X168.57 Y173.112 E369.76652
G1 X168.329 Y174.363 E369.80889
G1 X168.329 Y175.637 E369.85126
G1 X168.57 Y176.888 E369.89364
G1 X169.044 Y178.07 E369.93599
G1 X169.733 Y179.142 E369.97838
G1 X170.611 Y180.064 E370.02072
G1 X171.65 Y180.803 E370.06313
G1 X172.808 Y181.333 E370.10549
G1 X174.046 Y181.633 E370.14786
G1 X175.319 Y181.694 E370.19025
G0 F9000 X175.625 Y181.77
G1 F600 X174.375 Y181.77 E370.23182
G1 X173.134 Y181.538 E370.27381
G1 X171.971 Y181.087 E370.3153
G1 X170.905 Y180.427 E370.357
G1 X169.977 Y179.581 E370.39877
G1 X169.217 Y178.576 E370.44067
G1 X168.66 Y177.456 E370.48228
G1 X168.316 Y176.25 E370.52399
G1 X168.201 Y175 E370.56574
G1 X168.316 Y173.75 E370.60749
G1 X168.66 Y172.544 E370.6492
G1 X169.217 Y171.424 E370.69081
G1 X169.977 Y170.419 E370.73271
G1 X170.905 Y169.573 E370.77448
G1 X171.971 Y168.913 E370.81618
G1 X173.134 Y168.462 E370.85767
G1 X174.375 Y168.23 E370.89966
G1 X175.625 Y168.23 E370.94124
G1 X176.866 Y168.462 E370.98323
G1 X178.029 Y168.913 E371.02472
G1 X179.095 Y169.573 E371.06642
G1 X180.023 Y170.419 E371.10818
G1 X180.783 Y171.424 E371.15009
G1 X181.34 Y172.544 E371.19169
G1 X181.684 Y173.75 E371.23341
G1 X181.799 Y175 E371.27516
G1 X181.684 Y176.25 E371.31691
G1 X181.34 Y177.456 E371.35862
G1 X180.783 Y178.576 E371.40022
G1 X180.023 Y179.581 E371.44213
G1 X179.095 Y180.427 E371.4839
G1 X178.029 Y181.087 E371.5256
G1 X176.866 Y181.538 E371.56709
G1 X175.625 Y181.77 E371.60908
G0 F9000 X175.664 Y181.847
;MESH:NONMESH
G0 F300 X175.664 Y181.847 Z25.8
G0 F9000 X175.319 Y181.694
;TIME_ELAPSED:1124.407541
;LAYER:128
;TYPE:WALL-OUTER
;MESH:diffuser_reactor.stl
G1 F600 X176.579 Y181.512 E371.65142
G1 X177.783 Y181.096 E371.69379
G1 X178.887 Y180.459 E371.73618
G1 X179.849 Y179.625 E371.77853
G1 X180.637 Y178.623 E371.82093
G1 X181.22 Y177.491 E371.86328
G1 X181.58 Y176.268 E371.90568
G1 X181.701 Y175 E371.94804
G1 X181.58 Y173.732 E371.99041
G1 X181.22 Y172.509 E372.03281
G1 X180.637 Y171.377 E372.07516
G1 X179.849 Y170.375 E372.11756
G1 X178.887 Y169.541 E372.15991
G1 X177.783 Y168.904 E372.2023
G1 X176.579 Y168.488 E372.24467
G1 X175.319 Y168.306 E372.28701
G1 X174.046 Y168.367 E372.3294
G1 X172.808 Y168.667 E372.37177
G1 X171.65 Y169.197 E372.41412
G1 X170.611 Y169.936 E372.45653
G1 X169.733 Y170.858 E372.49888
G1 X169.044 Y171.93 E372.54126
G1 X168.57 Y173.112 E372.58362
G1 X168.329 Y174.363 E372.62599
G1 X168.329 Y175.637 E372.66837
G1 X168.57 Y176.888 E372.71074
G1 X169.044 Y178.07 E372.7531
G1 X169.733 Y179.142 E372.79548
G1 X170.611 Y180.064 E372.83783
G1 X171.65 Y180.803 E372.88023
G1 X172.808 Y181.333 E372.92259
G1 X174.046 Y181.633 E372.96496
G1 X175.319 Y181.694 E373.00735
G0 F9000 X175.625 Y181.77
G1 F600 X174.375 Y181.77 E373.04892
G1 X173.134 Y181.538 E373.09091
G1 X171.971 Y181.087 E373.1324
G1 X170.905 Y180.427 E373.1741
G1 X169.977 Y179.581 E373.21587
G1 X169.217 Y178.576 E373.25778
G1 X168.66 Y177.456 E373.29938
G1 X168.316 Y176.25 E373.34109
G1 X168.201 Y175 E373.38284
G1 X168.316 Y173.75 E373.42459
G1 X168.66 Y172.544 E373.4663
G1 X169.217 Y171.424 E373.50791
G1 X169.977 Y170.419 E373.54982
G1 X170.905 Y169.573 E373.59158
G1 X171.971 Y168.913 E373.63328
G1 X173.134 Y168.462 E373.67477
G1 X174.375 Y168.23 E373.71676
G1 X175.625 Y168.23 E373.75834
G1 X176.866 Y168.462 E373.80033
G1 X178.029 Y168.913 E373.84182
G1 X179.095 Y169.573 E373.88352
G1 X180.023 Y170.419 E373.92528
G1 X180.783 Y171.424 E373.96719
G1 X181.34 Y172.544 E374.0088
G1 X181.684 Y173.75 E374.05051
G1 X181.799 Y175 E374.09226
G1 X181.684 Y176.25 E374.13401
G1 X181.34 Y177.456 E374.17572
G1 X180.783 Y178.576 E374.21732
G1 X180.023 Y179.581 E374.25923
G1 X179.095 Y180.427 E374.301
G1 X178.029 Y181.087 E374.3427
G1 X176.866 Y181.538 E374.38419
G1 X175.625 Y181.77 E374.42618
G0 F9000 X175.664 Y181.847
;MESH:NONMESH
G0 F300 X175.664 Y181.847 Z26
G0 F9000 X175.319 Y181.694
;TIME_ELAPSED:1133.051539
;LAYER:129
;TYPE:WALL-OUTER
;MESH:diffuser_reactor.stl
G1 F600 X176.579 Y181.512 E374.46852
G1 X177.783 Y181.096 E374.51089
G1 X178.887 Y180.459 E374.55328
G1 X179.849 Y179.625 E374.59563
G1 X180.637 Y178.623 E374.63803
G1 X181.22 Y177.491 E374.68038
G1 X181.58 Y176.268 E374.72278
G1 X181.701 Y175 E374.76515
G1 X181.58 Y173.732 E374.80751
G1 X181.22 Y172.509 E374.84991
G1 X180.637 Y171.377 E374.89226
G1 X179.849 Y170.375 E374.93466
G1 X178.887 Y169.541 E374.97701
G1 X177.783 Y168.904 E375.0194
G1 X176.579 Y168.488 E375.06177
G1 X175.319 Y168.306 E375.10411
G1 X174.046 Y168.367 E375.1465
G1 X172.808 Y168.667 E375.18887
G1 X171.65 Y169.197 E375.23123
G1 X170.611 Y169.936 E375.27363
G1 X169.733 Y170.858 E375.31598
G1 X169.044 Y171.93 E375.35836
G1 X168.57 Y173.112 E375.40072
G1 X168.329 Y174.363 E375.44309
G1 X168.329 Y175.637 E375.48547
G1 X168.57 Y176.888 E375.52784
G1 X169.044 Y178.07 E375.5702
G1 X169.733 Y179.142 E375.61258
G1 X170.611 Y180.064 E375.65493
G1 X171.65 Y180.803 E375.69733
G1 X172.808 Y181.333 E375.73969
G1 X174.046 Y181.633 E375.78206
G1 X175.319 Y181.694 E375.82445
G0 F9000 X175.625 Y181.77
G1 F600 X174.375 Y181.77 E375.86602
G1 X173.134 Y181.538 E375.90801
G1 X171.971 Y181.087 E375.9495
G1 X170.905 Y180.427 E375.9912
G1 X169.977 Y179.581 E376.03297
G1 X169.217 Y178.576 E376.07488
G1 X168.66 Y177.456 E376.11648
G1 X168.316 Y176.25 E376.15819
G1 X168.201 Y175 E376.19994
G1 X168.316 Y173.75 E376.24169
G1 X168.66 Y172.544 E376.28341
G1 X169.217 Y171.424 E376.32501
G1 X169.977 Y170.419 E376.36692
G1 X170.905 Y169.573 E376.40868
G1 X171.971 Y168.913 E376.45038
G1 X173.134 Y168.462 E376.49187
G1 X174.375 Y168.23 E376.53386
G1 X175.625 Y168.23 E376.57544
G1 X176.866 Y168.462 E376.61743
G1 X178.029 Y168.913 E376.65892
G1 X179.095 Y169.573 E376.70062
G1 X180.023 Y170.419 E376.74239
G1 X180.783 Y171.424 E376.78429
G1 X181.34 Y172.544 E376.8259
G1 X181.684 Y173.75 E376.86761
G1 X181.799 Y175 E376.90936
G1 X181.684 Y176.25 E376.95111
G1 X181.34 Y177.456 E376.99282
G1 X180.783 Y178.576 E377.03443
G1 X180.023 Y179.581 E377.07633
G1 X179.095 Y180.427 E377.1181
G1 X178.029 Y181.087 E377.1598
G1 X176.866 Y181.538 E377.20129
G1 X175.625 Y181.77 E377.24328
G0 F9000 X175.664 Y181.847
;MESH:NONMESH
G0 F300 X175.664 Y181.847 Z26.2
G0 F9000 X175.319 Y181.694
;TIME_ELAPSED:1141.695537
;LAYER:130
;TYPE:WALL-OUTER
;MESH:diffuser_reactor.stl
G1 F600 X176.579 Y181.512 E377.28562
G1 X177.783 Y181.096 E377.32799
G1 X178.887 Y180.459 E377.37038
G1 X179.849 Y179.625 E377.41273
G1 X180.637 Y178.623 E377.45513
G1 X181.22 Y177.491 E377.49748
G1 X181.58 Y176.268 E377.53988
G1 X181.701 Y175 E377.58225
G1 X181.58 Y173.732 E377.62461
G1 X181.22 Y172.509 E377.66701
G1 X180.637 Y171.377 E377.70937
G1 X179.849 Y170.375 E377.75176
G1 X178.887 Y169.541 E377.79411
G1 X177.783 Y168.904 E377.8365
G1 X176.579 Y168.488 E377.87887
G1 X175.319 Y168.306 E377.92121
G1 X174.046 Y168.367 E377.9636
G1 X172.808 Y168.667 E378.00597
G1 X171.65 Y169.197 E378.04833
G1 X170.611 Y169.936 E378.09073
G1 X169.733 Y170.858 E378.13308
G1 X169.044 Y171.93 E378.17546
G1 X168.57 Y173.112 E378.21782
G1 X168.329 Y174.363 E378.26019
G1 X168.329 Y175.637 E378.30257
G1 X168.57 Y176.888 E378.34494
G1 X169.044 Y178.07 E378.3873
G1 X169.733 Y179.142 E378.42968
G1 X170.611 Y180.064 E378.47203
G1 X171.65 Y180.803 E378.51444
G1 X172.808 Y181.333 E378.55679
G1 X174.046 Y181.633 E378.59916
G1 X175.319 Y181.694 E378.64155
G0 F9000 X175.625 Y181.77
G1 F600 X174.375 Y181.77 E378.68312
G1 X173.134 Y181.538 E378.72512
G1 X171.971 Y181.087 E378.7666
G1 X170.905 Y180.427 E378.8083
G1 X169.977 Y179.581 E378.85007
G1 X169.217 Y178.576 E378.89198
G1 X168.66 Y177.456 E378.93358
G1 X168.316 Y176.25 E378.97529
G1 X168.201 Y175 E379.01705
G1 X168.316 Y173.75 E379.0588
G1 X168.66 Y172.544 E379.10051
G1 X169.217 Y171.424 E379.14211
G1 X169.977 Y170.419 E379.18402
G1 X170.905 Y169.573 E379.22579
G1 X171.971 Y168.913 E379.26749
G1 X173.134 Y168.462 E379.30897
G1 X174.375 Y168.23 E379.35097
G1 X175.625 Y168.23 E379.39254
G1 X176.866 Y168.462 E379.43453
G1 X178.029 Y168.913 E379.47602
G1 X179.095 Y169.573 E379.51772
G1 X180.023 Y170.419 E379.55949
G1 X180.783 Y171.424 E379.60139
G1 X181.34 Y172.544 E379.643
G1 X181.684 Y173.75 E379.68471
G1 X181.799 Y175 E379.72646
G1 X181.684 Y176.25 E379.76821
G1 X181.34 Y177.456 E379.80992
G1 X180.783 Y178.576 E379.85153
G1 X180.023 Y179.581 E379.89344
G1 X179.095 Y180.427 E379.9352
G1 X178.029 Y181.087 E379.9769
G1 X176.866 Y181.538 E380.01839
G1 X175.625 Y181.77 E380.06038
G0 F9000 X175.664 Y181.847
;MESH:NONMESH
G0 F300 X175.664 Y181.847 Z26.4
G0 F9000 X175.319 Y181.694
;TIME_ELAPSED:1150.339535
;LAYER:131
;TYPE:WALL-OUTER
;MESH:diffuser_reactor.stl
G1 F600 X176.579 Y181.512 E380.10272
G1 X177.783 Y181.096 E380.14509
G1 X178.887 Y180.459 E380.18749
G1 X179.849 Y179.625 E380.22983
G1 X180.637 Y178.623 E380.27223
G1 X181.22 Y177.491 E380.31458
G1 X181.58 Y176.268 E380.35698
G1 X181.701 Y175 E380.39935
G1 X181.58 Y173.732 E380.44171
G1 X181.22 Y172.509 E380.48412
G1 X180.637 Y171.377 E380.52647
G1 X179.849 Y170.375 E380.56886
G1 X178.887 Y169.541 E380.61121
G1 X177.783 Y168.904 E380.6536
G1 X176.579 Y168.488 E380.69597
G1 X175.319 Y168.306 E380.73831
G1 X174.046 Y168.367 E380.7807
G1 X172.808 Y168.667 E380.82307
G1 X171.65 Y169.197 E380.86543
G1 X170.611 Y169.936 E380.90784
G1 X169.733 Y170.858 E380.95018
G1 X169.044 Y171.93 E380.99257
G1 X168.57 Y173.112 E381.03492
G1 X168.329 Y174.363 E381.0773
G1 X168.329 Y175.637 E381.11967
G1 X168.57 Y176.888 E381.16204
G1 X169.044 Y178.07 E381.2044
G1 X169.733 Y179.142 E381.24678
G1 X170.611 Y180.064 E381.28913
G1 X171.65 Y180.803 E381.33154
G1 X172.808 Y181.333 E381.37389
G1 X174.046 Y181.633 E381.41626
G1 X175.319 Y181.694 E381.45865
G0 F9000 X175.625 Y181.77
G1 F600 X174.375 Y181.77 E381.50023
G1 X173.134 Y181.538 E381.54222
G1 X171.971 Y181.087 E381.58371
G1 X170.905 Y180.427 E381.62541
G1 X169.977 Y179.581 E381.66717
G1 X169.217 Y178.576 E381.70908
G1 X168.66 Y177.456 E381.75068
G1 X168.316 Y176.25 E381.7924
G1 X168.201 Y175 E381.83415
G1 X168.316 Y173.75 E381.8759
G1 X168.66 Y172.544 E381.91761
G1 X169.217 Y171.424 E381.95921
G1 X169.977 Y170.419 E382.00112
G1 X170.905 Y169.573 E382.04289
G1 X171.971 Y168.913 E382.08459
G1 X173.134 Y168.462 E382.12608
G1 X174.375 Y168.23 E382.16807
G1 X175.625 Y168.23 E382.20964
G1 X176.866 Y168.462 E382.25163
G1 X178.029 Y168.913 E382.29312
G1 X179.095 Y169.573 E382.33482
G1 X180.023 Y170.419 E382.37659
G1 X180.783 Y171.424 E382.4185
G1 X181.34 Y172.544 E382.4601
G1 X181.684 Y173.75 E382.50181
G1 X181.799 Y175 E382.54356
G1 X181.684 Y176.25 E382.58531
G1 X181.34 Y177.456 E382.62702
G1 X180.783 Y178.576 E382.66863
G1 X180.023 Y179.581 E382.71054
G1 X179.095 Y180.427 E382.7523
G1 X178.029 Y181.087 E382.794
G1 X176.866 Y181.538 E382.83549
G1 X175.625 Y181.77 E382.87748
G0 F9000 X175.664 Y181.847
;MESH:NONMESH
G0 F300 X175.664 Y181.847 Z26.6
G0 F9000 X175.319 Y181.694
;TIME_ELAPSED:1158.983533
;LAYER:132
;TYPE:WALL-OUTER
;MESH:diffuser_reactor.stl
G1 F600 X176.579 Y181.512 E382.91983
G1 X177.783 Y181.096 E382.96219
G1 X178.887 Y180.459 E383.00459
G1 X179.849 Y179.625 E383.04693
G1 X180.637 Y178.623 E383.08933
G1 X181.22 Y177.491 E383.13168
G1 X181.58 Y176.268 E383.17408
G1 X181.701 Y175 E383.21645
G1 X181.58 Y173.732 E383.25882
G1 X181.22 Y172.509 E383.30122
G1 X180.637 Y171.377 E383.34357
G1 X179.849 Y170.375 E383.38597
G1 X178.887 Y169.541 E383.42831
G1 X177.783 Y168.904 E383.47071
G1 X176.579 Y168.488 E383.51307
G1 X175.319 Y168.306 E383.55542
G1 X174.046 Y168.367 E383.59781
G1 X172.808 Y168.667 E383.64017
G1 X171.65 Y169.197 E383.68253
G1 X170.611 Y169.936 E383.72494
G1 X169.733 Y170.858 E383.76728
G1 X169.044 Y171.93 E383.80967
G1 X168.57 Y173.112 E383.85202
G1 X168.329 Y174.363 E383.8944
G1 X168.329 Y175.637 E383.93677
G1 X168.57 Y176.888 E383.97914
G1 X169.044 Y178.07 E384.0215
G1 X169.733 Y179.142 E384.06389
G1 X170.611 Y180.064 E384.10623
G1 X171.65 Y180.803 E384.14864
G1 X172.808 Y181.333 E384.191
G1 X174.046 Y181.633 E384.23336
G1 X175.319 Y181.694 E384.27575
G0 F9000 X175.625 Y181.77
G1 F600 X174.375 Y181.77 E384.31733
G1 X173.134 Y181.538 E384.35932
G1 X171.971 Y181.087 E384.40081
G1 X170.905 Y180.427 E384.44251
G1 X169.977 Y179.581 E384.48427
G1 X169.217 Y178.576 E384.52618
G1 X168.66 Y177.456 E384.56779
G1 X168.316 Y176.25 E384.6095
G1 X168.201 Y175 E384.65125
G1 X168.316 Y173.75 E384.693
G1 X168.66 Y172.544 E384.73471
G1 X169.217 Y171.424 E384.77631
G1 X169.977 Y170.419 E384.81822
G1 X170.905 Y169.573 E384.85999
G1 X171.971 Y168.913 E384.90169
G1 X173.134 Y168.462 E384.94318
G1 X174.375 Y168.23 E384.98517
G1 X175.625 Y168.23 E385.02674
G1 X176.866 Y168.462 E385.06873
G1 X178.029 Y168.913 E385.11022
G1 X179.095 Y169.573 E385.15192
G1 X180.023 Y170.419 E385.19369
G1 X180.783 Y171.424 E385.2356
G1 X181.34 Y172.544 E385.2772
G1 X181.684 Y173.75 E385.31891
G1 X181.799 Y175 E385.36066
G1 X181.684 Y176.25 E385.40241
G1 X181.34 Y177.456 E385.44413
G1 X180.783 Y178.576 E385.48573
G1 X180.023 Y179.581 E385.52764
G1 X179.095 Y180.427 E385.5694
G1 X178.029 Y181.087 E385.61111
G1 X176.866 Y181.538 E385.65259
G1 X175.625 Y181.77 E385.69458
G0 F9000 X175.664 Y181.847
;MESH:NONMESH
G0 F300 X175.664 Y181.847 Z26.8
G0 F9000 X175.319 Y181.694
;TIME_ELAPSED:1167.627531
;LAYER:133
;TYPE:WALL-OUTER
;MESH:diffuser_reactor.stl
G1 F600 X176.579 Y181.512 E385.73693
G1 X177.783 Y181.096 E385.7793
G1 X178.887 Y180.459 E385.82169
G1 X179.849 Y179.625 E385.86403
G1 X180.637 Y178.623 E385.90643
G1 X181.22 Y177.491 E385.94878
G1 X181.58 Y176.268 E385.99119
G1 X181.701 Y175 E386.03355
G1 X181.58 Y173.732 E386.07592
G1 X181.22 Y172.509 E386.11832
G1 X180.637 Y171.377 E386.16067
G1 X179.849 Y170.375 E386.20307
G1 X178.887 Y169.541 E386.24541
G1 X177.783 Y168.904 E386.28781
G1 X176.579 Y168.488 E386.33018
G1 X175.319 Y168.306 E386.37252
G1 X174.046 Y168.367 E386.41491
G1 X172.808 Y168.667 E386.45727
G1 X171.65 Y169.197 E386.49963
G1 X170.611 Y169.936 E386.54204
G1 X169.733 Y170.858 E386.58438
G1 X169.044 Y171.93 E386.62677
G1 X168.57 Y173.112 E386.66913
G1 X168.329 Y174.363 E386.7115
G1 X168.329 Y175.637 E386.75387
G1 X168.57 Y176.888 E386.79625
G1 X169.044 Y178.07 E386.8386
G1 X169.733 Y179.142 E386.88099
G1 X170.611 Y180.064 E386.92333
G1 X171.65 Y180.803 E386.96574
G1 X172.808 Y181.333 E387.0081
G1 X174.046 Y181.633 E387.05047
G1 X175.319 Y181.694 E387.09285
G0 F9000 X175.625 Y181.77
G1 F600 X174.375 Y181.77 E387.13443
G1 X173.134 Y181.538 E387.17642
G1 X171.971 Y181.087 E387.21791
G1 X170.905 Y180.427 E387.25961
G1 X169.977 Y179.581 E387.30138
G1 X169.217 Y178.576 E387.34328
G1 X168.66 Y177.456 E387.38489
G1 X168.316 Y176.25 E387.4266
G1 X168.201 Y175 E387.46835
G1 X168.316 Y173.75 E387.5101
G1 X168.66 Y172.544 E387.55181
G1 X169.217 Y171.424 E387.59342
G1 X169.977 Y170.419 E387.63532
G1 X170.905 Y169.573 E387.67709
G1 X171.971 Y168.913 E387.71879
G1 X173.134 Y168.462 E387.76028
G1 X174.375 Y168.23 E387.80227
G1 X175.625 Y168.23 E387.84385
G1 X176.866 Y168.462 E387.88584
G1 X178.029 Y168.913 E387.92732
G1 X179.095 Y169.573 E387.96903
G1 X180.023 Y170.419 E388.01079
G1 X180.783 Y171.424 E388.0527
G1 X181.34 Y172.544 E388.0943
G1 X181.684 Y173.75 E388.13601
G1 X181.799 Y175 E388.17777
G1 X181.684 Y176.25 E388.21952
G1 X181.34 Y177.456 E388.26123
G1 X180.783 Y178.576 E388.30283
G1 X180.023 Y179.581 E388.34474
G1 X179.095 Y180.427 E388.38651
G1 X178.029 Y181.087 E388.42821
G1 X176.866 Y181.538 E388.4697
G1 X175.625 Y181.77 E388.51169
G0 F9000 X175.664 Y181.847
;MESH:NONMESH
G0 F300 X175.664 Y181.847 Z27
G0 F9000 X175.319 Y181.694
;TIME_ELAPSED:1176.271529
;LAYER:134
;TYPE:WALL-OUTER
;MESH:diffuser_reactor.stl
G1 F600 X176.579 Y181.512 E388.55403
G1 X177.783 Y181.096 E388.5964
G1 X178.887 Y180.459 E388.63879
G1 X179.849 Y179.625 E388.68114
G1 X180.637 Y178.623 E388.72353
G1 X181.22 Y177.491 E388.76588
G1 X181.58 Y176.268 E388.80829
G1 X181.701 Y175 E388.85065
G1 X181.58 Y173.732 E388.89302
G1 X181.22 Y172.509 E388.93542
G1 X180.637 Y171.377 E388.97777
G1 X179.849 Y170.375 E389.02017
G1 X178.887 Y169.541 E389.06252
G1 X177.783 Y168.904 E389.10491
G1 X176.579 Y168.488 E389.14728
G1 X175.319 Y168.306 E389.18962
G1 X174.046 Y168.367 E389.23201
G1 X172.808 Y168.667 E389.27438
G1 X171.65 Y169.197 E389.31673
G1 X170.611 Y169.936 E389.35914
G1 X169.733 Y170.858 E389.40149
G1 X169.044 Y171.93 E389.44387
G1 X168.57 Y173.112 E389.48623
G1 X168.329 Y174.363 E389.5286
G1 X168.329 Y175.637 E389.57097
G1 X168.57 Y176.888 E389.61335
G1 X169.044 Y178.07 E389.6557
G1 X169.733 Y179.142 E389.69809
G1 X170.611 Y180.064 E389.74043
G1 X171.65 Y180.803 E389.78284
G1 X172.808 Y181.333 E389.8252
G1 X174.046 Y181.633 E389.86757
G1 X175.319 Y181.694 E389.90996
G0 F9000 X175.625 Y181.77
G1 F600 X174.375 Y181.77 E389.95153
G1 X173.134 Y181.538 E389.99352
G1 X171.971 Y181.087 E390.03501
G1 X170.905 Y180.427 E390.07671
G1 X169.977 Y179.581 E390.11848
G1 X169.217 Y178.576 E390.16038
G1 X168.66 Y177.456 E390.20199
G1 X168.316 Y176.25 E390.2437
G1 X168.201 Y175 E390.28545
G1 X168.316 Y173.75 E390.3272
G1 X168.66 Y172.544 E390.36891
G1 X169.217 Y171.424 E390.41052
G1 X169.977 Y170.419 E390.45243
G1 X170.905 Y169.573 E390.49419
G1 X171.971 Y168.913 E390.53589
G1 X173.134 Y168.462 E390.57738
G1 X174.375 Y168.23 E390.61937
G1 X175.625 Y168.23 E390.66095
G1 X176.866 Y168.462 E390.70294
G1 X178.029 Y168.913 E390.74443
G1 X179.095 Y169.573 E390.78613
G1 X180.023 Y170.419 E390.82789
G1 X180.783 Y171.424 E390.8698
G1 X181.34 Y172.544 E390.9114
G1 X181.684 Y173.75 E390.95312
G1 X181.799 Y175 E390.99487
G1 X181.684 Y176.25 E391.03662
G1 X181.34 Y177.456 E391.07833
G1 X180.783 Y178.576 E391.11993
G1 X180.023 Y179.581 E391.16184
G1 X179.095 Y180.427 E391.20361
G1 X178.029 Y181.087 E391.24531
G1 X176.866 Y181.538 E391.2868
G1 X175.625 Y181.77 E391.32879
G0 F9000 X175.664 Y181.847
;MESH:NONMESH
G0 F300 X175.664 Y181.847 Z27.2
G0 F9000 X175.319 Y181.694
;TIME_ELAPSED:1184.915527
;LAYER:135
;TYPE:WALL-OUTER
;MESH:diffuser_reactor.stl
G1 F600 X176.579 Y181.512 E391.37113
G1 X177.783 Y181.096 E391.4135
G1 X178.887 Y180.459 E391.45589
G1 X179.849 Y179.625 E391.49824
G1 X180.637 Y178.623 E391.54064
G1 X181.22 Y177.491 E391.58299
G1 X181.58 Y176.268 E391.62539
G1 X181.701 Y175 E391.66775
G1 X181.58 Y173.732 E391.71012
G1 X181.22 Y172.509 E391.75252
G1 X180.637 Y171.377 E391.79487
G1 X179.849 Y170.375 E391.83727
G1 X178.887 Y169.541 E391.87962
G1 X177.783 Y168.904 E391.92201
G1 X176.579 Y168.488 E391.96438
G1 X175.319 Y168.306 E392.00672
G1 X174.046 Y168.367 E392.04911
G1 X172.808 Y168.667 E392.09148
G1 X171.65 Y169.197 E392.13383
G1 X170.611 Y169.936 E392.17624
G1 X169.733 Y170.858 E392.21859
G1 X169.044 Y171.93 E392.26097
G1 X168.57 Y173.112 E392.30333
G1 X168.329 Y174.363 E392.3457
G1 X168.329 Y175.637 E392.38808
G1 X168.57 Y176.888 E392.43045
G1 X169.044 Y178.07 E392.47281
G1 X169.733 Y179.142 E392.51519
G1 X170.611 Y180.064 E392.55754
G1 X171.65 Y180.803 E392.59994
G1 X172.808 Y181.333 E392.6423
G1 X174.046 Y181.633 E392.68467
G1 X175.319 Y181.694 E392.72706
G0 F9000 X175.625 Y181.77
G1 F600 X174.375 Y181.77 E392.76863
G1 X173.134 Y181.538 E392.81062
G1 X171.971 Y181.087 E392.85211
G1 X170.905 Y180.427 E392.89381
G1 X169.977 Y179.581 E392.93558
G1 X169.217 Y178.576 E392.97749
G1 X168.66 Y177.456 E393.01909
G1 X168.316 Y176.25 E393.0608
G1 X168.201 Y175 E393.10255
G1 X168.316 Y173.75 E393.1443
G1 X168.66 Y172.544 E393.18601
G1 X169.217 Y171.424 E393.22762
G1 X169.977 Y170.419 E393.26953
G1 X170.905 Y169.573 E393.31129
G1 X171.971 Y168.913 E393.35299
G1 X173.134 Y168.462 E393.39448
G1 X174.375 Y168.23 E393.43647
G1 X175.625 Y168.23 E393.47805
G1 X176.866 Y168.462 E393.52004
G1 X178.029 Y168.913 E393.56153
G1 X179.095 Y169.573 E393.60323
G1 X180.023 Y170.419 E393.64499
G1 X180.783 Y171.424 E393.6869
G1 X181.34 Y172.544 E393.72851
G1 X181.684 Y173.75 E393.77022
G1 X181.799 Y175 E393.81197
G1 X181.684 Y176.25 E393.85372
G1 X181.34 Y177.456 E393.89543
G1 X180.783 Y178.576 E393.93703
G1 X180.023 Y179.581 E393.97894
G1 X179.095 Y180.427 E394.02071
G1 X178.029 Y181.087 E394.06241
G1 X176.866 Y181.538 E394.1039
G1 X175.625 Y181.77 E394.14589
G0 F9000 X175.664 Y181.847
;MESH:NONMESH
G0 F300 X175.664 Y181.847 Z27.4
G0 F9000 X175.319 Y181.694
;TIME_ELAPSED:1193.559525
;LAYER:136
;TYPE:WALL-OUTER
;MESH:diffuser_reactor.stl
G1 F600 X176.579 Y181.512 E394.18823
G1 X177.783 Y181.096 E394.2306
G1 X178.887 Y180.459 E394.27299
G1 X179.849 Y179.625 E394.31534
G1 X180.637 Y178.623 E394.35774
G1 X181.22 Y177.491 E394.40009
G1 X181.58 Y176.268 E394.44249
G1 X181.701 Y175 E394.48486
G1 X181.58 Y173.732 E394.52722
G1 X181.22 Y172.509 E394.56962
G1 X180.637 Y171.377 E394.61197
G1 X179.849 Y170.375 E394.65437
G1 X178.887 Y169.541 E394.69672
G1 X177.783 Y168.904 E394.73911
G1 X176.579 Y168.488 E394.78148
G1 X175.319 Y168.306 E394.82382
G1 X174.046 Y168.367 E394.86621
G1 X172.808 Y168.667 E394.90858
G1 X171.65 Y169.197 E394.95094
G1 X170.611 Y169.936 E394.99334
G1 X169.733 Y170.858 E395.03569
G1 X169.044 Y171.93 E395.07807
G1 X168.57 Y173.112 E395.12043
G1 X168.329 Y174.363 E395.1628
G1 X168.329 Y175.637 E395.20518
G1 X168.57 Y176.888 E395.24755
G1 X169.044 Y178.07 E395.28991
G1 X169.733 Y179.142 E395.33229
G1 X170.611 Y180.064 E395.37464
G1 X171.65 Y180.803 E395.41704
G1 X172.808 Y181.333 E395.4594
G1 X174.046 Y181.633 E395.50177
G1 X175.319 Y181.694 E395.54416
G0 F9000 X175.625 Y181.77
G1 F600 X174.375 Y181.77 E395.58573
G1 X173.134 Y181.538 E395.62772
G1 X171.971 Y181.087 E395.66921
G1 X170.905 Y180.427 E395.71091
G1 X169.977 Y179.581 E395.75268
G1 X169.217 Y178.576 E395.79459
G1 X168.66 Y177.456 E395.83619
G1 X168.316 Y176.25 E395.8779
G1 X168.201 Y175 E395.91965
G1 X168.316 Y173.75 E395.9614
G1 X168.66 Y172.544 E396.00312
G1 X169.217 Y171.424 E396.04472
G1 X169.977 Y170.419 E396.08663
G1 X170.905 Y169.573 E396.12839
G1 X171.971 Y168.913 E396.1701
G1 X173.134 Y168.462 E396.21158
G1 X174.375 Y168.23 E396.25357
G1 X175.625 Y168.23 E396.29515
G1 X176.866 Y168.462 E396.33714
G1 X178.029 Y168.913 E396.37863
G1 X179.095 Y169.573 E396.42033
G1 X180.023 Y170.419 E396.4621
G1 X180.783 Y171.424 E396.504
G1 X181.34 Y172.544 E396.54561
G1 X181.684 Y173.75 E396.58732
G1 X181.799 Y175 E396.62907
G1 X181.684 Y176.25 E396.67082
G1 X181.34 Y177.456 E396.71253
G1 X180.783 Y178.576 E396.75414
G1 X180.023 Y179.581 E396.79604
G1 X179.095 Y180.427 E396.83781
G1 X178.029 Y181.087 E396.87951
G1 X176.866 Y181.538 E396.921
G1 X175.625 Y181.77 E396.96299
G0 F9000 X175.664 Y181.847
;MESH:NONMESH
G0 F300 X175.664 Y181.847 Z27.6
G0 F9000 X175.319 Y181.694
;TIME_ELAPSED:1202.203523
;LAYER:137
;TYPE:WALL-OUTER
;MESH:diffuser_reactor.stl
G1 F600 X176.579 Y181.512 E397.00533
G1 X177.783 Y181.096 E397.0477
G1 X178.887 Y180.459 E397.09009
G1 X179.849 Y179.625 E397.13244
G1 X180.637 Y178.623 E397.17484
G1 X181.22 Y177.491 E397.21719
G1 X181.58 Y176.268 E397.25959
G1 X181.701 Y175 E397.30196
G1 X181.58 Y173.732 E397.34432
G1 X181.22 Y172.509 E397.38673
G1 X180.637 Y171.377 E397.42908
G1 X179.849 Y170.375 E397.47147
G1 X178.887 Y169.541 E397.51382
G1 X177.783 Y168.904 E397.55621
G1 X176.579 Y168.488 E397.59858
G1 X175.319 Y168.306 E397.64092
G1 X174.046 Y168.367 E397.68331
G1 X172.808 Y168.667 E397.72568
G1 X171.65 Y169.197 E397.76804
G1 X170.611 Y169.936 E397.81044
G1 X169.733 Y170.858 E397.85279
G1 X169.044 Y171.93 E397.89517
G1 X168.57 Y173.112 E397.93753
G1 X168.329 Y174.363 E397.97991
G1 X168.329 Y175.637 E398.02228
G1 X168.57 Y176.888 E398.06465
G1 X169.044 Y178.07 E398.10701
G1 X169.733 Y179.142 E398.14939
G1 X170.611 Y180.064 E398.19174
G1 X171.65 Y180.803 E398.23415
G1 X172.808 Y181.333 E398.2765
G1 X174.046 Y181.633 E398.31887
G1 X175.319 Y181.694 E398.36126
G0 F9000 X175.625 Y181.77
G1 F600 X174.375 Y181.77 E398.40284
G1 X173.134 Y181.538 E398.44483
G1 X171.971 Y181.087 E398.48631
G1 X170.905 Y180.427 E398.52802
G1 X169.977 Y179.581 E398.56978
G1 X169.217 Y178.576 E398.61169
G1 X168.66 Y177.456 E398.65329
G1 X168.316 Y176.25 E398.695
G1 X168.201 Y175 E398.73676
G1 X168.316 Y173.75 E398.77851
G1 X168.66 Y172.544 E398.82022
G1 X169.217 Y171.424 E398.86182
G1 X169.977 Y170.419 E398.90373
G1 X170.905 Y169.573 E398.9455
G1 X171.971 Y168.913 E398.9872
G1 X173.134 Y168.462 E399.02868
G1 X174.375 Y168.23 E399.07068
G1 X175.625 Y168.23 E399.11225
G1 X176.866 Y168.462 E399.15424
G1 X178.029 Y168.913 E399.19573
G1 X179.095 Y169.573 E399.23743
G1 X180.023 Y170.419 E399.2792
G1 X180.783 Y171.424 E399.32111
G1 X181.34 Y172.544 E399.36271
G1 X181.684 Y173.75 E399.40442
G1 X181.799 Y175 E399.44617
G1 X181.684 Y176.25 E399.48792
G1 X181.34 Y177.456 E399.52963
G1 X180.783 Y178.576 E399.57124
G1 X180.023 Y179.581 E399.61315
G1 X179.095 Y180.427 E399.65491
G1 X178.029 Y181.087 E399.69661
G1 X176.866 Y181.538 E399.7381
G1 X175.625 Y181.77 E399.78009
G0 F9000 X175.664 Y181.847
;MESH:NONMESH
G0 F300 X175.664 Y181.847 Z27.8
G0 F9000 X175.319 Y181.694
;TIME_ELAPSED:1210.847521
;LAYER:138
;TYPE:WALL-OUTER
;MESH:diffuser_reactor.stl
G1 F600 X176.579 Y181.512 E399.82243
G1 X177.783 Y181.096 E399.8648
G1 X178.887 Y180.459 E399.9072
G1 X179.849 Y179.625 E399.94954
G1 X180.637 Y178.623 E399.99194
G1 X181.22 Y177.491 E400.03429
G1 X181.58 Y176.268 E400.07669
G1 X181.701 Y175 E400.11906
G1 X181.58 Y173.732 E400.16142
G1 X181.22 Y172.509 E400.20383
G1 X180.637 Y171.377 E400.24618
G1 X179.849 Y170.375 E400.28858
G1 X178.887 Y169.541 E400.33092
G1 X177.783 Y168.904 E400.37331
G1 X176.579 Y168.488 E400.41568
G1 X175.319 Y168.306 E400.45803
G1 X174.046 Y168.367 E400.50041
G1 X172.808 Y168.667 E400.54278
G1 X171.65 Y169.197 E400.58514
G1 X170.611 Y169.936 E400.62755
G1 X169.733 Y170.858 E400.66989
G1 X169.044 Y171.93 E400.71228
G1 X168.57 Y173.112 E400.75463
G1 X168.329 Y174.363 E400.79701
G1 X168.329 Y175.637 E400.83938
G1 X168.57 Y176.888 E400.88175
G1 X169.044 Y178.07 E400.92411
G1 X169.733 Y179.142 E400.96649
G1 X170.611 Y180.064 E401.00884
G1 X171.65 Y180.803 E401.05125
G1 X172.808 Y181.333 E401.0936
G1 X174.046 Y181.633 E401.13597
G1 X175.319 Y181.694 E401.17836
G0 F9000 X175.625 Y181.77
G1 F600 X174.375 Y181.77 E401.21994
G1 X173.134 Y181.538 E401.26193
G1 X171.971 Y181.087 E401.30342
G1 X170.905 Y180.427 E401.34512
G1 X169.977 Y179.581 E401.38688
G1 X169.217 Y178.576 E401.42879
G1 X168.66 Y177.456 E401.47039
G1 X168.316 Y176.25 E401.51211
G1 X168.201 Y175 E401.55386
G1 X168.316 Y173.75 E401.59561
G1 X168.66 Y172.544 E401.63732
G1 X169.217 Y171.424 E401.67892
G1 X169.977 Y170.419 E401.72083
G1 X170.905 Y169.573 E401.7626
G1 X171.971 Y168.913 E401.8043
G1 X173.134 Y168.462 E401.84579
G1 X174.375 Y168.23 E401.88778
G1 X175.625 Y168.23 E401.92935
G1 X176.866 Y168.462 E401.97134
G1 X178.029 Y168.913 E402.01283
G1 X179.095 Y169.573 E402.05453
G1 X180.023 Y170.419 E402.0963
G1 X180.783 Y171.424 E402.13821
G1 X181.34 Y172.544 E402.17981
G1 X181.684 Y173.75 E402.22152
G1 X181.799 Y175 E402.26327
G1 X181.684 Y176.25 E402.30502
G1 X181.34 Y177.456 E402.34674
G1 X180.783 Y178.576 E402.38834
G1 X180.023 Y179.581 E402.43025
G1 X179.095 Y180.427 E402.47201
G1 X178.029 Y181.087 E402.51371
G1 X176.866 Y181.538 E402.5552
G1 X175.625 Y181.77 E402.59719
G0 F9000 X175.664 Y181.847
;MESH:NONMESH
G0 F300 X175.664 Y181.847 Z28
G0 F9000 X175.319 Y181.694
;TIME_ELAPSED:1219.491518
;LAYER:139
;TYPE:WALL-OUTER
;MESH:diffuser_reactor.stl
G1 F600 X176.579 Y181.512 E402.63954
G1 X177.783 Y181.096 E402.6819
G1 X178.887 Y180.459 E402.7243
G1 X179.849 Y179.625 E402.76664
G1 X180.637 Y178.623 E402.80904
G1 X181.22 Y177.491 E402.85139
G1 X181.58 Y176.268 E402.89379
G1 X181.701 Y175 E402.93616
G1 X181.58 Y173.732 E402.97853
G1 X181.22 Y172.509 E403.02093
G1 X180.637 Y171.377 E403.06328
G1 X179.849 Y170.375 E403.10568
G1 X178.887 Y169.541 E403.14802
G1 X177.783 Y168.904 E403.19042
G1 X176.579 Y168.488 E403.23278
G1 X175.319 Y168.306 E403.27513
G1 X174.046 Y168.367 E403.31752
G1 X172.808 Y168.667 E403.35988
G1 X171.65 Y169.197 E403.40224
G1 X170.611 Y169.936 E403.44465
G1 X169.733 Y170.858 E403.48699
G1 X169.044 Y171.93 E403.52938
G1 X168.57 Y173.112 E403.57173
G1 X168.329 Y174.363 E403.61411
G1 X168.329 Y175.637 E403.65648
G1 X168.57 Y176.888 E403.69886
G1 X169.044 Y178.07 E403.74121
G1 X169.733 Y179.142 E403.7836
G1 X170.611 Y180.064 E403.82594
G1 X171.65 Y180.803 E403.86835
G1 X172.808 Y181.333 E403.91071
G1 X174.046 Y181.633 E403.95307
G1 X175.319 Y181.694 E403.99546
G0 F9000 X175.625 Y181.77
G1 F600 X174.375 Y181.77 E404.03704
G1 X173.134 Y181.538 E404.07903
G1 X171.971 Y181.087 E404.12052
G1 X170.905 Y180.427 E404.16222
G1 X169.977 Y179.581 E404.20398
G1 X169.217 Y178.576 E404.24589
G1 X168.66 Y177.456 E404.2875
G1 X168.316 Y176.25 E404.32921
G1 X168.201 Y175 E404.37096
G1 X168.316 Y173.75 E404.41271
G1 X168.66 Y172.544 E404.45442
G1 X169.217 Y171.424 E404.49602
G1 X169.977 Y170.419 E404.53793
G1 X170.905 Y169.573 E404.5797
G1 X171.971 Y168.913 E404.6214
G1 X173.134 Y168.462 E404.66289
G1 X174.375 Y168.23 E404.70488
G1 X175.625 Y168.23 E404.74645
G1 X176.866 Y168.462 E404.78844
G1 X178.029 Y168.913 E404.82993
G1 X179.095 Y169.573 E404.87163
G1 X180.023 Y170.419 E404.9134
G1 X180.783 Y171.424 E404.95531
G1 X181.34 Y172.544 E404.99691
G1 X181.684 Y173.75 E405.03862
G1 X181.799 Y175 E405.08037
G1 X181.684 Y176.25 E405.12213
G1 X181.34 Y177.456 E405.16384
G1 X180.783 Y178.576 E405.20544
G1 X180.023 Y179.581 E405.24735
G1 X179.095 Y180.427 E405.28911
G1 X178.029 Y181.087 E405.33082
G1 X176.866 Y181.538 E405.3723
G1 X175.625 Y181.77 E405.41429
G0 F9000 X175.664 Y181.847
;MESH:NONMESH
G0 F300 X175.664 Y181.847 Z28.2
G0 F9000 X175.319 Y181.694
;TIME_ELAPSED:1228.135516
;LAYER:140
;TYPE:WALL-OUTER
;MESH:diffuser_reactor.stl
G1 F600 X176.579 Y181.512 E405.45664
G1 X177.783 Y181.096 E405.49901
G1 X178.887 Y180.459 E405.5414
G1 X179.849 Y179.625 E405.58375
G1 X180.637 Y178.623 E405.62614
G1 X181.22 Y177.491 E405.66849
G1 X181.58 Y176.268 E405.7109
G1 X181.701 Y175 E405.75326
G1 X181.58 Y173.732 E405.79563
G1 X181.22 Y172.509 E405.83803
G1 X180.637 Y171.377 E405.88038
G1 X179.849 Y170.375 E405.92278
G1 X178.887 Y169.541 E405.96512
G1 X177.783 Y168.904 E406.00752
G1 X176.579 Y168.488 E406.04989
G1 X175.319 Y168.306 E406.09223
G1 X174.046 Y168.367 E406.13462
G1 X172.808 Y168.667 E406.17698
G1 X171.65 Y169.197 E406.21934
G1 X170.611 Y169.936 E406.26175
G1 X169.733 Y170.858 E406.3041
G1 X169.044 Y171.93 E406.34648
G1 X168.57 Y173.112 E406.38884
G1 X168.329 Y174.363 E406.43121
G1 X168.329 Y175.637 E406.47358
G1 X168.57 Y176.888 E406.51596
G1 X169.044 Y178.07 E406.55831
G1 X169.733 Y179.142 E406.6007
G1 X170.611 Y180.064 E406.64304
G1 X171.65 Y180.803 E406.68545
G1 X172.808 Y181.333 E406.72781
G1 X174.046 Y181.633 E406.77018
G1 X175.319 Y181.694 E406.81256
G0 F9000 X175.625 Y181.77
G1 F600 X174.375 Y181.77 E406.85414
G1 X173.134 Y181.538 E406.89613
G1 X171.971 Y181.087 E406.93762
G1 X170.905 Y180.427 E406.97932
G1 X169.977 Y179.581 E407.02109
G1 X169.217 Y178.576 E407.06299
G1 X168.66 Y177.456 E407.1046
G1 X168.316 Y176.25 E407.14631
G1 X168.201 Y175 E407.18806
G1 X168.316 Y173.75 E407.22981
G1 X168.66 Y172.544 E407.27152
G1 X169.217 Y171.424 E407.31313
G1 X169.977 Y170.419 E407.35503
G1 X170.905 Y169.573 E407.3968
G1 X171.971 Y168.913 E407.4385
G1 X173.134 Y168.462 E407.47999
G1 X174.375 Y168.23 E407.52198
G1 X175.625 Y168.23 E407.56356
G1 X176.866 Y168.462 E407.60555
G1 X178.029 Y168.913 E407.64703
G1 X179.095 Y169.573 E407.68874
G1 X180.023 Y170.419 E407.7305
G1 X180.783 Y171.424 E407.77241
G1 X181.34 Y172.544 E407.81401
G1 X181.684 Y173.75 E407.85573
G1 X181.799 Y175 E407.89748
G1 X181.684 Y176.25 E407.93923
G1 X181.34 Y177.456 E407.98094
G1 X180.783 Y178.576 E408.02254
G1 X180.023 Y179.581 E408.06445
G1 X179.095 Y180.427 E408.10622
G1 X178.029 Y181.087 E408.14792
G1 X176.866 Y181.538 E408.18941
G1 X175.625 Y181.77 E408.2314
G0 F9000 X175.664 Y181.847
;MESH:NONMESH
G0 F300 X175.664 Y181.847 Z28.4
G0 F9000 X175.319 Y181.694
;TIME_ELAPSED:1236.779514
;LAYER:141
;TYPE:WALL-OUTER
;MESH:diffuser_reactor.stl
G1 F600 X176.579 Y181.512 E408.27374
G1 X177.783 Y181.096 E408.31611
G1 X178.887 Y180.459 E408.3585
G1 X179.849 Y179.625 E408.40085
G1 X180.637 Y178.623 E408.44324
G1 X181.22 Y177.491 E408.48559
G1 X181.58 Y176.268 E408.528
G1 X181.701 Y175 E408.57036
G1 X181.58 Y173.732 E408.61273
G1 X181.22 Y172.509 E408.65513
G1 X180.637 Y171.377 E408.69748
G1 X179.849 Y170.375 E408.73988
G1 X178.887 Y169.541 E408.78223
G1 X177.783 Y168.904 E408.82462
G1 X176.579 Y168.488 E408.86699
G1 X175.319 Y168.306 E408.90933
G1 X174.046 Y168.367 E408.95172
G1 X172.808 Y168.667 E408.99409
G1 X171.65 Y169.197 E409.03644
G1 X170.611 Y169.936 E409.07885
G1 X169.733 Y170.858 E409.1212
G1 X169.044 Y171.93 E409.16358
G1 X168.57 Y173.112 E409.20594
G1 X168.329 Y174.363 E409.24831
G1 X168.329 Y175.637 E409.29068
G1 X168.57 Y176.888 E409.33306
G1 X169.044 Y178.07 E409.37541
G1 X169.733 Y179.142 E409.4178
G1 X170.611 Y180.064 E409.46014
G1 X171.65 Y180.803 E409.50255
G1 X172.808 Y181.333 E409.54491
G1 X174.046 Y181.633 E409.58728
G1 X175.319 Y181.694 E409.62967
G0 F9000 X175.625 Y181.77
G1 F600 X174.375 Y181.77 E409.67124
G1 X173.134 Y181.538 E409.71323
G1 X171.971 Y181.087 E409.75472
G1 X170.905 Y180.427 E409.79642
G1 X169.977 Y179.581 E409.83819
G1 X169.217 Y178.576 E409.8801
G1 X168.66 Y177.456 E409.9217
G1 X168.316 Y176.25 E409.96341
G1 X168.201 Y175 E410.00516
G1 X168.316 Y173.75 E410.04691
G1 X168.66 Y172.544 E410.08862
G1 X169.217 Y171.424 E410.13023
G1 X169.977 Y170.419 E410.17214
G1 X170.905 Y169.573 E410.2139
G1 X171.971 Y168.913 E410.2556
G1 X173.134 Y168.462 E410.29709
G1 X174.375 Y168.23 E410.33908
G1 X175.625 Y168.23 E410.38066
G1 X176.866 Y168.462 E410.42265
G1 X178.029 Y168.913 E410.46414
G1 X179.095 Y169.573 E410.50584
G1 X180.023 Y170.419 E410.5476
G1 X180.783 Y171.424 E410.58951
G1 X181.34 Y172.544 E410.63112
G1 X181.684 Y173.75 E410.67283
G1 X181.799 Y175 E410.71458
G1 X181.684 Y176.25 E410.75633
G1 X181.34 Y177.456 E410.79804
G1 X180.783 Y178.576 E410.83964
G1 X180.023 Y179.581 E410.88155
G1 X179.095 Y180.427 E410.92332
G1 X178.029 Y181.087 E410.96502
G1 X176.866 Y181.538 E411.00651
G1 X175.625 Y181.77 E411.0485
G0 F9000 X175.664 Y181.847
;MESH:NONMESH
G0 F300 X175.664 Y181.847 Z28.6
G0 F9000 X175.319 Y181.694
;TIME_ELAPSED:1245.423512
;LAYER:142
;TYPE:WALL-OUTER
;MESH:diffuser_reactor.stl
G1 F600 X176.579 Y181.512 E411.09084
G1 X177.783 Y181.096 E411.13321
G1 X178.887 Y180.459 E411.1756
G1 X179.849 Y179.625 E411.21795
G1 X180.637 Y178.623 E411.26035
G1 X181.22 Y177.491 E411.3027
G1 X181.58 Y176.268 E411.3451
G1 X181.701 Y175 E411.38746
G1 X181.58 Y173.732 E411.42983
G1 X181.22 Y172.509 E411.47223
G1 X180.637 Y171.377 E411.51458
G1 X179.849 Y170.375 E411.55698
G1 X178.887 Y169.541 E411.59933
G1 X177.783 Y168.904 E411.64172
G1 X176.579 Y168.488 E411.68409
G1 X175.319 Y168.306 E411.72643
G1 X174.046 Y168.367 E411.76882
G1 X172.808 Y168.667 E411.81119
G1 X171.65 Y169.197 E411.85355
G1 X170.611 Y169.936 E411.89595
G1 X169.733 Y170.858 E411.9383
G1 X169.044 Y171.93 E411.98068
G1 X168.57 Y173.112 E412.02304
G1 X168.329 Y174.363 E412.06541
G1 X168.329 Y175.637 E412.10779
G1 X168.57 Y176.888 E412.15016
G1 X169.044 Y178.07 E412.19252
G1 X169.733 Y179.142 E412.2349
G1 X170.611 Y180.064 E412.27725
G1 X171.65 Y180.803 E412.31965
G1 X172.808 Y181.333 E412.36201
G1 X174.046 Y181.633 E412.40438
G1 X175.319 Y181.694 E412.44677
G0 F9000 X175.625 Y181.77
G1 F600 X174.375 Y181.77 E412.48834
G1 X173.134 Y181.538 E412.53033
G1 X171.971 Y181.087 E412.57182
G1 X170.905 Y180.427 E412.61352
G1 X169.977 Y179.581 E412.65529
G1 X169.217 Y178.576 E412.6972
G1 X168.66 Y177.456 E412.7388
G1 X168.316 Y176.25 E412.78051
G1 X168.201 Y175 E412.82226
G1 X168.316 Y173.75 E412.86401
G1 X168.66 Y172.544 E412.90573
G1 X169.217 Y171.424 E412.94733
G1 X169.977 Y170.419 E412.98924
G1 X170.905 Y169.573 E413.031
G1 X171.971 Y168.913 E413.0727
G1 X173.134 Y168.462 E413.11419
G1 X174.375 Y168.23 E413.15618
G1 X175.625 Y168.23 E413.19776
G1 X176.866 Y168.462 E413.23975
G1 X178.029 Y168.913 E413.28124
G1 X179.095 Y169.573 E413.32294
G1 X180.023 Y170.419 E413.3647
G1 X180.783 Y171.424 E413.40661
G1 X181.34 Y172.544 E413.44822
G1 X181.684 Y173.75 E413.48993
G1 X181.799 Y175 E413.53168
G1 X181.684 Y176.25 E413.57343
G1 X181.34 Y177.456 E413.61514
G1 X180.783 Y178.576 E413.65674
G1 X180.023 Y179.581 E413.69865
G1 X179.095 Y180.427 E413.74042
G1 X178.029 Y181.087 E413.78212
G1 X176.866 Y181.538 E413.82361
G1 X175.625 Y181.77 E413.8656
G0 F9000 X175.664 Y181.847
;MESH:NONMESH
G0 F300 X175.664 Y181.847 Z28.8
G0 F9000 X175.319 Y181.694
;TIME_ELAPSED:1254.067510
;LAYER:143
;TYPE:WALL-OUTER
;MESH:diffuser_reactor.stl
G1 F600 X176.579 Y181.512 E413.90794
G1 X177.783 Y181.096 E413.95031
G1 X178.887 Y180.459 E413.9927
G1 X179.849 Y179.625 E414.03505
G1 X180.637 Y178.623 E414.07745
G1 X181.22 Y177.491 E414.1198
G1 X181.58 Y176.268 E414.1622
G1 X181.701 Y175 E414.20457
G1 X181.58 Y173.732 E414.24693
G1 X181.22 Y172.509 E414.28933
G1 X180.637 Y171.377 E414.33168
G1 X179.849 Y170.375 E414.37408
G1 X178.887 Y169.541 E414.41643
G1 X177.783 Y168.904 E414.45882
G1 X176.579 Y168.488 E414.50119
G1 X175.319 Y168.306 E414.54353
G1 X174.046 Y168.367 E414.58592
G1 X172.808 Y168.667 E414.62829
G1 X171.65 Y169.197 E414.67065
G1 X170.611 Y169.936 E414.71305
G1 X169.733 Y170.858 E414.7554
G1 X169.044 Y171.93 E414.79778
G1 X168.57 Y173.112 E414.84014
G1 X168.329 Y174.363 E414.88251
G1 X168.329 Y175.637 E414.92489
G1 X168.57 Y176.888 E414.96726
G1 X169.044 Y178.07 E415.00962
G1 X169.733 Y179.142 E415.052
G1 X170.611 Y180.064 E415.09435
G1 X171.65 Y180.803 E415.13675
G1 X172.808 Y181.333 E415.17911
G1 X174.046 Y181.633 E415.22148
G1 X175.319 Y181.694 E415.26387
G0 F9000 X175.625 Y181.77
G1 F600 X174.375 Y181.77 E415.30544
G1 X173.134 Y181.538 E415.34743
G1 X171.971 Y181.087 E415.38892
G1 X170.905 Y180.427 E415.43062
G1 X169.977 Y179.581 E415.47239
G1 X169.217 Y178.576 E415.5143
G1 X168.66 Y177.456 E415.5559
G1 X168.316 Y176.25 E415.59761
G1 X168.201 Y175 E415.63936
G1 X168.316 Y173.75 E415.68112
G1 X168.66 Y172.544 E415.72283
G1 X169.217 Y171.424 E415.76443
G1 X169.977 Y170.419 E415.80634
G1 X170.905 Y169.573 E415.8481
G1 X171.971 Y168.913 E415.88981
G1 X173.134 Y168.462 E415.93129
G1 X174.375 Y168.23 E415.97328
G1 X175.625 Y168.23 E416.01486
G1 X176.866 Y168.462 E416.05685
G1 X178.029 Y168.913 E416.09834
G1 X179.095 Y169.573 E416.14004
G1 X180.023 Y170.419 E416.18181
G1 X180.783 Y171.424 E416.22371
G1 X181.34 Y172.544 E416.26532
G1 X181.684 Y173.75 E416.30703
G1 X181.799 Y175 E416.34878
G1 X181.684 Y176.25 E416.39053
G1 X181.34 Y177.456 E416.43224
G1 X180.783 Y178.576 E416.47385
G1 X180.023 Y179.581 E416.51575
G1 X179.095 Y180.427 E416.55752
G1 X178.029 Y181.087 E416.59922
G1 X176.866 Y181.538 E416.64071
G1 X175.625 Y181.77 E416.6827
G0 F9000 X175.664 Y181.847
;MESH:NONMESH
G0 F300 X175.664 Y181.847 Z29
G0 F9000 X175.319 Y181.694
;TIME_ELAPSED:1262.711508
;LAYER:144
;TYPE:WALL-OUTER
;MESH:diffuser_reactor.stl
G1 F600 X176.579 Y181.512 E416.72504
G1 X177.783 Y181.096 E416.76741
G1 X178.887 Y180.459 E416.8098
G1 X179.849 Y179.625 E416.85215
G1 X180.637 Y178.623 E416.89455
G1 X181.22 Y177.491 E416.9369
G1 X181.58 Y176.268 E416.9793
G1 X181.701 Y175 E417.02167
G1 X181.58 Y173.732 E417.06403
G1 X181.22 Y172.509 E417.10644
G1 X180.637 Y171.377 E417.14879
G1 X179.849 Y170.375 E417.19118
G1 X178.887 Y169.541 E417.23353
G1 X177.783 Y168.904 E417.27592
G1 X176.579 Y168.488 E417.31829
G1 X175.319 Y168.306 E417.36063
G1 X174.046 Y168.367 E417.40302
G1 X172.808 Y168.667 E417.44539
G1 X171.65 Y169.197 E417.48775
G1 X170.611 Y169.936 E417.53016
G1 X169.733 Y170.858 E417.5725
G1 X169.044 Y171.93 E417.61489
G1 X168.57 Y173.112 E417.65724
G1 X168.329 Y174.363 E417.69962
G1 X168.329 Y175.637 E417.74199
G1 X168.57 Y176.888 E417.78436
G1 X169.044 Y178.07 E417.82672
G1 X169.733 Y179.142 E417.8691
G1 X170.611 Y180.064 E417.91145
G1 X171.65 Y180.803 E417.95386
G1 X172.808 Y181.333 E417.99621
G1 X174.046 Y181.633 E418.03858
G1 X175.319 Y181.694 E418.08097
G0 F9000 X175.625 Y181.77
G1 F600 X174.375 Y181.77 E418.12255
G1 X173.134 Y181.538 E418.16454
G1 X171.971 Y181.087 E418.20602
G1 X170.905 Y180.427 E418.24773
G1 X169.977 Y179.581 E418.28949
G1 X169.217 Y178.576 E418.3314
G1 X168.66 Y177.456 E418.373
G1 X168.316 Y176.25 E418.41472
G1 X168.201 Y175 E418.45647
G1 X168.316 Y173.75 E418.49822
G1 X168.66 Y172.544 E418.53993
G1 X169.217 Y171.424 E418.58153
G1 X169.977 Y170.419 E418.62344
G1 X170.905 Y169.573 E418.66521
G1 X171.971 Y168.913 E418.70691
G1 X173.134 Y168.462 E418.7484
G1 X174.375 Y168.23 E418.79039
G1 X175.625 Y168.23 E418.83196
G1 X176.866 Y168.462 E418.87395
G1 X178.029 Y168.913 E418.91544
G1 X179.095 Y169.573 E418.95714
G1 X180.023 Y170.419 E418.99891
G1 X180.783 Y171.424 E419.04082
G1 X181.34 Y172.544 E419.08242
G1 X181.684 Y173.75 E419.12413
G1 X181.799 Y175 E419.16588
G1 X181.684 Y176.25 E419.20763
G1 X181.34 Y177.456 E419.24934
G1 X180.783 Y178.576 E419.29095
G1 X180.023 Y179.581 E419.33286
G1 X179.095 Y180.427 E419.37462
G1 X178.029 Y181.087 E419.41632
G1 X176.866 Y181.538 E419.45781
G1 X175.625 Y181.77 E419.4998
G0 F9000 X175.664 Y181.847
;MESH:NONMESH
G0 F300 X175.664 Y181.847 Z29.2
G0 F9000 X175.319 Y181.694
;TIME_ELAPSED:1271.355506
;LAYER:145
;TYPE:WALL-OUTER
;MESH:diffuser_reactor.stl
G1 F600 X176.579 Y181.512 E419.54214
G1 X177.783 Y181.096 E419.58451
G1 X178.887 Y180.459 E419.62691
G1 X179.849 Y179.625 E419.66925
G1 X180.637 Y178.623 E419.71165
G1 X181.22 Y177.491 E419.754
G1 X181.58 Y176.268 E419.7964
G1 X181.701 Y175 E419.83877
G1 X181.58 Y173.732 E419.88113
G1 X181.22 Y172.509 E419.92354
G1 X180.637 Y171.377 E419.96589
G1 X179.849 Y170.375 E420.00829
G1 X178.887 Y169.541 E420.05063
G1 X177.783 Y168.904 E420.09302
G1 X176.579 Y168.488 E420.13539
G1 X175.319 Y168.306 E420.17774
G1 X174.046 Y168.367 E420.22012
G1 X172.808 Y168.667 E420.26249
G1 X171.65 Y169.197 E420.30485
G1 X170.611 Y169.936 E420.34726
G1 X169.733 Y170.858 E420.3896
G1 X169.044 Y171.93 E420.43199
G1 X168.57 Y173.112 E420.47434
G1 X168.329 Y174.363 E420.51672
G1 X168.329 Y175.637 E420.55909
G1 X168.57 Y176.888 E420.60146
G1 X169.044 Y178.07 E420.64382
G1 X169.733 Y179.142 E420.6862
G1 X170.611 Y180.064 E420.72855
G1 X171.65 Y180.803 E420.77096
G1 X172.808 Y181.333 E420.81332
G1 X174.046 Y181.633 E420.85568
G1 X175.319 Y181.694 E420.89807
G0 F9000 X175.625 Y181.77
G1 F600 X174.375 Y181.77 E420.93965
G1 X173.134 Y181.538 E420.98164
G1 X171.971 Y181.087 E421.02313
G1 X170.905 Y180.427 E421.06483
G1 X169.977 Y179.581 E421.10659
G1 X169.217 Y178.576 E421.1485
G1 X168.66 Y177.456 E421.19011
G1 X168.316 Y176.25 E421.23182
G1 X168.201 Y175 E421.27357
G1 X168.316 Y173.75 E421.31532
G1 X168.66 Y172.544 E421.35703
G1 X169.217 Y171.424 E421.39863
G1 X169.977 Y170.419 E421.44054
G1 X170.905 Y169.573 E421.48231
G1 X171.971 Y168.913 E421.52401
G1 X173.134 Y168.462 E421.5655
G1 X174.375 Y168.23 E421.60749
G1 X175.625 Y168.23 E421.64906
G1 X176.866 Y168.462 E421.69105
G1 X178.029 Y168.913 E421.73254
G1 X179.095 Y169.573 E421.77424
G1 X180.023 Y170.419 E421.81601
G1 X180.783 Y171.424 E421.85792
G1 X181.34 Y172.544 E421.89952
G1 X181.684 Y173.75 E421.94123
G1 X181.799 Y175 E421.98298
G1 X181.684 Y176.25 E422.02473
G1 X181.34 Y177.456 E422.06645
G1 X180.783 Y178.576 E422.10805
G1 X180.023 Y179.581 E422.14996
G1 X179.095 Y180.427 E422.19172
G1 X178.029 Y181.087 E422.23342
G1 X176.866 Y181.538 E422.27491
G1 X175.625 Y181.77 E422.3169
G0 F9000 X175.664 Y181.847
;MESH:NONMESH
G0 F300 X175.664 Y181.847 Z29.4
G0 F9000 X175.319 Y181.694
;TIME_ELAPSED:1279.999504
;LAYER:146
;TYPE:WALL-OUTER
;MESH:diffuser_reactor.stl
G1 F600 X176.579 Y181.512 E422.35925
G1 X177.783 Y181.096 E422.40161
G1 X178.887 Y180.459 E422.44401
G1 X179.849 Y179.625 E422.48635
G1 X180.637 Y178.623 E422.52875
G1 X181.22 Y177.491 E422.5711
G1 X181.58 Y176.268 E422.61351
G1 X181.701 Y175 E422.65587
G1 X181.58 Y173.732 E422.69824
G1 X181.22 Y172.509 E422.74064
G1 X180.637 Y171.377 E422.78299
G1 X179.849 Y170.375 E422.82539
G1 X178.887 Y169.541 E422.86773
G1 X177.783 Y168.904 E422.91013
G1 X176.579 Y168.488 E422.95249
G1 X175.319 Y168.306 E422.99484
G1 X174.046 Y168.367 E423.03723
G1 X172.808 Y168.667 E423.07959
G1 X171.65 Y169.197 E423.12195
G1 X170.611 Y169.936 E423.16436
G1 X169.733 Y170.858 E423.2067
G1 X169.044 Y171.93 E423.24909
G1 X168.57 Y173.112 E423.29145
G1 X168.329 Y174.363 E423.33382
G1 X168.329 Y175.637 E423.37619
G1 X168.57 Y176.888 E423.41857
G1 X169.044 Y178.07 E423.46092
G1 X169.733 Y179.142 E423.50331
G1 X170.611 Y180.064 E423.54565
G1 X171.65 Y180.803 E423.58806
G1 X172.808 Y181.333 E423.63042
G1 X174.046 Y181.633 E423.67278
G1 X175.319 Y181.694 E423.71517
G0 F9000 X175.625 Y181.77
G1 F600 X174.375 Y181.77 E423.75675
G1 X173.134 Y181.538 E423.79874
G1 X171.971 Y181.087 E423.84023
G1 X170.905 Y180.427 E423.88193
G1 X169.977 Y179.581 E423.92369
G1 X169.217 Y178.576 E423.9656
G1 X168.66 Y177.456 E424.00721
G1 X168.316 Y176.25 E424.04892
G1 X168.201 Y175 E424.09067
G1 X168.316 Y173.75 E424.13242
G1 X168.66 Y172.544 E424.17413
G1 X169.217 Y171.424 E424.21573
G1 X169.977 Y170.419 E424.25764
G1 X170.905 Y169.573 E424.29941
G1 X171.971 Y168.913 E424.34111
G1 X173.134 Y168.462 E424.3826
G1 X174.375 Y168.23 E424.42459
G1 X175.625 Y168.23 E424.46616
G1 X176.866 Y168.462 E424.50816
G1 X178.029 Y168.913 E424.54964
G1 X179.095 Y169.573 E424.59134
G1 X180.023 Y170.419 E424.63311
G1 X180.783 Y171.424 E424.67502
G1 X181.34 Y172.544 E424.71662
G1 X181.684 Y173.75 E424.75833
G1 X181.799 Y175 E424.80008
G1 X181.684 Y176.25 E424.84184
G1 X181.34 Y177.456 E424.88355
G1 X180.783 Y178.576 E424.92515
G1 X180.023 Y179.581 E424.96706
G1 X179.095 Y180.427 E425.00883
G1 X178.029 Y181.087 E425.05053
G1 X176.866 Y181.538 E425.09201
G1 X175.625 Y181.77 E425.13401
G0 F9000 X175.664 Y181.847
;MESH:NONMESH
G0 F300 X175.664 Y181.847 Z29.6
G0 F9000 X175.319 Y181.694
;TIME_ELAPSED:1288.643502
;LAYER:147
;TYPE:WALL-OUTER
;MESH:diffuser_reactor.stl
G1 F600 X176.579 Y181.512 E425.17635
G1 X177.783 Y181.096 E425.21872
G1 X178.887 Y180.459 E425.26111
G1 X179.849 Y179.625 E425.30346
G1 X180.637 Y178.623 E425.34585
G1 X181.22 Y177.491 E425.3882
G1 X181.58 Y176.268 E425.43061
G1 X181.701 Y175 E425.47297
G1 X181.58 Y173.732 E425.51534
G1 X181.22 Y172.509 E425.55774
G1 X180.637 Y171.377 E425.60009
G1 X179.849 Y170.375 E425.64249
G1 X178.887 Y169.541 E425.68483
G1 X177.783 Y168.904 E425.72723
G1 X176.579 Y168.488 E425.7696
G1 X175.319 Y168.306 E425.81194
G1 X174.046 Y168.367 E425.85433
G1 X172.808 Y168.667 E425.8967
G1 X171.65 Y169.197 E425.93905
G1 X170.611 Y169.936 E425.98146
G1 X169.733 Y170.858 E426.02381
G1 X169.044 Y171.93 E426.06619
G1 X168.57 Y173.112 E426.10855
G1 X168.329 Y174.363 E426.15092
G1 X168.329 Y175.637 E426.19329
G1 X168.57 Y176.888 E426.23567
G1 X169.044 Y178.07 E426.27802
G1 X169.733 Y179.142 E426.32041
G1 X170.611 Y180.064 E426.36275
G1 X171.65 Y180.803 E426.40516
G1 X172.808 Y181.333 E426.44752
G1 X174.046 Y181.633 E426.48989
G1 X175.319 Y181.694 E426.53227
G0 F9000 X175.625 Y181.77
G1 F600 X174.375 Y181.77 E426.57385
G1 X173.134 Y181.538 E426.61584
G1 X171.971 Y181.087 E426.65733
G1 X170.905 Y180.427 E426.69903
G1 X169.977 Y179.581 E426.7408
G1 X169.217 Y178.576 E426.7827
G1 X168.66 Y177.456 E426.82431
G1 X168.316 Y176.25 E426.86602
G1 X168.201 Y175 E426.90777
G1 X168.316 Y173.75 E426.94952
G1 X168.66 Y172.544 E426.99123
G1 X169.217 Y171.424 E427.03284
G1 X169.977 Y170.419 E427.07474
G1 X170.905 Y169.573 E427.11651
G1 X171.971 Y168.913 E427.15821
G1 X173.134 Y168.462 E427.1997
G1 X174.375 Y168.23 E427.24169
G1 X175.625 Y168.23 E427.28327
G1 X176.866 Y168.462 E427.32526
G1 X178.029 Y168.913 E427.36674
G1 X179.095 Y169.573 E427.40845
G1 X180.023 Y170.419 E427.45021
G1 X180.783 Y171.424 E427.49212
G1 X181.34 Y172.544 E427.53372
G1 X181.684 Y173.75 E427.57544
G1 X181.799 Y175 E427.61719
G1 X181.684 Y176.25 E427.65894
G1 X181.34 Y177.456 E427.70065
G1 X180.783 Y178.576 E427.74225
G1 X180.023 Y179.581 E427.78416
G1 X179.095 Y180.427 E427.82593
G1 X178.029 Y181.087 E427.86763
G1 X176.866 Y181.538 E427.90912
G1 X175.625 Y181.77 E427.95111
G0 F9000 X175.664 Y181.847
;MESH:NONMESH
G0 F300 X175.664 Y181.847 Z29.8
G0 F9000 X175.319 Y181.694
;TIME_ELAPSED:1297.287500
;LAYER:148
;TYPE:WALL-OUTER
;MESH:diffuser_reactor.stl
G1 F600 X176.579 Y181.512 E427.99345
G1 X177.783 Y181.096 E428.03582
G1 X178.887 Y180.459 E428.07821
G1 X179.849 Y179.625 E428.12056
G1 X180.637 Y178.623 E428.16295
G1 X181.22 Y177.491 E428.20531
G1 X181.58 Y176.268 E428.24771
G1 X181.701 Y175 E428.29007
G1 X181.58 Y173.732 E428.33244
G1 X181.22 Y172.509 E428.37484
G1 X180.637 Y171.377 E428.41719
G1 X179.849 Y170.375 E428.45959
G1 X178.887 Y169.541 E428.50194
G1 X177.783 Y168.904 E428.54433
G1 X176.579 Y168.488 E428.5867
G1 X175.319 Y168.306 E428.62904
G1 X174.046 Y168.367 E428.67143
G1 X172.808 Y168.667 E428.7138
G1 X171.65 Y169.197 E428.75615
G1 X170.611 Y169.936 E428.79856
G1 X169.733 Y170.858 E428.84091
G1 X169.044 Y171.93 E428.88329
G1 X168.57 Y173.112 E428.92565
G1 X168.329 Y174.363 E428.96802
G1 X168.329 Y175.637 E429.01039
G1 X168.57 Y176.888 E429.05277
G1 X169.044 Y178.07 E429.09513
G1 X169.733 Y179.142 E429.13751
G1 X170.611 Y180.064 E429.17986
G1 X171.65 Y180.803 E429.22226
G1 X172.808 Y181.333 E429.26462
G1 X174.046 Y181.633 E429.30699
G1 X175.319 Y181.694 E429.34938
G0 F9000 X175.625 Y181.77
G1 F600 X174.375 Y181.77 E429.39095
G1 X173.134 Y181.538 E429.43294
G1 X171.971 Y181.087 E429.47443
G1 X170.905 Y180.427 E429.51613
G1 X169.977 Y179.581 E429.5579
G1 X169.217 Y178.576 E429.59981
G1 X168.66 Y177.456 E429.64141
G1 X168.316 Y176.25 E429.68312
G1 X168.201 Y175 E429.72487
G1 X168.316 Y173.75 E429.76662
G1 X168.66 Y172.544 E429.80833
G1 X169.217 Y171.424 E429.84994
G1 X169.977 Y170.419 E429.89185
G1 X170.905 Y169.573 E429.93361
G1 X171.971 Y168.913 E429.97531
G1 X173.134 Y168.462 E430.0168
G1 X174.375 Y168.23 E430.05879
G1 X175.625 Y168.23 E430.10037
G1 X176.866 Y168.462 E430.14236
G1 X178.029 Y168.913 E430.18385
G1 X179.095 Y169.573 E430.22555
G1 X180.023 Y170.419 E430.26731
G1 X180.783 Y171.424 E430.30922
G1 X181.34 Y172.544 E430.35083
G1 X181.684 Y173.75 E430.39254
G1 X181.799 Y175 E430.43429
G1 X181.684 Y176.25 E430.47604
G1 X181.34 Y177.456 E430.51775
G1 X180.783 Y178.576 E430.55935
G1 X180.023 Y179.581 E430.60126
G1 X179.095 Y180.427 E430.64303
G1 X178.029 Y181.087 E430.68473
G1 X176.866 Y181.538 E430.72622
G1 X175.625 Y181.77 E430.76821
G0 F9000 X175.664 Y181.847
;MESH:NONMESH
G0 F300 X175.664 Y181.847 Z30
G0 F9000 X175.319 Y181.694
;TIME_ELAPSED:1305.931498
;LAYER:149
;TYPE:WALL-OUTER
;MESH:diffuser_reactor.stl
G1 F600 X176.579 Y181.512 E430.81055
G1 X177.783 Y181.096 E430.85292
G1 X178.887 Y180.459 E430.89531
G1 X179.849 Y179.625 E430.93766
G1 X180.637 Y178.623 E430.98006
G1 X181.22 Y177.491 E431.02241
G1 X181.58 Y176.268 E431.06481
G1 X181.701 Y175 E431.10717
G1 X181.58 Y173.732 E431.14954
G1 X181.22 Y172.509 E431.19194
G1 X180.637 Y171.377 E431.23429
G1 X179.849 Y170.375 E431.27669
G1 X178.887 Y169.541 E431.31904
G1 X177.783 Y168.904 E431.36143
G1 X176.579 Y168.488 E431.4038
G1 X175.319 Y168.306 E431.44614
G1 X174.046 Y168.367 E431.48853
G1 X172.808 Y168.667 E431.5309
G1 X171.65 Y169.197 E431.57326
G1 X170.611 Y169.936 E431.61566
G1 X169.733 Y170.858 E431.65801
G1 X169.044 Y171.93 E431.70039
G1 X168.57 Y173.112 E431.74275
G1 X168.329 Y174.363 E431.78512
G1 X168.329 Y175.637 E431.8275
G1 X168.57 Y176.888 E431.86987
G1 X169.044 Y178.07 E431.91223
G1 X169.733 Y179.142 E431.95461
G1 X170.611 Y180.064 E431.99696
G1 X171.65 Y180.803 E432.03936
G1 X172.808 Y181.333 E432.08172
G1 X174.046 Y181.633 E432.12409
G1 X175.319 Y181.694 E432.16648
G0 F9000 X175.625 Y181.77
G1 F600 X174.375 Y181.77 E432.20805
G1 X173.134 Y181.538 E432.25004
G1 X171.971 Y181.087 E432.29153
G1 X170.905 Y180.427 E432.33323
G1 X169.977 Y179.581 E432.375
G1 X169.217 Y178.576 E432.41691
G1 X168.66 Y177.456 E432.45851
G1 X168.316 Y176.25 E432.50022
G1 X168.201 Y175 E432.54197
G1 X168.316 Y173.75 E432.58372
G1 X168.66 Y172.544 E432.62544
G1 X169.217 Y171.424 E432.66704
G1 X169.977 Y170.419 E432.70895
G1 X170.905 Y169.573 E432.75071
G1 X171.971 Y168.913 E432.79241
G1 X173.134 Y168.462 E432.8339
G1 X174.375 Y168.23 E432.87589
G1 X175.625 Y168.23 E432.91747
G1 X176.866 Y168.462 E432.95946
G1 X178.029 Y168.913 E433.00095
G1 X179.095 Y169.573 E433.04265
G1 X180.023 Y170.419 E433.08442
G1 X180.783 Y171.424 E433.12632
G1 X181.34 Y172.544 E433.16793
G1 X181.684 Y173.75 E433.20964
G1 X181.799 Y175 E433.25139
G1 X181.684 Y176.25 E433.29314
G1 X181.34 Y177.456 E433.33485
G1 X180.783 Y178.576 E433.37646
G1 X180.023 Y179.581 E433.41836
G1 X179.095 Y180.427 E433.46013
G1 X178.029 Y181.087 E433.50183
G1 X176.866 Y181.538 E433.54332
G1 X175.625 Y181.77 E433.58531
G0 F9000 X175.664 Y181.847
;MESH:NONMESH
G0 F300 X175.664 Y181.847 Z30.2
G0 F9000 X175.319 Y181.694
;TIME_ELAPSED:1314.575496
;LAYER:150
;TYPE:WALL-OUTER
;MESH:diffuser_reactor.stl
G1 F600 X176.579 Y181.512 E433.62765
G1 X177.783 Y181.096 E433.67002
G1 X178.887 Y180.459 E433.71241
G1 X179.849 Y179.625 E433.75476
G1 X180.637 Y178.623 E433.79716
G1 X181.22 Y177.491 E433.83951
G1 X181.58 Y176.268 E433.88191
G1 X181.701 Y175 E433.92428
G1 X181.58 Y173.732 E433.96664
G1 X181.22 Y172.509 E434.00904
G1 X180.637 Y171.377 E434.0514
G1 X179.849 Y170.375 E434.09379
G1 X178.887 Y169.541 E434.13614
G1 X177.783 Y168.904 E434.17853
G1 X176.579 Y168.488 E434.2209
G1 X175.319 Y168.306 E434.26324
G1 X174.046 Y168.367 E434.30563
G1 X172.808 Y168.667 E434.348
G1 X171.65 Y169.197 E434.39036
G1 X170.611 Y169.936 E434.43276
G1 X169.733 Y170.858 E434.47511
G1 X169.044 Y171.93 E434.51749
G1 X168.57 Y173.112 E434.55985
G1 X168.329 Y174.363 E434.60222
G1 X168.329 Y175.637 E434.6446
G1 X168.57 Y176.888 E434.68697
G1 X169.044 Y178.07 E434.72933
G1 X169.733 Y179.142 E434.77171
G1 X170.611 Y180.064 E434.81406
G1 X171.65 Y180.803 E434.85647
G1 X172.808 Y181.333 E434.89882
G1 X174.046 Y181.633 E434.94119
G1 X175.319 Y181.694 E434.98358
G0 F9000 X175.625 Y181.77
G1 F600 X174.375 Y181.77 E435.02515
G1 X173.134 Y181.538 E435.06715
G1 X171.971 Y181.087 E435.10863
G1 X170.905 Y180.427 E435.15033
G1 X169.977 Y179.581 E435.1921
G1 X169.217 Y178.576 E435.23401
G1 X168.66 Y177.456 E435.27561
G1 X168.316 Y176.25 E435.31732
G1 X168.201 Y175 E435.35907
G1 X168.316 Y173.75 E435.40083
G1 X168.66 Y172.544 E435.44254
G1 X169.217 Y171.424 E435.48414
G1 X169.977 Y170.419 E435.52605
G1 X170.905 Y169.573 E435.56782
G1 X171.971 Y168.913 E435.60952
G1 X173.134 Y168.462 E435.651
G1 X174.375 Y168.23 E435.693
G1 X175.625 Y168.23 E435.73457
G1 X176.866 Y168.462 E435.77656
G1 X178.029 Y168.913 E435.81805
G1 X179.095 Y169.573 E435.85975
G1 X180.023 Y170.419 E435.90152
G1 X180.783 Y171.424 E435.94342
G1 X181.34 Y172.544 E435.98503
G1 X181.684 Y173.75 E436.02674
G1 X181.799 Y175 E436.06849
G1 X181.684 Y176.25 E436.11024
G1 X181.34 Y177.456 E436.15195
G1 X180.783 Y178.576 E436.19356
G1 X180.023 Y179.581 E436.23546
G1 X179.095 Y180.427 E436.27723
G1 X178.029 Y181.087 E436.31893
G1 X176.866 Y181.538 E436.36042
G1 X175.625 Y181.77 E436.40241
G0 F9000 X175.664 Y181.847
;MESH:NONMESH
G0 F300 X175.664 Y181.847 Z30.4
G0 F9000 X175.319 Y181.694
;TIME_ELAPSED:1323.219494
;LAYER:151
;TYPE:WALL-OUTER
;MESH:diffuser_reactor.stl
G1 F600 X176.579 Y181.512 E436.44475
G1 X177.783 Y181.096 E436.48712
G1 X178.887 Y180.459 E436.52952
G1 X179.849 Y179.625 E436.57186
G1 X180.637 Y178.623 E436.61426
G1 X181.22 Y177.491 E436.65661
G1 X181.58 Y176.268 E436.69901
G1 X181.701 Y175 E436.74138
G1 X181.58 Y173.732 E436.78374
G1 X181.22 Y172.509 E436.82615
G1 X180.637 Y171.377 E436.8685
G1 X179.849 Y170.375 E436.91089
G1 X178.887 Y169.541 E436.95324
G1 X177.783 Y168.904 E436.99563
G1 X176.579 Y168.488 E437.038
G1 X175.319 Y168.306 E437.08034
G1 X174.046 Y168.367 E437.12273
G1 X172.808 Y168.667 E437.1651
G1 X171.65 Y169.197 E437.20746
G1 X170.611 Y169.936 E437.24987
G1 X169.733 Y170.858 E437.29221
G1 X169.044 Y171.93 E437.3346
G1 X168.57 Y173.112 E437.37695
G1 X168.329 Y174.363 E437.41933
G1 X168.329 Y175.637 E437.4617
G1 X168.57 Y176.888 E437.50407
G1 X169.044 Y178.07 E437.54643
G1 X169.733 Y179.142 E437.58881
G1 X170.611 Y180.064 E437.63116
G1 X171.65 Y180.803 E437.67357
G1 X172.808 Y181.333 E437.71592
G1 X174.046 Y181.633 E437.75829
G1 X175.319 Y181.694 E437.80068
G0 F9000 X175.625 Y181.77
G1 F600 X174.375 Y181.77 E437.84226
G1 X173.134 Y181.538 E437.88425
G1 X171.971 Y181.087 E437.92573
G1 X170.905 Y180.427 E437.96744
G1 X169.977 Y179.581 E438.0092
G1 X169.217 Y178.576 E438.05111
G1 X168.66 Y177.456 E438.09271
G1 X168.316 Y176.25 E438.13443
G1 X168.201 Y175 E438.17618
G1 X168.316 Y173.75 E438.21793
G1 X168.66 Y172.544 E438.25964
G1 X169.217 Y171.424 E438.30124
G1 X169.977 Y170.419 E438.34315
G1 X170.905 Y169.573 E438.38492
G1 X171.971 Y168.913 E438.42662
G1 X173.134 Y168.462 E438.46811
G1 X174.375 Y168.23 E438.5101
G1 X175.625 Y168.23 E438.55167
G1 X176.866 Y168.462 E438.59366
G1 X178.029 Y168.913 E438.63515
G1 X179.095 Y169.573 E438.67685
G1 X180.023 Y170.419 E438.71862
G1 X180.783 Y171.424 E438.76053
G1 X181.34 Y172.544 E438.80213
G1 X181.684 Y173.75 E438.84384
G1 X181.799 Y175 E438.88559
G1 X181.684 Y176.25 E438.92734
G1 X181.34 Y177.456 E438.96905
G1 X180.783 Y178.576 E439.01066
G1 X180.023 Y179.581 E439.05257
G1 X179.095 Y180.427 E439.09433
G1 X178.029 Y181.087 E439.13603
G1 X176.866 Y181.538 E439.17752
G1 X175.625 Y181.77 E439.21951
G0 F9000 X175.664 Y181.847
;MESH:NONMESH
G0 F300 X175.664 Y181.847 Z30.6
G0 F9000 X175.319 Y181.694
;TIME_ELAPSED:1331.863492
;LAYER:152
;TYPE:WALL-OUTER
;MESH:diffuser_reactor.stl
G1 F600 X176.579 Y181.512 E439.26186
G1 X177.783 Y181.096 E439.30422
G1 X178.887 Y180.459 E439.34662
G1 X179.849 Y179.625 E439.38896
G1 X180.637 Y178.623 E439.43136
G1 X181.22 Y177.491 E439.47371
G1 X181.58 Y176.268 E439.51611
G1 X181.701 Y175 E439.55848
G1 X181.58 Y173.732 E439.60084
G1 X181.22 Y172.509 E439.64325
G1 X180.637 Y171.377 E439.6856
G1 X179.849 Y170.375 E439.728
G1 X178.887 Y169.541 E439.77034
G1 X177.783 Y168.904 E439.81274
G1 X176.579 Y168.488 E439.8551
G1 X175.319 Y168.306 E439.89745
G1 X174.046 Y168.367 E439.93983
G1 X172.808 Y168.667 E439.9822
G1 X171.65 Y169.197 E440.02456
G1 X170.611 Y169.936 E440.06697
G1 X169.733 Y170.858 E440.10931
G1 X169.044 Y171.93 E440.1517
G1 X168.57 Y173.112 E440.19405
G1 X168.329 Y174.363 E440.23643
G1 X168.329 Y175.637 E440.2788
G1 X168.57 Y176.888 E440.32117
G1 X169.044 Y178.07 E440.36353
G1 X169.733 Y179.142 E440.40592
G1 X170.611 Y180.064 E440.44826
G1 X171.65 Y180.803 E440.49067
G1 X172.808 Y181.333 E440.53303
G1 X174.046 Y181.633 E440.57539
G1 X175.319 Y181.694 E440.61778
G0 F9000 X175.625 Y181.77
G1 F600 X174.375 Y181.77 E440.65936
G1 X173.134 Y181.538 E440.70135
G1 X171.971 Y181.087 E440.74284
G1 X170.905 Y180.427 E440.78454
G1 X169.977 Y179.581 E440.8263
G1 X169.217 Y178.576 E440.86821
G1 X168.66 Y177.456 E440.90982
G1 X168.316 Y176.25 E440.95153
G1 X168.201 Y175 E440.99328
G1 X168.316 Y173.75 E441.03503
G1 X168.66 Y172.544 E441.07674
G1 X169.217 Y171.424 E441.11834
G1 X169.977 Y170.419 E441.16025
G1 X170.905 Y169.573 E441.20202
G1 X171.971 Y168.913 E441.24372
G1 X173.134 Y168.462 E441.28521
G1 X174.375 Y168.23 E441.3272
G1 X175.625 Y168.23 E441.36877
G1 X176.866 Y168.462 E441.41076
G1 X178.029 Y168.913 E441.45225
G1 X179.095 Y169.573 E441.49395
G1 X180.023 Y170.419 E441.53572
G1 X180.783 Y171.424 E441.57763
G1 X181.34 Y172.544 E441.61923
G1 X181.684 Y173.75 E441.66094
G1 X181.799 Y175 E441.70269
G1 X181.684 Y176.25 E441.74444
G1 X181.34 Y177.456 E441.78616
G1 X180.783 Y178.576 E441.82776
G1 X180.023 Y179.581 E441.86967
G1 X179.095 Y180.427 E441.91143
G1 X178.029 Y181.087 E441.95313
G1 X176.866 Y181.538 E441.99462
G1 X175.625 Y181.77 E442.03661
G0 F9000 X175.664 Y181.847
;MESH:NONMESH
G0 F300 X175.664 Y181.847 Z30.8
G0 F9000 X175.319 Y181.694
;TIME_ELAPSED:1340.507490
;LAYER:153
;TYPE:WALL-OUTER
;MESH:diffuser_reactor.stl
G1 F600 X176.579 Y181.512 E442.07896
G1 X177.783 Y181.096 E442.12132
G1 X178.887 Y180.459 E442.16372
G1 X179.849 Y179.625 E442.20606
G1 X180.637 Y178.623 E442.24846
G1 X181.22 Y177.491 E442.29081
G1 X181.58 Y176.268 E442.33322
G1 X181.701 Y175 E442.37558
G1 X181.58 Y173.732 E442.41795
G1 X181.22 Y172.509 E442.46035
G1 X180.637 Y171.377 E442.5027
G1 X179.849 Y170.375 E442.5451
G1 X178.887 Y169.541 E442.58744
G1 X177.783 Y168.904 E442.62984
G1 X176.579 Y168.488 E442.6722
G1 X175.319 Y168.306 E442.71455
G1 X174.046 Y168.367 E442.75694
G1 X172.808 Y168.667 E442.7993
G1 X171.65 Y169.197 E442.84166
G1 X170.611 Y169.936 E442.88407
G1 X169.733 Y170.858 E442.92641
G1 X169.044 Y171.93 E442.9688
G1 X168.57 Y173.112 E443.01116
G1 X168.329 Y174.363 E443.05353
G1 X168.329 Y175.637 E443.0959
G1 X168.57 Y176.888 E443.13828
G1 X169.044 Y178.07 E443.18063
G1 X169.733 Y179.142 E443.22302
G1 X170.611 Y180.064 E443.26536
G1 X171.65 Y180.803 E443.30777
G1 X172.808 Y181.333 E443.35013
G1 X174.046 Y181.633 E443.39249
G1 X175.319 Y181.694 E443.43488
G0 F9000 X175.625 Y181.77
G1 F600 X174.375 Y181.77 E443.47646
G1 X173.134 Y181.538 E443.51845
G1 X171.971 Y181.087 E443.55994
G1 X170.905 Y180.427 E443.60164
G1 X169.977 Y179.581 E443.64341
G1 X169.217 Y178.576 E443.68531
G1 X168.66 Y177.456 E443.72692
G1 X168.316 Y176.25 E443.76863
G1 X168.201 Y175 E443.81038
G1 X168.316 Y173.75 E443.85213
G1 X168.66 Y172.544 E443.89384
G1 X169.217 Y171.424 E443.93545
G1 X169.977 Y170.419 E443.97735
G1 X170.905 Y169.573 E444.01912
G1 X171.971 Y168.913 E444.06082
G1 X173.134 Y168.462 E444.10231
G1 X174.375 Y168.23 E444.1443
G1 X175.625 Y168.23 E444.18587
G1 X176.866 Y168.462 E444.22787
G1 X178.029 Y168.913 E444.26935
G1 X179.095 Y169.573 E444.31105
G1 X180.023 Y170.419 E444.35282
G1 X180.783 Y171.424 E444.39473
G1 X181.34 Y172.544 E444.43633
G1 X181.684 Y173.75 E444.47804
G1 X181.799 Y175 E444.5198
G1 X181.684 Y176.25 E444.56155
G1 X181.34 Y177.456 E444.60326
G1 X180.783 Y178.576 E444.64486
G1 X180.023 Y179.581 E444.68677
G1 X179.095 Y180.427 E444.72854
G1 X178.029 Y181.087 E444.77024
G1 X176.866 Y181.538 E444.81172
G1 X175.625 Y181.77 E444.85372
G0 F9000 X175.664 Y181.847
;MESH:NONMESH
G0 F300 X175.664 Y181.847 Z31
G0 F9000 X175.319 Y181.694
;TIME_ELAPSED:1349.151488
;LAYER:154
;TYPE:WALL-OUTER
;MESH:diffuser_reactor.stl
G1 F600 X176.579 Y181.512 E444.89606
G1 X177.783 Y181.096 E444.93843
G1 X178.887 Y180.459 E444.98082
G1 X179.849 Y179.625 E445.02317
G1 X180.637 Y178.623 E445.06556
G1 X181.22 Y177.491 E445.10791
G1 X181.58 Y176.268 E445.15032
G1 X181.701 Y175 E445.19268
G1 X181.58 Y173.732 E445.23505
G1 X181.22 Y172.509 E445.27745
G1 X180.637 Y171.377 E445.3198
G1 X179.849 Y170.375 E445.3622
G1 X178.887 Y169.541 E445.40455
G1 X177.783 Y168.904 E445.44694
G1 X176.579 Y168.488 E445.48931
G1 X175.319 Y168.306 E445.53165
G1 X174.046 Y168.367 E445.57404
G1 X172.808 Y168.667 E445.61641
G1 X171.65 Y169.197 E445.65876
G1 X170.611 Y169.936 E445.70117
G1 X169.733 Y170.858 E445.74352
G1 X169.044 Y171.93 E445.7859
G1 X168.57 Y173.112 E445.82826
G1 X168.329 Y174.363 E445.87063
G1 X168.329 Y175.637 E445.913
G1 X168.57 Y176.888 E445.95538
G1 X169.044 Y178.07 E445.99773
G1 X169.733 Y179.142 E446.04012
G1 X170.611 Y180.064 E446.08246
G1 X171.65 Y180.803 E446.12487
G1 X172.808 Y181.333 E446.16723
G1 X174.046 Y181.633 E446.2096
G1 X175.319 Y181.694 E446.25199
G0 F9000 X175.625 Y181.77
G1 F600 X174.375 Y181.77 E446.29356
G1 X173.134 Y181.538 E446.33555
G1 X171.971 Y181.087 E446.37704
G1 X170.905 Y180.427 E446.41874
G1 X169.977 Y179.581 E446.46051
G1 X169.217 Y178.576 E446.50241
G1 X168.66 Y177.456 E446.54402
G1 X168.316 Y176.25 E446.58573
G1 X168.201 Y175 E446.62748
G1 X168.316 Y173.75 E446.66923
G1 X168.66 Y172.544 E446.71094
G1 X169.217 Y171.424 E446.75255
G1 X169.977 Y170.419 E446.79445
G1 X170.905 Y169.573 E446.83622
G1 X171.971 Y168.913 E446.87792
G1 X173.134 Y168.462 E446.91941
G1 X174.375 Y168.23 E446.9614
G1 X175.625 Y168.23 E447.00298
G1 X176.866 Y168.462 E447.04497
G1 X178.029 Y168.913 E447.08646
G1 X179.095 Y169.573 E447.12816
G1 X180.023 Y170.419 E447.16992
G1 X180.783 Y171.424 E447.21183
G1 X181.34 Y172.544 E447.25343
G1 X181.684 Y173.75 E447.29515
G1 X181.799 Y175 E447.3369
G1 X181.684 Y176.25 E447.37865
G1 X181.34 Y177.456 E447.42036
G1 X180.783 Y178.576 E447.46196
G1 X180.023 Y179.581 E447.50387
G1 X179.095 Y180.427 E447.54564
G1 X178.029 Y181.087 E447.58734
G1 X176.866 Y181.538 E447.62883
G1 X175.625 Y181.77 E447.67082
G0 F9000 X175.664 Y181.847
;MESH:NONMESH
G0 F300 X175.664 Y181.847 Z31.2
G0 F9000 X175.319 Y181.694
;TIME_ELAPSED:1357.795486
;LAYER:155
;TYPE:WALL-OUTER
;MESH:diffuser_reactor.stl
G1 F600 X176.579 Y181.512 E447.71316
G1 X177.783 Y181.096 E447.75553
G1 X178.887 Y180.459 E447.79792
G1 X179.849 Y179.625 E447.84027
G1 X180.637 Y178.623 E447.88267
G1 X181.22 Y177.491 E447.92502
G1 X181.58 Y176.268 E447.96742
G1 X181.701 Y175 E448.00978
G1 X181.58 Y173.732 E448.05215
G1 X181.22 Y172.509 E448.09455
G1 X180.637 Y171.377 E448.1369
G1 X179.849 Y170.375 E448.1793
G1 X178.887 Y169.541 E448.22165
G1 X177.783 Y168.904 E448.26404
G1 X176.579 Y168.488 E448.30641
G1 X175.319 Y168.306 E448.34875
G1 X174.046 Y168.367 E448.39114
G1 X172.808 Y168.667 E448.43351
G1 X171.65 Y169.197 E448.47586
G1 X170.611 Y169.936 E448.51827
G1 X169.733 Y170.858 E448.56062
G1 X169.044 Y171.93 E448.603
G1 X168.57 Y173.112 E448.64536
G1 X168.329 Y174.363 E448.68773
G1 X168.329 Y175.637 E448.73011
G1 X168.57 Y176.888 E448.77248
G1 X169.044 Y178.07 E448.81484
G1 X169.733 Y179.142 E448.85722
G1 X170.611 Y180.064 E448.89957
G1 X171.65 Y180.803 E448.94197
G1 X172.808 Y181.333 E448.98433
G1 X174.046 Y181.633 E449.0267
G1 X175.319 Y181.694 E449.06909
G0 F9000 X175.625 Y181.77
G1 F600 X174.375 Y181.77 E449.11066
G1 X173.134 Y181.538 E449.15265
G1 X171.971 Y181.087 E449.19414
G1 X170.905 Y180.427 E449.23584
G1 X169.977 Y179.581 E449.27761
G1 X169.217 Y178.576 E449.31952
G1 X168.66 Y177.456 E449.36112
G1 X168.316 Y176.25 E449.40283
G1 X168.201 Y175 E449.44458
G1 X168.316 Y173.75 E449.48633
G1 X168.66 Y172.544 E449.52804
G1 X169.217 Y171.424 E449.56965
G1 X169.977 Y170.419 E449.61156
G1 X170.905 Y169.573 E449.65332
G1 X171.971 Y168.913 E449.69502
G1 X173.134 Y168.462 E449.73651
G1 X174.375 Y168.23 E449.7785
G1 X175.625 Y168.23 E449.82008
G1 X176.866 Y168.462 E449.86207
G1 X178.029 Y168.913 E449.90356
G1 X179.095 Y169.573 E449.94526
G1 X180.023 Y170.419 E449.98702
G1 X180.783 Y171.424 E450.02893
G1 X181.34 Y172.544 E450.07054
G1 X181.684 Y173.75 E450.11225
G1 X181.799 Y175 E450.154
G1 X181.684 Y176.25 E450.19575
G1 X181.34 Y177.456 E450.23746
G1 X180.783 Y178.576 E450.27906
G1 X180.023 Y179.581 E450.32097
G1 X179.095 Y180.427 E450.36274
G1 X178.029 Y181.087 E450.40444
G1 X176.866 Y181.538 E450.44593
G1 X175.625 Y181.77 E450.48792
G0 F9000 X175.664 Y181.847
;MESH:NONMESH
G0 F300 X175.664 Y181.847 Z31.4
G0 F9000 X175.319 Y181.694
;TIME_ELAPSED:1366.439484
;LAYER:156
;TYPE:WALL-OUTER
;MESH:diffuser_reactor.stl
G1 F600 X176.579 Y181.512 E450.53026
G1 X177.783 Y181.096 E450.57263
G1 X178.887 Y180.459 E450.61502
G1 X179.849 Y179.625 E450.65737
G1 X180.637 Y178.623 E450.69977
G1 X181.22 Y177.491 E450.74212
G1 X181.58 Y176.268 E450.78452
G1 X181.701 Y175 E450.82689
G1 X181.58 Y173.732 E450.86925
G1 X181.22 Y172.509 E450.91165
G1 X180.637 Y171.377 E450.954
G1 X179.849 Y170.375 E450.9964
G1 X178.887 Y169.541 E451.03875
G1 X177.783 Y168.904 E451.08114
G1 X176.579 Y168.488 E451.12351
G1 X175.319 Y168.306 E451.16585
G1 X174.046 Y168.367 E451.20824
G1 X172.808 Y168.667 E451.25061
G1 X171.65 Y169.197 E451.29297
G1 X170.611 Y169.936 E451.33537
G1 X169.733 Y170.858 E451.37772
G1 X169.044 Y171.93 E451.4201
G1 X168.57 Y173.112 E451.46246
G1 X168.329 Y174.363 E451.50483
G1 X168.329 Y175.637 E451.54721
G1 X168.57 Y176.888 E451.58958
G1 X169.044 Y178.07 E451.63194
G1 X169.733 Y179.142 E451.67432
G1 X170.611 Y180.064 E451.71667
G1 X171.65 Y180.803 E451.75907
G1 X172.808 Y181.333 E451.80143
G1 X174.046 Y181.633 E451.8438
G1 X175.319 Y181.694 E451.88619
G0 F9000 X175.625 Y181.77
G1 F600 X174.375 Y181.77 E451.92776
G1 X173.134 Y181.538 E451.96975
G1 X171.971 Y181.087 E452.01124
G1 X170.905 Y180.427 E452.05294
G1 X169.977 Y179.581 E452.09471
G1 X169.217 Y178.576 E452.13662
G1 X168.66 Y177.456 E452.17822
G1 X168.316 Y176.25 E452.21993
G1 X168.201 Y175 E452.26168
G1 X168.316 Y173.75 E452.30343
G1 X168.66 Y172.544 E452.34515
G1 X169.217 Y171.424 E452.38675
G1 X169.977 Y170.419 E452.42866
G1 X170.905 Y169.573 E452.47042
G1 X171.971 Y168.913 E452.51212
G1 X173.134 Y168.462 E452.55361
G1 X174.375 Y168.23 E452.5956
G1 X175.625 Y168.23 E452.63718
G1 X176.866 Y168.462 E452.67917
G1 X178.029 Y168.913 E452.72066
G1 X179.095 Y169.573 E452.76236
G1 X180.023 Y170.419 E452.80413
G1 X180.783 Y171.424 E452.84603
G1 X181.34 Y172.544 E452.88764
G1 X181.684 Y173.75 E452.92935
G1 X181.799 Y175 E452.9711
G1 X181.684 Y176.25 E453.01285
G1 X181.34 Y177.456 E453.05456
G1 X180.783 Y178.576 E453.09617
G1 X180.023 Y179.581 E453.13807
G1 X179.095 Y180.427 E453.17984
G1 X178.029 Y181.087 E453.22154
G1 X176.866 Y181.538 E453.26303
G1 X175.625 Y181.77 E453.30502
G0 F9000 X175.664 Y181.847
;MESH:NONMESH
G0 F300 X175.664 Y181.847 Z31.6
G0 F9000 X175.319 Y181.694
;TIME_ELAPSED:1375.083482
;LAYER:157
;TYPE:WALL-OUTER
;MESH:diffuser_reactor.stl
G1 F600 X176.579 Y181.512 E453.34736
G1 X177.783 Y181.096 E453.38973
G1 X178.887 Y180.459 E453.43212
G1 X179.849 Y179.625 E453.47447
G1 X180.637 Y178.623 E453.51687
G1 X181.22 Y177.491 E453.55922
G1 X181.58 Y176.268 E453.60162
G1 X181.701 Y175 E453.64399
G1 X181.58 Y173.732 E453.68635
G1 X181.22 Y172.509 E453.72875
G1 X180.637 Y171.377 E453.77111
G1 X179.849 Y170.375 E453.8135
G1 X178.887 Y169.541 E453.85585
G1 X177.783 Y168.904 E453.89824
G1 X176.579 Y168.488 E453.94061
G1 X175.319 Y168.306 E453.98295
G1 X174.046 Y168.367 E454.02534
G1 X172.808 Y168.667 E454.06771
G1 X171.65 Y169.197 E454.11007
G1 X170.611 Y169.936 E454.15247
G1 X169.733 Y170.858 E454.19482
G1 X169.044 Y171.93 E454.2372
G1 X168.57 Y173.112 E454.27956
G1 X168.329 Y174.363 E454.32193
G1 X168.329 Y175.637 E454.36431
G1 X168.57 Y176.888 E454.40668
G1 X169.044 Y178.07 E454.44904
G1 X169.733 Y179.142 E454.49142
G1 X170.611 Y180.064 E454.53377
G1 X171.65 Y180.803 E454.57618
G1 X172.808 Y181.333 E454.61853
G1 X174.046 Y181.633 E454.6609
G1 X175.319 Y181.694 E454.70329
G0 F9000 X175.625 Y181.77
G1 F600 X174.375 Y181.77 E454.74486
G1 X173.134 Y181.538 E454.78686
G1 X171.971 Y181.087 E454.82834
G1 X170.905 Y180.427 E454.87004
G1 X169.977 Y179.581 E454.91181
G1 X169.217 Y178.576 E454.95372
G1 X168.66 Y177.456 E454.99532
G1 X168.316 Y176.25 E455.03703
G1 X168.201 Y175 E455.07879
G1 X168.316 Y173.75 E455.12054
G1 X168.66 Y172.544 E455.16225
G1 X169.217 Y171.424 E455.20385
G1 X169.977 Y170.419 E455.24576
G1 X170.905 Y169.573 E455.28753
G1 X171.971 Y168.913 E455.32923
G1 X173.134 Y168.462 E455.37071
G1 X174.375 Y168.23 E455.41271
G1 X175.625 Y168.23 E455.45428
G1 X176.866 Y168.462 E455.49627
G1 X178.029 Y168.913 E455.53776
G1 X179.095 Y169.573 E455.57946
G1 X180.023 Y170.419 E455.62123
G1 X180.783 Y171.424 E455.66314
G1 X181.34 Y172.544 E455.70474
G1 X181.684 Y173.75 E455.74645
G1 X181.799 Y175 E455.7882
G1 X181.684 Y176.25 E455.82995
G1 X181.34 Y177.456 E455.87166
G1 X180.783 Y178.576 E455.91327
G1 X180.023 Y179.581 E455.95518
G1 X179.095 Y180.427 E455.99694
G1 X178.029 Y181.087 E456.03864
G1 X176.866 Y181.538 E456.08013
G1 X175.625 Y181.77 E456.12212
G0 F9000 X175.664 Y181.847
;MESH:NONMESH
G0 F300 X175.664 Y181.847 Z31.8
G0 F9000 X175.319 Y181.694
;TIME_ELAPSED:1383.727480
;LAYER:158
;TYPE:WALL-OUTER
;MESH:diffuser_reactor.stl
G1 F600 X176.579 Y181.512 E456.16446
G1 X177.783 Y181.096 E456.20683
G1 X178.887 Y180.459 E456.24923
G1 X179.849 Y179.625 E456.29157
G1 X180.637 Y178.623 E456.33397
G1 X181.22 Y177.491 E456.37632
G1 X181.58 Y176.268 E456.41872
G1 X181.701 Y175 E456.46109
G1 X181.58 Y173.732 E456.50345
G1 X181.22 Y172.509 E456.54586
G1 X180.637 Y171.377 E456.58821
G1 X179.849 Y170.375 E456.6306
G1 X178.887 Y169.541 E456.67295
G1 X177.783 Y168.904 E456.71534
G1 X176.579 Y168.488 E456.75771
G1 X175.319 Y168.306 E456.80005
G1 X174.046 Y168.367 E456.84244
G1 X172.808 Y168.667 E456.88481
G1 X171.65 Y169.197 E456.92717
G1 X170.611 Y169.936 E456.96958
G1 X169.733 Y170.858 E457.01192
G1 X169.044 Y171.93 E457.05431
G1 X168.57 Y173.112 E457.09666
G1 X168.329 Y174.363 E457.13904
G1 X168.329 Y175.637 E457.18141
G1 X168.57 Y176.888 E457.22378
G1 X169.044 Y178.07 E457.26614
G1 X169.733 Y179.142 E457.30852
G1 X170.611 Y180.064 E457.35087
G1 X171.65 Y180.803 E457.39328
G1 X172.808 Y181.333 E457.43563
G1 X174.046 Y181.633 E457.478
G1 X175.319 Y181.694 E457.52039
G0 F9000 X175.625 Y181.77
G1 F600 X174.375 Y181.77 E457.56197
G1 X173.134 Y181.538 E457.60396
G1 X171.971 Y181.087 E457.64545
G1 X170.905 Y180.427 E457.68715
G1 X169.977 Y179.581 E457.72891
G1 X169.217 Y178.576 E457.77082
G1 X168.66 Y177.456 E457.81242
G1 X168.316 Y176.25 E457.85414
G1 X168.201 Y175 E457.89589
G1 X168.316 Y173.75 E457.93764
G1 X168.66 Y172.544 E457.97935
G1 X169.217 Y171.424 E458.02095
G1 X169.977 Y170.419 E458.06286
G1 X170.905 Y169.573 E458.10463
G1 X171.971 Y168.913 E458.14633
G1 X173.134 Y168.462 E458.18782
G1 X174.375 Y168.23 E458.22981
G1 X175.625 Y168.23 E458.27138
G1 X176.866 Y168.462 E458.31337
G1 X178.029 Y168.913 E458.35486
G1 X179.095 Y169.573 E458.39656
G1 X180.023 Y170.419 E458.43833
G1 X180.783 Y171.424 E458.48024
G1 X181.34 Y172.544 E458.52184
G1 X181.684 Y173.75 E458.56355
G1 X181.799 Y175 E458.6053
G1 X181.684 Y176.25 E458.64705
G1 X181.34 Y177.456 E458.68876
G1 X180.783 Y178.576 E458.73037
G1 X180.023 Y179.581 E458.77228
G1 X179.095 Y180.427 E458.81404
G1 X178.029 Y181.087 E458.85574
G1 X176.866 Y181.538 E458.89723
G1 X175.625 Y181.77 E458.93922
G0 F9000 X175.664 Y181.847
;MESH:NONMESH
G0 F300 X175.664 Y181.847 Z32
G0 F9000 X175.319 Y181.694
;TIME_ELAPSED:1392.371478
;LAYER:159
;TYPE:WALL-OUTER
;MESH:diffuser_reactor.stl
G1 F600 X176.579 Y181.512 E458.98157
G1 X177.783 Y181.096 E459.02393
G1 X178.887 Y180.459 E459.06633
G1 X179.849 Y179.625 E459.10867
G1 X180.637 Y178.623 E459.15107
G1 X181.22 Y177.491 E459.19342
G1 X181.58 Y176.268 E459.23582
G1 X181.701 Y175 E459.27819
G1 X181.58 Y173.732 E459.32056
G1 X181.22 Y172.509 E459.36296
G1 X180.637 Y171.377 E459.40531
G1 X179.849 Y170.375 E459.44771
G1 X178.887 Y169.541 E459.49005
G1 X177.783 Y168.904 E459.53245
G1 X176.579 Y168.488 E459.57481
G1 X175.319 Y168.306 E459.61716
G1 X174.046 Y168.367 E459.65955
G1 X172.808 Y168.667 E459.70191
G1 X171.65 Y169.197 E459.74427
G1 X170.611 Y169.936 E459.78668
G1 X169.733 Y170.858 E459.82902
G1 X169.044 Y171.93 E459.87141
G1 X168.57 Y173.112 E459.91376
G1 X168.329 Y174.363 E459.95614
G1 X168.329 Y175.637 E459.99851
G1 X168.57 Y176.888 E460.04088
G1 X169.044 Y178.07 E460.08324
G1 X169.733 Y179.142 E460.12563
G1 X170.611 Y180.064 E460.16797
G1 X171.65 Y180.803 E460.21038
G1 X172.808 Y181.333 E460.25274
G1 X174.046 Y181.633 E460.2951
G1 X175.319 Y181.694 E460.33749
G0 F9000 X175.625 Y181.77
G1 F600 X174.375 Y181.77 E460.37907
G1 X173.134 Y181.538 E460.42106
G1 X171.971 Y181.087 E460.46255
G1 X170.905 Y180.427 E460.50425
G1 X169.977 Y179.581 E460.54601
G1 X169.217 Y178.576 E460.58792
G1 X168.66 Y177.456 E460.62953
G1 X168.316 Y176.25 E460.67124
G1 X168.201 Y175 E460.71299
G1 X168.316 Y173.75 E460.75474
G1 X168.66 Y172.544 E460.79645
G1 X169.217 Y171.424 E460.83805
G1 X169.977 Y170.419 E460.87996
G1 X170.905 Y169.573 E460.92173
G1 X171.971 Y168.913 E460.96343
G1 X173.134 Y168.462 E461.00492
G1 X174.375 Y168.23 E461.04691
G1 X175.625 Y168.23 E461.08848
G1 X176.866 Y168.462 E461.13047
G1 X178.029 Y168.913 E461.17196
G1 X179.095 Y169.573 E461.21366
G1 X180.023 Y170.419 E461.25543
G1 X180.783 Y171.424 E461.29734
G1 X181.34 Y172.544 E461.33894
G1 X181.684 Y173.75 E461.38065
G1 X181.799 Y175 E461.4224
G1 X181.684 Y176.25 E461.46415
G1 X181.34 Y177.456 E461.50587
G1 X180.783 Y178.576 E461.54747
G1 X180.023 Y179.581 E461.58938
G1 X179.095 Y180.427 E461.63114
G1 X178.029 Y181.087 E461.67285
G1 X176.866 Y181.538 E461.71433
G1 X175.625 Y181.77 E461.75632
G0 F9000 X175.664 Y181.847
;MESH:NONMESH
G0 F300 X175.664 Y181.847 Z32.2
G0 F9000 X175.319 Y181.694
;TIME_ELAPSED:1401.015476
;LAYER:160
;TYPE:WALL-OUTER
;MESH:diffuser_reactor.stl
G1 F600 X176.579 Y181.512 E461.79867
G1 X177.783 Y181.096 E461.84104
G1 X178.887 Y180.459 E461.88343
G1 X179.849 Y179.625 E461.92577
G1 X180.637 Y178.623 E461.96817
G1 X181.22 Y177.491 E462.01052
G1 X181.58 Y176.268 E462.05293
G1 X181.701 Y175 E462.09529
G1 X181.58 Y173.732 E462.13766
G1 X181.22 Y172.509 E462.18006
G1 X180.637 Y171.377 E462.22241
G1 X179.849 Y170.375 E462.26481
G1 X178.887 Y169.541 E462.30715
G1 X177.783 Y168.904 E462.34955
G1 X176.579 Y168.488 E462.39192
G1 X175.319 Y168.306 E462.43426
G1 X174.046 Y168.367 E462.47665
G1 X172.808 Y168.667 E462.51901
G1 X171.65 Y169.197 E462.56137
G1 X170.611 Y169.936 E462.60378
G1 X169.733 Y170.858 E462.64612
G1 X169.044 Y171.93 E462.68851
G1 X168.57 Y173.112 E462.73087
G1 X168.329 Y174.363 E462.77324
G1 X168.329 Y175.637 E462.81561
G1 X168.57 Y176.888 E462.85799
G1 X169.044 Y178.07 E462.90034
G1 X169.733 Y179.142 E462.94273
G1 X170.611 Y180.064 E462.98507
G1 X171.65 Y180.803 E463.02748
G1 X172.808 Y181.333 E463.06984
G1 X174.046 Y181.633 E463.11221
G1 X175.319 Y181.694 E463.15459
G0 F9000 X175.625 Y181.77
G1 F600 X174.375 Y181.77 E463.19617
G1 X173.134 Y181.538 E463.23816
G1 X171.971 Y181.087 E463.27965
G1 X170.905 Y180.427 E463.32135
G1 X169.977 Y179.581 E463.36312
G1 X169.217 Y178.576 E463.40502
G1 X168.66 Y177.456 E463.44663
G1 X168.316 Y176.25 E463.48834
G1 X168.201 Y175 E463.53009
G1 X168.316 Y173.75 E463.57184
G1 X168.66 Y172.544 E463.61355
G1 X169.217 Y171.424 E463.65516
G1 X169.977 Y170.419 E463.69706
G1 X170.905 Y169.573 E463.73883
G1 X171.971 Y168.913 E463.78053
G1 X173.134 Y168.462 E463.82202
G1 X174.375 Y168.23 E463.86401
G1 X175.625 Y168.23 E463.90559
G1 X176.866 Y168.462 E463.94758
G1 X178.029 Y168.913 E463.98906
G1 X179.095 Y169.573 E464.03077
G1 X180.023 Y170.419 E464.07253
G1 X180.783 Y171.424 E464.11444
G1 X181.34 Y172.544 E464.15604
G1 X181.684 Y173.75 E464.19775
G1 X181.799 Y175 E464.23951
G1 X181.684 Y176.25 E464.28126
G1 X181.34 Y177.456 E464.32297
G1 X180.783 Y178.576 E464.36457
G1 X180.023 Y179.581 E464.40648
G1 X179.095 Y180.427 E464.44825
G1 X178.029 Y181.087 E464.48995
G1 X176.866 Y181.538 E464.53144
G1 X175.625 Y181.77 E464.57343
G0 F9000 X175.664 Y181.847
;MESH:NONMESH
G0 F300 X175.664 Y181.847 Z32.4
G0 F9000 X175.319 Y181.694
;TIME_ELAPSED:1409.659474
;LAYER:161
;TYPE:WALL-OUTER
;MESH:diffuser_reactor.stl
G1 F600 X176.579 Y181.512 E464.61577
G1 X177.783 Y181.096 E464.65814
G1 X178.887 Y180.459 E464.70053
G1 X179.849 Y179.625 E464.74288
G1 X180.637 Y178.623 E464.78527
G1 X181.22 Y177.491 E464.82762
G1 X181.58 Y176.268 E464.87003
G1 X181.701 Y175 E464.91239
G1 X181.58 Y173.732 E464.95476
G1 X181.22 Y172.509 E464.99716
G1 X180.637 Y171.377 E465.03951
G1 X179.849 Y170.375 E465.08191
G1 X178.887 Y169.541 E465.12426
G1 X177.783 Y168.904 E465.16665
G1 X176.579 Y168.488 E465.20902
G1 X175.319 Y168.306 E465.25136
G1 X174.046 Y168.367 E465.29375
G1 X172.808 Y168.667 E465.33612
G1 X171.65 Y169.197 E465.37847
G1 X170.611 Y169.936 E465.42088
G1 X169.733 Y170.858 E465.46323
G1 X169.044 Y171.93 E465.50561
G1 X168.57 Y173.112 E465.54797
G1 X168.329 Y174.363 E465.59034
G1 X168.329 Y175.637 E465.63271
G1 X168.57 Y176.888 E465.67509
G1 X169.044 Y178.07 E465.71744
G1 X169.733 Y179.142 E465.75983
G1 X170.611 Y180.064 E465.80217
G1 X171.65 Y180.803 E465.84458
G1 X172.808 Y181.333 E465.88694
G1 X174.046 Y181.633 E465.92931
G1 X175.319 Y181.694 E465.9717
G0 F9000 X175.625 Y181.77
G1 F600 X174.375 Y181.77 E466.01327
G1 X173.134 Y181.538 E466.05526
G1 X171.971 Y181.087 E466.09675
G1 X170.905 Y180.427 E466.13845
G1 X169.977 Y179.581 E466.18022
G1 X169.217 Y178.576 E466.22212
G1 X168.66 Y177.456 E466.26373
G1 X168.316 Y176.25 E466.30544
G1 X168.201 Y175 E466.34719
G1 X168.316 Y173.75 E466.38894
G1 X168.66 Y172.544 E466.43065
G1 X169.217 Y171.424 E466.47226
G1 X169.977 Y170.419 E466.51417
G1 X170.905 Y169.573 E466.55593
G1 X171.971 Y168.913 E466.59763
G1 X173.134 Y168.462 E466.63912
G1 X174.375 Y168.23 E466.68111
G1 X175.625 Y168.23 E466.72269
G1 X176.866 Y168.462 E466.76468
G1 X178.029 Y168.913 E466.80617
G1 X179.095 Y169.573 E466.84787
G1 X180.023 Y170.419 E466.88963
G1 X180.783 Y171.424 E466.93154
G1 X181.34 Y172.544 E466.97314
G1 X181.684 Y173.75 E467.01486
G1 X181.799 Y175 E467.05661
G1 X181.684 Y176.25 E467.09836
G1 X181.34 Y177.456 E467.14007
G1 X180.783 Y178.576 E467.18167
G1 X180.023 Y179.581 E467.22358
G1 X179.095 Y180.427 E467.26535
G1 X178.029 Y181.087 E467.30705
G1 X176.866 Y181.538 E467.34854
G1 X175.625 Y181.77 E467.39053
G0 F9000 X175.664 Y181.847
;MESH:NONMESH
G0 F300 X175.664 Y181.847 Z32.6
G0 F9000 X175.319 Y181.694
;TIME_ELAPSED:1418.303472
;LAYER:162
;TYPE:WALL-OUTER
;MESH:diffuser_reactor.stl
G1 F600 X176.579 Y181.512 E467.43287
G1 X177.783 Y181.096 E467.47524
G1 X178.887 Y180.459 E467.51763
G1 X179.849 Y179.625 E467.55998
G1 X180.637 Y178.623 E467.60238
G1 X181.22 Y177.491 E467.64473
G1 X181.58 Y176.268 E467.68713
G1 X181.701 Y175 E467.72949
G1 X181.58 Y173.732 E467.77186
G1 X181.22 Y172.509 E467.81426
G1 X180.637 Y171.377 E467.85661
G1 X179.849 Y170.375 E467.89901
G1 X178.887 Y169.541 E467.94136
G1 X177.783 Y168.904 E467.98375
G1 X176.579 Y168.488 E468.02612
G1 X175.319 Y168.306 E468.06846
G1 X174.046 Y168.367 E468.11085
G1 X172.808 Y168.667 E468.15322
G1 X171.65 Y169.197 E468.19557
G1 X170.611 Y169.936 E468.23798
G1 X169.733 Y170.858 E468.28033
G1 X169.044 Y171.93 E468.32271
G1 X168.57 Y173.112 E468.36507
G1 X168.329 Y174.363 E468.40744
G1 X168.329 Y175.637 E468.44982
G1 X168.57 Y176.888 E468.49219
G1 X169.044 Y178.07 E468.53455
G1 X169.733 Y179.142 E468.57693
G1 X170.611 Y180.064 E468.61928
G1 X171.65 Y180.803 E468.66168
G1 X172.808 Y181.333 E468.70404
G1 X174.046 Y181.633 E468.74641
G1 X175.319 Y181.694 E468.7888
G0 F9000 X175.625 Y181.77
G1 F600 X174.375 Y181.77 E468.83037
G1 X173.134 Y181.538 E468.87236
G1 X171.971 Y181.087 E468.91385
G1 X170.905 Y180.427 E468.95555
G1 X169.977 Y179.581 E468.99732
G1 X169.217 Y178.576 E469.03923
G1 X168.66 Y177.456 E469.08083
G1 X168.316 Y176.25 E469.12254
G1 X168.201 Y175 E469.16429
G1 X168.316 Y173.75 E469.20604
G1 X168.66 Y172.544 E469.24775
G1 X169.217 Y171.424 E469.28936
G1 X169.977 Y170.419 E469.33127
G1 X170.905 Y169.573 E469.37303
G1 X171.971 Y168.913 E469.41473
G1 X173.134 Y168.462 E469.45622
G1 X174.375 Y168.23 E469.49821
G1 X175.625 Y168.23 E469.53979
G1 X176.866 Y168.462 E469.58178
G1 X178.029 Y168.913 E469.62327
G1 X179.095 Y169.573 E469.66497
G1 X180.023 Y170.419 E469.70673
G1 X180.783 Y171.424 E469.74864
G1 X181.34 Y172.544 E469.79025
G1 X181.684 Y173.75 E469.83196
G1 X181.799 Y175 E469.87371
G1 X181.684 Y176.25 E469.91546
G1 X181.34 Y177.456 E469.95717
G1 X180.783 Y178.576 E469.99877
G1 X180.023 Y179.581 E470.04068
G1 X179.095 Y180.427 E470.08245
G1 X178.029 Y181.087 E470.12415
G1 X176.866 Y181.538 E470.16564
G1 X175.625 Y181.77 E470.20763
G0 F9000 X175.664 Y181.847
;MESH:NONMESH
G0 F300 X175.664 Y181.847 Z32.8
G0 F9000 X175.319 Y181.694
;TIME_ELAPSED:1426.947470
;LAYER:163
;TYPE:WALL-OUTER
;MESH:diffuser_reactor.stl
G1 F600 X176.579 Y181.512 E470.24997
G1 X177.783 Y181.096 E470.29234
G1 X178.887 Y180.459 E470.33473
G1 X179.849 Y179.625 E470.37708
G1 X180.637 Y178.623 E470.41948
G1 X181.22 Y177.491 E470.46183
G1 X181.58 Y176.268 E470.50423
G1 X181.701 Y175 E470.5466
G1 X181.58 Y173.732 E470.58896
G1 X181.22 Y172.509 E470.63136
G1 X180.637 Y171.377 E470.67371
G1 X179.849 Y170.375 E470.71611
G1 X178.887 Y169.541 E470.75846
G1 X177.783 Y168.904 E470.80085
G1 X176.579 Y168.488 E470.84322
G1 X175.319 Y168.306 E470.88556
G1 X174.046 Y168.367 E470.92795
G1 X172.808 Y168.667 E470.97032
G1 X171.65 Y169.197 E471.01268
G1 X170.611 Y169.936 E471.05508
G1 X169.733 Y170.858 E471.09743
G1 X169.044 Y171.93 E471.13981
G1 X168.57 Y173.112 E471.18217
G1 X168.329 Y174.363 E471.22454
G1 X168.329 Y175.637 E471.26692
G1 X168.57 Y176.888 E471.30929
G1 X169.044 Y178.07 E471.35165
G1 X169.733 Y179.142 E471.39403
G1 X170.611 Y180.064 E471.43638
G1 X171.65 Y180.803 E471.47878
G1 X172.808 Y181.333 E471.52114
G1 X174.046 Y181.633 E471.56351
G1 X175.319 Y181.694 E471.6059
G0 F9000 X175.625 Y181.77
G1 F600 X174.375 Y181.77 E471.64747
G1 X173.134 Y181.538 E471.68946
G1 X171.971 Y181.087 E471.73095
G1 X170.905 Y180.427 E471.77265
G1 X169.977 Y179.581 E471.81442
G1 X169.217 Y178.576 E471.85633
G1 X168.66 Y177.456 E471.89793
G1 X168.316 Y176.25 E471.93964
G1 X168.201 Y175 E471.98139
G1 X168.316 Y173.75 E472.02314
G1 X168.66 Y172.544 E472.06486
G1 X169.217 Y171.424 E472.10646
G1 X169.977 Y170.419 E472.14837
G1 X170.905 Y169.573 E472.19013
G1 X171.971 Y168.913 E472.23184
G1 X173.134 Y168.462 E472.27332
G1 X174.375 Y168.23 E472.31531
G1 X175.625 Y168.23 E472.35689
G1 X176.866 Y168.462 E472.39888
G1 X178.029 Y168.913 E472.44037
G1 X179.095 Y169.573 E472.48207
G1 X180.023 Y170.419 E472.52384
G1 X180.783 Y171.424 E472.56574
G1 X181.34 Y172.544 E472.60735
G1 X181.684 Y173.75 E472.64906
G1 X181.799 Y175 E472.69081
G1 X181.684 Y176.25 E472.73256
G1 X181.34 Y177.456 E472.77427
G1 X180.783 Y178.576 E472.81588
G1 X180.023 Y179.581 E472.85778
G1 X179.095 Y180.427 E472.89955
G1 X178.029 Y181.087 E472.94125
G1 X176.866 Y181.538 E472.98274
G1 X175.625 Y181.77 E473.02473
G0 F9000 X175.664 Y181.847
;MESH:NONMESH
G0 F300 X175.664 Y181.847 Z33
G0 F9000 X175.319 Y181.694
;TIME_ELAPSED:1435.591468
;LAYER:164
;TYPE:WALL-OUTER
;MESH:diffuser_reactor.stl
G1 F600 X176.579 Y181.512 E473.06707
G1 X177.783 Y181.096 E473.10944
G1 X178.887 Y180.459 E473.15183
G1 X179.849 Y179.625 E473.19418
G1 X180.637 Y178.623 E473.23658
G1 X181.22 Y177.491 E473.27893
G1 X181.58 Y176.268 E473.32133
G1 X181.701 Y175 E473.3637
G1 X181.58 Y173.732 E473.40606
G1 X181.22 Y172.509 E473.44847
G1 X180.637 Y171.377 E473.49082
G1 X179.849 Y170.375 E473.53321
G1 X178.887 Y169.541 E473.57556
G1 X177.783 Y168.904 E473.61795
G1 X176.579 Y168.488 E473.66032
G1 X175.319 Y168.306 E473.70266
G1 X174.046 Y168.367 E473.74505
G1 X172.808 Y168.667 E473.78742
G1 X171.65 Y169.197 E473.82978
G1 X170.611 Y169.936 E473.87218
G1 X169.733 Y170.858 E473.91453
G1 X169.044 Y171.93 E473.95691
G1 X168.57 Y173.112 E473.99927
G1 X168.329 Y174.363 E474.04165
G1 X168.329 Y175.637 E474.08402
G1 X168.57 Y176.888 E474.12639
G1 X169.044 Y178.07 E474.16875
G1 X169.733 Y179.142 E474.21113
G1 X170.611 Y180.064 E474.25348
G1 X171.65 Y180.803 E474.29589
G1 X172.808 Y181.333 E474.33824
G1 X174.046 Y181.633 E474.38061
G1 X175.319 Y181.694 E474.423
G0 F9000 X175.625 Y181.77
G1 F600 X174.375 Y181.77 E474.46458
G1 X173.134 Y181.538 E474.50657
G1 X171.971 Y181.087 E474.54805
G1 X170.905 Y180.427 E474.58976
G1 X169.977 Y179.581 E474.63152
G1 X169.217 Y178.576 E474.67343
G1 X168.66 Y177.456 E474.71503
G1 X168.316 Y176.25 E474.75674
G1 X168.201 Y175 E474.7985
G1 X168.316 Y173.75 E474.84025
G1 X168.66 Y172.544 E474.88196
G1 X169.217 Y171.424 E474.92356
G1 X169.977 Y170.419 E474.96547
G1 X170.905 Y169.573 E475.00724
G1 X171.971 Y168.913 E475.04894
G1 X173.134 Y168.462 E475.09043
G1 X174.375 Y168.23 E475.13242
G1 X175.625 Y168.23 E475.17399
G1 X176.866 Y168.462 E475.21598
G1 X178.029 Y168.913 E475.25747
G1 X179.095 Y169.573 E475.29917
G1 X180.023 Y170.419 E475.34094
G1 X180.783 Y171.424 E475.38285
G1 X181.34 Y172.544 E475.42445
G1 X181.684 Y173.75 E475.46616
G1 X181.799 Y175 E475.50791
G1 X181.684 Y176.25 E475.54966
G1 X181.34 Y177.456 E475.59137
G1 X180.783 Y178.576 E475.63298
G1 X180.023 Y179.581 E475.67489
G1 X179.095 Y180.427 E475.71665
G1 X178.029 Y181.087 E475.75835
G1 X176.866 Y181.538 E475.79984
G1 X175.625 Y181.77 E475.84183
G0 F9000 X175.664 Y181.847
;MESH:NONMESH
G0 F300 X175.664 Y181.847 Z33.2
G0 F9000 X175.319 Y181.694
;TIME_ELAPSED:1444.235466
;LAYER:165
;TYPE:WALL-OUTER
;MESH:diffuser_reactor.stl
G1 F600 X176.579 Y181.512 E475.88417
G1 X177.783 Y181.096 E475.92654
G1 X178.887 Y180.459 E475.96894
G1 X179.849 Y179.625 E476.01128
G1 X180.637 Y178.623 E476.05368
G1 X181.22 Y177.491 E476.09603
G1 X181.58 Y176.268 E476.13843
G1 X181.701 Y175 E476.1808
G1 X181.58 Y173.732 E476.22316
G1 X181.22 Y172.509 E476.26557
G1 X180.637 Y171.377 E476.30792
G1 X179.849 Y170.375 E476.35032
G1 X178.887 Y169.541 E476.39266
G1 X177.783 Y168.904 E476.43505
G1 X176.579 Y168.488 E476.47742
G1 X175.319 Y168.306 E476.51977
G1 X174.046 Y168.367 E476.56215
G1 X172.808 Y168.667 E476.60452
G1 X171.65 Y169.197 E476.64688
G1 X170.611 Y169.936 E476.68929
G1 X169.733 Y170.858 E476.73163
G1 X169.044 Y171.93 E476.77402
G1 X168.57 Y173.112 E476.81637
G1 X168.329 Y174.363 E476.85875
G1 X168.329 Y175.637 E476.90112
G1 X168.57 Y176.888 E476.94349
G1 X169.044 Y178.07 E476.98585
G1 X169.733 Y179.142 E477.02823
G1 X170.611 Y180.064 E477.07058
G1 X171.65 Y180.803 E477.11299
G1 X172.808 Y181.333 E477.15534
G1 X174.046 Y181.633 E477.19771
G1 X175.319 Y181.694 E477.2401
G0 F9000 X175.625 Y181.77
G1 F600 X174.375 Y181.77 E477.28168
G1 X173.134 Y181.538 E477.32367
G1 X171.971 Y181.087 E477.36516
G1 X170.905 Y180.427 E477.40686
G1 X169.977 Y179.581 E477.44862
G1 X169.217 Y178.576 E477.49053
G1 X168.66 Y177.456 E477.53213
G1 X168.316 Y176.25 E477.57385
G1 X168.201 Y175 E477.6156
G1 X168.316 Y173.75 E477.65735
G1 X168.66 Y172.544 E477.69906
G1 X169.217 Y171.424 E477.74066
G1 X169.977 Y170.419 E477.78257
G1 X170.905 Y169.573 E477.82434
G1 X171.971 Y168.913 E477.86604
G1 X173.134 Y168.462 E477.90753
G1 X174.375 Y168.23 E477.94952
G1 X175.625 Y168.23 E477.99109
G1 X176.866 Y168.462 E478.03308
G1 X178.029 Y168.913 E478.07457
G1 X179.095 Y169.573 E478.11627
G1 X180.023 Y170.419 E478.15804
G1 X180.783 Y171.424 E478.19995
G1 X181.34 Y172.544 E478.24155
G1 X181.684 Y173.75 E478.28326
G1 X181.799 Y175 E478.32501
G1 X181.684 Y176.25 E478.36676
G1 X181.34 Y177.456 E478.40848
G1 X180.783 Y178.576 E478.45008
G1 X180.023 Y179.581 E478.49199
G1 X179.095 Y180.427 E478.53375
G1 X178.029 Y181.087 E478.57545
G1 X176.866 Y181.538 E478.61694
G1 X175.625 Y181.77 E478.65893
G0 F9000 X175.664 Y181.847
;MESH:NONMESH
G0 F300 X175.664 Y181.847 Z33.4
G0 F9000 X175.319 Y181.694
;TIME_ELAPSED:1452.879464
;LAYER:166
;TYPE:WALL-OUTER
;MESH:diffuser_reactor.stl
G1 F600 X176.579 Y181.512 E478.70128
G1 X177.783 Y181.096 E478.74364
G1 X178.887 Y180.459 E478.78604
G1 X179.849 Y179.625 E478.82838
G1 X180.637 Y178.623 E478.87078
G1 X181.22 Y177.491 E478.91313
G1 X181.58 Y176.268 E478.95553
G1 X181.701 Y175 E478.9979
G1 X181.58 Y173.732 E479.04027
G1 X181.22 Y172.509 E479.08267
G1 X180.637 Y171.377 E479.12502
G1 X179.849 Y170.375 E479.16742
G1 X178.887 Y169.541 E479.20976
G1 X177.783 Y168.904 E479.25216
G1 X176.579 Y168.488 E479.29452
G1 X175.319 Y168.306 E479.33687
G1 X174.046 Y168.367 E479.37926
G1 X172.808 Y168.667 E479.42162
G1 X171.65 Y169.197 E479.46398
G1 X170.611 Y169.936 E479.50639
G1 X169.733 Y170.858 E479.54873
G1 X169.044 Y171.93 E479.59112
G1 X168.57 Y173.112 E479.63347
G1 X168.329 Y174.363 E479.67585
G1 X168.329 Y175.637 E479.71822
G1 X168.57 Y176.888 E479.7606
G1 X169.044 Y178.07 E479.80295
G1 X169.733 Y179.142 E479.84534
G1 X170.611 Y180.064 E479.88768
G1 X171.65 Y180.803 E479.93009
G1 X172.808 Y181.333 E479.97245
G1 X174.046 Y181.633 E480.01481
G1 X175.319 Y181.694 E480.0572
G0 F9000 X175.625 Y181.77
G1 F600 X174.375 Y181.77 E480.09878
G1 X173.134 Y181.538 E480.14077
G1 X171.971 Y181.087 E480.18226
G1 X170.905 Y180.427 E480.22396
G1 X169.977 Y179.581 E480.26572
G1 X169.217 Y178.576 E480.30763
G1 X168.66 Y177.456 E480.34924
G1 X168.316 Y176.25 E480.39095
G1 X168.201 Y175 E480.4327
G1 X168.316 Y173.75 E480.47445
G1 X168.66 Y172.544 E480.51616
G1 X169.217 Y171.424 E480.55776
G1 X169.977 Y170.419 E480.59967
G1 X170.905 Y169.573 E480.64144
G1 X171.971 Y168.913 E480.68314
G1 X173.134 Y168.462 E480.72463
G1 X174.375 Y168.23 E480.76662
G1 X175.625 Y168.23 E480.80819
G1 X176.866 Y168.462 E480.85018
G1 X178.029 Y168.913 E480.89167
G1 X179.095 Y169.573 E480.93337
G1 X180.023 Y170.419 E480.97514
G1 X180.783 Y171.424 E481.01705
G1 X181.34 Y172.544 E481.05865
G1 X181.684 Y173.75 E481.10036
G1 X181.799 Y175 E481.14211
G1 X181.684 Y176.25 E481.18387
G1 X181.34 Y177.456 E481.22558
G1 X180.783 Y178.576 E481.26718
G1 X180.023 Y179.581 E481.30909
G1 X179.095 Y180.427 E481.35085
G1 X178.029 Y181.087 E481.39256
G1 X176.866 Y181.538 E481.43404
G1 X175.625 Y181.77 E481.47603
G0 F9000 X175.664 Y181.847
;MESH:NONMESH
G0 F300 X175.664 Y181.847 Z33.6
G0 F9000 X175.319 Y181.694
;TIME_ELAPSED:1461.523462
;LAYER:167
;TYPE:WALL-OUTER
;MESH:diffuser_reactor.stl
G1 F600 X176.579 Y181.512 E481.51838
G1 X177.783 Y181.096 E481.56075
G1 X178.887 Y180.459 E481.60314
G1 X179.849 Y179.625 E481.64549
G1 X180.637 Y178.623 E481.68788
G1 X181.22 Y177.491 E481.73023
G1 X181.58 Y176.268 E481.77264
G1 X181.701 Y175 E481.815
G1 X181.58 Y173.732 E481.85737
G1 X181.22 Y172.509 E481.89977
G1 X180.637 Y171.377 E481.94212
G1 X179.849 Y170.375 E481.98452
G1 X178.887 Y169.541 E482.02686
G1 X177.783 Y168.904 E482.06926
G1 X176.579 Y168.488 E482.11163
G1 X175.319 Y168.306 E482.15397
G1 X174.046 Y168.367 E482.19636
G1 X172.808 Y168.667 E482.23872
G1 X171.65 Y169.197 E482.28108
G1 X170.611 Y169.936 E482.32349
G1 X169.733 Y170.858 E482.36584
G1 X169.044 Y171.93 E482.40822
G1 X168.57 Y173.112 E482.45058
G1 X168.329 Y174.363 E482.49295
G1 X168.329 Y175.637 E482.53532
G1 X168.57 Y176.888 E482.5777
G1 X169.044 Y178.07 E482.62005
G1 X169.733 Y179.142 E482.66244
G1 X170.611 Y180.064 E482.70478
G1 X171.65 Y180.803 E482.74719
G1 X172.808 Y181.333 E482.78955
G1 X174.046 Y181.633 E482.83192
G1 X175.319 Y181.694 E482.8743
G0 F9000 X175.625 Y181.77
G1 F600 X174.375 Y181.77 E482.91588
G1 X173.134 Y181.538 E482.95787
G1 X171.971 Y181.087 E482.99936
G1 X170.905 Y180.427 E483.04106
G1 X169.977 Y179.581 E483.08283
G1 X169.217 Y178.576 E483.12473
G1 X168.66 Y177.456 E483.16634
G1 X168.316 Y176.25 E483.20805
G1 X168.201 Y175 E483.2498
G1 X168.316 Y173.75 E483.29155
G1 X168.66 Y172.544 E483.33326
G1 X169.217 Y171.424 E483.37487
G1 X169.977 Y170.419 E483.41677
G1 X170.905 Y169.573 E483.45854
G1 X171.971 Y168.913 E483.50024
G1 X173.134 Y168.462 E483.54173
G1 X174.375 Y168.23 E483.58372
G1 X175.625 Y168.23 E483.6253
G1 X176.866 Y168.462 E483.66729
G1 X178.029 Y168.913 E483.70877
G1 X179.095 Y169.573 E483.75048
G1 X180.023 Y170.419 E483.79224
G1 X180.783 Y171.424 E483.83415
G1 X181.34 Y172.544 E483.87575
G1 X181.684 Y173.75 E483.91747
G1 X181.799 Y175 E483.95922
G1 X181.684 Y176.25 E484.00097
G1 X181.34 Y177.456 E484.04268
G1 X180.783 Y178.576 E484.08428
G1 X180.023 Y179.581 E484.12619
G1 X179.095 Y180.427 E484.16796
G1 X178.029 Y181.087 E484.20966
G1 X176.866 Y181.538 E484.25115
G1 X175.625 Y181.77 E484.29314
G0 F9000 X175.664 Y181.847
;MESH:NONMESH
G0 F300 X175.664 Y181.847 Z33.8
G0 F9000 X175.319 Y181.694
;TIME_ELAPSED:1470.167460
;LAYER:168
;TYPE:WALL-OUTER
;MESH:diffuser_reactor.stl
G1 F600 X176.579 Y181.512 E484.33548
G1 X177.783 Y181.096 E484.37785
G1 X178.887 Y180.459 E484.42024
G1 X179.849 Y179.625 E484.46259
G1 X180.637 Y178.623 E484.50498
G1 X181.22 Y177.491 E484.54733
G1 X181.58 Y176.268 E484.58974
G1 X181.701 Y175 E484.6321
G1 X181.58 Y173.732 E484.67447
G1 X181.22 Y172.509 E484.71687
G1 X180.637 Y171.377 E484.75922
G1 X179.849 Y170.375 E484.80162
G1 X178.887 Y169.541 E484.84397
G1 X177.783 Y168.904 E484.88636
G1 X176.579 Y168.488 E484.92873
G1 X175.319 Y168.306 E484.97107
G1 X174.046 Y168.367 E485.01346
G1 X172.808 Y168.667 E485.05583
G1 X171.65 Y169.197 E485.09818
G1 X170.611 Y169.936 E485.14059
G1 X169.733 Y170.858 E485.18294
G1 X169.044 Y171.93 E485.22532
G1 X168.57 Y173.112 E485.26768
G1 X168.329 Y174.363 E485.31005
G1 X168.329 Y175.637 E485.35242
G1 X168.57 Y176.888 E485.3948
G1 X169.044 Y178.07 E485.43715
G1 X169.733 Y179.142 E485.47954
G1 X170.611 Y180.064 E485.52188
G1 X171.65 Y180.803 E485.56429
G1 X172.808 Y181.333 E485.60665
G1 X174.046 Y181.633 E485.64902
G1 X175.319 Y181.694 E485.69141
G0 F9000 X175.625 Y181.77
G1 F600 X174.375 Y181.77 E485.73298
G1 X173.134 Y181.538 E485.77497
G1 X171.971 Y181.087 E485.81646
G1 X170.905 Y180.427 E485.85816
G1 X169.977 Y179.581 E485.89993
G1 X169.217 Y178.576 E485.94184
G1 X168.66 Y177.456 E485.98344
G1 X168.316 Y176.25 E486.02515
G1 X168.201 Y175 E486.0669
G1 X168.316 Y173.75 E486.10865
G1 X168.66 Y172.544 E486.15036
G1 X169.217 Y171.424 E486.19197
G1 X169.977 Y170.419 E486.23388
G1 X170.905 Y169.573 E486.27564
G1 X171.971 Y168.913 E486.31734
G1 X173.134 Y168.462 E486.35883
G1 X174.375 Y168.23 E486.40082
G1 X175.625 Y168.23 E486.4424
G1 X176.866 Y168.462 E486.48439
G1 X178.029 Y168.913 E486.52588
G1 X179.095 Y169.573 E486.56758
G1 X180.023 Y170.419 E486.60934
G1 X180.783 Y171.424 E486.65125
G1 X181.34 Y172.544 E486.69286
G1 X181.684 Y173.75 E486.73457
G1 X181.799 Y175 E486.77632
G1 X181.684 Y176.25 E486.81807
G1 X181.34 Y177.456 E486.85978
G1 X180.783 Y178.576 E486.90138
G1 X180.023 Y179.581 E486.94329
G1 X179.095 Y180.427 E486.98506
G1 X178.029 Y181.087 E487.02676
G1 X176.866 Y181.538 E487.06825
G1 X175.625 Y181.77 E487.11024
G0 F9000 X175.664 Y181.847
;MESH:NONMESH
G0 F300 X175.664 Y181.847 Z34
G0 F9000 X175.319 Y181.694
;TIME_ELAPSED:1478.811458
;LAYER:169
;TYPE:WALL-OUTER
;MESH:diffuser_reactor.stl
G1 F600 X176.579 Y181.512 E487.15258
G1 X177.783 Y181.096 E487.19495
G1 X178.887 Y180.459 E487.23734
G1 X179.849 Y179.625 E487.27969
G1 X180.637 Y178.623 E487.32209
G1 X181.22 Y177.491 E487.36444
G1 X181.58 Y176.268 E487.40684
G1 X181.701 Y175 E487.4492
G1 X181.58 Y173.732 E487.49157
G1 X181.22 Y172.509 E487.53397
G1 X180.637 Y171.377 E487.57632
G1 X179.849 Y170.375 E487.61872
G1 X178.887 Y169.541 E487.66107
G1 X177.783 Y168.904 E487.70346
G1 X176.579 Y168.488 E487.74583
G1 X175.319 Y168.306 E487.78817
G1 X174.046 Y168.367 E487.83056
G1 X172.808 Y168.667 E487.87293
G1 X171.65 Y169.197 E487.91529
G1 X170.611 Y169.936 E487.95769
G1 X169.733 Y170.858 E488.00004
G1 X169.044 Y171.93 E488.04242
G1 X168.57 Y173.112 E488.08478
G1 X168.329 Y174.363 E488.12715
G1 X168.329 Y175.637 E488.16953
G1 X168.57 Y176.888 E488.2119
G1 X169.044 Y178.07 E488.25426
G1 X169.733 Y179.142 E488.29664
G1 X170.611 Y180.064 E488.33899
G1 X171.65 Y180.803 E488.38139
G1 X172.808 Y181.333 E488.42375
G1 X174.046 Y181.633 E488.46612
G1 X175.319 Y181.694 E488.50851
G0 F9000 X175.625 Y181.77
G1 F600 X174.375 Y181.77 E488.55008
G1 X173.134 Y181.538 E488.59207
G1 X171.971 Y181.087 E488.63356
G1 X170.905 Y180.427 E488.67526
G1 X169.977 Y179.581 E488.71703
G1 X169.217 Y178.576 E488.75894
G1 X168.66 Y177.456 E488.80054
G1 X168.316 Y176.25 E488.84225
G1 X168.201 Y175 E488.884
G1 X168.316 Y173.75 E488.92575
G1 X168.66 Y172.544 E488.96747
G1 X169.217 Y171.424 E489.00907
G1 X169.977 Y170.419 E489.05098
G1 X170.905 Y169.573 E489.09274
G1 X171.971 Y168.913 E489.13444
G1 X173.134 Y168.462 E489.17593
G1 X174.375 Y168.23 E489.21792
G1 X175.625 Y168.23 E489.2595
G1 X176.866 Y168.462 E489.30149
G1 X178.029 Y168.913 E489.34298
G1 X179.095 Y169.573 E489.38468
G1 X180.023 Y170.419 E489.42644
G1 X180.783 Y171.424 E489.46835
G1 X181.34 Y172.544 E489.50996
G1 X181.684 Y173.75 E489.55167
G1 X181.799 Y175 E489.59342
G1 X181.684 Y176.25 E489.63517
G1 X181.34 Y177.456 E489.67688
G1 X180.783 Y178.576 E489.71848
G1 X180.023 Y179.581 E489.76039
G1 X179.095 Y180.427 E489.80216
G1 X178.029 Y181.087 E489.84386
G1 X176.866 Y181.538 E489.88535
G1 X175.625 Y181.77 E489.92734
G0 F9000 X175.664 Y181.847
;MESH:NONMESH
G0 F300 X175.664 Y181.847 Z34.2
G0 F9000 X175.319 Y181.694
;TIME_ELAPSED:1487.455456
;LAYER:170
;TYPE:WALL-OUTER
;MESH:diffuser_reactor.stl
G1 F600 X176.579 Y181.512 E489.96968
G1 X177.783 Y181.096 E490.01205
G1 X178.887 Y180.459 E490.05444
G1 X179.849 Y179.625 E490.09679
G1 X180.637 Y178.623 E490.13919
G1 X181.22 Y177.491 E490.18154
G1 X181.58 Y176.268 E490.22394
G1 X181.701 Y175 E490.26631
G1 X181.58 Y173.732 E490.30867
G1 X181.22 Y172.509 E490.35107
G1 X180.637 Y171.377 E490.39342
G1 X179.849 Y170.375 E490.43582
G1 X178.887 Y169.541 E490.47817
G1 X177.783 Y168.904 E490.52056
G1 X176.579 Y168.488 E490.56293
G1 X175.319 Y168.306 E490.60527
G1 X174.046 Y168.367 E490.64766
G1 X172.808 Y168.667 E490.69003
G1 X171.65 Y169.197 E490.73239
G1 X170.611 Y169.936 E490.77479
G1 X169.733 Y170.858 E490.81714
G1 X169.044 Y171.93 E490.85952
G1 X168.57 Y173.112 E490.90188
G1 X168.329 Y174.363 E490.94425
G1 X168.329 Y175.637 E490.98663
G1 X168.57 Y176.888 E491.029
G1 X169.044 Y178.07 E491.07136
G1 X169.733 Y179.142 E491.11374
G1 X170.611 Y180.064 E491.15609
G1 X171.65 Y180.803 E491.19849
G1 X172.808 Y181.333 E491.24085
G1 X174.046 Y181.633 E491.28322
G1 X175.319 Y181.694 E491.32561
G0 F9000 X175.625 Y181.77
G1 F600 X174.375 Y181.77 E491.36718
G1 X173.134 Y181.538 E491.40917
G1 X171.971 Y181.087 E491.45066
G1 X170.905 Y180.427 E491.49236
G1 X169.977 Y179.581 E491.53413
G1 X169.217 Y178.576 E491.57604
G1 X168.66 Y177.456 E491.61764
G1 X168.316 Y176.25 E491.65935
G1 X168.201 Y175 E491.7011
G1 X168.316 Y173.75 E491.74286
G1 X168.66 Y172.544 E491.78457
G1 X169.217 Y171.424 E491.82617
G1 X169.977 Y170.419 E491.86808
G1 X170.905 Y169.573 E491.90984
G1 X171.971 Y168.913 E491.95155
G1 X173.134 Y168.462 E491.99303
G1 X174.375 Y168.23 E492.03502
G1 X175.625 Y168.23 E492.0766
G1 X176.866 Y168.462 E492.11859
G1 X178.029 Y168.913 E492.16008
G1 X179.095 Y169.573 E492.20178
G1 X180.023 Y170.419 E492.24355
G1 X180.783 Y171.424 E492.28545
G1 X181.34 Y172.544 E492.32706
G1 X181.684 Y173.75 E492.36877
G1 X181.799 Y175 E492.41052
G1 X181.684 Y176.25 E492.45227
G1 X181.34 Y177.456 E492.49398
G1 X180.783 Y178.576 E492.53559
G1 X180.023 Y179.581 E492.57749
G1 X179.095 Y180.427 E492.61926
G1 X178.029 Y181.087 E492.66096
G1 X176.866 Y181.538 E492.70245
G1 X175.625 Y181.77 E492.74444
G0 F9000 X175.664 Y181.847
;MESH:NONMESH
G0 F300 X175.664 Y181.847 Z34.4
G0 F9000 X175.319 Y181.694
;TIME_ELAPSED:1496.099454
;LAYER:171
;TYPE:WALL-OUTER
;MESH:diffuser_reactor.stl
G1 F600 X176.579 Y181.512 E492.78678
G1 X177.783 Y181.096 E492.82915
G1 X178.887 Y180.459 E492.87154
G1 X179.849 Y179.625 E492.91389
G1 X180.637 Y178.623 E492.95629
G1 X181.22 Y177.491 E492.99864
G1 X181.58 Y176.268 E493.04104
G1 X181.701 Y175 E493.08341
G1 X181.58 Y173.732 E493.12577
G1 X181.22 Y172.509 E493.16818
G1 X180.637 Y171.377 E493.21053
G1 X179.849 Y170.375 E493.25292
G1 X178.887 Y169.541 E493.29527
G1 X177.783 Y168.904 E493.33766
G1 X176.579 Y168.488 E493.38003
G1 X175.319 Y168.306 E493.42237
G1 X174.046 Y168.367 E493.46476
G1 X172.808 Y168.667 E493.50713
G1 X171.65 Y169.197 E493.54949
G1 X170.611 Y169.936 E493.5919
G1 X169.733 Y170.858 E493.63424
G1 X169.044 Y171.93 E493.67663
G1 X168.57 Y173.112 E493.71898
G1 X168.329 Y174.363 E493.76136
G1 X168.329 Y175.637 E493.80373
G1 X168.57 Y176.888 E493.8461
G1 X169.044 Y178.07 E493.88846
G1 X169.733 Y179.142 E493.93084
G1 X170.611 Y180.064 E493.97319
G1 X171.65 Y180.803 E494.0156
G1 X172.808 Y181.333 E494.05795
G1 X174.046 Y181.633 E494.10032
G1 X175.319 Y181.694 E494.14271
G0 F9000 X175.625 Y181.77
G1 F600 X174.375 Y181.77 E494.18429
G1 X173.134 Y181.538 E494.22628
G1 X171.971 Y181.087 E494.26776
G1 X170.905 Y180.427 E494.30947
G1 X169.977 Y179.581 E494.35123
G1 X169.217 Y178.576 E494.39314
G1 X168.66 Y177.456 E494.43474
G1 X168.316 Y176.25 E494.47646
G1 X168.201 Y175 E494.51821
G1 X168.316 Y173.75 E494.55996
G1 X168.66 Y172.544 E494.60167
G1 X169.217 Y171.424 E494.64327
G1 X169.977 Y170.419 E494.68518
G1 X170.905 Y169.573 E494.72695
G1 X171.971 Y168.913 E494.76865
G1 X173.134 Y168.462 E494.81014
G1 X174.375 Y168.23 E494.85213
G1 X175.625 Y168.23 E494.8937
G1 X176.866 Y168.462 E494.93569
G1 X178.029 Y168.913 E494.97718
G1 X179.095 Y169.573 E495.01888
G1 X180.023 Y170.419 E495.06065
G1 X180.783 Y171.424 E495.10256
G1 X181.34 Y172.544 E495.14416
G1 X181.684 Y173.75 E495.18587
G1 X181.799 Y175 E495.22762
G1 X181.684 Y176.25 E495.26937
G1 X181.34 Y177.456 E495.31108
G1 X180.783 Y178.576 E495.35269
G1 X180.023 Y179.581 E495.3946
G1 X179.095 Y180.427 E495.43636
G1 X178.029 Y181.087 E495.47806
G1 X176.866 Y181.538 E495.51955
G1 X175.625 Y181.77 E495.56154
G0 F9000 X175.664 Y181.847
;MESH:NONMESH
G0 F300 X175.664 Y181.847 Z34.6
G0 F9000 X175.319 Y181.694
;TIME_ELAPSED:1504.743452
;LAYER:172
;TYPE:WALL-OUTER
;MESH:diffuser_reactor.stl
G1 F600 X176.579 Y181.512 E495.60388
G1 X177.783 Y181.096 E495.64625
G1 X178.887 Y180.459 E495.68865
G1 X179.849 Y179.625 E495.73099
G1 X180.637 Y178.623 E495.77339
G1 X181.22 Y177.491 E495.81574
G1 X181.58 Y176.268 E495.85814
G1 X181.701 Y175 E495.90051
G1 X181.58 Y173.732 E495.94287
G1 X181.22 Y172.509 E495.98528
G1 X180.637 Y171.377 E496.02763
G1 X179.849 Y170.375 E496.07003
G1 X178.887 Y169.541 E496.11237
G1 X177.783 Y168.904 E496.15476
G1 X176.579 Y168.488 E496.19713
G1 X175.319 Y168.306 E496.23948
G1 X174.046 Y168.367 E496.28186
G1 X172.808 Y168.667 E496.32423
G1 X171.65 Y169.197 E496.36659
G1 X170.611 Y169.936 E496.409
G1 X169.733 Y170.858 E496.45134
G1 X169.044 Y171.93 E496.49373
G1 X168.57 Y173.112 E496.53608
G1 X168.329 Y174.363 E496.57846
G1 X168.329 Y175.637 E496.62083
G1 X168.57 Y176.888 E496.6632
G1 X169.044 Y178.07 E496.70556
G1 X169.733 Y179.142 E496.74794
G1 X170.611 Y180.064 E496.79029
G1 X171.65 Y180.803 E496.8327
G1 X172.808 Y181.333 E496.87506
G1 X174.046 Y181.633 E496.91742
G1 X175.319 Y181.694 E496.95981
G0 F9000 X175.625 Y181.77
G1 F600 X174.375 Y181.77 E497.00139
G1 X173.134 Y181.538 E497.04338
G1 X171.971 Y181.087 E497.08487
G1 X170.905 Y180.427 E497.12657
G1 X169.977 Y179.581 E497.16833
G1 X169.217 Y178.576 E497.21024
G1 X168.66 Y177.456 E497.25185
G1 X168.316 Y176.25 E497.29356
G1 X168.201 Y175 E497.33531
G1 X168.316 Y173.75 E497.37706
G1 X168.66 Y172.544 E497.41877
G1 X169.217 Y171.424 E497.46037
G1 X169.977 Y170.419 E497.50228
G1 X170.905 Y169.573 E497.54405
G1 X171.971 Y168.913 E497.58575
G1 X173.134 Y168.462 E497.62724
G1 X174.375 Y168.23 E497.66923
G1 X175.625 Y168.23 E497.7108
G1 X176.866 Y168.462 E497.75279
G1 X178.029 Y168.913 E497.79428
G1 X179.095 Y169.573 E497.83598
G1 X180.023 Y170.419 E497.87775
G1 X180.783 Y171.424 E497.91966
G1 X181.34 Y172.544 E497.96126
G1 X181.684 Y173.75 E498.00297
G1 X181.799 Y175 E498.04472
G1 X181.684 Y176.25 E498.08647
G1 X181.34 Y177.456 E498.12819
G1 X180.783 Y178.576 E498.16979
G1 X180.023 Y179.581 E498.2117
G1 X179.095 Y180.427 E498.25346
G1 X178.029 Y181.087 E498.29516
G1 X176.866 Y181.538 E498.33665
G1 X175.625 Y181.77 E498.37864
G0 F9000 X175.664 Y181.847
;MESH:NONMESH
G0 F300 X175.664 Y181.847 Z34.8
G0 F9000 X175.319 Y181.694
;TIME_ELAPSED:1513.387450
;LAYER:173
;TYPE:WALL-OUTER
;MESH:diffuser_reactor.stl
G1 F600 X176.579 Y181.512 E498.42099
G1 X177.783 Y181.096 E498.46335
G1 X178.887 Y180.459 E498.50575
G1 X179.849 Y179.625 E498.54809
G1 X180.637 Y178.623 E498.59049
G1 X181.22 Y177.491 E498.63284
G1 X181.58 Y176.268 E498.67525
G1 X181.701 Y175 E498.71761
G1 X181.58 Y173.732 E498.75998
G1 X181.22 Y172.509 E498.80238
G1 X180.637 Y171.377 E498.84473
G1 X179.849 Y170.375 E498.88713
G1 X178.887 Y169.541 E498.92947
G1 X177.783 Y168.904 E498.97187
G1 X176.579 Y168.488 E499.01423
G1 X175.319 Y168.306 E499.05658
G1 X174.046 Y168.367 E499.09897
G1 X172.808 Y168.667 E499.14133
G1 X171.65 Y169.197 E499.18369
G1 X170.611 Y169.936 E499.2261
G1 X169.733 Y170.858 E499.26844
G1 X169.044 Y171.93 E499.31083
G1 X168.57 Y173.112 E499.35319
G1 X168.329 Y174.363 E499.39556
G1 X168.329 Y175.637 E499.43793
G1 X168.57 Y176.888 E499.48031
G1 X169.044 Y178.07 E499.52266
G1 X169.733 Y179.142 E499.56505
G1 X170.611 Y180.064 E499.60739
G1 X171.65 Y180.803 E499.6498
G1 X172.808 Y181.333 E499.69216
G1 X174.046 Y181.633 E499.73452
G1 X175.319 Y181.694 E499.77691
G0 F9000 X175.625 Y181.77
G1 F600 X174.375 Y181.77 E499.81849
G1 X173.134 Y181.538 E499.86048
G1 X171.971 Y181.087 E499.90197
G1 X170.905 Y180.427 E499.94367
G1 X169.977 Y179.581 E499.98543
G1 X169.217 Y178.576 E500.02734
G1 X168.66 Y177.456 E500.06895
G1 X168.316 Y176.25 E500.11066
G1 X168.201 Y175 E500.15241
G1 X168.316 Y173.75 E500.19416
G1 X168.66 Y172.544 E500.23587
G1 X169.217 Y171.424 E500.27747
G1 X169.977 Y170.419 E500.31938
G1 X170.905 Y169.573 E500.36115
G1 X171.971 Y168.913 E500.40285
G1 X173.134 Y168.462 E500.44434
G1 X174.375 Y168.23 E500.48633
G1 X175.625 Y168.23 E500.5279
G1 X176.866 Y168.462 E500.5699
G1 X178.029 Y168.913 E500.61138
G1 X179.095 Y169.573 E500.65308
G1 X180.023 Y170.419 E500.69485
G1 X180.783 Y171.424 E500.73676
G1 X181.34 Y172.544 E500.77836
G1 X181.684 Y173.75 E500.82007
G1 X181.799 Y175 E500.86182
G1 X181.684 Y176.25 E500.90358
G1 X181.34 Y177.456 E500.94529
G1 X180.783 Y178.576 E500.98689
G1 X180.023 Y179.581 E501.0288
G1 X179.095 Y180.427 E501.07057
G1 X178.029 Y181.087 E501.11227
G1 X176.866 Y181.538 E501.15375
G1 X175.625 Y181.77 E501.19575
G0 F9000 X175.664 Y181.847
;MESH:NONMESH
G0 F300 X175.664 Y181.847 Z35
G0 F9000 X175.319 Y181.694
;TIME_ELAPSED:1522.031448
;LAYER:174
;TYPE:WALL-OUTER
;MESH:diffuser_reactor.stl
G1 F600 X176.579 Y181.512 E501.23809
G1 X177.783 Y181.096 E501.28046
G1 X178.887 Y180.459 E501.32285
G1 X179.849 Y179.625 E501.3652
G1 X180.637 Y178.623 E501.40759
G1 X181.22 Y177.491 E501.44994
G1 X181.58 Y176.268 E501.49235
G1 X181.701 Y175 E501.53471
G1 X181.58 Y173.732 E501.57708
G1 X181.22 Y172.509 E501.61948
G1 X180.637 Y171.377 E501.66183
G1 X179.849 Y170.375 E501.70423
G1 X178.887 Y169.541 E501.74657
G1 X177.783 Y168.904 E501.78897
G1 X176.579 Y168.488 E501.83134
G1 X175.319 Y168.306 E501.87368
G1 X174.046 Y168.367 E501.91607
G1 X172.808 Y168.667 E501.95844
G1 X171.65 Y169.197 E502.00079
G1 X170.611 Y169.936 E502.0432
G1 X169.733 Y170.858 E502.08555
G1 X169.044 Y171.93 E502.12793
G1 X168.57 Y173.112 E502.17029
G1 X168.329 Y174.363 E502.21266
G1 X168.329 Y175.637 E502.25503
G1 X168.57 Y176.888 E502.29741
G1 X169.044 Y178.07 E502.33976
G1 X169.733 Y179.142 E502.38215
G1 X170.611 Y180.064 E502.42449
G1 X171.65 Y180.803 E502.4669
G1 X172.808 Y181.333 E502.50926
G1 X174.046 Y181.633 E502.55163
G1 X175.319 Y181.694 E502.59401
G0 F9000 X175.625 Y181.77
G1 F600 X174.375 Y181.77 E502.63559
G1 X173.134 Y181.538 E502.67758
G1 X171.971 Y181.087 E502.71907
G1 X170.905 Y180.427 E502.76077
G1 X169.977 Y179.581 E502.80254
G1 X169.217 Y178.576 E502.84444
G1 X168.66 Y177.456 E502.88605
G1 X168.316 Y176.25 E502.92776
G1 X168.201 Y175 E502.96951
G1 X168.316 Y173.75 E503.01126
G1 X168.66 Y172.544 E503.05297
G1 X169.217 Y171.424 E503.09458
G1 X169.977 Y170.419 E503.13648
G1 X170.905 Y169.573 E503.17825
G1 X171.971 Y168.913 E503.21995
G1 X173.134 Y168.462 E503.26144
G1 X174.375 Y168.23 E503.30343
G1 X175.625 Y168.23 E503.34501
G1 X176.866 Y168.462 E503.387
G1 X178.029 Y168.913 E503.42849
G1 X179.095 Y169.573 E503.47019
G1 X180.023 Y170.419 E503.51195
G1 X180.783 Y171.424 E503.55386
G1 X181.34 Y172.544 E503.59546
G1 X181.684 Y173.75 E503.63718
G1 X181.799 Y175 E503.67893
G1 X181.684 Y176.25 E503.72068
G1 X181.34 Y177.456 E503.76239
G1 X180.783 Y178.576 E503.80399
G1 X180.023 Y179.581 E503.8459
G1 X179.095 Y180.427 E503.88767
G1 X178.029 Y181.087 E503.92937
G1 X176.866 Y181.538 E503.97086
G1 X175.625 Y181.77 E504.01285
G0 F9000 X175.664 Y181.847
;MESH:NONMESH
G0 F300 X175.664 Y181.847 Z35.2
G0 F9000 X175.319 Y181.694
;TIME_ELAPSED:1530.675446
;LAYER:175
;TYPE:WALL-OUTER
;MESH:diffuser_reactor.stl
G1 F600 X176.579 Y181.512 E504.05519
G1 X177.783 Y181.096 E504.09756
G1 X178.887 Y180.459 E504.13995
G1 X179.849 Y179.625 E504.1823
G1 X180.637 Y178.623 E504.22469
G1 X181.22 Y177.491 E504.26705
G1 X181.58 Y176.268 E504.30945
G1 X181.701 Y175 E504.35181
G1 X181.58 Y173.732 E504.39418
G1 X181.22 Y172.509 E504.43658
G1 X180.637 Y171.377 E504.47893
G1 X179.849 Y170.375 E504.52133
G1 X178.887 Y169.541 E504.56368
G1 X177.783 Y168.904 E504.60607
G1 X176.579 Y168.488 E504.64844
G1 X175.319 Y168.306 E504.69078
G1 X174.046 Y168.367 E504.73317
G1 X172.808 Y168.667 E504.77554
G1 X171.65 Y169.197 E504.81789
G1 X170.611 Y169.936 E504.8603
G1 X169.733 Y170.858 E504.90265
G1 X169.044 Y171.93 E504.94503
G1 X168.57 Y173.112 E504.98739
G1 X168.329 Y174.363 E505.02976
G1 X168.329 Y175.637 E505.07213
G1 X168.57 Y176.888 E505.11451
G1 X169.044 Y178.07 E505.15687
G1 X169.733 Y179.142 E505.19925
G1 X170.611 Y180.064 E505.2416
G1 X171.65 Y180.803 E505.284
G1 X172.808 Y181.333 E505.32636
G1 X174.046 Y181.633 E505.36873
G1 X175.319 Y181.694 E505.41112
G0 F9000 X175.625 Y181.77
G1 F600 X174.375 Y181.77 E505.45269
G1 X173.134 Y181.538 E505.49468
G1 X171.971 Y181.087 E505.53617
G1 X170.905 Y180.427 E505.57787
G1 X169.977 Y179.581 E505.61964
G1 X169.217 Y178.576 E505.66155
G1 X168.66 Y177.456 E505.70315
G1 X168.316 Y176.25 E505.74486
G1 X168.201 Y175 E505.78661
G1 X168.316 Y173.75 E505.82836
G1 X168.66 Y172.544 E505.87007
G1 X169.217 Y171.424 E505.91168
G1 X169.977 Y170.419 E505.95359
G1 X170.905 Y169.573 E505.99535
G1 X171.971 Y168.913 E506.03705
G1 X173.134 Y168.462 E506.07854
G1 X174.375 Y168.23 E506.12053
G1 X175.625 Y168.23 E506.16211
G1 X176.866 Y168.462 E506.2041
G1 X178.029 Y168.913 E506.24559
G1 X179.095 Y169.573 E506.28729
G1 X180.023 Y170.419 E506.32905
G1 X180.783 Y171.424 E506.37096
G1 X181.34 Y172.544 E506.41257
G1 X181.684 Y173.75 E506.45428
G1 X181.799 Y175 E506.49603
G1 X181.684 Y176.25 E506.53778
G1 X181.34 Y177.456 E506.57949
G1 X180.783 Y178.576 E506.62109
G1 X180.023 Y179.581 E506.663
G1 X179.095 Y180.427 E506.70477
G1 X178.029 Y181.087 E506.74647
G1 X176.866 Y181.538 E506.78796
G1 X175.625 Y181.77 E506.82995
G0 F9000 X175.664 Y181.847
;MESH:NONMESH
G0 F300 X175.664 Y181.847 Z35.4
G0 F9000 X175.319 Y181.694
;TIME_ELAPSED:1539.319444
;LAYER:176
;TYPE:WALL-OUTER
;MESH:diffuser_reactor.stl
G1 F600 X176.579 Y181.512 E506.87229
G1 X177.783 Y181.096 E506.91466
G1 X178.887 Y180.459 E506.95705
G1 X179.849 Y179.625 E506.9994
G1 X180.637 Y178.623 E507.0418
G1 X181.22 Y177.491 E507.08415
G1 X181.58 Y176.268 E507.12655
G1 X181.701 Y175 E507.16891
G1 X181.58 Y173.732 E507.21128
G1 X181.22 Y172.509 E507.25368
G1 X180.637 Y171.377 E507.29603
G1 X179.849 Y170.375 E507.33843
G1 X178.887 Y169.541 E507.38078
G1 X177.783 Y168.904 E507.42317
G1 X176.579 Y168.488 E507.46554
G1 X175.319 Y168.306 E507.50788
G1 X174.046 Y168.367 E507.55027
G1 X172.808 Y168.667 E507.59264
G1 X171.65 Y169.197 E507.635
G1 X170.611 Y169.936 E507.6774
G1 X169.733 Y170.858 E507.71975
G1 X169.044 Y171.93 E507.76213
G1 X168.57 Y173.112 E507.80449
G1 X168.329 Y174.363 E507.84686
G1 X168.329 Y175.637 E507.88924
G1 X168.57 Y176.888 E507.93161
G1 X169.044 Y178.07 E507.97397
G1 X169.733 Y179.142 E508.01635
G1 X170.611 Y180.064 E508.0587
G1 X171.65 Y180.803 E508.1011
G1 X172.808 Y181.333 E508.14346
G1 X174.046 Y181.633 E508.18583
G1 X175.319 Y181.694 E508.22822
G0 F9000 X175.625 Y181.77
G1 F600 X174.375 Y181.77 E508.26979
G1 X173.134 Y181.538 E508.31178
G1 X171.971 Y181.087 E508.35327
G1 X170.905 Y180.427 E508.39497
G1 X169.977 Y179.581 E508.43674
G1 X169.217 Y178.576 E508.47865
G1 X168.66 Y177.456 E508.52025
G1 X168.316 Y176.25 E508.56196
G1 X168.201 Y175 E508.60371
G1 X168.316 Y173.75 E508.64546
G1 X168.66 Y172.544 E508.68718
G1 X169.217 Y171.424 E508.72878
G1 X169.977 Y170.419 E508.77069
G1 X170.905 Y169.573 E508.81245
G1 X171.971 Y168.913 E508.85415
G1 X173.134 Y168.462 E508.89564
G1 X174.375 Y168.23 E508.93763
G1 X175.625 Y168.23 E508.97921
G1 X176.866 Y168.462 E509.0212
G1 X178.029 Y168.913 E509.06269
G1 X179.095 Y169.573 E509.10439
G1 X180.023 Y170.419 E509.14616
G1 X180.783 Y171.424 E509.18806
G1 X181.34 Y172.544 E509.22967
G1 X181.684 Y173.75 E509.27138
G1 X181.799 Y175 E509.31313
G1 X181.684 Y176.25 E509.35488
G1 X181.34 Y177.456 E509.39659
G1 X180.783 Y178.576 E509.4382
G1 X180.023 Y179.581 E509.4801
G1 X179.095 Y180.427 E509.52187
G1 X178.029 Y181.087 E509.56357
G1 X176.866 Y181.538 E509.60506
G1 X175.625 Y181.77 E509.64705
G0 F9000 X175.664 Y181.847
;MESH:NONMESH
G0 F300 X175.664 Y181.847 Z35.6
G0 F9000 X175.319 Y181.694
;TIME_ELAPSED:1547.963442
;LAYER:177
;TYPE:WALL-OUTER
;MESH:diffuser_reactor.stl
G1 F600 X176.579 Y181.512 E509.68939
G1 X177.783 Y181.096 E509.73176
G1 X178.887 Y180.459 E509.77415
G1 X179.849 Y179.625 E509.8165
G1 X180.637 Y178.623 E509.8589
G1 X181.22 Y177.491 E509.90125
G1 X181.58 Y176.268 E509.94365
G1 X181.701 Y175 E509.98602
G1 X181.58 Y173.732 E510.02838
G1 X181.22 Y172.509 E510.07078
G1 X180.637 Y171.377 E510.11314
G1 X179.849 Y170.375 E510.15553
G1 X178.887 Y169.541 E510.19788
G1 X177.783 Y168.904 E510.24027
G1 X176.579 Y168.488 E510.28264
G1 X175.319 Y168.306 E510.32498
G1 X174.046 Y168.367 E510.36737
G1 X172.808 Y168.667 E510.40974
G1 X171.65 Y169.197 E510.4521
G1 X170.611 Y169.936 E510.4945
G1 X169.733 Y170.858 E510.53685
G1 X169.044 Y171.93 E510.57923
G1 X168.57 Y173.112 E510.62159
G1 X168.329 Y174.363 E510.66396
G1 X168.329 Y175.637 E510.70634
G1 X168.57 Y176.888 E510.74871
G1 X169.044 Y178.07 E510.79107
G1 X169.733 Y179.142 E510.83345
G1 X170.611 Y180.064 E510.8758
G1 X171.65 Y180.803 E510.91821
G1 X172.808 Y181.333 E510.96056
G1 X174.046 Y181.633 E511.00293
G1 X175.319 Y181.694 E511.04532
G0 F9000 X175.625 Y181.77
G1 F600 X174.375 Y181.77 E511.08689
G1 X173.134 Y181.538 E511.12889
G1 X171.971 Y181.087 E511.17037
G1 X170.905 Y180.427 E511.21207
G1 X169.977 Y179.581 E511.25384
G1 X169.217 Y178.576 E511.29575
G1 X168.66 Y177.456 E511.33735
G1 X168.316 Y176.25 E511.37906
G1 X168.201 Y175 E511.42081
G1 X168.316 Y173.75 E511.46257
G1 X168.66 Y172.544 E511.50428
G1 X169.217 Y171.424 E511.54588
G1 X169.977 Y170.419 E511.58779
G1 X170.905 Y169.573 E511.62956
G1 X171.971 Y168.913 E511.67126
G1 X173.134 Y168.462 E511.71274
G1 X174.375 Y168.23 E511.75474
G1 X175.625 Y168.23 E511.79631
G1 X176.866 Y168.462 E511.8383
G1 X178.029 Y168.913 E511.87979
G1 X179.095 Y169.573 E511.92149
G1 X180.023 Y170.419 E511.96326
G1 X180.783 Y171.424 E512.00516
G1 X181.34 Y172.544 E512.04677
G1 X181.684 Y173.75 E512.08848
G1 X181.799 Y175 E512.13023
G1 X181.684 Y176.25 E512.17198
G1 X181.34 Y177.456 E512.21369
G1 X180.783 Y178.576 E512.2553
G1 X180.023 Y179.581 E512.2972
G1 X179.095 Y180.427 E512.33897
G1 X178.029 Y181.087 E512.38067
G1 X176.866 Y181.538 E512.42216
G1 X175.625 Y181.77 E512.46415
G0 F9000 X175.664 Y181.847
;MESH:NONMESH
G0 F300 X175.664 Y181.847 Z35.8
G0 F9000 X175.319 Y181.694
;TIME_ELAPSED:1556.607440
;LAYER:178
;TYPE:WALL-OUTER
;MESH:diffuser_reactor.stl
G1 F600 X176.579 Y181.512 E512.50649
G1 X177.783 Y181.096 E512.54886
G1 X178.887 Y180.459 E512.59126
G1 X179.849 Y179.625 E512.6336
G1 X180.637 Y178.623 E512.676
G1 X181.22 Y177.491 E512.71835
G1 X181.58 Y176.268 E512.76075
G1 X181.701 Y175 E512.80312
G1 X181.58 Y173.732 E512.84548
G1 X181.22 Y172.509 E512.88789
G1 X180.637 Y171.377 E512.93024
G1 X179.849 Y170.375 E512.97263
G1 X178.887 Y169.541 E513.01498
G1 X177.783 Y168.904 E513.05737
G1 X176.579 Y168.488 E513.09974
G1 X175.319 Y168.306 E513.14208
G1 X174.046 Y168.367 E513.18447
G1 X172.808 Y168.667 E513.22684
G1 X171.65 Y169.197 E513.2692
G1 X170.611 Y169.936 E513.31161
G1 X169.733 Y170.858 E513.35395
G1 X169.044 Y171.93 E513.39634
G1 X168.57 Y173.112 E513.43869
G1 X168.329 Y174.363 E513.48107
G1 X168.329 Y175.637 E513.52344
G1 X168.57 Y176.888 E513.56581
G1 X169.044 Y178.07 E513.60817
G1 X169.733 Y179.142 E513.65055
G1 X170.611 Y180.064 E513.6929
G1 X171.65 Y180.803 E513.73531
G1 X172.808 Y181.333 E513.77766
G1 X174.046 Y181.633 E513.82003
G1 X175.319 Y181.694 E513.86242
G0 F9000 X175.625 Y181.77
G1 F600 X174.375 Y181.77 E513.904
G1 X173.134 Y181.538 E513.94599
G1 X171.971 Y181.087 E513.98747
G1 X170.905 Y180.427 E514.02918
G1 X169.977 Y179.581 E514.07094
G1 X169.217 Y178.576 E514.11285
G1 X168.66 Y177.456 E514.15445
G1 X168.316 Y176.25 E514.19617
G1 X168.201 Y175 E514.23792
G1 X168.316 Y173.75 E514.27967
G1 X168.66 Y172.544 E514.32138
G1 X169.217 Y171.424 E514.36298
G1 X169.977 Y170.419 E514.40489
G1 X170.905 Y169.573 E514.44666
G1 X171.971 Y168.913 E514.48836
G1 X173.134 Y168.462 E514.52985
G1 X174.375 Y168.23 E514.57184
G1 X175.625 Y168.23 E514.61341
G1 X176.866 Y168.462 E514.6554
G1 X178.029 Y168.913 E514.69689
G1 X179.095 Y169.573 E514.73859
G1 X180.023 Y170.419 E514.78036
G1 X180.783 Y171.424 E514.82227
G1 X181.34 Y172.544 E514.86387
G1 X181.684 Y173.75 E514.90558
G1 X181.799 Y175 E514.94733
G1 X181.684 Y176.25 E514.98908
G1 X181.34 Y177.456 E515.03079
G1 X180.783 Y178.576 E515.0724
G1 X180.023 Y179.581 E515.11431
G1 X179.095 Y180.427 E515.15607
G1 X178.029 Y181.087 E515.19777
G1 X176.866 Y181.538 E515.23926
G1 X175.625 Y181.77 E515.28125
G0 F9000 X175.664 Y181.847
;MESH:NONMESH
G0 F300 X175.664 Y181.847 Z36
G0 F9000 X175.319 Y181.694
;TIME_ELAPSED:1565.251438
;LAYER:179
;TYPE:WALL-OUTER
;MESH:diffuser_reactor.stl
G1 F600 X176.579 Y181.512 E515.3236
G1 X177.783 Y181.096 E515.36596
G1 X178.887 Y180.459 E515.40836
G1 X179.849 Y179.625 E515.4507
G1 X180.637 Y178.623 E515.4931
G1 X181.22 Y177.491 E515.53545
G1 X181.58 Y176.268 E515.57785
G1 X181.701 Y175 E515.62022
G1 X181.58 Y173.732 E515.66258
G1 X181.22 Y172.509 E515.70499
G1 X180.637 Y171.377 E515.74734
G1 X179.849 Y170.375 E515.78974
G1 X178.887 Y169.541 E515.83208
G1 X177.783 Y168.904 E515.87448
G1 X176.579 Y168.488 E515.91684
G1 X175.319 Y168.306 E515.95919
G1 X174.046 Y168.367 E516.00157
G1 X172.808 Y168.667 E516.04394
G1 X171.65 Y169.197 E516.0863
G1 X170.611 Y169.936 E516.12871
G1 X169.733 Y170.858 E516.17105
G1 X169.044 Y171.93 E516.21344
G1 X168.57 Y173.112 E516.25579
G1 X168.329 Y174.363 E516.29817
G1 X168.329 Y175.637 E516.34054
G1 X168.57 Y176.888 E516.38291
G1 X169.044 Y178.07 E516.42527
G1 X169.733 Y179.142 E516.46766
G1 X170.611 Y180.064 E516.51
G1 X171.65 Y180.803 E516.55241
G1 X172.808 Y181.333 E516.59477
G1 X174.046 Y181.633 E516.63713
G1 X175.319 Y181.694 E516.67952
G0 F9000 X175.625 Y181.77
G1 F600 X174.375 Y181.77 E516.7211
G1 X173.134 Y181.538 E516.76309
G1 X171.971 Y181.087 E516.80458
G1 X170.905 Y180.427 E516.84628
G1 X169.977 Y179.581 E516.88804
G1 X169.217 Y178.576 E516.92995
G1 X168.66 Y177.456 E516.97156
G1 X168.316 Y176.25 E517.01327
G1 X168.201 Y175 E517.05502
G1 X168.316 Y173.75 E517.09677
G1 X168.66 Y172.544 E517.13848
G1 X169.217 Y171.424 E517.18008
G1 X169.977 Y170.419 E517.22199
G1 X170.905 Y169.573 E517.26376
G1 X171.971 Y168.913 E517.30546
G1 X173.134 Y168.462 E517.34695
G1 X174.375 Y168.23 E517.38894
G1 X175.625 Y168.23 E517.43051
G1 X176.866 Y168.462 E517.4725
G1 X178.029 Y168.913 E517.51399
G1 X179.095 Y169.573 E517.55569
G1 X180.023 Y170.419 E517.59746
G1 X180.783 Y171.424 E517.63937
G1 X181.34 Y172.544 E517.68097
G1 X181.684 Y173.75 E517.72268
G1 X181.799 Y175 E517.76443
G1 X181.684 Y176.25 E517.80618
G1 X181.34 Y177.456 E517.8479
G1 X180.783 Y178.576 E517.8895
G1 X180.023 Y179.581 E517.93141
G1 X179.095 Y180.427 E517.97317
G1 X178.029 Y181.087 E518.01488
G1 X176.866 Y181.538 E518.05636
G1 X175.625 Y181.77 E518.09835
G0 F9000 X175.664 Y181.847
;MESH:NONMESH
G0 F300 X175.664 Y181.847 Z36.2
G0 F9000 X175.319 Y181.694
;TIME_ELAPSED:1573.895436
;LAYER:180
;TYPE:WALL-OUTER
;MESH:diffuser_reactor.stl
G1 F600 X176.579 Y181.512 E518.1407
G1 X177.783 Y181.096 E518.18306
G1 X178.887 Y180.459 E518.22546
G1 X179.849 Y179.625 E518.2678
G1 X180.637 Y178.623 E518.3102
G1 X181.22 Y177.491 E518.35255
G1 X181.58 Y176.268 E518.39496
G1 X181.701 Y175 E518.43732
G1 X181.58 Y173.732 E518.47969
G1 X181.22 Y172.509 E518.52209
G1 X180.637 Y171.377 E518.56444
G1 X179.849 Y170.375 E518.60684
G1 X178.887 Y169.541 E518.64918
G1 X177.783 Y168.904 E518.69158
G1 X176.579 Y168.488 E518.73394
G1 X175.319 Y168.306 E518.77629
G1 X174.046 Y168.367 E518.81868
G1 X172.808 Y168.667 E518.86104
G1 X171.65 Y169.197 E518.9034
G1 X170.611 Y169.936 E518.94581
G1 X169.733 Y170.858 E518.98815
G1 X169.044 Y171.93 E519.03054
G1 X168.57 Y173.112 E519.0729
G1 X168.329 Y174.363 E519.11527
G1 X168.329 Y175.637 E519.15764
G1 X168.57 Y176.888 E519.20002
G1 X169.044 Y178.07 E519.24237
G1 X169.733 Y179.142 E519.28476
G1 X170.611 Y180.064 E519.3271
G1 X171.65 Y180.803 E519.36951
G1 X172.808 Y181.333 E519.41187
G1 X174.046 Y181.633 E519.45423
G1 X175.319 Y181.694 E519.49662
G0 F9000 X175.625 Y181.77
G1 F600 X174.375 Y181.77 E519.5382
G1 X173.134 Y181.538 E519.58019
G1 X171.971 Y181.087 E519.62168
G1 X170.905 Y180.427 E519.66338
G1 X169.977 Y179.581 E519.70515
G1 X169.217 Y178.576 E519.74705
G1 X168.66 Y177.456 E519.78866
G1 X168.316 Y176.25 E519.83037
G1 X168.201 Y175 E519.87212
G1 X168.316 Y173.75 E519.91387
G1 X168.66 Y172.544 E519.95558
G1 X169.217 Y171.424 E519.99719
G1 X169.977 Y170.419 E520.03909
G1 X170.905 Y169.573 E520.08086
G1 X171.971 Y168.913 E520.12256
G1 X173.134 Y168.462 E520.16405
G1 X174.375 Y168.23 E520.20604
G1 X175.625 Y168.23 E520.24761
G1 X176.866 Y168.462 E520.28961
G1 X178.029 Y168.913 E520.33109
G1 X179.095 Y169.573 E520.37279
G1 X180.023 Y170.419 E520.41456
G1 X180.783 Y171.424 E520.45647
G1 X181.34 Y172.544 E520.49807
G1 X181.684 Y173.75 E520.53978
G1 X181.799 Y175 E520.58154
G1 X181.684 Y176.25 E520.62329
G1 X181.34 Y177.456 E520.665
G1 X180.783 Y178.576 E520.7066
G1 X180.023 Y179.581 E520.74851
G1 X179.095 Y180.427 E520.79028
G1 X178.029 Y181.087 E520.83198
G1 X176.866 Y181.538 E520.87346
G1 X175.625 Y181.77 E520.91546
G0 F9000 X175.664 Y181.847
;MESH:NONMESH
G0 F300 X175.664 Y181.847 Z36.4
G0 F9000 X175.319 Y181.694
;TIME_ELAPSED:1582.539434
;LAYER:181
;TYPE:WALL-OUTER
;MESH:diffuser_reactor.stl
G1 F600 X176.579 Y181.512 E520.9578
G1 X177.783 Y181.096 E521.00017
G1 X178.887 Y180.459 E521.04256
G1 X179.849 Y179.625 E521.08491
G1 X180.637 Y178.623 E521.1273
G1 X181.22 Y177.491 E521.16965
G1 X181.58 Y176.268 E521.21206
G1 X181.701 Y175 E521.25442
G1 X181.58 Y173.732 E521.29679
G1 X181.22 Y172.509 E521.33919
G1 X180.637 Y171.377 E521.38154
G1 X179.849 Y170.375 E521.42394
G1 X178.887 Y169.541 E521.46629
G1 X177.783 Y168.904 E521.50868
G1 X176.579 Y168.488 E521.55105
G1 X175.319 Y168.306 E521.59339
G1 X174.046 Y168.367 E521.63578
G1 X172.808 Y168.667 E521.67815
G1 X171.65 Y169.197 E521.7205
G1 X170.611 Y169.936 E521.76291
G1 X169.733 Y170.858 E521.80526
G1 X169.044 Y171.93 E521.84764
G1 X168.57 Y173.112 E521.89
G1 X168.329 Y174.363 E521.93237
G1 X168.329 Y175.637 E521.97474
G1 X168.57 Y176.888 E522.01712
G1 X169.044 Y178.07 E522.05947
G1 X169.733 Y179.142 E522.10186
G1 X170.611 Y180.064 E522.1442
G1 X171.65 Y180.803 E522.18661
G1 X172.808 Y181.333 E522.22897
G1 X174.046 Y181.633 E522.27134
G1 X175.319 Y181.694 E522.31373
G0 F9000 X175.625 Y181.77
G1 F600 X174.375 Y181.77 E522.3553
G1 X173.134 Y181.538 E522.39729
G1 X171.971 Y181.087 E522.43878
G1 X170.905 Y180.427 E522.48048
G1 X169.977 Y179.581 E522.52225
G1 X169.217 Y178.576 E522.56415
G1 X168.66 Y177.456 E522.60576
G1 X168.316 Y176.25 E522.64747
G1 X168.201 Y175 E522.68922
G1 X168.316 Y173.75 E522.73097
G1 X168.66 Y172.544 E522.77268
G1 X169.217 Y171.424 E522.81429
G1 X169.977 Y170.419 E522.85619
G1 X170.905 Y169.573 E522.89796
G1 X171.971 Y168.913 E522.93966
G1 X173.134 Y168.462 E522.98115
G1 X174.375 Y168.23 E523.02314
G1 X175.625 Y168.23 E523.06472
G1 X176.866 Y168.462 E523.10671
G1 X178.029 Y168.913 E523.1482
G1 X179.095 Y169.573 E523.1899
G1 X180.023 Y170.419 E523.23166
G1 X180.783 Y171.424 E523.27357
G1 X181.34 Y172.544 E523.31517
G1 X181.684 Y173.75 E523.35689
G1 X181.799 Y175 E523.39864
G1 X181.684 Y176.25 E523.44039
G1 X181.34 Y177.456 E523.4821
G1 X180.783 Y178.576 E523.5237
G1 X180.023 Y179.581 E523.56561
G1 X179.095 Y180.427 E523.60738
G1 X178.029 Y181.087 E523.64908
G1 X176.866 Y181.538 E523.69057
G1 X175.625 Y181.77 E523.73256
G0 F9000 X175.664 Y181.847
;MESH:NONMESH
G0 F300 X175.664 Y181.847 Z36.6
G0 F9000 X175.319 Y181.694
;TIME_ELAPSED:1591.183432
;LAYER:182
;TYPE:WALL-OUTER
;MESH:diffuser_reactor.stl
G1 F600 X176.579 Y181.512 E523.7749
G1 X177.783 Y181.096 E523.81727
G1 X178.887 Y180.459 E523.85966
G1 X179.849 Y179.625 E523.90201
G1 X180.637 Y178.623 E523.94441
G1 X181.22 Y177.491 E523.98676
G1 X181.58 Y176.268 E524.02916
G1 X181.701 Y175 E524.07152
G1 X181.58 Y173.732 E524.11389
G1 X181.22 Y172.509 E524.15629
G1 X180.637 Y171.377 E524.19864
G1 X179.849 Y170.375 E524.24104
G1 X178.887 Y169.541 E524.28339
G1 X177.783 Y168.904 E524.32578
G1 X176.579 Y168.488 E524.36815
G1 X175.319 Y168.306 E524.41049
G1 X174.046 Y168.367 E524.45288
G1 X172.808 Y168.667 E524.49525
G1 X171.65 Y169.197 E524.5376
G1 X170.611 Y169.936 E524.58001
G1 X169.733 Y170.858 E524.62236
G1 X169.044 Y171.93 E524.66474
G1 X168.57 Y173.112 E524.7071
G1 X168.329 Y174.363 E524.74947
G1 X168.329 Y175.637 E524.79185
G1 X168.57 Y176.888 E524.83422
G1 X169.044 Y178.07 E524.87658
G1 X169.733 Y179.142 E524.91896
G1 X170.611 Y180.064 E524.96131
G1 X171.65 Y180.803 E525.00371
G1 X172.808 Y181.333 E525.04607
G1 X174.046 Y181.633 E525.08844
G1 X175.319 Y181.694 E525.13083
G0 F9000 X175.625 Y181.77
G1 F600 X174.375 Y181.77 E525.1724
G1 X173.134 Y181.538 E525.21439
G1 X171.971 Y181.087 E525.25588
G1 X170.905 Y180.427 E525.29758
G1 X169.977 Y179.581 E525.33935
G1 X169.217 Y178.576 E525.38126
G1 X168.66 Y177.456 E525.42286
G1 X168.316 Y176.25 E525.46457
G1 X168.201 Y175 E525.50632
G1 X168.316 Y173.75 E525.54807
G1 X168.66 Y172.544 E525.58978
G1 X169.217 Y171.424 E525.63139
G1 X169.977 Y170.419 E525.6733
G1 X170.905 Y169.573 E525.71506
G1 X171.971 Y168.913 E525.75676
G1 X173.134 Y168.462 E525.79825
G1 X174.375 Y168.23 E525.84024
G1 X175.625 Y168.23 E525.88182
G1 X176.866 Y168.462 E525.92381
G1 X178.029 Y168.913 E525.9653
G1 X179.095 Y169.573 E526.007
G1 X180.023 Y170.419 E526.04876
G1 X180.783 Y171.424 E526.09067
G1 X181.34 Y172.544 E526.13228
G1 X181.684 Y173.75 E526.17399
G1 X181.799 Y175 E526.21574
G1 X181.684 Y176.25 E526.25749
G1 X181.34 Y177.456 E526.2992
G1 X180.783 Y178.576 E526.3408
G1 X180.023 Y179.581 E526.38271
G1 X179.095 Y180.427 E526.42448
G1 X178.029 Y181.087 E526.46618
G1 X176.866 Y181.538 E526.50767
G1 X175.625 Y181.77 E526.54966
G0 F9000 X175.664 Y181.847
;MESH:NONMESH
G0 F300 X175.664 Y181.847 Z36.8
G0 F9000 X175.319 Y181.694
;TIME_ELAPSED:1599.827430
;LAYER:183
;TYPE:WALL-OUTER
;MESH:diffuser_reactor.stl
G1 F600 X176.579 Y181.512 E526.592
G1 X177.783 Y181.096 E526.63437
G1 X178.887 Y180.459 E526.67676
G1 X179.849 Y179.625 E526.71911
G1 X180.637 Y178.623 E526.76151
G1 X181.22 Y177.491 E526.80386
G1 X181.58 Y176.268 E526.84626
G1 X181.701 Y175 E526.88863
G1 X181.58 Y173.732 E526.93099
G1 X181.22 Y172.509 E526.97339
G1 X180.637 Y171.377 E527.01574
G1 X179.849 Y170.375 E527.05814
G1 X178.887 Y169.541 E527.10049
G1 X177.783 Y168.904 E527.14288
G1 X176.579 Y168.488 E527.18525
G1 X175.319 Y168.306 E527.22759
G1 X174.046 Y168.367 E527.26998
G1 X172.808 Y168.667 E527.31235
G1 X171.65 Y169.197 E527.35471
G1 X170.611 Y169.936 E527.39711
G1 X169.733 Y170.858 E527.43946
G1 X169.044 Y171.93 E527.48184
G1 X168.57 Y173.112 E527.5242
G1 X168.329 Y174.363 E527.56657
G1 X168.329 Y175.637 E527.60895
G1 X168.57 Y176.888 E527.65132
G1 X169.044 Y178.07 E527.69368
G1 X169.733 Y179.142 E527.73606
G1 X170.611 Y180.064 E527.77841
G1 X171.65 Y180.803 E527.82081
G1 X172.808 Y181.333 E527.86317
G1 X174.046 Y181.633 E527.90554
G1 X175.319 Y181.694 E527.94793
G0 F9000 X175.625 Y181.77
G1 F600 X174.375 Y181.77 E527.9895
G1 X173.134 Y181.538 E528.03149
G1 X171.971 Y181.087 E528.07298
G1 X170.905 Y180.427 E528.11468
G1 X169.977 Y179.581 E528.15645
G1 X169.217 Y178.576 E528.19836
G1 X168.66 Y177.456 E528.23996
G1 X168.316 Y176.25 E528.28167
G1 X168.201 Y175 E528.32342
G1 X168.316 Y173.75 E528.36517
G1 X168.66 Y172.544 E528.40689
G1 X169.217 Y171.424 E528.44849
G1 X169.977 Y170.419 E528.4904
G1 X170.905 Y169.573 E528.53216
G1 X171.971 Y168.913 E528.57386
G1 X173.134 Y168.462 E528.61535
G1 X174.375 Y168.23 E528.65734
G1 X175.625 Y168.23 E528.69892
G1 X176.866 Y168.462 E528.74091
G1 X178.029 Y168.913 E528.7824
G1 X179.095 Y169.573 E528.8241
G1 X180.023 Y170.419 E528.86587
G1 X180.783 Y171.424 E528.90777
G1 X181.34 Y172.544 E528.94938
G1 X181.684 Y173.75 E528.99109
G1 X181.799 Y175 E529.03284
G1 X181.684 Y176.25 E529.07459
G1 X181.34 Y177.456 E529.1163
G1 X180.783 Y178.576 E529.15791
G1 X180.023 Y179.581 E529.19981
G1 X179.095 Y180.427 E529.24158
G1 X178.029 Y181.087 E529.28328
G1 X176.866 Y181.538 E529.32477
G1 X175.625 Y181.77 E529.36676
G0 F9000 X175.664 Y181.847
;MESH:NONMESH
G0 F300 X175.664 Y181.847 Z37
G0 F9000 X175.319 Y181.694
;TIME_ELAPSED:1608.471428
;LAYER:184
;TYPE:WALL-OUTER
;MESH:diffuser_reactor.stl
G1 F600 X176.579 Y181.512 E529.4091
G1 X177.783 Y181.096 E529.45147
G1 X178.887 Y180.459 E529.49386
G1 X179.849 Y179.625 E529.53621
G1 X180.637 Y178.623 E529.57861
G1 X181.22 Y177.491 E529.62096
G1 X181.58 Y176.268 E529.66336
G1 X181.701 Y175 E529.70573
G1 X181.58 Y173.732 E529.74809
G1 X181.22 Y172.509 E529.7905
G1 X180.637 Y171.377 E529.83285
G1 X179.849 Y170.375 E529.87524
G1 X178.887 Y169.541 E529.91759
G1 X177.783 Y168.904 E529.95998
G1 X176.579 Y168.488 E530.00235
G1 X175.319 Y168.306 E530.04469
G1 X174.046 Y168.367 E530.08708
G1 X172.808 Y168.667 E530.12945
G1 X171.65 Y169.197 E530.17181
G1 X170.611 Y169.936 E530.21421
G1 X169.733 Y170.858 E530.25656
G1 X169.044 Y171.93 E530.29894
G1 X168.57 Y173.112 E530.3413
G1 X168.329 Y174.363 E530.38367
G1 X168.329 Y175.637 E530.42605
G1 X168.57 Y176.888 E530.46842
G1 X169.044 Y178.07 E530.51078
G1 X169.733 Y179.142 E530.55316
G1 X170.611 Y180.064 E530.59551
G1 X171.65 Y180.803 E530.63792
G1 X172.808 Y181.333 E530.68027
G1 X174.046 Y181.633 E530.72264
G1 X175.319 Y181.694 E530.76503
G0 F9000 X175.625 Y181.77
G1 F600 X174.375 Y181.77 E530.8066
G1 X173.134 Y181.538 E530.8486
G1 X171.971 Y181.087 E530.89008
G1 X170.905 Y180.427 E530.93178
G1 X169.977 Y179.581 E530.97355
G1 X169.217 Y178.576 E531.01546
G1 X168.66 Y177.456 E531.05706
G1 X168.316 Y176.25 E531.09877
G1 X168.201 Y175 E531.14053
G1 X168.316 Y173.75 E531.18228
G1 X168.66 Y172.544 E531.22399
G1 X169.217 Y171.424 E531.26559
G1 X169.977 Y170.419 E531.3075
G1 X170.905 Y169.573 E531.34927
G1 X171.971 Y168.913 E531.39097
G1 X173.134 Y168.462 E531.43245
G1 X174.375 Y168.23 E531.47445
G1 X175.625 Y168.23 E531.51602
G1 X176.866 Y168.462 E531.55801
G1 X178.029 Y168.913 E531.5995
G1 X179.095 Y169.573 E531.6412
G1 X180.023 Y170.419 E531.68297
G1 X180.783 Y171.424 E531.72488
G1 X181.34 Y172.544 E531.76648
G1 X181.684 Y173.75 E531.80819
G1 X181.799 Y175 E531.84994
G1 X181.684 Y176.25 E531.89169
G1 X181.34 Y177.456 E531.9334
G1 X180.783 Y178.576 E531.97501
G1 X180.023 Y179.581 E532.01692
G1 X179.095 Y180.427 E532.05868
G1 X178.029 Y181.087 E532.10038
G1 X176.866 Y181.538 E532.14187
G1 X175.625 Y181.77 E532.18386
G0 F9000 X175.664 Y181.847
;MESH:NONMESH
G0 F300 X175.664 Y181.847 Z37.2
G0 F9000 X175.319 Y181.694
;TIME_ELAPSED:1617.115426
;LAYER:185
;TYPE:WALL-OUTER
;MESH:diffuser_reactor.stl
G1 F600 X176.579 Y181.512 E532.2262
G1 X177.783 Y181.096 E532.26857
G1 X178.887 Y180.459 E532.31097
G1 X179.849 Y179.625 E532.35331
G1 X180.637 Y178.623 E532.39571
G1 X181.22 Y177.491 E532.43806
G1 X181.58 Y176.268 E532.48046
G1 X181.701 Y175 E532.52283
G1 X181.58 Y173.732 E532.56519
G1 X181.22 Y172.509 E532.6076
G1 X180.637 Y171.377 E532.64995
G1 X179.849 Y170.375 E532.69234
G1 X178.887 Y169.541 E532.73469
G1 X177.783 Y168.904 E532.77708
G1 X176.579 Y168.488 E532.81945
G1 X175.319 Y168.306 E532.86179
G1 X174.046 Y168.367 E532.90418
G1 X172.808 Y168.667 E532.94655
G1 X171.65 Y169.197 E532.98891
G1 X170.611 Y169.936 E533.03132
G1 X169.733 Y170.858 E533.07366
G1 X169.044 Y171.93 E533.11605
G1 X168.57 Y173.112 E533.1584
G1 X168.329 Y174.363 E533.20078
G1 X168.329 Y175.637 E533.24315
G1 X168.57 Y176.888 E533.28552
G1 X169.044 Y178.07 E533.32788
G1 X169.733 Y179.142 E533.37026
G1 X170.611 Y180.064 E533.41261
G1 X171.65 Y180.803 E533.45502
G1 X172.808 Y181.333 E533.49737
G1 X174.046 Y181.633 E533.53974
G1 X175.319 Y181.694 E533.58213
G0 F9000 X175.625 Y181.77
G1 F600 X174.375 Y181.77 E533.62371
G1 X173.134 Y181.538 E533.6657
G1 X171.971 Y181.087 E533.70719
G1 X170.905 Y180.427 E533.74889
G1 X169.977 Y179.581 E533.79065
G1 X169.217 Y178.576 E533.83256
G1 X168.66 Y177.456 E533.87416
G1 X168.316 Y176.25 E533.91588
G1 X168.201 Y175 E533.95763
G1 X168.316 Y173.75 E533.99938
G1 X168.66 Y172.544 E534.04109
G1 X169.217 Y171.424 E534.08269
G1 X169.977 Y170.419 E534.1246
G1 X170.905 Y169.573 E534.16637
G1 X171.971 Y168.913 E534.20807
G1 X173.134 Y168.462 E534.24956
G1 X174.375 Y168.23 E534.29155
G1 X175.625 Y168.23 E534.33312
G1 X176.866 Y168.462 E534.37511
G1 X178.029 Y168.913 E534.4166
G1 X179.095 Y169.573 E534.4583
G1 X180.023 Y170.419 E534.50007
G1 X180.783 Y171.424 E534.54198
G1 X181.34 Y172.544 E534.58358
G1 X181.684 Y173.75 E534.62529
G1 X181.799 Y175 E534.66704
G1 X181.684 Y176.25 E534.70879
G1 X181.34 Y177.456 E534.7505
G1 X180.783 Y178.576 E534.79211
G1 X180.023 Y179.581 E534.83402
G1 X179.095 Y180.427 E534.87578
G1 X178.029 Y181.087 E534.91748
G1 X176.866 Y181.538 E534.95897
G1 X175.625 Y181.77 E535.00096
G0 F9000 X175.664 Y181.847
;MESH:NONMESH
G0 F300 X175.664 Y181.847 Z37.4
G0 F9000 X175.319 Y181.694
;TIME_ELAPSED:1625.759424
;LAYER:186
;TYPE:WALL-OUTER
;MESH:diffuser_reactor.stl
G1 F600 X176.579 Y181.512 E535.04331
G1 X177.783 Y181.096 E535.08567
G1 X178.887 Y180.459 E535.12807
G1 X179.849 Y179.625 E535.17041
G1 X180.637 Y178.623 E535.21281
G1 X181.22 Y177.491 E535.25516
G1 X181.58 Y176.268 E535.29756
G1 X181.701 Y175 E535.33993
G1 X181.58 Y173.732 E535.3823
G1 X181.22 Y172.509 E535.4247
G1 X180.637 Y171.377 E535.46705
G1 X179.849 Y170.375 E535.50945
G1 X178.887 Y169.541 E535.55179
G1 X177.783 Y168.904 E535.59419
G1 X176.579 Y168.488 E535.63655
G1 X175.319 Y168.306 E535.6789
G1 X174.046 Y168.367 E535.72129
G1 X172.808 Y168.667 E535.76365
G1 X171.65 Y169.197 E535.80601
G1 X170.611 Y169.936 E535.84842
G1 X169.733 Y170.858 E535.89076
G1 X169.044 Y171.93 E535.93315
G1 X168.57 Y173.112 E535.9755
G1 X168.329 Y174.363 E536.01788
G1 X168.329 Y175.637 E536.06025
G1 X168.57 Y176.888 E536.10262
G1 X169.044 Y178.07 E536.14498
G1 X169.733 Y179.142 E536.18737
G1 X170.611 Y180.064 E536.22971
G1 X171.65 Y180.803 E536.27212
G1 X172.808 Y181.333 E536.31448
G1 X174.046 Y181.633 E536.35684
G1 X175.319 Y181.694 E536.39923
G0 F9000 X175.625 Y181.77
G1 F600 X174.375 Y181.77 E536.44081
G1 X173.134 Y181.538 E536.4828
G1 X171.971 Y181.087 E536.52429
G1 X170.905 Y180.427 E536.56599
G1 X169.977 Y179.581 E536.60775
G1 X169.217 Y178.576 E536.64966
G1 X168.66 Y177.456 E536.69127
G1 X168.316 Y176.25 E536.73298
G1 X168.201 Y175 E536.77473
G1 X168.316 Y173.75 E536.81648
G1 X168.66 Y172.544 E536.85819
G1 X169.217 Y171.424 E536.89979
G1 X169.977 Y170.419 E536.9417
G1 X170.905 Y169.573 E536.98347
G1 X171.971 Y168.913 E537.02517
G1 X173.134 Y168.462 E537.06666
G1 X174.375 Y168.23 E537.10865
G1 X175.625 Y168.23 E537.15022
G1 X176.866 Y168.462 E537.19221
G1 X178.029 Y168.913 E537.2337
G1 X179.095 Y169.573 E537.2754
G1 X180.023 Y170.419 E537.31717
G1 X180.783 Y171.424 E537.35908
G1 X181.34 Y172.544 E537.40068
G1 X181.684 Y173.75 E537.44239
G1 X181.799 Y175 E537.48414
G1 X181.684 Y176.25 E537.52589
G1 X181.34 Y177.456 E537.56761
G1 X180.783 Y178.576 E537.60921
G1 X180.023 Y179.581 E537.65112
G1 X179.095 Y180.427 E537.69288
G1 X178.029 Y181.087 E537.73459
G1 X176.866 Y181.538 E537.77607
G1 X175.625 Y181.77 E537.81806
G0 F9000 X175.664 Y181.847
;MESH:NONMESH
G0 F300 X175.664 Y181.847 Z37.6
G0 F9000 X175.319 Y181.694
;TIME_ELAPSED:1634.403422
;LAYER:187
;TYPE:WALL-OUTER
;MESH:diffuser_reactor.stl
G1 F600 X176.579 Y181.512 E537.86041
G1 X177.783 Y181.096 E537.90278
G1 X178.887 Y180.459 E537.94517
G1 X179.849 Y179.625 E537.98751
G1 X180.637 Y178.623 E538.02991
G1 X181.22 Y177.491 E538.07226
G1 X181.58 Y176.268 E538.11467
G1 X181.701 Y175 E538.15703
G1 X181.58 Y173.732 E538.1994
G1 X181.22 Y172.509 E538.2418
G1 X180.637 Y171.377 E538.28415
G1 X179.849 Y170.375 E538.32655
G1 X178.887 Y169.541 E538.36889
G1 X177.783 Y168.904 E538.41129
G1 X176.579 Y168.488 E538.45366
G1 X175.319 Y168.306 E538.496
G1 X174.046 Y168.367 E538.53839
G1 X172.808 Y168.667 E538.58075
G1 X171.65 Y169.197 E538.62311
G1 X170.611 Y169.936 E538.66552
G1 X169.733 Y170.858 E538.70786
G1 X169.044 Y171.93 E538.75025
G1 X168.57 Y173.112 E538.79261
G1 X168.329 Y174.363 E538.83498
G1 X168.329 Y175.637 E538.87735
G1 X168.57 Y176.888 E538.91973
G1 X169.044 Y178.07 E538.96208
G1 X169.733 Y179.142 E539.00447
G1 X170.611 Y180.064 E539.04681
G1 X171.65 Y180.803 E539.08922
G1 X172.808 Y181.333 E539.13158
G1 X174.046 Y181.633 E539.17395
G1 X175.319 Y181.694 E539.21633
G0 F9000 X175.625 Y181.77
G1 F600 X174.375 Y181.77 E539.25791
G1 X173.134 Y181.538 E539.2999
G1 X171.971 Y181.087 E539.34139
G1 X170.905 Y180.427 E539.38309
G1 X169.977 Y179.581 E539.42486
G1 X169.217 Y178.576 E539.46676
G1 X168.66 Y177.456 E539.50837
G1 X168.316 Y176.25 E539.55008
G1 X168.201 Y175 E539.59183
G1 X168.316 Y173.75 E539.63358
G1 X168.66 Y172.544 E539.67529
G1 X169.217 Y171.424 E539.7169
G1 X169.977 Y170.419 E539.7588
G1 X170.905 Y169.573 E539.80057
G1 X171.971 Y168.913 E539.84227
G1 X173.134 Y168.462 E539.88376
G1 X174.375 Y168.23 E539.92575
G1 X175.625 Y168.23 E539.96733
G1 X176.866 Y168.462 E540.00932
G1 X178.029 Y168.913 E540.0508
G1 X179.095 Y169.573 E540.09251
G1 X180.023 Y170.419 E540.13427
G1 X180.783 Y171.424 E540.17618
G1 X181.34 Y172.544 E540.21778
G1 X181.684 Y173.75 E540.25949
G1 X181.799 Y175 E540.30125
G1 X181.684 Y176.25 E540.343
G1 X181.34 Y177.456 E540.38471
G1 X180.783 Y178.576 E540.42631
G1 X180.023 Y179.581 E540.46822
G1 X179.095 Y180.427 E540.50999
G1 X178.029 Y181.087 E540.55169
G1 X176.866 Y181.538 E540.59318
G1 X175.625 Y181.77 E540.63517
G0 F9000 X175.664 Y181.847
;MESH:NONMESH
G0 F300 X175.664 Y181.847 Z37.8
G0 F9000 X175.319 Y181.694
;TIME_ELAPSED:1643.047420
;LAYER:188
;TYPE:WALL-OUTER
;MESH:diffuser_reactor.stl
G1 F600 X176.579 Y181.512 E540.67751
G1 X177.783 Y181.096 E540.71988
G1 X178.887 Y180.459 E540.76227
G1 X179.849 Y179.625 E540.80462
G1 X180.637 Y178.623 E540.84701
G1 X181.22 Y177.491 E540.88936
G1 X181.58 Y176.268 E540.93177
G1 X181.701 Y175 E540.97413
G1 X181.58 Y173.732 E541.0165
G1 X181.22 Y172.509 E541.0589
G1 X180.637 Y171.377 E541.10125
G1 X179.849 Y170.375 E541.14365
G1 X178.887 Y169.541 E541.186
G1 X177.783 Y168.904 E541.22839
G1 X176.579 Y168.488 E541.27076
G1 X175.319 Y168.306 E541.3131
G1 X174.046 Y168.367 E541.35549
G1 X172.808 Y168.667 E541.39786
G1 X171.65 Y169.197 E541.44021
G1 X170.611 Y169.936 E541.48262
G1 X169.733 Y170.858 E541.52497
G1 X169.044 Y171.93 E541.56735
G1 X168.57 Y173.112 E541.60971
G1 X168.329 Y174.363 E541.65208
G1 X168.329 Y175.637 E541.69445
G1 X168.57 Y176.888 E541.73683
G1 X169.044 Y178.07 E541.77918
G1 X169.733 Y179.142 E541.82157
G1 X170.611 Y180.064 E541.86391
G1 X171.65 Y180.803 E541.90632
G1 X172.808 Y181.333 E541.94868
G1 X174.046 Y181.633 E541.99105
G1 X175.319 Y181.694 E542.03344
G0 F9000 X175.625 Y181.77
G1 F600 X174.375 Y181.77 E542.07501
G1 X173.134 Y181.538 E542.117
G1 X171.971 Y181.087 E542.15849
G1 X170.905 Y180.427 E542.20019
G1 X169.977 Y179.581 E542.24196
G1 X169.217 Y178.576 E542.28387
G1 X168.66 Y177.456 E542.32547
G1 X168.316 Y176.25 E542.36718
G1 X168.201 Y175 E542.40893
G1 X168.316 Y173.75 E542.45068
G1 X168.66 Y172.544 E542.49239
G1 X169.217 Y171.424 E542.534
G1 X169.977 Y170.419 E542.57591
G1 X170.905 Y169.573 E542.61767
G1 X171.971 Y168.913 E542.65937
G1 X173.134 Y168.462 E542.70086
G1 X174.375 Y168.23 E542.74285
G1 X175.625 Y168.23 E542.78443
G1 X176.866 Y168.462 E542.82642
G1 X178.029 Y168.913 E542.86791
G1 X179.095 Y169.573 E542.90961
G1 X180.023 Y170.419 E542.95137
G1 X180.783 Y171.424 E542.99328
G1 X181.34 Y172.544 E543.03488
G1 X181.684 Y173.75 E543.0766
G1 X181.799 Y175 E543.11835
G1 X181.684 Y176.25 E543.1601
G1 X181.34 Y177.456 E543.20181
G1 X180.783 Y178.576 E543.24341
G1 X180.023 Y179.581 E543.28532
G1 X179.095 Y180.427 E543.32709
G1 X178.029 Y181.087 E543.36879
G1 X176.866 Y181.538 E543.41028
G1 X175.625 Y181.77 E543.45227
G0 F9000 X175.664 Y181.847
;MESH:NONMESH
G0 F300 X175.664 Y181.847 Z38
G0 F9000 X175.319 Y181.694
;TIME_ELAPSED:1651.691418
;LAYER:189
;TYPE:WALL-OUTER
;MESH:diffuser_reactor.stl
G1 F600 X176.579 Y181.512 E543.49461
G1 X177.783 Y181.096 E543.53698
G1 X178.887 Y180.459 E543.57937
G1 X179.849 Y179.625 E543.62172
G1 X180.637 Y178.623 E543.66412
G1 X181.22 Y177.491 E543.70647
G1 X181.58 Y176.268 E543.74887
G1 X181.701 Y175 E543.79123
G1 X181.58 Y173.732 E543.8336
G1 X181.22 Y172.509 E543.876
G1 X180.637 Y171.377 E543.91835
G1 X179.849 Y170.375 E543.96075
G1 X178.887 Y169.541 E544.0031
G1 X177.783 Y168.904 E544.04549
G1 X176.579 Y168.488 E544.08786
G1 X175.319 Y168.306 E544.1302
G1 X174.046 Y168.367 E544.17259
G1 X172.808 Y168.667 E544.21496
G1 X171.65 Y169.197 E544.25732
G1 X170.611 Y169.936 E544.29972
G1 X169.733 Y170.858 E544.34207
G1 X169.044 Y171.93 E544.38445
G1 X168.57 Y173.112 E544.42681
G1 X168.329 Y174.363 E544.46918
G1 X168.329 Y175.637 E544.51156
G1 X168.57 Y176.888 E544.55393
G1 X169.044 Y178.07 E544.59629
G1 X169.733 Y179.142 E544.63867
G1 X170.611 Y180.064 E544.68102
G1 X171.65 Y180.803 E544.72342
G1 X172.808 Y181.333 E544.76578
G1 X174.046 Y181.633 E544.80815
G1 X175.319 Y181.694 E544.85054
G0 F9000 X175.625 Y181.77
G1 F600 X174.375 Y181.77 E544.89211
G1 X173.134 Y181.538 E544.9341
G1 X171.971 Y181.087 E544.97559
G1 X170.905 Y180.427 E545.01729
G1 X169.977 Y179.581 E545.05906
G1 X169.217 Y178.576 E545.10097
G1 X168.66 Y177.456 E545.14257
G1 X168.316 Y176.25 E545.18428
G1 X168.201 Y175 E545.22603
G1 X168.316 Y173.75 E545.26778
G1 X168.66 Y172.544 E545.30949
G1 X169.217 Y171.424 E545.3511
G1 X169.977 Y170.419 E545.39301
G1 X170.905 Y169.573 E545.43477
G1 X171.971 Y168.913 E545.47647
G1 X173.134 Y168.462 E545.51796
G1 X174.375 Y168.23 E545.55995
G1 X175.625 Y168.23 E545.60153
G1 X176.866 Y168.462 E545.64352
G1 X178.029 Y168.913 E545.68501
G1 X179.095 Y169.573 E545.72671
G1 X180.023 Y170.419 E545.76847
G1 X180.783 Y171.424 E545.81038
G1 X181.34 Y172.544 E545.85199
G1 X181.684 Y173.75 E545.8937
G1 X181.799 Y175 E545.93545
G1 X181.684 Y176.25 E545.9772
G1 X181.34 Y177.456 E546.01891
G1 X180.783 Y178.576 E546.06051
G1 X180.023 Y179.581 E546.10242
G1 X179.095 Y180.427 E546.14419
G1 X178.029 Y181.087 E546.18589
G1 X176.866 Y181.538 E546.22738
G1 X175.625 Y181.77 E546.26937
G0 F9000 X175.664 Y181.847
;MESH:NONMESH
G0 F300 X175.664 Y181.847 Z38.2
G0 F9000 X175.319 Y181.694
;TIME_ELAPSED:1660.335416
;LAYER:190
;TYPE:WALL-OUTER
;MESH:diffuser_reactor.stl
G1 F600 X176.579 Y181.512 E546.31171
G1 X177.783 Y181.096 E546.35408
G1 X178.887 Y180.459 E546.39647
G1 X179.849 Y179.625 E546.43882
G1 X180.637 Y178.623 E546.48122
G1 X181.22 Y177.491 E546.52357
G1 X181.58 Y176.268 E546.56597
G1 X181.701 Y175 E546.60834
G1 X181.58 Y173.732 E546.6507
G1 X181.22 Y172.509 E546.6931
G1 X180.637 Y171.377 E546.73545
G1 X179.849 Y170.375 E546.77785
G1 X178.887 Y169.541 E546.8202
G1 X177.783 Y168.904 E546.86259
G1 X176.579 Y168.488 E546.90496
G1 X175.319 Y168.306 E546.9473
G1 X174.046 Y168.367 E546.98969
G1 X172.808 Y168.667 E547.03206
G1 X171.65 Y169.197 E547.07442
G1 X170.611 Y169.936 E547.11682
G1 X169.733 Y170.858 E547.15917
G1 X169.044 Y171.93 E547.20155
G1 X168.57 Y173.112 E547.24391
G1 X168.329 Y174.363 E547.28628
G1 X168.329 Y175.637 E547.32866
G1 X168.57 Y176.888 E547.37103
G1 X169.044 Y178.07 E547.41339
G1 X169.733 Y179.142 E547.45577
G1 X170.611 Y180.064 E547.49812
G1 X171.65 Y180.803 E547.54052
G1 X172.808 Y181.333 E547.58288
G1 X174.046 Y181.633 E547.62525
G1 X175.319 Y181.694 E547.66764
G0 F9000 X175.625 Y181.77
G1 F600 X174.375 Y181.77 E547.70921
G1 X173.134 Y181.538 E547.7512
G1 X171.971 Y181.087 E547.79269
G1 X170.905 Y180.427 E547.83439
G1 X169.977 Y179.581 E547.87616
G1 X169.217 Y178.576 E547.91807
G1 X168.66 Y177.456 E547.95967
G1 X168.316 Y176.25 E548.00138
G1 X168.201 Y175 E548.04313
G1 X168.316 Y173.75 E548.08488
G1 X168.66 Y172.544 E548.1266
G1 X169.217 Y171.424 E548.1682
G1 X169.977 Y170.419 E548.21011
G1 X170.905 Y169.573 E548.25187
G1 X171.971 Y168.913 E548.29358
G1 X173.134 Y168.462 E548.33506
G1 X174.375 Y168.23 E548.37705
G1 X175.625 Y168.23 E548.41863
G1 X176.866 Y168.462 E548.46062
G1 X178.029 Y168.913 E548.50211
G1 X179.095 Y169.573 E548.54381
G1 X180.023 Y170.419 E548.58558
G1 X180.783 Y171.424 E548.62748
G1 X181.34 Y172.544 E548.66909
G1 X181.684 Y173.75 E548.7108
G1 X181.799 Y175 E548.75255
G1 X181.684 Y176.25 E548.7943
G1 X181.34 Y177.456 E548.83601
G1 X180.783 Y178.576 E548.87762
G1 X180.023 Y179.581 E548.91952
G1 X179.095 Y180.427 E548.96129
G1 X178.029 Y181.087 E549.00299
G1 X176.866 Y181.538 E549.04448
G1 X175.625 Y181.77 E549.08647
G0 F9000 X175.664 Y181.847
;MESH:NONMESH
G0 F300 X175.664 Y181.847 Z38.4
G0 F9000 X175.319 Y181.694
;TIME_ELAPSED:1668.979414
;LAYER:191
;TYPE:WALL-OUTER
;MESH:diffuser_reactor.stl
G1 F600 X176.579 Y181.512 E549.12881
G1 X177.783 Y181.096 E549.17118
G1 X178.887 Y180.459 E549.21357
G1 X179.849 Y179.625 E549.25592
G1 X180.637 Y178.623 E549.29832
G1 X181.22 Y177.491 E549.34067
G1 X181.58 Y176.268 E549.38307
G1 X181.701 Y175 E549.42544
G1 X181.58 Y173.732 E549.4678
G1 X181.22 Y172.509 E549.51021
G1 X180.637 Y171.377 E549.55256
G1 X179.849 Y170.375 E549.59495
G1 X178.887 Y169.541 E549.6373
G1 X177.783 Y168.904 E549.67969
G1 X176.579 Y168.488 E549.72206
G1 X175.319 Y168.306 E549.7644
G1 X174.046 Y168.367 E549.80679
G1 X172.808 Y168.667 E549.84916
G1 X171.65 Y169.197 E549.89152
G1 X170.611 Y169.936 E549.93392
G1 X169.733 Y170.858 E549.97627
G1 X169.044 Y171.93 E550.01865
G1 X168.57 Y173.112 E550.06101
G1 X168.329 Y174.363 E550.10339
G1 X168.329 Y175.637 E550.14576
G1 X168.57 Y176.888 E550.18813
G1 X169.044 Y178.07 E550.23049
G1 X169.733 Y179.142 E550.27287
G1 X170.611 Y180.064 E550.31522
G1 X171.65 Y180.803 E550.35763
G1 X172.808 Y181.333 E550.39998
G1 X174.046 Y181.633 E550.44235
G1 X175.319 Y181.694 E550.48474
G0 F9000 X175.625 Y181.77
G1 F600 X174.375 Y181.77 E550.52632
G1 X173.134 Y181.538 E550.56831
G1 X171.971 Y181.087 E550.60979
G1 X170.905 Y180.427 E550.6515
G1 X169.977 Y179.581 E550.69326
G1 X169.217 Y178.576 E550.73517
G1 X168.66 Y177.456 E550.77677
G1 X168.316 Y176.25 E550.81848
G1 X168.201 Y175 E550.86024
G1 X168.316 Y173.75 E550.90199
G1 X168.66 Y172.544 E550.9437
G1 X169.217 Y171.424 E550.9853
G1 X169.977 Y170.419 E551.02721
G1 X170.905 Y169.573 E551.06898
G1 X171.971 Y168.913 E551.11068
G1 X173.134 Y168.462 E551.15217
G1 X174.375 Y168.23 E551.19416
G1 X175.625 Y168.23 E551.23573
G1 X176.866 Y168.462 E551.27772
G1 X178.029 Y168.913 E551.31921
G1 X179.095 Y169.573 E551.36091
G1 X180.023 Y170.419 E551.40268
G1 X180.783 Y171.424 E551.44459
G1 X181.34 Y172.544 E551.48619
G1 X181.684 Y173.75 E551.5279
G1 X181.799 Y175 E551.56965
G1 X181.684 Y176.25 E551.6114
G1 X181.34 Y177.456 E551.65311
G1 X180.783 Y178.576 E551.69472
G1 X180.023 Y179.581 E551.73663
G1 X179.095 Y180.427 E551.77839
G1 X178.029 Y181.087 E551.82009
G1 X176.866 Y181.538 E551.86158
G1 X175.625 Y181.77 E551.90357
G0 F9000 X175.664 Y181.847
;MESH:NONMESH
G0 F300 X175.664 Y181.847 Z38.6
G0 F9000 X175.319 Y181.694
;TIME_ELAPSED:1677.623412
;LAYER:192
;TYPE:WALL-OUTER
;MESH:diffuser_reactor.stl
G1 F600 X176.579 Y181.512 E551.94591
G1 X177.783 Y181.096 E551.98828
G1 X178.887 Y180.459 E552.03068
G1 X179.849 Y179.625 E552.07302
G1 X180.637 Y178.623 E552.11542
G1 X181.22 Y177.491 E552.15777
G1 X181.58 Y176.268 E552.20017
G1 X181.701 Y175 E552.24254
G1 X181.58 Y173.732 E552.2849
G1 X181.22 Y172.509 E552.32731
G1 X180.637 Y171.377 E552.36966
G1 X179.849 Y170.375 E552.41206
G1 X178.887 Y169.541 E552.4544
G1 X177.783 Y168.904 E552.49679
G1 X176.579 Y168.488 E552.53916
G1 X175.319 Y168.306 E552.58151
G1 X174.046 Y168.367 E552.62389
G1 X172.808 Y168.667 E552.66626
G1 X171.65 Y169.197 E552.70862
G1 X170.611 Y169.936 E552.75103
G1 X169.733 Y170.858 E552.79337
G1 X169.044 Y171.93 E552.83576
G1 X168.57 Y173.112 E552.87811
G1 X168.329 Y174.363 E552.92049
G1 X168.329 Y175.637 E552.96286
G1 X168.57 Y176.888 E553.00523
G1 X169.044 Y178.07 E553.04759
G1 X169.733 Y179.142 E553.08997
G1 X170.611 Y180.064 E553.13232
G1 X171.65 Y180.803 E553.17473
G1 X172.808 Y181.333 E553.21708
G1 X174.046 Y181.633 E553.25945
G1 X175.319 Y181.694 E553.30184
G0 F9000 X175.625 Y181.77
G1 F600 X174.375 Y181.77 E553.34342
G1 X173.134 Y181.538 E553.38541
G1 X171.971 Y181.087 E553.4269
G1 X170.905 Y180.427 E553.4686
G1 X169.977 Y179.581 E553.51036
G1 X169.217 Y178.576 E553.55227
G1 X168.66 Y177.456 E553.59387
G1 X168.316 Y176.25 E553.63559
G1 X168.201 Y175 E553.67734
G1 X168.316 Y173.75 E553.71909
G1 X168.66 Y172.544 E553.7608
G1 X169.217 Y171.424 E553.8024
G1 X169.977 Y170.419 E553.84431
G1 X170.905 Y169.573 E553.88608
G1 X171.971 Y168.913 E553.92778
G1 X173.134 Y168.462 E553.96927
G1 X174.375 Y168.23 E554.01126
G1 X175.625 Y168.23 E554.05283
G1 X176.866 Y168.462 E554.09482
G1 X178.029 Y168.913 E554.13631
G1 X179.095 Y169.573 E554.17801
G1 X180.023 Y170.419 E554.21978
G1 X180.783 Y171.424 E554.26169
G1 X181.34 Y172.544 E554.30329
G1 X181.684 Y173.75 E554.345
G1 X181.799 Y175 E554.38675
G1 X181.684 Y176.25 E554.4285
G1 X181.34 Y177.456 E554.47022
G1 X180.783 Y178.576 E554.51182
G1 X180.023 Y179.581 E554.55373
G1 X179.095 Y180.427 E554.59549
G1 X178.029 Y181.087 E554.63719
G1 X176.866 Y181.538 E554.67868
G1 X175.625 Y181.77 E554.72067
G0 F9000 X175.664 Y181.847
;MESH:NONMESH
G0 F300 X175.664 Y181.847 Z38.8
G0 F9000 X175.319 Y181.694
;TIME_ELAPSED:1686.267410
;LAYER:193
;TYPE:WALL-OUTER
;MESH:diffuser_reactor.stl
G1 F600 X176.579 Y181.512 E554.76302
G1 X177.783 Y181.096 E554.80538
G1 X178.887 Y180.459 E554.84778
G1 X179.849 Y179.625 E554.89012
G1 X180.637 Y178.623 E554.93252
G1 X181.22 Y177.491 E554.97487
G1 X181.58 Y176.268 E555.01727
G1 X181.701 Y175 E555.05964
G1 X181.58 Y173.732 E555.10201
G1 X181.22 Y172.509 E555.14441
G1 X180.637 Y171.377 E555.18676
G1 X179.849 Y170.375 E555.22916
G1 X178.887 Y169.541 E555.2715
G1 X177.783 Y168.904 E555.3139
G1 X176.579 Y168.488 E555.35626
G1 X175.319 Y168.306 E555.39861
G1 X174.046 Y168.367 E555.441
G1 X172.808 Y168.667 E555.48336
G1 X171.65 Y169.197 E555.52572
G1 X170.611 Y169.936 E555.56813
G1 X169.733 Y170.858 E555.61047
G1 X169.044 Y171.93 E555.65286
G1 X168.57 Y173.112 E555.69521
G1 X168.329 Y174.363 E555.73759
G1 X168.329 Y175.637 E555.77996
G1 X168.57 Y176.888 E555.82234
G1 X169.044 Y178.07 E555.86469
G1 X169.733 Y179.142 E555.90708
G1 X170.611 Y180.064 E555.94942
G1 X171.65 Y180.803 E555.99183
G1 X172.808 Y181.333 E556.03419
G1 X174.046 Y181.633 E556.07655
G1 X175.319 Y181.694 E556.11894
G0 F9000 X175.625 Y181.77
G1 F600 X174.375 Y181.77 E556.16052
G1 X173.134 Y181.538 E556.20251
G1 X171.971 Y181.087 E556.244
G1 X170.905 Y180.427 E556.2857
G1 X169.977 Y179.581 E556.32746
G1 X169.217 Y178.576 E556.36937
G1 X168.66 Y177.456 E556.41098
G1 X168.316 Y176.25 E556.45269
G1 X168.201 Y175 E556.49444
G1 X168.316 Y173.75 E556.53619
G1 X168.66 Y172.544 E556.5779
G1 X169.217 Y171.424 E556.6195
G1 X169.977 Y170.419 E556.66141
G1 X170.905 Y169.573 E556.70318
G1 X171.971 Y168.913 E556.74488
G1 X173.134 Y168.462 E556.78637
G1 X174.375 Y168.23 E556.82836
G1 X175.625 Y168.23 E556.86993
G1 X176.866 Y168.462 E556.91192
G1 X178.029 Y168.913 E556.95341
G1 X179.095 Y169.573 E556.99511
G1 X180.023 Y170.419 E557.03688
G1 X180.783 Y171.424 E557.07879
G1 X181.34 Y172.544 E557.12039
G1 X181.684 Y173.75 E557.1621
G1 X181.799 Y175 E557.20385
G1 X181.684 Y176.25 E557.24561
G1 X181.34 Y177.456 E557.28732
G1 X180.783 Y178.576 E557.32892
G1 X180.023 Y179.581 E557.37083
G1 X179.095 Y180.427 E557.41259
G1 X178.029 Y181.087 E557.4543
G1 X176.866 Y181.538 E557.49578
G1 X175.625 Y181.77 E557.53777
G0 F9000 X175.664 Y181.847
;MESH:NONMESH
G0 F300 X175.664 Y181.847 Z39
G0 F9000 X175.319 Y181.694
;TIME_ELAPSED:1694.911407
;LAYER:194
;TYPE:WALL-OUTER
;MESH:diffuser_reactor.stl
G1 F600 X176.579 Y181.512 E557.58012
G1 X177.783 Y181.096 E557.62249
G1 X178.887 Y180.459 E557.66488
G1 X179.849 Y179.625 E557.70723
G1 X180.637 Y178.623 E557.74962
G1 X181.22 Y177.491 E557.79197
G1 X181.58 Y176.268 E557.83438
G1 X181.701 Y175 E557.87674
G1 X181.58 Y173.732 E557.91911
G1 X181.22 Y172.509 E557.96151
G1 X180.637 Y171.377 E558.00386
G1 X179.849 Y170.375 E558.04626
G1 X178.887 Y169.541 E558.0886
G1 X177.783 Y168.904 E558.131
G1 X176.579 Y168.488 E558.17337
G1 X175.319 Y168.306 E558.21571
G1 X174.046 Y168.367 E558.2581
G1 X172.808 Y168.667 E558.30046
G1 X171.65 Y169.197 E558.34282
G1 X170.611 Y169.936 E558.38523
G1 X169.733 Y170.858 E558.42758
G1 X169.044 Y171.93 E558.46996
G1 X168.57 Y173.112 E558.51232
G1 X168.329 Y174.363 E558.55469
G1 X168.329 Y175.637 E558.59706
G1 X168.57 Y176.888 E558.63944
G1 X169.044 Y178.07 E558.68179
G1 X169.733 Y179.142 E558.72418
G1 X170.611 Y180.064 E558.76652
G1 X171.65 Y180.803 E558.80893
G1 X172.808 Y181.333 E558.85129
G1 X174.046 Y181.633 E558.89366
G1 X175.319 Y181.694 E558.93604
G0 F9000 X175.625 Y181.77
G1 F600 X174.375 Y181.77 E558.97762
G1 X173.134 Y181.538 E559.01961
G1 X171.971 Y181.087 E559.0611
G1 X170.905 Y180.427 E559.1028
G1 X169.977 Y179.581 E559.14457
G1 X169.217 Y178.576 E559.18647
G1 X168.66 Y177.456 E559.22808
G1 X168.316 Y176.25 E559.26979
G1 X168.201 Y175 E559.31154
G1 X168.316 Y173.75 E559.35329
G1 X168.66 Y172.544 E559.395
G1 X169.217 Y171.424 E559.43661
G1 X169.977 Y170.419 E559.47851
G1 X170.905 Y169.573 E559.52028
G1 X171.971 Y168.913 E559.56198
G1 X173.134 Y168.462 E559.60347
G1 X174.375 Y168.23 E559.64546
G1 X175.625 Y168.23 E559.68704
G1 X176.866 Y168.462 E559.72903
G1 X178.029 Y168.913 E559.77051
G1 X179.095 Y169.573 E559.81222
G1 X180.023 Y170.419 E559.85398
G1 X180.783 Y171.424 E559.89589
G1 X181.34 Y172.544 E559.93749
G1 X181.684 Y173.75 E559.97921
G1 X181.799 Y175 E560.02096
G1 X181.684 Y176.25 E560.06271
G1 X181.34 Y177.456 E560.10442
G1 X180.783 Y178.576 E560.14602
G1 X180.023 Y179.581 E560.18793
G1 X179.095 Y180.427 E560.2297
G1 X178.029 Y181.087 E560.2714
G1 X176.866 Y181.538 E560.31289
G1 X175.625 Y181.77 E560.35488
G0 F9000 X175.664 Y181.847
;MESH:NONMESH
G0 F300 X175.664 Y181.847 Z39.2
G0 F9000 X175.319 Y181.694
;TIME_ELAPSED:1703.555405
;LAYER:195
;TYPE:WALL-OUTER
;MESH:diffuser_reactor.stl
G1 F600 X176.579 Y181.512 E560.39722
G1 X177.783 Y181.096 E560.43959
G1 X178.887 Y180.459 E560.48198
G1 X179.849 Y179.625 E560.52433
G1 X180.637 Y178.623 E560.56672
G1 X181.22 Y177.491 E560.60907
G1 X181.58 Y176.268 E560.65148
G1 X181.701 Y175 E560.69384
G1 X181.58 Y173.732 E560.73621
G1 X181.22 Y172.509 E560.77861
G1 X180.637 Y171.377 E560.82096
G1 X179.849 Y170.375 E560.86336
G1 X178.887 Y169.541 E560.90571
G1 X177.783 Y168.904 E560.9481
G1 X176.579 Y168.488 E560.99047
G1 X175.319 Y168.306 E561.03281
G1 X174.046 Y168.367 E561.0752
G1 X172.808 Y168.667 E561.11757
G1 X171.65 Y169.197 E561.15992
G1 X170.611 Y169.936 E561.20233
G1 X169.733 Y170.858 E561.24468
G1 X169.044 Y171.93 E561.28706
G1 X168.57 Y173.112 E561.32942
G1 X168.329 Y174.363 E561.37179
G1 X168.329 Y175.637 E561.41416
G1 X168.57 Y176.888 E561.45654
G1 X169.044 Y178.07 E561.49889
G1 X169.733 Y179.142 E561.54128
G1 X170.611 Y180.064 E561.58362
G1 X171.65 Y180.803 E561.62603
G1 X172.808 Y181.333 E561.66839
G1 X174.046 Y181.633 E561.71076
G1 X175.319 Y181.694 E561.75315
G0 F9000 X175.625 Y181.77
G1 F600 X174.375 Y181.77 E561.79472
G1 X173.134 Y181.538 E561.83671
G1 X171.971 Y181.087 E561.8782
G1 X170.905 Y180.427 E561.9199
G1 X169.977 Y179.581 E561.96167
G1 X169.217 Y178.576 E562.00358
G1 X168.66 Y177.456 E562.04518
G1 X168.316 Y176.25 E562.08689
G1 X168.201 Y175 E562.12864
G1 X168.316 Y173.75 E562.17039
G1 X168.66 Y172.544 E562.2121
G1 X169.217 Y171.424 E562.25371
G1 X169.977 Y170.419 E562.29562
G1 X170.905 Y169.573 E562.33738
G1 X171.971 Y168.913 E562.37908
G1 X173.134 Y168.462 E562.42057
G1 X174.375 Y168.23 E562.46256
G1 X175.625 Y168.23 E562.50414
G1 X176.866 Y168.462 E562.54613
G1 X178.029 Y168.913 E562.58762
G1 X179.095 Y169.573 E562.62932
G1 X180.023 Y170.419 E562.67108
G1 X180.783 Y171.424 E562.71299
G1 X181.34 Y172.544 E562.7546
G1 X181.684 Y173.75 E562.79631
G1 X181.799 Y175 E562.83806
G1 X181.684 Y176.25 E562.87981
G1 X181.34 Y177.456 E562.92152
G1 X180.783 Y178.576 E562.96312
G1 X180.023 Y179.581 E563.00503
G1 X179.095 Y180.427 E563.0468
G1 X178.029 Y181.087 E563.0885
G1 X176.866 Y181.538 E563.12999
G1 X175.625 Y181.77 E563.17198
G0 F9000 X175.664 Y181.847
;MESH:NONMESH
G0 F300 X175.664 Y181.847 Z39.4
G0 F9000 X175.319 Y181.694
;TIME_ELAPSED:1712.199403
;LAYER:196
;TYPE:WALL-OUTER
;MESH:diffuser_reactor.stl
G1 F600 X176.579 Y181.512 E563.21432
G1 X177.783 Y181.096 E563.25669
G1 X178.887 Y180.459 E563.29908
G1 X179.849 Y179.625 E563.34143
G1 X180.637 Y178.623 E563.38383
G1 X181.22 Y177.491 E563.42618
G1 X181.58 Y176.268 E563.46858
G1 X181.701 Y175 E563.51094
G1 X181.58 Y173.732 E563.55331
G1 X181.22 Y172.509 E563.59571
G1 X180.637 Y171.377 E563.63806
G1 X179.849 Y170.375 E563.68046
G1 X178.887 Y169.541 E563.72281
G1 X177.783 Y168.904 E563.7652
G1 X176.579 Y168.488 E563.80757
G1 X175.319 Y168.306 E563.84991
G1 X174.046 Y168.367 E563.8923
G1 X172.808 Y168.667 E563.93467
G1 X171.65 Y169.197 E563.97703
G1 X170.611 Y169.936 E564.01943
G1 X169.733 Y170.858 E564.06178
G1 X169.044 Y171.93 E564.10416
G1 X168.57 Y173.112 E564.14652
G1 X168.329 Y174.363 E564.18889
G1 X168.329 Y175.637 E564.23127
G1 X168.57 Y176.888 E564.27364
G1 X169.044 Y178.07 E564.316
G1 X169.733 Y179.142 E564.35838
G1 X170.611 Y180.064 E564.40073
G1 X171.65 Y180.803 E564.44313
G1 X172.808 Y181.333 E564.48549
G1 X174.046 Y181.633 E564.52786
G1 X175.319 Y181.694 E564.57025
G0 F9000 X175.625 Y181.77
G1 F600 X174.375 Y181.77 E564.61182
G1 X173.134 Y181.538 E564.65381
G1 X171.971 Y181.087 E564.6953
G1 X170.905 Y180.427 E564.737
G1 X169.977 Y179.581 E564.77877
G1 X169.217 Y178.576 E564.82068
G1 X168.66 Y177.456 E564.86228
G1 X168.316 Y176.25 E564.90399
G1 X168.201 Y175 E564.94574
G1 X168.316 Y173.75 E564.98749
G1 X168.66 Y172.544 E565.02921
G1 X169.217 Y171.424 E565.07081
G1 X169.977 Y170.419 E565.11272
G1 X170.905 Y169.573 E565.15448
G1 X171.971 Y168.913 E565.19618
G1 X173.134 Y168.462 E565.23767
G1 X174.375 Y168.23 E565.27966
G1 X175.625 Y168.23 E565.32124
G1 X176.866 Y168.462 E565.36323
G1 X178.029 Y168.913 E565.40472
G1 X179.095 Y169.573 E565.44642
G1 X180.023 Y170.419 E565.48818
G1 X180.783 Y171.424 E565.53009
G1 X181.34 Y172.544 E565.5717
G1 X181.684 Y173.75 E565.61341
G1 X181.799 Y175 E565.65516
G1 X181.684 Y176.25 E565.69691
G1 X181.34 Y177.456 E565.73862
G1 X180.783 Y178.576 E565.78023
G1 X180.023 Y179.581 E565.82213
G1 X179.095 Y180.427 E565.8639
G1 X178.029 Y181.087 E565.9056
G1 X176.866 Y181.538 E565.94709
G1 X175.625 Y181.77 E565.98908
G0 F9000 X175.664 Y181.847
;MESH:NONMESH
G0 F300 X175.664 Y181.847 Z39.6
G0 F9000 X175.319 Y181.694
;TIME_ELAPSED:1720.843401
;LAYER:197
;TYPE:WALL-OUTER
;MESH:diffuser_reactor.stl
G1 F600 X176.579 Y181.512 E566.03142
G1 X177.783 Y181.096 E566.07379
G1 X178.887 Y180.459 E566.11618
G1 X179.849 Y179.625 E566.15853
G1 X180.637 Y178.623 E566.20093
G1 X181.22 Y177.491 E566.24328
G1 X181.58 Y176.268 E566.28568
G1 X181.701 Y175 E566.32805
G1 X181.58 Y173.732 E566.37041
G1 X181.22 Y172.509 E566.41281
G1 X180.637 Y171.377 E566.45516
G1 X179.849 Y170.375 E566.49756
G1 X178.887 Y169.541 E566.53991
G1 X177.783 Y168.904 E566.5823
G1 X176.579 Y168.488 E566.62467
G1 X175.319 Y168.306 E566.66701
G1 X174.046 Y168.367 E566.7094
G1 X172.808 Y168.667 E566.75177
G1 X171.65 Y169.197 E566.79413
G1 X170.611 Y169.936 E566.83653
G1 X169.733 Y170.858 E566.87888
G1 X169.044 Y171.93 E566.92126
G1 X168.57 Y173.112 E566.96362
G1 X168.329 Y174.363 E567.00599
G1 X168.329 Y175.637 E567.04837
G1 X168.57 Y176.888 E567.09074
G1 X169.044 Y178.07 E567.1331
G1 X169.733 Y179.142 E567.17548
G1 X170.611 Y180.064 E567.21783
G1 X171.65 Y180.803 E567.26023
G1 X172.808 Y181.333 E567.30259
G1 X174.046 Y181.633 E567.34496
G1 X175.319 Y181.694 E567.38735
G0 F9000 X175.625 Y181.77
G1 F600 X174.375 Y181.77 E567.42892
G1 X173.134 Y181.538 E567.47091
G1 X171.971 Y181.087 E567.5124
G1 X170.905 Y180.427 E567.5541
G1 X169.977 Y179.581 E567.59587
G1 X169.217 Y178.576 E567.63778
G1 X168.66 Y177.456 E567.67938
G1 X168.316 Y176.25 E567.72109
G1 X168.201 Y175 E567.76284
G1 X168.316 Y173.75 E567.8046
G1 X168.66 Y172.544 E567.84631
G1 X169.217 Y171.424 E567.88791
G1 X169.977 Y170.419 E567.92982
G1 X170.905 Y169.573 E567.97158
G1 X171.971 Y168.913 E568.01329
G1 X173.134 Y168.462 E568.05477
G1 X174.375 Y168.23 E568.09676
G1 X175.625 Y168.23 E568.13834
G1 X176.866 Y168.462 E568.18033
G1 X178.029 Y168.913 E568.22182
G1 X179.095 Y169.573 E568.26352
G1 X180.023 Y170.419 E568.30529
G1 X180.783 Y171.424 E568.34719
G1 X181.34 Y172.544 E568.3888
G1 X181.684 Y173.75 E568.43051
G1 X181.799 Y175 E568.47226
G1 X181.684 Y176.25 E568.51401
G1 X181.34 Y177.456 E568.55572
G1 X180.783 Y178.576 E568.59733
G1 X180.023 Y179.581 E568.63923
G1 X179.095 Y180.427 E568.681
G1 X178.029 Y181.087 E568.7227
G1 X176.866 Y181.538 E568.76419
G1 X175.625 Y181.77 E568.80618
G0 F9000 X175.664 Y181.847
;MESH:NONMESH
G0 F300 X175.664 Y181.847 Z39.8
G0 F9000 X175.319 Y181.694
;TIME_ELAPSED:1729.487399
;LAYER:198
;TYPE:WALL-OUTER
;MESH:diffuser_reactor.stl
G1 F600 X176.579 Y181.512 E568.84852
G1 X177.783 Y181.096 E568.89089
G1 X178.887 Y180.459 E568.93328
G1 X179.849 Y179.625 E568.97563
G1 X180.637 Y178.623 E569.01803
G1 X181.22 Y177.491 E569.06038
G1 X181.58 Y176.268 E569.10278
G1 X181.701 Y175 E569.14515
G1 X181.58 Y173.732 E569.18751
G1 X181.22 Y172.509 E569.22992
G1 X180.637 Y171.377 E569.27227
G1 X179.849 Y170.375 E569.31466
G1 X178.887 Y169.541 E569.35701
G1 X177.783 Y168.904 E569.3994
G1 X176.579 Y168.488 E569.44177
G1 X175.319 Y168.306 E569.48411
G1 X174.046 Y168.367 E569.5265
G1 X172.808 Y168.667 E569.56887
G1 X171.65 Y169.197 E569.61123
G1 X170.611 Y169.936 E569.65364
G1 X169.733 Y170.858 E569.69598
G1 X169.044 Y171.93 E569.73837
G1 X168.57 Y173.112 E569.78072
G1 X168.329 Y174.363 E569.8231
G1 X168.329 Y175.637 E569.86547
G1 X168.57 Y176.888 E569.90784
G1 X169.044 Y178.07 E569.9502
G1 X169.733 Y179.142 E569.99258
G1 X170.611 Y180.064 E570.03493
G1 X171.65 Y180.803 E570.07734
G1 X172.808 Y181.333 E570.11969
G1 X174.046 Y181.633 E570.16206
G1 X175.319 Y181.694 E570.20445
G0 F9000 X175.625 Y181.77
G1 F600 X174.375 Y181.77 E570.24603
G1 X173.134 Y181.538 E570.28802
G1 X171.971 Y181.087 E570.3295
G1 X170.905 Y180.427 E570.37121
G1 X169.977 Y179.581 E570.41297
G1 X169.217 Y178.576 E570.45488
G1 X168.66 Y177.456 E570.49648
G1 X168.316 Y176.25 E570.5382
G1 X168.201 Y175 E570.57995
G1 X168.316 Y173.75 E570.6217
G1 X168.66 Y172.544 E570.66341
G1 X169.217 Y171.424 E570.70501
G1 X169.977 Y170.419 E570.74692
G1 X170.905 Y169.573 E570.78869
G1 X171.971 Y168.913 E570.83039
G1 X173.134 Y168.462 E570.87188
G1 X174.375 Y168.23 E570.91387
G1 X175.625 Y168.23 E570.95544
G1 X176.866 Y168.462 E570.99743
G1 X178.029 Y168.913 E571.03892
G1 X179.095 Y169.573 E571.08062
G1 X180.023 Y170.419 E571.12239
G1 X180.783 Y171.424 E571.1643
G1 X181.34 Y172.544 E571.2059
G1 X181.684 Y173.75 E571.24761
G1 X181.799 Y175 E571.28936
G1 X181.684 Y176.25 E571.33111
G1 X181.34 Y177.456 E571.37282
G1 X180.783 Y178.576 E571.41443
G1 X180.023 Y179.581 E571.45634
G1 X179.095 Y180.427 E571.4981
G1 X178.029 Y181.087 E571.5398
G1 X176.866 Y181.538 E571.58129
G1 X175.625 Y181.77 E571.62328
G0 F9000 X175.664 Y181.847
;MESH:NONMESH
G0 F300 X175.664 Y181.847 Z40
G0 F9000 X175.319 Y181.694
;TIME_ELAPSED:1738.131397
;LAYER:199
;TYPE:WALL-OUTER
;MESH:diffuser_reactor.stl
G1 F600 X176.579 Y181.512 E571.66562
G1 X177.783 Y181.096 E571.70799
G1 X178.887 Y180.459 E571.75039
G1 X179.849 Y179.625 E571.79273
G1 X180.637 Y178.623 E571.83513
G1 X181.22 Y177.491 E571.87748
G1 X181.58 Y176.268 E571.91988
G1 X181.701 Y175 E571.96225
G1 X181.58 Y173.732 E572.00461
G1 X181.22 Y172.509 E572.04702
G1 X180.637 Y171.377 E572.08937
G1 X179.849 Y170.375 E572.13177
G1 X178.887 Y169.541 E572.17411
G1 X177.783 Y168.904 E572.2165
G1 X176.579 Y168.488 E572.25887
G1 X175.319 Y168.306 E572.30122
G1 X174.046 Y168.367 E572.3436
G1 X172.808 Y168.667 E572.38597
G1 X171.65 Y169.197 E572.42833
G1 X170.611 Y169.936 E572.47074
G1 X169.733 Y170.858 E572.51308
G1 X169.044 Y171.93 E572.55547
G1 X168.57 Y173.112 E572.59782
G1 X168.329 Y174.363 E572.6402
G1 X168.329 Y175.637 E572.68257
G1 X168.57 Y176.888 E572.72494
G1 X169.044 Y178.07 E572.7673
G1 X169.733 Y179.142 E572.80968
G1 X170.611 Y180.064 E572.85203
G1 X171.65 Y180.803 E572.89444
G1 X172.808 Y181.333 E572.9368
G1 X174.046 Y181.633 E572.97916
G1 X175.319 Y181.694 E573.02155
G0 F9000 X175.625 Y181.77
G1 F600 X174.375 Y181.77 E573.06313
G1 X173.134 Y181.538 E573.10512
G1 X171.971 Y181.087 E573.14661
G1 X170.905 Y180.427 E573.18831
G1 X169.977 Y179.581 E573.23007
G1 X169.217 Y178.576 E573.27198
G1 X168.66 Y177.456 E573.31359
G1 X168.316 Y176.25 E573.3553
G1 X168.201 Y175 E573.39705
G1 X168.316 Y173.75 E573.4388
G1 X168.66 Y172.544 E573.48051
G1 X169.217 Y171.424 E573.52211
G1 X169.977 Y170.419 E573.56402
G1 X170.905 Y169.573 E573.60579
G1 X171.971 Y168.913 E573.64749
G1 X173.134 Y168.462 E573.68898
G1 X174.375 Y168.23 E573.73097
G1 X175.625 Y168.23 E573.77254
G1 X176.866 Y168.462 E573.81453
G1 X178.029 Y168.913 E573.85602
G1 X179.095 Y169.573 E573.89772
G1 X180.023 Y170.419 E573.93949
G1 X180.783 Y171.424 E573.9814
G1 X181.34 Y172.544 E574.023
G1 X181.684 Y173.75 E574.06471
G1 X181.799 Y175 E574.10646
G1 X181.684 Y176.25 E574.14821
G1 X181.34 Y177.456 E574.18993
G1 X180.783 Y178.576 E574.23153
G1 X180.023 Y179.581 E574.27344
G1 X179.095 Y180.427 E574.3152
G1 X178.029 Y181.087 E574.3569
G1 X176.866 Y181.538 E574.39839
G1 X175.625 Y181.77 E574.44038
G0 F9000 X175.664 Y181.847
;MESH:NONMESH
G0 F300 X175.664 Y181.847 Z40.2
G0 F9000 X175.319 Y181.694
;TIME_ELAPSED:1746.775395
;LAYER:200
;TYPE:WALL-OUTER
;MESH:diffuser_reactor.stl
G1 F600 X176.579 Y181.512 E574.48273
G1 X177.783 Y181.096 E574.52509
G1 X178.887 Y180.459 E574.56749
G1 X179.849 Y179.625 E574.60983
G1 X180.637 Y178.623 E574.65223
G1 X181.22 Y177.491 E574.69458
G1 X181.58 Y176.268 E574.73699
G1 X181.701 Y175 E574.77935
G1 X181.58 Y173.732 E574.82172
G1 X181.22 Y172.509 E574.86412
G1 X180.637 Y171.377 E574.90647
G1 X179.849 Y170.375 E574.94887
G1 X178.887 Y169.541 E574.99121
G1 X177.783 Y168.904 E575.03361
G1 X176.579 Y168.488 E575.07597
G1 X175.319 Y168.306 E575.11832
G1 X174.046 Y168.367 E575.16071
G1 X172.808 Y168.667 E575.20307
G1 X171.65 Y169.197 E575.24543
G1 X170.611 Y169.936 E575.28784
G1 X169.733 Y170.858 E575.33018
G1 X169.044 Y171.93 E575.37257
G1 X168.57 Y173.112 E575.41493
G1 X168.329 Y174.363 E575.4573
G1 X168.329 Y175.637 E575.49967
G1 X168.57 Y176.888 E575.54205
G1 X169.044 Y178.07 E575.5844
G1 X169.733 Y179.142 E575.62679
G1 X170.611 Y180.064 E575.66913
G1 X171.65 Y180.803 E575.71154
G1 X172.808 Y181.333 E575.7539
G1 X174.046 Y181.633 E575.79626
G1 X175.319 Y181.694 E575.83865
G0 F9000 X175.625 Y181.77
G1 F600 X174.375 Y181.77 E575.88023
G1 X173.134 Y181.538 E575.92222
G1 X171.971 Y181.087 E575.96371
G1 X170.905 Y180.427 E576.00541
G1 X169.977 Y179.581 E576.04717
G1 X169.217 Y178.576 E576.08908
G1 X168.66 Y177.456 E576.13069
G1 X168.316 Y176.25 E576.1724
G1 X168.201 Y175 E576.21415
G1 X168.316 Y173.75 E576.2559
G1 X168.66 Y172.544 E576.29761
G1 X169.217 Y171.424 E576.33921
G1 X169.977 Y170.419 E576.38112
G1 X170.905 Y169.573 E576.42289
G1 X171.971 Y168.913 E576.46459
G1 X173.134 Y168.462 E576.50608
G1 X174.375 Y168.23 E576.54807
G1 X175.625 Y168.23 E576.58964
G1 X176.866 Y168.462 E576.63164
G1 X178.029 Y168.913 E576.67312
G1 X179.095 Y169.573 E576.71482
G1 X180.023 Y170.419 E576.75659
G1 X180.783 Y171.424 E576.7985
G1 X181.34 Y172.544 E576.8401
G1 X181.684 Y173.75 E576.88181
G1 X181.799 Y175 E576.92356
G1 X181.684 Y176.25 E576.96532
G1 X181.34 Y177.456 E577.00703
G1 X180.783 Y178.576 E577.04863
G1 X180.023 Y179.581 E577.09054
G1 X179.095 Y180.427 E577.13231
G1 X178.029 Y181.087 E577.17401
G1 X176.866 Y181.538 E577.21549
G1 X175.625 Y181.77 E577.25749
G0 F9000 X175.664 Y181.847
;MESH:NONMESH
G0 F300 X175.664 Y181.847 Z40.4
G0 F9000 X175.319 Y181.694
;TIME_ELAPSED:1755.419393
;LAYER:201
;TYPE:WALL-OUTER
;MESH:diffuser_reactor.stl
G1 F600 X176.579 Y181.512 E577.29983
G1 X177.783 Y181.096 E577.3422
G1 X178.887 Y180.459 E577.38459
G1 X179.849 Y179.625 E577.42694
G1 X180.637 Y178.623 E577.46933
G1 X181.22 Y177.491 E577.51168
G1 X181.58 Y176.268 E577.55409
G1 X181.701 Y175 E577.59645
G1 X181.58 Y173.732 E577.63882
G1 X181.22 Y172.509 E577.68122
G1 X180.637 Y171.377 E577.72357
G1 X179.849 Y170.375 E577.76597
G1 X178.887 Y169.541 E577.80831
G1 X177.783 Y168.904 E577.85071
G1 X176.579 Y168.488 E577.89308
G1 X175.319 Y168.306 E577.93542
G1 X174.046 Y168.367 E577.97781
G1 X172.808 Y168.667 E578.02018
G1 X171.65 Y169.197 E578.06253
G1 X170.611 Y169.936 E578.10494
G1 X169.733 Y170.858 E578.14729
G1 X169.044 Y171.93 E578.18967
G1 X168.57 Y173.112 E578.23203
G1 X168.329 Y174.363 E578.2744
G1 X168.329 Y175.637 E578.31677
G1 X168.57 Y176.888 E578.35915
G1 X169.044 Y178.07 E578.4015
G1 X169.733 Y179.142 E578.44389
G1 X170.611 Y180.064 E578.48623
G1 X171.65 Y180.803 E578.52864
G1 X172.808 Y181.333 E578.571
G1 X174.046 Y181.633 E578.61337
G1 X175.319 Y181.694 E578.65575
G0 F9000 X175.625 Y181.77
G1 F600 X174.375 Y181.77 E578.69733
G1 X173.134 Y181.538 E578.73932
G1 X171.971 Y181.087 E578.78081
G1 X170.905 Y180.427 E578.82251
G1 X169.977 Y179.581 E578.86428
G1 X169.217 Y178.576 E578.90618
G1 X168.66 Y177.456 E578.94779
G1 X168.316 Y176.25 E578.9895
G1 X168.201 Y175 E579.03125
G1 X168.316 Y173.75 E579.073
G1 X168.66 Y172.544 E579.11471
G1 X169.217 Y171.424 E579.15632
G1 X169.977 Y170.419 E579.19822
G1 X170.905 Y169.573 E579.23999
G1 X171.971 Y168.913 E579.28169
G1 X173.134 Y168.462 E579.32318
G1 X174.375 Y168.23 E579.36517
G1 X175.625 Y168.23 E579.40675
G1 X176.866 Y168.462 E579.44874
G1 X178.029 Y168.913 E579.49023
G1 X179.095 Y169.573 E579.53193
G1 X180.023 Y170.419 E579.57369
G1 X180.783 Y171.424 E579.6156
G1 X181.34 Y172.544 E579.6572
G1 X181.684 Y173.75 E579.69892
G1 X181.799 Y175 E579.74067
G1 X181.684 Y176.25 E579.78242
G1 X181.34 Y177.456 E579.82413
G1 X180.783 Y178.576 E579.86573
G1 X180.023 Y179.581 E579.90764
G1 X179.095 Y180.427 E579.94941
G1 X178.029 Y181.087 E579.99111
G1 X176.866 Y181.538 E580.0326
G1 X175.625 Y181.77 E580.07459
G0 F9000 X175.664 Y181.847
;MESH:NONMESH
G0 F300 X175.664 Y181.847 Z40.6
G0 F9000 X175.319 Y181.694
;TIME_ELAPSED:1764.063391
;LAYER:202
;TYPE:WALL-OUTER
;MESH:diffuser_reactor.stl
G1 F600 X176.579 Y181.512 E580.11693
G1 X177.783 Y181.096 E580.1593
G1 X178.887 Y180.459 E580.20169
G1 X179.849 Y179.625 E580.24404
G1 X180.637 Y178.623 E580.28643
G1 X181.22 Y177.491 E580.32879
G1 X181.58 Y176.268 E580.37119
G1 X181.701 Y175 E580.41355
G1 X181.58 Y173.732 E580.45592
G1 X181.22 Y172.509 E580.49832
G1 X180.637 Y171.377 E580.54067
G1 X179.849 Y170.375 E580.58307
G1 X178.887 Y169.541 E580.62542
G1 X177.783 Y168.904 E580.66781
G1 X176.579 Y168.488 E580.71018
G1 X175.319 Y168.306 E580.75252
G1 X174.046 Y168.367 E580.79491
G1 X172.808 Y168.667 E580.83728
G1 X171.65 Y169.197 E580.87963
G1 X170.611 Y169.936 E580.92204
G1 X169.733 Y170.858 E580.96439
G1 X169.044 Y171.93 E581.00677
G1 X168.57 Y173.112 E581.04913
G1 X168.329 Y174.363 E581.0915
G1 X168.329 Y175.637 E581.13387
G1 X168.57 Y176.888 E581.17625
G1 X169.044 Y178.07 E581.21861
G1 X169.733 Y179.142 E581.26099
G1 X170.611 Y180.064 E581.30334
G1 X171.65 Y180.803 E581.34574
G1 X172.808 Y181.333 E581.3881
G1 X174.046 Y181.633 E581.43047
G1 X175.319 Y181.694 E581.47286
G0 F9000 X175.625 Y181.77
G1 F600 X174.375 Y181.77 E581.51443
G1 X173.134 Y181.538 E581.55642
G1 X171.971 Y181.087 E581.59791
G1 X170.905 Y180.427 E581.63961
G1 X169.977 Y179.581 E581.68138
G1 X169.217 Y178.576 E581.72329
G1 X168.66 Y177.456 E581.76489
G1 X168.316 Y176.25 E581.8066
G1 X168.201 Y175 E581.84835
G1 X168.316 Y173.75 E581.8901
G1 X168.66 Y172.544 E581.93181
G1 X169.217 Y171.424 E581.97342
G1 X169.977 Y170.419 E582.01533
G1 X170.905 Y169.573 E582.05709
G1 X171.971 Y168.913 E582.09879
G1 X173.134 Y168.462 E582.14028
G1 X174.375 Y168.23 E582.18227
G1 X175.625 Y168.23 E582.22385
G1 X176.866 Y168.462 E582.26584
G1 X178.029 Y168.913 E582.30733
G1 X179.095 Y169.573 E582.34903
G1 X180.023 Y170.419 E582.39079
G1 X180.783 Y171.424 E582.4327
G1 X181.34 Y172.544 E582.47431
G1 X181.684 Y173.75 E582.51602
G1 X181.799 Y175 E582.55777
G1 X181.684 Y176.25 E582.59952
G1 X181.34 Y177.456 E582.64123
G1 X180.783 Y178.576 E582.68283
G1 X180.023 Y179.581 E582.72474
G1 X179.095 Y180.427 E582.76651
G1 X178.029 Y181.087 E582.80821
G1 X176.866 Y181.538 E582.8497
G1 X175.625 Y181.77 E582.89169
G0 F9000 X175.664 Y181.847
;MESH:NONMESH
G0 F300 X175.664 Y181.847 Z40.8
G0 F9000 X175.319 Y181.694
;TIME_ELAPSED:1772.707389
;LAYER:203
;TYPE:WALL-OUTER
;MESH:diffuser_reactor.stl
G1 F600 X176.579 Y181.512 E582.93403
G1 X177.783 Y181.096 E582.9764
G1 X178.887 Y180.459 E583.01879
G1 X179.849 Y179.625 E583.06114
G1 X180.637 Y178.623 E583.10354
G1 X181.22 Y177.491 E583.14589
G1 X181.58 Y176.268 E583.18829
G1 X181.701 Y175 E583.23065
G1 X181.58 Y173.732 E583.27302
G1 X181.22 Y172.509 E583.31542
G1 X180.637 Y171.377 E583.35777
G1 X179.849 Y170.375 E583.40017
G1 X178.887 Y169.541 E583.44252
G1 X177.783 Y168.904 E583.48491
G1 X176.579 Y168.488 E583.52728
G1 X175.319 Y168.306 E583.56962
G1 X174.046 Y168.367 E583.61201
G1 X172.808 Y168.667 E583.65438
G1 X171.65 Y169.197 E583.69674
G1 X170.611 Y169.936 E583.73914
G1 X169.733 Y170.858 E583.78149
G1 X169.044 Y171.93 E583.82387
G1 X168.57 Y173.112 E583.86623
G1 X168.329 Y174.363 E583.9086
G1 X168.329 Y175.637 E583.95098
G1 X168.57 Y176.888 E583.99335
G1 X169.044 Y178.07 E584.03571
G1 X169.733 Y179.142 E584.07809
G1 X170.611 Y180.064 E584.12044
G1 X171.65 Y180.803 E584.16284
G1 X172.808 Y181.333 E584.2052
G1 X174.046 Y181.633 E584.24757
G1 X175.319 Y181.694 E584.28996
G0 F9000 X175.625 Y181.77
G1 F600 X174.375 Y181.77 E584.33153
G1 X173.134 Y181.538 E584.37352
G1 X171.971 Y181.087 E584.41501
G1 X170.905 Y180.427 E584.45671
G1 X169.977 Y179.581 E584.49848
G1 X169.217 Y178.576 E584.54039
G1 X168.66 Y177.456 E584.58199
G1 X168.316 Y176.25 E584.6237
G1 X168.201 Y175 E584.66545
G1 X168.316 Y173.75 E584.7072
G1 X168.66 Y172.544 E584.74892
G1 X169.217 Y171.424 E584.79052
G1 X169.977 Y170.419 E584.83243
G1 X170.905 Y169.573 E584.87419
G1 X171.971 Y168.913 E584.91589
G1 X173.134 Y168.462 E584.95738
G1 X174.375 Y168.23 E584.99937
G1 X175.625 Y168.23 E585.04095
G1 X176.866 Y168.462 E585.08294
G1 X178.029 Y168.913 E585.12443
G1 X179.095 Y169.573 E585.16613
G1 X180.023 Y170.419 E585.2079
G1 X180.783 Y171.424 E585.2498
G1 X181.34 Y172.544 E585.29141
G1 X181.684 Y173.75 E585.33312
G1 X181.799 Y175 E585.37487
G1 X181.684 Y176.25 E585.41662
G1 X181.34 Y177.456 E585.45833
G1 X180.783 Y178.576 E585.49994
G1 X180.023 Y179.581 E585.54184
G1 X179.095 Y180.427 E585.58361
G1 X178.029 Y181.087 E585.62531
G1 X176.866 Y181.538 E585.6668
G1 X175.625 Y181.77 E585.70879
G0 F9000 X175.664 Y181.847
;MESH:NONMESH
G0 F300 X175.664 Y181.847 Z41
G0 F9000 X175.319 Y181.694
;TIME_ELAPSED:1781.351387
;LAYER:204
;TYPE:WALL-OUTER
;MESH:diffuser_reactor.stl
G1 F600 X176.579 Y181.512 E585.75113
G1 X177.783 Y181.096 E585.7935
G1 X178.887 Y180.459 E585.83589
G1 X179.849 Y179.625 E585.87824
G1 X180.637 Y178.623 E585.92064
G1 X181.22 Y177.491 E585.96299
G1 X181.58 Y176.268 E586.00539
G1 X181.701 Y175 E586.04776
G1 X181.58 Y173.732 E586.09012
G1 X181.22 Y172.509 E586.13252
G1 X180.637 Y171.377 E586.17488
G1 X179.849 Y170.375 E586.21727
G1 X178.887 Y169.541 E586.25962
G1 X177.783 Y168.904 E586.30201
G1 X176.579 Y168.488 E586.34438
G1 X175.319 Y168.306 E586.38672
G1 X174.046 Y168.367 E586.42911
G1 X172.808 Y168.667 E586.47148
G1 X171.65 Y169.197 E586.51384
G1 X170.611 Y169.936 E586.55624
G1 X169.733 Y170.858 E586.59859
G1 X169.044 Y171.93 E586.64097
G1 X168.57 Y173.112 E586.68333
G1 X168.329 Y174.363 E586.7257
G1 X168.329 Y175.637 E586.76808
G1 X168.57 Y176.888 E586.81045
G1 X169.044 Y178.07 E586.85281
G1 X169.733 Y179.142 E586.89519
G1 X170.611 Y180.064 E586.93754
G1 X171.65 Y180.803 E586.97995
G1 X172.808 Y181.333 E587.0223
G1 X174.046 Y181.633 E587.06467
G1 X175.319 Y181.694 E587.10706
G0 F9000 X175.625 Y181.77
G1 F600 X174.375 Y181.77 E587.14863
G1 X173.134 Y181.538 E587.19063
G1 X171.971 Y181.087 E587.23211
G1 X170.905 Y180.427 E587.27381
G1 X169.977 Y179.581 E587.31558
G1 X169.217 Y178.576 E587.35749
G1 X168.66 Y177.456 E587.39909
G1 X168.316 Y176.25 E587.4408
G1 X168.201 Y175 E587.48255
G1 X168.316 Y173.75 E587.52431
G1 X168.66 Y172.544 E587.56602
G1 X169.217 Y171.424 E587.60762
G1 X169.977 Y170.419 E587.64953
G1 X170.905 Y169.573 E587.6913
G1 X171.971 Y168.913 E587.733
G1 X173.134 Y168.462 E587.77448
G1 X174.375 Y168.23 E587.81648
G1 X175.625 Y168.23 E587.85805
G1 X176.866 Y168.462 E587.90004
G1 X178.029 Y168.913 E587.94153
G1 X179.095 Y169.573 E587.98323
G1 X180.023 Y170.419 E588.025
G1 X180.783 Y171.424 E588.0669
G1 X181.34 Y172.544 E588.10851
G1 X181.684 Y173.75 E588.15022
G1 X181.799 Y175 E588.19197
G1 X181.684 Y176.25 E588.23372
G1 X181.34 Y177.456 E588.27543
G1 X180.783 Y178.576 E588.31704
G1 X180.023 Y179.581 E588.35894
G1 X179.095 Y180.427 E588.40071
G1 X178.029 Y181.087 E588.44241
G1 X176.866 Y181.538 E588.4839
G1 X175.625 Y181.77 E588.52589
G0 F9000 X175.664 Y181.847
;MESH:NONMESH
G0 F300 X175.664 Y181.847 Z41.2
G0 F9000 X175.319 Y181.694
;TIME_ELAPSED:1789.995385
;LAYER:205
;TYPE:WALL-OUTER
;MESH:diffuser_reactor.stl
G1 F600 X176.579 Y181.512 E588.56823
G1 X177.783 Y181.096 E588.6106
G1 X178.887 Y180.459 E588.653
G1 X179.849 Y179.625 E588.69534
G1 X180.637 Y178.623 E588.73774
G1 X181.22 Y177.491 E588.78009
G1 X181.58 Y176.268 E588.82249
G1 X181.701 Y175 E588.86486
G1 X181.58 Y173.732 E588.90722
G1 X181.22 Y172.509 E588.94963
G1 X180.637 Y171.377 E588.99198
G1 X179.849 Y170.375 E589.03437
G1 X178.887 Y169.541 E589.07672
G1 X177.783 Y168.904 E589.11911
G1 X176.579 Y168.488 E589.16148
G1 X175.319 Y168.306 E589.20382
G1 X174.046 Y168.367 E589.24621
G1 X172.808 Y168.667 E589.28858
G1 X171.65 Y169.197 E589.33094
G1 X170.611 Y169.936 E589.37335
G1 X169.733 Y170.858 E589.41569
G1 X169.044 Y171.93 E589.45808
G1 X168.57 Y173.112 E589.50043
G1 X168.329 Y174.363 E589.54281
G1 X168.329 Y175.637 E589.58518
G1 X168.57 Y176.888 E589.62755
G1 X169.044 Y178.07 E589.66991
G1 X169.733 Y179.142 E589.71229
G1 X170.611 Y180.064 E589.75464
G1 X171.65 Y180.803 E589.79705
G1 X172.808 Y181.333 E589.8394
G1 X174.046 Y181.633 E589.88177
G1 X175.319 Y181.694 E589.92416
G0 F9000 X175.625 Y181.77
G1 F600 X174.375 Y181.77 E589.96574
G1 X173.134 Y181.538 E590.00773
G1 X171.971 Y181.087 E590.04922
G1 X170.905 Y180.427 E590.09092
G1 X169.977 Y179.581 E590.13268
G1 X169.217 Y178.576 E590.17459
G1 X168.66 Y177.456 E590.21619
G1 X168.316 Y176.25 E590.25791
G1 X168.201 Y175 E590.29966
G1 X168.316 Y173.75 E590.34141
G1 X168.66 Y172.544 E590.38312
G1 X169.217 Y171.424 E590.42472
G1 X169.977 Y170.419 E590.46663
G1 X170.905 Y169.573 E590.5084
G1 X171.971 Y168.913 E590.5501
G1 X173.134 Y168.462 E590.59159
G1 X174.375 Y168.23 E590.63358
G1 X175.625 Y168.23 E590.67515
G1 X176.866 Y168.462 E590.71714
G1 X178.029 Y168.913 E590.75863
G1 X179.095 Y169.573 E590.80033
G1 X180.023 Y170.419 E590.8421
G1 X180.783 Y171.424 E590.88401
G1 X181.34 Y172.544 E590.92561
G1 X181.684 Y173.75 E590.96732
G1 X181.799 Y175 E591.00907
G1 X181.684 Y176.25 E591.05082
G1 X181.34 Y177.456 E591.09253
G1 X180.783 Y178.576 E591.13414
G1 X180.023 Y179.581 E591.17605
G1 X179.095 Y180.427 E591.21781
G1 X178.029 Y181.087 E591.25951
G1 X176.866 Y181.538 E591.301
G1 X175.625 Y181.77 E591.34299
G0 F9000 X175.664 Y181.847
;MESH:NONMESH
G0 F300 X175.664 Y181.847 Z41.4
G0 F9000 X175.319 Y181.694
;TIME_ELAPSED:1798.639383
;LAYER:206
;TYPE:WALL-OUTER
;MESH:diffuser_reactor.stl
G1 F600 X176.579 Y181.512 E591.38534
G1 X177.783 Y181.096 E591.4277
G1 X178.887 Y180.459 E591.4701
G1 X179.849 Y179.625 E591.51244
G1 X180.637 Y178.623 E591.55484
G1 X181.22 Y177.491 E591.59719
G1 X181.58 Y176.268 E591.63959
G1 X181.701 Y175 E591.68196
G1 X181.58 Y173.732 E591.72432
G1 X181.22 Y172.509 E591.76673
G1 X180.637 Y171.377 E591.80908
G1 X179.849 Y170.375 E591.85148
G1 X178.887 Y169.541 E591.89382
G1 X177.783 Y168.904 E591.93622
G1 X176.579 Y168.488 E591.97858
G1 X175.319 Y168.306 E592.02093
G1 X174.046 Y168.367 E592.06331
G1 X172.808 Y168.667 E592.10568
G1 X171.65 Y169.197 E592.14804
G1 X170.611 Y169.936 E592.19045
G1 X169.733 Y170.858 E592.23279
G1 X169.044 Y171.93 E592.27518
G1 X168.57 Y173.112 E592.31753
G1 X168.329 Y174.363 E592.35991
G1 X168.329 Y175.637 E592.40228
G1 X168.57 Y176.888 E592.44465
G1 X169.044 Y178.07 E592.48701
G1 X169.733 Y179.142 E592.5294
G1 X170.611 Y180.064 E592.57174
G1 X171.65 Y180.803 E592.61415
G1 X172.808 Y181.333 E592.65651
G1 X174.046 Y181.633 E592.69887
G1 X175.319 Y181.694 E592.74126
G0 F9000 X175.625 Y181.77
G1 F600 X174.375 Y181.77 E592.78284
G1 X173.134 Y181.538 E592.82483
G1 X171.971 Y181.087 E592.86632
G1 X170.905 Y180.427 E592.90802
G1 X169.977 Y179.581 E592.94978
G1 X169.217 Y178.576 E592.99169
G1 X168.66 Y177.456 E593.0333
G1 X168.316 Y176.25 E593.07501
G1 X168.201 Y175 E593.11676
G1 X168.316 Y173.75 E593.15851
G1 X168.66 Y172.544 E593.20022
G1 X169.217 Y171.424 E593.24182
G1 X169.977 Y170.419 E593.28373
G1 X170.905 Y169.573 E593.3255
G1 X171.971 Y168.913 E593.3672
G1 X173.134 Y168.462 E593.40869
G1 X174.375 Y168.23 E593.45068
G1 X175.625 Y168.23 E593.49225
G1 X176.866 Y168.462 E593.53424
G1 X178.029 Y168.913 E593.57573
G1 X179.095 Y169.573 E593.61743
G1 X180.023 Y170.419 E593.6592
G1 X180.783 Y171.424 E593.70111
G1 X181.34 Y172.544 E593.74271
G1 X181.684 Y173.75 E593.78442
G1 X181.799 Y175 E593.82617
G1 X181.684 Y176.25 E593.86792
G1 X181.34 Y177.456 E593.90964
G1 X180.783 Y178.576 E593.95124
G1 X180.023 Y179.581 E593.99315
G1 X179.095 Y180.427 E594.03491
G1 X178.029 Y181.087 E594.07662
G1 X176.866 Y181.538 E594.1181
G1 X175.625 Y181.77 E594.16009
G0 F9000 X175.664 Y181.847
;MESH:NONMESH
G0 F300 X175.664 Y181.847 Z41.6
G0 F9000 X175.319 Y181.694
;TIME_ELAPSED:1807.283381
;LAYER:207
;TYPE:WALL-OUTER
;MESH:diffuser_reactor.stl
G1 F600 X176.579 Y181.512 E594.20244
G1 X177.783 Y181.096 E594.2448
G1 X178.887 Y180.459 E594.2872
G1 X179.849 Y179.625 E594.32954
G1 X180.637 Y178.623 E594.37194
G1 X181.22 Y177.491 E594.41429
G1 X181.58 Y176.268 E594.4567
G1 X181.701 Y175 E594.49906
G1 X181.58 Y173.732 E594.54143
G1 X181.22 Y172.509 E594.58383
G1 X180.637 Y171.377 E594.62618
G1 X179.849 Y170.375 E594.66858
G1 X178.887 Y169.541 E594.71092
G1 X177.783 Y168.904 E594.75332
G1 X176.579 Y168.488 E594.79568
G1 X175.319 Y168.306 E594.83803
G1 X174.046 Y168.367 E594.88042
G1 X172.808 Y168.667 E594.92278
G1 X171.65 Y169.197 E594.96514
G1 X170.611 Y169.936 E595.00755
G1 X169.733 Y170.858 E595.04989
G1 X169.044 Y171.93 E595.09228
G1 X168.57 Y173.112 E595.13464
G1 X168.329 Y174.363 E595.17701
G1 X168.329 Y175.637 E595.21938
G1 X168.57 Y176.888 E595.26176
G1 X169.044 Y178.07 E595.30411
G1 X169.733 Y179.142 E595.3465
G1 X170.611 Y180.064 E595.38884
G1 X171.65 Y180.803 E595.43125
G1 X172.808 Y181.333 E595.47361
G1 X174.046 Y181.633 E595.51597
G1 X175.319 Y181.694 E595.55836
G0 F9000 X175.625 Y181.77
G1 F600 X174.375 Y181.77 E595.59994
G1 X173.134 Y181.538 E595.64193
G1 X171.971 Y181.087 E595.68342
G1 X170.905 Y180.427 E595.72512
G1 X169.977 Y179.581 E595.76689
G1 X169.217 Y178.576 E595.80879
G1 X168.66 Y177.456 E595.8504
G1 X168.316 Y176.25 E595.89211
G1 X168.201 Y175 E595.93386
G1 X168.316 Y173.75 E595.97561
G1 X168.66 Y172.544 E596.01732
G1 X169.217 Y171.424 E596.05893
G1 X169.977 Y170.419 E596.10083
G1 X170.905 Y169.573 E596.1426
G1 X171.971 Y168.913 E596.1843
G1 X173.134 Y168.462 E596.22579
G1 X174.375 Y168.23 E596.26778
G1 X175.625 Y168.23 E596.30935
G1 X176.866 Y168.462 E596.35135
G1 X178.029 Y168.913 E596.39283
G1 X179.095 Y169.573 E596.43453
G1 X180.023 Y170.419 E596.4763
G1 X180.783 Y171.424 E596.51821
G1 X181.34 Y172.544 E596.55981
G1 X181.684 Y173.75 E596.60152
G1 X181.799 Y175 E596.64328
G1 X181.684 Y176.25 E596.68503
G1 X181.34 Y177.456 E596.72674
G1 X180.783 Y178.576 E596.76834
G1 X180.023 Y179.581 E596.81025
G1 X179.095 Y180.427 E596.85202
G1 X178.029 Y181.087 E596.89372
G1 X176.866 Y181.538 E596.9352
G1 X175.625 Y181.77 E596.9772
G0 F9000 X175.664 Y181.847
;MESH:NONMESH
G0 F300 X175.664 Y181.847 Z41.8
G0 F9000 X175.319 Y181.694
;TIME_ELAPSED:1815.927379
;LAYER:208
;TYPE:WALL-OUTER
;MESH:diffuser_reactor.stl
G1 F600 X176.579 Y181.512 E597.01954
G1 X177.783 Y181.096 E597.06191
G1 X178.887 Y180.459 E597.1043
G1 X179.849 Y179.625 E597.14665
G1 X180.637 Y178.623 E597.18904
G1 X181.22 Y177.491 E597.23139
G1 X181.58 Y176.268 E597.2738
G1 X181.701 Y175 E597.31616
G1 X181.58 Y173.732 E597.35853
G1 X181.22 Y172.509 E597.40093
G1 X180.637 Y171.377 E597.44328
G1 X179.849 Y170.375 E597.48568
G1 X178.887 Y169.541 E597.52803
G1 X177.783 Y168.904 E597.57042
G1 X176.579 Y168.488 E597.61279
G1 X175.319 Y168.306 E597.65513
G1 X174.046 Y168.367 E597.69752
G1 X172.808 Y168.667 E597.73989
G1 X171.65 Y169.197 E597.78224
G1 X170.611 Y169.936 E597.82465
G1 X169.733 Y170.858 E597.867
G1 X169.044 Y171.93 E597.90938
G1 X168.57 Y173.112 E597.95174
G1 X168.329 Y174.363 E597.99411
G1 X168.329 Y175.637 E598.03648
G1 X168.57 Y176.888 E598.07886
G1 X169.044 Y178.07 E598.12121
G1 X169.733 Y179.142 E598.1636
G1 X170.611 Y180.064 E598.20594
G1 X171.65 Y180.803 E598.24835
G1 X172.808 Y181.333 E598.29071
G1 X174.046 Y181.633 E598.33308
G1 X175.319 Y181.694 E598.37547
G0 F9000 X175.625 Y181.77
G1 F600 X174.375 Y181.77 E598.41704
G1 X173.134 Y181.538 E598.45903
G1 X171.971 Y181.087 E598.50052
G1 X170.905 Y180.427 E598.54222
G1 X169.977 Y179.581 E598.58399
G1 X169.217 Y178.576 E598.62589
G1 X168.66 Y177.456 E598.6675
G1 X168.316 Y176.25 E598.70921
G1 X168.201 Y175 E598.75096
G1 X168.316 Y173.75 E598.79271
G1 X168.66 Y172.544 E598.83442
G1 X169.217 Y171.424 E598.87603
G1 X169.977 Y170.419 E598.91793
G1 X170.905 Y169.573 E598.9597
G1 X171.971 Y168.913 E599.0014
G1 X173.134 Y168.462 E599.04289
G1 X174.375 Y168.23 E599.08488
G1 X175.625 Y168.23 E599.12646
G1 X176.866 Y168.462 E599.16845
G1 X178.029 Y168.913 E599.20994
G1 X179.095 Y169.573 E599.25164
G1 X180.023 Y170.419 E599.2934
G1 X180.783 Y171.424 E599.33531
G1 X181.34 Y172.544 E599.37691
G1 X181.684 Y173.75 E599.41863
G1 X181.799 Y175 E599.46038
G1 X181.684 Y176.25 E599.50213
G1 X181.34 Y177.456 E599.54384
G1 X180.783 Y178.576 E599.58544
G1 X180.023 Y179.581 E599.62735
G1 X179.095 Y180.427 E599.66912
G1 X178.029 Y181.087 E599.71082
G1 X176.866 Y181.538 E599.75231
G1 X175.625 Y181.77 E599.7943
G0 F9000 X175.664 Y181.847
;MESH:NONMESH
G0 F300 X175.664 Y181.847 Z42
G0 F9000 X175.319 Y181.694
;TIME_ELAPSED:1824.571377
;LAYER:209
;TYPE:WALL-OUTER
;MESH:diffuser_reactor.stl
G1 F600 X176.579 Y181.512 E599.83664
G1 X177.783 Y181.096 E599.87901
G1 X178.887 Y180.459 E599.9214
G1 X179.849 Y179.625 E599.96375
G1 X180.637 Y178.623 E600.00615
G1 X181.22 Y177.491 E600.0485
G1 X181.58 Y176.268 E600.0909
G1 X181.701 Y175 E600.13326
G1 X181.58 Y173.732 E600.17563
G1 X181.22 Y172.509 E600.21803
G1 X180.637 Y171.377 E600.26038
G1 X179.849 Y170.375 E600.30278
G1 X178.887 Y169.541 E600.34513
G1 X177.783 Y168.904 E600.38752
G1 X176.579 Y168.488 E600.42989
G1 X175.319 Y168.306 E600.47223
G1 X174.046 Y168.367 E600.51462
G1 X172.808 Y168.667 E600.55699
G1 X171.65 Y169.197 E600.59934
G1 X170.611 Y169.936 E600.64175
G1 X169.733 Y170.858 E600.6841
G1 X169.044 Y171.93 E600.72648
G1 X168.57 Y173.112 E600.76884
G1 X168.329 Y174.363 E600.81121
G1 X168.329 Y175.637 E600.85359
G1 X168.57 Y176.888 E600.89596
G1 X169.044 Y178.07 E600.93832
G1 X169.733 Y179.142 E600.9807
G1 X170.611 Y180.064 E601.02305
G1 X171.65 Y180.803 E601.06545
G1 X172.808 Y181.333 E601.10781
G1 X174.046 Y181.633 E601.15018
G1 X175.319 Y181.694 E601.19257
G0 F9000 X175.625 Y181.77
G1 F600 X174.375 Y181.77 E601.23414
G1 X173.134 Y181.538 E601.27613
G1 X171.971 Y181.087 E601.31762
G1 X170.905 Y180.427 E601.35932
G1 X169.977 Y179.581 E601.40109
G1 X169.217 Y178.576 E601.443
G1 X168.66 Y177.456 E601.4846
G1 X168.316 Y176.25 E601.52631
G1 X168.201 Y175 E601.56806
G1 X168.316 Y173.75 E601.60981
G1 X168.66 Y172.544 E601.65152
G1 X169.217 Y171.424 E601.69313
G1 X169.977 Y170.419 E601.73504
G1 X170.905 Y169.573 E601.7768
G1 X171.971 Y168.913 E601.8185
G1 X173.134 Y168.462 E601.85999
G1 X174.375 Y168.23 E601.90198
G1 X175.625 Y168.23 E601.94356
G1 X176.866 Y168.462 E601.98555
G1 X178.029 Y168.913 E602.02704
G1 X179.095 Y169.573 E602.06874
G1 X180.023 Y170.419 E602.1105
G1 X180.783 Y171.424 E602.15241
G1 X181.34 Y172.544 E602.19402
G1 X181.684 Y173.75 E602.23573
G1 X181.799 Y175 E602.27748
G1 X181.684 Y176.25 E602.31923
G1 X181.34 Y177.456 E602.36094
G1 X180.783 Y178.576 E602.40254
G1 X180.023 Y179.581 E602.44445
G1 X179.095 Y180.427 E602.48622
G1 X178.029 Y181.087 E602.52792
G1 X176.866 Y181.538 E602.56941
G1 X175.625 Y181.77 E602.6114
G0 F9000 X175.664 Y181.847
;MESH:NONMESH
G0 F300 X175.664 Y181.847 Z42.2
G0 F9000 X175.319 Y181.694
;TIME_ELAPSED:1833.215375
;LAYER:210
;TYPE:WALL-OUTER
;MESH:diffuser_reactor.stl
G1 F600 X176.579 Y181.512 E602.65374
G1 X177.783 Y181.096 E602.69611
G1 X178.887 Y180.459 E602.7385
G1 X179.849 Y179.625 E602.78085
G1 X180.637 Y178.623 E602.82325
G1 X181.22 Y177.491 E602.8656
G1 X181.58 Y176.268 E602.908
G1 X181.701 Y175 E602.95037
G1 X181.58 Y173.732 E602.99273
G1 X181.22 Y172.509 E603.03513
G1 X180.637 Y171.377 E603.07748
G1 X179.849 Y170.375 E603.11988
G1 X178.887 Y169.541 E603.16223
G1 X177.783 Y168.904 E603.20462
G1 X176.579 Y168.488 E603.24699
G1 X175.319 Y168.306 E603.28933
G1 X174.046 Y168.367 E603.33172
G1 X172.808 Y168.667 E603.37409
G1 X171.65 Y169.197 E603.41645
G1 X170.611 Y169.936 E603.45885
G1 X169.733 Y170.858 E603.5012
G1 X169.044 Y171.93 E603.54358
G1 X168.57 Y173.112 E603.58594
G1 X168.329 Y174.363 E603.62831
G1 X168.329 Y175.637 E603.67069
G1 X168.57 Y176.888 E603.71306
G1 X169.044 Y178.07 E603.75542
G1 X169.733 Y179.142 E603.7978
G1 X170.611 Y180.064 E603.84015
G1 X171.65 Y180.803 E603.88255
G1 X172.808 Y181.333 E603.92491
G1 X174.046 Y181.633 E603.96728
G1 X175.319 Y181.694 E604.00967
G0 F9000 X175.625 Y181.77
G1 F600 X174.375 Y181.77 E604.05124
G1 X173.134 Y181.538 E604.09323
G1 X171.971 Y181.087 E604.13472
G1 X170.905 Y180.427 E604.17642
G1 X169.977 Y179.581 E604.21819
G1 X169.217 Y178.576 E604.2601
G1 X168.66 Y177.456 E604.3017
G1 X168.316 Y176.25 E604.34341
G1 X168.201 Y175 E604.38516
G1 X168.316 Y173.75 E604.42691
G1 X168.66 Y172.544 E604.46863
G1 X169.217 Y171.424 E604.51023
G1 X169.977 Y170.419 E604.55214
G1 X170.905 Y169.573 E604.5939
G1 X171.971 Y168.913 E604.6356
G1 X173.134 Y168.462 E604.67709
G1 X174.375 Y168.23 E604.71908
G1 X175.625 Y168.23 E604.76066
G1 X176.866 Y168.462 E604.80265
G1 X178.029 Y168.913 E604.84414
G1 X179.095 Y169.573 E604.88584
G1 X180.023 Y170.419 E604.92761
G1 X180.783 Y171.424 E604.96951
G1 X181.34 Y172.544 E605.01112
G1 X181.684 Y173.75 E605.05283
G1 X181.799 Y175 E605.09458
G1 X181.684 Y176.25 E605.13633
G1 X181.34 Y177.456 E605.17804
G1 X180.783 Y178.576 E605.21965
G1 X180.023 Y179.581 E605.26155
G1 X179.095 Y180.427 E605.30332
G1 X178.029 Y181.087 E605.34502
G1 X176.866 Y181.538 E605.38651
G1 X175.625 Y181.77 E605.4285
G0 F9000 X175.664 Y181.847
;MESH:NONMESH
G0 F300 X175.664 Y181.847 Z42.4
G0 F9000 X175.319 Y181.694
;TIME_ELAPSED:1841.859373
;LAYER:211
;TYPE:WALL-OUTER
;MESH:diffuser_reactor.stl
G1 F600 X176.579 Y181.512 E605.47084
G1 X177.783 Y181.096 E605.51321
G1 X178.887 Y180.459 E605.5556
G1 X179.849 Y179.625 E605.59795
G1 X180.637 Y178.623 E605.64035
G1 X181.22 Y177.491 E605.6827
G1 X181.58 Y176.268 E605.7251
G1 X181.701 Y175 E605.76747
G1 X181.58 Y173.732 E605.80983
G1 X181.22 Y172.509 E605.85224
G1 X180.637 Y171.377 E605.89459
G1 X179.849 Y170.375 E605.93698
G1 X178.887 Y169.541 E605.97933
G1 X177.783 Y168.904 E606.02172
G1 X176.579 Y168.488 E606.06409
G1 X175.319 Y168.306 E606.10643
G1 X174.046 Y168.367 E606.14882
G1 X172.808 Y168.667 E606.19119
G1 X171.65 Y169.197 E606.23355
G1 X170.611 Y169.936 E606.27595
G1 X169.733 Y170.858 E606.3183
G1 X169.044 Y171.93 E606.36068
G1 X168.57 Y173.112 E606.40304
G1 X168.329 Y174.363 E606.44541
G1 X168.329 Y175.637 E606.48779
G1 X168.57 Y176.888 E606.53016
G1 X169.044 Y178.07 E606.57252
G1 X169.733 Y179.142 E606.6149
G1 X170.611 Y180.064 E606.65725
G1 X171.65 Y180.803 E606.69966
G1 X172.808 Y181.333 E606.74201
G1 X174.046 Y181.633 E606.78438
G1 X175.319 Y181.694 E606.82677
G0 F9000 X175.625 Y181.77
G1 F600 X174.375 Y181.77 E606.86834
G1 X173.134 Y181.538 E606.91034
G1 X171.971 Y181.087 E606.95182
G1 X170.905 Y180.427 E606.99352
G1 X169.977 Y179.581 E607.03529
G1 X169.217 Y178.576 E607.0772
G1 X168.66 Y177.456 E607.1188
G1 X168.316 Y176.25 E607.16051
G1 X168.201 Y175 E607.20227
G1 X168.316 Y173.75 E607.24402
G1 X168.66 Y172.544 E607.28573
G1 X169.217 Y171.424 E607.32733
G1 X169.977 Y170.419 E607.36924
G1 X170.905 Y169.573 E607.41101
G1 X171.971 Y168.913 E607.45271
G1 X173.134 Y168.462 E607.49419
G1 X174.375 Y168.23 E607.53619
G1 X175.625 Y168.23 E607.57776
G1 X176.866 Y168.462 E607.61975
G1 X178.029 Y168.913 E607.66124
G1 X179.095 Y169.573 E607.70294
G1 X180.023 Y170.419 E607.74471
G1 X180.783 Y171.424 E607.78662
G1 X181.34 Y172.544 E607.82822
G1 X181.684 Y173.75 E607.86993
G1 X181.799 Y175 E607.91168
G1 X181.684 Y176.25 E607.95343
G1 X181.34 Y177.456 E607.99514
G1 X180.783 Y178.576 E608.03675
G1 X180.023 Y179.581 E608.07866
G1 X179.095 Y180.427 E608.12042
G1 X178.029 Y181.087 E608.16212
G1 X176.866 Y181.538 E608.20361
G1 X175.625 Y181.77 E608.2456
G0 F9000 X175.664 Y181.847
;MESH:NONMESH
G0 F300 X175.664 Y181.847 Z42.6
G0 F9000 X175.319 Y181.694
;TIME_ELAPSED:1850.503371
;LAYER:212
;TYPE:WALL-OUTER
;MESH:diffuser_reactor.stl
G1 F600 X176.579 Y181.512 E608.28794
G1 X177.783 Y181.096 E608.33031
G1 X178.887 Y180.459 E608.37271
G1 X179.849 Y179.625 E608.41505
G1 X180.637 Y178.623 E608.45745
G1 X181.22 Y177.491 E608.4998
G1 X181.58 Y176.268 E608.5422
G1 X181.701 Y175 E608.58457
G1 X181.58 Y173.732 E608.62693
G1 X181.22 Y172.509 E608.66934
G1 X180.637 Y171.377 E608.71169
G1 X179.849 Y170.375 E608.75408
G1 X178.887 Y169.541 E608.79643
G1 X177.783 Y168.904 E608.83882
G1 X176.579 Y168.488 E608.88119
G1 X175.319 Y168.306 E608.92353
G1 X174.046 Y168.367 E608.96592
G1 X172.808 Y168.667 E609.00829
G1 X171.65 Y169.197 E609.05065
G1 X170.611 Y169.936 E609.09306
G1 X169.733 Y170.858 E609.1354
G1 X169.044 Y171.93 E609.17779
G1 X168.57 Y173.112 E609.22014
G1 X168.329 Y174.363 E609.26252
G1 X168.329 Y175.637 E609.30489
G1 X168.57 Y176.888 E609.34726
G1 X169.044 Y178.07 E609.38962
G1 X169.733 Y179.142 E609.432
G1 X170.611 Y180.064 E609.47435
G1 X171.65 Y180.803 E609.51676
G1 X172.808 Y181.333 E609.55911
G1 X174.046 Y181.633 E609.60148
G1 X175.319 Y181.694 E609.64387
G0 F9000 X175.625 Y181.77
G1 F600 X174.375 Y181.77 E609.68545
G1 X173.134 Y181.538 E609.72744
G1 X171.971 Y181.087 E609.76893
G1 X170.905 Y180.427 E609.81063
G1 X169.977 Y179.581 E609.85239
G1 X169.217 Y178.576 E609.8943
G1 X168.66 Y177.456 E609.9359
G1 X168.316 Y176.25 E609.97762
G1 X168.201 Y175 E610.01937
G1 X168.316 Y173.75 E610.06112
G1 X168.66 Y172.544 E610.10283
G1 X169.217 Y171.424 E610.14443
G1 X169.977 Y170.419 E610.18634
G1 X170.905 Y169.573 E610.22811
G1 X171.971 Y168.913 E610.26981
G1 X173.134 Y168.462 E610.3113
G1 X174.375 Y168.23 E610.35329
G1 X175.625 Y168.23 E610.39486
G1 X176.866 Y168.462 E610.43685
G1 X178.029 Y168.913 E610.47834
G1 X179.095 Y169.573 E610.52004
G1 X180.023 Y170.419 E610.56181
G1 X180.783 Y171.424 E610.60372
G1 X181.34 Y172.544 E610.64532
G1 X181.684 Y173.75 E610.68703
G1 X181.799 Y175 E610.72878
G1 X181.684 Y176.25 E610.77053
G1 X181.34 Y177.456 E610.81224
G1 X180.783 Y178.576 E610.85385
G1 X180.023 Y179.581 E610.89576
G1 X179.095 Y180.427 E610.93752
G1 X178.029 Y181.087 E610.97922
G1 X176.866 Y181.538 E611.02071
G1 X175.625 Y181.77 E611.0627
G0 F9000 X175.664 Y181.847
;MESH:NONMESH
G0 F300 X175.664 Y181.847 Z42.8
G0 F9000 X175.319 Y181.694
;TIME_ELAPSED:1859.147369
;LAYER:213
;TYPE:WALL-OUTER
;MESH:diffuser_reactor.stl
G1 F600 X176.579 Y181.512 E611.10505
G1 X177.783 Y181.096 E611.14741
G1 X178.887 Y180.459 E611.18981
G1 X179.849 Y179.625 E611.23215
G1 X180.637 Y178.623 E611.27455
G1 X181.22 Y177.491 E611.3169
G1 X181.58 Y176.268 E611.3593
G1 X181.701 Y175 E611.40167
G1 X181.58 Y173.732 E611.44404
G1 X181.22 Y172.509 E611.48644
G1 X180.637 Y171.377 E611.52879
G1 X179.849 Y170.375 E611.57119
G1 X178.887 Y169.541 E611.61353
G1 X177.783 Y168.904 E611.65593
G1 X176.579 Y168.488 E611.69829
G1 X175.319 Y168.306 E611.74064
G1 X174.046 Y168.367 E611.78303
G1 X172.808 Y168.667 E611.82539
G1 X171.65 Y169.197 E611.86775
G1 X170.611 Y169.936 E611.91016
G1 X169.733 Y170.858 E611.9525
G1 X169.044 Y171.93 E611.99489
G1 X168.57 Y173.112 E612.03724
G1 X168.329 Y174.363 E612.07962
G1 X168.329 Y175.637 E612.12199
G1 X168.57 Y176.888 E612.16436
G1 X169.044 Y178.07 E612.20672
G1 X169.733 Y179.142 E612.24911
G1 X170.611 Y180.064 E612.29145
G1 X171.65 Y180.803 E612.33386
G1 X172.808 Y181.333 E612.37622
G1 X174.046 Y181.633 E612.41858
G1 X175.319 Y181.694 E612.46097
G0 F9000 X175.625 Y181.77
G1 F600 X174.375 Y181.77 E612.50255
G1 X173.134 Y181.538 E612.54454
G1 X171.971 Y181.087 E612.58603
G1 X170.905 Y180.427 E612.62773
G1 X169.977 Y179.581 E612.66949
G1 X169.217 Y178.576 E612.7114
G1 X168.66 Y177.456 E612.75301
G1 X168.316 Y176.25 E612.79472
G1 X168.201 Y175 E612.83647
G1 X168.316 Y173.75 E612.87822
G1 X168.66 Y172.544 E612.91993
G1 X169.217 Y171.424 E612.96153
G1 X169.977 Y170.419 E613.00344
G1 X170.905 Y169.573 E613.04521
G1 X171.971 Y168.913 E613.08691
G1 X173.134 Y168.462 E613.1284
G1 X174.375 Y168.23 E613.17039
G1 X175.625 Y168.23 E613.21196
G1 X176.866 Y168.462 E613.25395
G1 X178.029 Y168.913 E613.29544
G1 X179.095 Y169.573 E613.33714
G1 X180.023 Y170.419 E613.37891
G1 X180.783 Y171.424 E613.42082
G1 X181.34 Y172.544 E613.46242
G1 X181.684 Y173.75 E613.50413
G1 X181.799 Y175 E613.54588
G1 X181.684 Y176.25 E613.58763
G1 X181.34 Y177.456 E613.62935
G1 X180.783 Y178.576 E613.67095
G1 X180.023 Y179.581 E613.71286
G1 X179.095 Y180.427 E613.75462
G1 X178.029 Y181.087 E613.79633
G1 X176.866 Y181.538 E613.83781
G1 X175.625 Y181.77 E613.8798
G0 F9000 X175.664 Y181.847
;MESH:NONMESH
G0 F300 X175.664 Y181.847 Z43
G0 F9000 X175.319 Y181.694
;TIME_ELAPSED:1867.791367
;LAYER:214
;TYPE:WALL-OUTER
;MESH:diffuser_reactor.stl
G1 F600 X176.579 Y181.512 E613.92215
G1 X177.783 Y181.096 E613.96452
G1 X178.887 Y180.459 E614.00691
G1 X179.849 Y179.625 E614.04925
G1 X180.637 Y178.623 E614.09165
G1 X181.22 Y177.491 E614.134
G1 X181.58 Y176.268 E614.17641
G1 X181.701 Y175 E614.21877
G1 X181.58 Y173.732 E614.26114
G1 X181.22 Y172.509 E614.30354
G1 X180.637 Y171.377 E614.34589
G1 X179.849 Y170.375 E614.38829
G1 X178.887 Y169.541 E614.43063
G1 X177.783 Y168.904 E614.47303
G1 X176.579 Y168.488 E614.5154
G1 X175.319 Y168.306 E614.55774
G1 X174.046 Y168.367 E614.60013
G1 X172.808 Y168.667 E614.64249
G1 X171.65 Y169.197 E614.68485
G1 X170.611 Y169.936 E614.72726
G1 X169.733 Y170.858 E614.7696
G1 X169.044 Y171.93 E614.81199
G1 X168.57 Y173.112 E614.85435
G1 X168.329 Y174.363 E614.89672
G1 X168.329 Y175.637 E614.93909
G1 X168.57 Y176.888 E614.98147
G1 X169.044 Y178.07 E615.02382
G1 X169.733 Y179.142 E615.06621
G1 X170.611 Y180.064 E615.10855
G1 X171.65 Y180.803 E615.15096
G1 X172.808 Y181.333 E615.19332
G1 X174.046 Y181.633 E615.23569
G1 X175.319 Y181.694 E615.27807
G0 F9000 X175.625 Y181.77
G1 F600 X174.375 Y181.77 E615.31965
G1 X173.134 Y181.538 E615.36164
G1 X171.971 Y181.087 E615.40313
G1 X170.905 Y180.427 E615.44483
G1 X169.977 Y179.581 E615.4866
G1 X169.217 Y178.576 E615.5285
G1 X168.66 Y177.456 E615.57011
G1 X168.316 Y176.25 E615.61182
G1 X168.201 Y175 E615.65357
G1 X168.316 Y173.75 E615.69532
G1 X168.66 Y172.544 E615.73703
G1 X169.217 Y171.424 E615.77864
G1 X169.977 Y170.419 E615.82054
G1 X170.905 Y169.573 E615.86231
G1 X171.971 Y168.913 E615.90401
G1 X173.134 Y168.462 E615.9455
G1 X174.375 Y168.23 E615.98749
G1 X175.625 Y168.23 E616.02907
G1 X176.866 Y168.462 E616.07106
G1 X178.029 Y168.913 E616.11254
G1 X179.095 Y169.573 E616.15425
G1 X180.023 Y170.419 E616.19601
G1 X180.783 Y171.424 E616.23792
G1 X181.34 Y172.544 E616.27952
G1 X181.684 Y173.75 E616.32123
G1 X181.799 Y175 E616.36299
G1 X181.684 Y176.25 E616.40474
G1 X181.34 Y177.456 E616.44645
G1 X180.783 Y178.576 E616.48805
G1 X180.023 Y179.581 E616.52996
G1 X179.095 Y180.427 E616.57173
G1 X178.029 Y181.087 E616.61343
G1 X176.866 Y181.538 E616.65492
G1 X175.625 Y181.77 E616.69691
G0 F9000 X175.664 Y181.847
;MESH:NONMESH
G0 F300 X175.664 Y181.847 Z43.2
G0 F9000 X175.319 Y181.694
;TIME_ELAPSED:1876.435365
;LAYER:215
;TYPE:WALL-OUTER
;MESH:diffuser_reactor.stl
G1 F600 X176.579 Y181.512 E616.73925
G1 X177.783 Y181.096 E616.78162
G1 X178.887 Y180.459 E616.82401
G1 X179.849 Y179.625 E616.86636
G1 X180.637 Y178.623 E616.90875
G1 X181.22 Y177.491 E616.9511
G1 X181.58 Y176.268 E616.99351
G1 X181.701 Y175 E617.03587
G1 X181.58 Y173.732 E617.07824
G1 X181.22 Y172.509 E617.12064
G1 X180.637 Y171.377 E617.16299
G1 X179.849 Y170.375 E617.20539
G1 X178.887 Y169.541 E617.24774
G1 X177.783 Y168.904 E617.29013
G1 X176.579 Y168.488 E617.3325
G1 X175.319 Y168.306 E617.37484
G1 X174.046 Y168.367 E617.41723
G1 X172.808 Y168.667 E617.4596
G1 X171.65 Y169.197 E617.50195
G1 X170.611 Y169.936 E617.54436
G1 X169.733 Y170.858 E617.58671
G1 X169.044 Y171.93 E617.62909
G1 X168.57 Y173.112 E617.67145
G1 X168.329 Y174.363 E617.71382
G1 X168.329 Y175.637 E617.75619
G1 X168.57 Y176.888 E617.79857
G1 X169.044 Y178.07 E617.84092
G1 X169.733 Y179.142 E617.88331
G1 X170.611 Y180.064 E617.92565
G1 X171.65 Y180.803 E617.96806
G1 X172.808 Y181.333 E618.01042
G1 X174.046 Y181.633 E618.05279
G1 X175.319 Y181.694 E618.09518
G0 F9000 X175.625 Y181.77
G1 F600 X174.375 Y181.77 E618.13675
G1 X173.134 Y181.538 E618.17874
G1 X171.971 Y181.087 E618.22023
G1 X170.905 Y180.427 E618.26193
G1 X169.977 Y179.581 E618.3037
G1 X169.217 Y178.576 E618.34561
G1 X168.66 Y177.456 E618.38721
G1 X168.316 Y176.25 E618.42892
G1 X168.201 Y175 E618.47067
G1 X168.316 Y173.75 E618.51242
G1 X168.66 Y172.544 E618.55413
G1 X169.217 Y171.424 E618.59574
G1 X169.977 Y170.419 E618.63765
G1 X170.905 Y169.573 E618.67941
G1 X171.971 Y168.913 E618.72111
G1 X173.134 Y168.462 E618.7626
G1 X174.375 Y168.23 E618.80459
G1 X175.625 Y168.23 E618.84617
G1 X176.866 Y168.462 E618.88816
G1 X178.029 Y168.913 E618.92965
G1 X179.095 Y169.573 E618.97135
G1 X180.023 Y170.419 E619.01311
G1 X180.783 Y171.424 E619.05502
G1 X181.34 Y172.544 E619.09662
G1 X181.684 Y173.75 E619.13834
G1 X181.799 Y175 E619.18009
G1 X181.684 Y176.25 E619.22184
G1 X181.34 Y177.456 E619.26355
G1 X180.783 Y178.576 E619.30515
G1 X180.023 Y179.581 E619.34706
G1 X179.095 Y180.427 E619.38883
G1 X178.029 Y181.087 E619.43053
G1 X176.866 Y181.538 E619.47202
G1 X175.625 Y181.77 E619.51401
G0 F9000 X175.664 Y181.847
;MESH:NONMESH
G0 F300 X175.664 Y181.847 Z43.4
G0 F9000 X175.319 Y181.694
;TIME_ELAPSED:1885.079363
;LAYER:216
;TYPE:WALL-OUTER
;MESH:diffuser_reactor.stl
G1 F600 X176.579 Y181.512 E619.55635
G1 X177.783 Y181.096 E619.59872
G1 X178.887 Y180.459 E619.64111
G1 X179.849 Y179.625 E619.68346
G1 X180.637 Y178.623 E619.72586
G1 X181.22 Y177.491 E619.76821
G1 X181.58 Y176.268 E619.81061
G1 X181.701 Y175 E619.85297
G1 X181.58 Y173.732 E619.89534
G1 X181.22 Y172.509 E619.93774
G1 X180.637 Y171.377 E619.98009
G1 X179.849 Y170.375 E620.02249
G1 X178.887 Y169.541 E620.06484
G1 X177.783 Y168.904 E620.10723
G1 X176.579 Y168.488 E620.1496
G1 X175.319 Y168.306 E620.19194
G1 X174.046 Y168.367 E620.23433
G1 X172.808 Y168.667 E620.2767
G1 X171.65 Y169.197 E620.31906
G1 X170.611 Y169.936 E620.36146
G1 X169.733 Y170.858 E620.40381
G1 X169.044 Y171.93 E620.44619
G1 X168.57 Y173.112 E620.48855
G1 X168.329 Y174.363 E620.53092
G1 X168.329 Y175.637 E620.5733
G1 X168.57 Y176.888 E620.61567
G1 X169.044 Y178.07 E620.65803
G1 X169.733 Y179.142 E620.70041
G1 X170.611 Y180.064 E620.74276
G1 X171.65 Y180.803 E620.78516
G1 X172.808 Y181.333 E620.82752
G1 X174.046 Y181.633 E620.86989
G1 X175.319 Y181.694 E620.91228
G0 F9000 X175.625 Y181.77
G1 F600 X174.375 Y181.77 E620.95385
G1 X173.134 Y181.538 E620.99584
G1 X171.971 Y181.087 E621.03733
G1 X170.905 Y180.427 E621.07903
G1 X169.977 Y179.581 E621.1208
G1 X169.217 Y178.576 E621.16271
G1 X168.66 Y177.456 E621.20431
G1 X168.316 Y176.25 E621.24602
G1 X168.201 Y175 E621.28777
G1 X168.316 Y173.75 E621.32952
G1 X168.66 Y172.544 E621.37123
G1 X169.217 Y171.424 E621.41284
G1 X169.977 Y170.419 E621.45475
G1 X170.905 Y169.573 E621.49651
G1 X171.971 Y168.913 E621.53821
G1 X173.134 Y168.462 E621.5797
G1 X174.375 Y168.23 E621.62169
G1 X175.625 Y168.23 E621.66327
G1 X176.866 Y168.462 E621.70526
G1 X178.029 Y168.913 E621.74675
G1 X179.095 Y169.573 E621.78845
G1 X180.023 Y170.419 E621.83021
G1 X180.783 Y171.424 E621.87212
G1 X181.34 Y172.544 E621.91373
G1 X181.684 Y173.75 E621.95544
G1 X181.799 Y175 E621.99719
G1 X181.684 Y176.25 E622.03894
G1 X181.34 Y177.456 E622.08065
G1 X180.783 Y178.576 E622.12225
G1 X180.023 Y179.581 E622.16416
G1 X179.095 Y180.427 E622.20593
G1 X178.029 Y181.087 E622.24763
G1 X176.866 Y181.538 E622.28912
G1 X175.625 Y181.77 E622.33111
G0 F9000 X175.664 Y181.847
;MESH:NONMESH
G0 F300 X175.664 Y181.847 Z43.6
G0 F9000 X175.319 Y181.694
;TIME_ELAPSED:1893.723361
;LAYER:217
;TYPE:WALL-OUTER
;MESH:diffuser_reactor.stl
G1 F600 X176.579 Y181.512 E622.37345
G1 X177.783 Y181.096 E622.41582
G1 X178.887 Y180.459 E622.45821
G1 X179.849 Y179.625 E622.50056
G1 X180.637 Y178.623 E622.54296
G1 X181.22 Y177.491 E622.58531
G1 X181.58 Y176.268 E622.62771
G1 X181.701 Y175 E622.67008
G1 X181.58 Y173.732 E622.71244
G1 X181.22 Y172.509 E622.75484
G1 X180.637 Y171.377 E622.79719
G1 X179.849 Y170.375 E622.83959
G1 X178.887 Y169.541 E622.88194
G1 X177.783 Y168.904 E622.92433
G1 X176.579 Y168.488 E622.9667
G1 X175.319 Y168.306 E623.00904
G1 X174.046 Y168.367 E623.05143
G1 X172.808 Y168.667 E623.0938
G1 X171.65 Y169.197 E623.13616
G1 X170.611 Y169.936 E623.17856
G1 X169.733 Y170.858 E623.22091
G1 X169.044 Y171.93 E623.26329
G1 X168.57 Y173.112 E623.30565
G1 X168.329 Y174.363 E623.34802
G1 X168.329 Y175.637 E623.3904
G1 X168.57 Y176.888 E623.43277
G1 X169.044 Y178.07 E623.47513
G1 X169.733 Y179.142 E623.51751
G1 X170.611 Y180.064 E623.55986
G1 X171.65 Y180.803 E623.60226
G1 X172.808 Y181.333 E623.64462
G1 X174.046 Y181.633 E623.68699
G1 X175.319 Y181.694 E623.72938
G0 F9000 X175.625 Y181.77
G1 F600 X174.375 Y181.77 E623.77095
G1 X173.134 Y181.538 E623.81294
G1 X171.971 Y181.087 E623.85443
G1 X170.905 Y180.427 E623.89613
G1 X169.977 Y179.581 E623.9379
G1 X169.217 Y178.576 E623.97981
G1 X168.66 Y177.456 E624.02141
G1 X168.316 Y176.25 E624.06312
G1 X168.201 Y175 E624.10487
G1 X168.316 Y173.75 E624.14662
G1 X168.66 Y172.544 E624.18834
G1 X169.217 Y171.424 E624.22994
G1 X169.977 Y170.419 E624.27185
G1 X170.905 Y169.573 E624.31361
G1 X171.971 Y168.913 E624.35532
G1 X173.134 Y168.462 E624.3968
G1 X174.375 Y168.23 E624.43879
G1 X175.625 Y168.23 E624.48037
G1 X176.866 Y168.462 E624.52236
G1 X178.029 Y168.913 E624.56385
G1 X179.095 Y169.573 E624.60555
G1 X180.023 Y170.419 E624.64732
G1 X180.783 Y171.424 E624.68922
G1 X181.34 Y172.544 E624.73083
G1 X181.684 Y173.75 E624.77254
G1 X181.799 Y175 E624.81429
G1 X181.684 Y176.25 E624.85604
G1 X181.34 Y177.456 E624.89775
G1 X180.783 Y178.576 E624.93936
G1 X180.023 Y179.581 E624.98126
G1 X179.095 Y180.427 E625.02303
G1 X178.029 Y181.087 E625.06473
G1 X176.866 Y181.538 E625.10622
G1 X175.625 Y181.77 E625.14821
G0 F9000 X175.664 Y181.847
;MESH:NONMESH
G0 F300 X175.664 Y181.847 Z43.8
G0 F9000 X175.319 Y181.694
;TIME_ELAPSED:1902.367359
;LAYER:218
;TYPE:WALL-OUTER
;MESH:diffuser_reactor.stl
G1 F600 X176.579 Y181.512 E625.19055
G1 X177.783 Y181.096 E625.23292
G1 X178.887 Y180.459 E625.27531
G1 X179.849 Y179.625 E625.31766
G1 X180.637 Y178.623 E625.36006
G1 X181.22 Y177.491 E625.40241
G1 X181.58 Y176.268 E625.44481
G1 X181.701 Y175 E625.48718
G1 X181.58 Y173.732 E625.52954
G1 X181.22 Y172.509 E625.57195
G1 X180.637 Y171.377 E625.6143
G1 X179.849 Y170.375 E625.65669
G1 X178.887 Y169.541 E625.69904
G1 X177.783 Y168.904 E625.74143
G1 X176.579 Y168.488 E625.7838
G1 X175.319 Y168.306 E625.82614
G1 X174.046 Y168.367 E625.86853
G1 X172.808 Y168.667 E625.9109
G1 X171.65 Y169.197 E625.95326
G1 X170.611 Y169.936 E625.99566
G1 X169.733 Y170.858 E626.03801
G1 X169.044 Y171.93 E626.08039
G1 X168.57 Y173.112 E626.12275
G1 X168.329 Y174.363 E626.16513
G1 X168.329 Y175.637 E626.2075
G1 X168.57 Y176.888 E626.24987
G1 X169.044 Y178.07 E626.29223
G1 X169.733 Y179.142 E626.33461
G1 X170.611 Y180.064 E626.37696
G1 X171.65 Y180.803 E626.41937
G1 X172.808 Y181.333 E626.46172
G1 X174.046 Y181.633 E626.50409
G1 X175.319 Y181.694 E626.54648
G0 F9000 X175.625 Y181.77
G1 F600 X174.375 Y181.77 E626.58806
G1 X173.134 Y181.538 E626.63005
G1 X171.971 Y181.087 E626.67153
G1 X170.905 Y180.427 E626.71324
G1 X169.977 Y179.581 E626.755
G1 X169.217 Y178.576 E626.79691
G1 X168.66 Y177.456 E626.83851
G1 X168.316 Y176.25 E626.88022
G1 X168.201 Y175 E626.92198
G1 X168.316 Y173.75 E626.96373
G1 X168.66 Y172.544 E627.00544
G1 X169.217 Y171.424 E627.04704
G1 X169.977 Y170.419 E627.08895
G1 X170.905 Y169.573 E627.13072
G1 X171.971 Y168.913 E627.17242
G1 X173.134 Y168.462 E627.21391
G1 X174.375 Y168.23 E627.2559
G1 X175.625 Y168.23 E627.29747
G1 X176.866 Y168.462 E627.33946
G1 X178.029 Y168.913 E627.38095
G1 X179.095 Y169.573 E627.42265
G1 X180.023 Y170.419 E627.46442
G1 X180.783 Y171.424 E627.50633
G1 X181.34 Y172.544 E627.54793
G1 X181.684 Y173.75 E627.58964
G1 X181.799 Y175 E627.63139
G1 X181.684 Y176.25 E627.67314
G1 X181.34 Y177.456 E627.71485
G1 X180.783 Y178.576 E627.75646
G1 X180.023 Y179.581 E627.79837
G1 X179.095 Y180.427 E627.84013
G1 X178.029 Y181.087 E627.88183
G1 X176.866 Y181.538 E627.92332
G1 X175.625 Y181.77 E627.96531
G0 F9000 X175.664 Y181.847
;MESH:NONMESH
G0 F300 X175.664 Y181.847 Z44
G0 F9000 X175.319 Y181.694
;TIME_ELAPSED:1911.011357
;LAYER:219
;TYPE:WALL-OUTER
;MESH:diffuser_reactor.stl
G1 F600 X176.579 Y181.512 E628.00765
G1 X177.783 Y181.096 E628.05002
G1 X178.887 Y180.459 E628.09242
G1 X179.849 Y179.625 E628.13476
G1 X180.637 Y178.623 E628.17716
G1 X181.22 Y177.491 E628.21951
G1 X181.58 Y176.268 E628.26191
G1 X181.701 Y175 E628.30428
G1 X181.58 Y173.732 E628.34664
G1 X181.22 Y172.509 E628.38905
G1 X180.637 Y171.377 E628.4314
G1 X179.849 Y170.375 E628.4738
G1 X178.887 Y169.541 E628.51614
G1 X177.783 Y168.904 E628.55853
G1 X176.579 Y168.488 E628.6009
G1 X175.319 Y168.306 E628.64325
G1 X174.046 Y168.367 E628.68563
G1 X172.808 Y168.667 E628.728
G1 X171.65 Y169.197 E628.77036
G1 X170.611 Y169.936 E628.81277
G1 X169.733 Y170.858 E628.85511
G1 X169.044 Y171.93 E628.8975
G1 X168.57 Y173.112 E628.93985
G1 X168.329 Y174.363 E628.98223
G1 X168.329 Y175.637 E629.0246
G1 X168.57 Y176.888 E629.06697
G1 X169.044 Y178.07 E629.10933
G1 X169.733 Y179.142 E629.15171
G1 X170.611 Y180.064 E629.19406
G1 X171.65 Y180.803 E629.23647
G1 X172.808 Y181.333 E629.27882
G1 X174.046 Y181.633 E629.32119
G1 X175.319 Y181.694 E629.36358
G0 F9000 X175.625 Y181.77
G1 F600 X174.375 Y181.77 E629.40516
G1 X173.134 Y181.538 E629.44715
G1 X171.971 Y181.087 E629.48864
G1 X170.905 Y180.427 E629.53034
G1 X169.977 Y179.581 E629.5721
G1 X169.217 Y178.576 E629.61401
G1 X168.66 Y177.456 E629.65561
G1 X168.316 Y176.25 E629.69733
G1 X168.201 Y175 E629.73908
G1 X168.316 Y173.75 E629.78083
G1 X168.66 Y172.544 E629.82254
G1 X169.217 Y171.424 E629.86414
G1 X169.977 Y170.419 E629.90605
G1 X170.905 Y169.573 E629.94782
G1 X171.971 Y168.913 E629.98952
G1 X173.134 Y168.462 E630.03101
G1 X174.375 Y168.23 E630.073
G1 X175.625 Y168.23 E630.11457
G1 X176.866 Y168.462 E630.15656
G1 X178.029 Y168.913 E630.19805
G1 X179.095 Y169.573 E630.23975
G1 X180.023 Y170.419 E630.28152
G1 X180.783 Y171.424 E630.32343
G1 X181.34 Y172.544 E630.36503
G1 X181.684 Y173.75 E630.40674
G1 X181.799 Y175 E630.44849
G1 X181.684 Y176.25 E630.49024
G1 X181.34 Y177.456 E630.53196
G1 X180.783 Y178.576 E630.57356
G1 X180.023 Y179.581 E630.61547
G1 X179.095 Y180.427 E630.65723
G1 X178.029 Y181.087 E630.69893
G1 X176.866 Y181.538 E630.74042
G1 X175.625 Y181.77 E630.78241
G0 F9000 X175.664 Y181.847
;MESH:NONMESH
G0 F300 X175.664 Y181.847 Z44.2
G0 F9000 X175.319 Y181.694
;TIME_ELAPSED:1919.655355
;LAYER:220
;TYPE:WALL-OUTER
;MESH:diffuser_reactor.stl
G1 F600 X176.579 Y181.512 E630.82476
G1 X177.783 Y181.096 E630.86712
G1 X178.887 Y180.459 E630.90952
G1 X179.849 Y179.625 E630.95186
G1 X180.637 Y178.623 E630.99426
G1 X181.22 Y177.491 E631.03661
G1 X181.58 Y176.268 E631.07901
G1 X181.701 Y175 E631.12138
G1 X181.58 Y173.732 E631.16375
G1 X181.22 Y172.509 E631.20615
G1 X180.637 Y171.377 E631.2485
G1 X179.849 Y170.375 E631.2909
G1 X178.887 Y169.541 E631.33324
G1 X177.783 Y168.904 E631.37564
G1 X176.579 Y168.488 E631.418
G1 X175.319 Y168.306 E631.46035
G1 X174.046 Y168.367 E631.50274
G1 X172.808 Y168.667 E631.5451
G1 X171.65 Y169.197 E631.58746
G1 X170.611 Y169.936 E631.62987
G1 X169.733 Y170.858 E631.67221
G1 X169.044 Y171.93 E631.7146
G1 X168.57 Y173.112 E631.75695
G1 X168.329 Y174.363 E631.79933
G1 X168.329 Y175.637 E631.8417
G1 X168.57 Y176.888 E631.88408
G1 X169.044 Y178.07 E631.92643
G1 X169.733 Y179.142 E631.96882
G1 X170.611 Y180.064 E632.01116
G1 X171.65 Y180.803 E632.05357
G1 X172.808 Y181.333 E632.09593
G1 X174.046 Y181.633 E632.13829
G1 X175.319 Y181.694 E632.18068
G0 F9000 X175.625 Y181.77
G1 F600 X174.375 Y181.77 E632.22226
G1 X173.134 Y181.538 E632.26425
G1 X171.971 Y181.087 E632.30574
G1 X170.905 Y180.427 E632.34744
G1 X169.977 Y179.581 E632.3892
G1 X169.217 Y178.576 E632.43111
G1 X168.66 Y177.456 E632.47272
G1 X168.316 Y176.25 E632.51443
G1 X168.201 Y175 E632.55618
G1 X168.316 Y173.75 E632.59793
G1 X168.66 Y172.544 E632.63964
G1 X169.217 Y171.424 E632.68124
G1 X169.977 Y170.419 E632.72315
G1 X170.905 Y169.573 E632.76492
G1 X171.971 Y168.913 E632.80662
G1 X173.134 Y168.462 E632.84811
G1 X174.375 Y168.23 E632.8901
G1 X175.625 Y168.23 E632.93167
G1 X176.866 Y168.462 E632.97366
G1 X178.029 Y168.913 E633.01515
G1 X179.095 Y169.573 E633.05685
G1 X180.023 Y170.419 E633.09862
G1 X180.783 Y171.424 E633.14053
G1 X181.34 Y172.544 E633.18213
G1 X181.684 Y173.75 E633.22384
G1 X181.799 Y175 E633.26559
G1 X181.684 Y176.25 E633.30735
G1 X181.34 Y177.456 E633.34906
G1 X180.783 Y178.576 E633.39066
G1 X180.023 Y179.581 E633.43257
G1 X179.095 Y180.427 E633.47433
G1 X178.029 Y181.087 E633.51604
G1 X176.866 Y181.538 E633.55752
G1 X175.625 Y181.77 E633.59951
G0 F9000 X175.664 Y181.847
;MESH:NONMESH
G0 F300 X175.664 Y181.847 Z44.4
G0 F9000 X175.319 Y181.694
;TIME_ELAPSED:1928.299353
;LAYER:221
;TYPE:WALL-OUTER
;MESH:diffuser_reactor.stl
G1 F600 X176.579 Y181.512 E633.64186
G1 X177.783 Y181.096 E633.68423
G1 X178.887 Y180.459 E633.72662
G1 X179.849 Y179.625 E633.76897
G1 X180.637 Y178.623 E633.81136
G1 X181.22 Y177.491 E633.85371
G1 X181.58 Y176.268 E633.89612
G1 X181.701 Y175 E633.93848
G1 X181.58 Y173.732 E633.98085
G1 X181.22 Y172.509 E634.02325
G1 X180.637 Y171.377 E634.0656
G1 X179.849 Y170.375 E634.108
G1 X178.887 Y169.541 E634.15034
G1 X177.783 Y168.904 E634.19274
G1 X176.579 Y168.488 E634.23511
G1 X175.319 Y168.306 E634.27745
G1 X174.046 Y168.367 E634.31984
G1 X172.808 Y168.667 E634.3622
G1 X171.65 Y169.197 E634.40456
G1 X170.611 Y169.936 E634.44697
G1 X169.733 Y170.858 E634.48932
G1 X169.044 Y171.93 E634.5317
G1 X168.57 Y173.112 E634.57406
G1 X168.329 Y174.363 E634.61643
G1 X168.329 Y175.637 E634.6588
G1 X168.57 Y176.888 E634.70118
G1 X169.044 Y178.07 E634.74353
G1 X169.733 Y179.142 E634.78592
G1 X170.611 Y180.064 E634.82826
G1 X171.65 Y180.803 E634.87067
G1 X172.808 Y181.333 E634.91303
G1 X174.046 Y181.633 E634.9554
G1 X175.319 Y181.694 E634.99778
G0 F9000 X175.625 Y181.77
G1 F600 X174.375 Y181.77 E635.03936
G1 X173.134 Y181.538 E635.08135
G1 X171.971 Y181.087 E635.12284
G1 X170.905 Y180.427 E635.16454
G1 X169.977 Y179.581 E635.20631
G1 X169.217 Y178.576 E635.24821
G1 X168.66 Y177.456 E635.28982
G1 X168.316 Y176.25 E635.33153
G1 X168.201 Y175 E635.37328
G1 X168.316 Y173.75 E635.41503
G1 X168.66 Y172.544 E635.45674
G1 X169.217 Y171.424 E635.49835
G1 X169.977 Y170.419 E635.54025
G1 X170.905 Y169.573 E635.58202
G1 X171.971 Y168.913 E635.62372
G1 X173.134 Y168.462 E635.66521
G1 X174.375 Y168.23 E635.7072
G1 X175.625 Y168.23 E635.74878
G1 X176.866 Y168.462 E635.79077
G1 X178.029 Y168.913 E635.83225
G1 X179.095 Y169.573 E635.87396
G1 X180.023 Y170.419 E635.91572
G1 X180.783 Y171.424 E635.95763
G1 X181.34 Y172.544 E635.99923
G1 X181.684 Y173.75 E636.04095
G1 X181.799 Y175 E636.0827
G1 X181.684 Y176.25 E636.12445
G1 X181.34 Y177.456 E636.16616
G1 X180.783 Y178.576 E636.20776
G1 X180.023 Y179.581 E636.24967
G1 X179.095 Y180.427 E636.29144
G1 X178.029 Y181.087 E636.33314
G1 X176.866 Y181.538 E636.37463
G1 X175.625 Y181.77 E636.41662
G0 F9000 X175.664 Y181.847
;MESH:NONMESH
G0 F300 X175.664 Y181.847 Z44.6
G0 F9000 X175.319 Y181.694
;TIME_ELAPSED:1936.943351
;LAYER:222
;TYPE:WALL-OUTER
;MESH:diffuser_reactor.stl
G1 F600 X176.579 Y181.512 E636.45896
G1 X177.783 Y181.096 E636.50133
G1 X178.887 Y180.459 E636.54372
G1 X179.849 Y179.625 E636.58607
G1 X180.637 Y178.623 E636.62846
G1 X181.22 Y177.491 E636.67081
G1 X181.58 Y176.268 E636.71322
G1 X181.701 Y175 E636.75558
G1 X181.58 Y173.732 E636.79795
G1 X181.22 Y172.509 E636.84035
G1 X180.637 Y171.377 E636.8827
G1 X179.849 Y170.375 E636.9251
G1 X178.887 Y169.541 E636.96745
G1 X177.783 Y168.904 E637.00984
G1 X176.579 Y168.488 E637.05221
G1 X175.319 Y168.306 E637.09455
G1 X174.046 Y168.367 E637.13694
G1 X172.808 Y168.667 E637.17931
G1 X171.65 Y169.197 E637.22166
G1 X170.611 Y169.936 E637.26407
G1 X169.733 Y170.858 E637.30642
G1 X169.044 Y171.93 E637.3488
G1 X168.57 Y173.112 E637.39116
G1 X168.329 Y174.363 E637.43353
G1 X168.329 Y175.637 E637.4759
G1 X168.57 Y176.888 E637.51828
G1 X169.044 Y178.07 E637.56063
G1 X169.733 Y179.142 E637.60302
G1 X170.611 Y180.064 E637.64536
G1 X171.65 Y180.803 E637.68777
G1 X172.808 Y181.333 E637.73013
G1 X174.046 Y181.633 E637.7725
G1 X175.319 Y181.694 E637.81489
G0 F9000 X175.625 Y181.77
G1 F600 X174.375 Y181.77 E637.85646
G1 X173.134 Y181.538 E637.89845
G1 X171.971 Y181.087 E637.93994
G1 X170.905 Y180.427 E637.98164
G1 X169.977 Y179.581 E638.02341
G1 X169.217 Y178.576 E638.06532
G1 X168.66 Y177.456 E638.10692
G1 X168.316 Y176.25 E638.14863
G1 X168.201 Y175 E638.19038
G1 X168.316 Y173.75 E638.23213
G1 X168.66 Y172.544 E638.27384
G1 X169.217 Y171.424 E638.31545
G1 X169.977 Y170.419 E638.35736
G1 X170.905 Y169.573 E638.39912
G1 X171.971 Y168.913 E638.44082
G1 X173.134 Y168.462 E638.48231
G1 X174.375 Y168.23 E638.5243
G1 X175.625 Y168.23 E638.56588
G1 X176.866 Y168.462 E638.60787
G1 X178.029 Y168.913 E638.64936
G1 X179.095 Y169.573 E638.69106
G1 X180.023 Y170.419 E638.73282
G1 X180.783 Y171.424 E638.77473
G1 X181.34 Y172.544 E638.81634
G1 X181.684 Y173.75 E638.85805
G1 X181.799 Y175 E638.8998
G1 X181.684 Y176.25 E638.94155
G1 X181.34 Y177.456 E638.98326
G1 X180.783 Y178.576 E639.02486
G1 X180.023 Y179.581 E639.06677
G1 X179.095 Y180.427 E639.10854
G1 X178.029 Y181.087 E639.15024
G1 X176.866 Y181.538 E639.19173
G1 X175.625 Y181.77 E639.23372
G0 F9000 X175.664 Y181.847
;MESH:NONMESH
G0 F300 X175.664 Y181.847 Z44.8
G0 F9000 X175.319 Y181.694
;TIME_ELAPSED:1945.587349
;LAYER:223
;TYPE:WALL-OUTER
;MESH:diffuser_reactor.stl
G1 F600 X176.579 Y181.512 E639.27606
G1 X177.783 Y181.096 E639.31843
G1 X178.887 Y180.459 E639.36082
G1 X179.849 Y179.625 E639.40317
G1 X180.637 Y178.623 E639.44557
G1 X181.22 Y177.491 E639.48792
G1 X181.58 Y176.268 E639.53032
G1 X181.701 Y175 E639.57268
G1 X181.58 Y173.732 E639.61505
G1 X181.22 Y172.509 E639.65745
G1 X180.637 Y171.377 E639.6998
G1 X179.849 Y170.375 E639.7422
G1 X178.887 Y169.541 E639.78455
G1 X177.783 Y168.904 E639.82694
G1 X176.579 Y168.488 E639.86931
G1 X175.319 Y168.306 E639.91165
G1 X174.046 Y168.367 E639.95404
G1 X172.808 Y168.667 E639.99641
G1 X171.65 Y169.197 E640.03877
G1 X170.611 Y169.936 E640.08117
G1 X169.733 Y170.858 E640.12352
G1 X169.044 Y171.93 E640.1659
G1 X168.57 Y173.112 E640.20826
G1 X168.329 Y174.363 E640.25063
G1 X168.329 Y175.637 E640.29301
G1 X168.57 Y176.888 E640.33538
G1 X169.044 Y178.07 E640.37774
G1 X169.733 Y179.142 E640.42012
G1 X170.611 Y180.064 E640.46247
G1 X171.65 Y180.803 E640.50487
G1 X172.808 Y181.333 E640.54723
G1 X174.046 Y181.633 E640.5896
G1 X175.319 Y181.694 E640.63199
G0 F9000 X175.625 Y181.77
G1 F600 X174.375 Y181.77 E640.67356
G1 X173.134 Y181.538 E640.71555
G1 X171.971 Y181.087 E640.75704
G1 X170.905 Y180.427 E640.79874
G1 X169.977 Y179.581 E640.84051
G1 X169.217 Y178.576 E640.88242
G1 X168.66 Y177.456 E640.92402
G1 X168.316 Y176.25 E640.96573
G1 X168.201 Y175 E641.00748
G1 X168.316 Y173.75 E641.04923
G1 X168.66 Y172.544 E641.09095
G1 X169.217 Y171.424 E641.13255
G1 X169.977 Y170.419 E641.17446
G1 X170.905 Y169.573 E641.21622
G1 X171.971 Y168.913 E641.25792
G1 X173.134 Y168.462 E641.29941
G1 X174.375 Y168.23 E641.3414
G1 X175.625 Y168.23 E641.38298
G1 X176.866 Y168.462 E641.42497
G1 X178.029 Y168.913 E641.46646
G1 X179.095 Y169.573 E641.50816
G1 X180.023 Y170.419 E641.54992
G1 X180.783 Y171.424 E641.59183
G1 X181.34 Y172.544 E641.63344
G1 X181.684 Y173.75 E641.67515
G1 X181.799 Y175 E641.7169
G1 X181.684 Y176.25 E641.75865
G1 X181.34 Y177.456 E641.80036
G1 X180.783 Y178.576 E641.84197
G1 X180.023 Y179.581 E641.88387
G1 X179.095 Y180.427 E641.92564
G1 X178.029 Y181.087 E641.96734
G1 X176.866 Y181.538 E642.00883
G1 X175.625 Y181.77 E642.05082
G0 F9000 X175.664 Y181.847
;MESH:NONMESH
G0 F300 X175.664 Y181.847 Z45
G0 F9000 X175.319 Y181.694
;TIME_ELAPSED:1954.231347
;LAYER:224
;TYPE:WALL-OUTER
;MESH:diffuser_reactor.stl
G1 F600 X176.579 Y181.512 E642.09316
G1 X177.783 Y181.096 E642.13553
G1 X178.887 Y180.459 E642.17792
G1 X179.849 Y179.625 E642.22027
G1 X180.637 Y178.623 E642.26267
G1 X181.22 Y177.491 E642.30502
G1 X181.58 Y176.268 E642.34742
G1 X181.701 Y175 E642.38979
G1 X181.58 Y173.732 E642.43215
G1 X181.22 Y172.509 E642.47455
G1 X180.637 Y171.377 E642.5169
G1 X179.849 Y170.375 E642.5593
G1 X178.887 Y169.541 E642.60165
G1 X177.783 Y168.904 E642.64404
G1 X176.579 Y168.488 E642.68641
G1 X175.319 Y168.306 E642.72875
G1 X174.046 Y168.367 E642.77114
G1 X172.808 Y168.667 E642.81351
G1 X171.65 Y169.197 E642.85587
G1 X170.611 Y169.936 E642.89827
G1 X169.733 Y170.858 E642.94062
G1 X169.044 Y171.93 E642.983
G1 X168.57 Y173.112 E643.02536
G1 X168.329 Y174.363 E643.06773
G1 X168.329 Y175.637 E643.11011
G1 X168.57 Y176.888 E643.15248
G1 X169.044 Y178.07 E643.19484
G1 X169.733 Y179.142 E643.23722
G1 X170.611 Y180.064 E643.27957
G1 X171.65 Y180.803 E643.32197
G1 X172.808 Y181.333 E643.36433
G1 X174.046 Y181.633 E643.4067
G1 X175.319 Y181.694 E643.44909
G0 F9000 X175.625 Y181.77
G1 F600 X174.375 Y181.77 E643.49066
G1 X173.134 Y181.538 E643.53265
G1 X171.971 Y181.087 E643.57414
G1 X170.905 Y180.427 E643.61584
G1 X169.977 Y179.581 E643.65761
G1 X169.217 Y178.576 E643.69952
G1 X168.66 Y177.456 E643.74112
G1 X168.316 Y176.25 E643.78283
G1 X168.201 Y175 E643.82458
G1 X168.316 Y173.75 E643.86634
G1 X168.66 Y172.544 E643.90805
G1 X169.217 Y171.424 E643.94965
G1 X169.977 Y170.419 E643.99156
G1 X170.905 Y169.573 E644.03332
G1 X171.971 Y168.913 E644.07503
G1 X173.134 Y168.462 E644.11651
G1 X174.375 Y168.23 E644.1585
G1 X175.625 Y168.23 E644.20008
G1 X176.866 Y168.462 E644.24207
G1 X178.029 Y168.913 E644.28356
G1 X179.095 Y169.573 E644.32526
G1 X180.023 Y170.419 E644.36703
G1 X180.783 Y171.424 E644.40893
G1 X181.34 Y172.544 E644.45054
G1 X181.684 Y173.75 E644.49225
G1 X181.799 Y175 E644.534
G1 X181.684 Y176.25 E644.57575
G1 X181.34 Y177.456 E644.61746
G1 X180.783 Y178.576 E644.65907
G1 X180.023 Y179.581 E644.70097
G1 X179.095 Y180.427 E644.74274
G1 X178.029 Y181.087 E644.78444
G1 X176.866 Y181.538 E644.82593
G1 X175.625 Y181.77 E644.86792
G0 F9000 X175.664 Y181.847
;MESH:NONMESH
G0 F300 X175.664 Y181.847 Z45.2
G0 F9000 X175.319 Y181.694
;TIME_ELAPSED:1962.875345
;LAYER:225
;TYPE:WALL-OUTER
;MESH:diffuser_reactor.stl
G1 F600 X176.579 Y181.512 E644.91026
G1 X177.783 Y181.096 E644.95263
G1 X178.887 Y180.459 E644.99502
G1 X179.849 Y179.625 E645.03737
G1 X180.637 Y178.623 E645.07977
G1 X181.22 Y177.491 E645.12212
G1 X181.58 Y176.268 E645.16452
G1 X181.701 Y175 E645.20689
G1 X181.58 Y173.732 E645.24925
G1 X181.22 Y172.509 E645.29166
G1 X180.637 Y171.377 E645.33401
G1 X179.849 Y170.375 E645.3764
G1 X178.887 Y169.541 E645.41875
G1 X177.783 Y168.904 E645.46114
G1 X176.579 Y168.488 E645.50351
G1 X175.319 Y168.306 E645.54585
G1 X174.046 Y168.367 E645.58824
G1 X172.808 Y168.667 E645.63061
G1 X171.65 Y169.197 E645.67297
G1 X170.611 Y169.936 E645.71538
G1 X169.733 Y170.858 E645.75772
G1 X169.044 Y171.93 E645.80011
G1 X168.57 Y173.112 E645.84246
G1 X168.329 Y174.363 E645.88484
G1 X168.329 Y175.637 E645.92721
G1 X168.57 Y176.888 E645.96958
G1 X169.044 Y178.07 E646.01194
G1 X169.733 Y179.142 E646.05432
G1 X170.611 Y180.064 E646.09667
G1 X171.65 Y180.803 E646.13908
G1 X172.808 Y181.333 E646.18143
G1 X174.046 Y181.633 E646.2238
G1 X175.319 Y181.694 E646.26619
G0 F9000 X175.625 Y181.77
G1 F600 X174.375 Y181.77 E646.30777
G1 X173.134 Y181.538 E646.34976
G1 X171.971 Y181.087 E646.39124
G1 X170.905 Y180.427 E646.43295
G1 X169.977 Y179.581 E646.47471
G1 X169.217 Y178.576 E646.51662
G1 X168.66 Y177.456 E646.55822
G1 X168.316 Y176.25 E646.59994
G1 X168.201 Y175 E646.64169
G1 X168.316 Y173.75 E646.68344
G1 X168.66 Y172.544 E646.72515
G1 X169.217 Y171.424 E646.76675
G1 X169.977 Y170.419 E646.80866
G1 X170.905 Y169.573 E646.85043
G1 X171.971 Y168.913 E646.89213
G1 X173.134 Y168.462 E646.93362
G1 X174.375 Y168.23 E646.97561
G1 X175.625 Y168.23 E647.01718
G1 X176.866 Y168.462 E647.05917
G1 X178.029 Y168.913 E647.10066
G1 X179.095 Y169.573 E647.14236
G1 X180.023 Y170.419 E647.18413
G1 X180.783 Y171.424 E647.22604
G1 X181.34 Y172.544 E647.26764
G1 X181.684 Y173.75 E647.30935
G1 X181.799 Y175 E647.3511
G1 X181.684 Y176.25 E647.39285
G1 X181.34 Y177.456 E647.43456
G1 X180.783 Y178.576 E647.47617
G1 X180.023 Y179.581 E647.51808
G1 X179.095 Y180.427 E647.55984
G1 X178.029 Y181.087 E647.60154
G1 X176.866 Y181.538 E647.64303
G1 X175.625 Y181.77 E647.68502
G0 F9000 X175.664 Y181.847
;MESH:NONMESH
G0 F300 X175.664 Y181.847 Z45.4
G0 F9000 X175.319 Y181.694
;TIME_ELAPSED:1971.519343
;LAYER:226
;TYPE:WALL-OUTER
;MESH:diffuser_reactor.stl
G1 F600 X176.579 Y181.512 E647.72736
G1 X177.783 Y181.096 E647.76973
G1 X178.887 Y180.459 E647.81213
G1 X179.849 Y179.625 E647.85447
G1 X180.637 Y178.623 E647.89687
G1 X181.22 Y177.491 E647.93922
G1 X181.58 Y176.268 E647.98162
G1 X181.701 Y175 E648.02399
G1 X181.58 Y173.732 E648.06635
G1 X181.22 Y172.509 E648.10876
G1 X180.637 Y171.377 E648.15111
G1 X179.849 Y170.375 E648.19351
G1 X178.887 Y169.541 E648.23585
G1 X177.783 Y168.904 E648.27824
G1 X176.579 Y168.488 E648.32061
G1 X175.319 Y168.306 E648.36296
G1 X174.046 Y168.367 E648.40534
G1 X172.808 Y168.667 E648.44771
G1 X171.65 Y169.197 E648.49007
G1 X170.611 Y169.936 E648.53248
G1 X169.733 Y170.858 E648.57482
G1 X169.044 Y171.93 E648.61721
G1 X168.57 Y173.112 E648.65956
G1 X168.329 Y174.363 E648.70194
G1 X168.329 Y175.637 E648.74431
G1 X168.57 Y176.888 E648.78668
G1 X169.044 Y178.07 E648.82904
G1 X169.733 Y179.142 E648.87142
G1 X170.611 Y180.064 E648.91377
G1 X171.65 Y180.803 E648.95618
G1 X172.808 Y181.333 E648.99854
G1 X174.046 Y181.633 E649.0409
G1 X175.319 Y181.694 E649.08329
G0 F9000 X175.625 Y181.77
G1 F600 X174.375 Y181.77 E649.12487
G1 X173.134 Y181.538 E649.16686
G1 X171.971 Y181.087 E649.20835
G1 X170.905 Y180.427 E649.25005
G1 X169.977 Y179.581 E649.29181
G1 X169.217 Y178.576 E649.33372
G1 X168.66 Y177.456 E649.37533
G1 X168.316 Y176.25 E649.41704
G1 X168.201 Y175 E649.45879
G1 X168.316 Y173.75 E649.50054
G1 X168.66 Y172.544 E649.54225
G1 X169.217 Y171.424 E649.58385
G1 X169.977 Y170.419 E649.62576
G1 X170.905 Y169.573 E649.66753
G1 X171.971 Y168.913 E649.70923
G1 X173.134 Y168.462 E649.75072
G1 X174.375 Y168.23 E649.79271
G1 X175.625 Y168.23 E649.83428
G1 X176.866 Y168.462 E649.87627
G1 X178.029 Y168.913 E649.91776
G1 X179.095 Y169.573 E649.95946
G1 X180.023 Y170.419 E650.00123
G1 X180.783 Y171.424 E650.04314
G1 X181.34 Y172.544 E650.08474
G1 X181.684 Y173.75 E650.12645
G1 X181.799 Y175 E650.1682
G1 X181.684 Y176.25 E650.20995
G1 X181.34 Y177.456 E650.25167
G1 X180.783 Y178.576 E650.29327
G1 X180.023 Y179.581 E650.33518
G1 X179.095 Y180.427 E650.37694
G1 X178.029 Y181.087 E650.41864
G1 X176.866 Y181.538 E650.46013
G1 X175.625 Y181.77 E650.50212
G0 F9000 X175.664 Y181.847
;MESH:NONMESH
G0 F300 X175.664 Y181.847 Z45.6
G0 F9000 X175.319 Y181.694
;TIME_ELAPSED:1980.163341
;LAYER:227
;TYPE:WALL-OUTER
;MESH:diffuser_reactor.stl
G1 F600 X176.579 Y181.512 E650.54447
G1 X177.783 Y181.096 E650.58683
G1 X178.887 Y180.459 E650.62923
G1 X179.849 Y179.625 E650.67157
G1 X180.637 Y178.623 E650.71397
G1 X181.22 Y177.491 E650.75632
G1 X181.58 Y176.268 E650.79873
G1 X181.701 Y175 E650.84109
G1 X181.58 Y173.732 E650.88346
G1 X181.22 Y172.509 E650.92586
G1 X180.637 Y171.377 E650.96821
G1 X179.849 Y170.375 E651.01061
G1 X178.887 Y169.541 E651.05295
G1 X177.783 Y168.904 E651.09535
G1 X176.579 Y168.488 E651.13771
G1 X175.319 Y168.306 E651.18006
G1 X174.046 Y168.367 E651.22245
G1 X172.808 Y168.667 E651.26481
G1 X171.65 Y169.197 E651.30717
G1 X170.611 Y169.936 E651.34958
G1 X169.733 Y170.858 E651.39192
G1 X169.044 Y171.93 E651.43431
G1 X168.57 Y173.112 E651.47667
G1 X168.329 Y174.363 E651.51904
G1 X168.329 Y175.637 E651.56141
G1 X168.57 Y176.888 E651.60379
G1 X169.044 Y178.07 E651.64614
G1 X169.733 Y179.142 E651.68853
G1 X170.611 Y180.064 E651.73087
G1 X171.65 Y180.803 E651.77328
G1 X172.808 Y181.333 E651.81564
G1 X174.046 Y181.633 E651.858
G1 X175.319 Y181.694 E651.90039
G0 F9000 X175.625 Y181.77
G1 F600 X174.375 Y181.77 E651.94197
G1 X173.134 Y181.538 E651.98396
G1 X171.971 Y181.087 E652.02545
G1 X170.905 Y180.427 E652.06715
G1 X169.977 Y179.581 E652.10891
G1 X169.217 Y178.576 E652.15082
G1 X168.66 Y177.456 E652.19243
G1 X168.316 Y176.25 E652.23414
G1 X168.201 Y175 E652.27589
G1 X168.316 Y173.75 E652.31764
G1 X168.66 Y172.544 E652.35935
G1 X169.217 Y171.424 E652.40096
G1 X169.977 Y170.419 E652.44286
G1 X170.905 Y169.573 E652.48463
G1 X171.971 Y168.913 E652.52633
G1 X173.134 Y168.462 E652.56782
G1 X174.375 Y168.23 E652.60981
G1 X175.625 Y168.23 E652.65138
G1 X176.866 Y168.462 E652.69338
G1 X178.029 Y168.913 E652.73486
G1 X179.095 Y169.573 E652.77656
G1 X180.023 Y170.419 E652.81833
G1 X180.783 Y171.424 E652.86024
G1 X181.34 Y172.544 E652.90184
G1 X181.684 Y173.75 E652.94355
G1 X181.799 Y175 E652.9853
G1 X181.684 Y176.25 E653.02706
G1 X181.34 Y177.456 E653.06877
G1 X180.783 Y178.576 E653.11037
G1 X180.023 Y179.581 E653.15228
G1 X179.095 Y180.427 E653.19405
G1 X178.029 Y181.087 E653.23575
G1 X176.866 Y181.538 E653.27723
G1 X175.625 Y181.77 E653.31923
G0 F9000 X175.664 Y181.847
;MESH:NONMESH
G0 F300 X175.664 Y181.847 Z45.8
G0 F9000 X175.319 Y181.694
;TIME_ELAPSED:1988.807339
;LAYER:228
;TYPE:WALL-OUTER
;MESH:diffuser_reactor.stl
G1 F600 X176.579 Y181.512 E653.36157
G1 X177.783 Y181.096 E653.40394
G1 X178.887 Y180.459 E653.44633
G1 X179.849 Y179.625 E653.48868
G1 X180.637 Y178.623 E653.53107
G1 X181.22 Y177.491 E653.57342
G1 X181.58 Y176.268 E653.61583
G1 X181.701 Y175 E653.65819
G1 X181.58 Y173.732 E653.70056
G1 X181.22 Y172.509 E653.74296
G1 X180.637 Y171.377 E653.78531
G1 X179.849 Y170.375 E653.82771
G1 X178.887 Y169.541 E653.87005
G1 X177.783 Y168.904 E653.91245
G1 X176.579 Y168.488 E653.95482
G1 X175.319 Y168.306 E653.99716
G1 X174.046 Y168.367 E654.03955
G1 X172.808 Y168.667 E654.08192
G1 X171.65 Y169.197 E654.12427
G1 X170.611 Y169.936 E654.16668
G1 X169.733 Y170.858 E654.20903
G1 X169.044 Y171.93 E654.25141
G1 X168.57 Y173.112 E654.29377
G1 X168.329 Y174.363 E654.33614
G1 X168.329 Y175.637 E654.37851
G1 X168.57 Y176.888 E654.42089
G1 X169.044 Y178.07 E654.46324
G1 X169.733 Y179.142 E654.50563
G1 X170.611 Y180.064 E654.54797
G1 X171.65 Y180.803 E654.59038
G1 X172.808 Y181.333 E654.63274
G1 X174.046 Y181.633 E654.67511
G1 X175.319 Y181.694 E654.71749
G0 F9000 X175.625 Y181.77
G1 F600 X174.375 Y181.77 E654.75907
G1 X173.134 Y181.538 E654.80106
G1 X171.971 Y181.087 E654.84255
G1 X170.905 Y180.427 E654.88425
G1 X169.977 Y179.581 E654.92602
G1 X169.217 Y178.576 E654.96792
G1 X168.66 Y177.456 E655.00953
G1 X168.316 Y176.25 E655.05124
G1 X168.201 Y175 E655.09299
G1 X168.316 Y173.75 E655.13474
G1 X168.66 Y172.544 E655.17645
G1 X169.217 Y171.424 E655.21806
G1 X169.977 Y170.419 E655.25996
G1 X170.905 Y169.573 E655.30173
G1 X171.971 Y168.913 E655.34343
G1 X173.134 Y168.462 E655.38492
G1 X174.375 Y168.23 E655.42691
G1 X175.625 Y168.23 E655.46849
G1 X176.866 Y168.462 E655.51048
G1 X178.029 Y168.913 E655.55197
G1 X179.095 Y169.573 E655.59367
G1 X180.023 Y170.419 E655.63543
G1 X180.783 Y171.424 E655.67734
G1 X181.34 Y172.544 E655.71894
G1 X181.684 Y173.75 E655.76066
G1 X181.799 Y175 E655.80241
G1 X181.684 Y176.25 E655.84416
G1 X181.34 Y177.456 E655.88587
G1 X180.783 Y178.576 E655.92747
G1 X180.023 Y179.581 E655.96938
G1 X179.095 Y180.427 E656.01115
G1 X178.029 Y181.087 E656.05285
G1 X176.866 Y181.538 E656.09434
G1 X175.625 Y181.77 E656.13633
G0 F9000 X175.664 Y181.847
;MESH:NONMESH
G0 F300 X175.664 Y181.847 Z46
G0 F9000 X175.319 Y181.694
;TIME_ELAPSED:1997.451337
;LAYER:229
;TYPE:WALL-OUTER
;MESH:diffuser_reactor.stl
G1 F600 X176.579 Y181.512 E656.17867
G1 X177.783 Y181.096 E656.22104
G1 X178.887 Y180.459 E656.26343
G1 X179.849 Y179.625 E656.30578
G1 X180.637 Y178.623 E656.34817
G1 X181.22 Y177.491 E656.39053
G1 X181.58 Y176.268 E656.43293
G1 X181.701 Y175 E656.47529
G1 X181.58 Y173.732 E656.51766
G1 X181.22 Y172.509 E656.56006
G1 X180.637 Y171.377 E656.60241
G1 X179.849 Y170.375 E656.64481
G1 X178.887 Y169.541 E656.68716
G1 X177.783 Y168.904 E656.72955
G1 X176.579 Y168.488 E656.77192
G1 X175.319 Y168.306 E656.81426
G1 X174.046 Y168.367 E656.85665
G1 X172.808 Y168.667 E656.89902
G1 X171.65 Y169.197 E656.94137
G1 X170.611 Y169.936 E656.98378
G1 X169.733 Y170.858 E657.02613
G1 X169.044 Y171.93 E657.06851
G1 X168.57 Y173.112 E657.11087
G1 X168.329 Y174.363 E657.15324
G1 X168.329 Y175.637 E657.19561
G1 X168.57 Y176.888 E657.23799
G1 X169.044 Y178.07 E657.28035
G1 X169.733 Y179.142 E657.32273
G1 X170.611 Y180.064 E657.36508
G1 X171.65 Y180.803 E657.40748
G1 X172.808 Y181.333 E657.44984
G1 X174.046 Y181.633 E657.49221
G1 X175.319 Y181.694 E657.5346
G0 F9000 X175.625 Y181.77
G1 F600 X174.375 Y181.77 E657.57617
G1 X173.134 Y181.538 E657.61816
G1 X171.971 Y181.087 E657.65965
G1 X170.905 Y180.427 E657.70135
G1 X169.977 Y179.581 E657.74312
G1 X169.217 Y178.576 E657.78503
G1 X168.66 Y177.456 E657.82663
G1 X168.316 Y176.25 E657.86834
G1 X168.201 Y175 E657.91009
G1 X168.316 Y173.75 E657.95184
G1 X168.66 Y172.544 E657.99355
G1 X169.217 Y171.424 E658.03516
G1 X169.977 Y170.419 E658.07707
G1 X170.905 Y169.573 E658.11883
G1 X171.971 Y168.913 E658.16053
G1 X173.134 Y168.462 E658.20202
G1 X174.375 Y168.23 E658.24401
G1 X175.625 Y168.23 E658.28559
G1 X176.866 Y168.462 E658.32758
G1 X178.029 Y168.913 E658.36907
G1 X179.095 Y169.573 E658.41077
G1 X180.023 Y170.419 E658.45253
G1 X180.783 Y171.424 E658.49444
G1 X181.34 Y172.544 E658.53605
G1 X181.684 Y173.75 E658.57776
G1 X181.799 Y175 E658.61951
G1 X181.684 Y176.25 E658.66126
G1 X181.34 Y177.456 E658.70297
G1 X180.783 Y178.576 E658.74457
G1 X180.023 Y179.581 E658.78648
G1 X179.095 Y180.427 E658.82825
G1 X178.029 Y181.087 E658.86995
G1 X176.866 Y181.538 E658.91144
G1 X175.625 Y181.77 E658.95343
G0 F9000 X175.664 Y181.847
;MESH:NONMESH
G0 F300 X175.664 Y181.847 Z46.2
G0 F9000 X175.319 Y181.694
;TIME_ELAPSED:2006.095335
;LAYER:230
;TYPE:WALL-OUTER
;MESH:diffuser_reactor.stl
G1 F600 X176.579 Y181.512 E658.99577
G1 X177.783 Y181.096 E659.03814
G1 X178.887 Y180.459 E659.08053
G1 X179.849 Y179.625 E659.12288
G1 X180.637 Y178.623 E659.16528
G1 X181.22 Y177.491 E659.20763
G1 X181.58 Y176.268 E659.25003
G1 X181.701 Y175 E659.29239
G1 X181.58 Y173.732 E659.33476
G1 X181.22 Y172.509 E659.37716
G1 X180.637 Y171.377 E659.41951
G1 X179.849 Y170.375 E659.46191
G1 X178.887 Y169.541 E659.50426
G1 X177.783 Y168.904 E659.54665
G1 X176.579 Y168.488 E659.58902
G1 X175.319 Y168.306 E659.63136
G1 X174.046 Y168.367 E659.67375
G1 X172.808 Y168.667 E659.71612
G1 X171.65 Y169.197 E659.75848
G1 X170.611 Y169.936 E659.80088
G1 X169.733 Y170.858 E659.84323
G1 X169.044 Y171.93 E659.88561
G1 X168.57 Y173.112 E659.92797
G1 X168.329 Y174.363 E659.97034
G1 X168.329 Y175.637 E660.01272
G1 X168.57 Y176.888 E660.05509
G1 X169.044 Y178.07 E660.09745
G1 X169.733 Y179.142 E660.13983
G1 X170.611 Y180.064 E660.18218
G1 X171.65 Y180.803 E660.22458
G1 X172.808 Y181.333 E660.26694
G1 X174.046 Y181.633 E660.30931
G1 X175.319 Y181.694 E660.3517
G0 F9000 X175.625 Y181.77
G1 F600 X174.375 Y181.77 E660.39327
G1 X173.134 Y181.538 E660.43526
G1 X171.971 Y181.087 E660.47675
G1 X170.905 Y180.427 E660.51845
G1 X169.977 Y179.581 E660.56022
G1 X169.217 Y178.576 E660.60213
G1 X168.66 Y177.456 E660.64373
G1 X168.316 Y176.25 E660.68544
G1 X168.201 Y175 E660.72719
G1 X168.316 Y173.75 E660.76894
G1 X168.66 Y172.544 E660.81066
G1 X169.217 Y171.424 E660.85226
G1 X169.977 Y170.419 E660.89417
G1 X170.905 Y169.573 E660.93593
G1 X171.971 Y168.913 E660.97763
G1 X173.134 Y168.462 E661.01912
G1 X174.375 Y168.23 E661.06111
G1 X175.625 Y168.23 E661.10269
G1 X176.866 Y168.462 E661.14468
G1 X178.029 Y168.913 E661.18617
G1 X179.095 Y169.573 E661.22787
G1 X180.023 Y170.419 E661.26964
G1 X180.783 Y171.424 E661.31154
G1 X181.34 Y172.544 E661.35315
G1 X181.684 Y173.75 E661.39486
G1 X181.799 Y175 E661.43661
G1 X181.684 Y176.25 E661.47836
G1 X181.34 Y177.456 E661.52007
G1 X180.783 Y178.576 E661.56168
G1 X180.023 Y179.581 E661.60358
G1 X179.095 Y180.427 E661.64535
G1 X178.029 Y181.087 E661.68705
G1 X176.866 Y181.538 E661.72854
G1 X175.625 Y181.77 E661.77053
G0 F9000 X175.664 Y181.847
;MESH:NONMESH
G0 F300 X175.664 Y181.847 Z46.4
G0 F9000 X175.319 Y181.694
;TIME_ELAPSED:2014.739333
;LAYER:231
;TYPE:WALL-OUTER
;MESH:diffuser_reactor.stl
G1 F600 X176.579 Y181.512 E661.81287
G1 X177.783 Y181.096 E661.85524
G1 X178.887 Y180.459 E661.89763
G1 X179.849 Y179.625 E661.93998
G1 X180.637 Y178.623 E661.98238
G1 X181.22 Y177.491 E662.02473
G1 X181.58 Y176.268 E662.06713
G1 X181.701 Y175 E662.1095
G1 X181.58 Y173.732 E662.15186
G1 X181.22 Y172.509 E662.19426
G1 X180.637 Y171.377 E662.23662
G1 X179.849 Y170.375 E662.27901
G1 X178.887 Y169.541 E662.32136
G1 X177.783 Y168.904 E662.36375
G1 X176.579 Y168.488 E662.40612
G1 X175.319 Y168.306 E662.44846
G1 X174.046 Y168.367 E662.49085
G1 X172.808 Y168.667 E662.53322
G1 X171.65 Y169.197 E662.57558
G1 X170.611 Y169.936 E662.61798
G1 X169.733 Y170.858 E662.66033
G1 X169.044 Y171.93 E662.70271
G1 X168.57 Y173.112 E662.74507
G1 X168.329 Y174.363 E662.78744
G1 X168.329 Y175.637 E662.82982
G1 X168.57 Y176.888 E662.87219
G1 X169.044 Y178.07 E662.91455
G1 X169.733 Y179.142 E662.95693
G1 X170.611 Y180.064 E662.99928
G1 X171.65 Y180.803 E663.04169
G1 X172.808 Y181.333 E663.08404
G1 X174.046 Y181.633 E663.12641
G1 X175.319 Y181.694 E663.1688
G0 F9000 X175.625 Y181.77
G1 F600 X174.375 Y181.77 E663.21037
G1 X173.134 Y181.538 E663.25237
G1 X171.971 Y181.087 E663.29385
G1 X170.905 Y180.427 E663.33555
G1 X169.977 Y179.581 E663.37732
G1 X169.217 Y178.576 E663.41923
G1 X168.66 Y177.456 E663.46083
G1 X168.316 Y176.25 E663.50254
G1 X168.201 Y175 E663.54429
G1 X168.316 Y173.75 E663.58605
G1 X168.66 Y172.544 E663.62776
G1 X169.217 Y171.424 E663.66936
G1 X169.977 Y170.419 E663.71127
G1 X170.905 Y169.573 E663.75304
G1 X171.971 Y168.913 E663.79474
G1 X173.134 Y168.462 E663.83622
G1 X174.375 Y168.23 E663.87822
G1 X175.625 Y168.23 E663.91979
G1 X176.866 Y168.462 E663.96178
G1 X178.029 Y168.913 E664.00327
G1 X179.095 Y169.573 E664.04497
G1 X180.023 Y170.419 E664.08674
G1 X180.783 Y171.424 E664.12864
G1 X181.34 Y172.544 E664.17025
G1 X181.684 Y173.75 E664.21196
G1 X181.799 Y175 E664.25371
G1 X181.684 Y176.25 E664.29546
G1 X181.34 Y177.456 E664.33717
G1 X180.783 Y178.576 E664.37878
G1 X180.023 Y179.581 E664.42068
G1 X179.095 Y180.427 E664.46245
G1 X178.029 Y181.087 E664.50415
G1 X176.866 Y181.538 E664.54564
G1 X175.625 Y181.77 E664.58763
G0 F9000 X175.664 Y181.847
;MESH:NONMESH
G0 F300 X175.664 Y181.847 Z46.6
G0 F9000 X175.319 Y181.694
;TIME_ELAPSED:2023.383331
;LAYER:232
;TYPE:WALL-OUTER
;MESH:diffuser_reactor.stl
G1 F600 X176.579 Y181.512 E664.62997
G1 X177.783 Y181.096 E664.67234
G1 X178.887 Y180.459 E664.71474
G1 X179.849 Y179.625 E664.75708
G1 X180.637 Y178.623 E664.79948
G1 X181.22 Y177.491 E664.84183
G1 X181.58 Y176.268 E664.88423
G1 X181.701 Y175 E664.9266
G1 X181.58 Y173.732 E664.96896
G1 X181.22 Y172.509 E665.01137
G1 X180.637 Y171.377 E665.05372
G1 X179.849 Y170.375 E665.09611
G1 X178.887 Y169.541 E665.13846
G1 X177.783 Y168.904 E665.18085
G1 X176.579 Y168.488 E665.22322
G1 X175.319 Y168.306 E665.26556
G1 X174.046 Y168.367 E665.30795
G1 X172.808 Y168.667 E665.35032
G1 X171.65 Y169.197 E665.39268
G1 X170.611 Y169.936 E665.43509
G1 X169.733 Y170.858 E665.47743
G1 X169.044 Y171.93 E665.51982
G1 X168.57 Y173.112 E665.56217
G1 X168.329 Y174.363 E665.60455
G1 X168.329 Y175.637 E665.64692
G1 X168.57 Y176.888 E665.68929
G1 X169.044 Y178.07 E665.73165
G1 X169.733 Y179.142 E665.77403
G1 X170.611 Y180.064 E665.81638
G1 X171.65 Y180.803 E665.85879
G1 X172.808 Y181.333 E665.90114
G1 X174.046 Y181.633 E665.94351
G1 X175.319 Y181.694 E665.9859
G0 F9000 X175.625 Y181.77
G1 F600 X174.375 Y181.77 E666.02748
G1 X173.134 Y181.538 E666.06947
G1 X171.971 Y181.087 E666.11096
G1 X170.905 Y180.427 E666.15266
G1 X169.977 Y179.581 E666.19442
G1 X169.217 Y178.576 E666.23633
G1 X168.66 Y177.456 E666.27793
G1 X168.316 Y176.25 E666.31965
G1 X168.201 Y175 E666.3614
G1 X168.316 Y173.75 E666.40315
G1 X168.66 Y172.544 E666.44486
G1 X169.217 Y171.424 E666.48646
G1 X169.977 Y170.419 E666.52837
G1 X170.905 Y169.573 E666.57014
G1 X171.971 Y168.913 E666.61184
G1 X173.134 Y168.462 E666.65333
G1 X174.375 Y168.23 E666.69532
G1 X175.625 Y168.23 E666.73689
G1 X176.866 Y168.462 E666.77888
G1 X178.029 Y168.913 E666.82037
G1 X179.095 Y169.573 E666.86207
G1 X180.023 Y170.419 E666.90384
G1 X180.783 Y171.424 E666.94575
G1 X181.34 Y172.544 E666.98735
G1 X181.684 Y173.75 E667.02906
G1 X181.799 Y175 E667.07081
G1 X181.684 Y176.25 E667.11256
G1 X181.34 Y177.456 E667.15427
G1 X180.783 Y178.576 E667.19588
G1 X180.023 Y179.581 E667.23779
G1 X179.095 Y180.427 E667.27955
G1 X178.029 Y181.087 E667.32125
G1 X176.866 Y181.538 E667.36274
G1 X175.625 Y181.77 E667.40473
G0 F9000 X175.664 Y181.847
;MESH:NONMESH
G0 F300 X175.664 Y181.847 Z46.8
G0 F9000 X175.319 Y181.694
;TIME_ELAPSED:2032.027329
;LAYER:233
;TYPE:WALL-OUTER
;MESH:diffuser_reactor.stl
G1 F600 X176.579 Y181.512 E667.44708
G1 X177.783 Y181.096 E667.48944
G1 X178.887 Y180.459 E667.53184
G1 X179.849 Y179.625 E667.57418
G1 X180.637 Y178.623 E667.61658
G1 X181.22 Y177.491 E667.65893
G1 X181.58 Y176.268 E667.70133
G1 X181.701 Y175 E667.7437
G1 X181.58 Y173.732 E667.78606
G1 X181.22 Y172.509 E667.82847
G1 X180.637 Y171.377 E667.87082
G1 X179.849 Y170.375 E667.91322
G1 X178.887 Y169.541 E667.95556
G1 X177.783 Y168.904 E667.99796
G1 X176.579 Y168.488 E668.04032
G1 X175.319 Y168.306 E668.08267
G1 X174.046 Y168.367 E668.12505
G1 X172.808 Y168.667 E668.16742
G1 X171.65 Y169.197 E668.20978
G1 X170.611 Y169.936 E668.25219
G1 X169.733 Y170.858 E668.29453
G1 X169.044 Y171.93 E668.33692
G1 X168.57 Y173.112 E668.37927
G1 X168.329 Y174.363 E668.42165
G1 X168.329 Y175.637 E668.46402
G1 X168.57 Y176.888 E668.50639
G1 X169.044 Y178.07 E668.54875
G1 X169.733 Y179.142 E668.59114
G1 X170.611 Y180.064 E668.63348
G1 X171.65 Y180.803 E668.67589
G1 X172.808 Y181.333 E668.71825
G1 X174.046 Y181.633 E668.76061
G1 X175.319 Y181.694 E668.803
G0 F9000 X175.625 Y181.77
G1 F600 X174.375 Y181.77 E668.84458
G1 X173.134 Y181.538 E668.88657
G1 X171.971 Y181.087 E668.92806
G1 X170.905 Y180.427 E668.96976
G1 X169.977 Y179.581 E669.01152
G1 X169.217 Y178.576 E669.05343
G1 X168.66 Y177.456 E669.09504
G1 X168.316 Y176.25 E669.13675
G1 X168.201 Y175 E669.1785
G1 X168.316 Y173.75 E669.22025
G1 X168.66 Y172.544 E669.26196
G1 X169.217 Y171.424 E669.30356
G1 X169.977 Y170.419 E669.34547
G1 X170.905 Y169.573 E669.38724
G1 X171.971 Y168.913 E669.42894
G1 X173.134 Y168.462 E669.47043
G1 X174.375 Y168.23 E669.51242
G1 X175.625 Y168.23 E669.55399
G1 X176.866 Y168.462 E669.59598
G1 X178.029 Y168.913 E669.63747
G1 X179.095 Y169.573 E669.67917
G1 X180.023 Y170.419 E669.72094
G1 X180.783 Y171.424 E669.76285
G1 X181.34 Y172.544 E669.80445
G1 X181.684 Y173.75 E669.84616
G1 X181.799 Y175 E669.88791
G1 X181.684 Y176.25 E669.92966
G1 X181.34 Y177.456 E669.97138
G1 X180.783 Y178.576 E670.01298
G1 X180.023 Y179.581 E670.05489
G1 X179.095 Y180.427 E670.09665
G1 X178.029 Y181.087 E670.13836
G1 X176.866 Y181.538 E670.17984
G1 X175.625 Y181.77 E670.22183
G0 F9000 X175.664 Y181.847
;MESH:NONMESH
G0 F300 X175.664 Y181.847 Z47
G0 F9000 X175.319 Y181.694
;TIME_ELAPSED:2040.671327
;LAYER:234
;TYPE:WALL-OUTER
;MESH:diffuser_reactor.stl
G1 F600 X176.579 Y181.512 E670.26418
G1 X177.783 Y181.096 E670.30654
G1 X178.887 Y180.459 E670.34894
G1 X179.849 Y179.625 E670.39128
G1 X180.637 Y178.623 E670.43368
G1 X181.22 Y177.491 E670.47603
G1 X181.58 Y176.268 E670.51844
G1 X181.701 Y175 E670.5608
G1 X181.58 Y173.732 E670.60317
G1 X181.22 Y172.509 E670.64557
G1 X180.637 Y171.377 E670.68792
G1 X179.849 Y170.375 E670.73032
G1 X178.887 Y169.541 E670.77266
G1 X177.783 Y168.904 E670.81506
G1 X176.579 Y168.488 E670.85742
G1 X175.319 Y168.306 E670.89977
G1 X174.046 Y168.367 E670.94216
G1 X172.808 Y168.667 E670.98452
G1 X171.65 Y169.197 E671.02688
G1 X170.611 Y169.936 E671.06929
G1 X169.733 Y170.858 E671.11163
G1 X169.044 Y171.93 E671.15402
G1 X168.57 Y173.112 E671.19638
G1 X168.329 Y174.363 E671.23875
G1 X168.329 Y175.637 E671.28112
G1 X168.57 Y176.888 E671.3235
G1 X169.044 Y178.07 E671.36585
G1 X169.733 Y179.142 E671.40824
G1 X170.611 Y180.064 E671.45058
G1 X171.65 Y180.803 E671.49299
G1 X172.808 Y181.333 E671.53535
G1 X174.046 Y181.633 E671.57771
G1 X175.319 Y181.694 E671.6201
G0 F9000 X175.625 Y181.77
G1 F600 X174.375 Y181.77 E671.66168
G1 X173.134 Y181.538 E671.70367
G1 X171.971 Y181.087 E671.74516
G1 X170.905 Y180.427 E671.78686
G1 X169.977 Y179.581 E671.82863
G1 X169.217 Y178.576 E671.87053
G1 X168.66 Y177.456 E671.91214
G1 X168.316 Y176.25 E671.95385
G1 X168.201 Y175 E671.9956
G1 X168.316 Y173.75 E672.03735
G1 X168.66 Y172.544 E672.07906
G1 X169.217 Y171.424 E672.12067
G1 X169.977 Y170.419 E672.16257
G1 X170.905 Y169.573 E672.20434
G1 X171.971 Y168.913 E672.24604
G1 X173.134 Y168.462 E672.28753
G1 X174.375 Y168.23 E672.32952
G1 X175.625 Y168.23 E672.37109
G1 X176.866 Y168.462 E672.41309
G1 X178.029 Y168.913 E672.45457
G1 X179.095 Y169.573 E672.49627
G1 X180.023 Y170.419 E672.53804
G1 X180.783 Y171.424 E672.57995
G1 X181.34 Y172.544 E672.62155
G1 X181.684 Y173.75 E672.66326
G1 X181.799 Y175 E672.70502
G1 X181.684 Y176.25 E672.74677
G1 X181.34 Y177.456 E672.78848
G1 X180.783 Y178.576 E672.83008
G1 X180.023 Y179.581 E672.87199
G1 X179.095 Y180.427 E672.91376
G1 X178.029 Y181.087 E672.95546
G1 X176.866 Y181.538 E672.99694
G1 X175.625 Y181.77 E673.03894
G0 F9000 X175.664 Y181.847
;MESH:NONMESH
G0 F300 X175.664 Y181.847 Z47.2
G0 F9000 X175.319 Y181.694
;TIME_ELAPSED:2049.315325
;LAYER:235
;TYPE:WALL-OUTER
;MESH:diffuser_reactor.stl
G1 F600 X176.579 Y181.512 E673.08128
G1 X177.783 Y181.096 E673.12365
G1 X178.887 Y180.459 E673.16604
G1 X179.849 Y179.625 E673.20839
G1 X180.637 Y178.623 E673.25078
G1 X181.22 Y177.491 E673.29313
G1 X181.58 Y176.268 E673.33554
G1 X181.701 Y175 E673.3779
G1 X181.58 Y173.732 E673.42027
G1 X181.22 Y172.509 E673.46267
G1 X180.637 Y171.377 E673.50502
G1 X179.849 Y170.375 E673.54742
G1 X178.887 Y169.541 E673.58977
G1 X177.783 Y168.904 E673.63216
G1 X176.579 Y168.488 E673.67453
G1 X175.319 Y168.306 E673.71687
G1 X174.046 Y168.367 E673.75926
G1 X172.808 Y168.667 E673.80163
G1 X171.65 Y169.197 E673.84398
G1 X170.611 Y169.936 E673.88639
G1 X169.733 Y170.858 E673.92874
G1 X169.044 Y171.93 E673.97112
G1 X168.57 Y173.112 E674.01348
G1 X168.329 Y174.363 E674.05585
G1 X168.329 Y175.637 E674.09822
G1 X168.57 Y176.888 E674.1406
G1 X169.044 Y178.07 E674.18295
G1 X169.733 Y179.142 E674.22534
G1 X170.611 Y180.064 E674.26768
G1 X171.65 Y180.803 E674.31009
G1 X172.808 Y181.333 E674.35245
G1 X174.046 Y181.633 E674.39482
G1 X175.319 Y181.694 E674.43721
G0 F9000 X175.625 Y181.77
G1 F600 X174.375 Y181.77 E674.47878
G1 X173.134 Y181.538 E674.52077
G1 X171.971 Y181.087 E674.56226
G1 X170.905 Y180.427 E674.60396
G1 X169.977 Y179.581 E674.64573
G1 X169.217 Y178.576 E674.68763
G1 X168.66 Y177.456 E674.72924
G1 X168.316 Y176.25 E674.77095
G1 X168.201 Y175 E674.8127
G1 X168.316 Y173.75 E674.85445
G1 X168.66 Y172.544 E674.89616
G1 X169.217 Y171.424 E674.93777
G1 X169.977 Y170.419 E674.97967
G1 X170.905 Y169.573 E675.02144
G1 X171.971 Y168.913 E675.06314
G1 X173.134 Y168.462 E675.10463
G1 X174.375 Y168.23 E675.14662
G1 X175.625 Y168.23 E675.1882
G1 X176.866 Y168.462 E675.23019
G1 X178.029 Y168.913 E675.27168
G1 X179.095 Y169.573 E675.31338
G1 X180.023 Y170.419 E675.35514
G1 X180.783 Y171.424 E675.39705
G1 X181.34 Y172.544 E675.43865
G1 X181.684 Y173.75 E675.48037
G1 X181.799 Y175 E675.52212
G1 X181.684 Y176.25 E675.56387
G1 X181.34 Y177.456 E675.60558
G1 X180.783 Y178.576 E675.64718
G1 X180.023 Y179.581 E675.68909
G1 X179.095 Y180.427 E675.73086
G1 X178.029 Y181.087 E675.77256
G1 X176.866 Y181.538 E675.81405
G1 X175.625 Y181.77 E675.85604
G0 F9000 X175.664 Y181.847
;MESH:NONMESH
G0 F300 X175.664 Y181.847 Z47.4
G0 F9000 X175.319 Y181.694
;TIME_ELAPSED:2057.959323
;LAYER:236
;TYPE:WALL-OUTER
;MESH:diffuser_reactor.stl
G1 F600 X176.579 Y181.512 E675.89838
G1 X177.783 Y181.096 E675.94075
G1 X178.887 Y180.459 E675.98314
G1 X179.849 Y179.625 E676.02549
G1 X180.637 Y178.623 E676.06789
G1 X181.22 Y177.491 E676.11024
G1 X181.58 Y176.268 E676.15264
G1 X181.701 Y175 E676.195
G1 X181.58 Y173.732 E676.23737
G1 X181.22 Y172.509 E676.27977
G1 X180.637 Y171.377 E676.32212
G1 X179.849 Y170.375 E676.36452
G1 X178.887 Y169.541 E676.40687
G1 X177.783 Y168.904 E676.44926
G1 X176.579 Y168.488 E676.49163
G1 X175.319 Y168.306 E676.53397
G1 X174.046 Y168.367 E676.57636
G1 X172.808 Y168.667 E676.61873
G1 X171.65 Y169.197 E676.66108
G1 X170.611 Y169.936 E676.70349
G1 X169.733 Y170.858 E676.74584
G1 X169.044 Y171.93 E676.78822
G1 X168.57 Y173.112 E676.83058
G1 X168.329 Y174.363 E676.87295
G1 X168.329 Y175.637 E676.91533
G1 X168.57 Y176.888 E676.9577
G1 X169.044 Y178.07 E677.00006
G1 X169.733 Y179.142 E677.04244
G1 X170.611 Y180.064 E677.08479
G1 X171.65 Y180.803 E677.12719
G1 X172.808 Y181.333 E677.16955
G1 X174.046 Y181.633 E677.21192
G1 X175.319 Y181.694 E677.25431
G0 F9000 X175.625 Y181.77
G1 F600 X174.375 Y181.77 E677.29588
G1 X173.134 Y181.538 E677.33787
G1 X171.971 Y181.087 E677.37936
G1 X170.905 Y180.427 E677.42106
G1 X169.977 Y179.581 E677.46283
G1 X169.217 Y178.576 E677.50474
G1 X168.66 Y177.456 E677.54634
G1 X168.316 Y176.25 E677.58805
G1 X168.201 Y175 E677.6298
G1 X168.316 Y173.75 E677.67155
G1 X168.66 Y172.544 E677.71326
G1 X169.217 Y171.424 E677.75487
G1 X169.977 Y170.419 E677.79678
G1 X170.905 Y169.573 E677.83854
G1 X171.971 Y168.913 E677.88024
G1 X173.134 Y168.462 E677.92173
G1 X174.375 Y168.23 E677.96372
G1 X175.625 Y168.23 E678.0053
G1 X176.866 Y168.462 E678.04729
G1 X178.029 Y168.913 E678.08878
G1 X179.095 Y169.573 E678.13048
G1 X180.023 Y170.419 E678.17224
G1 X180.783 Y171.424 E678.21415
G1 X181.34 Y172.544 E678.25576
G1 X181.684 Y173.75 E678.29747
G1 X181.799 Y175 E678.33922
G1 X181.684 Y176.25 E678.38097
G1 X181.34 Y177.456 E678.42268
G1 X180.783 Y178.576 E678.46428
G1 X180.023 Y179.581 E678.50619
G1 X179.095 Y180.427 E678.54796
G1 X178.029 Y181.087 E678.58966
G1 X176.866 Y181.538 E678.63115
G1 X175.625 Y181.77 E678.67314
G0 F9000 X175.664 Y181.847
;MESH:NONMESH
G0 F300 X175.664 Y181.847 Z47.6
G0 F9000 X175.319 Y181.694
;TIME_ELAPSED:2066.603321
;LAYER:237
;TYPE:WALL-OUTER
;MESH:diffuser_reactor.stl
G1 F600 X176.579 Y181.512 E678.71548
G1 X177.783 Y181.096 E678.75785
G1 X178.887 Y180.459 E678.80024
G1 X179.849 Y179.625 E678.84259
G1 X180.637 Y178.623 E678.88499
G1 X181.22 Y177.491 E678.92734
G1 X181.58 Y176.268 E678.96974
G1 X181.701 Y175 E679.01211
G1 X181.58 Y173.732 E679.05447
G1 X181.22 Y172.509 E679.09687
G1 X180.637 Y171.377 E679.13922
G1 X179.849 Y170.375 E679.18162
G1 X178.887 Y169.541 E679.22397
G1 X177.783 Y168.904 E679.26636
G1 X176.579 Y168.488 E679.30873
G1 X175.319 Y168.306 E679.35107
G1 X174.046 Y168.367 E679.39346
G1 X172.808 Y168.667 E679.43583
G1 X171.65 Y169.197 E679.47819
G1 X170.611 Y169.936 E679.52059
G1 X169.733 Y170.858 E679.56294
G1 X169.044 Y171.93 E679.60532
G1 X168.57 Y173.112 E679.64768
G1 X168.329 Y174.363 E679.69005
G1 X168.329 Y175.637 E679.73243
G1 X168.57 Y176.888 E679.7748
G1 X169.044 Y178.07 E679.81716
G1 X169.733 Y179.142 E679.85954
G1 X170.611 Y180.064 E679.90189
G1 X171.65 Y180.803 E679.94429
G1 X172.808 Y181.333 E679.98665
G1 X174.046 Y181.633 E680.02902
G1 X175.319 Y181.694 E680.07141
G0 F9000 X175.625 Y181.77
G1 F600 X174.375 Y181.77 E680.11298
G1 X173.134 Y181.538 E680.15497
G1 X171.971 Y181.087 E680.19646
G1 X170.905 Y180.427 E680.23816
G1 X169.977 Y179.581 E680.27993
G1 X169.217 Y178.576 E680.32184
G1 X168.66 Y177.456 E680.36344
G1 X168.316 Y176.25 E680.40515
G1 X168.201 Y175 E680.4469
G1 X168.316 Y173.75 E680.48865
G1 X168.66 Y172.544 E680.53037
G1 X169.217 Y171.424 E680.57197
G1 X169.977 Y170.419 E680.61388
G1 X170.905 Y169.573 E680.65564
G1 X171.971 Y168.913 E680.69735
G1 X173.134 Y168.462 E680.73883
G1 X174.375 Y168.23 E680.78082
G1 X175.625 Y168.23 E680.8224
G1 X176.866 Y168.462 E680.86439
G1 X178.029 Y168.913 E680.90588
G1 X179.095 Y169.573 E680.94758
G1 X180.023 Y170.419 E680.98935
G1 X180.783 Y171.424 E681.03125
G1 X181.34 Y172.544 E681.07286
G1 X181.684 Y173.75 E681.11457
G1 X181.799 Y175 E681.15632
G1 X181.684 Y176.25 E681.19807
G1 X181.34 Y177.456 E681.23978
G1 X180.783 Y178.576 E681.28139
G1 X180.023 Y179.581 E681.32329
G1 X179.095 Y180.427 E681.36506
G1 X178.029 Y181.087 E681.40676
G1 X176.866 Y181.538 E681.44825
G1 X175.625 Y181.77 E681.49024
G0 F9000 X175.664 Y181.847
;MESH:NONMESH
G0 F300 X175.664 Y181.847 Z47.8
G0 F9000 X175.319 Y181.694
;TIME_ELAPSED:2075.247319
;LAYER:238
;TYPE:WALL-OUTER
;MESH:diffuser_reactor.stl
G1 F600 X176.579 Y181.512 E681.53258
G1 X177.783 Y181.096 E681.57495
G1 X178.887 Y180.459 E681.61734
G1 X179.849 Y179.625 E681.65969
G1 X180.637 Y178.623 E681.70209
G1 X181.22 Y177.491 E681.74444
G1 X181.58 Y176.268 E681.78684
G1 X181.701 Y175 E681.82921
G1 X181.58 Y173.732 E681.87157
G1 X181.22 Y172.509 E681.91398
G1 X180.637 Y171.377 E681.95633
G1 X179.849 Y170.375 E681.99872
G1 X178.887 Y169.541 E682.04107
G1 X177.783 Y168.904 E682.08346
G1 X176.579 Y168.488 E682.12583
G1 X175.319 Y168.306 E682.16817
G1 X174.046 Y168.367 E682.21056
G1 X172.808 Y168.667 E682.25293
G1 X171.65 Y169.197 E682.29529
G1 X170.611 Y169.936 E682.33769
G1 X169.733 Y170.858 E682.38004
G1 X169.044 Y171.93 E682.42242
G1 X168.57 Y173.112 E682.46478
G1 X168.329 Y174.363 E682.50715
G1 X168.329 Y175.637 E682.54953
G1 X168.57 Y176.888 E682.5919
G1 X169.044 Y178.07 E682.63426
G1 X169.733 Y179.142 E682.67664
G1 X170.611 Y180.064 E682.71899
G1 X171.65 Y180.803 E682.7614
G1 X172.808 Y181.333 E682.80375
G1 X174.046 Y181.633 E682.84612
G1 X175.319 Y181.694 E682.88851
G0 F9000 X175.625 Y181.77
G1 F600 X174.375 Y181.77 E682.93008
G1 X173.134 Y181.538 E682.97208
G1 X171.971 Y181.087 E683.01356
G1 X170.905 Y180.427 E683.05526
G1 X169.977 Y179.581 E683.09703
G1 X169.217 Y178.576 E683.13894
G1 X168.66 Y177.456 E683.18054
G1 X168.316 Y176.25 E683.22225
G1 X168.201 Y175 E683.26401
G1 X168.316 Y173.75 E683.30576
G1 X168.66 Y172.544 E683.34747
G1 X169.217 Y171.424 E683.38907
G1 X169.977 Y170.419 E683.43098
G1 X170.905 Y169.573 E683.47275
G1 X171.971 Y168.913 E683.51445
G1 X173.134 Y168.462 E683.55593
G1 X174.375 Y168.23 E683.59793
G1 X175.625 Y168.23 E683.6395
G1 X176.866 Y168.462 E683.68149
G1 X178.029 Y168.913 E683.72298
G1 X179.095 Y169.573 E683.76468
G1 X180.023 Y170.419 E683.80645
G1 X180.783 Y171.424 E683.84836
G1 X181.34 Y172.544 E683.88996
G1 X181.684 Y173.75 E683.93167
G1 X181.799 Y175 E683.97342
G1 X181.684 Y176.25 E684.01517
G1 X181.34 Y177.456 E684.05688
G1 X180.783 Y178.576 E684.09849
G1 X180.023 Y179.581 E684.1404
G1 X179.095 Y180.427 E684.18216
G1 X178.029 Y181.087 E684.22386
G1 X176.866 Y181.538 E684.26535
G1 X175.625 Y181.77 E684.30734
G0 F9000 X175.664 Y181.847
;MESH:NONMESH
G0 F300 X175.664 Y181.847 Z48
G0 F9000 X175.319 Y181.694
;TIME_ELAPSED:2083.891317
;LAYER:239
;TYPE:WALL-OUTER
;MESH:diffuser_reactor.stl
G1 F600 X176.579 Y181.512 E684.34968
G1 X177.783 Y181.096 E684.39205
G1 X178.887 Y180.459 E684.43445
G1 X179.849 Y179.625 E684.47679
G1 X180.637 Y178.623 E684.51919
G1 X181.22 Y177.491 E684.56154
G1 X181.58 Y176.268 E684.60394
G1 X181.701 Y175 E684.64631
G1 X181.58 Y173.732 E684.68867
G1 X181.22 Y172.509 E684.73108
G1 X180.637 Y171.377 E684.77343
G1 X179.849 Y170.375 E684.81582
G1 X178.887 Y169.541 E684.85817
G1 X177.783 Y168.904 E684.90056
G1 X176.579 Y168.488 E684.94293
G1 X175.319 Y168.306 E684.98528
G1 X174.046 Y168.367 E685.02766
G1 X172.808 Y168.667 E685.07003
G1 X171.65 Y169.197 E685.11239
G1 X170.611 Y169.936 E685.1548
G1 X169.733 Y170.858 E685.19714
G1 X169.044 Y171.93 E685.23953
G1 X168.57 Y173.112 E685.28188
G1 X168.329 Y174.363 E685.32426
G1 X168.329 Y175.637 E685.36663
G1 X168.57 Y176.888 E685.409
G1 X169.044 Y178.07 E685.45136
G1 X169.733 Y179.142 E685.49374
G1 X170.611 Y180.064 E685.53609
G1 X171.65 Y180.803 E685.5785
G1 X172.808 Y181.333 E685.62085
G1 X174.046 Y181.633 E685.66322
G1 X175.319 Y181.694 E685.70561
G0 F9000 X175.625 Y181.77
G1 F600 X174.375 Y181.77 E685.74719
G1 X173.134 Y181.538 E685.78918
G1 X171.971 Y181.087 E685.83067
G1 X170.905 Y180.427 E685.87237
G1 X169.977 Y179.581 E685.91413
G1 X169.217 Y178.576 E685.95604
G1 X168.66 Y177.456 E685.99764
G1 X168.316 Y176.25 E686.03936
G1 X168.201 Y175 E686.08111
G1 X168.316 Y173.75 E686.12286
G1 X168.66 Y172.544 E686.16457
G1 X169.217 Y171.424 E686.20617
G1 X169.977 Y170.419 E686.24808
G1 X170.905 Y169.573 E686.28985
G1 X171.971 Y168.913 E686.33155
G1 X173.134 Y168.462 E686.37304
G1 X174.375 Y168.23 E686.41503
G1 X175.625 Y168.23 E686.4566
G1 X176.866 Y168.462 E686.49859
G1 X178.029 Y168.913 E686.54008
G1 X179.095 Y169.573 E686.58178
G1 X180.023 Y170.419 E686.62355
G1 X180.783 Y171.424 E686.66546
G1 X181.34 Y172.544 E686.70706
G1 X181.684 Y173.75 E686.74877
G1 X181.799 Y175 E686.79052
G1 X181.684 Y176.25 E686.83227
G1 X181.34 Y177.456 E686.87399
G1 X180.783 Y178.576 E686.91559
G1 X180.023 Y179.581 E686.9575
G1 X179.095 Y180.427 E686.99926
G1 X178.029 Y181.087 E687.04096
G1 X176.866 Y181.538 E687.08245
G1 X175.625 Y181.77 E687.12444
G0 F9000 X175.664 Y181.847
;MESH:NONMESH
G0 F300 X175.664 Y181.847 Z48.2
G0 F9000 X175.319 Y181.694
;TIME_ELAPSED:2092.535315
;LAYER:240
;TYPE:WALL-OUTER
;MESH:diffuser_reactor.stl
G1 F600 X176.579 Y181.512 E687.16679
G1 X177.783 Y181.096 E687.20915
G1 X178.887 Y180.459 E687.25155
G1 X179.849 Y179.625 E687.29389
G1 X180.637 Y178.623 E687.33629
G1 X181.22 Y177.491 E687.37864
G1 X181.58 Y176.268 E687.42104
G1 X181.701 Y175 E687.46341
G1 X181.58 Y173.732 E687.50578
G1 X181.22 Y172.509 E687.54818
G1 X180.637 Y171.377 E687.59053
G1 X179.849 Y170.375 E687.63293
G1 X178.887 Y169.541 E687.67527
G1 X177.783 Y168.904 E687.71767
G1 X176.579 Y168.488 E687.76003
G1 X175.319 Y168.306 E687.80238
G1 X174.046 Y168.367 E687.84477
G1 X172.808 Y168.667 E687.88713
G1 X171.65 Y169.197 E687.92949
G1 X170.611 Y169.936 E687.9719
G1 X169.733 Y170.858 E688.01424
G1 X169.044 Y171.93 E688.05663
G1 X168.57 Y173.112 E688.09898
G1 X168.329 Y174.363 E688.14136
G1 X168.329 Y175.637 E688.18373
G1 X168.57 Y176.888 E688.2261
G1 X169.044 Y178.07 E688.26846
G1 X169.733 Y179.142 E688.31085
G1 X170.611 Y180.064 E688.35319
G1 X171.65 Y180.803 E688.3956
G1 X172.808 Y181.333 E688.43796
G1 X174.046 Y181.633 E688.48032
G1 X175.319 Y181.694 E688.52271
G0 F9000 X175.625 Y181.77
G1 F600 X174.375 Y181.77 E688.56429
G1 X173.134 Y181.538 E688.60628
G1 X171.971 Y181.087 E688.64777
G1 X170.905 Y180.427 E688.68947
G1 X169.977 Y179.581 E688.73123
G1 X169.217 Y178.576 E688.77314
G1 X168.66 Y177.456 E688.81475
G1 X168.316 Y176.25 E688.85646
G1 X168.201 Y175 E688.89821
G1 X168.316 Y173.75 E688.93996
G1 X168.66 Y172.544 E688.98167
G1 X169.217 Y171.424 E689.02327
G1 X169.977 Y170.419 E689.06518
G1 X170.905 Y169.573 E689.10695
G1 X171.971 Y168.913 E689.14865
G1 X173.134 Y168.462 E689.19014
G1 X174.375 Y168.23 E689.23213
G1 X175.625 Y168.23 E689.2737
G1 X176.866 Y168.462 E689.31569
G1 X178.029 Y168.913 E689.35718
G1 X179.095 Y169.573 E689.39888
G1 X180.023 Y170.419 E689.44065
G1 X180.783 Y171.424 E689.48256
G1 X181.34 Y172.544 E689.52416
G1 X181.684 Y173.75 E689.56587
G1 X181.799 Y175 E689.60762
G1 X181.684 Y176.25 E689.64937
G1 X181.34 Y177.456 E689.69109
G1 X180.783 Y178.576 E689.73269
G1 X180.023 Y179.581 E689.7746
G1 X179.095 Y180.427 E689.81636
G1 X178.029 Y181.087 E689.85807
G1 X176.866 Y181.538 E689.89955
G1 X175.625 Y181.77 E689.94154
G0 F9000 X175.664 Y181.847
;MESH:NONMESH
G0 F300 X175.664 Y181.847 Z48.4
G0 F9000 X175.319 Y181.694
;TIME_ELAPSED:2101.179313
;LAYER:241
;TYPE:WALL-OUTER
;MESH:diffuser_reactor.stl
G1 F600 X176.579 Y181.512 E689.98389
G1 X177.783 Y181.096 E690.02626
G1 X178.887 Y180.459 E690.06865
G1 X179.849 Y179.625 E690.11099
G1 X180.637 Y178.623 E690.15339
G1 X181.22 Y177.491 E690.19574
G1 X181.58 Y176.268 E690.23815
G1 X181.701 Y175 E690.28051
G1 X181.58 Y173.732 E690.32288
G1 X181.22 Y172.509 E690.36528
G1 X180.637 Y171.377 E690.40763
G1 X179.849 Y170.375 E690.45003
G1 X178.887 Y169.541 E690.49237
G1 X177.783 Y168.904 E690.53477
G1 X176.579 Y168.488 E690.57714
G1 X175.319 Y168.306 E690.61948
G1 X174.046 Y168.367 E690.66187
G1 X172.808 Y168.667 E690.70423
G1 X171.65 Y169.197 E690.74659
G1 X170.611 Y169.936 E690.789
G1 X169.733 Y170.858 E690.83134
G1 X169.044 Y171.93 E690.87373
G1 X168.57 Y173.112 E690.91609
G1 X168.329 Y174.363 E690.95846
G1 X168.329 Y175.637 E691.00083
G1 X168.57 Y176.888 E691.04321
G1 X169.044 Y178.07 E691.08556
G1 X169.733 Y179.142 E691.12795
G1 X170.611 Y180.064 E691.17029
G1 X171.65 Y180.803 E691.2127
G1 X172.808 Y181.333 E691.25506
G1 X174.046 Y181.633 E691.29743
G1 X175.319 Y181.694 E691.33981
G0 F9000 X175.625 Y181.77
G1 F600 X174.375 Y181.77 E691.38139
G1 X173.134 Y181.538 E691.42338
G1 X171.971 Y181.087 E691.46487
G1 X170.905 Y180.427 E691.50657
G1 X169.977 Y179.581 E691.54834
G1 X169.217 Y178.576 E691.59024
G1 X168.66 Y177.456 E691.63185
G1 X168.316 Y176.25 E691.67356
G1 X168.201 Y175 E691.71531
G1 X168.316 Y173.75 E691.75706
G1 X168.66 Y172.544 E691.79877
G1 X169.217 Y171.424 E691.84038
G1 X169.977 Y170.419 E691.88228
G1 X170.905 Y169.573 E691.92405
G1 X171.971 Y168.913 E691.96575
G1 X173.134 Y168.462 E692.00724
G1 X174.375 Y168.23 E692.04923
G1 X175.625 Y168.23 E692.09081
G1 X176.866 Y168.462 E692.1328
G1 X178.029 Y168.913 E692.17428
G1 X179.095 Y169.573 E692.21599
G1 X180.023 Y170.419 E692.25775
G1 X180.783 Y171.424 E692.29966
G1 X181.34 Y172.544 E692.34126
G1 X181.684 Y173.75 E692.38297
G1 X181.799 Y175 E692.42473
G1 X181.684 Y176.25 E692.46648
G1 X181.34 Y177.456 E692.50819
G1 X180.783 Y178.576 E692.54979
G1 X180.023 Y179.581 E692.5917
G1 X179.095 Y180.427 E692.63347
G1 X178.029 Y181.087 E692.67517
G1 X176.866 Y181.538 E692.71666
G1 X175.625 Y181.77 E692.75865
G0 F9000 X175.664 Y181.847
;MESH:NONMESH
G0 F300 X175.664 Y181.847 Z48.6
G0 F9000 X175.319 Y181.694
;TIME_ELAPSED:2109.823311
;LAYER:242
;TYPE:WALL-OUTER
;MESH:diffuser_reactor.stl
G1 F600 X176.579 Y181.512 E692.80099
G1 X177.783 Y181.096 E692.84336
G1 X178.887 Y180.459 E692.88575
G1 X179.849 Y179.625 E692.9281
G1 X180.637 Y178.623 E692.97049
G1 X181.22 Y177.491 E693.01284
G1 X181.58 Y176.268 E693.05525
G1 X181.701 Y175 E693.09761
G1 X181.58 Y173.732 E693.13998
G1 X181.22 Y172.509 E693.18238
G1 X180.637 Y171.377 E693.22473
G1 X179.849 Y170.375 E693.26713
G1 X178.887 Y169.541 E693.30948
G1 X177.783 Y168.904 E693.35187
G1 X176.579 Y168.488 E693.39424
G1 X175.319 Y168.306 E693.43658
G1 X174.046 Y168.367 E693.47897
G1 X172.808 Y168.667 E693.52134
G1 X171.65 Y169.197 E693.56369
G1 X170.611 Y169.936 E693.6061
G1 X169.733 Y170.858 E693.64845
G1 X169.044 Y171.93 E693.69083
G1 X168.57 Y173.112 E693.73319
G1 X168.329 Y174.363 E693.77556
G1 X168.329 Y175.637 E693.81793
G1 X168.57 Y176.888 E693.86031
G1 X169.044 Y178.07 E693.90266
G1 X169.733 Y179.142 E693.94505
G1 X170.611 Y180.064 E693.98739
G1 X171.65 Y180.803 E694.0298
G1 X172.808 Y181.333 E694.07216
G1 X174.046 Y181.633 E694.11453
G1 X175.319 Y181.694 E694.15692
G0 F9000 X175.625 Y181.77
G1 F600 X174.375 Y181.77 E694.19849
G1 X173.134 Y181.538 E694.24048
G1 X171.971 Y181.087 E694.28197
G1 X170.905 Y180.427 E694.32367
G1 X169.977 Y179.581 E694.36544
G1 X169.217 Y178.576 E694.40735
G1 X168.66 Y177.456 E694.44895
G1 X168.316 Y176.25 E694.49066
G1 X168.201 Y175 E694.53241
G1 X168.316 Y173.75 E694.57416
G1 X168.66 Y172.544 E694.61587
G1 X169.217 Y171.424 E694.65748
G1 X169.977 Y170.419 E694.69939
G1 X170.905 Y169.573 E694.74115
G1 X171.971 Y168.913 E694.78285
G1 X173.134 Y168.462 E694.82434
G1 X174.375 Y168.23 E694.86633
G1 X175.625 Y168.23 E694.90791
G1 X176.866 Y168.462 E694.9499
G1 X178.029 Y168.913 E694.99139
G1 X179.095 Y169.573 E695.03309
G1 X180.023 Y170.419 E695.07485
G1 X180.783 Y171.424 E695.11676
G1 X181.34 Y172.544 E695.15836
G1 X181.684 Y173.75 E695.20008
G1 X181.799 Y175 E695.24183
G1 X181.684 Y176.25 E695.28358
G1 X181.34 Y177.456 E695.32529
G1 X180.783 Y178.576 E695.36689
G1 X180.023 Y179.581 E695.4088
G1 X179.095 Y180.427 E695.45057
G1 X178.029 Y181.087 E695.49227
G1 X176.866 Y181.538 E695.53376
G1 X175.625 Y181.77 E695.57575
G0 F9000 X175.664 Y181.847
;MESH:NONMESH
G0 F300 X175.664 Y181.847 Z48.8
G0 F9000 X175.319 Y181.694
;TIME_ELAPSED:2118.467309
;LAYER:243
;TYPE:WALL-OUTER
;MESH:diffuser_reactor.stl
G1 F600 X176.579 Y181.512 E695.61809
G1 X177.783 Y181.096 E695.66046
G1 X178.887 Y180.459 E695.70285
G1 X179.849 Y179.625 E695.7452
G1 X180.637 Y178.623 E695.7876
G1 X181.22 Y177.491 E695.82995
G1 X181.58 Y176.268 E695.87235
G1 X181.701 Y175 E695.91471
G1 X181.58 Y173.732 E695.95708
G1 X181.22 Y172.509 E695.99948
G1 X180.637 Y171.377 E696.04183
G1 X179.849 Y170.375 E696.08423
G1 X178.887 Y169.541 E696.12658
G1 X177.783 Y168.904 E696.16897
G1 X176.579 Y168.488 E696.21134
G1 X175.319 Y168.306 E696.25368
G1 X174.046 Y168.367 E696.29607
G1 X172.808 Y168.667 E696.33844
G1 X171.65 Y169.197 E696.3808
G1 X170.611 Y169.936 E696.4232
G1 X169.733 Y170.858 E696.46555
G1 X169.044 Y171.93 E696.50793
G1 X168.57 Y173.112 E696.55029
G1 X168.329 Y174.363 E696.59266
G1 X168.329 Y175.637 E696.63504
G1 X168.57 Y176.888 E696.67741
G1 X169.044 Y178.07 E696.71977
G1 X169.733 Y179.142 E696.76215
G1 X170.611 Y180.064 E696.8045
G1 X171.65 Y180.803 E696.8469
G1 X172.808 Y181.333 E696.88926
G1 X174.046 Y181.633 E696.93163
G1 X175.319 Y181.694 E696.97402
G0 F9000 X175.625 Y181.77
G1 F600 X174.375 Y181.77 E697.01559
G1 X173.134 Y181.538 E697.05758
G1 X171.971 Y181.087 E697.09907
G1 X170.905 Y180.427 E697.14077
G1 X169.977 Y179.581 E697.18254
G1 X169.217 Y178.576 E697.22445
G1 X168.66 Y177.456 E697.26605
G1 X168.316 Y176.25 E697.30776
G1 X168.201 Y175 E697.34951
G1 X168.316 Y173.75 E697.39126
G1 X168.66 Y172.544 E697.43297
G1 X169.217 Y171.424 E697.47458
G1 X169.977 Y170.419 E697.51649
G1 X170.905 Y169.573 E697.55825
G1 X171.971 Y168.913 E697.59995
G1 X173.134 Y168.462 E697.64144
G1 X174.375 Y168.23 E697.68343
G1 X175.625 Y168.23 E697.72501
G1 X176.866 Y168.462 E697.767
G1 X178.029 Y168.913 E697.80849
G1 X179.095 Y169.573 E697.85019
G1 X180.023 Y170.419 E697.89195
G1 X180.783 Y171.424 E697.93386
G1 X181.34 Y172.544 E697.97547
G1 X181.684 Y173.75 E698.01718
G1 X181.799 Y175 E698.05893
G1 X181.684 Y176.25 E698.10068
G1 X181.34 Y177.456 E698.14239
G1 X180.783 Y178.576 E698.18399
G1 X180.023 Y179.581 E698.2259
G1 X179.095 Y180.427 E698.26767
G1 X178.029 Y181.087 E698.30937
G1 X176.866 Y181.538 E698.35086
G1 X175.625 Y181.77 E698.39285
G0 F9000 X175.664 Y181.847
;MESH:NONMESH
G0 F300 X175.664 Y181.847 Z49
G0 F9000 X175.319 Y181.694
;TIME_ELAPSED:2127.111307
;LAYER:244
;TYPE:WALL-OUTER
;MESH:diffuser_reactor.stl
G1 F600 X176.579 Y181.512 E698.43519
G1 X177.783 Y181.096 E698.47756
G1 X178.887 Y180.459 E698.51995
G1 X179.849 Y179.625 E698.5623
G1 X180.637 Y178.623 E698.6047
G1 X181.22 Y177.491 E698.64705
G1 X181.58 Y176.268 E698.68945
G1 X181.701 Y175 E698.73182
G1 X181.58 Y173.732 E698.77418
G1 X181.22 Y172.509 E698.81658
G1 X180.637 Y171.377 E698.85893
G1 X179.849 Y170.375 E698.90133
G1 X178.887 Y169.541 E698.94368
G1 X177.783 Y168.904 E698.98607
G1 X176.579 Y168.488 E699.02844
G1 X175.319 Y168.306 E699.07078
G1 X174.046 Y168.367 E699.11317
G1 X172.808 Y168.667 E699.15554
G1 X171.65 Y169.197 E699.1979
G1 X170.611 Y169.936 E699.2403
G1 X169.733 Y170.858 E699.28265
G1 X169.044 Y171.93 E699.32503
G1 X168.57 Y173.112 E699.36739
G1 X168.329 Y174.363 E699.40976
G1 X168.329 Y175.637 E699.45214
G1 X168.57 Y176.888 E699.49451
G1 X169.044 Y178.07 E699.53687
G1 X169.733 Y179.142 E699.57925
G1 X170.611 Y180.064 E699.6216
G1 X171.65 Y180.803 E699.664
G1 X172.808 Y181.333 E699.70636
G1 X174.046 Y181.633 E699.74873
G1 X175.319 Y181.694 E699.79112
G0 F9000 X175.625 Y181.77
G1 F600 X174.375 Y181.77 E699.83269
G1 X173.134 Y181.538 E699.87468
G1 X171.971 Y181.087 E699.91617
G1 X170.905 Y180.427 E699.95787
G1 X169.977 Y179.581 E699.99964
G1 X169.217 Y178.576 E700.04155
G1 X168.66 Y177.456 E700.08315
G1 X168.316 Y176.25 E700.12486
G1 X168.201 Y175 E700.16661
G1 X168.316 Y173.75 E700.20836
G1 X168.66 Y172.544 E700.25008
G1 X169.217 Y171.424 E700.29168
G1 X169.977 Y170.419 E700.33359
G1 X170.905 Y169.573 E700.37535
G1 X171.971 Y168.913 E700.41706
G1 X173.134 Y168.462 E700.45854
G1 X174.375 Y168.23 E700.50053
G1 X175.625 Y168.23 E700.54211
G1 X176.866 Y168.462 E700.5841
G1 X178.029 Y168.913 E700.62559
G1 X179.095 Y169.573 E700.66729
G1 X180.023 Y170.419 E700.70906
G1 X180.783 Y171.424 E700.75096
G1 X181.34 Y172.544 E700.79257
G1 X181.684 Y173.75 E700.83428
G1 X181.799 Y175 E700.87603
G1 X181.684 Y176.25 E700.91778
G1 X181.34 Y177.456 E700.95949
G1 X180.783 Y178.576 E701.0011
G1 X180.023 Y179.581 E701.043
G1 X179.095 Y180.427 E701.08477
G1 X178.029 Y181.087 E701.12647
G1 X176.866 Y181.538 E701.16796
G1 X175.625 Y181.77 E701.20995
G0 F9000 X175.664 Y181.847
;MESH:NONMESH
G0 F300 X175.664 Y181.847 Z49.2
G0 F9000 X175.319 Y181.694
;TIME_ELAPSED:2135.755305
;LAYER:245
;TYPE:WALL-OUTER
;MESH:diffuser_reactor.stl
G1 F600 X176.579 Y181.512 E701.25229
G1 X177.783 Y181.096 E701.29466
G1 X178.887 Y180.459 E701.33705
G1 X179.849 Y179.625 E701.3794
G1 X180.637 Y178.623 E701.4218
G1 X181.22 Y177.491 E701.46415
G1 X181.58 Y176.268 E701.50655
G1 X181.701 Y175 E701.54892
G1 X181.58 Y173.732 E701.59128
G1 X181.22 Y172.509 E701.63369
G1 X180.637 Y171.377 E701.67604
G1 X179.849 Y170.375 E701.71843
G1 X178.887 Y169.541 E701.76078
G1 X177.783 Y168.904 E701.80317
G1 X176.579 Y168.488 E701.84554
G1 X175.319 Y168.306 E701.88788
G1 X174.046 Y168.367 E701.93027
G1 X172.808 Y168.667 E701.97264
G1 X171.65 Y169.197 E702.015
G1 X170.611 Y169.936 E702.0574
G1 X169.733 Y170.858 E702.09975
G1 X169.044 Y171.93 E702.14214
G1 X168.57 Y173.112 E702.18449
G1 X168.329 Y174.363 E702.22687
G1 X168.329 Y175.637 E702.26924
G1 X168.57 Y176.888 E702.31161
G1 X169.044 Y178.07 E702.35397
G1 X169.733 Y179.142 E702.39635
G1 X170.611 Y180.064 E702.4387
G1 X171.65 Y180.803 E702.48111
G1 X172.808 Y181.333 E702.52346
G1 X174.046 Y181.633 E702.56583
G1 X175.319 Y181.694 E702.60822
G0 F9000 X175.625 Y181.77
G1 F600 X174.375 Y181.77 E702.6498
G1 X173.134 Y181.538 E702.69179
G1 X171.971 Y181.087 E702.73327
G1 X170.905 Y180.427 E702.77498
G1 X169.977 Y179.581 E702.81674
G1 X169.217 Y178.576 E702.85865
G1 X168.66 Y177.456 E702.90025
G1 X168.316 Y176.25 E702.94196
G1 X168.201 Y175 E702.98372
G1 X168.316 Y173.75 E703.02547
G1 X168.66 Y172.544 E703.06718
G1 X169.217 Y171.424 E703.10878
G1 X169.977 Y170.419 E703.15069
G1 X170.905 Y169.573 E703.19246
G1 X171.971 Y168.913 E703.23416
G1 X173.134 Y168.462 E703.27565
G1 X174.375 Y168.23 E703.31764
G1 X175.625 Y168.23 E703.35921
G1 X176.866 Y168.462 E703.4012
G1 X178.029 Y168.913 E703.44269
G1 X179.095 Y169.573 E703.48439
G1 X180.023 Y170.419 E703.52616
G1 X180.783 Y171.424 E703.56807
G1 X181.34 Y172.544 E703.60967
G1 X181.684 Y173.75 E703.65138
G1 X181.799 Y175 E703.69313
G1 X181.684 Y176.25 E703.73488
G1 X181.34 Y177.456 E703.77659
G1 X180.783 Y178.576 E703.8182
G1 X180.023 Y179.581 E703.86011
G1 X179.095 Y180.427 E703.90187
G1 X178.029 Y181.087 E703.94357
G1 X176.866 Y181.538 E703.98506
G1 X175.625 Y181.77 E704.02705
G0 F9000 X175.664 Y181.847
;MESH:NONMESH
G0 F300 X175.664 Y181.847 Z49.4
G0 F9000 X175.319 Y181.694
;TIME_ELAPSED:2144.399303
;LAYER:246
;TYPE:WALL-OUTER
;MESH:diffuser_reactor.stl
G1 F600 X176.579 Y181.512 E704.06939
G1 X177.783 Y181.096 E704.11176
G1 X178.887 Y180.459 E704.15416
G1 X179.849 Y179.625 E704.1965
G1 X180.637 Y178.623 E704.2389
G1 X181.22 Y177.491 E704.28125
G1 X181.58 Y176.268 E704.32365
G1 X181.701 Y175 E704.36602
G1 X181.58 Y173.732 E704.40838
G1 X181.22 Y172.509 E704.45079
G1 X180.637 Y171.377 E704.49314
G1 X179.849 Y170.375 E704.53554
G1 X178.887 Y169.541 E704.57788
G1 X177.783 Y168.904 E704.62027
G1 X176.579 Y168.488 E704.66264
G1 X175.319 Y168.306 E704.70499
G1 X174.046 Y168.367 E704.74737
G1 X172.808 Y168.667 E704.78974
G1 X171.65 Y169.197 E704.8321
G1 X170.611 Y169.936 E704.87451
G1 X169.733 Y170.858 E704.91685
G1 X169.044 Y171.93 E704.95924
G1 X168.57 Y173.112 E705.00159
G1 X168.329 Y174.363 E705.04397
G1 X168.329 Y175.637 E705.08634
G1 X168.57 Y176.888 E705.12871
G1 X169.044 Y178.07 E705.17107
G1 X169.733 Y179.142 E705.21345
G1 X170.611 Y180.064 E705.2558
G1 X171.65 Y180.803 E705.29821
G1 X172.808 Y181.333 E705.34057
G1 X174.046 Y181.633 E705.38293
G1 X175.319 Y181.694 E705.42532
G0 F9000 X175.625 Y181.77
G1 F600 X174.375 Y181.77 E705.4669
G1 X173.134 Y181.538 E705.50889
G1 X171.971 Y181.087 E705.55038
G1 X170.905 Y180.427 E705.59208
G1 X169.977 Y179.581 E705.63384
G1 X169.217 Y178.576 E705.67575
G1 X168.66 Y177.456 E705.71735
G1 X168.316 Y176.25 E705.75907
G1 X168.201 Y175 E705.80082
G1 X168.316 Y173.75 E705.84257
G1 X168.66 Y172.544 E705.88428
G1 X169.217 Y171.424 E705.92588
G1 X169.977 Y170.419 E705.96779
G1 X170.905 Y169.573 E706.00956
G1 X171.971 Y168.913 E706.05126
G1 X173.134 Y168.462 E706.09275
G1 X174.375 Y168.23 E706.13474
G1 X175.625 Y168.23 E706.17631
G1 X176.866 Y168.462 E706.2183
G1 X178.029 Y168.913 E706.25979
G1 X179.095 Y169.573 E706.30149
G1 X180.023 Y170.419 E706.34326
G1 X180.783 Y171.424 E706.38517
G1 X181.34 Y172.544 E706.42677
G1 X181.684 Y173.75 E706.46848
G1 X181.799 Y175 E706.51023
G1 X181.684 Y176.25 E706.55198
G1 X181.34 Y177.456 E706.5937
G1 X180.783 Y178.576 E706.6353
G1 X180.023 Y179.581 E706.67721
G1 X179.095 Y180.427 E706.71897
G1 X178.029 Y181.087 E706.76067
G1 X176.866 Y181.538 E706.80216
G1 X175.625 Y181.77 E706.84415
G0 F9000 X175.664 Y181.847
;MESH:NONMESH
G0 F300 X175.664 Y181.847 Z49.6
G0 F9000 X175.319 Y181.694
;TIME_ELAPSED:2153.043301
;LAYER:247
;TYPE:WALL-OUTER
;MESH:diffuser_reactor.stl
G1 F600 X176.579 Y181.512 E706.8865
G1 X177.783 Y181.096 E706.92886
G1 X178.887 Y180.459 E706.97126
G1 X179.849 Y179.625 E707.0136
G1 X180.637 Y178.623 E707.056
G1 X181.22 Y177.491 E707.09835
G1 X181.58 Y176.268 E707.14075
G1 X181.701 Y175 E707.18312
G1 X181.58 Y173.732 E707.22549
G1 X181.22 Y172.509 E707.26789
G1 X180.637 Y171.377 E707.31024
G1 X179.849 Y170.375 E707.35264
G1 X178.887 Y169.541 E707.39498
G1 X177.783 Y168.904 E707.43738
G1 X176.579 Y168.488 E707.47974
G1 X175.319 Y168.306 E707.52209
G1 X174.046 Y168.367 E707.56448
G1 X172.808 Y168.667 E707.60684
G1 X171.65 Y169.197 E707.6492
G1 X170.611 Y169.936 E707.69161
G1 X169.733 Y170.858 E707.73395
G1 X169.044 Y171.93 E707.77634
G1 X168.57 Y173.112 E707.81869
G1 X168.329 Y174.363 E707.86107
G1 X168.329 Y175.637 E707.90344
G1 X168.57 Y176.888 E707.94582
G1 X169.044 Y178.07 E707.98817
G1 X169.733 Y179.142 E708.03056
G1 X170.611 Y180.064 E708.0729
G1 X171.65 Y180.803 E708.11531
G1 X172.808 Y181.333 E708.15767
G1 X174.046 Y181.633 E708.20003
G1 X175.319 Y181.694 E708.24242
G0 F9000 X175.625 Y181.77
G1 F600 X174.375 Y181.77 E708.284
G1 X173.134 Y181.538 E708.32599
G1 X171.971 Y181.087 E708.36748
G1 X170.905 Y180.427 E708.40918
G1 X169.977 Y179.581 E708.45094
G1 X169.217 Y178.576 E708.49285
G1 X168.66 Y177.456 E708.53446
G1 X168.316 Y176.25 E708.57617
G1 X168.201 Y175 E708.61792
G1 X168.316 Y173.75 E708.65967
G1 X168.66 Y172.544 E708.70138
G1 X169.217 Y171.424 E708.74298
G1 X169.977 Y170.419 E708.78489
G1 X170.905 Y169.573 E708.82666
G1 X171.971 Y168.913 E708.86836
G1 X173.134 Y168.462 E708.90985
G1 X174.375 Y168.23 E708.95184
G1 X175.625 Y168.23 E708.99341
G1 X176.866 Y168.462 E709.03541
G1 X178.029 Y168.913 E709.07689
G1 X179.095 Y169.573 E709.11859
G1 X180.023 Y170.419 E709.16036
G1 X180.783 Y171.424 E709.20227
G1 X181.34 Y172.544 E709.24387
G1 X181.684 Y173.75 E709.28558
G1 X181.799 Y175 E709.32733
G1 X181.684 Y176.25 E709.36909
G1 X181.34 Y177.456 E709.4108
G1 X180.783 Y178.576 E709.4524
G1 X180.023 Y179.581 E709.49431
G1 X179.095 Y180.427 E709.53608
G1 X178.029 Y181.087 E709.57778
G1 X176.866 Y181.538 E709.61926
G1 X175.625 Y181.77 E709.66125
G0 F9000 X175.664 Y181.847
;MESH:NONMESH
G0 F300 X175.664 Y181.847 Z49.8
G0 F9000 X175.319 Y181.694
;TIME_ELAPSED:2161.687299
;LAYER:248
;TYPE:WALL-OUTER
;MESH:diffuser_reactor.stl
G1 F600 X176.579 Y181.512 E709.7036
G1 X177.783 Y181.096 E709.74597
G1 X178.887 Y180.459 E709.78836
G1 X179.849 Y179.625 E709.83071
G1 X180.637 Y178.623 E709.8731
G1 X181.22 Y177.491 E709.91545
G1 X181.58 Y176.268 E709.95786
G1 X181.701 Y175 E710.00022
G1 X181.58 Y173.732 E710.04259
G1 X181.22 Y172.509 E710.08499
G1 X180.637 Y171.377 E710.12734
G1 X179.849 Y170.375 E710.16974
G1 X178.887 Y169.541 E710.21208
G1 X177.783 Y168.904 E710.25448
G1 X176.579 Y168.488 E710.29685
G1 X175.319 Y168.306 E710.33919
G1 X174.046 Y168.367 E710.38158
G1 X172.808 Y168.667 E710.42394
G1 X171.65 Y169.197 E710.4663
G1 X170.611 Y169.936 E710.50871
G1 X169.733 Y170.858 E710.55106
G1 X169.044 Y171.93 E710.59344
G1 X168.57 Y173.112 E710.6358
G1 X168.329 Y174.363 E710.67817
G1 X168.329 Y175.637 E710.72054
G1 X168.57 Y176.888 E710.76292
G1 X169.044 Y178.07 E710.80527
G1 X169.733 Y179.142 E710.84766
G1 X170.611 Y180.064 E710.89
G1 X171.65 Y180.803 E710.93241
G1 X172.808 Y181.333 E710.97477
G1 X174.046 Y181.633 E711.01714
G1 X175.319 Y181.694 E711.05952
G0 F9000 X175.625 Y181.77
G1 F600 X174.375 Y181.77 E711.1011
G1 X173.134 Y181.538 E711.14309
G1 X171.971 Y181.087 E711.18458
G1 X170.905 Y180.427 E711.22628
G1 X169.977 Y179.581 E711.26805
G1 X169.217 Y178.576 E711.30995
G1 X168.66 Y177.456 E711.35156
G1 X168.316 Y176.25 E711.39327
G1 X168.201 Y175 E711.43502
G1 X168.316 Y173.75 E711.47677
G1 X168.66 Y172.544 E711.51848
G1 X169.217 Y171.424 E711.56009
G1 X169.977 Y170.419 E711.60199
G1 X170.905 Y169.573 E711.64376
G1 X171.971 Y168.913 E711.68546
G1 X173.134 Y168.462 E711.72695
G1 X174.375 Y168.23 E711.76894
G1 X175.625 Y168.23 E711.81052
G1 X176.866 Y168.462 E711.85251
G1 X178.029 Y168.913 E711.89399
G1 X179.095 Y169.573 E711.9357
G1 X180.023 Y170.419 E711.97746
G1 X180.783 Y171.424 E712.01937
G1 X181.34 Y172.544 E712.06097
G1 X181.684 Y173.75 E712.10269
G1 X181.799 Y175 E712.14444
G1 X181.684 Y176.25 E712.18619
G1 X181.34 Y177.456 E712.2279
G1 X180.783 Y178.576 E712.2695
G1 X180.023 Y179.581 E712.31141
G1 X179.095 Y180.427 E712.35318
G1 X178.029 Y181.087 E712.39488
G1 X176.866 Y181.538 E712.43637
G1 X175.625 Y181.77 E712.47836
G0 F9000 X175.664 Y181.847
;MESH:NONMESH
G0 F300 X175.664 Y181.847 Z50
G0 F9000 X175.319 Y181.694
;TIME_ELAPSED:2170.331296
;LAYER:249
;TYPE:WALL-OUTER
;MESH:diffuser_reactor.stl
G1 F600 X176.579 Y181.512 E712.5207
G1 X177.783 Y181.096 E712.56307
G1 X178.887 Y180.459 E712.60546
G1 X179.849 Y179.625 E712.64781
G1 X180.637 Y178.623 E712.6902
G1 X181.22 Y177.491 E712.73255
G1 X181.58 Y176.268 E712.77496
G1 X181.701 Y175 E712.81732
G1 X181.58 Y173.732 E712.85969
G1 X181.22 Y172.509 E712.90209
G1 X180.637 Y171.377 E712.94444
G1 X179.849 Y170.375 E712.98684
G1 X178.887 Y169.541 E713.02919
G1 X177.783 Y168.904 E713.07158
G1 X176.579 Y168.488 E713.11395
G1 X175.319 Y168.306 E713.15629
G1 X174.046 Y168.367 E713.19868
G1 X172.808 Y168.667 E713.24105
G1 X171.65 Y169.197 E713.2834
G1 X170.611 Y169.936 E713.32581
G1 X169.733 Y170.858 E713.36816
G1 X169.044 Y171.93 E713.41054
G1 X168.57 Y173.112 E713.4529
G1 X168.329 Y174.363 E713.49527
G1 X168.329 Y175.637 E713.53764
G1 X168.57 Y176.888 E713.58002
G1 X169.044 Y178.07 E713.62237
G1 X169.733 Y179.142 E713.66476
G1 X170.611 Y180.064 E713.7071
G1 X171.65 Y180.803 E713.74951
G1 X172.808 Y181.333 E713.79187
G1 X174.046 Y181.633 E713.83424
G1 X175.319 Y181.694 E713.87663
G0 F9000 X175.625 Y181.77
G1 F600 X174.375 Y181.77 E713.9182
G1 X173.134 Y181.538 E713.96019
G1 X171.971 Y181.087 E714.00168
G1 X170.905 Y180.427 E714.04338
G1 X169.977 Y179.581 E714.08515
G1 X169.217 Y178.576 E714.12706
G1 X168.66 Y177.456 E714.16866
G1 X168.316 Y176.25 E714.21037
G1 X168.201 Y175 E714.25212
G1 X168.316 Y173.75 E714.29387
G1 X168.66 Y172.544 E714.33558
G1 X169.217 Y171.424 E714.37719
G1 X169.977 Y170.419 E714.4191
G1 X170.905 Y169.573 E714.46086
G1 X171.971 Y168.913 E714.50256
G1 X173.134 Y168.462 E714.54405
G1 X174.375 Y168.23 E714.58604
G1 X175.625 Y168.23 E714.62762
G1 X176.866 Y168.462 E714.66961
G1 X178.029 Y168.913 E714.7111
G1 X179.095 Y169.573 E714.7528
G1 X180.023 Y170.419 E714.79456
G1 X180.783 Y171.424 E714.83647
G1 X181.34 Y172.544 E714.87808
G1 X181.684 Y173.75 E714.91979
G1 X181.799 Y175 E714.96154
G1 X181.684 Y176.25 E715.00329
G1 X181.34 Y177.456 E715.045
G1 X180.783 Y178.576 E715.0866
G1 X180.023 Y179.581 E715.12851
G1 X179.095 Y180.427 E715.17028
G1 X178.029 Y181.087 E715.21198
G1 X176.866 Y181.538 E715.25347
G1 X175.625 Y181.77 E715.29546
G0 F9000 X175.664 Y181.847
;MESH:NONMESH
G0 F300 X175.664 Y181.847 Z50.2
G0 F9000 X175.319 Y181.694
;TIME_ELAPSED:2178.975294
;LAYER:250
;TYPE:WALL-OUTER
;MESH:diffuser_reactor.stl
G1 F600 X176.579 Y181.512 E715.3378
G1 X177.783 Y181.096 E715.38017
G1 X178.887 Y180.459 E715.42256
G1 X179.849 Y179.625 E715.46491
G1 X180.637 Y178.623 E715.50731
G1 X181.22 Y177.491 E715.54966
G1 X181.58 Y176.268 E715.59206
G1 X181.701 Y175 E715.63442
G1 X181.58 Y173.732 E715.67679
G1 X181.22 Y172.509 E715.71919
G1 X180.637 Y171.377 E715.76154
G1 X179.849 Y170.375 E715.80394
G1 X178.887 Y169.541 E715.84629
G1 X177.783 Y168.904 E715.88868
G1 X176.579 Y168.488 E715.93105
G1 X175.319 Y168.306 E715.97339
G1 X174.046 Y168.367 E716.01578
G1 X172.808 Y168.667 E716.05815
G1 X171.65 Y169.197 E716.10051
G1 X170.611 Y169.936 E716.14291
G1 X169.733 Y170.858 E716.18526
G1 X169.044 Y171.93 E716.22764
G1 X168.57 Y173.112 E716.27
G1 X168.329 Y174.363 E716.31237
G1 X168.329 Y175.637 E716.35475
G1 X168.57 Y176.888 E716.39712
G1 X169.044 Y178.07 E716.43948
G1 X169.733 Y179.142 E716.48186
G1 X170.611 Y180.064 E716.52421
G1 X171.65 Y180.803 E716.56661
G1 X172.808 Y181.333 E716.60897
G1 X174.046 Y181.633 E716.65134
G1 X175.319 Y181.694 E716.69373
G0 F9000 X175.625 Y181.77
G1 F600 X174.375 Y181.77 E716.7353
G1 X173.134 Y181.538 E716.77729
G1 X171.971 Y181.087 E716.81878
G1 X170.905 Y180.427 E716.86048
G1 X169.977 Y179.581 E716.90225
G1 X169.217 Y178.576 E716.94416
G1 X168.66 Y177.456 E716.98576
G1 X168.316 Y176.25 E717.02747
G1 X168.201 Y175 E717.06922
G1 X168.316 Y173.75 E717.11097
G1 X168.66 Y172.544 E717.15269
G1 X169.217 Y171.424 E717.19429
G1 X169.977 Y170.419 E717.2362
G1 X170.905 Y169.573 E717.27796
G1 X171.971 Y168.913 E717.31966
G1 X173.134 Y168.462 E717.36115
G1 X174.375 Y168.23 E717.40314
G1 X175.625 Y168.23 E717.44472
G1 X176.866 Y168.462 E717.48671
G1 X178.029 Y168.913 E717.5282
G1 X179.095 Y169.573 E717.5699
G1 X180.023 Y170.419 E717.61166
G1 X180.783 Y171.424 E717.65357
G1 X181.34 Y172.544 E717.69518
G1 X181.684 Y173.75 E717.73689
G1 X181.799 Y175 E717.77864
G1 X181.684 Y176.25 E717.82039
G1 X181.34 Y177.456 E717.8621
G1 X180.783 Y178.576 E717.90371
G1 X180.023 Y179.581 E717.94561
G1 X179.095 Y180.427 E717.98738
G1 X178.029 Y181.087 E718.02908
G1 X176.866 Y181.538 E718.07057
G1 X175.625 Y181.77 E718.11256
G0 F9000 X175.664 Y181.847
;MESH:NONMESH
G0 F300 X175.664 Y181.847 Z50.4
G0 F9000 X175.319 Y181.694
;TIME_ELAPSED:2187.619292
;LAYER:251
;TYPE:WALL-OUTER
;MESH:diffuser_reactor.stl
G1 F600 X176.579 Y181.512 E718.1549
G1 X177.783 Y181.096 E718.19727
G1 X178.887 Y180.459 E718.23966
G1 X179.849 Y179.625 E718.28201
G1 X180.637 Y178.623 E718.32441
G1 X181.22 Y177.491 E718.36676
G1 X181.58 Y176.268 E718.40916
G1 X181.701 Y175 E718.45153
G1 X181.58 Y173.732 E718.49389
G1 X181.22 Y172.509 E718.53629
G1 X180.637 Y171.377 E718.57864
G1 X179.849 Y170.375 E718.62104
G1 X178.887 Y169.541 E718.66339
G1 X177.783 Y168.904 E718.70578
G1 X176.579 Y168.488 E718.74815
G1 X175.319 Y168.306 E718.79049
G1 X174.046 Y168.367 E718.83288
G1 X172.808 Y168.667 E718.87525
G1 X171.65 Y169.197 E718.91761
G1 X170.611 Y169.936 E718.96001
G1 X169.733 Y170.858 E719.00236
G1 X169.044 Y171.93 E719.04474
G1 X168.57 Y173.112 E719.0871
G1 X168.329 Y174.363 E719.12947
G1 X168.329 Y175.637 E719.17185
G1 X168.57 Y176.888 E719.21422
G1 X169.044 Y178.07 E719.25658
G1 X169.733 Y179.142 E719.29896
G1 X170.611 Y180.064 E719.34131
G1 X171.65 Y180.803 E719.38371
G1 X172.808 Y181.333 E719.42607
G1 X174.046 Y181.633 E719.46844
G1 X175.319 Y181.694 E719.51083
G0 F9000 X175.625 Y181.77
G1 F600 X174.375 Y181.77 E719.5524
G1 X173.134 Y181.538 E719.59439
G1 X171.971 Y181.087 E719.63588
G1 X170.905 Y180.427 E719.67758
G1 X169.977 Y179.581 E719.71935
G1 X169.217 Y178.576 E719.76126
G1 X168.66 Y177.456 E719.80286
G1 X168.316 Y176.25 E719.84457
G1 X168.201 Y175 E719.88632
G1 X168.316 Y173.75 E719.92808
G1 X168.66 Y172.544 E719.96979
G1 X169.217 Y171.424 E720.01139
G1 X169.977 Y170.419 E720.0533
G1 X170.905 Y169.573 E720.09506
G1 X171.971 Y168.913 E720.13677
G1 X173.134 Y168.462 E720.17825
G1 X174.375 Y168.23 E720.22024
G1 X175.625 Y168.23 E720.26182
G1 X176.866 Y168.462 E720.30381
G1 X178.029 Y168.913 E720.3453
G1 X179.095 Y169.573 E720.387
G1 X180.023 Y170.419 E720.42877
G1 X180.783 Y171.424 E720.47067
G1 X181.34 Y172.544 E720.51228
G1 X181.684 Y173.75 E720.55399
G1 X181.799 Y175 E720.59574
G1 X181.684 Y176.25 E720.63749
G1 X181.34 Y177.456 E720.6792
G1 X180.783 Y178.576 E720.72081
G1 X180.023 Y179.581 E720.76271
G1 X179.095 Y180.427 E720.80448
G1 X178.029 Y181.087 E720.84618
G1 X176.866 Y181.538 E720.88767
G1 X175.625 Y181.77 E720.92966
G0 F9000 X175.664 Y181.847
;MESH:NONMESH
G0 F300 X175.664 Y181.847 Z50.6
G0 F9000 X175.319 Y181.694
;TIME_ELAPSED:2196.263290
;LAYER:252
;TYPE:WALL-OUTER
;MESH:diffuser_reactor.stl
G1 F600 X176.579 Y181.512 E720.972
G1 X177.783 Y181.096 E721.01437
G1 X178.887 Y180.459 E721.05676
G1 X179.849 Y179.625 E721.09911
G1 X180.637 Y178.623 E721.14151
G1 X181.22 Y177.491 E721.18386
G1 X181.58 Y176.268 E721.22626
G1 X181.701 Y175 E721.26863
G1 X181.58 Y173.732 E721.31099
G1 X181.22 Y172.509 E721.3534
G1 X180.637 Y171.377 E721.39575
G1 X179.849 Y170.375 E721.43814
G1 X178.887 Y169.541 E721.48049
G1 X177.783 Y168.904 E721.52288
G1 X176.579 Y168.488 E721.56525
G1 X175.319 Y168.306 E721.60759
G1 X174.046 Y168.367 E721.64998
G1 X172.808 Y168.667 E721.69235
G1 X171.65 Y169.197 E721.73471
G1 X170.611 Y169.936 E721.77712
G1 X169.733 Y170.858 E721.81946
G1 X169.044 Y171.93 E721.86185
G1 X168.57 Y173.112 E721.9042
G1 X168.329 Y174.363 E721.94658
G1 X168.329 Y175.637 E721.98895
G1 X168.57 Y176.888 E722.03132
G1 X169.044 Y178.07 E722.07368
G1 X169.733 Y179.142 E722.11606
G1 X170.611 Y180.064 E722.15841
G1 X171.65 Y180.803 E722.20082
G1 X172.808 Y181.333 E722.24317
G1 X174.046 Y181.633 E722.28554
G1 X175.319 Y181.694 E722.32793
G0 F9000 X175.625 Y181.77
G1 F600 X174.375 Y181.77 E722.36951
G1 X173.134 Y181.538 E722.4115
G1 X171.971 Y181.087 E722.45298
G1 X170.905 Y180.427 E722.49469
G1 X169.977 Y179.581 E722.53645
G1 X169.217 Y178.576 E722.57836
G1 X168.66 Y177.456 E722.61996
G1 X168.316 Y176.25 E722.66168
G1 X168.201 Y175 E722.70343
G1 X168.316 Y173.75 E722.74518
G1 X168.66 Y172.544 E722.78689
G1 X169.217 Y171.424 E722.82849
G1 X169.977 Y170.419 E722.8704
G1 X170.905 Y169.573 E722.91217
G1 X171.971 Y168.913 E722.95387
G1 X173.134 Y168.462 E722.99536
G1 X174.375 Y168.23 E723.03735
G1 X175.625 Y168.23 E723.07892
G1 X176.866 Y168.462 E723.12091
G1 X178.029 Y168.913 E723.1624
G1 X179.095 Y169.573 E723.2041
G1 X180.023 Y170.419 E723.24587
G1 X180.783 Y171.424 E723.28778
G1 X181.34 Y172.544 E723.32938
G1 X181.684 Y173.75 E723.37109
G1 X181.799 Y175 E723.41284
G1 X181.684 Y176.25 E723.45459
G1 X181.34 Y177.456 E723.4963
G1 X180.783 Y178.576 E723.53791
G1 X180.023 Y179.581 E723.57982
G1 X179.095 Y180.427 E723.62158
G1 X178.029 Y181.087 E723.66328
G1 X176.866 Y181.538 E723.70477
G1 X175.625 Y181.77 E723.74676
G0 F9000 X175.664 Y181.847
;MESH:NONMESH
G0 F300 X175.664 Y181.847 Z50.8
G0 F9000 X175.319 Y181.694
;TIME_ELAPSED:2204.907288
;LAYER:253
;TYPE:WALL-OUTER
;MESH:diffuser_reactor.stl
G1 F600 X176.579 Y181.512 E723.78911
G1 X177.783 Y181.096 E723.83147
G1 X178.887 Y180.459 E723.87387
G1 X179.849 Y179.625 E723.91621
G1 X180.637 Y178.623 E723.95861
G1 X181.22 Y177.491 E724.00096
G1 X181.58 Y176.268 E724.04336
G1 X181.701 Y175 E724.08573
G1 X181.58 Y173.732 E724.12809
G1 X181.22 Y172.509 E724.1705
G1 X180.637 Y171.377 E724.21285
G1 X179.849 Y170.375 E724.25525
G1 X178.887 Y169.541 E724.29759
G1 X177.783 Y168.904 E724.33998
G1 X176.579 Y168.488 E724.38235
G1 X175.319 Y168.306 E724.4247
G1 X174.046 Y168.367 E724.46708
G1 X172.808 Y168.667 E724.50945
G1 X171.65 Y169.197 E724.55181
G1 X170.611 Y169.936 E724.59422
G1 X169.733 Y170.858 E724.63656
G1 X169.044 Y171.93 E724.67895
G1 X168.57 Y173.112 E724.7213
G1 X168.329 Y174.363 E724.76368
G1 X168.329 Y175.637 E724.80605
G1 X168.57 Y176.888 E724.84842
G1 X169.044 Y178.07 E724.89078
G1 X169.733 Y179.142 E724.93317
G1 X170.611 Y180.064 E724.97551
G1 X171.65 Y180.803 E725.01792
G1 X172.808 Y181.333 E725.06028
G1 X174.046 Y181.633 E725.10264
G1 X175.319 Y181.694 E725.14503
G0 F9000 X175.625 Y181.77
G1 F600 X174.375 Y181.77 E725.18661
G1 X173.134 Y181.538 E725.2286
G1 X171.971 Y181.087 E725.27009
G1 X170.905 Y180.427 E725.31179
G1 X169.977 Y179.581 E725.35355
G1 X169.217 Y178.576 E725.39546
G1 X168.66 Y177.456 E725.43707
G1 X168.316 Y176.25 E725.47878
G1 X168.201 Y175 E725.52053
G1 X168.316 Y173.75 E725.56228
G1 X168.66 Y172.544 E725.60399
G1 X169.217 Y171.424 E725.64559
G1 X169.977 Y170.419 E725.6875
G1 X170.905 Y169.573 E725.72927
G1 X171.971 Y168.913 E725.77097
G1 X173.134 Y168.462 E725.81246
G1 X174.375 Y168.23 E725.85445
G1 X175.625 Y168.23 E725.89602
G1 X176.866 Y168.462 E725.93801
G1 X178.029 Y168.913 E725.9795
G1 X179.095 Y169.573 E726.0212
G1 X180.023 Y170.419 E726.06297
G1 X180.783 Y171.424 E726.10488
G1 X181.34 Y172.544 E726.14648
G1 X181.684 Y173.75 E726.18819
G1 X181.799 Y175 E726.22994
G1 X181.684 Y176.25 E726.27169
G1 X181.34 Y177.456 E726.31341
G1 X180.783 Y178.576 E726.35501
G1 X180.023 Y179.581 E726.39692
G1 X179.095 Y180.427 E726.43868
G1 X178.029 Y181.087 E726.48038
G1 X176.866 Y181.538 E726.52187
G1 X175.625 Y181.77 E726.56386
G0 F9000 X175.664 Y181.847
;MESH:NONMESH
G0 F300 X175.664 Y181.847 Z51
G0 F9000 X175.319 Y181.694
;TIME_ELAPSED:2213.551286
;LAYER:254
;TYPE:WALL-OUTER
;MESH:diffuser_reactor.stl
G1 F600 X176.579 Y181.512 E726.60621
G1 X177.783 Y181.096 E726.64857
G1 X178.887 Y180.459 E726.69097
G1 X179.849 Y179.625 E726.73331
G1 X180.637 Y178.623 E726.77571
G1 X181.22 Y177.491 E726.81806
G1 X181.58 Y176.268 E726.86047
G1 X181.701 Y175 E726.90283
G1 X181.58 Y173.732 E726.9452
G1 X181.22 Y172.509 E726.9876
G1 X180.637 Y171.377 E727.02995
G1 X179.849 Y170.375 E727.07235
G1 X178.887 Y169.541 E727.11469
G1 X177.783 Y168.904 E727.15709
G1 X176.579 Y168.488 E727.19945
G1 X175.319 Y168.306 E727.2418
G1 X174.046 Y168.367 E727.28419
G1 X172.808 Y168.667 E727.32655
G1 X171.65 Y169.197 E727.36891
G1 X170.611 Y169.936 E727.41132
G1 X169.733 Y170.858 E727.45366
G1 X169.044 Y171.93 E727.49605
G1 X168.57 Y173.112 E727.53841
G1 X168.329 Y174.363 E727.58078
G1 X168.329 Y175.637 E727.62315
G1 X168.57 Y176.888 E727.66553
G1 X169.044 Y178.07 E727.70788
G1 X169.733 Y179.142 E727.75027
G1 X170.611 Y180.064 E727.79261
G1 X171.65 Y180.803 E727.83502
G1 X172.808 Y181.333 E727.87738
G1 X174.046 Y181.633 E727.91974
G1 X175.319 Y181.694 E727.96213
G0 F9000 X175.625 Y181.77
G1 F600 X174.375 Y181.77 E728.00371
G1 X173.134 Y181.538 E728.0457
G1 X171.971 Y181.087 E728.08719
G1 X170.905 Y180.427 E728.12889
G1 X169.977 Y179.581 E728.17065
G1 X169.217 Y178.576 E728.21256
G1 X168.66 Y177.456 E728.25417
G1 X168.316 Y176.25 E728.29588
G1 X168.201 Y175 E728.33763
G1 X168.316 Y173.75 E728.37938
G1 X168.66 Y172.544 E728.42109
G1 X169.217 Y171.424 E728.4627
G1 X169.977 Y170.419 E728.5046
G1 X170.905 Y169.573 E728.54637
G1 X171.971 Y168.913 E728.58807
G1 X173.134 Y168.462 E728.62956
G1 X174.375 Y168.23 E728.67155
G1 X175.625 Y168.23 E728.71312
G1 X176.866 Y168.462 E728.75512
G1 X178.029 Y168.913 E728.7966
G1 X179.095 Y169.573 E728.8383
G1 X180.023 Y170.419 E728.88007
G1 X180.783 Y171.424 E728.92198
G1 X181.34 Y172.544 E728.96358
G1 X181.684 Y173.75 E729.00529
G1 X181.799 Y175 E729.04704
G1 X181.684 Y176.25 E729.0888
G1 X181.34 Y177.456 E729.13051
G1 X180.783 Y178.576 E729.17211
G1 X180.023 Y179.581 E729.21402
G1 X179.095 Y180.427 E729.25579
G1 X178.029 Y181.087 E729.29749
G1 X176.866 Y181.538 E729.33897
G1 X175.625 Y181.77 E729.38097
G0 F9000 X175.664 Y181.847
;MESH:NONMESH
G0 F300 X175.664 Y181.847 Z51.2
G0 F9000 X175.319 Y181.694
;TIME_ELAPSED:2222.195284
;LAYER:255
;TYPE:WALL-OUTER
;MESH:diffuser_reactor.stl
G1 F600 X176.579 Y181.512 E729.42331
G1 X177.783 Y181.096 E729.46568
G1 X178.887 Y180.459 E729.50807
G1 X179.849 Y179.625 E729.55042
G1 X180.637 Y178.623 E729.59281
G1 X181.22 Y177.491 E729.63516
G1 X181.58 Y176.268 E729.67757
G1 X181.701 Y175 E729.71993
G1 X181.58 Y173.732 E729.7623
G1 X181.22 Y172.509 E729.8047
G1 X180.637 Y171.377 E729.84705
G1 X179.849 Y170.375 E729.88945
G1 X178.887 Y169.541 E729.93179
G1 X177.783 Y168.904 E729.97419
G1 X176.579 Y168.488 E730.01656
G1 X175.319 Y168.306 E730.0589
G1 X174.046 Y168.367 E730.10129
G1 X172.808 Y168.667 E730.14366
G1 X171.65 Y169.197 E730.18601
G1 X170.611 Y169.936 E730.22842
G1 X169.733 Y170.858 E730.27077
G1 X169.044 Y171.93 E730.31315
G1 X168.57 Y173.112 E730.35551
G1 X168.329 Y174.363 E730.39788
G1 X168.329 Y175.637 E730.44025
G1 X168.57 Y176.888 E730.48263
G1 X169.044 Y178.07 E730.52498
G1 X169.733 Y179.142 E730.56737
G1 X170.611 Y180.064 E730.60971
G1 X171.65 Y180.803 E730.65212
G1 X172.808 Y181.333 E730.69448
G1 X174.046 Y181.633 E730.73685
G1 X175.319 Y181.694 E730.77923
G0 F9000 X175.625 Y181.77
G1 F600 X174.375 Y181.77 E730.82081
G1 X173.134 Y181.538 E730.8628
G1 X171.971 Y181.087 E730.90429
G1 X170.905 Y180.427 E730.94599
G1 X169.977 Y179.581 E730.98776
G1 X169.217 Y178.576 E731.02966
G1 X168.66 Y177.456 E731.07127
G1 X168.316 Y176.25 E731.11298
G1 X168.201 Y175 E731.15473
G1 X168.316 Y173.75 E731.19648
G1 X168.66 Y172.544 E731.23819
G1 X169.217 Y171.424 E731.2798
G1 X169.977 Y170.419 E731.3217
G1 X170.905 Y169.573 E731.36347
G1 X171.971 Y168.913 E731.40517
G1 X173.134 Y168.462 E731.44666
G1 X174.375 Y168.23 E731.48865
G1 X175.625 Y168.23 E731.53023
G1 X176.866 Y168.462 E731.57222
G1 X178.029 Y168.913 E731.61371
G1 X179.095 Y169.573 E731.65541
G1 X180.023 Y170.419 E731.69717
G1 X180.783 Y171.424 E731.73908
G1 X181.34 Y172.544 E731.78068
G1 X181.684 Y173.75 E731.8224
G1 X181.799 Y175 E731.86415
G1 X181.684 Y176.25 E731.9059
G1 X181.34 Y177.456 E731.94761
G1 X180.783 Y178.576 E731.98921
G1 X180.023 Y179.581 E732.03112
G1 X179.095 Y180.427 E732.07289
G1 X178.029 Y181.087 E732.11459
G1 X176.866 Y181.538 E732.15608
G1 X175.625 Y181.77 E732.19807
G0 F9000 X175.664 Y181.847
;MESH:NONMESH
G0 F300 X175.664 Y181.847 Z51.4
G0 F9000 X175.319 Y181.694
;TIME_ELAPSED:2230.839282
;LAYER:256
;TYPE:WALL-OUTER
;MESH:diffuser_reactor.stl
G1 F600 X176.579 Y181.512 E732.24041
G1 X177.783 Y181.096 E732.28278
G1 X178.887 Y180.459 E732.32517
G1 X179.849 Y179.625 E732.36752
G1 X180.637 Y178.623 E732.40991
G1 X181.22 Y177.491 E732.45227
G1 X181.58 Y176.268 E732.49467
G1 X181.701 Y175 E732.53703
G1 X181.58 Y173.732 E732.5794
G1 X181.22 Y172.509 E732.6218
G1 X180.637 Y171.377 E732.66415
G1 X179.849 Y170.375 E732.70655
G1 X178.887 Y169.541 E732.7489
G1 X177.783 Y168.904 E732.79129
G1 X176.579 Y168.488 E732.83366
G1 X175.319 Y168.306 E732.876
G1 X174.046 Y168.367 E732.91839
G1 X172.808 Y168.667 E732.96076
G1 X171.65 Y169.197 E733.00311
G1 X170.611 Y169.936 E733.04552
G1 X169.733 Y170.858 E733.08787
G1 X169.044 Y171.93 E733.13025
G1 X168.57 Y173.112 E733.17261
G1 X168.329 Y174.363 E733.21498
G1 X168.329 Y175.637 E733.25735
G1 X168.57 Y176.888 E733.29973
G1 X169.044 Y178.07 E733.34209
G1 X169.733 Y179.142 E733.38447
G1 X170.611 Y180.064 E733.42682
G1 X171.65 Y180.803 E733.46922
G1 X172.808 Y181.333 E733.51158
G1 X174.046 Y181.633 E733.55395
G1 X175.319 Y181.694 E733.59634
G0 F9000 X175.625 Y181.77
G1 F600 X174.375 Y181.77 E733.63791
G1 X173.134 Y181.538 E733.6799
G1 X171.971 Y181.087 E733.72139
G1 X170.905 Y180.427 E733.76309
G1 X169.977 Y179.581 E733.80486
G1 X169.217 Y178.576 E733.84677
G1 X168.66 Y177.456 E733.88837
G1 X168.316 Y176.25 E733.93008
G1 X168.201 Y175 E733.97183
G1 X168.316 Y173.75 E734.01358
G1 X168.66 Y172.544 E734.05529
G1 X169.217 Y171.424 E734.0969
G1 X169.977 Y170.419 E734.13881
G1 X170.905 Y169.573 E734.18057
G1 X171.971 Y168.913 E734.22227
G1 X173.134 Y168.462 E734.26376
G1 X174.375 Y168.23 E734.30575
G1 X175.625 Y168.23 E734.34733
G1 X176.866 Y168.462 E734.38932
G1 X178.029 Y168.913 E734.43081
G1 X179.095 Y169.573 E734.47251
G1 X180.023 Y170.419 E734.51427
G1 X180.783 Y171.424 E734.55618
G1 X181.34 Y172.544 E734.59779
G1 X181.684 Y173.75 E734.6395
G1 X181.799 Y175 E734.68125
G1 X181.684 Y176.25 E734.723
G1 X181.34 Y177.456 E734.76471
G1 X180.783 Y178.576 E734.80631
G1 X180.023 Y179.581 E734.84822
G1 X179.095 Y180.427 E734.88999
G1 X178.029 Y181.087 E734.93169
G1 X176.866 Y181.538 E734.97318
G1 X175.625 Y181.77 E735.01517
G0 F9000 X175.664 Y181.847
;MESH:NONMESH
G0 F300 X175.664 Y181.847 Z51.6
G0 F9000 X175.319 Y181.694
;TIME_ELAPSED:2239.483280
;LAYER:257
;TYPE:WALL-OUTER
;MESH:diffuser_reactor.stl
G1 F600 X176.579 Y181.512 E735.05751
G1 X177.783 Y181.096 E735.09988
G1 X178.887 Y180.459 E735.14227
G1 X179.849 Y179.625 E735.18462
G1 X180.637 Y178.623 E735.22702
G1 X181.22 Y177.491 E735.26937
G1 X181.58 Y176.268 E735.31177
G1 X181.701 Y175 E735.35413
G1 X181.58 Y173.732 E735.3965
G1 X181.22 Y172.509 E735.4389
G1 X180.637 Y171.377 E735.48125
G1 X179.849 Y170.375 E735.52365
G1 X178.887 Y169.541 E735.566
G1 X177.783 Y168.904 E735.60839
G1 X176.579 Y168.488 E735.65076
G1 X175.319 Y168.306 E735.6931
G1 X174.046 Y168.367 E735.73549
G1 X172.808 Y168.667 E735.77786
G1 X171.65 Y169.197 E735.82022
G1 X170.611 Y169.936 E735.86262
G1 X169.733 Y170.858 E735.90497
G1 X169.044 Y171.93 E735.94735
G1 X168.57 Y173.112 E735.98971
G1 X168.329 Y174.363 E736.03208
G1 X168.329 Y175.637 E736.07446
G1 X168.57 Y176.888 E736.11683
G1 X169.044 Y178.07 E736.15919
G1 X169.733 Y179.142 E736.20157
G1 X170.611 Y180.064 E736.24392
G1 X171.65 Y180.803 E736.28632
G1 X172.808 Y181.333 E736.32868
G1 X174.046 Y181.633 E736.37105
G1 X175.319 Y181.694 E736.41344
G0 F9000 X175.625 Y181.77
G1 F600 X174.375 Y181.77 E736.45501
G1 X173.134 Y181.538 E736.497
G1 X171.971 Y181.087 E736.53849
G1 X170.905 Y180.427 E736.58019
G1 X169.977 Y179.581 E736.62196
G1 X169.217 Y178.576 E736.66387
G1 X168.66 Y177.456 E736.70547
G1 X168.316 Y176.25 E736.74718
G1 X168.201 Y175 E736.78893
G1 X168.316 Y173.75 E736.83068
G1 X168.66 Y172.544 E736.8724
G1 X169.217 Y171.424 E736.914
G1 X169.977 Y170.419 E736.95591
G1 X170.905 Y169.573 E736.99767
G1 X171.971 Y168.913 E737.03937
G1 X173.134 Y168.462 E737.08086
G1 X174.375 Y168.23 E737.12285
G1 X175.625 Y168.23 E737.16443
G1 X176.866 Y168.462 E737.20642
G1 X178.029 Y168.913 E737.24791
G1 X179.095 Y169.573 E737.28961
G1 X180.023 Y170.419 E737.33138
G1 X180.783 Y171.424 E737.37328
G1 X181.34 Y172.544 E737.41489
G1 X181.684 Y173.75 E737.4566
G1 X181.799 Y175 E737.49835
G1 X181.684 Y176.25 E737.5401
G1 X181.34 Y177.456 E737.58181
G1 X180.783 Y178.576 E737.62342
G1 X180.023 Y179.581 E737.66532
G1 X179.095 Y180.427 E737.70709
G1 X178.029 Y181.087 E737.74879
G1 X176.866 Y181.538 E737.79028
G1 X175.625 Y181.77 E737.83227
G0 F9000 X175.664 Y181.847
;MESH:NONMESH
G0 F300 X175.664 Y181.847 Z51.8
G0 F9000 X175.319 Y181.694
;TIME_ELAPSED:2248.127278
;LAYER:258
;TYPE:WALL-OUTER
;MESH:diffuser_reactor.stl
G1 F600 X176.579 Y181.512 E737.87461
G1 X177.783 Y181.096 E737.91698
G1 X178.887 Y180.459 E737.95937
G1 X179.849 Y179.625 E738.00172
G1 X180.637 Y178.623 E738.04412
G1 X181.22 Y177.491 E738.08647
G1 X181.58 Y176.268 E738.12887
G1 X181.701 Y175 E738.17124
G1 X181.58 Y173.732 E738.2136
G1 X181.22 Y172.509 E738.256
G1 X180.637 Y171.377 E738.29836
G1 X179.849 Y170.375 E738.34075
G1 X178.887 Y169.541 E738.3831
G1 X177.783 Y168.904 E738.42549
G1 X176.579 Y168.488 E738.46786
G1 X175.319 Y168.306 E738.5102
G1 X174.046 Y168.367 E738.55259
G1 X172.808 Y168.667 E738.59496
G1 X171.65 Y169.197 E738.63732
G1 X170.611 Y169.936 E738.67972
G1 X169.733 Y170.858 E738.72207
G1 X169.044 Y171.93 E738.76445
G1 X168.57 Y173.112 E738.80681
G1 X168.329 Y174.363 E738.84918
G1 X168.329 Y175.637 E738.89156
G1 X168.57 Y176.888 E738.93393
G1 X169.044 Y178.07 E738.97629
G1 X169.733 Y179.142 E739.01867
G1 X170.611 Y180.064 E739.06102
G1 X171.65 Y180.803 E739.10343
G1 X172.808 Y181.333 E739.14578
G1 X174.046 Y181.633 E739.18815
G1 X175.319 Y181.694 E739.23054
G0 F9000 X175.625 Y181.77
G1 F600 X174.375 Y181.77 E739.27211
G1 X173.134 Y181.538 E739.31411
G1 X171.971 Y181.087 E739.35559
G1 X170.905 Y180.427 E739.39729
G1 X169.977 Y179.581 E739.43906
G1 X169.217 Y178.576 E739.48097
G1 X168.66 Y177.456 E739.52257
G1 X168.316 Y176.25 E739.56428
G1 X168.201 Y175 E739.60603
G1 X168.316 Y173.75 E739.64779
G1 X168.66 Y172.544 E739.6895
G1 X169.217 Y171.424 E739.7311
G1 X169.977 Y170.419 E739.77301
G1 X170.905 Y169.573 E739.81478
G1 X171.971 Y168.913 E739.85648
G1 X173.134 Y168.462 E739.89796
G1 X174.375 Y168.23 E739.93996
G1 X175.625 Y168.23 E739.98153
G1 X176.866 Y168.462 E740.02352
G1 X178.029 Y168.913 E740.06501
G1 X179.095 Y169.573 E740.10671
G1 X180.023 Y170.419 E740.14848
G1 X180.783 Y171.424 E740.19038
G1 X181.34 Y172.544 E740.23199
G1 X181.684 Y173.75 E740.2737
G1 X181.799 Y175 E740.31545
G1 X181.684 Y176.25 E740.3572
G1 X181.34 Y177.456 E740.39891
G1 X180.783 Y178.576 E740.44052
G1 X180.023 Y179.581 E740.48243
G1 X179.095 Y180.427 E740.52419
G1 X178.029 Y181.087 E740.56589
G1 X176.866 Y181.538 E740.60738
G1 X175.625 Y181.77 E740.64937
G0 F9000 X175.664 Y181.847
;MESH:NONMESH
G0 F300 X175.664 Y181.847 Z52
G0 F9000 X175.319 Y181.694
;TIME_ELAPSED:2256.771276
;LAYER:259
;TYPE:WALL-OUTER
;MESH:diffuser_reactor.stl
G1 F600 X176.579 Y181.512 E740.69171
G1 X177.783 Y181.096 E740.73408
G1 X178.887 Y180.459 E740.77648
G1 X179.849 Y179.625 E740.81882
G1 X180.637 Y178.623 E740.86122
G1 X181.22 Y177.491 E740.90357
G1 X181.58 Y176.268 E740.94597
G1 X181.701 Y175 E740.98834
G1 X181.58 Y173.732 E741.0307
G1 X181.22 Y172.509 E741.07311
G1 X180.637 Y171.377 E741.11546
G1 X179.849 Y170.375 E741.15785
G1 X178.887 Y169.541 E741.2002
G1 X177.783 Y168.904 E741.24259
G1 X176.579 Y168.488 E741.28496
G1 X175.319 Y168.306 E741.3273
G1 X174.046 Y168.367 E741.36969
G1 X172.808 Y168.667 E741.41206
G1 X171.65 Y169.197 E741.45442
G1 X170.611 Y169.936 E741.49683
G1 X169.733 Y170.858 E741.53917
G1 X169.044 Y171.93 E741.58156
G1 X168.57 Y173.112 E741.62391
G1 X168.329 Y174.363 E741.66629
G1 X168.329 Y175.637 E741.70866
G1 X168.57 Y176.888 E741.75103
G1 X169.044 Y178.07 E741.79339
G1 X169.733 Y179.142 E741.83577
G1 X170.611 Y180.064 E741.87812
G1 X171.65 Y180.803 E741.92053
G1 X172.808 Y181.333 E741.96288
G1 X174.046 Y181.633 E742.00525
G1 X175.319 Y181.694 E742.04764
G0 F9000 X175.625 Y181.77
G1 F600 X174.375 Y181.77 E742.08922
G1 X173.134 Y181.538 E742.13121
G1 X171.971 Y181.087 E742.1727
G1 X170.905 Y180.427 E742.2144
G1 X169.977 Y179.581 E742.25616
G1 X169.217 Y178.576 E742.29807
G1 X168.66 Y177.456 E742.33967
G1 X168.316 Y176.25 E742.38139
G1 X168.201 Y175 E742.42314
G1 X168.316 Y173.75 E742.46489
G1 X168.66 Y172.544 E742.5066
G1 X169.217 Y171.424 E742.5482
G1 X169.977 Y170.419 E742.59011
G1 X170.905 Y169.573 E742.63188
G1 X171.971 Y168.913 E742.67358
G1 X173.134 Y168.462 E742.71507
G1 X174.375 Y168.23 E742.75706
G1 X175.625 Y168.23 E742.79863
G1 X176.866 Y168.462 E742.84062
G1 X178.029 Y168.913 E742.88211
G1 X179.095 Y169.573 E742.92381
G1 X180.023 Y170.419 E742.96558
G1 X180.783 Y171.424 E743.00749
G1 X181.34 Y172.544 E743.04909
G1 X181.684 Y173.75 E743.0908
G1 X181.799 Y175 E743.13255
G1 X181.684 Y176.25 E743.1743
G1 X181.34 Y177.456 E743.21601
G1 X180.783 Y178.576 E743.25762
G1 X180.023 Y179.581 E743.29953
G1 X179.095 Y180.427 E743.34129
G1 X178.029 Y181.087 E743.38299
G1 X176.866 Y181.538 E743.42448
G1 X175.625 Y181.77 E743.46647
G0 F9000 X175.664 Y181.847
;MESH:NONMESH
G0 F300 X175.664 Y181.847 Z52.2
G0 F9000 X175.319 Y181.694
;TIME_ELAPSED:2265.415274
;LAYER:260
;TYPE:WALL-OUTER
;MESH:diffuser_reactor.stl
G1 F600 X176.579 Y181.512 E743.50882
G1 X177.783 Y181.096 E743.55118
G1 X178.887 Y180.459 E743.59358
G1 X179.849 Y179.625 E743.63592
G1 X180.637 Y178.623 E743.67832
G1 X181.22 Y177.491 E743.72067
G1 X181.58 Y176.268 E743.76307
G1 X181.701 Y175 E743.80544
G1 X181.58 Y173.732 E743.8478
G1 X181.22 Y172.509 E743.89021
G1 X180.637 Y171.377 E743.93256
G1 X179.849 Y170.375 E743.97496
G1 X178.887 Y169.541 E744.0173
G1 X177.783 Y168.904 E744.0597
G1 X176.579 Y168.488 E744.10206
G1 X175.319 Y168.306 E744.14441
G1 X174.046 Y168.367 E744.18679
G1 X172.808 Y168.667 E744.22916
G1 X171.65 Y169.197 E744.27152
G1 X170.611 Y169.936 E744.31393
G1 X169.733 Y170.858 E744.35627
G1 X169.044 Y171.93 E744.39866
G1 X168.57 Y173.112 E744.44101
G1 X168.329 Y174.363 E744.48339
G1 X168.329 Y175.637 E744.52576
G1 X168.57 Y176.888 E744.56813
G1 X169.044 Y178.07 E744.61049
G1 X169.733 Y179.142 E744.65288
G1 X170.611 Y180.064 E744.69522
G1 X171.65 Y180.803 E744.73763
G1 X172.808 Y181.333 E744.77999
G1 X174.046 Y181.633 E744.82235
G1 X175.319 Y181.694 E744.86474
G0 F9000 X175.625 Y181.77
G1 F600 X174.375 Y181.77 E744.90632
G1 X173.134 Y181.538 E744.94831
G1 X171.971 Y181.087 E744.9898
G1 X170.905 Y180.427 E745.0315
G1 X169.977 Y179.581 E745.07326
G1 X169.217 Y178.576 E745.11517
G1 X168.66 Y177.456 E745.15678
G1 X168.316 Y176.25 E745.19849
G1 X168.201 Y175 E745.24024
G1 X168.316 Y173.75 E745.28199
G1 X168.66 Y172.544 E745.3237
G1 X169.217 Y171.424 E745.3653
G1 X169.977 Y170.419 E745.40721
G1 X170.905 Y169.573 E745.44898
G1 X171.971 Y168.913 E745.49068
G1 X173.134 Y168.462 E745.53217
G1 X174.375 Y168.23 E745.57416
G1 X175.625 Y168.23 E745.61573
G1 X176.866 Y168.462 E745.65772
G1 X178.029 Y168.913 E745.69921
G1 X179.095 Y169.573 E745.74091
G1 X180.023 Y170.419 E745.78268
G1 X180.783 Y171.424 E745.82459
G1 X181.34 Y172.544 E745.86619
G1 X181.684 Y173.75 E745.9079
G1 X181.799 Y175 E745.94965
G1 X181.684 Y176.25 E745.9914
G1 X181.34 Y177.456 E746.03312
G1 X180.783 Y178.576 E746.07472
G1 X180.023 Y179.581 E746.11663
G1 X179.095 Y180.427 E746.15839
G1 X178.029 Y181.087 E746.2001
G1 X176.866 Y181.538 E746.24158
G1 X175.625 Y181.77 E746.28357
G0 F9000 X175.664 Y181.847
;MESH:NONMESH
G0 F300 X175.664 Y181.847 Z52.4
G0 F9000 X175.319 Y181.694
;TIME_ELAPSED:2274.059272
;LAYER:261
;TYPE:WALL-OUTER
;MESH:diffuser_reactor.stl
G1 F600 X176.579 Y181.512 E746.32592
G1 X177.783 Y181.096 E746.36829
G1 X178.887 Y180.459 E746.41068
G1 X179.849 Y179.625 E746.45302
G1 X180.637 Y178.623 E746.49542
G1 X181.22 Y177.491 E746.53777
G1 X181.58 Y176.268 E746.58018
G1 X181.701 Y175 E746.62254
G1 X181.58 Y173.732 E746.66491
G1 X181.22 Y172.509 E746.70731
G1 X180.637 Y171.377 E746.74966
G1 X179.849 Y170.375 E746.79206
G1 X178.887 Y169.541 E746.8344
G1 X177.783 Y168.904 E746.8768
G1 X176.579 Y168.488 E746.91916
G1 X175.319 Y168.306 E746.96151
G1 X174.046 Y168.367 E747.0039
G1 X172.808 Y168.667 E747.04626
G1 X171.65 Y169.197 E747.08862
G1 X170.611 Y169.936 E747.13103
G1 X169.733 Y170.858 E747.17337
G1 X169.044 Y171.93 E747.21576
G1 X168.57 Y173.112 E747.25812
G1 X168.329 Y174.363 E747.30049
G1 X168.329 Y175.637 E747.34286
G1 X168.57 Y176.888 E747.38524
G1 X169.044 Y178.07 E747.42759
G1 X169.733 Y179.142 E747.46998
G1 X170.611 Y180.064 E747.51232
G1 X171.65 Y180.803 E747.55473
G1 X172.808 Y181.333 E747.59709
G1 X174.046 Y181.633 E747.63946
G1 X175.319 Y181.694 E747.68184
G0 F9000 X175.625 Y181.77
G1 F600 X174.375 Y181.77 E747.72342
G1 X173.134 Y181.538 E747.76541
G1 X171.971 Y181.087 E747.8069
G1 X170.905 Y180.427 E747.8486
G1 X169.977 Y179.581 E747.89037
G1 X169.217 Y178.576 E747.93227
G1 X168.66 Y177.456 E747.97388
G1 X168.316 Y176.25 E748.01559
G1 X168.201 Y175 E748.05734
G1 X168.316 Y173.75 E748.09909
G1 X168.66 Y172.544 E748.1408
G1 X169.217 Y171.424 E748.18241
G1 X169.977 Y170.419 E748.22431
G1 X170.905 Y169.573 E748.26608
G1 X171.971 Y168.913 E748.30778
G1 X173.134 Y168.462 E748.34927
G1 X174.375 Y168.23 E748.39126
G1 X175.625 Y168.23 E748.43283
G1 X176.866 Y168.462 E748.47483
G1 X178.029 Y168.913 E748.51631
G1 X179.095 Y169.573 E748.55801
G1 X180.023 Y170.419 E748.59978
G1 X180.783 Y171.424 E748.64169
G1 X181.34 Y172.544 E748.68329
G1 X181.684 Y173.75 E748.725
G1 X181.799 Y175 E748.76676
G1 X181.684 Y176.25 E748.80851
G1 X181.34 Y177.456 E748.85022
G1 X180.783 Y178.576 E748.89182
G1 X180.023 Y179.581 E748.93373
G1 X179.095 Y180.427 E748.9755
G1 X178.029 Y181.087 E749.0172
G1 X176.866 Y181.538 E749.05868
G1 X175.625 Y181.77 E749.10068
G0 F9000 X175.664 Y181.847
;MESH:NONMESH
G0 F300 X175.664 Y181.847 Z52.6
G0 F9000 X175.319 Y181.694
;TIME_ELAPSED:2282.703270
;LAYER:262
;TYPE:WALL-OUTER
;MESH:diffuser_reactor.stl
G1 F600 X176.579 Y181.512 E749.14302
G1 X177.783 Y181.096 E749.18539
G1 X178.887 Y180.459 E749.22778
G1 X179.849 Y179.625 E749.27013
G1 X180.637 Y178.623 E749.31252
G1 X181.22 Y177.491 E749.35487
G1 X181.58 Y176.268 E749.39728
G1 X181.701 Y175 E749.43964
G1 X181.58 Y173.732 E749.48201
G1 X181.22 Y172.509 E749.52441
G1 X180.637 Y171.377 E749.56676
G1 X179.849 Y170.375 E749.60916
G1 X178.887 Y169.541 E749.65151
G1 X177.783 Y168.904 E749.6939
G1 X176.579 Y168.488 E749.73627
G1 X175.319 Y168.306 E749.77861
G1 X174.046 Y168.367 E749.821
G1 X172.808 Y168.667 E749.86337
G1 X171.65 Y169.197 E749.90572
G1 X170.611 Y169.936 E749.94813
G1 X169.733 Y170.858 E749.99048
G1 X169.044 Y171.93 E750.03286
G1 X168.57 Y173.112 E750.07522
G1 X168.329 Y174.363 E750.11759
G1 X168.329 Y175.637 E750.15996
G1 X168.57 Y176.888 E750.20234
G1 X169.044 Y178.07 E750.24469
G1 X169.733 Y179.142 E750.28708
G1 X170.611 Y180.064 E750.32942
G1 X171.65 Y180.803 E750.37183
G1 X172.808 Y181.333 E750.41419
G1 X174.046 Y181.633 E750.45656
G1 X175.319 Y181.694 E750.49895
G0 F9000 X175.625 Y181.77
G1 F600 X174.375 Y181.77 E750.54052
G1 X173.134 Y181.538 E750.58251
G1 X171.971 Y181.087 E750.624
G1 X170.905 Y180.427 E750.6657
G1 X169.977 Y179.581 E750.70747
G1 X169.217 Y178.576 E750.74937
G1 X168.66 Y177.456 E750.79098
G1 X168.316 Y176.25 E750.83269
G1 X168.201 Y175 E750.87444
G1 X168.316 Y173.75 E750.91619
G1 X168.66 Y172.544 E750.9579
G1 X169.217 Y171.424 E750.99951
G1 X169.977 Y170.419 E751.04141
G1 X170.905 Y169.573 E751.08318
G1 X171.971 Y168.913 E751.12488
G1 X173.134 Y168.462 E751.16637
G1 X174.375 Y168.23 E751.20836
G1 X175.625 Y168.23 E751.24994
G1 X176.866 Y168.462 E751.29193
G1 X178.029 Y168.913 E751.33342
G1 X179.095 Y169.573 E751.37512
G1 X180.023 Y170.419 E751.41688
G1 X180.783 Y171.424 E751.45879
G1 X181.34 Y172.544 E751.50039
G1 X181.684 Y173.75 E751.54211
G1 X181.799 Y175 E751.58386
G1 X181.684 Y176.25 E751.62561
G1 X181.34 Y177.456 E751.66732
G1 X180.783 Y178.576 E751.70892
G1 X180.023 Y179.581 E751.75083
G1 X179.095 Y180.427 E751.7926
G1 X178.029 Y181.087 E751.8343
G1 X176.866 Y181.538 E751.87579
G1 X175.625 Y181.77 E751.91778
G0 F9000 X175.664 Y181.847
;MESH:NONMESH
G0 F300 X175.664 Y181.847 Z52.8
G0 F9000 X175.319 Y181.694
;TIME_ELAPSED:2291.347268
;LAYER:263
;TYPE:WALL-OUTER
;MESH:diffuser_reactor.stl
G1 F600 X176.579 Y181.512 E751.96012
G1 X177.783 Y181.096 E752.00249
G1 X178.887 Y180.459 E752.04488
G1 X179.849 Y179.625 E752.08723
G1 X180.637 Y178.623 E752.12963
G1 X181.22 Y177.491 E752.17198
G1 X181.58 Y176.268 E752.21438
G1 X181.701 Y175 E752.25674
G1 X181.58 Y173.732 E752.29911
G1 X181.22 Y172.509 E752.34151
G1 X180.637 Y171.377 E752.38386
G1 X179.849 Y170.375 E752.42626
G1 X178.887 Y169.541 E752.46861
G1 X177.783 Y168.904 E752.511
G1 X176.579 Y168.488 E752.55337
G1 X175.319 Y168.306 E752.59571
G1 X174.046 Y168.367 E752.6381
G1 X172.808 Y168.667 E752.68047
G1 X171.65 Y169.197 E752.72282
G1 X170.611 Y169.936 E752.76523
G1 X169.733 Y170.858 E752.80758
G1 X169.044 Y171.93 E752.84996
G1 X168.57 Y173.112 E752.89232
G1 X168.329 Y174.363 E752.93469
G1 X168.329 Y175.637 E752.97707
G1 X168.57 Y176.888 E753.01944
G1 X169.044 Y178.07 E753.0618
G1 X169.733 Y179.142 E753.10418
G1 X170.611 Y180.064 E753.14653
G1 X171.65 Y180.803 E753.18893
G1 X172.808 Y181.333 E753.23129
G1 X174.046 Y181.633 E753.27366
G1 X175.319 Y181.694 E753.31605
G0 F9000 X175.625 Y181.77
G1 F600 X174.375 Y181.77 E753.35762
G1 X173.134 Y181.538 E753.39961
G1 X171.971 Y181.087 E753.4411
G1 X170.905 Y180.427 E753.4828
G1 X169.977 Y179.581 E753.52457
G1 X169.217 Y178.576 E753.56648
G1 X168.66 Y177.456 E753.60808
G1 X168.316 Y176.25 E753.64979
G1 X168.201 Y175 E753.69154
G1 X168.316 Y173.75 E753.73329
G1 X168.66 Y172.544 E753.775
G1 X169.217 Y171.424 E753.81661
G1 X169.977 Y170.419 E753.85852
G1 X170.905 Y169.573 E753.90028
G1 X171.971 Y168.913 E753.94198
G1 X173.134 Y168.462 E753.98347
G1 X174.375 Y168.23 E754.02546
G1 X175.625 Y168.23 E754.06704
G1 X176.866 Y168.462 E754.10903
G1 X178.029 Y168.913 E754.15052
G1 X179.095 Y169.573 E754.19222
G1 X180.023 Y170.419 E754.23398
G1 X180.783 Y171.424 E754.27589
G1 X181.34 Y172.544 E754.3175
G1 X181.684 Y173.75 E754.35921
G1 X181.799 Y175 E754.40096
G1 X181.684 Y176.25 E754.44271
G1 X181.34 Y177.456 E754.48442
G1 X180.783 Y178.576 E754.52602
G1 X180.023 Y179.581 E754.56793
G1 X179.095 Y180.427 E754.6097
G1 X178.029 Y181.087 E754.6514
G1 X176.866 Y181.538 E754.69289
G1 X175.625 Y181.77 E754.73488
G0 F9000 X175.664 Y181.847
;MESH:NONMESH
G0 F300 X175.664 Y181.847 Z53
G0 F9000 X175.319 Y181.694
;TIME_ELAPSED:2299.991266
;LAYER:264
;TYPE:WALL-OUTER
;MESH:diffuser_reactor.stl
G1 F600 X176.579 Y181.512 E754.77722
G1 X177.783 Y181.096 E754.81959
G1 X178.887 Y180.459 E754.86198
G1 X179.849 Y179.625 E754.90433
G1 X180.637 Y178.623 E754.94673
G1 X181.22 Y177.491 E754.98908
G1 X181.58 Y176.268 E755.03148
G1 X181.701 Y175 E755.07385
G1 X181.58 Y173.732 E755.11621
G1 X181.22 Y172.509 E755.15861
G1 X180.637 Y171.377 E755.20096
G1 X179.849 Y170.375 E755.24336
G1 X178.887 Y169.541 E755.28571
G1 X177.783 Y168.904 E755.3281
G1 X176.579 Y168.488 E755.37047
G1 X175.319 Y168.306 E755.41281
G1 X174.046 Y168.367 E755.4552
G1 X172.808 Y168.667 E755.49757
G1 X171.65 Y169.197 E755.53993
G1 X170.611 Y169.936 E755.58233
G1 X169.733 Y170.858 E755.62468
G1 X169.044 Y171.93 E755.66706
G1 X168.57 Y173.112 E755.70942
G1 X168.329 Y174.363 E755.75179
G1 X168.329 Y175.637 E755.79417
G1 X168.57 Y176.888 E755.83654
G1 X169.044 Y178.07 E755.8789
G1 X169.733 Y179.142 E755.92128
G1 X170.611 Y180.064 E755.96363
G1 X171.65 Y180.803 E756.00603
G1 X172.808 Y181.333 E756.04839
G1 X174.046 Y181.633 E756.09076
G1 X175.319 Y181.694 E756.13315
G0 F9000 X175.625 Y181.77
G1 F600 X174.375 Y181.77 E756.17472
G1 X173.134 Y181.538 E756.21671
G1 X171.971 Y181.087 E756.2582
G1 X170.905 Y180.427 E756.2999
G1 X169.977 Y179.581 E756.34167
G1 X169.217 Y178.576 E756.38358
G1 X168.66 Y177.456 E756.42518
G1 X168.316 Y176.25 E756.46689
G1 X168.201 Y175 E756.50864
G1 X168.316 Y173.75 E756.55039
G1 X168.66 Y172.544 E756.59211
G1 X169.217 Y171.424 E756.63371
G1 X169.977 Y170.419 E756.67562
G1 X170.905 Y169.573 E756.71738
G1 X171.971 Y168.913 E756.75909
G1 X173.134 Y168.462 E756.80057
G1 X174.375 Y168.23 E756.84256
G1 X175.625 Y168.23 E756.88414
G1 X176.866 Y168.462 E756.92613
G1 X178.029 Y168.913 E756.96762
G1 X179.095 Y169.573 E757.00932
G1 X180.023 Y170.419 E757.05109
G1 X180.783 Y171.424 E757.09299
G1 X181.34 Y172.544 E757.1346
G1 X181.684 Y173.75 E757.17631
G1 X181.799 Y175 E757.21806
G1 X181.684 Y176.25 E757.25981
G1 X181.34 Y177.456 E757.30152
G1 X180.783 Y178.576 E757.34313
G1 X180.023 Y179.581 E757.38503
G1 X179.095 Y180.427 E757.4268
G1 X178.029 Y181.087 E757.4685
G1 X176.866 Y181.538 E757.50999
G1 X175.625 Y181.77 E757.55198
G0 F9000 X175.664 Y181.847
;MESH:NONMESH
G0 F300 X175.664 Y181.847 Z53.2
G0 F9000 X175.319 Y181.694
;TIME_ELAPSED:2308.635264
;LAYER:265
;TYPE:WALL-OUTER
;MESH:diffuser_reactor.stl
G1 F600 X176.579 Y181.512 E757.59432
G1 X177.783 Y181.096 E757.63669
G1 X178.887 Y180.459 E757.67908
G1 X179.849 Y179.625 E757.72143
G1 X180.637 Y178.623 E757.76383
G1 X181.22 Y177.491 E757.80618
G1 X181.58 Y176.268 E757.84858
G1 X181.701 Y175 E757.89095
G1 X181.58 Y173.732 E757.93331
G1 X181.22 Y172.509 E757.97572
G1 X180.637 Y171.377 E758.01807
G1 X179.849 Y170.375 E758.06046
G1 X178.887 Y169.541 E758.10281
G1 X177.783 Y168.904 E758.1452
G1 X176.579 Y168.488 E758.18757
G1 X175.319 Y168.306 E758.22991
G1 X174.046 Y168.367 E758.2723
G1 X172.808 Y168.667 E758.31467
G1 X171.65 Y169.197 E758.35703
G1 X170.611 Y169.936 E758.39943
G1 X169.733 Y170.858 E758.44178
G1 X169.044 Y171.93 E758.48416
G1 X168.57 Y173.112 E758.52652
G1 X168.329 Y174.363 E758.56889
G1 X168.329 Y175.637 E758.61127
G1 X168.57 Y176.888 E758.65364
G1 X169.044 Y178.07 E758.696
G1 X169.733 Y179.142 E758.73838
G1 X170.611 Y180.064 E758.78073
G1 X171.65 Y180.803 E758.82314
G1 X172.808 Y181.333 E758.86549
G1 X174.046 Y181.633 E758.90786
G1 X175.319 Y181.694 E758.95025
G0 F9000 X175.625 Y181.77
G1 F600 X174.375 Y181.77 E758.99182
G1 X173.134 Y181.538 E759.03382
G1 X171.971 Y181.087 E759.0753
G1 X170.905 Y180.427 E759.117
G1 X169.977 Y179.581 E759.15877
G1 X169.217 Y178.576 E759.20068
G1 X168.66 Y177.456 E759.24228
G1 X168.316 Y176.25 E759.28399
G1 X168.201 Y175 E759.32575
G1 X168.316 Y173.75 E759.3675
G1 X168.66 Y172.544 E759.40921
G1 X169.217 Y171.424 E759.45081
G1 X169.977 Y170.419 E759.49272
G1 X170.905 Y169.573 E759.53449
G1 X171.971 Y168.913 E759.57619
G1 X173.134 Y168.462 E759.61767
G1 X174.375 Y168.23 E759.65967
G1 X175.625 Y168.23 E759.70124
G1 X176.866 Y168.462 E759.74323
G1 X178.029 Y168.913 E759.78472
G1 X179.095 Y169.573 E759.82642
G1 X180.023 Y170.419 E759.86819
G1 X180.783 Y171.424 E759.9101
G1 X181.34 Y172.544 E759.9517
G1 X181.684 Y173.75 E759.99341
G1 X181.799 Y175 E760.03516
G1 X181.684 Y176.25 E760.07691
G1 X181.34 Y177.456 E760.11862
G1 X180.783 Y178.576 E760.16023
G1 X180.023 Y179.581 E760.20214
G1 X179.095 Y180.427 E760.2439
G1 X178.029 Y181.087 E760.2856
G1 X176.866 Y181.538 E760.32709
G1 X175.625 Y181.77 E760.36908
G0 F9000 X175.664 Y181.847
;MESH:NONMESH
G0 F300 X175.664 Y181.847 Z53.4
G0 F9000 X175.319 Y181.694
;TIME_ELAPSED:2317.279262
;LAYER:266
;TYPE:WALL-OUTER
;MESH:diffuser_reactor.stl
G1 F600 X176.579 Y181.512 E760.41142
G1 X177.783 Y181.096 E760.45379
G1 X178.887 Y180.459 E760.49619
G1 X179.849 Y179.625 E760.53853
G1 X180.637 Y178.623 E760.58093
G1 X181.22 Y177.491 E760.62328
G1 X181.58 Y176.268 E760.66568
G1 X181.701 Y175 E760.70805
G1 X181.58 Y173.732 E760.75041
G1 X181.22 Y172.509 E760.79282
G1 X180.637 Y171.377 E760.83517
G1 X179.849 Y170.375 E760.87756
G1 X178.887 Y169.541 E760.91991
G1 X177.783 Y168.904 E760.9623
G1 X176.579 Y168.488 E761.00467
G1 X175.319 Y168.306 E761.04702
G1 X174.046 Y168.367 E761.0894
G1 X172.808 Y168.667 E761.13177
G1 X171.65 Y169.197 E761.17413
G1 X170.611 Y169.936 E761.21654
G1 X169.733 Y170.858 E761.25888
G1 X169.044 Y171.93 E761.30127
G1 X168.57 Y173.112 E761.34362
G1 X168.329 Y174.363 E761.386
G1 X168.329 Y175.637 E761.42837
G1 X168.57 Y176.888 E761.47074
G1 X169.044 Y178.07 E761.5131
G1 X169.733 Y179.142 E761.55548
G1 X170.611 Y180.064 E761.59783
G1 X171.65 Y180.803 E761.64024
G1 X172.808 Y181.333 E761.68259
G1 X174.046 Y181.633 E761.72496
G1 X175.319 Y181.694 E761.76735
G0 F9000 X175.625 Y181.77
G1 F600 X174.375 Y181.77 E761.80893
G1 X173.134 Y181.538 E761.85092
G1 X171.971 Y181.087 E761.89241
G1 X170.905 Y180.427 E761.93411
G1 X169.977 Y179.581 E761.97587
G1 X169.217 Y178.576 E762.01778
G1 X168.66 Y177.456 E762.05938
G1 X168.316 Y176.25 E762.1011
G1 X168.201 Y175 E762.14285
G1 X168.316 Y173.75 E762.1846
G1 X168.66 Y172.544 E762.22631
G1 X169.217 Y171.424 E762.26791
G1 X169.977 Y170.419 E762.30982
G1 X170.905 Y169.573 E762.35159
G1 X171.971 Y168.913 E762.39329
G1 X173.134 Y168.462 E762.43478
G1 X174.375 Y168.23 E762.47677
G1 X175.625 Y168.23 E762.51834
G1 X176.866 Y168.462 E762.56033
G1 X178.029 Y168.913 E762.60182
G1 X179.095 Y169.573 E762.64352
G1 X180.023 Y170.419 E762.68529
G1 X180.783 Y171.424 E762.7272
G1 X181.34 Y172.544 E762.7688
G1 X181.684 Y173.75 E762.81051
G1 X181.799 Y175 E762.85226
G1 X181.684 Y176.25 E762.89401
G1 X181.34 Y177.456 E762.93573
G1 X180.783 Y178.576 E762.97733
G1 X180.023 Y179.581 E763.01924
G1 X179.095 Y180.427 E763.061
G1 X178.029 Y181.087 E763.1027
G1 X176.866 Y181.538 E763.14419
G1 X175.625 Y181.77 E763.18618
G0 F9000 X175.664 Y181.847
;MESH:NONMESH
G0 F300 X175.664 Y181.847 Z53.6
G0 F9000 X175.319 Y181.694
;TIME_ELAPSED:2325.923260
;LAYER:267
;TYPE:WALL-OUTER
;MESH:diffuser_reactor.stl
G1 F600 X176.579 Y181.512 E763.22853
G1 X177.783 Y181.096 E763.27089
G1 X178.887 Y180.459 E763.31329
G1 X179.849 Y179.625 E763.35563
G1 X180.637 Y178.623 E763.39803
G1 X181.22 Y177.491 E763.44038
G1 X181.58 Y176.268 E763.48278
G1 X181.701 Y175 E763.52515
G1 X181.58 Y173.732 E763.56752
G1 X181.22 Y172.509 E763.60992
G1 X180.637 Y171.377 E763.65227
G1 X179.849 Y170.375 E763.69467
G1 X178.887 Y169.541 E763.73701
G1 X177.783 Y168.904 E763.77941
G1 X176.579 Y168.488 E763.82177
G1 X175.319 Y168.306 E763.86412
G1 X174.046 Y168.367 E763.90651
G1 X172.808 Y168.667 E763.94887
G1 X171.65 Y169.197 E763.99123
G1 X170.611 Y169.936 E764.03364
G1 X169.733 Y170.858 E764.07598
G1 X169.044 Y171.93 E764.11837
G1 X168.57 Y173.112 E764.16072
G1 X168.329 Y174.363 E764.2031
G1 X168.329 Y175.637 E764.24547
G1 X168.57 Y176.888 E764.28784
G1 X169.044 Y178.07 E764.3302
G1 X169.733 Y179.142 E764.37259
G1 X170.611 Y180.064 E764.41493
G1 X171.65 Y180.803 E764.45734
G1 X172.808 Y181.333 E764.4997
G1 X174.046 Y181.633 E764.54206
G1 X175.319 Y181.694 E764.58445
G0 F9000 X175.625 Y181.77
G1 F600 X174.375 Y181.77 E764.62603
G1 X173.134 Y181.538 E764.66802
G1 X171.971 Y181.087 E764.70951
G1 X170.905 Y180.427 E764.75121
G1 X169.977 Y179.581 E764.79297
G1 X169.217 Y178.576 E764.83488
G1 X168.66 Y177.456 E764.87649
G1 X168.316 Y176.25 E764.9182
G1 X168.201 Y175 E764.95995
G1 X168.316 Y173.75 E765.0017
G1 X168.66 Y172.544 E765.04341
G1 X169.217 Y171.424 E765.08501
G1 X169.977 Y170.419 E765.12692
G1 X170.905 Y169.573 E765.16869
G1 X171.971 Y168.913 E765.21039
G1 X173.134 Y168.462 E765.25188
G1 X174.375 Y168.23 E765.29387
G1 X175.625 Y168.23 E765.33544
G1 X176.866 Y168.462 E765.37743
G1 X178.029 Y168.913 E765.41892
G1 X179.095 Y169.573 E765.46062
G1 X180.023 Y170.419 E765.50239
G1 X180.783 Y171.424 E765.5443
G1 X181.34 Y172.544 E765.5859
G1 X181.684 Y173.75 E765.62761
G1 X181.799 Y175 E765.66936
G1 X181.684 Y176.25 E765.71111
G1 X181.34 Y177.456 E765.75283
G1 X180.783 Y178.576 E765.79443
G1 X180.023 Y179.581 E765.83634
G1 X179.095 Y180.427 E765.8781
G1 X178.029 Y181.087 E765.91981
G1 X176.866 Y181.538 E765.96129
G1 X175.625 Y181.77 E766.00328
G0 F9000 X175.664 Y181.847
;MESH:NONMESH
G0 F300 X175.664 Y181.847 Z53.8
G0 F9000 X175.319 Y181.694
;TIME_ELAPSED:2334.567258
;LAYER:268
;TYPE:WALL-OUTER
;MESH:diffuser_reactor.stl
G1 F600 X176.579 Y181.512 E766.04563
G1 X177.783 Y181.096 E766.088
G1 X178.887 Y180.459 E766.13039
G1 X179.849 Y179.625 E766.17273
G1 X180.637 Y178.623 E766.21513
G1 X181.22 Y177.491 E766.25748
G1 X181.58 Y176.268 E766.29989
G1 X181.701 Y175 E766.34225
G1 X181.58 Y173.732 E766.38462
G1 X181.22 Y172.509 E766.42702
G1 X180.637 Y171.377 E766.46937
G1 X179.849 Y170.375 E766.51177
G1 X178.887 Y169.541 E766.55411
G1 X177.783 Y168.904 E766.59651
G1 X176.579 Y168.488 E766.63888
G1 X175.319 Y168.306 E766.68122
G1 X174.046 Y168.367 E766.72361
G1 X172.808 Y168.667 E766.76597
G1 X171.65 Y169.197 E766.80833
G1 X170.611 Y169.936 E766.85074
G1 X169.733 Y170.858 E766.89308
G1 X169.044 Y171.93 E766.93547
G1 X168.57 Y173.112 E766.97783
G1 X168.329 Y174.363 E767.0202
G1 X168.329 Y175.637 E767.06257
G1 X168.57 Y176.888 E767.10495
G1 X169.044 Y178.07 E767.1473
G1 X169.733 Y179.142 E767.18969
G1 X170.611 Y180.064 E767.23203
G1 X171.65 Y180.803 E767.27444
G1 X172.808 Y181.333 E767.3168
G1 X174.046 Y181.633 E767.35917
G1 X175.319 Y181.694 E767.40155
G0 F9000 X175.625 Y181.77
G1 F600 X174.375 Y181.77 E767.44313
G1 X173.134 Y181.538 E767.48512
G1 X171.971 Y181.087 E767.52661
G1 X170.905 Y180.427 E767.56831
G1 X169.977 Y179.581 E767.61008
G1 X169.217 Y178.576 E767.65198
G1 X168.66 Y177.456 E767.69359
G1 X168.316 Y176.25 E767.7353
G1 X168.201 Y175 E767.77705
G1 X168.316 Y173.75 E767.8188
G1 X168.66 Y172.544 E767.86051
G1 X169.217 Y171.424 E767.90212
G1 X169.977 Y170.419 E767.94402
G1 X170.905 Y169.573 E767.98579
G1 X171.971 Y168.913 E768.02749
G1 X173.134 Y168.462 E768.06898
G1 X174.375 Y168.23 E768.11097
G1 X175.625 Y168.23 E768.15255
G1 X176.866 Y168.462 E768.19454
G1 X178.029 Y168.913 E768.23602
G1 X179.095 Y169.573 E768.27773
G1 X180.023 Y170.419 E768.31949
G1 X180.783 Y171.424 E768.3614
G1 X181.34 Y172.544 E768.403
G1 X181.684 Y173.75 E768.44471
G1 X181.799 Y175 E768.48647
G1 X181.684 Y176.25 E768.52822
G1 X181.34 Y177.456 E768.56993
G1 X180.783 Y178.576 E768.61153
G1 X180.023 Y179.581 E768.65344
G1 X179.095 Y180.427 E768.69521
G1 X178.029 Y181.087 E768.73691
G1 X176.866 Y181.538 E768.7784
G1 X175.625 Y181.77 E768.82039
G0 F9000 X175.664 Y181.847
;MESH:NONMESH
G0 F300 X175.664 Y181.847 Z54
G0 F9000 X175.319 Y181.694
;TIME_ELAPSED:2343.211256
;LAYER:269
;TYPE:WALL-OUTER
;MESH:diffuser_reactor.stl
G1 F600 X176.579 Y181.512 E768.86273
G1 X177.783 Y181.096 E768.9051
G1 X178.887 Y180.459 E768.94749
G1 X179.849 Y179.625 E768.98984
G1 X180.637 Y178.623 E769.03223
G1 X181.22 Y177.491 E769.07458
G1 X181.58 Y176.268 E769.11699
G1 X181.701 Y175 E769.15935
G1 X181.58 Y173.732 E769.20172
G1 X181.22 Y172.509 E769.24412
G1 X180.637 Y171.377 E769.28647
G1 X179.849 Y170.375 E769.32887
G1 X178.887 Y169.541 E769.37122
G1 X177.783 Y168.904 E769.41361
G1 X176.579 Y168.488 E769.45598
G1 X175.319 Y168.306 E769.49832
G1 X174.046 Y168.367 E769.54071
G1 X172.808 Y168.667 E769.58308
G1 X171.65 Y169.197 E769.62543
G1 X170.611 Y169.936 E769.66784
G1 X169.733 Y170.858 E769.71019
G1 X169.044 Y171.93 E769.75257
G1 X168.57 Y173.112 E769.79493
G1 X168.329 Y174.363 E769.8373
G1 X168.329 Y175.637 E769.87967
G1 X168.57 Y176.888 E769.92205
G1 X169.044 Y178.07 E769.9644
G1 X169.733 Y179.142 E770.00679
G1 X170.611 Y180.064 E770.04913
G1 X171.65 Y180.803 E770.09154
G1 X172.808 Y181.333 E770.1339
G1 X174.046 Y181.633 E770.17627
G1 X175.319 Y181.694 E770.21866
G0 F9000 X175.625 Y181.77
G1 F600 X174.375 Y181.77 E770.26023
G1 X173.134 Y181.538 E770.30222
G1 X171.971 Y181.087 E770.34371
G1 X170.905 Y180.427 E770.38541
G1 X169.977 Y179.581 E770.42718
G1 X169.217 Y178.576 E770.46909
G1 X168.66 Y177.456 E770.51069
G1 X168.316 Y176.25 E770.5524
G1 X168.201 Y175 E770.59415
G1 X168.316 Y173.75 E770.6359
G1 X168.66 Y172.544 E770.67761
G1 X169.217 Y171.424 E770.71922
G1 X169.977 Y170.419 E770.76113
G1 X170.905 Y169.573 E770.80289
G1 X171.971 Y168.913 E770.84459
G1 X173.134 Y168.462 E770.88608
G1 X174.375 Y168.23 E770.92807
G1 X175.625 Y168.23 E770.96965
G1 X176.866 Y168.462 E771.01164
G1 X178.029 Y168.913 E771.05313
G1 X179.095 Y169.573 E771.09483
G1 X180.023 Y170.419 E771.13659
G1 X180.783 Y171.424 E771.1785
G1 X181.34 Y172.544 E771.2201
G1 X181.684 Y173.75 E771.26182
G1 X181.799 Y175 E771.30357
G1 X181.684 Y176.25 E771.34532
G1 X181.34 Y177.456 E771.38703
G1 X180.783 Y178.576 E771.42863
G1 X180.023 Y179.581 E771.47054
G1 X179.095 Y180.427 E771.51231
G1 X178.029 Y181.087 E771.55401
G1 X176.866 Y181.538 E771.5955
G1 X175.625 Y181.77 E771.63749
G0 F9000 X175.664 Y181.847
;MESH:NONMESH
G0 F300 X175.664 Y181.847 Z54.2
G0 F9000 X175.319 Y181.694
;TIME_ELAPSED:2351.855254
;LAYER:270
;TYPE:WALL-OUTER
;MESH:diffuser_reactor.stl
G1 F600 X176.579 Y181.512 E771.67983
G1 X177.783 Y181.096 E771.7222
G1 X178.887 Y180.459 E771.76459
G1 X179.849 Y179.625 E771.80694
G1 X180.637 Y178.623 E771.84934
G1 X181.22 Y177.491 E771.89169
G1 X181.58 Y176.268 E771.93409
G1 X181.701 Y175 E771.97645
G1 X181.58 Y173.732 E772.01882
G1 X181.22 Y172.509 E772.06122
G1 X180.637 Y171.377 E772.10357
G1 X179.849 Y170.375 E772.14597
G1 X178.887 Y169.541 E772.18832
G1 X177.783 Y168.904 E772.23071
G1 X176.579 Y168.488 E772.27308
G1 X175.319 Y168.306 E772.31542
G1 X174.046 Y168.367 E772.35781
G1 X172.808 Y168.667 E772.40018
G1 X171.65 Y169.197 E772.44254
G1 X170.611 Y169.936 E772.48494
G1 X169.733 Y170.858 E772.52729
G1 X169.044 Y171.93 E772.56967
G1 X168.57 Y173.112 E772.61203
G1 X168.329 Y174.363 E772.6544
G1 X168.329 Y175.637 E772.69678
G1 X168.57 Y176.888 E772.73915
G1 X169.044 Y178.07 E772.78151
G1 X169.733 Y179.142 E772.82389
G1 X170.611 Y180.064 E772.86624
G1 X171.65 Y180.803 E772.90864
G1 X172.808 Y181.333 E772.951
G1 X174.046 Y181.633 E772.99337
G1 X175.319 Y181.694 E773.03576
G0 F9000 X175.625 Y181.77
G1 F600 X174.375 Y181.77 E773.07733
G1 X173.134 Y181.538 E773.11932
G1 X171.971 Y181.087 E773.16081
G1 X170.905 Y180.427 E773.20251
G1 X169.977 Y179.581 E773.24428
G1 X169.217 Y178.576 E773.28619
G1 X168.66 Y177.456 E773.32779
G1 X168.316 Y176.25 E773.3695
G1 X168.201 Y175 E773.41125
G1 X168.316 Y173.75 E773.453
G1 X168.66 Y172.544 E773.49471
G1 X169.217 Y171.424 E773.53632
G1 X169.977 Y170.419 E773.57823
G1 X170.905 Y169.573 E773.61999
G1 X171.971 Y168.913 E773.66169
G1 X173.134 Y168.462 E773.70318
G1 X174.375 Y168.23 E773.74517
G1 X175.625 Y168.23 E773.78675
G1 X176.866 Y168.462 E773.82874
G1 X178.029 Y168.913 E773.87023
G1 X179.095 Y169.573 E773.91193
G1 X180.023 Y170.419 E773.95369
G1 X180.783 Y171.424 E773.9956
G1 X181.34 Y172.544 E774.03721
G1 X181.684 Y173.75 E774.07892
G1 X181.799 Y175 E774.12067
G1 X181.684 Y176.25 E774.16242
G1 X181.34 Y177.456 E774.20413
G1 X180.783 Y178.576 E774.24573
G1 X180.023 Y179.581 E774.28764
G1 X179.095 Y180.427 E774.32941
G1 X178.029 Y181.087 E774.37111
G1 X176.866 Y181.538 E774.4126
G1 X175.625 Y181.77 E774.45459
G0 F9000 X175.664 Y181.847
;MESH:NONMESH
G0 F300 X175.664 Y181.847 Z54.4
G0 F9000 X175.319 Y181.694
;TIME_ELAPSED:2360.499252
;LAYER:271
;TYPE:WALL-OUTER
;MESH:diffuser_reactor.stl
G1 F600 X176.579 Y181.512 E774.49693
G1 X177.783 Y181.096 E774.5393
G1 X178.887 Y180.459 E774.58169
G1 X179.849 Y179.625 E774.62404
G1 X180.637 Y178.623 E774.66644
G1 X181.22 Y177.491 E774.70879
G1 X181.58 Y176.268 E774.75119
G1 X181.701 Y175 E774.79356
G1 X181.58 Y173.732 E774.83592
G1 X181.22 Y172.509 E774.87832
G1 X180.637 Y171.377 E774.92067
G1 X179.849 Y170.375 E774.96307
G1 X178.887 Y169.541 E775.00542
G1 X177.783 Y168.904 E775.04781
G1 X176.579 Y168.488 E775.09018
G1 X175.319 Y168.306 E775.13252
G1 X174.046 Y168.367 E775.17491
G1 X172.808 Y168.667 E775.21728
G1 X171.65 Y169.197 E775.25964
G1 X170.611 Y169.936 E775.30204
G1 X169.733 Y170.858 E775.34439
G1 X169.044 Y171.93 E775.38677
G1 X168.57 Y173.112 E775.42913
G1 X168.329 Y174.363 E775.4715
G1 X168.329 Y175.637 E775.51388
G1 X168.57 Y176.888 E775.55625
G1 X169.044 Y178.07 E775.59861
G1 X169.733 Y179.142 E775.64099
G1 X170.611 Y180.064 E775.68334
G1 X171.65 Y180.803 E775.72574
G1 X172.808 Y181.333 E775.7681
G1 X174.046 Y181.633 E775.81047
G1 X175.319 Y181.694 E775.85286
G0 F9000 X175.625 Y181.77
G1 F600 X174.375 Y181.77 E775.89443
G1 X173.134 Y181.538 E775.93642
G1 X171.971 Y181.087 E775.97791
G1 X170.905 Y180.427 E776.01961
G1 X169.977 Y179.581 E776.06138
G1 X169.217 Y178.576 E776.10329
G1 X168.66 Y177.456 E776.14489
G1 X168.316 Y176.25 E776.1866
G1 X168.201 Y175 E776.22835
G1 X168.316 Y173.75 E776.2701
G1 X168.66 Y172.544 E776.31182
G1 X169.217 Y171.424 E776.35342
G1 X169.977 Y170.419 E776.39533
G1 X170.905 Y169.573 E776.43709
G1 X171.971 Y168.913 E776.4788
G1 X173.134 Y168.462 E776.52028
G1 X174.375 Y168.23 E776.56227
G1 X175.625 Y168.23 E776.60385
G1 X176.866 Y168.462 E776.64584
G1 X178.029 Y168.913 E776.68733
G1 X179.095 Y169.573 E776.72903
G1 X180.023 Y170.419 E776.7708
G1 X180.783 Y171.424 E776.8127
G1 X181.34 Y172.544 E776.85431
G1 X181.684 Y173.75 E776.89602
G1 X181.799 Y175 E776.93777
G1 X181.684 Y176.25 E776.97952
G1 X181.34 Y177.456 E777.02123
G1 X180.783 Y178.576 E777.06284
G1 X180.023 Y179.581 E777.10474
G1 X179.095 Y180.427 E777.14651
G1 X178.029 Y181.087 E777.18821
G1 X176.866 Y181.538 E777.2297
G1 X175.625 Y181.77 E777.27169
G0 F9000 X175.664 Y181.847
;MESH:NONMESH
G0 F300 X175.664 Y181.847 Z54.6
G0 F9000 X175.319 Y181.694
;TIME_ELAPSED:2369.143250
;LAYER:272
;TYPE:WALL-OUTER
;MESH:diffuser_reactor.stl
G1 F600 X176.579 Y181.512 E777.31403
G1 X177.783 Y181.096 E777.3564
G1 X178.887 Y180.459 E777.39879
G1 X179.849 Y179.625 E777.44114
G1 X180.637 Y178.623 E777.48354
G1 X181.22 Y177.491 E777.52589
G1 X181.58 Y176.268 E777.56829
G1 X181.701 Y175 E777.61066
G1 X181.58 Y173.732 E777.65302
G1 X181.22 Y172.509 E777.69543
G1 X180.637 Y171.377 E777.73778
G1 X179.849 Y170.375 E777.78017
G1 X178.887 Y169.541 E777.82252
G1 X177.783 Y168.904 E777.86491
G1 X176.579 Y168.488 E777.90728
G1 X175.319 Y168.306 E777.94962
G1 X174.046 Y168.367 E777.99201
G1 X172.808 Y168.667 E778.03438
G1 X171.65 Y169.197 E778.07674
G1 X170.611 Y169.936 E778.11914
G1 X169.733 Y170.858 E778.16149
G1 X169.044 Y171.93 E778.20388
G1 X168.57 Y173.112 E778.24623
G1 X168.329 Y174.363 E778.28861
G1 X168.329 Y175.637 E778.33098
G1 X168.57 Y176.888 E778.37335
G1 X169.044 Y178.07 E778.41571
G1 X169.733 Y179.142 E778.45809
G1 X170.611 Y180.064 E778.50044
G1 X171.65 Y180.803 E778.54285
G1 X172.808 Y181.333 E778.5852
G1 X174.046 Y181.633 E778.62757
G1 X175.319 Y181.694 E778.66996
G0 F9000 X175.625 Y181.77
G1 F600 X174.375 Y181.77 E778.71154
G1 X173.134 Y181.538 E778.75353
G1 X171.971 Y181.087 E778.79501
G1 X170.905 Y180.427 E778.83672
G1 X169.977 Y179.581 E778.87848
G1 X169.217 Y178.576 E778.92039
G1 X168.66 Y177.456 E778.96199
G1 X168.316 Y176.25 E779.0037
G1 X168.201 Y175 E779.04546
G1 X168.316 Y173.75 E779.08721
G1 X168.66 Y172.544 E779.12892
G1 X169.217 Y171.424 E779.17052
G1 X169.977 Y170.419 E779.21243
G1 X170.905 Y169.573 E779.2542
G1 X171.971 Y168.913 E779.2959
G1 X173.134 Y168.462 E779.33739
G1 X174.375 Y168.23 E779.37938
G1 X175.625 Y168.23 E779.42095
G1 X176.866 Y168.462 E779.46294
G1 X178.029 Y168.913 E779.50443
G1 X179.095 Y169.573 E779.54613
G1 X180.023 Y170.419 E779.5879
G1 X180.783 Y171.424 E779.62981
G1 X181.34 Y172.544 E779.67141
G1 X181.684 Y173.75 E779.71312
G1 X181.799 Y175 E779.75487
G1 X181.684 Y176.25 E779.79662
G1 X181.34 Y177.456 E779.83833
G1 X180.783 Y178.576 E779.87994
G1 X180.023 Y179.581 E779.92185
G1 X179.095 Y180.427 E779.96361
G1 X178.029 Y181.087 E780.00531
G1 X176.866 Y181.538 E780.0468
G1 X175.625 Y181.77 E780.08879
G0 F9000 X175.664 Y181.847
;MESH:NONMESH
G0 F300 X175.664 Y181.847 Z54.8
G0 F9000 X175.319 Y181.694
;TIME_ELAPSED:2377.787248
;LAYER:273
;TYPE:WALL-OUTER
;MESH:diffuser_reactor.stl
G1 F600 X176.579 Y181.512 E780.13113
G1 X177.783 Y181.096 E780.1735
G1 X178.887 Y180.459 E780.2159
G1 X179.849 Y179.625 E780.25824
G1 X180.637 Y178.623 E780.30064
G1 X181.22 Y177.491 E780.34299
G1 X181.58 Y176.268 E780.38539
G1 X181.701 Y175 E780.42776
G1 X181.58 Y173.732 E780.47012
G1 X181.22 Y172.509 E780.51253
G1 X180.637 Y171.377 E780.55488
G1 X179.849 Y170.375 E780.59728
G1 X178.887 Y169.541 E780.63962
G1 X177.783 Y168.904 E780.68201
G1 X176.579 Y168.488 E780.72438
G1 X175.319 Y168.306 E780.76673
G1 X174.046 Y168.367 E780.80911
G1 X172.808 Y168.667 E780.85148
G1 X171.65 Y169.197 E780.89384
G1 X170.611 Y169.936 E780.93625
G1 X169.733 Y170.858 E780.97859
G1 X169.044 Y171.93 E781.02098
G1 X168.57 Y173.112 E781.06333
G1 X168.329 Y174.363 E781.10571
G1 X168.329 Y175.637 E781.14808
G1 X168.57 Y176.888 E781.19045
G1 X169.044 Y178.07 E781.23281
G1 X169.733 Y179.142 E781.27519
G1 X170.611 Y180.064 E781.31754
G1 X171.65 Y180.803 E781.35995
G1 X172.808 Y181.333 E781.40231
G1 X174.046 Y181.633 E781.44467
G1 X175.319 Y181.694 E781.48706
G0 F9000 X175.625 Y181.77
G1 F600 X174.375 Y181.77 E781.52864
G1 X173.134 Y181.538 E781.57063
G1 X171.971 Y181.087 E781.61212
G1 X170.905 Y180.427 E781.65382
G1 X169.977 Y179.581 E781.69558
G1 X169.217 Y178.576 E781.73749
G1 X168.66 Y177.456 E781.77909
G1 X168.316 Y176.25 E781.82081
G1 X168.201 Y175 E781.86256
G1 X168.316 Y173.75 E781.90431
G1 X168.66 Y172.544 E781.94602
G1 X169.217 Y171.424 E781.98762
G1 X169.977 Y170.419 E782.02953
G1 X170.905 Y169.573 E782.0713
G1 X171.971 Y168.913 E782.113
G1 X173.134 Y168.462 E782.15449
G1 X174.375 Y168.23 E782.19648
G1 X175.625 Y168.23 E782.23805
G1 X176.866 Y168.462 E782.28004
G1 X178.029 Y168.913 E782.32153
G1 X179.095 Y169.573 E782.36323
G1 X180.023 Y170.419 E782.405
G1 X180.783 Y171.424 E782.44691
G1 X181.34 Y172.544 E782.48851
G1 X181.684 Y173.75 E782.53022
G1 X181.799 Y175 E782.57197
G1 X181.684 Y176.25 E782.61372
G1 X181.34 Y177.456 E782.65544
G1 X180.783 Y178.576 E782.69704
G1 X180.023 Y179.581 E782.73895
G1 X179.095 Y180.427 E782.78071
G1 X178.029 Y181.087 E782.82241
G1 X176.866 Y181.538 E782.8639
G1 X175.625 Y181.77 E782.90589
G0 F9000 X175.664 Y181.847
;MESH:NONMESH
G0 F300 X175.664 Y181.847 Z55
G0 F9000 X175.319 Y181.694
;TIME_ELAPSED:2386.431246
;LAYER:274
;TYPE:WALL-OUTER
;MESH:diffuser_reactor.stl
G1 F600 X176.579 Y181.512 E782.94824
G1 X177.783 Y181.096 E782.9906
G1 X178.887 Y180.459 E783.033
G1 X179.849 Y179.625 E783.07534
G1 X180.637 Y178.623 E783.11774
G1 X181.22 Y177.491 E783.16009
G1 X181.58 Y176.268 E783.20249
G1 X181.701 Y175 E783.24486
G1 X181.58 Y173.732 E783.28723
G1 X181.22 Y172.509 E783.32963
G1 X180.637 Y171.377 E783.37198
G1 X179.849 Y170.375 E783.41438
G1 X178.887 Y169.541 E783.45672
G1 X177.783 Y168.904 E783.49912
G1 X176.579 Y168.488 E783.54148
G1 X175.319 Y168.306 E783.58383
G1 X174.046 Y168.367 E783.62622
G1 X172.808 Y168.667 E783.66858
G1 X171.65 Y169.197 E783.71094
G1 X170.611 Y169.936 E783.75335
G1 X169.733 Y170.858 E783.79569
G1 X169.044 Y171.93 E783.83808
G1 X168.57 Y173.112 E783.88043
G1 X168.329 Y174.363 E783.92281
G1 X168.329 Y175.637 E783.96518
G1 X168.57 Y176.888 E784.00756
G1 X169.044 Y178.07 E784.04991
G1 X169.733 Y179.142 E784.0923
G1 X170.611 Y180.064 E784.13464
G1 X171.65 Y180.803 E784.17705
G1 X172.808 Y181.333 E784.21941
G1 X174.046 Y181.633 E784.26177
G1 X175.319 Y181.694 E784.30416
G0 F9000 X175.625 Y181.77
G1 F600 X174.375 Y181.77 E784.34574
G1 X173.134 Y181.538 E784.38773
G1 X171.971 Y181.087 E784.42922
G1 X170.905 Y180.427 E784.47092
G1 X169.977 Y179.581 E784.51268
G1 X169.217 Y178.576 E784.55459
G1 X168.66 Y177.456 E784.5962
G1 X168.316 Y176.25 E784.63791
G1 X168.201 Y175 E784.67966
G1 X168.316 Y173.75 E784.72141
G1 X168.66 Y172.544 E784.76312
G1 X169.217 Y171.424 E784.80472
G1 X169.977 Y170.419 E784.84663
G1 X170.905 Y169.573 E784.8884
G1 X171.971 Y168.913 E784.9301
G1 X173.134 Y168.462 E784.97159
G1 X174.375 Y168.23 E785.01358
G1 X175.625 Y168.23 E785.05515
G1 X176.866 Y168.462 E785.09715
G1 X178.029 Y168.913 E785.13863
G1 X179.095 Y169.573 E785.18033
G1 X180.023 Y170.419 E785.2221
G1 X180.783 Y171.424 E785.26401
G1 X181.34 Y172.544 E785.30561
G1 X181.684 Y173.75 E785.34732
G1 X181.799 Y175 E785.38907
G1 X181.684 Y176.25 E785.43083
G1 X181.34 Y177.456 E785.47254
G1 X180.783 Y178.576 E785.51414
G1 X180.023 Y179.581 E785.55605
G1 X179.095 Y180.427 E785.59782
G1 X178.029 Y181.087 E785.63952
G1 X176.866 Y181.538 E785.681
G1 X175.625 Y181.77 E785.72299
G0 F9000 X175.664 Y181.847
;MESH:NONMESH
G0 F300 X175.664 Y181.847 Z55.2
G0 F9000 X175.319 Y181.694
;TIME_ELAPSED:2395.075244
;LAYER:275
;TYPE:WALL-OUTER
;MESH:diffuser_reactor.stl
G1 F600 X176.579 Y181.512 E785.76534
G1 X177.783 Y181.096 E785.80771
G1 X178.887 Y180.459 E785.8501
G1 X179.849 Y179.625 E785.89245
G1 X180.637 Y178.623 E785.93484
G1 X181.22 Y177.491 E785.97719
G1 X181.58 Y176.268 E786.0196
G1 X181.701 Y175 E786.06196
G1 X181.58 Y173.732 E786.10433
G1 X181.22 Y172.509 E786.14673
G1 X180.637 Y171.377 E786.18908
G1 X179.849 Y170.375 E786.23148
G1 X178.887 Y169.541 E786.27382
G1 X177.783 Y168.904 E786.31622
G1 X176.579 Y168.488 E786.35859
G1 X175.319 Y168.306 E786.40093
G1 X174.046 Y168.367 E786.44332
G1 X172.808 Y168.667 E786.48568
G1 X171.65 Y169.197 E786.52804
G1 X170.611 Y169.936 E786.57045
G1 X169.733 Y170.858 E786.6128
G1 X169.044 Y171.93 E786.65518
G1 X168.57 Y173.112 E786.69754
G1 X168.329 Y174.363 E786.73991
G1 X168.329 Y175.637 E786.78228
G1 X168.57 Y176.888 E786.82466
G1 X169.044 Y178.07 E786.86701
G1 X169.733 Y179.142 E786.9094
G1 X170.611 Y180.064 E786.95174
G1 X171.65 Y180.803 E786.99415
G1 X172.808 Y181.333 E787.03651
G1 X174.046 Y181.633 E787.07888
G1 X175.319 Y181.694 E787.12126
G0 F9000 X175.625 Y181.77
G1 F600 X174.375 Y181.77 E787.16284
G1 X173.134 Y181.538 E787.20483
G1 X171.971 Y181.087 E787.24632
G1 X170.905 Y180.427 E787.28802
G1 X169.977 Y179.581 E787.32979
G1 X169.217 Y178.576 E787.37169
G1 X168.66 Y177.456 E787.4133
G1 X168.316 Y176.25 E787.45501
G1 X168.201 Y175 E787.49676
G1 X168.316 Y173.75 E787.53851
G1 X168.66 Y172.544 E787.58022
G1 X169.217 Y171.424 E787.62183
G1 X169.977 Y170.419 E787.66373
G1 X170.905 Y169.573 E787.7055
G1 X171.971 Y168.913 E787.7472
G1 X173.134 Y168.462 E787.78869
G1 X174.375 Y168.23 E787.83068
G1 X175.625 Y168.23 E787.87226
G1 X176.866 Y168.462 E787.91425
G1 X178.029 Y168.913 E787.95573
G1 X179.095 Y169.573 E787.99744
G1 X180.023 Y170.419 E788.0392
G1 X180.783 Y171.424 E788.08111
G1 X181.34 Y172.544 E788.12271
G1 X181.684 Y173.75 E788.16443
G1 X181.799 Y175 E788.20618
G1 X181.684 Y176.25 E788.24793
G1 X181.34 Y177.456 E788.28964
G1 X180.783 Y178.576 E788.33124
G1 X180.023 Y179.581 E788.37315
G1 X179.095 Y180.427 E788.41492
G1 X178.029 Y181.087 E788.45662
G1 X176.866 Y181.538 E788.49811
G1 X175.625 Y181.77 E788.5401
G0 F9000 X175.664 Y181.847
;MESH:NONMESH
G0 F300 X175.664 Y181.847 Z55.4
G0 F9000 X175.319 Y181.694
;TIME_ELAPSED:2403.719242
;LAYER:276
;TYPE:WALL-OUTER
;MESH:diffuser_reactor.stl
G1 F600 X176.579 Y181.512 E788.58244
G1 X177.783 Y181.096 E788.62481
G1 X178.887 Y180.459 E788.6672
G1 X179.849 Y179.625 E788.70955
G1 X180.637 Y178.623 E788.75194
G1 X181.22 Y177.491 E788.79429
G1 X181.58 Y176.268 E788.8367
G1 X181.701 Y175 E788.87906
G1 X181.58 Y173.732 E788.92143
G1 X181.22 Y172.509 E788.96383
G1 X180.637 Y171.377 E789.00618
G1 X179.849 Y170.375 E789.04858
G1 X178.887 Y169.541 E789.09093
G1 X177.783 Y168.904 E789.13332
G1 X176.579 Y168.488 E789.17569
G1 X175.319 Y168.306 E789.21803
G1 X174.046 Y168.367 E789.26042
G1 X172.808 Y168.667 E789.30279
G1 X171.65 Y169.197 E789.34514
G1 X170.611 Y169.936 E789.38755
G1 X169.733 Y170.858 E789.4299
G1 X169.044 Y171.93 E789.47228
G1 X168.57 Y173.112 E789.51464
G1 X168.329 Y174.363 E789.55701
G1 X168.329 Y175.637 E789.59938
G1 X168.57 Y176.888 E789.64176
G1 X169.044 Y178.07 E789.68411
G1 X169.733 Y179.142 E789.7265
G1 X170.611 Y180.064 E789.76884
G1 X171.65 Y180.803 E789.81125
G1 X172.808 Y181.333 E789.85361
G1 X174.046 Y181.633 E789.89598
G1 X175.319 Y181.694 E789.93837
G0 F9000 X175.625 Y181.77
G1 F600 X174.375 Y181.77 E789.97994
G1 X173.134 Y181.538 E790.02193
G1 X171.971 Y181.087 E790.06342
G1 X170.905 Y180.427 E790.10512
G1 X169.977 Y179.581 E790.14689
G1 X169.217 Y178.576 E790.1888
G1 X168.66 Y177.456 E790.2304
G1 X168.316 Y176.25 E790.27211
G1 X168.201 Y175 E790.31386
G1 X168.316 Y173.75 E790.35561
G1 X168.66 Y172.544 E790.39732
G1 X169.217 Y171.424 E790.43893
G1 X169.977 Y170.419 E790.48084
G1 X170.905 Y169.573 E790.5226
G1 X171.971 Y168.913 E790.5643
G1 X173.134 Y168.462 E790.60579
G1 X174.375 Y168.23 E790.64778
G1 X175.625 Y168.23 E790.68936
G1 X176.866 Y168.462 E790.73135
G1 X178.029 Y168.913 E790.77284
G1 X179.095 Y169.573 E790.81454
G1 X180.023 Y170.419 E790.8563
G1 X180.783 Y171.424 E790.89821
G1 X181.34 Y172.544 E790.93982
G1 X181.684 Y173.75 E790.98153
G1 X181.799 Y175 E791.02328
G1 X181.684 Y176.25 E791.06503
G1 X181.34 Y177.456 E791.10674
G1 X180.783 Y178.576 E791.14834
G1 X180.023 Y179.581 E791.19025
G1 X179.095 Y180.427 E791.23202
G1 X178.029 Y181.087 E791.27372
G1 X176.866 Y181.538 E791.31521
G1 X175.625 Y181.77 E791.3572
G0 F9000 X175.664 Y181.847
;MESH:NONMESH
G0 F300 X175.664 Y181.847 Z55.6
G0 F9000 X175.319 Y181.694
;TIME_ELAPSED:2412.363240
;LAYER:277
;TYPE:WALL-OUTER
;MESH:diffuser_reactor.stl
G1 F600 X176.579 Y181.512 E791.39954
G1 X177.783 Y181.096 E791.44191
G1 X178.887 Y180.459 E791.4843
G1 X179.849 Y179.625 E791.52665
G1 X180.637 Y178.623 E791.56905
G1 X181.22 Y177.491 E791.6114
G1 X181.58 Y176.268 E791.6538
G1 X181.701 Y175 E791.69616
G1 X181.58 Y173.732 E791.73853
G1 X181.22 Y172.509 E791.78093
G1 X180.637 Y171.377 E791.82328
G1 X179.849 Y170.375 E791.86568
G1 X178.887 Y169.541 E791.90803
G1 X177.783 Y168.904 E791.95042
G1 X176.579 Y168.488 E791.99279
G1 X175.319 Y168.306 E792.03513
G1 X174.046 Y168.367 E792.07752
G1 X172.808 Y168.667 E792.11989
G1 X171.65 Y169.197 E792.16225
G1 X170.611 Y169.936 E792.20465
G1 X169.733 Y170.858 E792.247
G1 X169.044 Y171.93 E792.28938
G1 X168.57 Y173.112 E792.33174
G1 X168.329 Y174.363 E792.37411
G1 X168.329 Y175.637 E792.41649
G1 X168.57 Y176.888 E792.45886
G1 X169.044 Y178.07 E792.50122
G1 X169.733 Y179.142 E792.5436
G1 X170.611 Y180.064 E792.58595
G1 X171.65 Y180.803 E792.62835
G1 X172.808 Y181.333 E792.67071
G1 X174.046 Y181.633 E792.71308
G1 X175.319 Y181.694 E792.75547
G0 F9000 X175.625 Y181.77
G1 F600 X174.375 Y181.77 E792.79704
G1 X173.134 Y181.538 E792.83903
G1 X171.971 Y181.087 E792.88052
G1 X170.905 Y180.427 E792.92222
G1 X169.977 Y179.581 E792.96399
G1 X169.217 Y178.576 E793.0059
G1 X168.66 Y177.456 E793.0475
G1 X168.316 Y176.25 E793.08921
G1 X168.201 Y175 E793.13096
G1 X168.316 Y173.75 E793.17271
G1 X168.66 Y172.544 E793.21443
G1 X169.217 Y171.424 E793.25603
G1 X169.977 Y170.419 E793.29794
G1 X170.905 Y169.573 E793.3397
G1 X171.971 Y168.913 E793.3814
G1 X173.134 Y168.462 E793.42289
G1 X174.375 Y168.23 E793.46488
G1 X175.625 Y168.23 E793.50646
G1 X176.866 Y168.462 E793.54845
G1 X178.029 Y168.913 E793.58994
G1 X179.095 Y169.573 E793.63164
G1 X180.023 Y170.419 E793.6734
G1 X180.783 Y171.424 E793.71531
G1 X181.34 Y172.544 E793.75692
G1 X181.684 Y173.75 E793.79863
G1 X181.799 Y175 E793.84038
G1 X181.684 Y176.25 E793.88213
G1 X181.34 Y177.456 E793.92384
G1 X180.783 Y178.576 E793.96545
G1 X180.023 Y179.581 E794.00735
G1 X179.095 Y180.427 E794.04912
G1 X178.029 Y181.087 E794.09082
G1 X176.866 Y181.538 E794.13231
G1 X175.625 Y181.77 E794.1743
G0 F9000 X175.664 Y181.847
;MESH:NONMESH
G0 F300 X175.664 Y181.847 Z55.8
G0 F9000 X175.319 Y181.694
;TIME_ELAPSED:2421.007238
;LAYER:278
;TYPE:WALL-OUTER
;MESH:diffuser_reactor.stl
G1 F600 X176.579 Y181.512 E794.21664
G1 X177.783 Y181.096 E794.25901
G1 X178.887 Y180.459 E794.3014
G1 X179.849 Y179.625 E794.34375
G1 X180.637 Y178.623 E794.38615
G1 X181.22 Y177.491 E794.4285
G1 X181.58 Y176.268 E794.4709
G1 X181.701 Y175 E794.51327
G1 X181.58 Y173.732 E794.55563
G1 X181.22 Y172.509 E794.59803
G1 X180.637 Y171.377 E794.64038
G1 X179.849 Y170.375 E794.68278
G1 X178.887 Y169.541 E794.72513
G1 X177.783 Y168.904 E794.76752
G1 X176.579 Y168.488 E794.80989
G1 X175.319 Y168.306 E794.85223
G1 X174.046 Y168.367 E794.89462
G1 X172.808 Y168.667 E794.93699
G1 X171.65 Y169.197 E794.97935
G1 X170.611 Y169.936 E795.02175
G1 X169.733 Y170.858 E795.0641
G1 X169.044 Y171.93 E795.10648
G1 X168.57 Y173.112 E795.14884
G1 X168.329 Y174.363 E795.19121
G1 X168.329 Y175.637 E795.23359
G1 X168.57 Y176.888 E795.27596
G1 X169.044 Y178.07 E795.31832
G1 X169.733 Y179.142 E795.3607
G1 X170.611 Y180.064 E795.40305
G1 X171.65 Y180.803 E795.44545
G1 X172.808 Y181.333 E795.48781
G1 X174.046 Y181.633 E795.53018
G1 X175.319 Y181.694 E795.57257
G0 F9000 X175.625 Y181.77
G1 F600 X174.375 Y181.77 E795.61414
G1 X173.134 Y181.538 E795.65614
G1 X171.971 Y181.087 E795.69762
G1 X170.905 Y180.427 E795.73932
G1 X169.977 Y179.581 E795.78109
G1 X169.217 Y178.576 E795.823
G1 X168.66 Y177.456 E795.8646
G1 X168.316 Y176.25 E795.90631
G1 X168.201 Y175 E795.94806
G1 X168.316 Y173.75 E795.98982
G1 X168.66 Y172.544 E796.03153
G1 X169.217 Y171.424 E796.07313
G1 X169.977 Y170.419 E796.11504
G1 X170.905 Y169.573 E796.15681
G1 X171.971 Y168.913 E796.19851
G1 X173.134 Y168.462 E796.23999
G1 X174.375 Y168.23 E796.28198
G1 X175.625 Y168.23 E796.32356
G1 X176.866 Y168.462 E796.36555
G1 X178.029 Y168.913 E796.40704
G1 X179.095 Y169.573 E796.44874
G1 X180.023 Y170.419 E796.49051
G1 X180.783 Y171.424 E796.53241
G1 X181.34 Y172.544 E796.57402
G1 X181.684 Y173.75 E796.61573
G1 X181.799 Y175 E796.65748
G1 X181.684 Y176.25 E796.69923
G1 X181.34 Y177.456 E796.74094
G1 X180.783 Y178.576 E796.78255
G1 X180.023 Y179.581 E796.82445
G1 X179.095 Y180.427 E796.86622
G1 X178.029 Y181.087 E796.90792
G1 X176.866 Y181.538 E796.94941
G1 X175.625 Y181.77 E796.9914
G0 F9000 X175.664 Y181.847
;MESH:NONMESH
G0 F300 X175.664 Y181.847 Z56
G0 F9000 X175.319 Y181.694
;TIME_ELAPSED:2429.651236
;LAYER:279
;TYPE:WALL-OUTER
;MESH:diffuser_reactor.stl
G1 F600 X176.579 Y181.512 E797.03374
G1 X177.783 Y181.096 E797.07611
G1 X178.887 Y180.459 E797.1185
G1 X179.849 Y179.625 E797.16085
G1 X180.637 Y178.623 E797.20325
G1 X181.22 Y177.491 E797.2456
G1 X181.58 Y176.268 E797.288
G1 X181.701 Y175 E797.33037
G1 X181.58 Y173.732 E797.37273
G1 X181.22 Y172.509 E797.41514
G1 X180.637 Y171.377 E797.45749
G1 X179.849 Y170.375 E797.49988
G1 X178.887 Y169.541 E797.54223
G1 X177.783 Y168.904 E797.58462
G1 X176.579 Y168.488 E797.62699
G1 X175.319 Y168.306 E797.66933
G1 X174.046 Y168.367 E797.71172
G1 X172.808 Y168.667 E797.75409
G1 X171.65 Y169.197 E797.79645
G1 X170.611 Y169.936 E797.83886
G1 X169.733 Y170.858 E797.8812
G1 X169.044 Y171.93 E797.92359
G1 X168.57 Y173.112 E797.96594
G1 X168.329 Y174.363 E798.00832
G1 X168.329 Y175.637 E798.05069
G1 X168.57 Y176.888 E798.09306
G1 X169.044 Y178.07 E798.13542
G1 X169.733 Y179.142 E798.1778
G1 X170.611 Y180.064 E798.22015
G1 X171.65 Y180.803 E798.26256
G1 X172.808 Y181.333 E798.30491
G1 X174.046 Y181.633 E798.34728
G1 X175.319 Y181.694 E798.38967
G0 F9000 X175.625 Y181.77
G1 F600 X174.375 Y181.77 E798.43125
G1 X173.134 Y181.538 E798.47324
G1 X171.971 Y181.087 E798.51472
G1 X170.905 Y180.427 E798.55643
G1 X169.977 Y179.581 E798.59819
G1 X169.217 Y178.576 E798.6401
G1 X168.66 Y177.456 E798.6817
G1 X168.316 Y176.25 E798.72342
G1 X168.201 Y175 E798.76517
G1 X168.316 Y173.75 E798.80692
G1 X168.66 Y172.544 E798.84863
G1 X169.217 Y171.424 E798.89023
G1 X169.977 Y170.419 E798.93214
G1 X170.905 Y169.573 E798.97391
G1 X171.971 Y168.913 E799.01561
G1 X173.134 Y168.462 E799.0571
G1 X174.375 Y168.23 E799.09909
G1 X175.625 Y168.23 E799.14066
G1 X176.866 Y168.462 E799.18265
G1 X178.029 Y168.913 E799.22414
G1 X179.095 Y169.573 E799.26584
G1 X180.023 Y170.419 E799.30761
G1 X180.783 Y171.424 E799.34952
G1 X181.34 Y172.544 E799.39112
G1 X181.684 Y173.75 E799.43283
G1 X181.799 Y175 E799.47458
G1 X181.684 Y176.25 E799.51633
G1 X181.34 Y177.456 E799.55804
G1 X180.783 Y178.576 E799.59965
G1 X180.023 Y179.581 E799.64156
G1 X179.095 Y180.427 E799.68332
G1 X178.029 Y181.087 E799.72502
G1 X176.866 Y181.538 E799.76651
G1 X175.625 Y181.77 E799.8085
G0 F9000 X175.664 Y181.847
;MESH:NONMESH
G0 F300 X175.664 Y181.847 Z56.2
G0 F9000 X175.319 Y181.694
;TIME_ELAPSED:2438.295234
;LAYER:280
;TYPE:WALL-OUTER
;MESH:diffuser_reactor.stl
G1 F600 X176.579 Y181.512 E799.85085
G1 X177.783 Y181.096 E799.89321
G1 X178.887 Y180.459 E799.93561
G1 X179.849 Y179.625 E799.97795
G1 X180.637 Y178.623 E800.02035
G1 X181.22 Y177.491 E800.0627
G1 X181.58 Y176.268 E800.1051
G1 X181.701 Y175 E800.14747
G1 X181.58 Y173.732 E800.18983
G1 X181.22 Y172.509 E800.23224
G1 X180.637 Y171.377 E800.27459
G1 X179.849 Y170.375 E800.31699
G1 X178.887 Y169.541 E800.35933
G1 X177.783 Y168.904 E800.40172
G1 X176.579 Y168.488 E800.44409
G1 X175.319 Y168.306 E800.48644
G1 X174.046 Y168.367 E800.52882
G1 X172.808 Y168.667 E800.57119
G1 X171.65 Y169.197 E800.61355
G1 X170.611 Y169.936 E800.65596
G1 X169.733 Y170.858 E800.6983
G1 X169.044 Y171.93 E800.74069
G1 X168.57 Y173.112 E800.78304
G1 X168.329 Y174.363 E800.82542
G1 X168.329 Y175.637 E800.86779
G1 X168.57 Y176.888 E800.91016
G1 X169.044 Y178.07 E800.95252
G1 X169.733 Y179.142 E800.99491
G1 X170.611 Y180.064 E801.03725
G1 X171.65 Y180.803 E801.07966
G1 X172.808 Y181.333 E801.12202
G1 X174.046 Y181.633 E801.16438
G1 X175.319 Y181.694 E801.20677
G0 F9000 X175.625 Y181.77
G1 F600 X174.375 Y181.77 E801.24835
G1 X173.134 Y181.538 E801.29034
G1 X171.971 Y181.087 E801.33183
G1 X170.905 Y180.427 E801.37353
G1 X169.977 Y179.581 E801.41529
G1 X169.217 Y178.576 E801.4572
G1 X168.66 Y177.456 E801.49881
G1 X168.316 Y176.25 E801.54052
G1 X168.201 Y175 E801.58227
G1 X168.316 Y173.75 E801.62402
G1 X168.66 Y172.544 E801.66573
G1 X169.217 Y171.424 E801.70733
G1 X169.977 Y170.419 E801.74924
G1 X170.905 Y169.573 E801.79101
G1 X171.971 Y168.913 E801.83271
G1 X173.134 Y168.462 E801.8742
G1 X174.375 Y168.23 E801.91619
G1 X175.625 Y168.23 E801.95776
G1 X176.866 Y168.462 E801.99975
G1 X178.029 Y168.913 E802.04124
G1 X179.095 Y169.573 E802.08294
G1 X180.023 Y170.419 E802.12471
G1 X180.783 Y171.424 E802.16662
G1 X181.34 Y172.544 E802.20822
G1 X181.684 Y173.75 E802.24993
G1 X181.799 Y175 E802.29168
G1 X181.684 Y176.25 E802.33343
G1 X181.34 Y177.456 E802.37515
G1 X180.783 Y178.576 E802.41675
G1 X180.023 Y179.581 E802.45866
G1 X179.095 Y180.427 E802.50042
G1 X178.029 Y181.087 E802.54212
G1 X176.866 Y181.538 E802.58361
G1 X175.625 Y181.77 E802.6256
G0 F9000 X175.664 Y181.847
;MESH:NONMESH
G0 F300 X175.664 Y181.847 Z56.4
G0 F9000 X175.319 Y181.694
;TIME_ELAPSED:2446.939232
;LAYER:281
;TYPE:WALL-OUTER
;MESH:diffuser_reactor.stl
G1 F600 X176.579 Y181.512 E802.66795
G1 X177.783 Y181.096 E802.71031
G1 X178.887 Y180.459 E802.75271
G1 X179.849 Y179.625 E802.79505
G1 X180.637 Y178.623 E802.83745
G1 X181.22 Y177.491 E802.8798
G1 X181.58 Y176.268 E802.92221
G1 X181.701 Y175 E802.96457
G1 X181.58 Y173.732 E803.00694
G1 X181.22 Y172.509 E803.04934
G1 X180.637 Y171.377 E803.09169
G1 X179.849 Y170.375 E803.13409
G1 X178.887 Y169.541 E803.17643
G1 X177.783 Y168.904 E803.21883
G1 X176.579 Y168.488 E803.26119
G1 X175.319 Y168.306 E803.30354
G1 X174.046 Y168.367 E803.34593
G1 X172.808 Y168.667 E803.38829
G1 X171.65 Y169.197 E803.43065
G1 X170.611 Y169.936 E803.47306
G1 X169.733 Y170.858 E803.5154
G1 X169.044 Y171.93 E803.55779
G1 X168.57 Y173.112 E803.60015
G1 X168.329 Y174.363 E803.64252
G1 X168.329 Y175.637 E803.68489
G1 X168.57 Y176.888 E803.72727
G1 X169.044 Y178.07 E803.76962
G1 X169.733 Y179.142 E803.81201
G1 X170.611 Y180.064 E803.85435
G1 X171.65 Y180.803 E803.89676
G1 X172.808 Y181.333 E803.93912
G1 X174.046 Y181.633 E803.98148
G1 X175.319 Y181.694 E804.02387
G0 F9000 X175.625 Y181.77
G1 F600 X174.375 Y181.77 E804.06545
G1 X173.134 Y181.538 E804.10744
G1 X171.971 Y181.087 E804.14893
G1 X170.905 Y180.427 E804.19063
G1 X169.977 Y179.581 E804.23239
G1 X169.217 Y178.576 E804.2743
G1 X168.66 Y177.456 E804.31591
G1 X168.316 Y176.25 E804.35762
G1 X168.201 Y175 E804.39937
G1 X168.316 Y173.75 E804.44112
G1 X168.66 Y172.544 E804.48283
G1 X169.217 Y171.424 E804.52444
G1 X169.977 Y170.419 E804.56634
G1 X170.905 Y169.573 E804.60811
G1 X171.971 Y168.913 E804.64981
G1 X173.134 Y168.462 E804.6913
G1 X174.375 Y168.23 E804.73329
G1 X175.625 Y168.23 E804.77486
G1 X176.866 Y168.462 E804.81686
G1 X178.029 Y168.913 E804.85834
G1 X179.095 Y169.573 E804.90004
G1 X180.023 Y170.419 E804.94181
G1 X180.783 Y171.424 E804.98372
G1 X181.34 Y172.544 E805.02532
G1 X181.684 Y173.75 E805.06703
G1 X181.799 Y175 E805.10878
G1 X181.684 Y176.25 E805.15054
G1 X181.34 Y177.456 E805.19225
G1 X180.783 Y178.576 E805.23385
G1 X180.023 Y179.581 E805.27576
G1 X179.095 Y180.427 E805.31753
G1 X178.029 Y181.087 E805.35923
G1 X176.866 Y181.538 E805.40071
G1 X175.625 Y181.77 E805.44271
G0 F9000 X175.664 Y181.847
;MESH:NONMESH
G0 F300 X175.664 Y181.847 Z56.6
G0 F9000 X175.319 Y181.694
;TIME_ELAPSED:2455.583230
;LAYER:282
;TYPE:WALL-OUTER
;MESH:diffuser_reactor.stl
G1 F600 X176.579 Y181.512 E805.48505
G1 X177.783 Y181.096 E805.52742
G1 X178.887 Y180.459 E805.56981
G1 X179.849 Y179.625 E805.61216
G1 X180.637 Y178.623 E805.65455
G1 X181.22 Y177.491 E805.6969
G1 X181.58 Y176.268 E805.73931
G1 X181.701 Y175 E805.78167
G1 X181.58 Y173.732 E805.82404
G1 X181.22 Y172.509 E805.86644
G1 X180.637 Y171.377 E805.90879
G1 X179.849 Y170.375 E805.95119
G1 X178.887 Y169.541 E805.99353
G1 X177.783 Y168.904 E806.03593
G1 X176.579 Y168.488 E806.0783
G1 X175.319 Y168.306 E806.12064
G1 X174.046 Y168.367 E806.16303
G1 X172.808 Y168.667 E806.2054
G1 X171.65 Y169.197 E806.24775
G1 X170.611 Y169.936 E806.29016
G1 X169.733 Y170.858 E806.33251
G1 X169.044 Y171.93 E806.37489
G1 X168.57 Y173.112 E806.41725
G1 X168.329 Y174.363 E806.45962
G1 X168.329 Y175.637 E806.50199
G1 X168.57 Y176.888 E806.54437
G1 X169.044 Y178.07 E806.58672
G1 X169.733 Y179.142 E806.62911
G1 X170.611 Y180.064 E806.67145
G1 X171.65 Y180.803 E806.71386
G1 X172.808 Y181.333 E806.75622
G1 X174.046 Y181.633 E806.79859
G1 X175.319 Y181.694 E806.84097
G0 F9000 X175.625 Y181.77
G1 F600 X174.375 Y181.77 E806.88255
G1 X173.134 Y181.538 E806.92454
G1 X171.971 Y181.087 E806.96603
G1 X170.905 Y180.427 E807.00773
G1 X169.977 Y179.581 E807.0495
G1 X169.217 Y178.576 E807.0914
G1 X168.66 Y177.456 E807.13301
G1 X168.316 Y176.25 E807.17472
G1 X168.201 Y175 E807.21647
G1 X168.316 Y173.75 E807.25822
G1 X168.66 Y172.544 E807.29993
G1 X169.217 Y171.424 E807.34154
G1 X169.977 Y170.419 E807.38344
G1 X170.905 Y169.573 E807.42521
G1 X171.971 Y168.913 E807.46691
G1 X173.134 Y168.462 E807.5084
G1 X174.375 Y168.23 E807.55039
G1 X175.625 Y168.23 E807.59197
G1 X176.866 Y168.462 E807.63396
G1 X178.029 Y168.913 E807.67545
G1 X179.095 Y169.573 E807.71715
G1 X180.023 Y170.419 E807.75891
G1 X180.783 Y171.424 E807.80082
G1 X181.34 Y172.544 E807.84242
G1 X181.684 Y173.75 E807.88414
G1 X181.799 Y175 E807.92589
G1 X181.684 Y176.25 E807.96764
G1 X181.34 Y177.456 E808.00935
G1 X180.783 Y178.576 E808.05095
G1 X180.023 Y179.581 E808.09286
G1 X179.095 Y180.427 E808.13463
G1 X178.029 Y181.087 E808.17633
G1 X176.866 Y181.538 E808.21782
G1 X175.625 Y181.77 E808.25981
G0 F9000 X175.664 Y181.847
;MESH:NONMESH
G0 F300 X175.664 Y181.847 Z56.8
G0 F9000 X175.319 Y181.694
;TIME_ELAPSED:2464.227228
;LAYER:283
;TYPE:WALL-OUTER
;MESH:diffuser_reactor.stl
G1 F600 X176.579 Y181.512 E808.30215
G1 X177.783 Y181.096 E808.34452
G1 X178.887 Y180.459 E808.38691
G1 X179.849 Y179.625 E808.42926
G1 X180.637 Y178.623 E808.47165
G1 X181.22 Y177.491 E808.51401
G1 X181.58 Y176.268 E808.55641
G1 X181.701 Y175 E808.59877
G1 X181.58 Y173.732 E808.64114
G1 X181.22 Y172.509 E808.68354
G1 X180.637 Y171.377 E808.72589
G1 X179.849 Y170.375 E808.76829
G1 X178.887 Y169.541 E808.81064
G1 X177.783 Y168.904 E808.85303
G1 X176.579 Y168.488 E808.8954
G1 X175.319 Y168.306 E808.93774
G1 X174.046 Y168.367 E808.98013
G1 X172.808 Y168.667 E809.0225
G1 X171.65 Y169.197 E809.06485
G1 X170.611 Y169.936 E809.10726
G1 X169.733 Y170.858 E809.14961
G1 X169.044 Y171.93 E809.19199
G1 X168.57 Y173.112 E809.23435
G1 X168.329 Y174.363 E809.27672
G1 X168.329 Y175.637 E809.3191
G1 X168.57 Y176.888 E809.36147
G1 X169.044 Y178.07 E809.40383
G1 X169.733 Y179.142 E809.44621
G1 X170.611 Y180.064 E809.48856
G1 X171.65 Y180.803 E809.53096
G1 X172.808 Y181.333 E809.57332
G1 X174.046 Y181.633 E809.61569
G1 X175.319 Y181.694 E809.65808
G0 F9000 X175.625 Y181.77
G1 F600 X174.375 Y181.77 E809.69965
G1 X173.134 Y181.538 E809.74164
G1 X171.971 Y181.087 E809.78313
G1 X170.905 Y180.427 E809.82483
G1 X169.977 Y179.581 E809.8666
G1 X169.217 Y178.576 E809.90851
G1 X168.66 Y177.456 E809.95011
G1 X168.316 Y176.25 E809.99182
G1 X168.201 Y175 E810.03357
G1 X168.316 Y173.75 E810.07532
G1 X168.66 Y172.544 E810.11703
G1 X169.217 Y171.424 E810.15864
G1 X169.977 Y170.419 E810.20055
G1 X170.905 Y169.573 E810.24231
G1 X171.971 Y168.913 E810.28401
G1 X173.134 Y168.462 E810.3255
G1 X174.375 Y168.23 E810.36749
G1 X175.625 Y168.23 E810.40907
G1 X176.866 Y168.462 E810.45106
G1 X178.029 Y168.913 E810.49255
G1 X179.095 Y169.573 E810.53425
G1 X180.023 Y170.419 E810.57601
G1 X180.783 Y171.424 E810.61792
G1 X181.34 Y172.544 E810.65953
G1 X181.684 Y173.75 E810.70124
G1 X181.799 Y175 E810.74299
G1 X181.684 Y176.25 E810.78474
G1 X181.34 Y177.456 E810.82645
G1 X180.783 Y178.576 E810.86805
G1 X180.023 Y179.581 E810.90996
G1 X179.095 Y180.427 E810.95173
G1 X178.029 Y181.087 E810.99343
G1 X176.866 Y181.538 E811.03492
G1 X175.625 Y181.77 E811.07691
G0 F9000 X175.664 Y181.847
;MESH:NONMESH
G0 F300 X175.664 Y181.847 Z57
G0 F9000 X175.319 Y181.694
;TIME_ELAPSED:2472.871226
;LAYER:284
;TYPE:WALL-OUTER
;MESH:diffuser_reactor.stl
G1 F600 X176.579 Y181.512 E811.11925
G1 X177.783 Y181.096 E811.16162
G1 X178.887 Y180.459 E811.20401
G1 X179.849 Y179.625 E811.24636
G1 X180.637 Y178.623 E811.28876
G1 X181.22 Y177.491 E811.33111
G1 X181.58 Y176.268 E811.37351
G1 X181.701 Y175 E811.41587
G1 X181.58 Y173.732 E811.45824
G1 X181.22 Y172.509 E811.50064
G1 X180.637 Y171.377 E811.54299
G1 X179.849 Y170.375 E811.58539
G1 X178.887 Y169.541 E811.62774
G1 X177.783 Y168.904 E811.67013
G1 X176.579 Y168.488 E811.7125
G1 X175.319 Y168.306 E811.75484
G1 X174.046 Y168.367 E811.79723
G1 X172.808 Y168.667 E811.8396
G1 X171.65 Y169.197 E811.88196
G1 X170.611 Y169.936 E811.92436
G1 X169.733 Y170.858 E811.96671
G1 X169.044 Y171.93 E812.00909
G1 X168.57 Y173.112 E812.05145
G1 X168.329 Y174.363 E812.09382
G1 X168.329 Y175.637 E812.1362
G1 X168.57 Y176.888 E812.17857
G1 X169.044 Y178.07 E812.22093
G1 X169.733 Y179.142 E812.26331
G1 X170.611 Y180.064 E812.30566
G1 X171.65 Y180.803 E812.34806
G1 X172.808 Y181.333 E812.39042
G1 X174.046 Y181.633 E812.43279
G1 X175.319 Y181.694 E812.47518
G0 F9000 X175.625 Y181.77
G1 F600 X174.375 Y181.77 E812.51675
G1 X173.134 Y181.538 E812.55874
G1 X171.971 Y181.087 E812.60023
G1 X170.905 Y180.427 E812.64193
G1 X169.977 Y179.581 E812.6837
G1 X169.217 Y178.576 E812.72561
G1 X168.66 Y177.456 E812.76721
G1 X168.316 Y176.25 E812.80892
G1 X168.201 Y175 E812.85067
G1 X168.316 Y173.75 E812.89242
G1 X168.66 Y172.544 E812.93414
G1 X169.217 Y171.424 E812.97574
G1 X169.977 Y170.419 E813.01765
G1 X170.905 Y169.573 E813.05941
G1 X171.971 Y168.913 E813.10111
G1 X173.134 Y168.462 E813.1426
G1 X174.375 Y168.23 E813.18459
G1 X175.625 Y168.23 E813.22617
G1 X176.866 Y168.462 E813.26816
G1 X178.029 Y168.913 E813.30965
G1 X179.095 Y169.573 E813.35135
G1 X180.023 Y170.419 E813.39312
G1 X180.783 Y171.424 E813.43502
G1 X181.34 Y172.544 E813.47663
G1 X181.684 Y173.75 E813.51834
G1 X181.799 Y175 E813.56009
G1 X181.684 Y176.25 E813.60184
G1 X181.34 Y177.456 E813.64355
G1 X180.783 Y178.576 E813.68516
G1 X180.023 Y179.581 E813.72706
G1 X179.095 Y180.427 E813.76883
G1 X178.029 Y181.087 E813.81053
G1 X176.866 Y181.538 E813.85202
G1 X175.625 Y181.77 E813.89401
G0 F9000 X175.664 Y181.847
;MESH:NONMESH
G0 F300 X175.664 Y181.847 Z57.2
G0 F9000 X175.319 Y181.694
;TIME_ELAPSED:2481.515224
;LAYER:285
;TYPE:WALL-OUTER
;MESH:diffuser_reactor.stl
G1 F600 X176.579 Y181.512 E813.93635
G1 X177.783 Y181.096 E813.97872
G1 X178.887 Y180.459 E814.02111
G1 X179.849 Y179.625 E814.06346
G1 X180.637 Y178.623 E814.10586
G1 X181.22 Y177.491 E814.14821
G1 X181.58 Y176.268 E814.19061
G1 X181.701 Y175 E814.23298
G1 X181.58 Y173.732 E814.27534
G1 X181.22 Y172.509 E814.31774
G1 X180.637 Y171.377 E814.3601
G1 X179.849 Y170.375 E814.40249
G1 X178.887 Y169.541 E814.44484
G1 X177.783 Y168.904 E814.48723
G1 X176.579 Y168.488 E814.5296
G1 X175.319 Y168.306 E814.57194
G1 X174.046 Y168.367 E814.61433
G1 X172.808 Y168.667 E814.6567
G1 X171.65 Y169.197 E814.69906
G1 X170.611 Y169.936 E814.74146
G1 X169.733 Y170.858 E814.78381
G1 X169.044 Y171.93 E814.82619
G1 X168.57 Y173.112 E814.86855
G1 X168.329 Y174.363 E814.91092
G1 X168.329 Y175.637 E814.9533
G1 X168.57 Y176.888 E814.99567
G1 X169.044 Y178.07 E815.03803
G1 X169.733 Y179.142 E815.08041
G1 X170.611 Y180.064 E815.12276
G1 X171.65 Y180.803 E815.16517
G1 X172.808 Y181.333 E815.20752
G1 X174.046 Y181.633 E815.24989
G1 X175.319 Y181.694 E815.29228
G0 F9000 X175.625 Y181.77
G1 F600 X174.375 Y181.77 E815.33385
G1 X173.134 Y181.538 E815.37585
G1 X171.971 Y181.087 E815.41733
G1 X170.905 Y180.427 E815.45903
G1 X169.977 Y179.581 E815.5008
G1 X169.217 Y178.576 E815.54271
G1 X168.66 Y177.456 E815.58431
G1 X168.316 Y176.25 E815.62602
G1 X168.201 Y175 E815.66777
G1 X168.316 Y173.75 E815.70953
G1 X168.66 Y172.544 E815.75124
G1 X169.217 Y171.424 E815.79284
G1 X169.977 Y170.419 E815.83475
G1 X170.905 Y169.573 E815.87652
G1 X171.971 Y168.913 E815.91822
G1 X173.134 Y168.462 E815.9597
G1 X174.375 Y168.23 E816.0017
G1 X175.625 Y168.23 E816.04327
G1 X176.866 Y168.462 E816.08526
G1 X178.029 Y168.913 E816.12675
G1 X179.095 Y169.573 E816.16845
G1 X180.023 Y170.419 E816.21022
G1 X180.783 Y171.424 E816.25212
G1 X181.34 Y172.544 E816.29373
G1 X181.684 Y173.75 E816.33544
G1 X181.799 Y175 E816.37719
G1 X181.684 Y176.25 E816.41894
G1 X181.34 Y177.456 E816.46065
G1 X180.783 Y178.576 E816.50226
G1 X180.023 Y179.581 E816.54417
G1 X179.095 Y180.427 E816.58593
G1 X178.029 Y181.087 E816.62763
G1 X176.866 Y181.538 E816.66912
G1 X175.625 Y181.77 E816.71111
G0 F9000 X175.664 Y181.847
;MESH:NONMESH
G0 F300 X175.664 Y181.847 Z57.4
G0 F9000 X175.319 Y181.694
;TIME_ELAPSED:2490.159222
;LAYER:286
;TYPE:WALL-OUTER
;MESH:diffuser_reactor.stl
G1 F600 X176.579 Y181.512 E816.75345
G1 X177.783 Y181.096 E816.79582
G1 X178.887 Y180.459 E816.83822
G1 X179.849 Y179.625 E816.88056
G1 X180.637 Y178.623 E816.92296
G1 X181.22 Y177.491 E816.96531
G1 X181.58 Y176.268 E817.00771
G1 X181.701 Y175 E817.05008
G1 X181.58 Y173.732 E817.09244
G1 X181.22 Y172.509 E817.13485
G1 X180.637 Y171.377 E817.1772
G1 X179.849 Y170.375 E817.21959
G1 X178.887 Y169.541 E817.26194
G1 X177.783 Y168.904 E817.30433
G1 X176.579 Y168.488 E817.3467
G1 X175.319 Y168.306 E817.38904
G1 X174.046 Y168.367 E817.43143
G1 X172.808 Y168.667 E817.4738
G1 X171.65 Y169.197 E817.51616
G1 X170.611 Y169.936 E817.55857
G1 X169.733 Y170.858 E817.60091
G1 X169.044 Y171.93 E817.6433
G1 X168.57 Y173.112 E817.68565
G1 X168.329 Y174.363 E817.72803
G1 X168.329 Y175.637 E817.7704
G1 X168.57 Y176.888 E817.81277
G1 X169.044 Y178.07 E817.85513
G1 X169.733 Y179.142 E817.89751
G1 X170.611 Y180.064 E817.93986
G1 X171.65 Y180.803 E817.98227
G1 X172.808 Y181.333 E818.02462
G1 X174.046 Y181.633 E818.06699
G1 X175.319 Y181.694 E818.10938
G0 F9000 X175.625 Y181.77
G1 F600 X174.375 Y181.77 E818.15096
G1 X173.134 Y181.538 E818.19295
G1 X171.971 Y181.087 E818.23444
G1 X170.905 Y180.427 E818.27614
G1 X169.977 Y179.581 E818.3179
G1 X169.217 Y178.576 E818.35981
G1 X168.66 Y177.456 E818.40141
G1 X168.316 Y176.25 E818.44313
G1 X168.201 Y175 E818.48488
G1 X168.316 Y173.75 E818.52663
G1 X168.66 Y172.544 E818.56834
G1 X169.217 Y171.424 E818.60994
G1 X169.977 Y170.419 E818.65185
G1 X170.905 Y169.573 E818.69362
G1 X171.971 Y168.913 E818.73532
G1 X173.134 Y168.462 E818.77681
G1 X174.375 Y168.23 E818.8188
G1 X175.625 Y168.23 E818.86037
G1 X176.866 Y168.462 E818.90236
G1 X178.029 Y168.913 E818.94385
G1 X179.095 Y169.573 E818.98555
G1 X180.023 Y170.419 E819.02732
G1 X180.783 Y171.424 E819.06923
G1 X181.34 Y172.544 E819.11083
G1 X181.684 Y173.75 E819.15254
G1 X181.799 Y175 E819.19429
G1 X181.684 Y176.25 E819.23604
G1 X181.34 Y177.456 E819.27775
G1 X180.783 Y178.576 E819.31936
G1 X180.023 Y179.581 E819.36127
G1 X179.095 Y180.427 E819.40303
G1 X178.029 Y181.087 E819.44473
G1 X176.866 Y181.538 E819.48622
G1 X175.625 Y181.77 E819.52821
G0 F9000 X175.664 Y181.847
;MESH:NONMESH
G0 F300 X175.664 Y181.847 Z57.6
G0 F9000 X175.319 Y181.694
;TIME_ELAPSED:2498.803220
;LAYER:287
;TYPE:WALL-OUTER
;MESH:diffuser_reactor.stl
G1 F600 X176.579 Y181.512 E819.57056
G1 X177.783 Y181.096 E819.61292
G1 X178.887 Y180.459 E819.65532
G1 X179.849 Y179.625 E819.69766
G1 X180.637 Y178.623 E819.74006
G1 X181.22 Y177.491 E819.78241
G1 X181.58 Y176.268 E819.82481
G1 X181.701 Y175 E819.86718
G1 X181.58 Y173.732 E819.90954
G1 X181.22 Y172.509 E819.95195
G1 X180.637 Y171.377 E819.9943
G1 X179.849 Y170.375 E820.0367
G1 X178.887 Y169.541 E820.07904
G1 X177.783 Y168.904 E820.12144
G1 X176.579 Y168.488 E820.1638
G1 X175.319 Y168.306 E820.20615
G1 X174.046 Y168.367 E820.24853
G1 X172.808 Y168.667 E820.2909
G1 X171.65 Y169.197 E820.33326
G1 X170.611 Y169.936 E820.37567
G1 X169.733 Y170.858 E820.41801
G1 X169.044 Y171.93 E820.4604
G1 X168.57 Y173.112 E820.50275
G1 X168.329 Y174.363 E820.54513
G1 X168.329 Y175.637 E820.5875
G1 X168.57 Y176.888 E820.62987
G1 X169.044 Y178.07 E820.67223
G1 X169.733 Y179.142 E820.71462
G1 X170.611 Y180.064 E820.75696
G1 X171.65 Y180.803 E820.79937
G1 X172.808 Y181.333 E820.84173
G1 X174.046 Y181.633 E820.88409
G1 X175.319 Y181.694 E820.92648
G0 F9000 X175.625 Y181.77
G1 F600 X174.375 Y181.77 E820.96806
G1 X173.134 Y181.538 E821.01005
G1 X171.971 Y181.087 E821.05154
G1 X170.905 Y180.427 E821.09324
G1 X169.977 Y179.581 E821.135
G1 X169.217 Y178.576 E821.17691
G1 X168.66 Y177.456 E821.21852
G1 X168.316 Y176.25 E821.26023
G1 X168.201 Y175 E821.30198
G1 X168.316 Y173.75 E821.34373
G1 X168.66 Y172.544 E821.38544
G1 X169.217 Y171.424 E821.42704
G1 X169.977 Y170.419 E821.46895
G1 X170.905 Y169.573 E821.51072
G1 X171.971 Y168.913 E821.55242
G1 X173.134 Y168.462 E821.59391
G1 X174.375 Y168.23 E821.6359
G1 X175.625 Y168.23 E821.67747
G1 X176.866 Y168.462 E821.71946
G1 X178.029 Y168.913 E821.76095
G1 X179.095 Y169.573 E821.80265
G1 X180.023 Y170.419 E821.84442
G1 X180.783 Y171.424 E821.88633
G1 X181.34 Y172.544 E821.92793
G1 X181.684 Y173.75 E821.96964
G1 X181.799 Y175 E822.01139
G1 X181.684 Y176.25 E822.05314
G1 X181.34 Y177.456 E822.09486
G1 X180.783 Y178.576 E822.13646
G1 X180.023 Y179.581 E822.17837
G1 X179.095 Y180.427 E822.22013
G1 X178.029 Y181.087 E822.26184
G1 X176.866 Y181.538 E822.30332
G1 X175.625 Y181.77 E822.34531
G0 F9000 X175.664 Y181.847
;MESH:NONMESH
G0 F300 X175.664 Y181.847 Z57.8
G0 F9000 X175.319 Y181.694
;TIME_ELAPSED:2507.447218
;LAYER:288
;TYPE:WALL-OUTER
;MESH:diffuser_reactor.stl
G1 F600 X176.579 Y181.512 E822.38766
G1 X177.783 Y181.096 E822.43003
G1 X178.887 Y180.459 E822.47242
G1 X179.849 Y179.625 E822.51476
G1 X180.637 Y178.623 E822.55716
G1 X181.22 Y177.491 E822.59951
G1 X181.58 Y176.268 E822.64192
G1 X181.701 Y175 E822.68428
G1 X181.58 Y173.732 E822.72665
G1 X181.22 Y172.509 E822.76905
G1 X180.637 Y171.377 E822.8114
G1 X179.849 Y170.375 E822.8538
G1 X178.887 Y169.541 E822.89614
G1 X177.783 Y168.904 E822.93854
G1 X176.579 Y168.488 E822.9809
G1 X175.319 Y168.306 E823.02325
G1 X174.046 Y168.367 E823.06564
G1 X172.808 Y168.667 E823.108
G1 X171.65 Y169.197 E823.15036
G1 X170.611 Y169.936 E823.19277
G1 X169.733 Y170.858 E823.23511
G1 X169.044 Y171.93 E823.2775
G1 X168.57 Y173.112 E823.31986
G1 X168.329 Y174.363 E823.36223
G1 X168.329 Y175.637 E823.4046
G1 X168.57 Y176.888 E823.44698
G1 X169.044 Y178.07 E823.48933
G1 X169.733 Y179.142 E823.53172
G1 X170.611 Y180.064 E823.57406
G1 X171.65 Y180.803 E823.61647
G1 X172.808 Y181.333 E823.65883
G1 X174.046 Y181.633 E823.7012
G1 X175.319 Y181.694 E823.74358
G0 F9000 X175.625 Y181.77
G1 F600 X174.375 Y181.77 E823.78516
G1 X173.134 Y181.538 E823.82715
G1 X171.971 Y181.087 E823.86864
G1 X170.905 Y180.427 E823.91034
G1 X169.977 Y179.581 E823.95211
G1 X169.217 Y178.576 E823.99401
G1 X168.66 Y177.456 E824.03562
G1 X168.316 Y176.25 E824.07733
G1 X168.201 Y175 E824.11908
G1 X168.316 Y173.75 E824.16083
G1 X168.66 Y172.544 E824.20254
G1 X169.217 Y171.424 E824.24415
G1 X169.977 Y170.419 E824.28605
G1 X170.905 Y169.573 E824.32782
G1 X171.971 Y168.913 E824.36952
G1 X173.134 Y168.462 E824.41101
G1 X174.375 Y168.23 E824.453
G1 X175.625 Y168.23 E824.49457
G1 X176.866 Y168.462 E824.53657
G1 X178.029 Y168.913 E824.57805
G1 X179.095 Y169.573 E824.61975
G1 X180.023 Y170.419 E824.66152
G1 X180.783 Y171.424 E824.70343
G1 X181.34 Y172.544 E824.74503
G1 X181.684 Y173.75 E824.78674
G1 X181.799 Y175 E824.8285
G1 X181.684 Y176.25 E824.87025
G1 X181.34 Y177.456 E824.91196
G1 X180.783 Y178.576 E824.95356
G1 X180.023 Y179.581 E824.99547
G1 X179.095 Y180.427 E825.03724
G1 X178.029 Y181.087 E825.07894
G1 X176.866 Y181.538 E825.12042
G1 X175.625 Y181.77 E825.16242
G0 F9000 X175.664 Y181.847
;MESH:NONMESH
G0 F300 X175.664 Y181.847 Z58
G0 F9000 X175.319 Y181.694
;TIME_ELAPSED:2516.091216
;LAYER:289
;TYPE:WALL-OUTER
;MESH:diffuser_reactor.stl
G1 F600 X176.579 Y181.512 E825.20476
G1 X177.783 Y181.096 E825.24713
G1 X178.887 Y180.459 E825.28952
G1 X179.849 Y179.625 E825.33187
G1 X180.637 Y178.623 E825.37426
G1 X181.22 Y177.491 E825.41661
G1 X181.58 Y176.268 E825.45902
G1 X181.701 Y175 E825.50138
G1 X181.58 Y173.732 E825.54375
G1 X181.22 Y172.509 E825.58615
G1 X180.637 Y171.377 E825.6285
G1 X179.849 Y170.375 E825.6709
G1 X178.887 Y169.541 E825.71325
G1 X177.783 Y168.904 E825.75564
G1 X176.579 Y168.488 E825.79801
G1 X175.319 Y168.306 E825.84035
G1 X174.046 Y168.367 E825.88274
G1 X172.808 Y168.667 E825.92511
G1 X171.65 Y169.197 E825.96746
G1 X170.611 Y169.936 E826.00987
G1 X169.733 Y170.858 E826.05222
G1 X169.044 Y171.93 E826.0946
G1 X168.57 Y173.112 E826.13696
G1 X168.329 Y174.363 E826.17933
G1 X168.329 Y175.637 E826.2217
G1 X168.57 Y176.888 E826.26408
G1 X169.044 Y178.07 E826.30643
G1 X169.733 Y179.142 E826.34882
G1 X170.611 Y180.064 E826.39116
G1 X171.65 Y180.803 E826.43357
G1 X172.808 Y181.333 E826.47593
G1 X174.046 Y181.633 E826.5183
G1 X175.319 Y181.694 E826.56069
G0 F9000 X175.625 Y181.77
G1 F600 X174.375 Y181.77 E826.60226
G1 X173.134 Y181.538 E826.64425
G1 X171.971 Y181.087 E826.68574
G1 X170.905 Y180.427 E826.72744
G1 X169.977 Y179.581 E826.76921
G1 X169.217 Y178.576 E826.81111
G1 X168.66 Y177.456 E826.85272
G1 X168.316 Y176.25 E826.89443
G1 X168.201 Y175 E826.93618
G1 X168.316 Y173.75 E826.97793
G1 X168.66 Y172.544 E827.01964
G1 X169.217 Y171.424 E827.06125
G1 X169.977 Y170.419 E827.10316
G1 X170.905 Y169.573 E827.14492
G1 X171.971 Y168.913 E827.18662
G1 X173.134 Y168.462 E827.22811
G1 X174.375 Y168.23 E827.2701
G1 X175.625 Y168.23 E827.31168
G1 X176.866 Y168.462 E827.35367
G1 X178.029 Y168.913 E827.39516
G1 X179.095 Y169.573 E827.43686
G1 X180.023 Y170.419 E827.47862
G1 X180.783 Y171.424 E827.52053
G1 X181.34 Y172.544 E827.56213
G1 X181.684 Y173.75 E827.60385
G1 X181.799 Y175 E827.6456
G1 X181.684 Y176.25 E827.68735
G1 X181.34 Y177.456 E827.72906
G1 X180.783 Y178.576 E827.77066
G1 X180.023 Y179.581 E827.81257
G1 X179.095 Y180.427 E827.85434
G1 X178.029 Y181.087 E827.89604
G1 X176.866 Y181.538 E827.93753
G1 X175.625 Y181.77 E827.97952
G0 F9000 X175.664 Y181.847
;MESH:NONMESH
G0 F300 X175.664 Y181.847 Z58.2
G0 F9000 X175.319 Y181.694
;TIME_ELAPSED:2524.735214
;LAYER:290
;TYPE:WALL-OUTER
;MESH:diffuser_reactor.stl
G1 F600 X176.579 Y181.512 E828.02186
G1 X177.783 Y181.096 E828.06423
G1 X178.887 Y180.459 E828.10662
G1 X179.849 Y179.625 E828.14897
G1 X180.637 Y178.623 E828.19137
G1 X181.22 Y177.491 E828.23372
G1 X181.58 Y176.268 E828.27612
G1 X181.701 Y175 E828.31848
G1 X181.58 Y173.732 E828.36085
G1 X181.22 Y172.509 E828.40325
G1 X180.637 Y171.377 E828.4456
G1 X179.849 Y170.375 E828.488
G1 X178.887 Y169.541 E828.53035
G1 X177.783 Y168.904 E828.57274
G1 X176.579 Y168.488 E828.61511
G1 X175.319 Y168.306 E828.65745
G1 X174.046 Y168.367 E828.69984
G1 X172.808 Y168.667 E828.74221
G1 X171.65 Y169.197 E828.78456
G1 X170.611 Y169.936 E828.82697
G1 X169.733 Y170.858 E828.86932
G1 X169.044 Y171.93 E828.9117
G1 X168.57 Y173.112 E828.95406
G1 X168.329 Y174.363 E828.99643
G1 X168.329 Y175.637 E829.03881
G1 X168.57 Y176.888 E829.08118
G1 X169.044 Y178.07 E829.12354
G1 X169.733 Y179.142 E829.16592
G1 X170.611 Y180.064 E829.20827
G1 X171.65 Y180.803 E829.25067
G1 X172.808 Y181.333 E829.29303
G1 X174.046 Y181.633 E829.3354
G1 X175.319 Y181.694 E829.37779
G0 F9000 X175.625 Y181.77
G1 F600 X174.375 Y181.77 E829.41936
G1 X173.134 Y181.538 E829.46135
G1 X171.971 Y181.087 E829.50284
G1 X170.905 Y180.427 E829.54454
G1 X169.977 Y179.581 E829.58631
G1 X169.217 Y178.576 E829.62822
G1 X168.66 Y177.456 E829.66982
G1 X168.316 Y176.25 E829.71153
G1 X168.201 Y175 E829.75328
G1 X168.316 Y173.75 E829.79503
G1 X168.66 Y172.544 E829.83674
G1 X169.217 Y171.424 E829.87835
G1 X169.977 Y170.419 E829.92026
G1 X170.905 Y169.573 E829.96202
G1 X171.971 Y168.913 E830.00372
G1 X173.134 Y168.462 E830.04521
G1 X174.375 Y168.23 E830.0872
G1 X175.625 Y168.23 E830.12878
G1 X176.866 Y168.462 E830.17077
G1 X178.029 Y168.913 E830.21226
G1 X179.095 Y169.573 E830.25396
G1 X180.023 Y170.419 E830.29572
G1 X180.783 Y171.424 E830.33763
G1 X181.34 Y172.544 E830.37924
G1 X181.684 Y173.75 E830.42095
G1 X181.799 Y175 E830.4627
G1 X181.684 Y176.25 E830.50445
G1 X181.34 Y177.456 E830.54616
G1 X180.783 Y178.576 E830.58776
G1 X180.023 Y179.581 E830.62967
G1 X179.095 Y180.427 E830.67144
G1 X178.029 Y181.087 E830.71314
G1 X176.866 Y181.538 E830.75463
G1 X175.625 Y181.77 E830.79662
G0 F9000 X175.664 Y181.847
;MESH:NONMESH
G0 F300 X175.664 Y181.847 Z58.4
G0 F9000 X175.319 Y181.694
;TIME_ELAPSED:2533.379212
;LAYER:291
;TYPE:WALL-OUTER
;MESH:diffuser_reactor.stl
G1 F600 X176.579 Y181.512 E830.83896
G1 X177.783 Y181.096 E830.88133
G1 X178.887 Y180.459 E830.92372
G1 X179.849 Y179.625 E830.96607
G1 X180.637 Y178.623 E831.00847
G1 X181.22 Y177.491 E831.05082
G1 X181.58 Y176.268 E831.09322
G1 X181.701 Y175 E831.13559
G1 X181.58 Y173.732 E831.17795
G1 X181.22 Y172.509 E831.22035
G1 X180.637 Y171.377 E831.2627
G1 X179.849 Y170.375 E831.3051
G1 X178.887 Y169.541 E831.34745
G1 X177.783 Y168.904 E831.38984
G1 X176.579 Y168.488 E831.43221
G1 X175.319 Y168.306 E831.47455
G1 X174.046 Y168.367 E831.51694
G1 X172.808 Y168.667 E831.55931
G1 X171.65 Y169.197 E831.60167
G1 X170.611 Y169.936 E831.64407
G1 X169.733 Y170.858 E831.68642
G1 X169.044 Y171.93 E831.7288
G1 X168.57 Y173.112 E831.77116
G1 X168.329 Y174.363 E831.81353
G1 X168.329 Y175.637 E831.85591
G1 X168.57 Y176.888 E831.89828
G1 X169.044 Y178.07 E831.94064
G1 X169.733 Y179.142 E831.98302
G1 X170.611 Y180.064 E832.02537
G1 X171.65 Y180.803 E832.06777
G1 X172.808 Y181.333 E832.11013
G1 X174.046 Y181.633 E832.1525
G1 X175.319 Y181.694 E832.19489
G0 F9000 X175.625 Y181.77
G1 F600 X174.375 Y181.77 E832.23646
G1 X173.134 Y181.538 E832.27845
G1 X171.971 Y181.087 E832.31994
G1 X170.905 Y180.427 E832.36164
G1 X169.977 Y179.581 E832.40341
G1 X169.217 Y178.576 E832.44532
G1 X168.66 Y177.456 E832.48692
G1 X168.316 Y176.25 E832.52863
G1 X168.201 Y175 E832.57038
G1 X168.316 Y173.75 E832.61213
G1 X168.66 Y172.544 E832.65385
G1 X169.217 Y171.424 E832.69545
G1 X169.977 Y170.419 E832.73736
G1 X170.905 Y169.573 E832.77912
G1 X171.971 Y168.913 E832.82083
G1 X173.134 Y168.462 E832.86231
G1 X174.375 Y168.23 E832.9043
G1 X175.625 Y168.23 E832.94588
G1 X176.866 Y168.462 E832.98787
G1 X178.029 Y168.913 E833.02936
G1 X179.095 Y169.573 E833.07106
G1 X180.023 Y170.419 E833.11283
G1 X180.783 Y171.424 E833.15473
G1 X181.34 Y172.544 E833.19634
G1 X181.684 Y173.75 E833.23805
G1 X181.799 Y175 E833.2798
G1 X181.684 Y176.25 E833.32155
G1 X181.34 Y177.456 E833.36326
G1 X180.783 Y178.576 E833.40487
G1 X180.023 Y179.581 E833.44677
G1 X179.095 Y180.427 E833.48854
G1 X178.029 Y181.087 E833.53024
G1 X176.866 Y181.538 E833.57173
G1 X175.625 Y181.77 E833.61372
G0 F9000 X175.664 Y181.847
;MESH:NONMESH
G0 F300 X175.664 Y181.847 Z58.6
G0 F9000 X175.319 Y181.694
;TIME_ELAPSED:2542.023210
;LAYER:292
;TYPE:WALL-OUTER
;MESH:diffuser_reactor.stl
G1 F600 X176.579 Y181.512 E833.65606
G1 X177.783 Y181.096 E833.69843
G1 X178.887 Y180.459 E833.74082
G1 X179.849 Y179.625 E833.78317
G1 X180.637 Y178.623 E833.82557
G1 X181.22 Y177.491 E833.86792
G1 X181.58 Y176.268 E833.91032
G1 X181.701 Y175 E833.95269
G1 X181.58 Y173.732 E833.99505
G1 X181.22 Y172.509 E834.03746
G1 X180.637 Y171.377 E834.07981
G1 X179.849 Y170.375 E834.1222
G1 X178.887 Y169.541 E834.16455
G1 X177.783 Y168.904 E834.20694
G1 X176.579 Y168.488 E834.24931
G1 X175.319 Y168.306 E834.29165
G1 X174.046 Y168.367 E834.33404
G1 X172.808 Y168.667 E834.37641
G1 X171.65 Y169.197 E834.41877
G1 X170.611 Y169.936 E834.46117
G1 X169.733 Y170.858 E834.50352
G1 X169.044 Y171.93 E834.5459
G1 X168.57 Y173.112 E834.58826
G1 X168.329 Y174.363 E834.63063
G1 X168.329 Y175.637 E834.67301
G1 X168.57 Y176.888 E834.71538
G1 X169.044 Y178.07 E834.75774
G1 X169.733 Y179.142 E834.80012
G1 X170.611 Y180.064 E834.84247
G1 X171.65 Y180.803 E834.88488
G1 X172.808 Y181.333 E834.92723
G1 X174.046 Y181.633 E834.9696
G1 X175.319 Y181.694 E835.01199
G0 F9000 X175.625 Y181.77
G1 F600 X174.375 Y181.77 E835.05356
G1 X173.134 Y181.538 E835.09556
G1 X171.971 Y181.087 E835.13704
G1 X170.905 Y180.427 E835.17874
G1 X169.977 Y179.581 E835.22051
G1 X169.217 Y178.576 E835.26242
G1 X168.66 Y177.456 E835.30402
G1 X168.316 Y176.25 E835.34573
G1 X168.201 Y175 E835.38749
G1 X168.316 Y173.75 E835.42924
G1 X168.66 Y172.544 E835.47095
G1 X169.217 Y171.424 E835.51255
G1 X169.977 Y170.419 E835.55446
G1 X170.905 Y169.573 E835.59623
G1 X171.971 Y168.913 E835.63793
G1 X173.134 Y168.462 E835.67941
G1 X174.375 Y168.23 E835.72141
G1 X175.625 Y168.23 E835.76298
G1 X176.866 Y168.462 E835.80497
G1 X178.029 Y168.913 E835.84646
G1 X179.095 Y169.573 E835.88816
G1 X180.023 Y170.419 E835.92993
G1 X180.783 Y171.424 E835.97184
G1 X181.34 Y172.544 E836.01344
G1 X181.684 Y173.75 E836.05515
G1 X181.799 Y175 E836.0969
G1 X181.684 Y176.25 E836.13865
G1 X181.34 Y177.456 E836.18036
G1 X180.783 Y178.576 E836.22197
G1 X180.023 Y179.581 E836.26388
G1 X179.095 Y180.427 E836.30564
G1 X178.029 Y181.087 E836.34734
G1 X176.866 Y181.538 E836.38883
G1 X175.625 Y181.77 E836.43082
G0 F9000 X175.664 Y181.847
;MESH:NONMESH
G0 F300 X175.664 Y181.847 Z58.8
G0 F9000 X175.319 Y181.694
;TIME_ELAPSED:2550.667208
;LAYER:293
;TYPE:WALL-OUTER
;MESH:diffuser_reactor.stl
G1 F600 X176.579 Y181.512 E836.47316
G1 X177.783 Y181.096 E836.51553
G1 X178.887 Y180.459 E836.55793
G1 X179.849 Y179.625 E836.60027
G1 X180.637 Y178.623 E836.64267
G1 X181.22 Y177.491 E836.68502
G1 X181.58 Y176.268 E836.72742
G1 X181.701 Y175 E836.76979
G1 X181.58 Y173.732 E836.81215
G1 X181.22 Y172.509 E836.85456
G1 X180.637 Y171.377 E836.89691
G1 X179.849 Y170.375 E836.9393
G1 X178.887 Y169.541 E836.98165
G1 X177.783 Y168.904 E837.02404
G1 X176.579 Y168.488 E837.06641
G1 X175.319 Y168.306 E837.10876
G1 X174.046 Y168.367 E837.15114
G1 X172.808 Y168.667 E837.19351
G1 X171.65 Y169.197 E837.23587
G1 X170.611 Y169.936 E837.27828
G1 X169.733 Y170.858 E837.32062
G1 X169.044 Y171.93 E837.36301
G1 X168.57 Y173.112 E837.40536
G1 X168.329 Y174.363 E837.44774
G1 X168.329 Y175.637 E837.49011
G1 X168.57 Y176.888 E837.53248
G1 X169.044 Y178.07 E837.57484
G1 X169.733 Y179.142 E837.61722
G1 X170.611 Y180.064 E837.65957
G1 X171.65 Y180.803 E837.70198
G1 X172.808 Y181.333 E837.74433
G1 X174.046 Y181.633 E837.7867
G1 X175.319 Y181.694 E837.82909
G0 F9000 X175.625 Y181.77
G1 F600 X174.375 Y181.77 E837.87067
G1 X173.134 Y181.538 E837.91266
G1 X171.971 Y181.087 E837.95415
G1 X170.905 Y180.427 E837.99585
G1 X169.977 Y179.581 E838.03761
G1 X169.217 Y178.576 E838.07952
G1 X168.66 Y177.456 E838.12112
G1 X168.316 Y176.25 E838.16284
G1 X168.201 Y175 E838.20459
G1 X168.316 Y173.75 E838.24634
G1 X168.66 Y172.544 E838.28805
G1 X169.217 Y171.424 E838.32965
G1 X169.977 Y170.419 E838.37156
G1 X170.905 Y169.573 E838.41333
G1 X171.971 Y168.913 E838.45503
G1 X173.134 Y168.462 E838.49652
G1 X174.375 Y168.23 E838.53851
G1 X175.625 Y168.23 E838.58008
G1 X176.866 Y168.462 E838.62207
G1 X178.029 Y168.913 E838.66356
G1 X179.095 Y169.573 E838.70526
G1 X180.023 Y170.419 E838.74703
G1 X180.783 Y171.424 E838.78894
G1 X181.34 Y172.544 E838.83054
G1 X181.684 Y173.75 E838.87225
G1 X181.799 Y175 E838.914
G1 X181.684 Y176.25 E838.95575
G1 X181.34 Y177.456 E838.99747
G1 X180.783 Y178.576 E839.03907
G1 X180.023 Y179.581 E839.08098
G1 X179.095 Y180.427 E839.12274
G1 X178.029 Y181.087 E839.16444
G1 X176.866 Y181.538 E839.20593
G1 X175.625 Y181.77 E839.24792
G0 F9000 X175.664 Y181.847
;MESH:NONMESH
G0 F300 X175.664 Y181.847 Z59
G0 F9000 X175.319 Y181.694
;TIME_ELAPSED:2559.311206
;LAYER:294
;TYPE:WALL-OUTER
;MESH:diffuser_reactor.stl
G1 F600 X176.579 Y181.512 E839.29027
G1 X177.783 Y181.096 E839.33263
G1 X178.887 Y180.459 E839.37503
G1 X179.849 Y179.625 E839.41737
G1 X180.637 Y178.623 E839.45977
G1 X181.22 Y177.491 E839.50212
G1 X181.58 Y176.268 E839.54452
G1 X181.701 Y175 E839.58689
G1 X181.58 Y173.732 E839.62926
G1 X181.22 Y172.509 E839.67166
G1 X180.637 Y171.377 E839.71401
G1 X179.849 Y170.375 E839.75641
G1 X178.887 Y169.541 E839.79875
G1 X177.783 Y168.904 E839.84115
G1 X176.579 Y168.488 E839.88351
G1 X175.319 Y168.306 E839.92586
G1 X174.046 Y168.367 E839.96825
G1 X172.808 Y168.667 E840.01061
G1 X171.65 Y169.197 E840.05297
G1 X170.611 Y169.936 E840.09538
G1 X169.733 Y170.858 E840.13772
G1 X169.044 Y171.93 E840.18011
G1 X168.57 Y173.112 E840.22246
G1 X168.329 Y174.363 E840.26484
G1 X168.329 Y175.637 E840.30721
G1 X168.57 Y176.888 E840.34958
G1 X169.044 Y178.07 E840.39194
G1 X169.733 Y179.142 E840.43433
G1 X170.611 Y180.064 E840.47667
G1 X171.65 Y180.803 E840.51908
G1 X172.808 Y181.333 E840.56144
G1 X174.046 Y181.633 E840.6038
G1 X175.319 Y181.694 E840.64619
G0 F9000 X175.625 Y181.77
G1 F600 X174.375 Y181.77 E840.68777
G1 X173.134 Y181.538 E840.72976
G1 X171.971 Y181.087 E840.77125
G1 X170.905 Y180.427 E840.81295
G1 X169.977 Y179.581 E840.85471
G1 X169.217 Y178.576 E840.89662
G1 X168.66 Y177.456 E840.93823
G1 X168.316 Y176.25 E840.97994
G1 X168.201 Y175 E841.02169
G1 X168.316 Y173.75 E841.06344
G1 X168.66 Y172.544 E841.10515
G1 X169.217 Y171.424 E841.14675
G1 X169.977 Y170.419 E841.18866
G1 X170.905 Y169.573 E841.23043
G1 X171.971 Y168.913 E841.27213
G1 X173.134 Y168.462 E841.31362
G1 X174.375 Y168.23 E841.35561
G1 X175.625 Y168.23 E841.39718
G1 X176.866 Y168.462 E841.43917
G1 X178.029 Y168.913 E841.48066
G1 X179.095 Y169.573 E841.52236
G1 X180.023 Y170.419 E841.56413
G1 X180.783 Y171.424 E841.60604
G1 X181.34 Y172.544 E841.64764
G1 X181.684 Y173.75 E841.68935
G1 X181.799 Y175 E841.7311
G1 X181.684 Y176.25 E841.77285
G1 X181.34 Y177.456 E841.81457
G1 X180.783 Y178.576 E841.85617
G1 X180.023 Y179.581 E841.89808
G1 X179.095 Y180.427 E841.93984
G1 X178.029 Y181.087 E841.98155
G1 X176.866 Y181.538 E842.02303
G1 X175.625 Y181.77 E842.06502
G0 F9000 X175.664 Y181.847
;MESH:NONMESH
G0 F300 X175.664 Y181.847 Z59.2
G0 F9000 X175.319 Y181.694
;TIME_ELAPSED:2567.955204
;LAYER:295
;TYPE:WALL-OUTER
;MESH:diffuser_reactor.stl
G1 F600 X176.579 Y181.512 E842.10737
G1 X177.783 Y181.096 E842.14974
G1 X178.887 Y180.459 E842.19213
G1 X179.849 Y179.625 E842.23447
G1 X180.637 Y178.623 E842.27687
G1 X181.22 Y177.491 E842.31922
G1 X181.58 Y176.268 E842.36163
G1 X181.701 Y175 E842.40399
G1 X181.58 Y173.732 E842.44636
G1 X181.22 Y172.509 E842.48876
G1 X180.637 Y171.377 E842.53111
G1 X179.849 Y170.375 E842.57351
G1 X178.887 Y169.541 E842.61585
G1 X177.783 Y168.904 E842.65825
G1 X176.579 Y168.488 E842.70062
G1 X175.319 Y168.306 E842.74296
G1 X174.046 Y168.367 E842.78535
G1 X172.808 Y168.667 E842.82771
G1 X171.65 Y169.197 E842.87007
G1 X170.611 Y169.936 E842.91248
G1 X169.733 Y170.858 E842.95482
G1 X169.044 Y171.93 E842.99721
G1 X168.57 Y173.112 E843.03957
G1 X168.329 Y174.363 E843.08194
G1 X168.329 Y175.637 E843.12431
G1 X168.57 Y176.888 E843.16669
G1 X169.044 Y178.07 E843.20904
G1 X169.733 Y179.142 E843.25143
G1 X170.611 Y180.064 E843.29377
G1 X171.65 Y180.803 E843.33618
G1 X172.808 Y181.333 E843.37854
G1 X174.046 Y181.633 E843.42091
G1 X175.319 Y181.694 E843.46329
G0 F9000 X175.625 Y181.77
G1 F600 X174.375 Y181.77 E843.50487
G1 X173.134 Y181.538 E843.54686
G1 X171.971 Y181.087 E843.58835
G1 X170.905 Y180.427 E843.63005
G1 X169.977 Y179.581 E843.67182
G1 X169.217 Y178.576 E843.71372
G1 X168.66 Y177.456 E843.75533
G1 X168.316 Y176.25 E843.79704
G1 X168.201 Y175 E843.83879
G1 X168.316 Y173.75 E843.88054
G1 X168.66 Y172.544 E843.92225
G1 X169.217 Y171.424 E843.96386
G1 X169.977 Y170.419 E844.00576
G1 X170.905 Y169.573 E844.04753
G1 X171.971 Y168.913 E844.08923
G1 X173.134 Y168.462 E844.13072
G1 X174.375 Y168.23 E844.17271
G1 X175.625 Y168.23 E844.21429
G1 X176.866 Y168.462 E844.25628
G1 X178.029 Y168.913 E844.29776
G1 X179.095 Y169.573 E844.33947
G1 X180.023 Y170.419 E844.38123
G1 X180.783 Y171.424 E844.42314
G1 X181.34 Y172.544 E844.46474
G1 X181.684 Y173.75 E844.50645
G1 X181.799 Y175 E844.54821
G1 X181.684 Y176.25 E844.58996
G1 X181.34 Y177.456 E844.63167
G1 X180.783 Y178.576 E844.67327
G1 X180.023 Y179.581 E844.71518
G1 X179.095 Y180.427 E844.75695
G1 X178.029 Y181.087 E844.79865
G1 X176.866 Y181.538 E844.84014
G1 X175.625 Y181.77 E844.88213
G0 F9000 X175.664 Y181.847
;MESH:NONMESH
G0 F300 X175.664 Y181.847 Z59.4
G0 F9000 X175.319 Y181.694
;TIME_ELAPSED:2576.599202
;LAYER:296
;TYPE:WALL-OUTER
;MESH:diffuser_reactor.stl
G1 F600 X176.579 Y181.512 E844.92447
G1 X177.783 Y181.096 E844.96684
G1 X178.887 Y180.459 E845.00923
G1 X179.849 Y179.625 E845.05158
G1 X180.637 Y178.623 E845.09397
G1 X181.22 Y177.491 E845.13632
G1 X181.58 Y176.268 E845.17873
G1 X181.701 Y175 E845.22109
G1 X181.58 Y173.732 E845.26346
G1 X181.22 Y172.509 E845.30586
G1 X180.637 Y171.377 E845.34821
G1 X179.849 Y170.375 E845.39061
G1 X178.887 Y169.541 E845.43296
G1 X177.783 Y168.904 E845.47535
G1 X176.579 Y168.488 E845.51772
G1 X175.319 Y168.306 E845.56006
G1 X174.046 Y168.367 E845.60245
G1 X172.808 Y168.667 E845.64482
G1 X171.65 Y169.197 E845.68717
G1 X170.611 Y169.936 E845.72958
G1 X169.733 Y170.858 E845.77193
G1 X169.044 Y171.93 E845.81431
G1 X168.57 Y173.112 E845.85667
G1 X168.329 Y174.363 E845.89904
G1 X168.329 Y175.637 E845.94141
G1 X168.57 Y176.888 E845.98379
G1 X169.044 Y178.07 E846.02614
G1 X169.733 Y179.142 E846.06853
G1 X170.611 Y180.064 E846.11087
G1 X171.65 Y180.803 E846.15328
G1 X172.808 Y181.333 E846.19564
G1 X174.046 Y181.633 E846.23801
G1 X175.319 Y181.694 E846.2804
G0 F9000 X175.625 Y181.77
G1 F600 X174.375 Y181.77 E846.32197
G1 X173.134 Y181.538 E846.36396
G1 X171.971 Y181.087 E846.40545
G1 X170.905 Y180.427 E846.44715
G1 X169.977 Y179.581 E846.48892
G1 X169.217 Y178.576 E846.53083
G1 X168.66 Y177.456 E846.57243
G1 X168.316 Y176.25 E846.61414
G1 X168.201 Y175 E846.65589
G1 X168.316 Y173.75 E846.69764
G1 X168.66 Y172.544 E846.73935
G1 X169.217 Y171.424 E846.78096
G1 X169.977 Y170.419 E846.82287
G1 X170.905 Y169.573 E846.86463
G1 X171.971 Y168.913 E846.90633
G1 X173.134 Y168.462 E846.94782
G1 X174.375 Y168.23 E846.98981
G1 X175.625 Y168.23 E847.03139
G1 X176.866 Y168.462 E847.07338
G1 X178.029 Y168.913 E847.11487
G1 X179.095 Y169.573 E847.15657
G1 X180.023 Y170.419 E847.19833
G1 X180.783 Y171.424 E847.24024
G1 X181.34 Y172.544 E847.28184
G1 X181.684 Y173.75 E847.32356
G1 X181.799 Y175 E847.36531
G1 X181.684 Y176.25 E847.40706
G1 X181.34 Y177.456 E847.44877
G1 X180.783 Y178.576 E847.49037
G1 X180.023 Y179.581 E847.53228
G1 X179.095 Y180.427 E847.57405
G1 X178.029 Y181.087 E847.61575
G1 X176.866 Y181.538 E847.65724
G1 X175.625 Y181.77 E847.69923
G0 F9000 X175.664 Y181.847
;MESH:NONMESH
G0 F300 X175.664 Y181.847 Z59.6
G0 F9000 X175.319 Y181.694
;TIME_ELAPSED:2585.243200
;LAYER:297
;TYPE:WALL-OUTER
;MESH:diffuser_reactor.stl
G1 F600 X176.579 Y181.512 E847.74157
G1 X177.783 Y181.096 E847.78394
G1 X178.887 Y180.459 E847.82633
G1 X179.849 Y179.625 E847.86868
G1 X180.637 Y178.623 E847.91108
G1 X181.22 Y177.491 E847.95343
G1 X181.58 Y176.268 E847.99583
G1 X181.701 Y175 E848.03819
G1 X181.58 Y173.732 E848.08056
G1 X181.22 Y172.509 E848.12296
G1 X180.637 Y171.377 E848.16531
G1 X179.849 Y170.375 E848.20771
G1 X178.887 Y169.541 E848.25006
G1 X177.783 Y168.904 E848.29245
G1 X176.579 Y168.488 E848.33482
G1 X175.319 Y168.306 E848.37716
G1 X174.046 Y168.367 E848.41955
G1 X172.808 Y168.667 E848.46192
G1 X171.65 Y169.197 E848.50428
G1 X170.611 Y169.936 E848.54668
G1 X169.733 Y170.858 E848.58903
G1 X169.044 Y171.93 E848.63141
G1 X168.57 Y173.112 E848.67377
G1 X168.329 Y174.363 E848.71614
G1 X168.329 Y175.637 E848.75852
G1 X168.57 Y176.888 E848.80089
G1 X169.044 Y178.07 E848.84325
G1 X169.733 Y179.142 E848.88563
G1 X170.611 Y180.064 E848.92798
G1 X171.65 Y180.803 E848.97038
G1 X172.808 Y181.333 E849.01274
G1 X174.046 Y181.633 E849.05511
G1 X175.319 Y181.694 E849.0975
G0 F9000 X175.625 Y181.77
G1 F600 X174.375 Y181.77 E849.13907
G1 X173.134 Y181.538 E849.18106
G1 X171.971 Y181.087 E849.22255
G1 X170.905 Y180.427 E849.26425
G1 X169.977 Y179.581 E849.30602
G1 X169.217 Y178.576 E849.34793
G1 X168.66 Y177.456 E849.38953
G1 X168.316 Y176.25 E849.43124
G1 X168.201 Y175 E849.47299
G1 X168.316 Y173.75 E849.51474
G1 X168.66 Y172.544 E849.55646
G1 X169.217 Y171.424 E849.59806
G1 X169.977 Y170.419 E849.63997
G1 X170.905 Y169.573 E849.68173
G1 X171.971 Y168.913 E849.72343
G1 X173.134 Y168.462 E849.76492
G1 X174.375 Y168.23 E849.80691
G1 X175.625 Y168.23 E849.84849
G1 X176.866 Y168.462 E849.89048
G1 X178.029 Y168.913 E849.93197
G1 X179.095 Y169.573 E849.97367
G1 X180.023 Y170.419 E850.01543
G1 X180.783 Y171.424 E850.05734
G1 X181.34 Y172.544 E850.09895
G1 X181.684 Y173.75 E850.14066
G1 X181.799 Y175 E850.18241
G1 X181.684 Y176.25 E850.22416
G1 X181.34 Y177.456 E850.26587
G1 X180.783 Y178.576 E850.30747
G1 X180.023 Y179.581 E850.34938
G1 X179.095 Y180.427 E850.39115
G1 X178.029 Y181.087 E850.43285
G1 X176.866 Y181.538 E850.47434
G1 X175.625 Y181.77 E850.51633
G0 F9000 X175.664 Y181.847
;MESH:NONMESH
G0 F300 X175.664 Y181.847 Z59.8
G0 F9000 X175.319 Y181.694
;TIME_ELAPSED:2593.887198
;LAYER:298
;TYPE:WALL-OUTER
;MESH:diffuser_reactor.stl
G1 F600 X176.579 Y181.512 E850.55867
G1 X177.783 Y181.096 E850.60104
G1 X178.887 Y180.459 E850.64343
G1 X179.849 Y179.625 E850.68578
G1 X180.637 Y178.623 E850.72818
G1 X181.22 Y177.491 E850.77053
G1 X181.58 Y176.268 E850.81293
G1 X181.701 Y175 E850.8553
G1 X181.58 Y173.732 E850.89766
G1 X181.22 Y172.509 E850.94006
G1 X180.637 Y171.377 E850.98241
G1 X179.849 Y170.375 E851.02481
G1 X178.887 Y169.541 E851.06716
G1 X177.783 Y168.904 E851.10955
G1 X176.579 Y168.488 E851.15192
G1 X175.319 Y168.306 E851.19426
G1 X174.046 Y168.367 E851.23665
G1 X172.808 Y168.667 E851.27902
G1 X171.65 Y169.197 E851.32138
G1 X170.611 Y169.936 E851.36378
G1 X169.733 Y170.858 E851.40613
G1 X169.044 Y171.93 E851.44851
G1 X168.57 Y173.112 E851.49087
G1 X168.329 Y174.363 E851.53324
G1 X168.329 Y175.637 E851.57562
G1 X168.57 Y176.888 E851.61799
G1 X169.044 Y178.07 E851.66035
G1 X169.733 Y179.142 E851.70273
G1 X170.611 Y180.064 E851.74508
G1 X171.65 Y180.803 E851.78748
G1 X172.808 Y181.333 E851.82984
G1 X174.046 Y181.633 E851.87221
G1 X175.319 Y181.694 E851.9146
G0 F9000 X175.625 Y181.77
G1 F600 X174.375 Y181.77 E851.95617
G1 X173.134 Y181.538 E851.99816
G1 X171.971 Y181.087 E852.03965
G1 X170.905 Y180.427 E852.08135
G1 X169.977 Y179.581 E852.12312
G1 X169.217 Y178.576 E852.16503
G1 X168.66 Y177.456 E852.20663
G1 X168.316 Y176.25 E852.24834
G1 X168.201 Y175 E852.29009
G1 X168.316 Y173.75 E852.33184
G1 X168.66 Y172.544 E852.37356
G1 X169.217 Y171.424 E852.41516
G1 X169.977 Y170.419 E852.45707
G1 X170.905 Y169.573 E852.49883
G1 X171.971 Y168.913 E852.54054
G1 X173.134 Y168.462 E852.58202
G1 X174.375 Y168.23 E852.62401
G1 X175.625 Y168.23 E852.66559
G1 X176.866 Y168.462 E852.70758
G1 X178.029 Y168.913 E852.74907
G1 X179.095 Y169.573 E852.79077
G1 X180.023 Y170.419 E852.83254
G1 X180.783 Y171.424 E852.87444
G1 X181.34 Y172.544 E852.91605
G1 X181.684 Y173.75 E852.95776
G1 X181.799 Y175 E852.99951
G1 X181.684 Y176.25 E853.04126
G1 X181.34 Y177.456 E853.08297
G1 X180.783 Y178.576 E853.12458
G1 X180.023 Y179.581 E853.16648
G1 X179.095 Y180.427 E853.20825
G1 X178.029 Y181.087 E853.24995
G1 X176.866 Y181.538 E853.29144
G1 X175.625 Y181.77 E853.33343
G0 F9000 X175.664 Y181.847
;MESH:NONMESH
G0 F300 X175.664 Y181.847 Z60
G0 F9000 X175.319 Y181.694
;TIME_ELAPSED:2602.531196
;LAYER:299
;TYPE:WALL-OUTER
;MESH:diffuser_reactor.stl
G1 F600 X176.579 Y181.512 E853.37577
G1 X177.783 Y181.096 E853.41814
G1 X178.887 Y180.459 E853.46053
G1 X179.849 Y179.625 E853.50288
G1 X180.637 Y178.623 E853.54528
G1 X181.22 Y177.491 E853.58763
G1 X181.58 Y176.268 E853.63003
G1 X181.701 Y175 E853.6724
G1 X181.58 Y173.732 E853.71476
G1 X181.22 Y172.509 E853.75717
G1 X180.637 Y171.377 E853.79952
G1 X179.849 Y170.375 E853.84191
G1 X178.887 Y169.541 E853.88426
G1 X177.783 Y168.904 E853.92665
G1 X176.579 Y168.488 E853.96902
G1 X175.319 Y168.306 E854.01136
G1 X174.046 Y168.367 E854.05375
G1 X172.808 Y168.667 E854.09612
G1 X171.65 Y169.197 E854.13848
G1 X170.611 Y169.936 E854.18088
G1 X169.733 Y170.858 E854.22323
G1 X169.044 Y171.93 E854.26562
G1 X168.57 Y173.112 E854.30797
G1 X168.329 Y174.363 E854.35035
G1 X168.329 Y175.637 E854.39272
G1 X168.57 Y176.888 E854.43509
G1 X169.044 Y178.07 E854.47745
G1 X169.733 Y179.142 E854.51983
G1 X170.611 Y180.064 E854.56218
G1 X171.65 Y180.803 E854.60459
G1 X172.808 Y181.333 E854.64694
G1 X174.046 Y181.633 E854.68931
G1 X175.319 Y181.694 E854.7317
G0 F9000 X175.625 Y181.77
G1 F600 X174.375 Y181.77 E854.77328
G1 X173.134 Y181.538 E854.81527
G1 X171.971 Y181.087 E854.85675
G1 X170.905 Y180.427 E854.89846
G1 X169.977 Y179.581 E854.94022
G1 X169.217 Y178.576 E854.98213
G1 X168.66 Y177.456 E855.02373
G1 X168.316 Y176.25 E855.06544
G1 X168.201 Y175 E855.1072
G1 X168.316 Y173.75 E855.14895
G1 X168.66 Y172.544 E855.19066
G1 X169.217 Y171.424 E855.23226
G1 X169.977 Y170.419 E855.27417
G1 X170.905 Y169.573 E855.31594
G1 X171.971 Y168.913 E855.35764
G1 X173.134 Y168.462 E855.39913
G1 X174.375 Y168.23 E855.44112
G1 X175.625 Y168.23 E855.48269
G1 X176.866 Y168.462 E855.52468
G1 X178.029 Y168.913 E855.56617
G1 X179.095 Y169.573 E855.60787
G1 X180.023 Y170.419 E855.64964
G1 X180.783 Y171.424 E855.69155
G1 X181.34 Y172.544 E855.73315
G1 X181.684 Y173.75 E855.77486
G1 X181.799 Y175 E855.81661
G1 X181.684 Y176.25 E855.85836
G1 X181.34 Y177.456 E855.90007
G1 X180.783 Y178.576 E855.94168
G1 X180.023 Y179.581 E855.98359
G1 X179.095 Y180.427 E856.02535
G1 X178.029 Y181.087 E856.06705
G1 X176.866 Y181.538 E856.10854
G1 X175.625 Y181.77 E856.15053
G0 F9000 X175.664 Y181.847
;MESH:NONMESH
G0 F300 X175.664 Y181.847 Z60.2
G0 F9000 X175.319 Y181.694
;TIME_ELAPSED:2611.175194
;LAYER:300
;TYPE:WALL-OUTER
;MESH:diffuser_reactor.stl
G1 F600 X176.579 Y181.512 E856.19287
G1 X177.783 Y181.096 E856.23524
G1 X178.887 Y180.459 E856.27764
G1 X179.849 Y179.625 E856.31998
G1 X180.637 Y178.623 E856.36238
G1 X181.22 Y177.491 E856.40473
G1 X181.58 Y176.268 E856.44713
G1 X181.701 Y175 E856.4895
G1 X181.58 Y173.732 E856.53186
G1 X181.22 Y172.509 E856.57427
G1 X180.637 Y171.377 E856.61662
G1 X179.849 Y170.375 E856.65902
G1 X178.887 Y169.541 E856.70136
G1 X177.783 Y168.904 E856.74375
G1 X176.579 Y168.488 E856.78612
G1 X175.319 Y168.306 E856.82847
G1 X174.046 Y168.367 E856.87085
G1 X172.808 Y168.667 E856.91322
G1 X171.65 Y169.197 E856.95558
G1 X170.611 Y169.936 E856.99799
G1 X169.733 Y170.858 E857.04033
G1 X169.044 Y171.93 E857.08272
G1 X168.57 Y173.112 E857.12507
G1 X168.329 Y174.363 E857.16745
G1 X168.329 Y175.637 E857.20982
G1 X168.57 Y176.888 E857.25219
G1 X169.044 Y178.07 E857.29455
G1 X169.733 Y179.142 E857.33693
G1 X170.611 Y180.064 E857.37928
G1 X171.65 Y180.803 E857.42169
G1 X172.808 Y181.333 E857.46405
G1 X174.046 Y181.633 E857.50641
G1 X175.319 Y181.694 E857.5488
G0 F9000 X175.625 Y181.77
G1 F600 X174.375 Y181.77 E857.59038
G1 X173.134 Y181.538 E857.63237
G1 X171.971 Y181.087 E857.67386
G1 X170.905 Y180.427 E857.71556
G1 X169.977 Y179.581 E857.75732
G1 X169.217 Y178.576 E857.79923
G1 X168.66 Y177.456 E857.84083
G1 X168.316 Y176.25 E857.88255
G1 X168.201 Y175 E857.9243
G1 X168.316 Y173.75 E857.96605
G1 X168.66 Y172.544 E858.00776
G1 X169.217 Y171.424 E858.04936
G1 X169.977 Y170.419 E858.09127
G1 X170.905 Y169.573 E858.13304
G1 X171.971 Y168.913 E858.17474
G1 X173.134 Y168.462 E858.21623
G1 X174.375 Y168.23 E858.25822
G1 X175.625 Y168.23 E858.29979
G1 X176.866 Y168.462 E858.34178
G1 X178.029 Y168.913 E858.38327
G1 X179.095 Y169.573 E858.42497
G1 X180.023 Y170.419 E858.46674
G1 X180.783 Y171.424 E858.50865
G1 X181.34 Y172.544 E858.55025
G1 X181.684 Y173.75 E858.59196
G1 X181.799 Y175 E858.63371
G1 X181.684 Y176.25 E858.67546
G1 X181.34 Y177.456 E858.71718
G1 X180.783 Y178.576 E858.75878
G1 X180.023 Y179.581 E858.80069
G1 X179.095 Y180.427 E858.84245
G1 X178.029 Y181.087 E858.88415
G1 X176.866 Y181.538 E858.92564
G1 X175.625 Y181.77 E858.96763
G0 F9000 X175.664 Y181.847
;MESH:NONMESH
G0 F300 X175.664 Y181.847 Z60.4
G0 F9000 X175.319 Y181.694
;TIME_ELAPSED:2619.819192
;LAYER:301
;TYPE:WALL-OUTER
;MESH:diffuser_reactor.stl
G1 F600 X176.579 Y181.512 E859.00998
G1 X177.783 Y181.096 E859.05234
G1 X178.887 Y180.459 E859.09474
G1 X179.849 Y179.625 E859.13708
G1 X180.637 Y178.623 E859.17948
G1 X181.22 Y177.491 E859.22183
G1 X181.58 Y176.268 E859.26423
G1 X181.701 Y175 E859.3066
G1 X181.58 Y173.732 E859.34897
G1 X181.22 Y172.509 E859.39137
G1 X180.637 Y171.377 E859.43372
G1 X179.849 Y170.375 E859.47612
G1 X178.887 Y169.541 E859.51846
G1 X177.783 Y168.904 E859.56086
G1 X176.579 Y168.488 E859.60322
G1 X175.319 Y168.306 E859.64557
G1 X174.046 Y168.367 E859.68796
G1 X172.808 Y168.667 E859.73032
G1 X171.65 Y169.197 E859.77268
G1 X170.611 Y169.936 E859.81509
G1 X169.733 Y170.858 E859.85743
G1 X169.044 Y171.93 E859.89982
G1 X168.57 Y173.112 E859.94217
G1 X168.329 Y174.363 E859.98455
G1 X168.329 Y175.637 E860.02692
G1 X168.57 Y176.888 E860.0693
G1 X169.044 Y178.07 E860.11165
G1 X169.733 Y179.142 E860.15404
G1 X170.611 Y180.064 E860.19638
G1 X171.65 Y180.803 E860.23879
G1 X172.808 Y181.333 E860.28115
G1 X174.046 Y181.633 E860.32351
G1 X175.319 Y181.694 E860.3659
G0 F9000 X175.625 Y181.77
G1 F600 X174.375 Y181.77 E860.40748
G1 X173.134 Y181.538 E860.44947
G1 X171.971 Y181.087 E860.49096
G1 X170.905 Y180.427 E860.53266
G1 X169.977 Y179.581 E860.57442
G1 X169.217 Y178.576 E860.61633
G1 X168.66 Y177.456 E860.65794
G1 X168.316 Y176.25 E860.69965
G1 X168.201 Y175 E860.7414
G1 X168.316 Y173.75 E860.78315
G1 X168.66 Y172.544 E860.82486
G1 X169.217 Y171.424 E860.86646
G1 X169.977 Y170.419 E860.90837
G1 X170.905 Y169.573 E860.95014
G1 X171.971 Y168.913 E860.99184
G1 X173.134 Y168.462 E861.03333
G1 X174.375 Y168.23 E861.07532
G1 X175.625 Y168.23 E861.11689
G1 X176.866 Y168.462 E861.15889
G1 X178.029 Y168.913 E861.20037
G1 X179.095 Y169.573 E861.24207
G1 X180.023 Y170.419 E861.28384
G1 X180.783 Y171.424 E861.32575
G1 X181.34 Y172.544 E861.36735
G1 X181.684 Y173.75 E861.40906
G1 X181.799 Y175 E861.45081
G1 X181.684 Y176.25 E861.49257
G1 X181.34 Y177.456 E861.53428
G1 X180.783 Y178.576 E861.57588
G1 X180.023 Y179.581 E861.61779
G1 X179.095 Y180.427 E861.65956
G1 X178.029 Y181.087 E861.70126
G1 X176.866 Y181.538 E861.74274
G1 X175.625 Y181.77 E861.78473
G0 F9000 X175.664 Y181.847
;MESH:NONMESH
G0 F300 X175.664 Y181.847 Z60.6
G0 F9000 X175.319 Y181.694
;TIME_ELAPSED:2628.463190
;LAYER:302
;TYPE:WALL-OUTER
;MESH:diffuser_reactor.stl
G1 F600 X176.579 Y181.512 E861.82708
G1 X177.783 Y181.096 E861.86945
G1 X178.887 Y180.459 E861.91184
G1 X179.849 Y179.625 E861.95419
G1 X180.637 Y178.623 E861.99658
G1 X181.22 Y177.491 E862.03893
G1 X181.58 Y176.268 E862.08134
G1 X181.701 Y175 E862.1237
G1 X181.58 Y173.732 E862.16607
G1 X181.22 Y172.509 E862.20847
G1 X180.637 Y171.377 E862.25082
G1 X179.849 Y170.375 E862.29322
G1 X178.887 Y169.541 E862.33556
G1 X177.783 Y168.904 E862.37796
G1 X176.579 Y168.488 E862.42033
G1 X175.319 Y168.306 E862.46267
G1 X174.046 Y168.367 E862.50506
G1 X172.808 Y168.667 E862.54742
G1 X171.65 Y169.197 E862.58978
G1 X170.611 Y169.936 E862.63219
G1 X169.733 Y170.858 E862.67454
G1 X169.044 Y171.93 E862.71692
G1 X168.57 Y173.112 E862.75928
G1 X168.329 Y174.363 E862.80165
G1 X168.329 Y175.637 E862.84402
G1 X168.57 Y176.888 E862.8864
G1 X169.044 Y178.07 E862.92875
G1 X169.733 Y179.142 E862.97114
G1 X170.611 Y180.064 E863.01348
G1 X171.65 Y180.803 E863.05589
G1 X172.808 Y181.333 E863.09825
G1 X174.046 Y181.633 E863.14062
G1 X175.319 Y181.694 E863.183
G0 F9000 X175.625 Y181.77
G1 F600 X174.375 Y181.77 E863.22458
G1 X173.134 Y181.538 E863.26657
G1 X171.971 Y181.087 E863.30806
G1 X170.905 Y180.427 E863.34976
G1 X169.977 Y179.581 E863.39153
G1 X169.217 Y178.576 E863.43343
G1 X168.66 Y177.456 E863.47504
G1 X168.316 Y176.25 E863.51675
G1 X168.201 Y175 E863.5585
G1 X168.316 Y173.75 E863.60025
G1 X168.66 Y172.544 E863.64196
G1 X169.217 Y171.424 E863.68357
G1 X169.977 Y170.419 E863.72547
G1 X170.905 Y169.573 E863.76724
G1 X171.971 Y168.913 E863.80894
G1 X173.134 Y168.462 E863.85043
G1 X174.375 Y168.23 E863.89242
G1 X175.625 Y168.23 E863.934
G1 X176.866 Y168.462 E863.97599
G1 X178.029 Y168.913 E864.01747
G1 X179.095 Y169.573 E864.05918
G1 X180.023 Y170.419 E864.10094
G1 X180.783 Y171.424 E864.14285
G1 X181.34 Y172.544 E864.18445
G1 X181.684 Y173.75 E864.22617
G1 X181.799 Y175 E864.26792
G1 X181.684 Y176.25 E864.30967
G1 X181.34 Y177.456 E864.35138
G1 X180.783 Y178.576 E864.39298
G1 X180.023 Y179.581 E864.43489
G1 X179.095 Y180.427 E864.47666
G1 X178.029 Y181.087 E864.51836
G1 X176.866 Y181.538 E864.55985
G1 X175.625 Y181.77 E864.60184
G0 F9000 X175.664 Y181.847
;MESH:NONMESH
G0 F300 X175.664 Y181.847 Z60.8
G0 F9000 X175.319 Y181.694
;TIME_ELAPSED:2637.107188
;LAYER:303
;TYPE:WALL-OUTER
;MESH:diffuser_reactor.stl
G1 F600 X176.579 Y181.512 E864.64418
G1 X177.783 Y181.096 E864.68655
G1 X178.887 Y180.459 E864.72894
G1 X179.849 Y179.625 E864.77129
G1 X180.637 Y178.623 E864.81368
G1 X181.22 Y177.491 E864.85603
G1 X181.58 Y176.268 E864.89844
G1 X181.701 Y175 E864.9408
G1 X181.58 Y173.732 E864.98317
G1 X181.22 Y172.509 E865.02557
G1 X180.637 Y171.377 E865.06792
G1 X179.849 Y170.375 E865.11032
G1 X178.887 Y169.541 E865.15267
G1 X177.783 Y168.904 E865.19506
G1 X176.579 Y168.488 E865.23743
G1 X175.319 Y168.306 E865.27977
G1 X174.046 Y168.367 E865.32216
G1 X172.808 Y168.667 E865.36453
G1 X171.65 Y169.197 E865.40688
G1 X170.611 Y169.936 E865.44929
G1 X169.733 Y170.858 E865.49164
G1 X169.044 Y171.93 E865.53402
G1 X168.57 Y173.112 E865.57638
G1 X168.329 Y174.363 E865.61875
G1 X168.329 Y175.637 E865.66112
G1 X168.57 Y176.888 E865.7035
G1 X169.044 Y178.07 E865.74585
G1 X169.733 Y179.142 E865.78824
G1 X170.611 Y180.064 E865.83059
G1 X171.65 Y180.803 E865.87299
G1 X172.808 Y181.333 E865.91535
G1 X174.046 Y181.633 E865.95772
G1 X175.319 Y181.694 E866.00011
G0 F9000 X175.625 Y181.77
G1 F600 X174.375 Y181.77 E866.04168
G1 X173.134 Y181.538 E866.08367
G1 X171.971 Y181.087 E866.12516
G1 X170.905 Y180.427 E866.16686
G1 X169.977 Y179.581 E866.20863
G1 X169.217 Y178.576 E866.25054
G1 X168.66 Y177.456 E866.29214
G1 X168.316 Y176.25 E866.33385
G1 X168.201 Y175 E866.3756
G1 X168.316 Y173.75 E866.41735
G1 X168.66 Y172.544 E866.45906
G1 X169.217 Y171.424 E866.50067
G1 X169.977 Y170.419 E866.54258
G1 X170.905 Y169.573 E866.58434
G1 X171.971 Y168.913 E866.62604
G1 X173.134 Y168.462 E866.66753
G1 X174.375 Y168.23 E866.70952
G1 X175.625 Y168.23 E866.7511
G1 X176.866 Y168.462 E866.79309
G1 X178.029 Y168.913 E866.83458
G1 X179.095 Y169.573 E866.87628
G1 X180.023 Y170.419 E866.91804
G1 X180.783 Y171.424 E866.95995
G1 X181.34 Y172.544 E867.00156
G1 X181.684 Y173.75 E867.04327
G1 X181.799 Y175 E867.08502
G1 X181.684 Y176.25 E867.12677
G1 X181.34 Y177.456 E867.16848
G1 X180.783 Y178.576 E867.21008
G1 X180.023 Y179.581 E867.25199
G1 X179.095 Y180.427 E867.29376
G1 X178.029 Y181.087 E867.33546
G1 X176.866 Y181.538 E867.37695
G1 X175.625 Y181.77 E867.41894
G0 F9000 X175.664 Y181.847
;MESH:NONMESH
G0 F300 X175.664 Y181.847 Z61
G0 F9000 X175.319 Y181.694
;TIME_ELAPSED:2645.751185
;LAYER:304
;TYPE:WALL-OUTER
;MESH:diffuser_reactor.stl
G1 F600 X176.579 Y181.512 E867.46128
G1 X177.783 Y181.096 E867.50365
G1 X178.887 Y180.459 E867.54604
G1 X179.849 Y179.625 E867.58839
G1 X180.637 Y178.623 E867.63079
G1 X181.22 Y177.491 E867.67314
G1 X181.58 Y176.268 E867.71554
G1 X181.701 Y175 E867.7579
G1 X181.58 Y173.732 E867.80027
G1 X181.22 Y172.509 E867.84267
G1 X180.637 Y171.377 E867.88502
G1 X179.849 Y170.375 E867.92742
G1 X178.887 Y169.541 E867.96977
G1 X177.783 Y168.904 E868.01216
G1 X176.579 Y168.488 E868.05453
G1 X175.319 Y168.306 E868.09687
G1 X174.046 Y168.367 E868.13926
G1 X172.808 Y168.667 E868.18163
G1 X171.65 Y169.197 E868.22399
G1 X170.611 Y169.936 E868.26639
G1 X169.733 Y170.858 E868.30874
G1 X169.044 Y171.93 E868.35112
G1 X168.57 Y173.112 E868.39348
G1 X168.329 Y174.363 E868.43585
G1 X168.329 Y175.637 E868.47823
G1 X168.57 Y176.888 E868.5206
G1 X169.044 Y178.07 E868.56296
G1 X169.733 Y179.142 E868.60534
G1 X170.611 Y180.064 E868.64769
G1 X171.65 Y180.803 E868.69009
G1 X172.808 Y181.333 E868.73245
G1 X174.046 Y181.633 E868.77482
G1 X175.319 Y181.694 E868.81721
G0 F9000 X175.625 Y181.77
G1 F600 X174.375 Y181.77 E868.85878
G1 X173.134 Y181.538 E868.90077
G1 X171.971 Y181.087 E868.94226
G1 X170.905 Y180.427 E868.98396
G1 X169.977 Y179.581 E869.02573
G1 X169.217 Y178.576 E869.06764
G1 X168.66 Y177.456 E869.10924
G1 X168.316 Y176.25 E869.15095
G1 X168.201 Y175 E869.1927
G1 X168.316 Y173.75 E869.23445
G1 X168.66 Y172.544 E869.27617
G1 X169.217 Y171.424 E869.31777
G1 X169.977 Y170.419 E869.35968
G1 X170.905 Y169.573 E869.40144
G1 X171.971 Y168.913 E869.44314
G1 X173.134 Y168.462 E869.48463
G1 X174.375 Y168.23 E869.52662
G1 X175.625 Y168.23 E869.5682
G1 X176.866 Y168.462 E869.61019
G1 X178.029 Y168.913 E869.65168
G1 X179.095 Y169.573 E869.69338
G1 X180.023 Y170.419 E869.73514
G1 X180.783 Y171.424 E869.77705
G1 X181.34 Y172.544 E869.81866
G1 X181.684 Y173.75 E869.86037
G1 X181.799 Y175 E869.90212
G1 X181.684 Y176.25 E869.94387
G1 X181.34 Y177.456 E869.98558
G1 X180.783 Y178.576 E870.02719
G1 X180.023 Y179.581 E870.06909
G1 X179.095 Y180.427 E870.11086
G1 X178.029 Y181.087 E870.15256
G1 X176.866 Y181.538 E870.19405
G1 X175.625 Y181.77 E870.23604
G0 F9000 X175.664 Y181.847
;MESH:NONMESH
G0 F300 X175.664 Y181.847 Z61.2
G0 F9000 X175.319 Y181.694
;TIME_ELAPSED:2654.395183
;LAYER:305
;TYPE:WALL-OUTER
;MESH:diffuser_reactor.stl
G1 F600 X176.579 Y181.512 E870.27838
G1 X177.783 Y181.096 E870.32075
G1 X178.887 Y180.459 E870.36314
G1 X179.849 Y179.625 E870.40549
G1 X180.637 Y178.623 E870.44789
G1 X181.22 Y177.491 E870.49024
G1 X181.58 Y176.268 E870.53264
G1 X181.701 Y175 E870.57501
G1 X181.58 Y173.732 E870.61737
G1 X181.22 Y172.509 E870.65977
G1 X180.637 Y171.377 E870.70212
G1 X179.849 Y170.375 E870.74452
G1 X178.887 Y169.541 E870.78687
G1 X177.783 Y168.904 E870.82926
G1 X176.579 Y168.488 E870.87163
G1 X175.319 Y168.306 E870.91397
G1 X174.046 Y168.367 E870.95636
G1 X172.808 Y168.667 E870.99873
G1 X171.65 Y169.197 E871.04109
G1 X170.611 Y169.936 E871.08349
G1 X169.733 Y170.858 E871.12584
G1 X169.044 Y171.93 E871.16822
G1 X168.57 Y173.112 E871.21058
G1 X168.329 Y174.363 E871.25295
G1 X168.329 Y175.637 E871.29533
G1 X168.57 Y176.888 E871.3377
G1 X169.044 Y178.07 E871.38006
G1 X169.733 Y179.142 E871.42244
G1 X170.611 Y180.064 E871.46479
G1 X171.65 Y180.803 E871.50719
G1 X172.808 Y181.333 E871.54955
G1 X174.046 Y181.633 E871.59192
G1 X175.319 Y181.694 E871.63431
G0 F9000 X175.625 Y181.77
G1 F600 X174.375 Y181.77 E871.67588
G1 X173.134 Y181.538 E871.71788
G1 X171.971 Y181.087 E871.75936
G1 X170.905 Y180.427 E871.80106
G1 X169.977 Y179.581 E871.84283
G1 X169.217 Y178.576 E871.88474
G1 X168.66 Y177.456 E871.92634
G1 X168.316 Y176.25 E871.96805
G1 X168.201 Y175 E872.0098
G1 X168.316 Y173.75 E872.05156
G1 X168.66 Y172.544 E872.09327
G1 X169.217 Y171.424 E872.13487
G1 X169.977 Y170.419 E872.17678
G1 X170.905 Y169.573 E872.21855
G1 X171.971 Y168.913 E872.26025
G1 X173.134 Y168.462 E872.30173
G1 X174.375 Y168.23 E872.34372
G1 X175.625 Y168.23 E872.3853
G1 X176.866 Y168.462 E872.42729
G1 X178.029 Y168.913 E872.46878
G1 X179.095 Y169.573 E872.51048
G1 X180.023 Y170.419 E872.55225
G1 X180.783 Y171.424 E872.59415
G1 X181.34 Y172.544 E872.63576
G1 X181.684 Y173.75 E872.67747
G1 X181.799 Y175 E872.71922
G1 X181.684 Y176.25 E872.76097
G1 X181.34 Y177.456 E872.80268
G1 X180.783 Y178.576 E872.84429
G1 X180.023 Y179.581 E872.88619
G1 X179.095 Y180.427 E872.92796
G1 X178.029 Y181.087 E872.96966
G1 X176.866 Y181.538 E873.01115
G1 X175.625 Y181.77 E873.05314
G0 F9000 X175.664 Y181.847
;MESH:NONMESH
G0 F300 X175.664 Y181.847 Z61.4
G0 F9000 X175.319 Y181.694
;TIME_ELAPSED:2663.039181
;LAYER:306
;TYPE:WALL-OUTER
;MESH:diffuser_reactor.stl
G1 F600 X176.579 Y181.512 E873.09548
G1 X177.783 Y181.096 E873.13785
G1 X178.887 Y180.459 E873.18024
G1 X179.849 Y179.625 E873.22259
G1 X180.637 Y178.623 E873.26499
G1 X181.22 Y177.491 E873.30734
G1 X181.58 Y176.268 E873.34974
G1 X181.701 Y175 E873.39211
G1 X181.58 Y173.732 E873.43447
G1 X181.22 Y172.509 E873.47688
G1 X180.637 Y171.377 E873.51923
G1 X179.849 Y170.375 E873.56162
G1 X178.887 Y169.541 E873.60397
G1 X177.783 Y168.904 E873.64636
G1 X176.579 Y168.488 E873.68873
G1 X175.319 Y168.306 E873.73107
G1 X174.046 Y168.367 E873.77346
G1 X172.808 Y168.667 E873.81583
G1 X171.65 Y169.197 E873.85819
G1 X170.611 Y169.936 E873.9006
G1 X169.733 Y170.858 E873.94294
G1 X169.044 Y171.93 E873.98533
G1 X168.57 Y173.112 E874.02768
G1 X168.329 Y174.363 E874.07006
G1 X168.329 Y175.637 E874.11243
G1 X168.57 Y176.888 E874.1548
G1 X169.044 Y178.07 E874.19716
G1 X169.733 Y179.142 E874.23954
G1 X170.611 Y180.064 E874.28189
G1 X171.65 Y180.803 E874.3243
G1 X172.808 Y181.333 E874.36665
G1 X174.046 Y181.633 E874.40902
G1 X175.319 Y181.694 E874.45141
G0 F9000 X175.625 Y181.77
G1 F600 X174.375 Y181.77 E874.49299
G1 X173.134 Y181.538 E874.53498
G1 X171.971 Y181.087 E874.57646
G1 X170.905 Y180.427 E874.61817
G1 X169.977 Y179.581 E874.65993
G1 X169.217 Y178.576 E874.70184
G1 X168.66 Y177.456 E874.74344
G1 X168.316 Y176.25 E874.78516
G1 X168.201 Y175 E874.82691
G1 X168.316 Y173.75 E874.86866
G1 X168.66 Y172.544 E874.91037
G1 X169.217 Y171.424 E874.95197
G1 X169.977 Y170.419 E874.99388
G1 X170.905 Y169.573 E875.03565
G1 X171.971 Y168.913 E875.07735
G1 X173.134 Y168.462 E875.11884
G1 X174.375 Y168.23 E875.16083
G1 X175.625 Y168.23 E875.2024
G1 X176.866 Y168.462 E875.24439
G1 X178.029 Y168.913 E875.28588
G1 X179.095 Y169.573 E875.32758
G1 X180.023 Y170.419 E875.36935
G1 X180.783 Y171.424 E875.41126
G1 X181.34 Y172.544 E875.45286
G1 X181.684 Y173.75 E875.49457
G1 X181.799 Y175 E875.53632
G1 X181.684 Y176.25 E875.57807
G1 X181.34 Y177.456 E875.61978
G1 X180.783 Y178.576 E875.66139
G1 X180.023 Y179.581 E875.7033
G1 X179.095 Y180.427 E875.74506
G1 X178.029 Y181.087 E875.78676
G1 X176.866 Y181.538 E875.82825
G1 X175.625 Y181.77 E875.87024
G0 F9000 X175.664 Y181.847
;MESH:NONMESH
G0 F300 X175.664 Y181.847 Z61.6
G0 F9000 X175.319 Y181.694
;TIME_ELAPSED:2671.683179
;LAYER:307
;TYPE:WALL-OUTER
;MESH:diffuser_reactor.stl
G1 F600 X176.579 Y181.512 E875.91259
G1 X177.783 Y181.096 E875.95495
G1 X178.887 Y180.459 E875.99735
G1 X179.849 Y179.625 E876.03969
G1 X180.637 Y178.623 E876.08209
G1 X181.22 Y177.491 E876.12444
G1 X181.58 Y176.268 E876.16684
G1 X181.701 Y175 E876.20921
G1 X181.58 Y173.732 E876.25157
G1 X181.22 Y172.509 E876.29398
G1 X180.637 Y171.377 E876.33633
G1 X179.849 Y170.375 E876.37873
G1 X178.887 Y169.541 E876.42107
G1 X177.783 Y168.904 E876.46346
G1 X176.579 Y168.488 E876.50583
G1 X175.319 Y168.306 E876.54818
G1 X174.046 Y168.367 E876.59056
G1 X172.808 Y168.667 E876.63293
G1 X171.65 Y169.197 E876.67529
G1 X170.611 Y169.936 E876.7177
G1 X169.733 Y170.858 E876.76004
G1 X169.044 Y171.93 E876.80243
G1 X168.57 Y173.112 E876.84478
G1 X168.329 Y174.363 E876.88716
G1 X168.329 Y175.637 E876.92953
G1 X168.57 Y176.888 E876.9719
G1 X169.044 Y178.07 E877.01426
G1 X169.733 Y179.142 E877.05665
G1 X170.611 Y180.064 E877.09899
G1 X171.65 Y180.803 E877.1414
G1 X172.808 Y181.333 E877.18376
G1 X174.046 Y181.633 E877.22612
G1 X175.319 Y181.694 E877.26851
G0 F9000 X175.625 Y181.77
G1 F600 X174.375 Y181.77 E877.31009
G1 X173.134 Y181.538 E877.35208
G1 X171.971 Y181.087 E877.39357
G1 X170.905 Y180.427 E877.43527
G1 X169.977 Y179.581 E877.47703
G1 X169.217 Y178.576 E877.51894
G1 X168.66 Y177.456 E877.56055
G1 X168.316 Y176.25 E877.60226
G1 X168.201 Y175 E877.64401
G1 X168.316 Y173.75 E877.68576
G1 X168.66 Y172.544 E877.72747
G1 X169.217 Y171.424 E877.76907
G1 X169.977 Y170.419 E877.81098
G1 X170.905 Y169.573 E877.85275
G1 X171.971 Y168.913 E877.89445
G1 X173.134 Y168.462 E877.93594
G1 X174.375 Y168.23 E877.97793
G1 X175.625 Y168.23 E878.0195
G1 X176.866 Y168.462 E878.06149
G1 X178.029 Y168.913 E878.10298
G1 X179.095 Y169.573 E878.14468
G1 X180.023 Y170.419 E878.18645
G1 X180.783 Y171.424 E878.22836
G1 X181.34 Y172.544 E878.26996
G1 X181.684 Y173.75 E878.31167
G1 X181.799 Y175 E878.35342
G1 X181.684 Y176.25 E878.39517
G1 X181.34 Y177.456 E878.43689
G1 X180.783 Y178.576 E878.47849
G1 X180.023 Y179.581 E878.5204
G1 X179.095 Y180.427 E878.56216
G1 X178.029 Y181.087 E878.60386
G1 X176.866 Y181.538 E878.64535
G1 X175.625 Y181.77 E878.68734
G0 F9000 X175.664 Y181.847
;MESH:NONMESH
G0 F300 X175.664 Y181.847 Z61.8
G0 F9000 X175.319 Y181.694
;TIME_ELAPSED:2680.327177
;LAYER:308
;TYPE:WALL-OUTER
;MESH:diffuser_reactor.stl
G1 F600 X176.579 Y181.512 E878.72969
G1 X177.783 Y181.096 E878.77205
G1 X178.887 Y180.459 E878.81445
G1 X179.849 Y179.625 E878.85679
G1 X180.637 Y178.623 E878.89919
G1 X181.22 Y177.491 E878.94154
G1 X181.58 Y176.268 E878.98395
G1 X181.701 Y175 E879.02631
G1 X181.58 Y173.732 E879.06868
G1 X181.22 Y172.509 E879.11108
G1 X180.637 Y171.377 E879.15343
G1 X179.849 Y170.375 E879.19583
G1 X178.887 Y169.541 E879.23817
G1 X177.783 Y168.904 E879.28057
G1 X176.579 Y168.488 E879.32293
G1 X175.319 Y168.306 E879.36528
G1 X174.046 Y168.367 E879.40767
G1 X172.808 Y168.667 E879.45003
G1 X171.65 Y169.197 E879.49239
G1 X170.611 Y169.936 E879.5348
G1 X169.733 Y170.858 E879.57714
G1 X169.044 Y171.93 E879.61953
G1 X168.57 Y173.112 E879.66189
G1 X168.329 Y174.363 E879.70426
G1 X168.329 Y175.637 E879.74663
G1 X168.57 Y176.888 E879.78901
G1 X169.044 Y178.07 E879.83136
G1 X169.733 Y179.142 E879.87375
G1 X170.611 Y180.064 E879.91609
G1 X171.65 Y180.803 E879.9585
G1 X172.808 Y181.333 E880.00086
G1 X174.046 Y181.633 E880.04322
G1 X175.319 Y181.694 E880.08561
G0 F9000 X175.625 Y181.77
G1 F600 X174.375 Y181.77 E880.12719
G1 X173.134 Y181.538 E880.16918
G1 X171.971 Y181.087 E880.21067
G1 X170.905 Y180.427 E880.25237
G1 X169.977 Y179.581 E880.29413
G1 X169.217 Y178.576 E880.33604
G1 X168.66 Y177.456 E880.37765
G1 X168.316 Y176.25 E880.41936
G1 X168.201 Y175 E880.46111
G1 X168.316 Y173.75 E880.50286
G1 X168.66 Y172.544 E880.54457
G1 X169.217 Y171.424 E880.58618
G1 X169.977 Y170.419 E880.62808
G1 X170.905 Y169.573 E880.66985
G1 X171.971 Y168.913 E880.71155
G1 X173.134 Y168.462 E880.75304
G1 X174.375 Y168.23 E880.79503
G1 X175.625 Y168.23 E880.8366
G1 X176.866 Y168.462 E880.8786
G1 X178.029 Y168.913 E880.92008
G1 X179.095 Y169.573 E880.96178
G1 X180.023 Y170.419 E881.00355
G1 X180.783 Y171.424 E881.04546
G1 X181.34 Y172.544 E881.08706
G1 X181.684 Y173.75 E881.12877
G1 X181.799 Y175 E881.17052
G1 X181.684 Y176.25 E881.21228
G1 X181.34 Y177.456 E881.25399
G1 X180.783 Y178.576 E881.29559
G1 X180.023 Y179.581 E881.3375
G1 X179.095 Y180.427 E881.37927
G1 X178.029 Y181.087 E881.42097
G1 X176.866 Y181.538 E881.46245
G1 X175.625 Y181.77 E881.50445
G0 F9000 X175.664 Y181.847
;MESH:NONMESH
G0 F300 X175.664 Y181.847 Z62
G0 F9000 X175.319 Y181.694
;TIME_ELAPSED:2688.971175
;LAYER:309
;TYPE:WALL-OUTER
;MESH:diffuser_reactor.stl
G1 F600 X176.579 Y181.512 E881.54679
G1 X177.783 Y181.096 E881.58916
G1 X178.887 Y180.459 E881.63155
G1 X179.849 Y179.625 E881.6739
G1 X180.637 Y178.623 E881.71629
G1 X181.22 Y177.491 E881.75864
G1 X181.58 Y176.268 E881.80105
G1 X181.701 Y175 E881.84341
G1 X181.58 Y173.732 E881.88578
G1 X181.22 Y172.509 E881.92818
G1 X180.637 Y171.377 E881.97053
G1 X179.849 Y170.375 E882.01293
G1 X178.887 Y169.541 E882.05527
G1 X177.783 Y168.904 E882.09767
G1 X176.579 Y168.488 E882.14004
G1 X175.319 Y168.306 E882.18238
G1 X174.046 Y168.367 E882.22477
G1 X172.808 Y168.667 E882.26714
G1 X171.65 Y169.197 E882.30949
G1 X170.611 Y169.936 E882.3519
G1 X169.733 Y170.858 E882.39425
G1 X169.044 Y171.93 E882.43663
G1 X168.57 Y173.112 E882.47899
G1 X168.329 Y174.363 E882.52136
G1 X168.329 Y175.637 E882.56373
G1 X168.57 Y176.888 E882.60611
G1 X169.044 Y178.07 E882.64846
G1 X169.733 Y179.142 E882.69085
G1 X170.611 Y180.064 E882.73319
G1 X171.65 Y180.803 E882.7756
G1 X172.808 Y181.333 E882.81796
G1 X174.046 Y181.633 E882.86033
G1 X175.319 Y181.694 E882.90271
G0 F9000 X175.625 Y181.77
G1 F600 X174.375 Y181.77 E882.94429
G1 X173.134 Y181.538 E882.98628
G1 X171.971 Y181.087 E883.02777
G1 X170.905 Y180.427 E883.06947
G1 X169.977 Y179.581 E883.11124
G1 X169.217 Y178.576 E883.15314
G1 X168.66 Y177.456 E883.19475
G1 X168.316 Y176.25 E883.23646
G1 X168.201 Y175 E883.27821
G1 X168.316 Y173.75 E883.31996
G1 X168.66 Y172.544 E883.36167
G1 X169.217 Y171.424 E883.40328
G1 X169.977 Y170.419 E883.44518
G1 X170.905 Y169.573 E883.48695
G1 X171.971 Y168.913 E883.52865
G1 X173.134 Y168.462 E883.57014
G1 X174.375 Y168.23 E883.61213
G1 X175.625 Y168.23 E883.65371
G1 X176.866 Y168.462 E883.6957
G1 X178.029 Y168.913 E883.73719
G1 X179.095 Y169.573 E883.77889
G1 X180.023 Y170.419 E883.82065
G1 X180.783 Y171.424 E883.86256
G1 X181.34 Y172.544 E883.90416
G1 X181.684 Y173.75 E883.94588
G1 X181.799 Y175 E883.98763
G1 X181.684 Y176.25 E884.02938
G1 X181.34 Y177.456 E884.07109
G1 X180.783 Y178.576 E884.11269
G1 X180.023 Y179.581 E884.1546
G1 X179.095 Y180.427 E884.19637
G1 X178.029 Y181.087 E884.23807
G1 X176.866 Y181.538 E884.27956
G1 X175.625 Y181.77 E884.32155
G0 F9000 X175.664 Y181.847
;MESH:NONMESH
G0 F300 X175.664 Y181.847 Z62.2
G0 F9000 X175.319 Y181.694
;TIME_ELAPSED:2697.615173
;LAYER:310
;TYPE:WALL-OUTER
;MESH:diffuser_reactor.stl
G1 F600 X176.579 Y181.512 E884.36389
G1 X177.783 Y181.096 E884.40626
G1 X178.887 Y180.459 E884.44865
G1 X179.849 Y179.625 E884.491
G1 X180.637 Y178.623 E884.53339
G1 X181.22 Y177.491 E884.57575
G1 X181.58 Y176.268 E884.61815
G1 X181.701 Y175 E884.66051
G1 X181.58 Y173.732 E884.70288
G1 X181.22 Y172.509 E884.74528
G1 X180.637 Y171.377 E884.78763
G1 X179.849 Y170.375 E884.83003
G1 X178.887 Y169.541 E884.87238
G1 X177.783 Y168.904 E884.91477
G1 X176.579 Y168.488 E884.95714
G1 X175.319 Y168.306 E884.99948
G1 X174.046 Y168.367 E885.04187
G1 X172.808 Y168.667 E885.08424
G1 X171.65 Y169.197 E885.12659
G1 X170.611 Y169.936 E885.169
G1 X169.733 Y170.858 E885.21135
G1 X169.044 Y171.93 E885.25373
G1 X168.57 Y173.112 E885.29609
G1 X168.329 Y174.363 E885.33846
G1 X168.329 Y175.637 E885.38084
G1 X168.57 Y176.888 E885.42321
G1 X169.044 Y178.07 E885.46557
G1 X169.733 Y179.142 E885.50795
G1 X170.611 Y180.064 E885.5503
G1 X171.65 Y180.803 E885.5927
G1 X172.808 Y181.333 E885.63506
G1 X174.046 Y181.633 E885.67743
G1 X175.319 Y181.694 E885.71982
G0 F9000 X175.625 Y181.77
G1 F600 X174.375 Y181.77 E885.76139
G1 X173.134 Y181.538 E885.80338
G1 X171.971 Y181.087 E885.84487
G1 X170.905 Y180.427 E885.88657
G1 X169.977 Y179.581 E885.92834
G1 X169.217 Y178.576 E885.97025
G1 X168.66 Y177.456 E886.01185
G1 X168.316 Y176.25 E886.05356
G1 X168.201 Y175 E886.09531
G1 X168.316 Y173.75 E886.13706
G1 X168.66 Y172.544 E886.17877
G1 X169.217 Y171.424 E886.22038
G1 X169.977 Y170.419 E886.26229
G1 X170.905 Y169.573 E886.30405
G1 X171.971 Y168.913 E886.34575
G1 X173.134 Y168.462 E886.38724
G1 X174.375 Y168.23 E886.42923
G1 X175.625 Y168.23 E886.47081
G1 X176.866 Y168.462 E886.5128
G1 X178.029 Y168.913 E886.55429
G1 X179.095 Y169.573 E886.59599
G1 X180.023 Y170.419 E886.63775
G1 X180.783 Y171.424 E886.67966
G1 X181.34 Y172.544 E886.72127
G1 X181.684 Y173.75 E886.76298
G1 X181.799 Y175 E886.80473
G1 X181.684 Y176.25 E886.84648
G1 X181.34 Y177.456 E886.88819
G1 X180.783 Y178.576 E886.92979
G1 X180.023 Y179.581 E886.9717
G1 X179.095 Y180.427 E887.01347
G1 X178.029 Y181.087 E887.05517
G1 X176.866 Y181.538 E887.09666
G1 X175.625 Y181.77 E887.13865
G0 F9000 X175.664 Y181.847
;MESH:NONMESH
G0 F300 X175.664 Y181.847 Z62.4
G0 F9000 X175.319 Y181.694
;TIME_ELAPSED:2706.259171
;LAYER:311
;TYPE:WALL-OUTER
;MESH:diffuser_reactor.stl
G1 F600 X176.579 Y181.512 E887.18099
G1 X177.783 Y181.096 E887.22336
G1 X178.887 Y180.459 E887.26575
G1 X179.849 Y179.625 E887.3081
G1 X180.637 Y178.623 E887.3505
G1 X181.22 Y177.491 E887.39285
G1 X181.58 Y176.268 E887.43525
G1 X181.701 Y175 E887.47762
G1 X181.58 Y173.732 E887.51998
G1 X181.22 Y172.509 E887.56238
G1 X180.637 Y171.377 E887.60473
G1 X179.849 Y170.375 E887.64713
G1 X178.887 Y169.541 E887.68948
G1 X177.783 Y168.904 E887.73187
G1 X176.579 Y168.488 E887.77424
G1 X175.319 Y168.306 E887.81658
G1 X174.046 Y168.367 E887.85897
G1 X172.808 Y168.667 E887.90134
G1 X171.65 Y169.197 E887.9437
G1 X170.611 Y169.936 E887.9861
G1 X169.733 Y170.858 E888.02845
G1 X169.044 Y171.93 E888.07083
G1 X168.57 Y173.112 E888.11319
G1 X168.329 Y174.363 E888.15556
G1 X168.329 Y175.637 E888.19794
G1 X168.57 Y176.888 E888.24031
G1 X169.044 Y178.07 E888.28267
G1 X169.733 Y179.142 E888.32505
G1 X170.611 Y180.064 E888.3674
G1 X171.65 Y180.803 E888.4098
G1 X172.808 Y181.333 E888.45216
G1 X174.046 Y181.633 E888.49453
G1 X175.319 Y181.694 E888.53692
G0 F9000 X175.625 Y181.77
G1 F600 X174.375 Y181.77 E888.57849
G1 X173.134 Y181.538 E888.62048
G1 X171.971 Y181.087 E888.66197
G1 X170.905 Y180.427 E888.70367
G1 X169.977 Y179.581 E888.74544
G1 X169.217 Y178.576 E888.78735
G1 X168.66 Y177.456 E888.82895
G1 X168.316 Y176.25 E888.87066
G1 X168.201 Y175 E888.91241
G1 X168.316 Y173.75 E888.95416
G1 X168.66 Y172.544 E888.99588
G1 X169.217 Y171.424 E889.03748
G1 X169.977 Y170.419 E889.07939
G1 X170.905 Y169.573 E889.12115
G1 X171.971 Y168.913 E889.16285
G1 X173.134 Y168.462 E889.20434
G1 X174.375 Y168.23 E889.24633
G1 X175.625 Y168.23 E889.28791
G1 X176.866 Y168.462 E889.3299
G1 X178.029 Y168.913 E889.37139
G1 X179.095 Y169.573 E889.41309
G1 X180.023 Y170.419 E889.45486
G1 X180.783 Y171.424 E889.49676
G1 X181.34 Y172.544 E889.53837
G1 X181.684 Y173.75 E889.58008
G1 X181.799 Y175 E889.62183
G1 X181.684 Y176.25 E889.66358
G1 X181.34 Y177.456 E889.70529
G1 X180.783 Y178.576 E889.7469
G1 X180.023 Y179.581 E889.7888
G1 X179.095 Y180.427 E889.83057
G1 X178.029 Y181.087 E889.87227
G1 X176.866 Y181.538 E889.91376
G1 X175.625 Y181.77 E889.95575
G0 F9000 X175.664 Y181.847
;MESH:NONMESH
G0 F300 X175.664 Y181.847 Z62.6
G0 F9000 X175.319 Y181.694
;TIME_ELAPSED:2714.903169
;LAYER:312
;TYPE:WALL-OUTER
;MESH:diffuser_reactor.stl
G1 F600 X176.579 Y181.512 E889.99809
G1 X177.783 Y181.096 E890.04046
G1 X178.887 Y180.459 E890.08285
G1 X179.849 Y179.625 E890.1252
G1 X180.637 Y178.623 E890.1676
G1 X181.22 Y177.491 E890.20995
G1 X181.58 Y176.268 E890.25235
G1 X181.701 Y175 E890.29472
G1 X181.58 Y173.732 E890.33708
G1 X181.22 Y172.509 E890.37948
G1 X180.637 Y171.377 E890.42184
G1 X179.849 Y170.375 E890.46423
G1 X178.887 Y169.541 E890.50658
G1 X177.783 Y168.904 E890.54897
G1 X176.579 Y168.488 E890.59134
G1 X175.319 Y168.306 E890.63368
G1 X174.046 Y168.367 E890.67607
G1 X172.808 Y168.667 E890.71844
G1 X171.65 Y169.197 E890.7608
G1 X170.611 Y169.936 E890.8032
G1 X169.733 Y170.858 E890.84555
G1 X169.044 Y171.93 E890.88793
G1 X168.57 Y173.112 E890.93029
G1 X168.329 Y174.363 E890.97266
G1 X168.329 Y175.637 E891.01504
G1 X168.57 Y176.888 E891.05741
G1 X169.044 Y178.07 E891.09977
G1 X169.733 Y179.142 E891.14215
G1 X170.611 Y180.064 E891.1845
G1 X171.65 Y180.803 E891.22691
G1 X172.808 Y181.333 E891.26926
G1 X174.046 Y181.633 E891.31163
G1 X175.319 Y181.694 E891.35402
G0 F9000 X175.625 Y181.77
G1 F600 X174.375 Y181.77 E891.39559
G1 X173.134 Y181.538 E891.43759
G1 X171.971 Y181.087 E891.47907
G1 X170.905 Y180.427 E891.52077
G1 X169.977 Y179.581 E891.56254
G1 X169.217 Y178.576 E891.60445
G1 X168.66 Y177.456 E891.64605
G1 X168.316 Y176.25 E891.68776
G1 X168.201 Y175 E891.72951
G1 X168.316 Y173.75 E891.77127
G1 X168.66 Y172.544 E891.81298
G1 X169.217 Y171.424 E891.85458
G1 X169.977 Y170.419 E891.89649
G1 X170.905 Y169.573 E891.93826
G1 X171.971 Y168.913 E891.97996
G1 X173.134 Y168.462 E892.02144
G1 X174.375 Y168.23 E892.06344
G1 X175.625 Y168.23 E892.10501
G1 X176.866 Y168.462 E892.147
G1 X178.029 Y168.913 E892.18849
G1 X179.095 Y169.573 E892.23019
G1 X180.023 Y170.419 E892.27196
G1 X180.783 Y171.424 E892.31386
G1 X181.34 Y172.544 E892.35547
G1 X181.684 Y173.75 E892.39718
G1 X181.799 Y175 E892.43893
G1 X181.684 Y176.25 E892.48068
G1 X181.34 Y177.456 E892.52239
G1 X180.783 Y178.576 E892.564
G1 X180.023 Y179.581 E892.60591
G1 X179.095 Y180.427 E892.64767
G1 X178.029 Y181.087 E892.68937
G1 X176.866 Y181.538 E892.73086
G1 X175.625 Y181.77 E892.77285
G0 F9000 X175.664 Y181.847
;MESH:NONMESH
G0 F300 X175.664 Y181.847 Z62.8
G0 F9000 X175.319 Y181.694
;TIME_ELAPSED:2723.547167
;LAYER:313
;TYPE:WALL-OUTER
;MESH:diffuser_reactor.stl
G1 F600 X176.579 Y181.512 E892.81519
G1 X177.783 Y181.096 E892.85756
G1 X178.887 Y180.459 E892.89996
G1 X179.849 Y179.625 E892.9423
G1 X180.637 Y178.623 E892.9847
G1 X181.22 Y177.491 E893.02705
G1 X181.58 Y176.268 E893.06945
G1 X181.701 Y175 E893.11182
G1 X181.58 Y173.732 E893.15418
G1 X181.22 Y172.509 E893.19659
G1 X180.637 Y171.377 E893.23894
G1 X179.849 Y170.375 E893.28133
G1 X178.887 Y169.541 E893.32368
G1 X177.783 Y168.904 E893.36607
G1 X176.579 Y168.488 E893.40844
G1 X175.319 Y168.306 E893.45078
G1 X174.046 Y168.367 E893.49317
G1 X172.808 Y168.667 E893.53554
G1 X171.65 Y169.197 E893.5779
G1 X170.611 Y169.936 E893.62031
G1 X169.733 Y170.858 E893.66265
G1 X169.044 Y171.93 E893.70504
G1 X168.57 Y173.112 E893.74739
G1 X168.329 Y174.363 E893.78977
G1 X168.329 Y175.637 E893.83214
G1 X168.57 Y176.888 E893.87451
G1 X169.044 Y178.07 E893.91687
G1 X169.733 Y179.142 E893.95925
G1 X170.611 Y180.064 E894.0016
G1 X171.65 Y180.803 E894.04401
G1 X172.808 Y181.333 E894.08636
G1 X174.046 Y181.633 E894.12873
G1 X175.319 Y181.694 E894.17112
G0 F9000 X175.625 Y181.77
G1 F600 X174.375 Y181.77 E894.2127
G1 X173.134 Y181.538 E894.25469
G1 X171.971 Y181.087 E894.29618
G1 X170.905 Y180.427 E894.33788
G1 X169.977 Y179.581 E894.37964
G1 X169.217 Y178.576 E894.42155
G1 X168.66 Y177.456 E894.46315
G1 X168.316 Y176.25 E894.50487
G1 X168.201 Y175 E894.54662
G1 X168.316 Y173.75 E894.58837
G1 X168.66 Y172.544 E894.63008
G1 X169.217 Y171.424 E894.67168
G1 X169.977 Y170.419 E894.71359
G1 X170.905 Y169.573 E894.75536
G1 X171.971 Y168.913 E894.79706
G1 X173.134 Y168.462 E894.83855
G1 X174.375 Y168.23 E894.88054
G1 X175.625 Y168.23 E894.92211
G1 X176.866 Y168.462 E894.9641
G1 X178.029 Y168.913 E895.00559
G1 X179.095 Y169.573 E895.04729
G1 X180.023 Y170.419 E895.08906
G1 X180.783 Y171.424 E895.13097
G1 X181.34 Y172.544 E895.17257
G1 X181.684 Y173.75 E895.21428
G1 X181.799 Y175 E895.25603
G1 X181.684 Y176.25 E895.29778
G1 X181.34 Y177.456 E895.33949
G1 X180.783 Y178.576 E895.3811
G1 X180.023 Y179.581 E895.42301
G1 X179.095 Y180.427 E895.46477
G1 X178.029 Y181.087 E895.50647
G1 X176.866 Y181.538 E895.54796
G1 X175.625 Y181.77 E895.58995
G0 F9000 X175.664 Y181.847
;MESH:NONMESH
G0 F300 X175.664 Y181.847 Z63
G0 F9000 X175.319 Y181.694
;TIME_ELAPSED:2732.191165
;LAYER:314
;TYPE:WALL-OUTER
;MESH:diffuser_reactor.stl
G1 F600 X176.579 Y181.512 E895.6323
G1 X177.783 Y181.096 E895.67466
G1 X178.887 Y180.459 E895.71706
G1 X179.849 Y179.625 E895.7594
G1 X180.637 Y178.623 E895.8018
G1 X181.22 Y177.491 E895.84415
G1 X181.58 Y176.268 E895.88655
G1 X181.701 Y175 E895.92892
G1 X181.58 Y173.732 E895.97128
G1 X181.22 Y172.509 E896.01369
G1 X180.637 Y171.377 E896.05604
G1 X179.849 Y170.375 E896.09844
G1 X178.887 Y169.541 E896.14078
G1 X177.783 Y168.904 E896.18318
G1 X176.579 Y168.488 E896.22554
G1 X175.319 Y168.306 E896.26789
G1 X174.046 Y168.367 E896.31027
G1 X172.808 Y168.667 E896.35264
G1 X171.65 Y169.197 E896.395
G1 X170.611 Y169.936 E896.43741
G1 X169.733 Y170.858 E896.47975
G1 X169.044 Y171.93 E896.52214
G1 X168.57 Y173.112 E896.56449
G1 X168.329 Y174.363 E896.60687
G1 X168.329 Y175.637 E896.64924
G1 X168.57 Y176.888 E896.69161
G1 X169.044 Y178.07 E896.73397
G1 X169.733 Y179.142 E896.77636
G1 X170.611 Y180.064 E896.8187
G1 X171.65 Y180.803 E896.86111
G1 X172.808 Y181.333 E896.90347
G1 X174.046 Y181.633 E896.94583
G1 X175.319 Y181.694 E896.98822
G0 F9000 X175.625 Y181.77
G1 F600 X174.375 Y181.77 E897.0298
G1 X173.134 Y181.538 E897.07179
G1 X171.971 Y181.087 E897.11328
G1 X170.905 Y180.427 E897.15498
G1 X169.977 Y179.581 E897.19674
G1 X169.217 Y178.576 E897.23865
G1 X168.66 Y177.456 E897.28026
G1 X168.316 Y176.25 E897.32197
G1 X168.201 Y175 E897.36372
G1 X168.316 Y173.75 E897.40547
G1 X168.66 Y172.544 E897.44718
G1 X169.217 Y171.424 E897.48878
G1 X169.977 Y170.419 E897.53069
G1 X170.905 Y169.573 E897.57246
G1 X171.971 Y168.913 E897.61416
G1 X173.134 Y168.462 E897.65565
G1 X174.375 Y168.23 E897.69764
G1 X175.625 Y168.23 E897.73921
G1 X176.866 Y168.462 E897.7812
G1 X178.029 Y168.913 E897.82269
G1 X179.095 Y169.573 E897.86439
G1 X180.023 Y170.419 E897.90616
G1 X180.783 Y171.424 E897.94807
G1 X181.34 Y172.544 E897.98967
G1 X181.684 Y173.75 E898.03138
G1 X181.799 Y175 E898.07313
G1 X181.684 Y176.25 E898.11488
G1 X181.34 Y177.456 E898.1566
G1 X180.783 Y178.576 E898.1982
G1 X180.023 Y179.581 E898.24011
G1 X179.095 Y180.427 E898.28187
G1 X178.029 Y181.087 E898.32358
G1 X176.866 Y181.538 E898.36506
G1 X175.625 Y181.77 E898.40705
G0 F9000 X175.664 Y181.847
;MESH:NONMESH
G0 F300 X175.664 Y181.847 Z63.2
G0 F9000 X175.319 Y181.694
;TIME_ELAPSED:2740.835163
;LAYER:315
;TYPE:WALL-OUTER
;MESH:diffuser_reactor.stl
G1 F600 X176.579 Y181.512 E898.4494
G1 X177.783 Y181.096 E898.49177
G1 X178.887 Y180.459 E898.53416
G1 X179.849 Y179.625 E898.5765
G1 X180.637 Y178.623 E898.6189
G1 X181.22 Y177.491 E898.66125
G1 X181.58 Y176.268 E898.70366
G1 X181.701 Y175 E898.74602
G1 X181.58 Y173.732 E898.78839
G1 X181.22 Y172.509 E898.83079
G1 X180.637 Y171.377 E898.87314
G1 X179.849 Y170.375 E898.91554
G1 X178.887 Y169.541 E898.95788
G1 X177.783 Y168.904 E899.00028
G1 X176.579 Y168.488 E899.04264
G1 X175.319 Y168.306 E899.08499
G1 X174.046 Y168.367 E899.12738
G1 X172.808 Y168.667 E899.16974
G1 X171.65 Y169.197 E899.2121
G1 X170.611 Y169.936 E899.25451
G1 X169.733 Y170.858 E899.29685
G1 X169.044 Y171.93 E899.33924
G1 X168.57 Y173.112 E899.3816
G1 X168.329 Y174.363 E899.42397
G1 X168.329 Y175.637 E899.46634
G1 X168.57 Y176.888 E899.50872
G1 X169.044 Y178.07 E899.55107
G1 X169.733 Y179.142 E899.59346
G1 X170.611 Y180.064 E899.6358
G1 X171.65 Y180.803 E899.67821
G1 X172.808 Y181.333 E899.72057
G1 X174.046 Y181.633 E899.76294
G1 X175.319 Y181.694 E899.80532
G0 F9000 X175.625 Y181.77
G1 F600 X174.375 Y181.77 E899.8469
G1 X173.134 Y181.538 E899.88889
G1 X171.971 Y181.087 E899.93038
G1 X170.905 Y180.427 E899.97208
G1 X169.977 Y179.581 E900.01385
G1 X169.217 Y178.576 E900.05575
G1 X168.66 Y177.456 E900.09736
G1 X168.316 Y176.25 E900.13907
G1 X168.201 Y175 E900.18082
G1 X168.316 Y173.75 E900.22257
G1 X168.66 Y172.544 E900.26428
G1 X169.217 Y171.424 E900.30589
G1 X169.977 Y170.419 E900.34779
G1 X170.905 Y169.573 E900.38956
G1 X171.971 Y168.913 E900.43126
G1 X173.134 Y168.462 E900.47275
G1 X174.375 Y168.23 E900.51474
G1 X175.625 Y168.23 E900.55631
G1 X176.866 Y168.462 E900.59831
G1 X178.029 Y168.913 E900.63979
G1 X179.095 Y169.573 E900.68149
G1 X180.023 Y170.419 E900.72326
G1 X180.783 Y171.424 E900.76517
G1 X181.34 Y172.544 E900.80677
G1 X181.684 Y173.75 E900.84848
G1 X181.799 Y175 E900.89024
G1 X181.684 Y176.25 E900.93199
G1 X181.34 Y177.456 E900.9737
G1 X180.783 Y178.576 E901.0153
G1 X180.023 Y179.581 E901.05721
G1 X179.095 Y180.427 E901.09898
G1 X178.029 Y181.087 E901.14068
G1 X176.866 Y181.538 E901.18216
G1 X175.625 Y181.77 E901.22416
G0 F9000 X175.664 Y181.847
;MESH:NONMESH
G0 F300 X175.664 Y181.847 Z63.4
G0 F9000 X175.319 Y181.694
;TIME_ELAPSED:2749.479161
;LAYER:316
;TYPE:WALL-OUTER
;MESH:diffuser_reactor.stl
G1 F600 X176.579 Y181.512 E901.2665
G1 X177.783 Y181.096 E901.30887
G1 X178.887 Y180.459 E901.35126
G1 X179.849 Y179.625 E901.39361
G1 X180.637 Y178.623 E901.436
G1 X181.22 Y177.491 E901.47835
G1 X181.58 Y176.268 E901.52076
G1 X181.701 Y175 E901.56312
G1 X181.58 Y173.732 E901.60549
G1 X181.22 Y172.509 E901.64789
G1 X180.637 Y171.377 E901.69024
G1 X179.849 Y170.375 E901.73264
G1 X178.887 Y169.541 E901.77499
G1 X177.783 Y168.904 E901.81738
G1 X176.579 Y168.488 E901.85975
G1 X175.319 Y168.306 E901.90209
G1 X174.046 Y168.367 E901.94448
G1 X172.808 Y168.667 E901.98685
G1 X171.65 Y169.197 E902.0292
G1 X170.611 Y169.936 E902.07161
G1 X169.733 Y170.858 E902.11396
G1 X169.044 Y171.93 E902.15634
G1 X168.57 Y173.112 E902.1987
G1 X168.329 Y174.363 E902.24107
G1 X168.329 Y175.637 E902.28344
G1 X168.57 Y176.888 E902.32582
G1 X169.044 Y178.07 E902.36817
G1 X169.733 Y179.142 E902.41056
G1 X170.611 Y180.064 E902.4529
G1 X171.65 Y180.803 E902.49531
G1 X172.808 Y181.333 E902.53767
G1 X174.046 Y181.633 E902.58004
G1 X175.319 Y181.694 E902.62243
G0 F9000 X175.625 Y181.77
G1 F600 X174.375 Y181.77 E902.664
G1 X173.134 Y181.538 E902.70599
G1 X171.971 Y181.087 E902.74748
G1 X170.905 Y180.427 E902.78918
G1 X169.977 Y179.581 E902.83095
G1 X169.217 Y178.576 E902.87285
G1 X168.66 Y177.456 E902.91446
G1 X168.316 Y176.25 E902.95617
G1 X168.201 Y175 E902.99792
G1 X168.316 Y173.75 E903.03967
G1 X168.66 Y172.544 E903.08138
G1 X169.217 Y171.424 E903.12299
G1 X169.977 Y170.419 E903.1649
G1 X170.905 Y169.573 E903.20666
G1 X171.971 Y168.913 E903.24836
G1 X173.134 Y168.462 E903.28985
G1 X174.375 Y168.23 E903.33184
G1 X175.625 Y168.23 E903.37342
G1 X176.866 Y168.462 E903.41541
G1 X178.029 Y168.913 E903.4569
G1 X179.095 Y169.573 E903.4986
G1 X180.023 Y170.419 E903.54036
G1 X180.783 Y171.424 E903.58227
G1 X181.34 Y172.544 E903.62387
G1 X181.684 Y173.75 E903.66559
G1 X181.799 Y175 E903.70734
G1 X181.684 Y176.25 E903.74909
G1 X181.34 Y177.456 E903.7908
G1 X180.783 Y178.576 E903.8324
G1 X180.023 Y179.581 E903.87431
G1 X179.095 Y180.427 E903.91608
G1 X178.029 Y181.087 E903.95778
G1 X176.866 Y181.538 E903.99927
G1 X175.625 Y181.77 E904.04126
G0 F9000 X175.664 Y181.847
;MESH:NONMESH
G0 F300 X175.664 Y181.847 Z63.6
G0 F9000 X175.319 Y181.694
;TIME_ELAPSED:2758.123159
;LAYER:317
;TYPE:WALL-OUTER
;MESH:diffuser_reactor.stl
G1 F600 X176.579 Y181.512 E904.0836
G1 X177.792 Y181.092 E904.12629
G1 X178.887 Y180.459 E904.16836
G1 X179.849 Y179.625 E904.21071
G1 X180.637 Y178.623 E904.25311
G1 X181.22 Y177.491 E904.29546
G1 X181.58 Y176.268 E904.33786
G1 X181.701 Y175 E904.38022
G1 X181.578 Y173.723 E904.42289
G1 X181.22 Y172.509 E904.46499
G1 X180.637 Y171.377 E904.50734
G1 X179.849 Y170.375 E904.54974
G1 X178.887 Y169.541 E904.59209
G1 X177.783 Y168.904 E904.63448
G1 X176.579 Y168.488 E904.67685
G1 X175.319 Y168.306 E904.71919
G1 X174.046 Y168.367 E904.76158
G1 X172.808 Y168.667 E904.80395
G1 X171.65 Y169.197 E904.8463
G1 X170.611 Y169.936 E904.88871
G1 X169.733 Y170.858 E904.93106
G1 X169.044 Y171.93 E904.97344
G1 X168.57 Y173.112 E905.0158
G1 X168.329 Y174.363 E905.05817
G1 X168.33 Y175.646 E905.10084
G1 X168.57 Y176.888 E905.14292
G1 X169.044 Y178.07 E905.18527
G1 X169.733 Y179.142 E905.22766
G1 X170.611 Y180.064 E905.27
G1 X171.65 Y180.803 E905.31241
G1 X172.808 Y181.333 E905.35477
G1 X174.046 Y181.633 E905.39714
G1 X175.319 Y181.694 E905.43952
G0 F9000 X175.625 Y181.77
G1 F600 X174.366 Y181.769 E905.4814
G1 X173.125 Y181.535 E905.5234
G1 X171.971 Y181.087 E905.56458
G1 X170.905 Y180.427 E905.60628
G1 X169.977 Y179.581 E905.64804
G1 X169.217 Y178.576 E905.68995
G1 X168.66 Y177.456 E905.73155
G1 X168.316 Y176.25 E905.77327
G1 X168.201 Y175 E905.81502
G1 X168.316 Y173.75 E905.85677
G1 X168.66 Y172.544 E905.89848
G1 X169.217 Y171.424 E905.94008
G1 X169.977 Y170.419 E905.98199
G1 X170.905 Y169.573 E906.02376
G1 X171.971 Y168.913 E906.06546
G1 X173.134 Y168.462 E906.10695
G1 X174.375 Y168.23 E906.14894
G1 X175.625 Y168.23 E906.19051
G1 X176.866 Y168.462 E906.2325
G1 X178.029 Y168.913 E906.27399
G1 X179.095 Y169.573 E906.31569
G1 X180.023 Y170.419 E906.35746
G1 X180.783 Y171.424 E906.39937
G1 X181.34 Y172.544 E906.44097
G1 X181.684 Y173.75 E906.48268
G1 X181.799 Y174.999 E906.5244
G1 X181.682 Y176.259 E906.56649
G1 X181.34 Y177.455 E906.60786
G1 X180.778 Y178.583 E906.64978
G1 X180.021 Y179.584 E906.69152
G1 X179.09 Y180.43 E906.73336
G1 X178.029 Y181.087 E906.77487
G1 X176.866 Y181.538 E906.81635
G1 X175.625 Y181.77 E906.85835
G0 F9000 X175.664 Y181.847
;MESH:NONMESH
G0 F300 X175.664 Y181.847 Z63.8
G0 F9000 X175.319 Y181.694
;TIME_ELAPSED:2766.767117
;LAYER:318
;TYPE:WALL-OUTER
;MESH:diffuser_reactor.stl
G1 F600 X176.579 Y181.512 E906.90069
G1 X177.788 Y181.094 E906.94324
G1 X178.887 Y180.459 E906.98545
G1 X179.849 Y179.625 E907.0278
G1 X180.637 Y178.623 E907.07019
G1 X181.222 Y177.486 E907.11272
G1 X181.58 Y176.263 E907.15511
G1 X181.701 Y175 E907.19731
G1 X181.579 Y173.727 E907.23984
G1 X181.22 Y172.509 E907.28208
G1 X180.637 Y171.377 E907.32443
G1 X179.849 Y170.375 E907.36682
G1 X178.882 Y169.539 E907.40934
G1 X177.783 Y168.904 E907.45156
G1 X176.579 Y168.488 E907.49392
G1 X175.319 Y168.306 E907.53627
G1 X174.046 Y168.367 E907.57865
G1 X172.808 Y168.667 E907.62102
G1 X171.65 Y169.197 E907.66338
G1 X170.611 Y169.936 E907.70579
G1 X169.731 Y170.862 E907.74828
G1 X169.044 Y171.93 E907.79051
G1 X168.57 Y173.112 E907.83287
G1 X168.329 Y174.363 E907.87524
G1 X168.329 Y175.642 E907.91778
G1 X168.57 Y176.888 E907.95999
G1 X169.044 Y178.07 E908.00235
G1 X169.733 Y179.142 E908.04473
G1 X170.615 Y180.067 E908.08724
G1 X171.65 Y180.803 E908.12948
G1 X172.808 Y181.333 E908.17184
G1 X174.046 Y181.633 E908.21421
G1 X175.319 Y181.694 E908.2566
G0 F9000 X174.37 Y181.77
G1 F600 X173.129 Y181.537 E908.29859
G1 X171.971 Y181.087 E908.33992
G1 X170.905 Y180.427 E908.38162
G1 X169.977 Y179.581 E908.42338
G1 X169.217 Y178.576 E908.46529
G1 X168.66 Y177.456 E908.50689
G1 X168.316 Y176.25 E908.54861
G1 X168.201 Y175 E908.59036
G1 X168.316 Y173.75 E908.63211
G1 X168.66 Y172.544 E908.67382
G1 X169.216 Y171.427 E908.71532
G1 X169.974 Y170.421 E908.75721
G1 X170.905 Y169.573 E908.7991
G1 X171.971 Y168.913 E908.8408
G1 X173.134 Y168.462 E908.88229
G1 X174.375 Y168.23 E908.92428
G1 X175.625 Y168.23 E908.96585
G1 X176.866 Y168.462 E909.00784
G1 X178.029 Y168.913 E909.04933
G1 X179.095 Y169.573 E909.09103
G1 X180.023 Y170.419 E909.1328
G1 X180.783 Y171.424 E909.17471
G1 X181.34 Y172.544 E909.21631
G1 X181.684 Y173.755 E909.25818
G1 X181.799 Y174.999 E909.29973
G1 X181.683 Y176.255 E909.34169
G1 X181.338 Y177.46 E909.38338
G1 X180.778 Y178.584 E909.42514
G1 X180.023 Y179.581 E909.46674
G1 X179.091 Y180.429 E909.50865
G1 X178.029 Y181.087 E909.5502
G1 X176.866 Y181.538 E909.59169
G1 X175.62 Y181.77 E909.63384
G1 X174.37 Y181.77 E909.67542
G0 F9000 X174.356 Y181.847
;MESH:NONMESH
G0 F300 X174.356 Y181.847 Z64
G0 F9000 X175.319 Y181.694
;TIME_ELAPSED:2775.477450
;LAYER:319
;TYPE:WALL-OUTER
;MESH:diffuser_reactor.stl
G1 F600 X176.579 Y181.512 E909.71776
G1 X177.784 Y181.096 E909.76016
G1 X178.887 Y180.459 E909.80253
G1 X179.849 Y179.625 E909.84487
G1 X180.637 Y178.623 E909.88727
G1 X181.221 Y177.49 E909.92966
G1 X181.58 Y176.267 E909.97206
G1 X181.701 Y175 E910.01439
G1 X181.58 Y173.731 E910.05679
G1 X181.22 Y172.509 E910.09916
G1 X180.637 Y171.377 E910.14151
G1 X179.849 Y170.375 E910.18391
G1 X178.886 Y169.541 E910.22628
G1 X177.783 Y168.904 E910.26864
G1 X176.579 Y168.488 E910.31101
G1 X175.319 Y168.306 E910.35335
G1 X174.045 Y168.367 E910.39578
G1 X172.808 Y168.667 E910.43811
G1 X171.65 Y169.197 E910.48047
G1 X170.611 Y169.936 E910.52288
G1 X169.733 Y170.859 E910.56525
G1 X169.044 Y171.93 E910.6076
G1 X168.57 Y173.112 E910.64996
G1 X168.329 Y174.363 E910.69233
G1 X168.329 Y175.638 E910.73474
G1 X168.57 Y176.888 E910.77708
G1 X169.044 Y178.07 E910.81944
G1 X169.733 Y179.142 E910.86182
G1 X170.612 Y180.064 E910.90419
G1 X171.649 Y180.803 E910.94654
G1 X172.808 Y181.333 E910.98893
G1 X174.046 Y181.633 E911.0313
G1 X175.319 Y181.694 E911.07369
G0 F9000 X174.374 Y181.77
G1 F600 X173.133 Y181.538 E911.11568
G1 X171.971 Y181.087 E911.15714
G1 X170.905 Y180.427 E911.19884
G1 X169.977 Y179.581 E911.2406
G1 X169.217 Y178.576 E911.28251
G1 X168.66 Y177.456 E911.32411
G1 X168.316 Y176.25 E911.36583
G1 X168.201 Y175 E911.40758
G1 X168.316 Y173.75 E911.44933
G1 X168.66 Y172.544 E911.49104
G1 X169.216 Y171.426 E911.53257
G1 X169.977 Y170.419 E911.57455
G1 X170.905 Y169.573 E911.61632
G1 X171.971 Y168.913 E911.65802
G1 X173.134 Y168.462 E911.69951
G1 X174.375 Y168.23 E911.7415
G1 X175.625 Y168.23 E911.78307
G1 X176.866 Y168.462 E911.82506
G1 X178.029 Y168.913 E911.86655
G1 X179.095 Y169.573 E911.90825
G1 X180.023 Y170.419 E911.95002
G1 X180.783 Y171.424 E911.99193
G1 X181.34 Y172.544 E912.03353
G1 X181.684 Y173.751 E912.07527
G1 X181.799 Y175 E912.11699
G1 X181.684 Y176.251 E912.15877
G1 X181.34 Y177.457 E912.20049
G1 X180.781 Y178.581 E912.24224
G1 X180.026 Y179.579 E912.28386
G1 X179.094 Y180.427 E912.32577
G1 X178.028 Y181.087 E912.36747
G1 X176.866 Y181.538 E912.40893
G1 X175.624 Y181.77 E912.45095
G1 X174.374 Y181.77 E912.49253
G0 F9000 X174.36 Y181.847
;TIME_ELAPSED:2784.047142
G1 F1440 E910.99253
M140 S0
M107
G91 ;Relative positioning
G1 E-2 F2700 ;Retract a bit
G1 E-2 Z0.2 F2400 ;Retract and raise Z
G1 X5 Y5 F3000 ;Wipe out
G1 Z10 ;Raise Z more
G90 ;Absolute positionning

G1 X0 Y350 ;Present print
M106 S0 ;Turn-off fan
M104 S0 ;Turn-off hotend
M140 S0 ;Turn-off bed

M84 X Y E ;Disable all steppers but Z

M82 ;absolute extrusion mode
M104 S0
;End of Gcode
;SETTING_3 {"global_quality": "[general]\\nversion = 4\\nname = Standard Quality
;SETTING_3  #2\\ndefinition = creality_base\\n\\n[metadata]\\nsetting_version = 
;SETTING_3 16\\nquality_type = standard\\ntype = quality_changes\\n\\n[values]\\
;SETTING_3 n\\n", "extruder_quality": ["[general]\\nversion = 4\\nname = Standar
;SETTING_3 d Quality #2\\ndefinition = creality_ender5plus\\n\\n[metadata]\\nset
;SETTING_3 ting_version = 16\\nquality_type = standard\\nposition = 0\\ntype = q
;SETTING_3 uality_changes\\n\\n[values]\\nbottom_layers = 0\\ninfill_sparse_dens
;SETTING_3 ity = 0\\nmaterial_print_temperature = 195\\nretraction_amount = 1.5\
;SETTING_3 \nretraction_speed = 24\\nspeed_print = 60\\nsupport_connect_zigzags 
;SETTING_3 = False\\nsupport_infill_rate = 5\\ntop_layers = 0\\n\\n"]}
