;FLAVOR:Marlin
;TIME:798
;Filament used: 0.769822m
;Layer height: 0.2
;MINX:120.465
;MINY:120.465
;MINZ:0.2
;MAXX:229.535
;MAXY:229.535
;MAXZ:14.4
;Generated with Cura_SteamEngine 4.8.0
M140 S60
M105
M190 S60
M104 S210
M105
M109 S210
M82 ;absolute extrusion mode
M201 X500.00 Y500.00 Z100.00 E5000.00 ;Setup machine max acceleration
M203 X500.00 Y500.00 Z10.00 E50.00 ;Setup machine max feedrate
M204 P500.00 R1000.00 T500.00 ;Setup Print/Retract/Travel acceleration
M205 X8.00 Y8.00 Z0.40 E5.00 ;Setup Jerk
M220 S100 ;Reset Feedrate
M221 S100 ;Reset Flowrate

G28 ;Home
M420 S1 Z2 ;Enable ABL using saved Mesh and Fade Height

G92 E0 ;Reset Extruder
G1 Z2.0 F3000 ;Move Z Axis up
G1 X10.1 Y20 Z0.28 F5000.0 ;Move to start position
G1 X10.1 Y200.0 Z0.28 F1500.0 E15 ;Draw the first line
G1 X10.4 Y200.0 Z0.28 F5000.0 ;Move to side a little
G1 X10.4 Y20 Z0.28 F1500.0 E30 ;Draw the second line
G92 E0 ;Reset Extruder
G1 Z2.0 F3000 ;Move Z Axis up

G92 E0
G92 E0
G1 F2100 E-1.5
;LAYER_COUNT:72
;LAYER:0
M107
G0 F6000 X131.757 Y129.189 Z0.2
;TYPE:SKIRT
G1 F2100 E0
G1 F1200 X132.236 Y128.724 E0.0222
G1 X132.911 Y128.125 E0.05222
G1 X133.637 Y127.587 E0.08227
G1 X134.407 Y127.116 E0.1123
G1 X135.216 Y126.714 E0.14234
G1 X136.058 Y126.386 E0.1724
G1 X136.925 Y126.133 E0.20244
G1 X137.811 Y125.958 E0.23247
G1 X138.832 Y125.856 E0.2666
G1 X141.438 Y125.726 E0.35339
G1 X144.019 Y125.522 E0.4395
G1 X146.52 Y125.255 E0.52315
G1 X149.043 Y124.912 E0.60784
G1 X151.533 Y124.501 E0.69178
G1 X154.059 Y124.012 E0.77735
G1 X156.504 Y123.466 E0.86068
G1 X158.97 Y122.842 E0.94528
G1 X160.192 Y122.497 E0.98752
G1 X160.904 Y122.308 E1.01202
G1 X161.129 Y122.251 E1.01974
G1 X161.755 Y122.1 E1.04115
G1 X161.997 Y122.045 E1.04941
G1 X162.698 Y121.895 E1.07325
G1 X164.298 Y121.571 E1.12755
G1 X165.664 Y121.302 E1.17385
G1 X165.869 Y121.264 E1.18079
G1 X167.237 Y121.022 E1.227
G1 X167.946 Y120.922 E1.25081
G1 X169.019 Y120.809 E1.2867
G1 X169.329 Y120.781 E1.29705
G1 X170.413 Y120.701 E1.3332
G1 X171.466 Y120.629 E1.3683
G1 X172.906 Y120.539 E1.41629
G1 X173.659 Y120.498 E1.44137
G1 X173.918 Y120.487 E1.45
G1 X174.538 Y120.469 E1.47063
G1 X174.886 Y120.465 E1.4822
G1 X175.469 Y120.468 E1.50159
G1 X175.872 Y120.478 E1.515
G1 X177.014 Y120.529 E1.55302
G1 X177.226 Y120.541 E1.56008
G1 X179.943 Y120.719 E1.65065
G1 X180.133 Y120.733 E1.65698
G1 X181.367 Y120.837 E1.69817
G1 X181.735 Y120.874 E1.71047
G1 X182.251 Y120.945 E1.7278
G1 X183.318 Y121.119 E1.76375
G1 X183.542 Y121.158 E1.77132
G1 X184.203 Y121.282 E1.79368
G1 X186.577 Y121.752 E1.87418
G1 X187.843 Y122.012 E1.91716
G1 X188.135 Y122.078 E1.92712
G1 X188.79 Y122.234 E1.94951
G1 X189.023 Y122.292 E1.9575
G1 X189.346 Y122.377 E1.96861
G1 X189.862 Y122.527 E1.98648
G1 X191.187 Y122.953 E2.03277
G1 X193.797 Y123.839 E2.12445
G1 X194.981 Y124.266 E2.16631
G1 X195.361 Y124.412 E2.17985
G1 X196.06 Y124.697 E2.20496
G1 X196.425 Y124.854 E2.21817
G1 X196.981 Y125.108 E2.2385
G1 X197.491 Y125.349 E2.25726
G1 X198.22 Y125.703 E2.28422
G1 X199.949 Y126.554 E2.34831
G1 X201.042 Y127.105 E2.38903
G1 X201.258 Y127.217 E2.39712
G1 X201.969 Y127.597 E2.42393
G1 X202.222 Y127.737 E2.43355
G1 X202.474 Y127.881 E2.4432
G1 X202.932 Y128.159 E2.46102
G1 X203.978 Y128.832 E2.50239
G1 X206.368 Y130.428 E2.59798
G1 X206.55 Y130.552 E2.6053
G1 X207.804 Y131.43 E2.65622
G1 X208.432 Y131.907 E2.68245
G1 X209.034 Y132.402 E2.70837
G1 X209.197 Y132.539 E2.71545
G1 X209.874 Y133.12 E2.74512
G1 X211.541 Y134.578 E2.81878
G1 X212.128 Y135.097 E2.84484
G1 X212.561 Y135.486 E2.8642
G1 X212.734 Y135.646 E2.87204
G1 X213.396 Y136.269 E2.90228
G1 X213.618 Y136.485 E2.91258
G1 X213.764 Y136.631 E2.91944
G1 X214.098 Y136.98 E2.93551
G1 X214.942 Y137.908 E2.97723
G1 X216.834 Y140.065 E3.07266
G1 X216.965 Y140.217 E3.07934
G1 X217.713 Y141.105 E3.11795
G1 X217.96 Y141.41 E3.13101
G1 X218.308 Y141.857 E3.14985
G1 X218.546 Y142.175 E3.16306
G1 X218.943 Y142.728 E3.1857
G1 X219.08 Y142.924 E3.19366
G1 X219.655 Y143.766 E3.22757
G1 X220.334 Y144.776 E3.26805
G1 X220.976 Y145.74 E3.30657
G1 X221.381 Y146.357 E3.33112
G1 X221.536 Y146.601 E3.34073
G1 X222.057 Y147.446 E3.37375
G1 X222.273 Y147.812 E3.38788
G1 X222.63 Y148.449 E3.41217
G1 X222.803 Y148.771 E3.42433
G1 X223.163 Y149.471 E3.45051
G1 X224.481 Y152.143 E3.5496
G1 X224.982 Y153.206 E3.58869
G1 X225.143 Y153.566 E3.60181
G1 X225.419 Y154.218 E3.62535
G1 X225.559 Y154.566 E3.63783
G1 X225.782 Y155.152 E3.65868
G1 X225.863 Y155.372 E3.66648
G1 X226.236 Y156.428 E3.70373
G1 X226.986 Y158.649 E3.7817
G1 X227.257 Y159.473 E3.81055
G1 X227.346 Y159.755 E3.82039
G1 X227.6 Y160.61 E3.85005
G1 X227.702 Y160.979 E3.86278
G1 X227.855 Y161.575 E3.88325
G1 X227.943 Y161.95 E3.89606
G1 X228.164 Y162.975 E3.93094
G1 X228.734 Y165.835 E4.02793
G1 X228.779 Y166.075 E4.03605
G1 X228.978 Y167.215 E4.07454
G1 X229.075 Y167.907 E4.09778
G1 X229.192 Y169.025 E4.13517
G1 X229.218 Y169.321 E4.14505
G1 X229.29 Y170.282 E4.17711
G1 X229.37 Y171.454 E4.21618
G1 X229.448 Y172.675 E4.25687
G1 X229.504 Y173.7 E4.29101
G1 X229.515 Y173.968 E4.29994
G1 X229.531 Y174.534 E4.31877
G1 X229.535 Y174.873 E4.33004
G1 X229.532 Y175.468 E4.34983
G1 X229.522 Y175.872 E4.36328
G1 X229.471 Y177.014 E4.4013
G1 X229.459 Y177.225 E4.40833
G1 X229.282 Y179.929 E4.49845
G1 X229.268 Y180.119 E4.50479
G1 X229.163 Y181.366 E4.54641
G1 X229.126 Y181.735 E4.55875
G1 X229.055 Y182.251 E4.57607
G1 X228.881 Y183.318 E4.61203
G1 X228.84 Y183.55 E4.61986
G1 X228.728 Y184.15 E4.64017
G1 X228.622 Y184.699 E4.65876
G1 X228.25 Y186.571 E4.72224
G1 X227.985 Y187.854 E4.76582
G1 X227.923 Y188.132 E4.77529
G1 X227.772 Y188.767 E4.797
G1 X227.712 Y189.007 E4.80523
G1 X227.62 Y189.356 E4.81723
G1 X227.471 Y189.867 E4.83493
G1 X227.048 Y191.184 E4.88094
G1 X226.171 Y193.77 E4.97176
G1 X225.733 Y194.984 E5.01469
G1 X225.588 Y195.361 E5.02812
G1 X225.303 Y196.06 E5.05323
G1 X225.146 Y196.425 E5.06645
G1 X224.902 Y196.96 E5.086
G1 X224.681 Y197.428 E5.10322
G1 X224.299 Y198.215 E5.13231
G1 X224.054 Y198.712 E5.15074
G1 X223.567 Y199.686 E5.18696
G1 X223.468 Y199.879 E5.19418
G1 X222.763 Y201.217 E5.24448
G1 X222.604 Y201.507 E5.25548
G1 X222.229 Y202.166 E5.2807
G1 X222.039 Y202.486 E5.29308
G1 X221.818 Y202.842 E5.30701
G1 X221.51 Y203.327 E5.32612
G1 X221.096 Y203.964 E5.35139
G1 X220.929 Y204.214 E5.36139
G1 X220.341 Y205.07 E5.39593
G1 X219.87 Y205.743 E5.42325
G1 X219.489 Y206.277 E5.44507
G1 X218.831 Y207.184 E5.48234
G1 X218.651 Y207.426 E5.49237
G1 X217.68 Y208.692 E5.54544
G1 X217.47 Y208.956 E5.55666
G1 X216.567 Y210.056 E5.60399
G1 X216.347 Y210.315 E5.61529
G1 X215.417 Y211.374 E5.66217
G1 X215.205 Y211.608 E5.67267
G1 X214.189 Y212.695 E5.72216
G1 X213.946 Y212.946 E5.73378
G1 X212.889 Y214.002 E5.78347
G1 X212.677 Y214.207 E5.79328
G1 X211.732 Y215.096 E5.83644
G1 X211.416 Y215.381 E5.85059
G1 X210.284 Y216.374 E5.90067
G1 X210.053 Y216.571 E5.91077
G1 X209.163 Y217.306 E5.94916
G1 X208.877 Y217.535 E5.96135
G1 X207.444 Y218.638 E6.02149
G1 X207.222 Y218.803 E6.03069
G1 X206.23 Y219.524 E6.07148
G1 X205.742 Y219.87 E6.09138
G1 X205.013 Y220.381 E6.12099
G1 X204.59 Y220.671 E6.13805
G1 X204.426 Y220.78 E6.1446
G1 X204.119 Y220.991 E6.15699
G1 X203.909 Y221.132 E6.1654
G1 X202.708 Y221.913 E6.21305
G1 X202.182 Y222.233 E6.23353
G1 X201.884 Y222.401 E6.2449
G1 X201.305 Y222.719 E6.26687
G1 X200.353 Y223.226 E6.30275
G1 X200.157 Y223.327 E6.31008
G1 X198.999 Y223.912 E6.35323
G1 X197.755 Y224.524 E6.39934
G1 X197.451 Y224.671 E6.41058
G1 X196.7 Y225.025 E6.43819
G1 X196.149 Y225.272 E6.45827
G1 X195.911 Y225.375 E6.4669
G1 X195.612 Y225.5 E6.47768
G1 X195.12 Y225.691 E6.49523
G1 X193.948 Y226.11 E6.53663
G1 X191.179 Y227.05 E6.63389
G1 X189.856 Y227.474 E6.6801
G1 X189.493 Y227.583 E6.6927
G1 X188.981 Y227.718 E6.71031
G1 X187.996 Y227.949 E6.74396
G1 X187.759 Y228.001 E6.75203
G1 X186.892 Y228.183 E6.7815
G1 X185.584 Y228.447 E6.82588
G1 X184.206 Y228.717 E6.87258
G1 X183.58 Y228.836 E6.89378
G1 X183.276 Y228.889 E6.90404
G1 X182.395 Y229.029 E6.93371
G1 X182.03 Y229.08 E6.94597
G1 X181.432 Y229.153 E6.96601
G1 X181.038 Y229.193 E6.97918
G1 X179.994 Y229.278 E7.01402
G1 X176.76 Y229.489 E7.12181
G1 X176.129 Y229.521 E7.14282
G1 X175.625 Y229.534 E7.15959
G1 X174.831 Y229.535 E7.186
G1 X174.492 Y229.53 E7.19728
G1 X173.898 Y229.511 E7.21704
G1 X173.689 Y229.502 E7.224
G1 X172.915 Y229.46 E7.24978
G1 X171.635 Y229.374 E7.29245
G1 X170.707 Y229.3 E7.32341
G1 X170.271 Y229.261 E7.33797
G1 X169.038 Y229.137 E7.37919
G1 X168.76 Y229.105 E7.3885
G1 X167.296 Y228.917 E7.43759
G1 X167.001 Y228.875 E7.4475
G1 X165.62 Y228.656 E7.49401
G1 X165.316 Y228.604 E7.50426
G1 X164.263 Y228.414 E7.53985
G1 X163.246 Y228.219 E7.57429
G1 X162.806 Y228.129 E7.58923
G1 X161.793 Y227.907 E7.62372
G1 X161.414 Y227.816 E7.63669
G1 X160.917 Y227.687 E7.65377
G1 X160.555 Y227.585 E7.66628
G1 X159.75 Y227.344 E7.69422
G1 X159.481 Y227.26 E7.7036
G1 X158.799 Y227.035 E7.72748
G1 X157.563 Y226.621 E7.77084
G1 X156.667 Y226.316 E7.80232
G1 X155.584 Y225.941 E7.84044
G1 X155.239 Y225.817 E7.85263
G1 X154.523 Y225.55 E7.87805
G1 X154.264 Y225.45 E7.88728
G1 X154.029 Y225.355 E7.89571
G1 X153.507 Y225.126 E7.91467
G1 X152.189 Y224.504 E7.96314
G1 X149.26 Y223.058 E8.07179
G1 X148.64 Y222.741 E8.09495
G1 X148.182 Y222.492 E8.11229
G1 X147.55 Y222.127 E8.13656
G1 X147.248 Y221.945 E8.14829
G1 X146.638 Y221.564 E8.17221
G1 X146.417 Y221.422 E8.18095
G1 X145.448 Y220.782 E8.21957
G1 X144.574 Y220.199 E8.25451
G1 X143.58 Y219.53 E8.29436
G1 X142.923 Y219.08 E8.32085
G1 X142.715 Y218.934 E8.3293
G1 X141.905 Y218.349 E8.36254
G1 X141.658 Y218.165 E8.37278
G1 X141.502 Y218.045 E8.37933
G1 X141.121 Y217.737 E8.39562
G1 X140.162 Y216.921 E8.4375
G1 X137.813 Y214.859 E8.54146
G1 X137.061 Y214.177 E8.57523
G1 X136.81 Y213.941 E8.58668
G1 X136.709 Y213.843 E8.59137
G1 X136.4 Y213.53 E8.60599
G1 X135.638 Y212.724 E8.64289
G1 X135.443 Y212.512 E8.65247
G1 X134.752 Y211.738 E8.68698
G1 X133.09 Y209.841 E8.77086
G1 X132.626 Y209.301 E8.79454
G1 X132.48 Y209.127 E8.8021
G1 X131.965 Y208.5 E8.82908
G1 X131.701 Y208.168 E8.84319
G1 X131.363 Y207.711 E8.8621
G1 X130.538 Y206.529 E8.91004
G1 X130.422 Y206.359 E8.91688
G1 X128.702 Y203.785 E9.01985
G1 X128.276 Y203.129 E9.04586
G1 X128.013 Y202.701 E9.06257
G1 X127.881 Y202.474 E9.07131
G1 X127.745 Y202.233 E9.08051
G1 X127.472 Y201.729 E9.09958
G1 X127.354 Y201.505 E9.108
G1 X127.165 Y201.155 E9.12123
G1 X127.03 Y200.895 E9.13097
G1 X126.577 Y199.995 E9.16448
G1 X126.132 Y199.099 E9.19776
G1 X125.329 Y197.451 E9.25873
G1 X124.975 Y196.7 E9.28634
G1 X124.728 Y196.149 E9.30643
G1 X124.625 Y195.911 E9.31505
G1 X124.5 Y195.612 E9.32583
G1 X124.309 Y195.12 E9.34338
G1 X123.89 Y193.948 E9.38478
G1 X122.95 Y191.179 E9.48204
G1 X122.526 Y189.856 E9.52825
G1 X122.417 Y189.493 E9.54086
G1 X122.282 Y188.981 E9.55847
G1 X122.043 Y187.962 E9.59328
G1 X121.986 Y187.702 E9.60213
G1 X121.773 Y186.673 E9.63708
G1 X121.552 Y185.579 E9.6742
G1 X121.277 Y184.171 E9.72192
G1 X121.164 Y183.575 E9.74209
G1 X121.111 Y183.276 E9.75219
G1 X120.971 Y182.395 E9.78186
G1 X120.92 Y182.03 E9.79412
G1 X120.847 Y181.432 E9.81416
G1 X120.807 Y181.038 E9.82733
G1 X120.722 Y179.994 E9.86217
G1 X120.511 Y176.761 E9.96993
G1 X120.479 Y176.132 E9.99088
G1 X120.466 Y175.627 E10.00768
G1 X120.465 Y174.831 E10.03415
G1 X120.47 Y174.492 E10.04543
G1 X120.489 Y173.898 E10.0652
G1 X120.498 Y173.683 E10.07235
G1 X120.541 Y172.896 E10.09857
G1 X120.635 Y171.383 E10.14899
G1 X120.7 Y170.407 E10.18152
G1 X120.777 Y169.378 E10.21584
G1 X120.812 Y168.974 E10.22933
G1 X120.908 Y168.035 E10.26072
G1 X120.958 Y167.619 E10.27466
G1 X121.038 Y167.101 E10.29209
G1 X121.277 Y165.787 E10.33651
G1 X121.888 Y162.714 E10.44072
G1 X121.997 Y162.183 E10.45875
G1 X122.068 Y161.866 E10.46956
G1 X122.3 Y160.894 E10.50279
G1 X122.378 Y160.585 E10.51339
G1 X122.7 Y159.401 E10.5542
G1 X123.33 Y156.948 E10.63844
G1 X123.896 Y154.456 E10.72343
G1 X124.394 Y151.942 E10.80867
G1 X124.804 Y149.496 E10.89116
G1 X125.161 Y146.929 E10.97736
G1 X125.436 Y144.442 E11.06059
G1 X125.649 Y141.857 E11.14685
G1 X125.749 Y140.143 E11.20396
G1 X125.81 Y138.899 E11.24538
G1 X125.895 Y138 E11.27542
G1 X126.058 Y137.112 E11.30545
G1 X126.3 Y136.242 E11.33548
G1 X126.618 Y135.396 E11.36554
G1 X127.009 Y134.582 E11.39558
G1 X127.47 Y133.806 E11.4256
G1 X127.999 Y133.073 E11.45566
G1 X128.639 Y132.339 E11.48805
G1 X129.163 Y131.793 E11.51322
G1 X129.301 Y131.652 E11.51979
G1 X131.757 Y129.189 E11.63547
G1 F2100 E10.13547
;MESH:Warp_Reaction_Chamber_Lens.stl
G0 F6000 X138.498 Y135.931
G0 X139.194 Y136.627
G0 X138.905 Y136.746
;TYPE:WALL-OUTER
G1 F2100 E11.63547
G1 F1200 X139.334 Y136.317 E11.65565
G1 X146.04 Y143.024 E11.97111
G1 X146.423 Y142.619 E11.98965
G1 X146.694 Y142.322 E12.00302
G1 X147.049 Y141.92 E12.02086
G1 X147.347 Y141.567 E12.03622
G1 X147.62 Y141.23 E12.05065
G1 X147.856 Y140.924 E12.0635
G1 X148.032 Y140.685 E12.07337
G1 X148.372 Y140.326 E12.08982
G1 X148.595 Y140.157 E12.09912
G1 X149.068 Y139.717 E12.12061
G1 X149.326 Y139.436 E12.1333
G1 X149.628 Y139.09 E12.14857
G1 X150.026 Y138.774 E12.16547
G1 X150.3 Y138.54 E12.17746
G1 X150.499 Y138.385 E12.18585
G1 X150.985 Y138.03 E12.20587
G1 X151.406 Y137.744 E12.22279
G1 X151.893 Y137.432 E12.24203
G1 X152.021 Y137.356 E12.24698
G1 X152.509 Y137.058 E12.266
G1 X153.347 Y136.585 E12.298
G1 X154.38 Y136.037 E12.3369
G1 X155.53 Y135.463 E12.37965
G1 X156.803 Y134.866 E12.42641
G1 X158.117 Y134.297 E12.47404
G1 X159.441 Y133.772 E12.52141
G1 X160.744 Y133.293 E12.56758
G1 X161.981 Y132.861 E12.61116
G1 X163.057 Y132.507 E12.64884
G1 X163.491 Y132.372 E12.66395
G1 X163.841 Y132.281 E12.67598
G1 X164.14 Y132.213 E12.68618
G1 X166.355 Y131.766 E12.76134
G1 X166.436 Y131.752 E12.76407
G1 X167.983 Y131.443 E12.81654
G1 X168.667 Y131.309 E12.83972
G1 X169.046 Y131.25 E12.85248
G1 X169.114 Y131.244 E12.85475
G1 X169.387 Y131.21 E12.8639
G1 X170.028 Y131.156 E12.8853
G1 X170.99 Y131.086 E12.91738
G1 X172.118 Y131.009 E12.95498
G1 X173.245 Y130.937 E12.99254
G1 X174.208 Y130.882 E13.02463
G1 X174.855 Y130.853 E13.04617
G1 X175.255 Y130.847 E13.05947
G1 X175.567 Y130.855 E13.06985
G1 X180.151 Y131.155 E13.22264
G1 X180.509 Y131.191 E13.23461
G1 X180.913 Y131.25 E13.24819
G1 X181.544 Y131.364 E13.26952
G1 X182.455 Y131.535 E13.30035
G1 X184.708 Y131.984 E13.37675
G1 X185.655 Y132.179 E13.40891
G1 X186.285 Y132.319 E13.43038
G1 X186.679 Y132.418 E13.44389
G1 X187.027 Y132.523 E13.45598
G1 X191.363 Y133.996 E13.60829
G1 X191.665 Y134.112 E13.61905
G1 X192.028 Y134.269 E13.6322
G1 X192.615 Y134.543 E13.65375
G1 X193.484 Y134.964 E13.68587
G1 X194.536 Y135.48 E13.72484
G1 X195.512 Y135.962 E13.76104
G1 X196.484 Y136.455 E13.79729
G1 X196.949 Y136.695 E13.8147
G1 X197.302 Y136.892 E13.82814
G1 X197.606 Y137.08 E13.84003
G1 X201.417 Y139.628 E13.99251
G1 X201.727 Y139.854 E14.00527
G1 X201.989 Y140.063 E14.01641
G1 X202.484 Y140.48 E14.03794
G1 X203.215 Y141.112 E14.07008
G1 X204.917 Y142.6 E14.14527
G1 X205.668 Y143.274 E14.17884
G1 X206.111 Y143.678 E14.19878
G1 X206.398 Y143.956 E14.21207
G1 X206.654 Y144.228 E14.22449
G1 X209.672 Y147.671 E14.37677
G1 X209.876 Y147.921 E14.3875
G1 X210.112 Y148.239 E14.40067
G1 X210.483 Y148.771 E14.42225
G1 X211.026 Y149.57 E14.45438
G1 X211.68 Y150.543 E14.49337
G1 X212.282 Y151.447 E14.52949
G1 X212.663 Y152.026 E14.55255
G1 X213.159 Y152.798 E14.58307
G1 X213.396 Y153.199 E14.59856
G1 X213.541 Y153.469 E14.60875
G1 X215.561 Y157.57 E14.7608
G1 X215.694 Y157.867 E14.77162
G1 X215.841 Y158.235 E14.7848
G1 X216.062 Y158.846 E14.80642
G1 X216.379 Y159.756 E14.83847
G1 X216.733 Y160.788 E14.87475
G1 X217.107 Y161.899 E14.91374
G1 X217.448 Y162.935 E14.95002
G1 X217.604 Y163.426 E14.96715
G1 X217.726 Y163.866 E14.98234
G1 X217.799 Y164.177 E14.99297
G1 X218.604 Y168.215 E15.12991
G1 X218.691 Y168.667 E15.14522
G1 X218.75 Y169.046 E15.15798
G1 X218.756 Y169.114 E15.16025
G1 X218.79 Y169.387 E15.1694
G1 X218.844 Y170.026 E15.19073
G1 X218.914 Y170.99 E15.22288
G1 X218.991 Y172.118 E15.26048
G1 X219.063 Y173.242 E15.29794
G1 X219.124 Y174.332 E15.33425
G1 X219.147 Y174.849 E15.35147
G1 X219.153 Y175.252 E15.36487
G1 X219.145 Y175.567 E15.37535
G1 X218.845 Y180.151 E15.52814
G1 X218.809 Y180.507 E15.54004
G1 X218.751 Y180.907 E15.55349
G1 X218.636 Y181.544 E15.57502
G1 X218.465 Y182.455 E15.60584
G1 X218.016 Y184.708 E15.68225
G1 X217.821 Y185.655 E15.71441
G1 X217.681 Y186.285 E15.73588
G1 X217.582 Y186.678 E15.74936
G1 X217.479 Y187.021 E15.76127
G1 X216.004 Y191.363 E15.91379
G1 X215.888 Y191.665 E15.92455
G1 X215.731 Y192.028 E15.9377
G1 X215.456 Y192.617 E15.95932
G1 X215.036 Y193.484 E15.99136
G1 X214.503 Y194.566 E16.03148
G1 X213.874 Y195.804 E16.07767
G1 X213.29 Y196.87 E16.11809
G1 X213.069 Y197.228 E16.13209
G1 X213.032 Y197.277 E16.13413
G1 X212.42 Y198.248 E16.17231
G1 X212.136 Y198.647 E16.18859
G1 X211.591 Y199.439 E16.22057
G1 X210.753 Y200.618 E16.26868
G1 X209.897 Y201.774 E16.31652
G1 X208.998 Y202.906 E16.3646
G1 X208.071 Y203.998 E16.41224
G1 X207.105 Y205.065 E16.46012
G1 X206.104 Y206.099 E16.50798
G1 X205.065 Y207.105 E16.55608
G1 X203.998 Y208.071 E16.60396
G1 X202.909 Y208.996 E16.65148
G1 X202.841 Y209.047 E16.65431
G1 X201.779 Y209.893 E16.69947
G1 X200.621 Y210.751 E16.7474
G1 X199.441 Y211.589 E16.79554
G1 X198.588 Y212.178 E16.83002
G1 X198.252 Y212.417 E16.84373
G1 X197.28 Y213.03 E16.88195
G1 X197.044 Y213.201 E16.89164
G1 X196.868 Y213.29 E16.8982
G1 X195.794 Y213.882 E16.93899
G1 X195.65 Y213.952 E16.94432
G1 X194.577 Y214.496 E16.98433
G1 X193.485 Y215.037 E17.02486
G1 X192.62 Y215.456 E17.05683
G1 X192.502 Y215.509 E17.06113
G1 X192.028 Y215.731 E17.07854
G1 X191.666 Y215.888 E17.09167
G1 X191.316 Y216.02 E17.10411
G1 X189.215 Y216.735 E17.17792
G1 X187.027 Y217.477 E17.25477
G1 X186.678 Y217.582 E17.26689
G1 X186.281 Y217.682 E17.28051
G1 X185.654 Y217.819 E17.30185
G1 X184.707 Y218.015 E17.33402
G1 X183.612 Y218.236 E17.37117
G1 X182.493 Y218.457 E17.40911
G1 X181.547 Y218.637 E17.44114
G1 X180.907 Y218.751 E17.46276
G1 X180.459 Y218.814 E17.4778
G1 X180.151 Y218.845 E17.4881
G1 X175.567 Y219.145 E17.64089
G1 X175.196 Y219.153 E17.65323
G1 X174.855 Y219.147 E17.66458
G1 X174.208 Y219.117 E17.68612
G1 X173.243 Y219.063 E17.71827
G1 X172.004 Y218.974 E17.75958
G1 X170.719 Y218.861 E17.80249
G1 X169.336 Y218.705 E17.84878
G1 X168 Y218.513 E17.89367
G1 X166.688 Y218.287 E17.93795
G1 X165.549 Y218.074 E17.97649
G1 X164.141 Y217.791 E18.02425
G1 X163.819 Y217.714 E18.03527
G1 X163.433 Y217.606 E18.0486
G1 X162.815 Y217.409 E18.07017
G1 X161.9 Y217.106 E18.10223
G1 X160.79 Y216.734 E18.14117
G1 X159.768 Y216.385 E18.17709
G1 X158.827 Y216.058 E18.21022
G1 X158.286 Y215.865 E18.22932
G1 X158.237 Y215.844 E18.2311
G1 X157.928 Y215.724 E18.24212
G1 X157.611 Y215.583 E18.25366
G1 X153.347 Y213.479 E18.41181
G1 X153.034 Y213.306 E18.4237
G1 X152.763 Y213.142 E18.43424
G1 X152.236 Y212.801 E18.45512
G1 X151.44 Y212.277 E18.48681
G1 X150.471 Y211.632 E18.52553
G1 X149.569 Y211.026 E18.56167
G1 X148.734 Y210.457 E18.59528
G1 X148.245 Y210.116 E18.61511
G1 X147.88 Y209.843 E18.63027
G1 X147.633 Y209.64 E18.6409
G1 X144.228 Y206.654 E18.79153
G1 X143.995 Y206.436 E18.80214
G1 X143.677 Y206.11 E18.81729
G1 X143.243 Y205.634 E18.83871
G1 X142.6 Y204.914 E18.87082
G1 X141.11 Y203.216 E18.94596
G1 X140.658 Y202.693 E18.96895
G1 X140.063 Y201.989 E18.99961
G1 X140.035 Y201.951 E19.00118
G1 X139.848 Y201.719 E19.01109
G1 X139.628 Y201.417 E19.02351
G1 X137.057 Y197.571 E19.17738
G1 X136.864 Y197.252 E19.18978
G1 X136.695 Y196.949 E19.20132
G1 X136.396 Y196.371 E19.22297
G1 X135.979 Y195.546 E19.25371
G1 X135.478 Y194.537 E19.29118
G1 X134.544 Y192.62 E19.36211
G1 X134.491 Y192.502 E19.36641
G1 X134.269 Y192.028 E19.38382
G1 X134.112 Y191.666 E19.39694
G1 X133.98 Y191.316 E19.40938
G1 X133.265 Y189.215 E19.4832
G1 X132.521 Y187.021 E19.56025
G1 X132.418 Y186.678 E19.57216
G1 X132.318 Y186.281 E19.58578
G1 X132.181 Y185.654 E19.60713
G1 X131.985 Y184.707 E19.63929
G1 X131.764 Y183.612 E19.67645
G1 X131.543 Y182.493 E19.71438
G1 X131.363 Y181.547 E19.74641
G1 X131.249 Y180.907 E19.76803
G1 X131.185 Y180.454 E19.78325
G1 X131.155 Y180.151 E19.79338
G1 X130.855 Y175.567 E19.94617
G1 X130.847 Y175.2 E19.95838
G1 X130.853 Y174.855 E19.96985
G1 X130.883 Y174.208 E19.9914
G1 X130.938 Y173.245 E20.02348
G1 X131.012 Y172.074 E20.0625
G1 X131.084 Y170.988 E20.0987
G1 X131.166 Y169.902 E20.13493
G1 X131.211 Y169.386 E20.15215
G1 X131.258 Y168.979 E20.16578
G1 X131.316 Y168.628 E20.17761
G1 X132.076 Y164.806 E20.30722
G1 X132.22 Y164.097 E20.33128
G1 X132.325 Y163.619 E20.34756
G1 X132.39 Y163.366 E20.35625
G1 X132.904 Y161.846 E20.40962
G1 X132.931 Y161.774 E20.41217
G1 X133.243 Y160.885 E20.44351
G1 X133.713 Y159.61 E20.48871
G1 X134.166 Y158.458 E20.52988
G1 X134.29 Y158.132 E20.54148
G1 X134.307 Y158.098 E20.54274
G1 X134.863 Y156.811 E20.58937
G1 X135.455 Y155.548 E20.63577
G1 X136.038 Y154.374 E20.67936
G1 X136.45 Y153.602 E20.70847
G1 X136.581 Y153.351 E20.71789
G1 X137.057 Y152.512 E20.74997
G1 X137.108 Y152.431 E20.75315
G1 X137.426 Y151.9 E20.77374
G1 X137.78 Y151.348 E20.79555
G1 X138.369 Y150.466 E20.83082
G1 X138.557 Y150.198 E20.84171
G1 X138.731 Y150.037 E20.8496
G1 X138.937 Y149.81 E20.85979
G1 X139.152 Y149.579 E20.87029
G1 X139.39 Y149.372 E20.88078
G1 X139.671 Y149.115 E20.89345
G1 X139.91 Y148.859 E20.90509
G1 X140.082 Y148.665 E20.91372
G1 X140.275 Y148.423 E20.92401
G1 X140.455 Y148.249 E20.93234
G1 X140.634 Y148.083 E20.94046
G1 X141.217 Y147.64 E20.96481
G1 X141.57 Y147.354 E20.97992
G1 X141.945 Y147.034 E20.99632
G1 X142.352 Y146.671 E21.01446
G1 X142.654 Y146.393 E21.02811
G1 X142.977 Y146.088 E21.04289
G1 X136.271 Y139.381 E21.35834
G1 X136.7 Y138.95 E21.37857
G1 X143.414 Y145.67 E21.69451
G1 X143.828 Y145.335 E21.71223
G1 X143.935 Y145.23 E21.71721
G1 X144.194 Y144.969 E21.72944
G1 X144.654 Y144.511 E21.75103
G1 X145.282 Y143.881 E21.78062
G1 X145.473 Y143.646 E21.79069
G1 X145.616 Y143.461 E21.79847
G1 X145.044 Y142.887 E21.82542
G1 X144.767 Y142.612 E21.8384
G1 X143.224 Y141.065 E21.91107
G1 X138.905 Y136.746 E22.11423
;MESH:NONMESH
G0 F300 X138.905 Y136.746 Z0.4
G0 F6000 X138.749 Y136.901
;TIME_ELAPSED:38.334017
;LAYER:1
M106 S85
;TYPE:WALL-OUTER
;MESH:Warp_Reaction_Chamber_Lens.stl
G1 F1800 X139.754 Y135.896 E22.1615
G1 X146.427 Y142.568 E22.47535
G1 X146.819 Y142.129 E22.49493
G1 X147.059 Y141.855 E22.50704
G1 X147.346 Y141.514 E22.52187
G1 X147.611 Y141.182 E22.53599
G1 X147.843 Y140.88 E22.54866
G1 X148.017 Y140.646 E22.55836
G1 X148.169 Y140.478 E22.56589
G1 X148.436 Y140.225 E22.57813
G1 X148.667 Y140.039 E22.58799
G1 X148.855 Y139.857 E22.5967
G1 X149.112 Y139.598 E22.60883
G1 X149.39 Y139.284 E22.62278
G1 X149.564 Y139.082 E22.63165
G1 X149.94 Y138.781 E22.64767
G1 X150.105 Y138.633 E22.65504
G1 X150.331 Y138.452 E22.66467
G1 X150.587 Y138.258 E22.67535
G1 X150.928 Y138.013 E22.68932
G1 X151.352 Y137.724 E22.70639
G1 X151.853 Y137.403 E22.72618
G1 X152.478 Y137.024 E22.75049
G1 X153.321 Y136.547 E22.7827
G1 X154.357 Y135.997 E22.82171
G1 X155.483 Y135.435 E22.86357
G1 X156.79 Y134.821 E22.9116
G1 X157.959 Y134.314 E22.95398
G1 X158.241 Y134.198 E22.96412
G1 X159.424 Y133.729 E23.00645
G1 X160.73 Y133.249 E23.05273
G1 X161.973 Y132.815 E23.09652
G1 X162.971 Y132.484 E23.13149
G1 X163.473 Y132.329 E23.14896
G1 X163.82 Y132.239 E23.16089
G1 X164.115 Y132.17 E23.17096
G1 X166.272 Y131.736 E23.24414
G1 X168.655 Y131.264 E23.32494
G1 X169.017 Y131.207 E23.33713
G1 X169.384 Y131.164 E23.34942
G1 X170.022 Y131.11 E23.37072
G1 X170.986 Y131.04 E23.40286
G1 X172.241 Y130.955 E23.4447
G1 X173.243 Y130.891 E23.47809
G1 X174.208 Y130.836 E23.51024
G1 X174.545 Y130.822 E23.52146
G1 X174.584 Y130.818 E23.52276
G1 X174.85 Y130.807 E23.53162
G1 X175.294 Y130.801 E23.54639
G1 X175.598 Y130.81 E23.5565
G1 X180.2 Y131.112 E23.7099
G1 X180.556 Y131.151 E23.72181
G1 X180.922 Y131.205 E23.73411
G1 X181.552 Y131.317 E23.75539
G1 X182.499 Y131.498 E23.78746
G1 X183.735 Y131.742 E23.82937
G1 X184.718 Y131.939 E23.86271
G1 X185.667 Y132.135 E23.89494
G1 X186.29 Y132.273 E23.91616
G1 X186.722 Y132.383 E23.93099
G1 X187.023 Y132.472 E23.94143
G1 X191.383 Y133.953 E24.09458
G1 X191.71 Y134.081 E24.10626
G1 X192.055 Y134.23 E24.11876
G1 X192.632 Y134.501 E24.13996
G1 X193.502 Y134.922 E24.17211
G1 X194.519 Y135.42 E24.20977
G1 X195.532 Y135.921 E24.24736
G1 X196.395 Y136.356 E24.2795
G1 X196.969 Y136.654 E24.30101
G1 X197.328 Y136.853 E24.31467
G1 X197.614 Y137.029 E24.32584
G1 X201.256 Y139.463 E24.47153
G1 X201.54 Y139.66 E24.48303
G1 X201.915 Y139.946 E24.49871
G1 X202.02 Y140.029 E24.50316
G1 X202.512 Y140.444 E24.52457
G1 X203.245 Y141.076 E24.55676
G1 X204.947 Y142.566 E24.632
G1 X205.667 Y143.21 E24.66413
G1 X206.14 Y143.641 E24.68541
G1 X206.46 Y143.953 E24.70028
G1 X206.675 Y144.181 E24.7107
G1 X208.261 Y145.991 E24.79074
G1 X209.705 Y147.636 E24.86354
G1 X209.931 Y147.918 E24.87556
G1 X210.154 Y148.218 E24.888
G1 X210.519 Y148.744 E24.90929
G1 X211.063 Y149.542 E24.94141
G1 X211.765 Y150.588 E24.98331
G1 X212.321 Y151.423 E25.01668
G1 X212.851 Y152.232 E25.04885
G1 X213.2 Y152.778 E25.0704
G1 X213.426 Y153.158 E25.0851
G1 X213.576 Y153.436 E25.09561
G1 X215.278 Y156.885 E25.22353
G1 X215.601 Y157.545 E25.24797
G1 X215.748 Y157.877 E25.26005
G1 X215.885 Y158.221 E25.27236
G1 X216.104 Y158.829 E25.29386
G1 X216.423 Y159.745 E25.32612
G1 X216.791 Y160.816 E25.36378
G1 X217.151 Y161.885 E25.4013
G1 X217.454 Y162.801 E25.43339
G1 X217.647 Y163.412 E25.4547
G1 X217.768 Y163.842 E25.46956
G1 X217.841 Y164.148 E25.48002
G1 X218.693 Y168.438 E25.6255
G1 X218.757 Y168.787 E25.6373
G1 X218.818 Y169.245 E25.65266
G1 X218.836 Y169.385 E25.65736
G1 X218.89 Y170.02 E25.67856
G1 X218.96 Y170.986 E25.71077
G1 X219.045 Y172.242 E25.75264
G1 X219.109 Y173.241 E25.78593
G1 X219.164 Y174.205 E25.81805
G1 X219.178 Y174.545 E25.82937
G1 X219.182 Y174.581 E25.83057
G1 X219.193 Y174.845 E25.83936
G1 X219.199 Y175.291 E25.8542
G1 X219.19 Y175.598 E25.86441
G1 X218.889 Y180.191 E26.0175
G1 X218.85 Y180.549 E26.02948
G1 X218.796 Y180.916 E26.04182
G1 X218.683 Y181.552 E26.0633
G1 X218.502 Y182.499 E26.09537
G1 X218.258 Y183.735 E26.13727
G1 X218.061 Y184.718 E26.17062
G1 X217.865 Y185.667 E26.20285
G1 X217.727 Y186.29 E26.22407
G1 X217.617 Y186.722 E26.2389
G1 X217.528 Y187.023 E26.24934
G1 X216.05 Y191.375 E26.40221
G1 X215.919 Y191.71 E26.41417
G1 X215.773 Y192.049 E26.42645
G1 X215.499 Y192.632 E26.44787
G1 X215.013 Y193.638 E26.48503
G1 X214.545 Y194.585 E26.52016
G1 X214.527 Y194.616 E26.52136
G1 X213.903 Y195.851 E26.56738
G1 X213.357 Y196.846 E26.60513
G1 X213.245 Y197.07 E26.61346
G1 X213.014 Y197.387 E26.6265
G1 X212.457 Y198.271 E26.66126
G1 X212.11 Y198.757 E26.68112
G1 X211.626 Y199.462 E26.70956
G1 X211.2 Y200.064 E26.73409
G1 X210.788 Y200.641 E26.75767
G1 X210.639 Y200.839 E26.76591
G1 X209.93 Y201.799 E26.8056
G1 X209.033 Y202.927 E26.85354
G1 X208.097 Y204.031 E26.90168
G1 X207.135 Y205.093 E26.94934
G1 X206.133 Y206.128 E26.99725
G1 X205.093 Y207.135 E27.0454
G1 X204.032 Y208.097 E27.09304
G1 X203.84 Y208.257 E27.10135
G1 X202.932 Y209.029 E27.14099
G1 X201.804 Y209.926 E27.18892
G1 X200.645 Y210.785 E27.2369
G1 X199.465 Y211.624 E27.28506
G1 X198.757 Y212.11 E27.31362
G1 X198.275 Y212.454 E27.33332
G1 X197.388 Y213.013 E27.36819
G1 X197.074 Y213.243 E27.38113
G1 X196.846 Y213.357 E27.38961
G1 X195.815 Y213.923 E27.42873
G1 X195.614 Y214.022 E27.43618
G1 X194.556 Y214.558 E27.47563
G1 X193.641 Y215.013 E27.50962
G1 X192.635 Y215.499 E27.54678
G1 X192.055 Y215.77 E27.56807
G1 X191.636 Y215.949 E27.58323
G1 X191.358 Y216.055 E27.59312
G1 X190.272 Y216.424 E27.63127
G1 X186.999 Y217.535 E27.74623
G1 X186.721 Y217.617 E27.75587
G1 X186.29 Y217.727 E27.77067
G1 X185.666 Y217.863 E27.79191
G1 X184.831 Y218.038 E27.82028
G1 X182.5 Y218.503 E27.89934
G1 X181.553 Y218.683 E27.9314
G1 X180.922 Y218.795 E27.95272
G1 X180.473 Y218.86 E27.96781
G1 X180.175 Y218.89 E27.97777
G1 X175.574 Y219.191 E28.13113
G1 X175.217 Y219.2 E28.143
G1 X174.851 Y219.193 E28.15518
G1 X174.208 Y219.163 E28.17659
G1 X173.242 Y219.109 E28.20877
G1 X172.049 Y219.024 E28.24855
G1 X170.715 Y218.907 E28.29309
G1 X169.331 Y218.751 E28.33941
G1 X167.995 Y218.559 E28.3843
G1 X166.728 Y218.341 E28.42706
G1 X165.538 Y218.119 E28.46732
G1 X164.134 Y217.837 E28.51495
G1 X163.809 Y217.76 E28.52606
G1 X163.419 Y217.649 E28.53955
G1 X162.803 Y217.453 E28.56105
G1 X161.887 Y217.15 E28.59314
G1 X160.695 Y216.749 E28.63497
G1 X159.75 Y216.427 E28.66817
G1 X158.795 Y216.095 E28.7018
G1 X158.269 Y215.907 E28.72038
G1 X157.911 Y215.767 E28.73317
G1 X157.611 Y215.634 E28.74408
G1 X153.325 Y213.52 E28.90303
G1 X153.034 Y213.36 E28.91408
G1 X152.732 Y213.177 E28.92582
G1 X152.211 Y212.841 E28.94644
G1 X151.416 Y212.316 E28.97813
G1 X149.543 Y211.065 E29.05304
G1 X148.743 Y210.52 E29.08524
G1 X148.219 Y210.155 E29.10648
G1 X147.855 Y209.883 E29.12159
G1 X147.617 Y209.689 E29.1318
G1 X145.901 Y208.182 E29.20776
G1 X144.163 Y206.659 E29.28462
G1 X143.897 Y206.405 E29.29686
G1 X143.642 Y206.141 E29.30906
G1 X143.21 Y205.667 E29.33039
G1 X142.567 Y204.946 E29.36253
G1 X141.075 Y203.246 E29.43776
G1 X140.443 Y202.513 E29.46995
G1 X140.029 Y202.02 E29.49136
G1 X139.751 Y201.668 E29.50628
G1 X139.573 Y201.42 E29.51643
G1 X137.02 Y197.599 E29.66927
G1 X136.828 Y197.285 E29.68152
G1 X136.651 Y196.964 E29.69371
G1 X136.357 Y196.394 E29.71504
G1 X135.922 Y195.531 E29.74718
G1 X135.476 Y194.634 E29.7805
G1 X134.921 Y193.503 E29.8224
G1 X134.642 Y192.928 E29.84366
G1 X134.227 Y192.049 E29.87599
G1 X134.051 Y191.637 E29.89089
G1 X133.945 Y191.358 E29.90082
G1 X133.576 Y190.272 E29.93897
G1 X132.465 Y186.999 E30.05393
G1 X132.383 Y186.722 E30.06354
G1 X132.273 Y186.29 E30.07836
G1 X132.137 Y185.666 E30.09961
G1 X131.962 Y184.831 E30.12798
G1 X131.497 Y182.5 E30.20704
G1 X131.317 Y181.553 E30.2391
G1 X131.204 Y180.916 E30.26062
G1 X131.14 Y180.471 E30.27557
G1 X131.11 Y180.175 E30.28547
G1 X130.809 Y175.574 E30.43882
G1 X130.8 Y175.222 E30.45053
G1 X130.807 Y174.851 E30.46288
G1 X130.837 Y174.208 E30.48428
G1 X130.892 Y173.242 E30.51647
G1 X130.954 Y172.242 E30.54979
G1 X131.04 Y170.985 E30.5917
G1 X131.109 Y170.018 E30.62394
G1 X131.14 Y169.687 E30.635
G1 X131.142 Y169.641 E30.63653
G1 X131.165 Y169.385 E30.64508
G1 X131.218 Y168.934 E30.66018
G1 X131.266 Y168.639 E30.67012
G1 X132.023 Y164.838 E30.79903
G1 X132.176 Y164.087 E30.82452
G1 X132.29 Y163.559 E30.84248
G1 X132.365 Y163.294 E30.85164
G1 X132.861 Y161.833 E30.90296
G1 X133.193 Y160.887 E30.93631
G1 X133.663 Y159.611 E30.98153
G1 X134.133 Y158.416 E31.02424
G1 X134.244 Y158.124 E31.03463
G1 X134.821 Y156.791 E31.08294
G1 X135.414 Y155.527 E31.12938
G1 X135.996 Y154.356 E31.17288
G1 X136.543 Y153.325 E31.21169
G1 X137.024 Y152.479 E31.24406
G1 X137.434 Y151.8 E31.27044
G1 X137.744 Y151.317 E31.28953
G1 X138.469 Y150.236 E31.33282
G1 X138.594 Y150.077 E31.33955
G1 X138.802 Y149.904 E31.34855
G1 X139.041 Y149.598 E31.36146
G1 X139.254 Y149.422 E31.37065
G1 X139.573 Y149.138 E31.38486
G1 X139.962 Y148.741 E31.40334
G1 X140.352 Y148.277 E31.4235
G1 X140.547 Y148.112 E31.432
G1 X140.76 Y147.945 E31.441
G1 X141.069 Y147.711 E31.45389
G1 X141.422 Y147.429 E31.46892
G1 X141.814 Y147.101 E31.48592
G1 X142.251 Y146.717 E31.50527
G1 X142.52 Y146.472 E31.51737
G1 X140.933 Y144.882 E31.59209
G1 X135.85 Y139.8 E31.83116
G1 X136.855 Y138.795 E31.87843
G1 X140.89 Y142.83 E32.06822
G1 X143.569 Y145.513 E32.19433
G1 X143.793 Y145.334 E32.20387
G1 X145.282 Y143.845 E32.2739
G1 X145.463 Y143.622 E32.28346
G1 X142.785 Y140.938 E32.40956
G1 X142.196 Y140.351 E32.43722
G1 X138.749 Y136.901 E32.59943
;MESH:NONMESH
G0 F300 X138.749 Y136.901 Z0.6
G0 F9000 X138.991 Y136.901
G0 X145.636 Y143.613
G0 X145.385 Y143.938
G0 X143.886 Y145.438
G0 X143.56 Y145.686
G0 X136.855 Y139.037
G0 X136.917 Y138.733
;TIME_ELAPSED:49.860460
;LAYER:2
M106 S170
;TYPE:WALL-OUTER
;MESH:Warp_Reaction_Chamber_Lens.stl
G1 F1895.2 X141.291 Y143.109 E32.80521
G1 X143.645 Y145.468 E32.91606
G1 X145.416 Y143.698 E32.99933
G1 X141.116 Y139.392 E33.20173
G1 X138.688 Y136.964 E33.31594
G1 X140.101 Y135.55 E33.38243
G1 X146.731 Y142.181 E33.69431
G1 X147.206 Y141.627 E33.71858
G1 X147.476 Y141.295 E33.73281
G1 X147.721 Y140.982 E33.74603
G1 X147.925 Y140.707 E33.75742
G1 X148.078 Y140.512 E33.76566
G1 X148.26 Y140.324 E33.77437
G1 X148.468 Y140.153 E33.78332
G1 X148.666 Y139.967 E33.79236
G1 X148.923 Y139.719 E33.80424
G1 X149.185 Y139.434 E33.81711
G1 X149.506 Y139.066 E33.83335
G1 X149.853 Y138.788 E33.84814
G1 X150.192 Y138.5 E33.86294
G1 X150.5 Y138.264 E33.87584
G1 X150.871 Y137.999 E33.89101
G1 X151.306 Y137.699 E33.90858
G1 X151.809 Y137.375 E33.92848
G1 X152.479 Y136.972 E33.95449
G1 X153.295 Y136.509 E33.98569
G1 X154.334 Y135.958 E34.02481
G1 X155.502 Y135.375 E34.06823
G1 X156.764 Y134.783 E34.11459
G1 X158.082 Y134.212 E34.16236
G1 X159.407 Y133.686 E34.20978
G1 X160.716 Y133.206 E34.25615
G1 X161.966 Y132.769 E34.30019
G1 X162.984 Y132.431 E34.33587
G1 X163.448 Y132.289 E34.35201
G1 X163.773 Y132.202 E34.3632
G1 X164.076 Y132.132 E34.37354
G1 X165.173 Y131.908 E34.41078
G1 X168.643 Y131.218 E34.52845
G1 X168.992 Y131.163 E34.5402
G1 X169.402 Y131.116 E34.55393
G1 X170.016 Y131.065 E34.57442
G1 X170.982 Y130.994 E34.60664
G1 X172.111 Y130.917 E34.64428
G1 X173.241 Y130.845 E34.68194
G1 X174.208 Y130.79 E34.71415
G1 X174.848 Y130.76 E34.73546
G1 X175.282 Y130.754 E34.7499
G1 X175.593 Y130.763 E34.76025
G1 X176.005 Y130.792 E34.77398
G1 X179.417 Y131.014 E34.88771
G1 X180.185 Y131.066 E34.91331
G1 X180.49 Y131.095 E34.9235
G1 X180.944 Y131.162 E34.93876
G1 X181.557 Y131.272 E34.95948
G1 X182.507 Y131.453 E34.99164
G1 X183.618 Y131.671 E35.0293
G1 X184.729 Y131.894 E35.06699
G1 X185.678 Y132.09 E35.09922
G1 X186.348 Y132.24 E35.12205
G1 X186.722 Y132.335 E35.13489
G1 X187.03 Y132.426 E35.14557
G1 X191.387 Y133.905 E35.29861
G1 X191.673 Y134.015 E35.3088
G1 X192.087 Y134.195 E35.32381
G1 X192.65 Y134.458 E35.34448
G1 X193.521 Y134.88 E35.37667
G1 X194.731 Y135.474 E35.4215
G1 X195.554 Y135.881 E35.45204
G1 X196.418 Y136.316 E35.48421
G1 X196.989 Y136.612 E35.50561
G1 X197.365 Y136.821 E35.51991
G1 X197.637 Y136.99 E35.53056
G1 X201.464 Y139.547 E35.68365
G1 X201.75 Y139.755 E35.69541
G1 X202.066 Y140.008 E35.70887
G1 X202.54 Y140.409 E35.72952
G1 X203.274 Y141.041 E35.76174
G1 X204.288 Y141.927 E35.80653
G1 X204.98 Y142.533 E35.83712
G1 X205.7 Y143.177 E35.86925
G1 X206.171 Y143.607 E35.89046
G1 X206.485 Y143.911 E35.905
G1 X206.689 Y144.129 E35.91493
G1 X209.738 Y147.604 E36.06869
G1 X209.962 Y147.88 E36.08051
G1 X210.2 Y148.205 E36.09391
G1 X210.556 Y148.716 E36.11462
G1 X211.1 Y149.515 E36.14677
G1 X211.851 Y150.634 E36.1916
G1 X212.36 Y151.398 E36.22213
G1 X212.682 Y151.887 E36.2416
G1 X213.235 Y152.747 E36.27561
G1 X213.46 Y153.122 E36.29016
G1 X213.602 Y153.389 E36.30021
G1 X214.084 Y154.361 E36.3363
G1 X214.17 Y154.54 E36.3429
G1 X214.537 Y155.281 E36.37041
G1 X214.711 Y155.638 E36.38362
G1 X215.641 Y157.52 E36.45344
G1 X215.786 Y157.847 E36.46534
G1 X215.924 Y158.198 E36.47788
G1 X216.147 Y158.811 E36.49958
G1 X216.466 Y159.729 E36.5319
G1 X216.765 Y160.598 E36.56247
G1 X217.195 Y161.872 E36.60719
G1 X217.499 Y162.79 E36.63935
G1 X217.691 Y163.396 E36.66049
G1 X217.81 Y163.818 E36.67508
G1 X217.884 Y164.131 E36.68577
G1 X218.782 Y168.643 E36.83879
G1 X218.836 Y168.983 E36.85024
G1 X218.883 Y169.396 E36.86406
G1 X218.935 Y170.014 E36.88469
G1 X219.006 Y170.982 E36.91697
G1 X219.083 Y172.111 E36.95461
G1 X219.155 Y173.239 E36.9922
G1 X219.21 Y174.206 E37.02442
G1 X219.24 Y174.842 E37.0456
G1 X219.246 Y175.279 E37.06013
G1 X219.237 Y175.593 E37.07058
G1 X219.208 Y176.005 E37.08432
G1 X218.986 Y179.417 E37.19804
G1 X218.934 Y180.185 E37.22364
G1 X218.905 Y180.49 E37.23383
G1 X218.838 Y180.944 E37.2491
G1 X218.728 Y181.557 E37.26981
G1 X218.547 Y182.507 E37.30198
G1 X218.329 Y183.618 E37.33963
G1 X218.106 Y184.729 E37.37732
G1 X217.909 Y185.678 E37.40956
G1 X217.759 Y186.349 E37.43243
G1 X217.665 Y186.722 E37.44522
G1 X217.574 Y187.03 E37.4559
G1 X216.095 Y191.387 E37.60894
G1 X215.985 Y191.673 E37.61913
G1 X215.805 Y192.087 E37.63414
G1 X215.541 Y192.652 E37.65489
G1 X215.002 Y193.764 E37.69599
G1 X214.588 Y194.602 E37.72708
G1 X213.931 Y195.897 E37.77537
G1 X213.43 Y196.811 E37.81004
G1 X213.288 Y197.095 E37.8206
G1 X212.998 Y197.494 E37.83701
G1 X212.494 Y198.294 E37.86846
G1 X212.085 Y198.868 E37.8919
G1 X211.661 Y199.486 E37.91683
G1 X210.82 Y200.666 E37.96502
G1 X209.962 Y201.824 E38.01296
G1 X209.065 Y202.953 E38.06092
G1 X208.128 Y204.058 E38.1091
G1 X207.165 Y205.121 E38.15681
G1 X206.162 Y206.157 E38.20477
G1 X205.126 Y207.16 E38.25273
G1 X204.058 Y208.128 E38.30067
G1 X202.958 Y209.061 E38.34864
G1 X201.829 Y209.958 E38.3966
G1 X200.669 Y210.818 E38.44463
G1 X199.489 Y211.659 E38.49283
G1 X198.868 Y212.085 E38.51788
G1 X198.298 Y212.491 E38.54115
G1 X197.495 Y212.997 E38.57272
G1 X197.095 Y213.288 E38.58917
G1 X196.811 Y213.43 E38.59973
G1 X195.837 Y213.965 E38.63669
G1 X195.577 Y214.093 E38.64633
G1 X194.657 Y214.559 E38.68063
G1 X193.714 Y215.028 E38.71566
G1 X192.651 Y215.543 E38.75495
G1 X192.09 Y215.804 E38.77553
G1 X191.695 Y215.977 E38.78987
G1 X191.394 Y216.091 E38.80058
G1 X189.391 Y216.773 E38.87095
G1 X189.012 Y216.9 E38.88425
G1 X187.752 Y217.33 E38.92853
G1 X187.03 Y217.573 E38.95386
G1 X186.71 Y217.67 E38.96499
G1 X186.308 Y217.769 E38.97876
G1 X185.677 Y217.908 E39.00025
G1 X184.728 Y218.105 E39.03248
G1 X183.618 Y218.329 E39.07015
G1 X182.508 Y218.548 E39.10778
G1 X181.559 Y218.728 E39.1399
G1 X180.932 Y218.841 E39.16109
G1 X180.492 Y218.905 E39.17588
G1 X180.186 Y218.935 E39.18611
G1 X175.58 Y219.238 E39.33964
G1 X175.237 Y219.246 E39.35105
G1 X174.83 Y219.239 E39.36459
G1 X174.208 Y219.209 E39.3853
G1 X173.243 Y219.154 E39.41745
G1 X172.043 Y219.07 E39.45746
G1 X170.712 Y218.953 E39.5019
G1 X169.328 Y218.796 E39.54822
G1 X167.99 Y218.605 E39.59318
G1 X166.722 Y218.387 E39.63597
G1 X165.527 Y218.164 E39.6764
G1 X164.123 Y217.883 E39.72402
G1 X163.784 Y217.802 E39.73562
G1 X163.385 Y217.687 E39.74943
G1 X162.792 Y217.498 E39.77013
G1 X161.873 Y217.194 E39.80232
G1 X160.8 Y216.835 E39.83996
G1 X159.736 Y216.472 E39.87735
G1 X158.833 Y216.158 E39.90914
G1 X158.249 Y215.949 E39.92978
G1 X157.862 Y215.798 E39.94359
G1 X157.6 Y215.68 E39.95315
G1 X153.317 Y213.567 E40.112
G1 X153.045 Y213.421 E40.12226
G1 X152.69 Y213.204 E40.1361
G1 X152.188 Y212.881 E40.15596
G1 X151.391 Y212.355 E40.18772
G1 X150.276 Y211.612 E40.23228
G1 X149.516 Y211.102 E40.26272
G1 X148.715 Y210.557 E40.29495
G1 X148.193 Y210.193 E40.31611
G1 X147.842 Y209.932 E40.33066
G1 X147.595 Y209.73 E40.34127
G1 X144.134 Y206.696 E40.49435
G1 X143.878 Y206.452 E40.50612
G1 X143.594 Y206.156 E40.51976
G1 X143.178 Y205.699 E40.54032
G1 X142.533 Y204.977 E40.57252
G1 X141.039 Y203.275 E40.64784
G1 X140.406 Y202.541 E40.68008
G1 X139.995 Y202.052 E40.70132
G1 X139.722 Y201.707 E40.71596
G1 X139.541 Y201.454 E40.7263
G1 X136.983 Y197.628 E40.87938
G1 X136.798 Y197.326 E40.89116
G1 X136.604 Y196.971 E40.90461
G1 X136.316 Y196.417 E40.92538
G1 X135.967 Y195.726 E40.95113
G1 X135.378 Y194.539 E40.9952
G1 X134.878 Y193.522 E41.03289
G1 X134.457 Y192.651 E41.06507
G1 X134.196 Y192.09 E41.08565
G1 X134.023 Y191.695 E41.09999
G1 X133.909 Y191.394 E41.1107
G1 X133.227 Y189.391 E41.18107
G1 X133.1 Y189.012 E41.19437
G1 X132.67 Y187.752 E41.23865
G1 X132.425 Y187.024 E41.2642
G1 X132.33 Y186.709 E41.27514
G1 X132.231 Y186.308 E41.28888
G1 X132.092 Y185.677 E41.31037
G1 X131.895 Y184.728 E41.3426
G1 X131.671 Y183.618 E41.38027
G1 X131.452 Y182.508 E41.4179
G1 X131.272 Y181.559 E41.45002
G1 X131.158 Y180.926 E41.47142
G1 X131.095 Y180.49 E41.48607
G1 X131.065 Y180.185 E41.49626
G1 X130.762 Y175.58 E41.64976
G1 X130.754 Y175.242 E41.661
G1 X130.761 Y174.83 E41.67471
G1 X130.791 Y174.208 E41.69542
G1 X130.846 Y173.242 E41.7276
G1 X130.917 Y172.112 E41.76526
G1 X130.993 Y170.98 E41.80299
G1 X131.064 Y170.015 E41.83517
G1 X131.117 Y169.399 E41.85574
G1 X131.167 Y168.96 E41.87043
G1 X131.219 Y168.638 E41.88128
G1 X131.969 Y164.871 E42.00903
G1 X132.129 Y164.079 E42.03591
G1 X132.226 Y163.631 E42.05115
G1 X132.283 Y163.401 E42.05903
G1 X132.408 Y163.021 E42.07234
G1 X132.746 Y162.034 E42.10704
G1 X132.815 Y161.825 E42.11436
G1 X133.147 Y160.882 E42.14761
G1 X133.614 Y159.611 E42.19265
G1 X134.1 Y158.374 E42.23685
G1 X134.202 Y158.104 E42.24645
G1 X134.306 Y157.868 E42.25503
G1 X134.78 Y156.772 E42.29475
G1 X135.358 Y155.537 E42.3401
G1 X135.957 Y154.333 E42.38482
G1 X136.505 Y153.299 E42.42375
G1 X136.983 Y152.457 E42.45595
G1 X137.396 Y151.775 E42.48247
G1 X137.629 Y151.414 E42.49676
G1 X137.709 Y151.286 E42.50178
G1 X138.448 Y150.183 E42.54594
G1 X138.585 Y150.013 E42.5532
G1 X138.806 Y149.821 E42.56294
G1 X139.03 Y149.535 E42.57502
G1 X139.226 Y149.372 E42.5835
G1 X139.418 Y149.204 E42.59198
G1 X139.674 Y148.969 E42.60354
G1 X140.068 Y148.548 E42.62272
G1 X140.237 Y148.344 E42.63153
G1 X140.418 Y148.177 E42.63972
G1 X140.623 Y147.998 E42.64877
G1 X140.842 Y147.837 E42.65781
G1 X141.081 Y147.656 E42.66779
G1 X141.454 Y147.356 E42.68371
G1 X141.887 Y146.991 E42.70254
G1 X142.132 Y146.779 E42.71332
G1 X140.881 Y145.524 E42.77226
G1 X140.562 Y145.207 E42.78721
G1 X138.935 Y143.577 E42.86381
G1 X135.503 Y140.147 E43.0252
G1 X136.917 Y138.733 E43.09171
;TIME_ELAPSED:60.169306
;LAYER:3
M106 S255
;MESH:Warp_Reaction_Chamber_Lens.stl
G0 F12000 X136.917 Y138.733 Z0.8
;TYPE:WALL-OUTER
G1 F1893.7 X140.364 Y142.181 E43.25387
G1 X143.645 Y145.468 E43.40834
G1 X145.416 Y143.698 E43.49162
G1 X143.805 Y142.083 E43.56749
G1 X138.687 Y136.964 E43.80824
G1 X140.397 Y135.254 E43.88868
G1 X146.983 Y141.838 E44.19842
G1 X147.342 Y141.407 E44.21707
G1 X147.711 Y140.937 E44.23695
G1 X147.908 Y140.671 E44.24796
G1 X148.092 Y140.449 E44.25755
G1 X148.266 Y140.256 E44.26619
G1 X148.523 Y140.047 E44.27721
G1 X148.712 Y139.86 E44.28605
G1 X148.986 Y139.577 E44.29915
G1 X149.268 Y139.258 E44.31331
G1 X149.444 Y139.054 E44.32227
G1 X149.768 Y138.794 E44.33609
G1 X150.079 Y138.527 E44.34972
G1 X150.413 Y138.271 E44.36372
G1 X150.801 Y137.991 E44.37964
G1 X151.249 Y137.681 E44.39776
G1 X151.767 Y137.348 E44.41824
G1 X152.473 Y136.923 E44.44564
G1 X153.268 Y136.471 E44.47606
G1 X154.312 Y135.918 E44.51536
G1 X155.481 Y135.334 E44.55882
G1 X156.745 Y134.741 E44.60526
G1 X158.064 Y134.17 E44.65306
G1 X159.391 Y133.643 E44.70055
G1 X160.702 Y133.162 E44.747
G1 X161.958 Y132.723 E44.79125
G1 X162.997 Y132.377 E44.82767
G1 X163.079 Y132.355 E44.8305
G1 X163.46 Y132.236 E44.84377
G1 X163.74 Y132.163 E44.8534
G1 X164.085 Y132.083 E44.86518
G1 X165.083 Y131.879 E44.89906
G1 X168.661 Y131.169 E45.02038
G1 X168.956 Y131.121 E45.03032
G1 X169.374 Y131.074 E45.04431
G1 X170.009 Y131.018 E45.06551
G1 X171.811 Y130.891 E45.1256
G1 X173.24 Y130.799 E45.17322
G1 X174.209 Y130.744 E45.20551
G1 X174.849 Y130.715 E45.22681
G1 X175.269 Y130.707 E45.24079
G1 X175.605 Y130.719 E45.25197
G1 X176.584 Y130.781 E45.28459
G1 X176.86 Y130.802 E45.2938
G1 X180.207 Y131.02 E45.40536
G1 X180.49 Y131.049 E45.41482
G1 X180.639 Y131.07 E45.41983
G1 X180.992 Y131.125 E45.43171
G1 X181.565 Y131.226 E45.45106
G1 X182.514 Y131.407 E45.48319
G1 X183.627 Y131.626 E45.52092
G1 X184.739 Y131.849 E45.55864
G1 X185.69 Y132.047 E45.59095
G1 X186.351 Y132.194 E45.61347
G1 X186.731 Y132.288 E45.62649
G1 X187.052 Y132.386 E45.63766
G1 X191.419 Y133.869 E45.79105
G1 X191.715 Y133.982 E45.80159
G1 X192.091 Y134.146 E45.81523
G1 X192.668 Y134.415 E45.83641
G1 X193.541 Y134.838 E45.86867
G1 X194.56 Y135.338 E45.90642
G1 X195.575 Y135.84 E45.94408
G1 X196.443 Y136.276 E45.97639
G1 X197.008 Y136.571 E45.99759
G1 X197.337 Y136.753 E46.0101
G1 X197.637 Y136.936 E46.02178
G1 X197.988 Y137.168 E46.03578
G1 X201.493 Y139.511 E46.176
G1 X201.729 Y139.682 E46.1857
G1 X201.849 Y139.775 E46.19075
G1 X202.123 Y139.996 E46.20245
G1 X202.569 Y140.37 E46.22181
G1 X203.934 Y141.555 E46.28194
G1 X205.01 Y142.499 E46.32954
G1 X205.6 Y143.028 E46.3559
G1 X205.732 Y143.143 E46.36172
G1 X206.234 Y143.606 E46.38444
G1 X206.508 Y143.867 E46.39702
G1 X206.743 Y144.12 E46.40851
G1 X209.785 Y147.588 E46.56194
G1 X209.986 Y147.835 E46.57253
G1 X210.259 Y148.208 E46.58791
G1 X210.593 Y148.686 E46.6073
G1 X211.138 Y149.489 E46.63958
G1 X211.936 Y150.679 E46.68723
G1 X212.399 Y151.374 E46.71501
G1 X212.93 Y152.184 E46.74722
G1 X213.02 Y152.328 E46.75287
G1 X213.28 Y152.731 E46.76882
G1 X213.425 Y152.975 E46.77826
G1 X213.636 Y153.355 E46.79272
G1 X213.829 Y153.738 E46.80698
G1 X214.789 Y155.689 E46.8793
G1 X215.323 Y156.768 E46.91935
G1 X215.691 Y157.52 E46.94719
G1 X215.818 Y157.8 E46.95742
G1 X215.99 Y158.245 E46.97329
G1 X216.19 Y158.793 E46.99269
G1 X216.509 Y159.713 E47.02508
G1 X216.878 Y160.786 E47.06282
G1 X217.239 Y161.858 E47.10044
G1 X217.543 Y162.778 E47.13266
G1 X217.736 Y163.389 E47.15398
G1 X217.853 Y163.793 E47.16796
G1 X217.92 Y164.085 E47.17793
G1 X218.006 Y164.502 E47.19209
G1 X218.83 Y168.654 E47.33288
G1 X218.879 Y168.956 E47.34306
G1 X218.926 Y169.374 E47.35705
G1 X218.982 Y170.006 E47.37815
G1 X219.109 Y171.811 E47.43833
G1 X219.201 Y173.238 E47.48589
G1 X219.256 Y174.206 E47.51814
G1 X219.285 Y174.844 E47.53938
G1 X219.293 Y175.265 E47.55339
G1 X219.281 Y175.605 E47.5647
G1 X219.219 Y176.584 E47.59733
G1 X219.198 Y176.86 E47.60654
G1 X218.981 Y180.199 E47.71783
G1 X218.952 Y180.484 E47.72735
G1 X218.93 Y180.639 E47.73256
G1 X218.876 Y180.988 E47.74431
G1 X218.774 Y181.565 E47.7638
G1 X218.593 Y182.514 E47.79593
G1 X218.374 Y183.627 E47.83366
G1 X218.151 Y184.739 E47.87138
G1 X217.953 Y185.69 E47.90369
G1 X217.806 Y186.351 E47.92621
G1 X217.712 Y186.73 E47.9392
G1 X217.616 Y187.046 E47.95018
G1 X216.131 Y191.419 E48.10379
G1 X216.018 Y191.715 E48.11432
G1 X215.854 Y192.091 E48.12797
G1 X215.585 Y192.668 E48.14914
G1 X215.007 Y193.858 E48.19314
G1 X214.627 Y194.628 E48.2217
G1 X214.163 Y195.541 E48.25576
G1 X214.006 Y195.86 E48.26759
G1 X213.503 Y196.775 E48.30232
G1 X213.332 Y197.12 E48.31513
G1 X212.981 Y197.601 E48.33493
G1 X212.531 Y198.316 E48.36303
G1 X212.059 Y198.978 E48.39007
G1 X211.695 Y199.509 E48.41148
G1 X211.375 Y199.961 E48.4299
G1 X210.854 Y200.689 E48.45968
G1 X209.995 Y201.849 E48.50769
G1 X209.097 Y202.979 E48.55569
G1 X208.159 Y204.085 E48.60393
G1 X207.196 Y205.148 E48.65163
G1 X206.791 Y205.564 E48.67094
G1 X206.191 Y206.186 E48.69969
G1 X205.149 Y207.195 E48.74793
G1 X204.085 Y208.159 E48.79568
G1 X202.984 Y209.093 E48.8437
G1 X201.854 Y209.991 E48.89171
G1 X200.692 Y210.852 E48.93981
G1 X199.512 Y211.693 E48.98801
G1 X198.978 Y212.059 E49.00954
G1 X198.32 Y212.528 E49.03642
G1 X197.602 Y212.98 E49.06463
G1 X197.124 Y213.33 E49.08434
G1 X196.775 Y213.503 E49.09729
G1 X195.86 Y214.006 E49.13202
G1 X195.541 Y214.163 E49.14385
G1 X194.703 Y214.589 E49.17512
G1 X193.787 Y215.044 E49.20913
G1 X192.668 Y215.585 E49.25047
G1 X192.09 Y215.854 E49.27168
G1 X191.699 Y216.025 E49.28587
G1 X191.38 Y216.145 E49.29721
G1 X187.03 Y217.623 E49.45001
G1 X186.754 Y217.704 E49.45958
G1 X186.254 Y217.829 E49.47672
G1 X185.69 Y217.953 E49.49593
G1 X184.738 Y218.15 E49.52826
G1 X183.627 Y218.374 E49.56596
G1 X182.515 Y218.593 E49.60365
G1 X181.565 Y218.774 E49.63582
G1 X180.993 Y218.876 E49.65514
G1 X180.507 Y218.95 E49.67149
G1 X180.18 Y218.981 E49.68242
G1 X175.578 Y219.284 E49.83581
G1 X175.295 Y219.292 E49.84523
G1 X174.85 Y219.285 E49.86003
G1 X174.209 Y219.256 E49.88137
G1 X173.242 Y219.2 E49.91359
G1 X172.04 Y219.116 E49.95367
G1 X170.707 Y218.998 E49.99818
G1 X169.322 Y218.842 E50.04453
G1 X167.986 Y218.651 E50.08942
G1 X166.716 Y218.433 E50.13228
G1 X165.516 Y218.208 E50.17289
G1 X164.116 Y217.928 E50.22037
G1 X163.824 Y217.859 E50.23035
G1 X163.674 Y217.818 E50.23552
G1 X163.336 Y217.719 E50.24724
G1 X162.778 Y217.543 E50.2667
G1 X161.067 Y216.974 E50.32667
G1 X159.72 Y216.515 E50.374
G1 X158.663 Y216.146 E50.41124
G1 X158.237 Y215.994 E50.42628
G1 X157.983 Y215.894 E50.43536
G1 X157.613 Y215.736 E50.44874
G1 X153.273 Y213.598 E50.60966
G1 X153.051 Y213.478 E50.61805
G1 X152.684 Y213.254 E50.63235
G1 X152.164 Y212.921 E50.65289
G1 X151.367 Y212.394 E50.68467
G1 X150.18 Y211.603 E50.73211
G1 X149.49 Y211.14 E50.75975
G1 X148.689 Y210.594 E50.79199
G1 X148.161 Y210.225 E50.81341
G1 X147.817 Y209.972 E50.82762
G1 X147.558 Y209.759 E50.83877
G1 X144.351 Y206.946 E50.98065
G1 X144.101 Y206.729 E50.99166
G1 X143.889 Y206.527 E51.0014
G1 X143.782 Y206.418 E51.00648
G1 X143.537 Y206.161 E51.01829
G1 X143.146 Y205.735 E51.03753
G1 X142.501 Y205.009 E51.06983
G1 X141.004 Y203.304 E51.14529
G1 X140.656 Y202.902 E51.16298
G1 X140.49 Y202.705 E51.17154
G1 X140.369 Y202.569 E51.1776
G1 X139.936 Y202.05 E51.20008
G1 X139.696 Y201.751 E51.21283
G1 X139.498 Y201.471 E51.22424
G1 X139.285 Y201.155 E51.23691
G1 X136.938 Y197.643 E51.3774
G1 X136.788 Y197.4 E51.3869
G1 X136.543 Y196.956 E51.40377
G1 X136.277 Y196.443 E51.42299
G1 X135.841 Y195.575 E51.4553
G1 X135.467 Y194.825 E51.48317
G1 X134.837 Y193.543 E51.53068
G1 X134.415 Y192.668 E51.56299
G1 X134.146 Y192.09 E51.5842
G1 X133.973 Y191.695 E51.59854
G1 X133.855 Y191.381 E51.60969
G1 X132.377 Y187.03 E51.76253
G1 X132.294 Y186.748 E51.77231
G1 X132.171 Y186.254 E51.78924
G1 X132.047 Y185.69 E51.80845
G1 X131.85 Y184.738 E51.84078
G1 X131.626 Y183.627 E51.87848
G1 X131.407 Y182.515 E51.91617
G1 X131.226 Y181.565 E51.94834
G1 X131.123 Y180.988 E51.96783
G1 X131.05 Y180.507 E51.98401
G1 X131.019 Y180.18 E51.99494
G1 X130.716 Y175.578 E52.14833
G1 X130.708 Y175.3 E52.15758
G1 X130.709 Y175.143 E52.16281
G1 X130.715 Y174.85 E52.17255
G1 X130.744 Y174.209 E52.19389
G1 X130.8 Y173.241 E52.22614
G1 X130.872 Y172.108 E52.2639
G1 X130.947 Y170.975 E52.30167
G1 X131.018 Y170.009 E52.33389
G1 X131.074 Y169.375 E52.35506
G1 X131.123 Y168.945 E52.36945
G1 X131.177 Y168.62 E52.38041
G1 X131.915 Y164.905 E52.50638
G1 X132.142 Y163.801 E52.54387
G1 X132.21 Y163.494 E52.55433
G1 X132.292 Y163.221 E52.56381
G1 X132.769 Y161.817 E52.61313
G1 X133.099 Y160.879 E52.6462
G1 X133.565 Y159.612 E52.6911
G1 X134.067 Y158.332 E52.73683
G1 X134.16 Y158.085 E52.74561
G1 X134.305 Y157.755 E52.7576
G1 X134.738 Y156.753 E52.7939
G1 X135.331 Y155.486 E52.84043
G1 X135.917 Y154.311 E52.8841
G1 X136.468 Y153.273 E52.92319
G1 X136.952 Y152.422 E52.95575
G1 X137.351 Y151.758 E52.98152
G1 X137.676 Y151.254 E53.00146
G1 X138.322 Y150.287 E53.04014
G1 X138.538 Y149.979 E53.05265
G1 X138.583 Y149.934 E53.05477
G1 X138.806 Y149.743 E53.06454
G1 X139.014 Y149.477 E53.07577
G1 X139.213 Y149.31 E53.08441
G1 X139.429 Y149.122 E53.09393
G1 X139.675 Y148.897 E53.10502
G1 X140.061 Y148.491 E53.12365
G1 X140.232 Y148.294 E53.13233
G1 X140.438 Y148.099 E53.14176
G1 X140.678 Y147.913 E53.15186
G1 X140.917 Y147.736 E53.16175
G1 X141.283 Y147.45 E53.1772
G1 X141.793 Y147.029 E53.1992
G1 X135.207 Y140.443 E53.50898
G1 X136.917 Y138.733 E53.58942
;MESH:NONMESH
G0 F300 X136.917 Y138.733 Z1
G0 F12000 X136.917 Y138.975
G0 X143.645 Y145.649
G0 X145.597 Y143.698
G0 X138.929 Y136.964
G0 X138.687 Y136.963
;TIME_ELAPSED:71.288716
;LAYER:4
;TYPE:WALL-OUTER
;MESH:Warp_Reaction_Chamber_Lens.stl
G1 F1897.1 X140.655 Y134.995 E53.68199
G1 X147.195 Y141.535 E53.98961
G1 X147.586 Y141.04 E54.01059
G1 X147.965 Y140.541 E54.03143
G1 X148.143 Y140.316 E54.04097
G1 X148.343 Y140.147 E54.04968
G1 X148.777 Y139.723 E54.06986
G1 X148.963 Y139.522 E54.07897
G1 X149.206 Y139.246 E54.0912
G1 X149.385 Y139.038 E54.10033
G1 X149.682 Y138.801 E54.11296
G1 X149.967 Y138.553 E54.12553
G1 X150.331 Y138.274 E54.14078
G1 X150.73 Y137.987 E54.15713
G1 X151.156 Y137.693 E54.17435
G1 X151.203 Y137.657 E54.17632
G1 X151.71 Y137.329 E54.1964
G1 X152.39 Y136.917 E54.22284
G1 X153.242 Y136.433 E54.25544
G1 X154.289 Y135.878 E54.29485
G1 X155.46 Y135.293 E54.33839
G1 X156.727 Y134.699 E54.38493
G1 X158.052 Y134.125 E54.43296
G1 X159.374 Y133.6 E54.48027
G1 X160.688 Y133.118 E54.52682
G1 X161.951 Y132.677 E54.57131
G1 X162.988 Y132.33 E54.60768
G1 X163.12 Y132.294 E54.61223
G1 X163.457 Y132.188 E54.62398
G1 X163.506 Y132.178 E54.62565
G1 X163.758 Y132.11 E54.63433
G1 X164.031 Y132.046 E54.64365
G1 X164.992 Y131.85 E54.67627
G1 X168.632 Y131.127 E54.79971
G1 X168.977 Y131.073 E54.81132
G1 X169.366 Y131.027 E54.82435
G1 X170 Y130.973 E54.84551
G1 X171.725 Y130.851 E54.90303
G1 X173.238 Y130.753 E54.95346
G1 X174.208 Y130.698 E54.98577
G1 X174.851 Y130.669 E55.00718
G1 X175.276 Y130.662 E55.02132
G1 X175.578 Y130.671 E55.03137
G1 X177.538 Y130.798 E55.09669
G1 X177.894 Y130.823 E55.10856
G1 X180.214 Y130.974 E55.18589
G1 X180.553 Y131.011 E55.19723
G1 X180.941 Y131.068 E55.21028
G1 X181.571 Y131.18 E55.23156
G1 X182.523 Y131.362 E55.26379
G1 X183.636 Y131.581 E55.30152
G1 X184.75 Y131.805 E55.33932
G1 X185.703 Y132.002 E55.37168
G1 X186.324 Y132.14 E55.39284
G1 X186.739 Y132.244 E55.40707
G1 X187.039 Y132.332 E55.41747
G1 X191.417 Y133.818 E55.57124
G1 X191.447 Y133.831 E55.57233
G1 X191.712 Y133.93 E55.58174
G1 X192.107 Y134.102 E55.59607
G1 X192.685 Y134.372 E55.61729
G1 X194.238 Y135.128 E55.67473
G1 X195.597 Y135.8 E55.72516
G1 X196.466 Y136.237 E55.75751
G1 X197.036 Y136.534 E55.77889
G1 X197.397 Y136.731 E55.79257
G1 X197.715 Y136.932 E55.80508
G1 X201.513 Y139.467 E55.95695
G1 X201.546 Y139.494 E55.95837
G1 X201.779 Y139.66 E55.96789
G1 X202.105 Y139.92 E55.98176
G1 X202.597 Y140.334 E56.00314
G1 X203.332 Y140.97 E56.03547
G1 X205.043 Y142.466 E56.11106
G1 X205.646 Y143.008 E56.13803
G1 X205.765 Y143.111 E56.14327
G1 X206.237 Y143.545 E56.16459
G1 X206.545 Y143.841 E56.1788
G1 X206.754 Y144.064 E56.18897
G1 X207.019 Y144.363 E56.20225
G1 X207.6 Y145.028 E56.23162
G1 X209.812 Y147.546 E56.3431
G1 X209.827 Y147.568 E56.34399
G1 X210.016 Y147.8 E56.35394
G1 X210.264 Y148.134 E56.36777
G1 X210.33 Y148.232 E56.3717
G1 X210.629 Y148.658 E56.38901
G1 X211.175 Y149.463 E56.42137
G1 X211.809 Y150.406 E56.45916
G1 X212.438 Y151.35 E56.49689
G1 X212.973 Y152.165 E56.52932
G1 X213.089 Y152.35 E56.53658
G1 X213.316 Y152.704 E56.55056
G1 X213.541 Y153.08 E56.56514
G1 X213.683 Y153.343 E56.57508
G1 X215.727 Y157.484 E56.72867
G1 X215.737 Y157.512 E56.72966
G1 X215.854 Y157.77 E56.73909
G1 X216.012 Y158.168 E56.75333
G1 X216.233 Y158.774 E56.77478
G1 X216.798 Y160.408 E56.83229
G1 X217.283 Y161.845 E56.88273
G1 X217.587 Y162.766 E56.91499
G1 X217.767 Y163.335 E56.93484
G1 X217.897 Y163.777 E56.95016
G1 X217.969 Y164.085 E56.96068
G1 X218.873 Y168.632 E57.11488
G1 X218.926 Y168.971 E57.12629
G1 X218.973 Y169.366 E57.13952
G1 X219.027 Y170 E57.16068
G1 X219.149 Y171.724 E57.21817
G1 X219.247 Y173.236 E57.26856
G1 X219.302 Y174.206 E57.30087
G1 X219.331 Y174.845 E57.32215
G1 X219.338 Y175.273 E57.33639
G1 X219.329 Y175.578 E57.34654
G1 X219.202 Y177.538 E57.41186
G1 X219.177 Y177.894 E57.42373
G1 X219.027 Y180.205 E57.50076
G1 X218.99 Y180.546 E57.51217
G1 X218.933 Y180.935 E57.52524
G1 X218.82 Y181.571 E57.54673
G1 X218.638 Y182.523 E57.57896
G1 X218.419 Y183.636 E57.61669
G1 X218.195 Y184.75 E57.65449
G1 X217.999 Y185.7 E57.68675
G1 X217.86 Y186.324 E57.70801
G1 X217.756 Y186.739 E57.72224
G1 X217.668 Y187.039 E57.73264
G1 X216.183 Y191.415 E57.88634
G1 X216.169 Y191.447 E57.8875
G1 X216.072 Y191.708 E57.89676
G1 X215.9 Y192.103 E57.91109
G1 X215.628 Y192.686 E57.93249
G1 X215.059 Y193.858 E57.97582
G1 X214.67 Y194.646 E58.00505
G1 X214.614 Y194.751 E58.00901
G1 X214.234 Y195.503 E58.03703
G1 X214.086 Y195.802 E58.04813
G1 X213.988 Y195.989 E58.05515
G1 X213.576 Y196.74 E58.08364
G1 X213.375 Y197.145 E58.09868
G1 X212.965 Y197.708 E58.12184
G1 X212.567 Y198.339 E58.14665
G1 X212.034 Y199.089 E58.17726
G1 X211.73 Y199.532 E58.19513
G1 X210.887 Y200.713 E58.24339
G1 X210.027 Y201.874 E58.29144
G1 X209.125 Y203.011 E58.33971
G1 X208.195 Y204.107 E58.38752
G1 X207.224 Y205.177 E58.43558
G1 X206.22 Y206.215 E58.48361
G1 X205.177 Y207.224 E58.53188
G1 X204.107 Y208.195 E58.57993
G1 X203.011 Y209.125 E58.62774
G1 X202.425 Y209.588 E58.65258
G1 X201.879 Y210.023 E58.6758
G1 X200.716 Y210.885 E58.72395
G1 X199.535 Y211.728 E58.77221
G1 X199.089 Y212.034 E58.7902
G1 X198.343 Y212.564 E58.82064
G1 X197.709 Y212.964 E58.84557
G1 X197.145 Y213.375 E58.86878
G1 X196.74 Y213.576 E58.88382
G1 X195.882 Y214.048 E58.91639
G1 X195.504 Y214.234 E58.9304
G1 X194.745 Y214.62 E58.95872
G1 X193.861 Y215.059 E58.99155
G1 X192.686 Y215.628 E59.03497
G1 X192.105 Y215.897 E59.05627
G1 X191.73 Y216.061 E59.06988
G1 X191.424 Y216.178 E59.08078
G1 X187.047 Y217.666 E59.23454
G1 X186.73 Y217.759 E59.24553
G1 X186.329 Y217.86 E59.25928
G1 X186.211 Y217.884 E59.26329
G1 X185.703 Y217.998 E59.2806
G1 X184.75 Y218.195 E59.31297
G1 X184.01 Y218.345 E59.33808
G1 X182.523 Y218.639 E59.3885
G1 X181.571 Y218.82 E59.42073
G1 X180.939 Y218.931 E59.44207
G1 X180.517 Y218.995 E59.45627
G1 X180.159 Y219.029 E59.46823
G1 X175.583 Y219.33 E59.62075
G1 X175.56 Y219.329 E59.62152
G1 X175.266 Y219.338 E59.6313
G1 X174.852 Y219.332 E59.64507
G1 X174.209 Y219.302 E59.66648
G1 X173.24 Y219.246 E59.69877
G1 X172.037 Y219.162 E59.73888
G1 X170.703 Y219.044 E59.78342
G1 X169.318 Y218.888 E59.82977
G1 X167.981 Y218.697 E59.8747
G1 X166.71 Y218.478 E59.91759
G1 X165.505 Y218.253 E59.95836
G1 X164.102 Y217.972 E60.00595
G1 X163.782 Y217.896 E60.01689
G1 X163.382 Y217.782 E60.03073
G1 X162.766 Y217.588 E60.05221
G1 X161.132 Y217.044 E60.10949
G1 X159.704 Y216.558 E60.15966
G1 X158.798 Y216.244 E60.19155
G1 X158.221 Y216.037 E60.21194
G1 X158.146 Y216.006 E60.21464
G1 X157.863 Y215.897 E60.22472
G1 X157.582 Y215.773 E60.23494
G1 X153.254 Y213.64 E60.39542
G1 X153.004 Y213.505 E60.40487
G1 X152.986 Y213.492 E60.40561
G1 X152.66 Y213.296 E60.41826
G1 X152.141 Y212.961 E60.43881
G1 X150.718 Y212.018 E60.49559
G1 X149.463 Y211.177 E60.54583
G1 X148.661 Y210.631 E60.5781
G1 X148.131 Y210.261 E60.5996
G1 X147.815 Y210.029 E60.61264
G1 X147.55 Y209.813 E60.62401
G1 X144.073 Y206.765 E60.7778
G1 X144.051 Y206.742 E60.77886
G1 X143.838 Y206.544 E60.78853
G1 X143.544 Y206.238 E60.80265
G1 X143.112 Y205.765 E60.82395
G1 X142.466 Y205.04 E60.85625
G1 X140.968 Y203.334 E60.93176
G1 X140.333 Y202.598 E60.96409
G1 X139.922 Y202.105 E60.98544
G1 X139.662 Y201.781 E60.99926
G1 X139.477 Y201.523 E61.00982
G1 X139.256 Y201.196 E61.02294
G1 X138.766 Y200.459 E61.05238
G1 X136.898 Y197.666 E61.16414
G1 X136.737 Y197.405 E61.17434
G1 X136.531 Y197.033 E61.18848
G1 X136.236 Y196.464 E61.2098
G1 X135.465 Y194.923 E61.26711
G1 X134.796 Y193.561 E61.31758
G1 X134.372 Y192.686 E61.34992
G1 X134.103 Y192.105 E61.37121
G1 X133.939 Y191.73 E61.38482
G1 X133.822 Y191.424 E61.39572
G1 X132.334 Y187.047 E61.54948
G1 X132.241 Y186.73 E61.56047
G1 X132.139 Y186.325 E61.57436
G1 X132.116 Y186.211 E61.57823
G1 X132.001 Y185.699 E61.59568
G1 X131.805 Y184.75 E61.62791
G1 X131.655 Y184.01 E61.65303
G1 X131.361 Y182.523 E61.70344
G1 X131.18 Y181.571 E61.73567
G1 X131.068 Y180.934 E61.75718
G1 X131.005 Y180.517 E61.77121
G1 X130.971 Y180.159 E61.78317
G1 X130.67 Y175.583 E61.9357
G1 X130.671 Y175.56 E61.93646
G1 X130.662 Y175.272 E61.94605
G1 X130.668 Y174.852 E61.96002
G1 X130.698 Y174.209 E61.98143
G1 X130.754 Y173.239 E62.01374
G1 X130.826 Y172.105 E62.05154
G1 X130.901 Y170.97 E62.08937
G1 X130.973 Y170.004 E62.12159
G1 X131.029 Y169.366 E62.14289
G1 X131.074 Y168.961 E62.15644
G1 X131.127 Y168.633 E62.16749
G1 X131.955 Y164.471 E62.30864
G1 X131.979 Y164.366 E62.31222
G1 X132.048 Y164.028 E62.32369
G1 X132.161 Y163.499 E62.34168
G1 X132.245 Y163.217 E62.35147
G1 X132.716 Y161.831 E62.40016
G1 X133.051 Y160.876 E62.43382
G1 X133.516 Y159.612 E62.47861
G1 X134.034 Y158.289 E62.52587
G1 X134.122 Y158.056 E62.53415
G1 X134.696 Y156.734 E62.58209
G1 X135.29 Y155.465 E62.62869
G1 X135.877 Y154.288 E62.67244
G1 X136.43 Y153.247 E62.71164
G1 X136.855 Y152.498 E62.74029
G1 X137.304 Y151.751 E62.76927
G1 X137.626 Y151.246 E62.78919
G1 X138.141 Y150.474 E62.82006
G1 X138.167 Y150.441 E62.82146
G1 X138.316 Y150.215 E62.83046
G1 X138.537 Y149.9 E62.84326
G1 X138.597 Y149.847 E62.84592
G1 X138.809 Y149.662 E62.85528
G1 X139.002 Y149.415 E62.86571
G1 X139.201 Y149.249 E62.87433
G1 X139.44 Y149.041 E62.88486
G1 X139.676 Y148.824 E62.89553
G1 X140.053 Y148.434 E62.91357
G1 X140.222 Y148.246 E62.92198
G1 X140.42 Y148.065 E62.9309
G1 X140.922 Y147.687 E62.9518
G1 X141.127 Y147.528 E62.96043
G1 X141.487 Y147.242 E62.97572
G1 X134.949 Y140.702 E63.28329
G1 X136.917 Y138.733 E63.37589
G1 X140.364 Y142.181 E63.53805
G1 X143.645 Y145.468 E63.69252
G1 X145.416 Y143.698 E63.77579
G1 X140.948 Y139.224 E63.9861
G1 X138.687 Y136.963 E64.09245
;MESH:NONMESH
G0 F300 X138.687 Y136.963 Z1.2
G0 F12000 X138.929 Y136.963
G0 X145.597 Y143.698
G0 X143.645 Y145.649
G0 X136.917 Y138.975
G0 X136.917 Y138.733
;TIME_ELAPSED:82.313665
;LAYER:5
;TYPE:WALL-OUTER
;MESH:Warp_Reaction_Chamber_Lens.stl
G1 F1897.9 X141.235 Y143.053 E64.2956
G1 X143.645 Y145.468 E64.40908
G1 X145.416 Y143.698 E64.49236
G1 X138.688 Y136.963 E64.80898
G1 X140.887 Y134.764 E64.91242
G1 X141.843 Y135.723 E64.95746
G1 X147.378 Y141.254 E65.21771
G1 X147.793 Y140.708 E65.24052
G1 X148.003 Y140.425 E65.25224
G1 X148.148 Y140.263 E65.25947
G1 X148.382 Y140.052 E65.26995
G1 X148.569 Y139.863 E65.2788
G1 X148.831 Y139.591 E65.29136
G1 X149.145 Y139.234 E65.30717
G1 X149.324 Y139.025 E65.31632
G1 X149.598 Y138.806 E65.32799
G1 X149.857 Y138.577 E65.33949
G1 X150.239 Y138.283 E65.35552
G1 X150.661 Y137.981 E65.37278
G1 X151.059 Y137.706 E65.38887
G1 X151.161 Y137.63 E65.3931
G1 X151.629 Y137.327 E65.41165
G1 X152.359 Y136.883 E65.44006
G1 X153.216 Y136.395 E65.47287
G1 X154.266 Y135.838 E65.5124
G1 X155.44 Y135.251 E65.55605
G1 X156.707 Y134.657 E65.6026
G1 X158.028 Y134.085 E65.65048
G1 X159.357 Y133.557 E65.69804
G1 X160.674 Y133.074 E65.7447
G1 X161.944 Y132.631 E65.78943
G1 X163.001 Y132.277 E65.82651
G1 X163.161 Y132.233 E65.83203
G1 X163.454 Y132.141 E65.84224
G1 X163.754 Y132.063 E65.85255
G1 X164.088 Y131.988 E65.86394
G1 X164.902 Y131.821 E65.89157
G1 X168.26 Y131.153 E66.00545
G1 X168.681 Y131.072 E66.01971
G1 X168.934 Y131.032 E66.02823
G1 X169.358 Y130.982 E66.04243
G1 X169.997 Y130.927 E66.06376
G1 X170.969 Y130.856 E66.09617
G1 X171.95 Y130.79 E66.12888
G1 X173.236 Y130.707 E66.17174
G1 X174.208 Y130.652 E66.20412
G1 X174.853 Y130.623 E66.22559
G1 X175.27 Y130.615 E66.23947
G1 X175.577 Y130.625 E66.24968
G1 X179.3 Y130.868 E66.37377
G1 X179.718 Y130.897 E66.38771
G1 X180.221 Y130.928 E66.40447
G1 X180.525 Y130.961 E66.41464
G1 X180.945 Y131.022 E66.42876
G1 X181.577 Y131.135 E66.45011
G1 X182.53 Y131.317 E66.48238
G1 X183.645 Y131.536 E66.52017
G1 X184.76 Y131.76 E66.558
G1 X185.714 Y131.958 E66.59041
G1 X186.343 Y132.098 E66.61184
G1 X186.75 Y132.197 E66.62577
G1 X187.049 Y132.287 E66.63616
G1 X191.45 Y133.78 E66.79073
G1 X191.731 Y133.89 E66.80076
G1 X192.124 Y134.06 E66.81501
G1 X192.703 Y134.33 E66.83625
G1 X194.181 Y135.048 E66.89091
G1 X195.619 Y135.759 E66.94426
G1 X196.489 Y136.197 E66.97666
G1 X197.061 Y136.495 E66.99811
G1 X197.423 Y136.694 E67.01185
G1 X197.692 Y136.862 E67.0224
G1 X198.01 Y137.072 E67.03507
G1 X201.138 Y139.164 E67.16023
G1 X201.558 Y139.442 E67.17699
G1 X201.802 Y139.621 E67.18705
G1 X202.131 Y139.882 E67.20102
G1 X202.625 Y140.297 E67.22248
G1 X203.362 Y140.934 E67.25488
G1 X205.071 Y142.431 E67.33044
G1 X205.693 Y142.988 E67.35821
G1 X205.803 Y143.082 E67.36302
G1 X206.272 Y143.515 E67.38426
G1 X206.581 Y143.81 E67.39846
G1 X206.786 Y144.031 E67.40849
G1 X207.042 Y144.32 E67.42133
G1 X209.85 Y147.52 E67.56293
G1 X210.045 Y147.763 E67.57329
G1 X210.299 Y148.105 E67.58746
G1 X210.666 Y148.63 E67.60877
G1 X211.213 Y149.435 E67.64114
G1 X212.477 Y151.326 E67.71679
G1 X213.01 Y152.14 E67.74915
G1 X213.36 Y152.688 E67.77078
G1 X213.586 Y153.066 E67.78543
G1 X213.723 Y153.32 E67.79502
G1 X215.771 Y157.47 E67.94895
G1 X215.898 Y157.757 E67.95939
G1 X216.054 Y158.149 E67.97342
G1 X216.275 Y158.758 E67.99497
G1 X216.595 Y159.68 E68.02743
G1 X216.965 Y160.757 E68.0653
G1 X217.327 Y161.83 E68.10297
G1 X217.632 Y162.754 E68.13533
G1 X217.825 Y163.369 E68.15677
G1 X217.942 Y163.768 E68.1706
G1 X218.013 Y164.072 E68.18098
G1 X218.847 Y168.258 E68.32294
G1 X218.927 Y168.675 E68.33707
G1 X218.968 Y168.934 E68.34579
G1 X219.018 Y169.358 E68.35999
G1 X219.073 Y169.995 E68.38125
G1 X219.144 Y170.969 E68.41374
G1 X219.21 Y171.95 E68.44644
G1 X219.293 Y173.234 E68.48923
G1 X219.348 Y174.206 E68.52161
G1 X219.377 Y174.848 E68.54299
G1 X219.385 Y175.266 E68.55689
G1 X219.375 Y175.577 E68.56724
G1 X219.132 Y179.3 E68.69133
G1 X219.103 Y179.718 E68.70527
G1 X219.072 Y180.22 E68.722
G1 X219.04 Y180.521 E68.73207
G1 X218.979 Y180.939 E68.74612
G1 X218.865 Y181.577 E68.76767
G1 X218.683 Y182.53 E68.79994
G1 X218.464 Y183.645 E68.83774
G1 X218.24 Y184.76 E68.87556
G1 X218.042 Y185.714 E68.90797
G1 X217.903 Y186.34 E68.9293
G1 X217.805 Y186.744 E68.94312
G1 X217.715 Y187.043 E68.95351
G1 X216.223 Y191.442 E69.10801
G1 X216.11 Y191.731 E69.11833
G1 X215.943 Y192.118 E69.13235
G1 X215.67 Y192.703 E69.15382
G1 X215.1 Y193.877 E69.19722
G1 X214.71 Y194.669 E69.22659
G1 X214.304 Y195.468 E69.25639
G1 X214.094 Y195.896 E69.27225
G1 X213.649 Y196.704 E69.30293
G1 X213.418 Y197.171 E69.32026
G1 X212.948 Y197.816 E69.3468
G1 X212.604 Y198.362 E69.36827
G1 X212.008 Y199.2 E69.40247
G1 X211.765 Y199.555 E69.41678
G1 X210.921 Y200.737 E69.46509
G1 X210.06 Y201.899 E69.51319
G1 X209.16 Y203.032 E69.56131
G1 X208.221 Y204.139 E69.60959
G1 X207.254 Y205.205 E69.65746
G1 X206.249 Y206.244 E69.70554
G1 X205.205 Y207.254 E69.75386
G1 X204.139 Y208.221 E69.80173
G1 X203.037 Y209.156 E69.84979
G1 X201.904 Y210.056 E69.89792
G1 X200.74 Y210.919 E69.94611
G1 X199.558 Y211.763 E69.99442
G1 X199.2 Y212.008 E70.00885
G1 X198.366 Y212.601 E70.04289
G1 X197.817 Y212.947 E70.06447
G1 X197.171 Y213.418 E70.09106
G1 X196.704 Y213.65 E70.1084
G1 X195.897 Y214.093 E70.13902
G1 X195.468 Y214.304 E70.15492
G1 X194.67 Y214.708 E70.18467
G1 X193.934 Y215.074 E70.21201
G1 X193.199 Y215.431 E70.23919
G1 X192.831 Y215.607 E70.25276
G1 X192.702 Y215.671 E70.25755
G1 X192.185 Y215.911 E70.2765
G1 X191.733 Y216.111 E70.29294
G1 X191.442 Y216.221 E70.30329
G1 X187.051 Y217.712 E70.45753
G1 X186.744 Y217.803 E70.46818
G1 X186.339 Y217.905 E70.48207
G1 X185.714 Y218.042 E70.50335
G1 X184.759 Y218.24 E70.53579
G1 X183.645 Y218.464 E70.57358
G1 X182.114 Y218.763 E70.62546
G1 X181.575 Y218.865 E70.64371
G1 X180.943 Y218.977 E70.66506
G1 X180.521 Y219.041 E70.67925
G1 X180.22 Y219.071 E70.68931
G1 X179.373 Y219.128 E70.71755
G1 X178.938 Y219.155 E70.73205
G1 X175.575 Y219.376 E70.84414
G1 X175.269 Y219.384 E70.85432
G1 X174.854 Y219.377 E70.86813
G1 X174.208 Y219.348 E70.88963
G1 X173.235 Y219.293 E70.92205
G1 X172.037 Y219.207 E70.962
G1 X170.699 Y219.09 E71.00667
G1 X169.313 Y218.934 E71.05306
G1 X167.976 Y218.742 E71.09798
G1 X166.704 Y218.524 E71.14091
G1 X165.494 Y218.297 E71.18185
G1 X164.088 Y218.016 E71.22954
G1 X163.772 Y217.941 E71.24034
G1 X163.372 Y217.827 E71.25418
G1 X162.754 Y217.632 E71.27573
G1 X161.197 Y217.115 E71.3303
G1 X159.688 Y216.601 E71.38332
G1 X158.532 Y216.196 E71.42406
G1 X158.193 Y216.075 E71.43603
G1 X157.822 Y215.932 E71.44926
G1 X157.568 Y215.818 E71.45852
G1 X153.229 Y213.679 E71.61941
G1 X152.98 Y213.544 E71.62884
G1 X152.639 Y213.336 E71.64212
G1 X152.12 Y213.002 E71.66265
G1 X150.764 Y212.103 E71.71676
G1 X149.434 Y211.213 E71.76999
G1 X148.633 Y210.667 E71.80223
G1 X148.102 Y210.296 E71.82377
G1 X147.77 Y210.052 E71.83748
G1 X147.523 Y209.85 E71.84809
G1 X144.408 Y207.118 E71.9859
G1 X144.035 Y206.793 E72.00235
G1 X143.804 Y206.573 E72.01296
G1 X143.513 Y206.272 E72.02689
G1 X143.078 Y205.798 E72.04828
G1 X142.432 Y205.071 E72.08063
G1 X141.683 Y204.219 E72.11836
G1 X140.655 Y203.041 E72.17036
G1 X140.296 Y202.625 E72.18864
G1 X139.886 Y202.134 E72.20992
G1 X139.624 Y201.808 E72.22383
G1 X139.441 Y201.551 E72.23432
G1 X139.228 Y201.236 E72.24697
G1 X136.862 Y197.695 E72.38861
G1 X136.696 Y197.424 E72.39918
G1 X136.492 Y197.058 E72.41312
G1 X136.196 Y196.487 E72.43451
G1 X135.46 Y195.017 E72.48919
G1 X134.754 Y193.58 E72.54244
G1 X134.329 Y192.702 E72.57488
G1 X134.089 Y192.185 E72.59384
G1 X133.889 Y191.733 E72.61028
G1 X133.779 Y191.442 E72.62063
G1 X132.288 Y187.051 E72.77486
G1 X132.197 Y186.744 E72.78551
G1 X132.095 Y186.339 E72.79941
G1 X131.958 Y185.714 E72.82069
G1 X131.76 Y184.759 E72.85313
G1 X131.536 Y183.645 E72.89092
G1 X131.237 Y182.114 E72.9428
G1 X131.135 Y181.575 E72.96105
G1 X131.022 Y180.938 E72.98256
G1 X130.959 Y180.521 E72.99659
G1 X130.929 Y180.22 E73.00665
G1 X130.872 Y179.373 E73.03489
G1 X130.845 Y178.938 E73.04938
G1 X130.624 Y175.575 E73.16148
G1 X130.616 Y175.274 E73.17149
G1 X130.623 Y174.854 E73.18546
G1 X130.652 Y174.208 E73.20697
G1 X130.708 Y173.237 E73.23932
G1 X130.78 Y172.102 E73.27715
G1 X130.855 Y170.966 E73.31501
G1 X130.927 Y169.999 E73.34727
G1 X130.984 Y169.358 E73.36867
G1 X131.031 Y168.932 E73.38292
G1 X131.08 Y168.636 E73.3929
G1 X131.244 Y167.803 E73.42114
G1 X131.808 Y164.971 E73.51718
G1 X132.048 Y163.799 E73.55697
G1 X132.12 Y163.469 E73.56821
G1 X132.194 Y163.226 E73.57666
G1 X132.66 Y161.854 E73.62485
G1 X133.003 Y160.873 E73.65941
G1 X133.467 Y159.613 E73.70407
G1 X134.001 Y158.247 E73.75285
G1 X134.08 Y158.037 E73.76032
G1 X134.654 Y156.715 E73.80825
G1 X135.249 Y155.445 E73.8549
G1 X135.837 Y154.265 E73.89875
G1 X136.392 Y153.221 E73.93807
G1 X136.788 Y152.524 E73.96474
G1 X136.882 Y152.362 E73.97097
G1 X137.286 Y151.692 E73.99699
G1 X137.575 Y151.241 E74.0148
G1 X137.917 Y150.725 E74.03539
G1 X138.298 Y150.161 E74.05803
G1 X138.455 Y149.933 E74.06724
G1 X138.608 Y149.757 E74.07499
G1 X138.81 Y149.584 E74.08384
G1 X138.986 Y149.357 E74.09339
G1 X139.188 Y149.188 E74.10215
G1 X139.381 Y149.02 E74.11066
G1 X139.602 Y148.823 E74.12051
G1 X139.993 Y148.441 E74.13869
G1 X140.168 Y148.235 E74.14768
G1 X140.344 Y148.085 E74.15537
G1 X140.615 Y147.873 E74.16682
G1 X140.927 Y147.638 E74.17981
G1 X141.205 Y147.423 E74.1915
G1 X139.406 Y145.622 E74.27616
G1 X139.006 Y145.224 E74.29493
G1 X138.663 Y144.878 E74.31114
G1 X135.678 Y141.892 E74.45157
G1 X135.064 Y141.281 E74.48038
G1 X134.718 Y140.933 E74.4967
G1 X136.917 Y138.733 E74.60016
;TIME_ELAPSED:92.624709
;LAYER:6
;MESH:Warp_Reaction_Chamber_Lens.stl
G0 F12000 X136.917 Y138.733 Z1.4
;TYPE:WALL-OUTER
G1 F1896 X140.828 Y142.645 E74.78414
G1 X143.645 Y145.468 E74.91678
G1 X145.416 Y143.698 E75.00006
G1 X138.688 Y136.963 E75.31669
G1 X141.095 Y134.555 E75.42993
G1 X145 Y138.456 E75.61352
G1 X145.873 Y139.322 E75.65442
G1 X147.54 Y140.993 E75.73292
G1 X147.887 Y140.515 E75.75257
G1 X148.031 Y140.332 E75.76031
G1 X148.682 Y139.674 E75.7911
G1 X148.965 Y139.358 E75.80521
G1 X149.263 Y139.012 E75.8204
G1 X149.512 Y138.812 E75.83102
G1 X149.745 Y138.603 E75.84143
G1 X150.151 Y138.29 E75.85848
G1 X150.595 Y137.972 E75.87664
G1 X150.961 Y137.718 E75.89146
G1 X151.109 Y137.609 E75.89758
G1 X151.55 Y137.324 E75.91504
G1 X151.77 Y137.187 E75.92366
G1 X152.327 Y136.848 E75.94535
G1 X153.19 Y136.357 E75.97837
G1 X154.243 Y135.798 E76.01802
G1 X155.419 Y135.21 E76.06175
G1 X156.689 Y134.615 E76.1084
G1 X158.016 Y134.04 E76.1565
G1 X159.34 Y133.515 E76.20387
G1 X160.66 Y133.03 E76.25065
G1 X161.937 Y132.585 E76.29562
G1 X163.005 Y132.226 E76.3331
G1 X163.203 Y132.171 E76.33993
G1 X163.461 Y132.09 E76.34893
G1 X163.973 Y131.965 E76.36646
G1 X164.811 Y131.792 E76.39492
G1 X168.622 Y131.035 E76.52415
G1 X168.934 Y130.986 E76.53465
G1 X169.35 Y130.936 E76.54859
G1 X169.991 Y130.881 E76.56999
G1 X171.549 Y130.77 E76.62194
G1 X173.235 Y130.661 E76.67813
G1 X174.208 Y130.606 E76.71055
G1 X174.608 Y130.587 E76.72386
G1 X175.274 Y130.569 E76.74602
G1 X175.576 Y130.579 E76.75607
G1 X180.228 Y130.883 E76.91113
G1 X180.529 Y130.915 E76.9212
G1 X180.949 Y130.976 E76.93531
G1 X181.583 Y131.089 E76.95673
G1 X182.537 Y131.271 E76.98903
G1 X183.654 Y131.491 E77.0269
G1 X185.133 Y131.79 E77.07709
G1 X185.604 Y131.889 E77.09309
G1 X185.723 Y131.912 E77.09713
G1 X186.352 Y132.053 E77.11857
G1 X186.768 Y132.155 E77.13281
G1 X187.06 Y132.243 E77.14296
G1 X191.249 Y133.665 E77.29009
G1 X191.525 Y133.762 E77.29982
G1 X191.755 Y133.849 E77.308
G1 X192.139 Y134.016 E77.32193
G1 X192.721 Y134.287 E77.34328
G1 X194.127 Y134.971 E77.39528
G1 X195.64 Y135.718 E77.45141
G1 X196.512 Y136.157 E77.48388
G1 X197.082 Y136.454 E77.50525
G1 X197.448 Y136.655 E77.51914
G1 X197.714 Y136.821 E77.52957
G1 X201.579 Y139.402 E77.68415
G1 X201.834 Y139.588 E77.69465
G1 X202.158 Y139.844 E77.70838
G1 X202.653 Y140.261 E77.72991
G1 X203.391 Y140.899 E77.76236
G1 X204.249 Y141.648 E77.80024
G1 X205.106 Y142.399 E77.83814
G1 X205.74 Y142.968 E77.86647
G1 X205.834 Y143.05 E77.87062
G1 X206.306 Y143.484 E77.89195
G1 X206.607 Y143.771 E77.90578
G1 X206.822 Y144.001 E77.91625
G1 X209.739 Y147.326 E78.06337
G1 X209.927 Y147.544 E78.07294
G1 X210.08 Y147.733 E78.08103
G1 X210.335 Y148.076 E78.09524
G1 X210.702 Y148.602 E78.11658
G1 X211.578 Y149.897 E78.16858
G1 X212.516 Y151.301 E78.22474
G1 X213.05 Y152.116 E78.25714
G1 X213.226 Y152.395 E78.26812
G1 X213.399 Y152.661 E78.27867
G1 X213.615 Y153.02 E78.2926
G1 X213.762 Y153.296 E78.303
G1 X215.814 Y157.453 E78.45719
G1 X215.928 Y157.711 E78.46658
G1 X216.096 Y158.129 E78.48156
G1 X216.318 Y158.739 E78.50315
G1 X216.83 Y160.218 E78.55521
G1 X217.371 Y161.818 E78.61138
G1 X217.676 Y162.742 E78.64375
G1 X217.87 Y163.359 E78.66526
G1 X217.987 Y163.758 E78.67909
G1 X218.057 Y164.059 E78.68937
G1 X218.209 Y164.813 E78.71495
G1 X218.308 Y165.319 E78.7321
G1 X218.413 Y165.839 E78.74974
G1 X218.965 Y168.622 E78.84411
G1 X219.013 Y168.926 E78.85434
G1 X219.064 Y169.35 E78.86855
G1 X219.119 Y169.988 E78.88985
G1 X219.23 Y171.549 E78.9419
G1 X219.339 Y173.233 E78.99802
G1 X219.394 Y174.206 E79.03044
G1 X219.413 Y174.605 E79.04372
G1 X219.431 Y175.269 E79.06582
G1 X219.421 Y175.576 E79.07603
G1 X219.118 Y180.22 E79.23082
G1 X219.086 Y180.525 E79.24102
G1 X219.025 Y180.943 E79.25507
G1 X218.911 Y181.583 E79.27669
G1 X218.616 Y183.114 E79.32855
G1 X218.285 Y184.77 E79.38472
G1 X218.087 Y185.726 E79.41719
G1 X217.947 Y186.352 E79.43853
G1 X217.847 Y186.76 E79.4525
G1 X217.759 Y187.054 E79.4627
G1 X216.335 Y191.249 E79.61005
G1 X216.24 Y191.52 E79.6196
G1 X216.151 Y191.755 E79.62796
G1 X215.986 Y192.135 E79.64174
G1 X215.713 Y192.721 E79.66324
G1 X215.284 Y193.604 E79.69589
G1 X215.27 Y193.639 E79.69715
G1 X214.752 Y194.69 E79.73612
G1 X214.374 Y195.431 E79.76378
G1 X214.131 Y195.926 E79.78212
G1 X213.723 Y196.669 E79.81032
G1 X213.46 Y197.199 E79.83
G1 X213.401 Y197.283 E79.83341
G1 X212.932 Y197.922 E79.85977
G1 X212.641 Y198.385 E79.87796
G1 X211.983 Y199.31 E79.91572
G1 X211.799 Y199.578 E79.92653
G1 X210.954 Y200.761 E79.97488
G1 X210.092 Y201.924 E80.02303
G1 X209.192 Y203.058 E80.07118
G1 X208.257 Y204.161 E80.11928
G1 X207.284 Y205.234 E80.16745
G1 X206.278 Y206.273 E80.21556
G1 X205.234 Y207.284 E80.26389
G1 X204.167 Y208.252 E80.31181
G1 X203.063 Y209.188 E80.35995
G1 X201.929 Y210.088 E80.4081
G1 X200.764 Y210.952 E80.45634
G1 X199.581 Y211.797 E80.5047
G1 X199.31 Y211.983 E80.51563
G1 X198.385 Y212.641 E80.55338
G1 X197.924 Y212.93 E80.57148
G1 X197.2 Y213.46 E80.60132
G1 X196.669 Y213.723 E80.62103
G1 X195.919 Y214.135 E80.64949
G1 X195.431 Y214.375 E80.66758
G1 X194.55 Y214.819 E80.70039
G1 X194.007 Y215.09 E80.72058
G1 X192.723 Y215.712 E80.76803
G1 X192.358 Y215.883 E80.78144
G1 X191.746 Y216.156 E80.80373
G1 X191.461 Y216.263 E80.81385
G1 X187.063 Y217.757 E80.96834
G1 X186.767 Y217.844 E80.9786
G1 X186.352 Y217.949 E80.99284
G1 X185.726 Y218.086 E81.01415
G1 X184.193 Y218.402 E81.06621
G1 X182.538 Y218.73 E81.12233
G1 X181.583 Y218.911 E81.15466
G1 X181.186 Y218.982 E81.16807
G1 X180.776 Y219.048 E81.18188
G1 X180.524 Y219.087 E81.19036
G1 X180.226 Y219.116 E81.20032
G1 X179.458 Y219.168 E81.22592
G1 X175.574 Y219.422 E81.35538
G1 X175.272 Y219.43 E81.36543
G1 X174.856 Y219.423 E81.37927
G1 X174.208 Y219.394 E81.40084
G1 X173.234 Y219.339 E81.43329
G1 X172.034 Y219.253 E81.4733
G1 X170.695 Y219.136 E81.51801
G1 X169.308 Y218.98 E81.56443
G1 X167.972 Y218.788 E81.60932
G1 X166.697 Y218.57 E81.65235
G1 X165.483 Y218.342 E81.69343
G1 X164.573 Y218.159 E81.7243
G1 X164.069 Y218.06 E81.74139
G1 X163.769 Y217.988 E81.75165
G1 X163.362 Y217.872 E81.76572
G1 X162.742 Y217.676 E81.78735
G1 X161.263 Y217.184 E81.83919
G1 X160.741 Y217.009 E81.8575
G1 X159.672 Y216.644 E81.89507
G1 X158.766 Y216.33 E81.92697
G1 X158.468 Y216.221 E81.93752
G1 X158.173 Y216.118 E81.94791
G1 X157.815 Y215.978 E81.9607
G1 X157.553 Y215.862 E81.97023
G1 X153.204 Y213.718 E82.1315
G1 X152.952 Y213.582 E82.14102
G1 X152.859 Y213.523 E82.14469
G1 X152.616 Y213.377 E82.15412
G1 X152.094 Y213.04 E82.17478
G1 X150.807 Y212.188 E82.22612
G1 X149.409 Y211.252 E82.28207
G1 X148.605 Y210.704 E82.31444
G1 X148.072 Y210.332 E82.33605
G1 X147.74 Y210.087 E82.34978
G1 X147.496 Y209.887 E82.36027
G1 X144.001 Y206.825 E82.51482
G1 X143.773 Y206.607 E82.52531
G1 X143.482 Y206.306 E82.53923
G1 X143.047 Y205.83 E82.56068
G1 X142.399 Y205.103 E82.59307
G1 X140.897 Y203.392 E82.6688
G1 X140.26 Y202.654 E82.70122
G1 X139.848 Y202.161 E82.72259
G1 X139.586 Y201.834 E82.73653
G1 X139.404 Y201.58 E82.74692
G1 X136.821 Y197.718 E82.90145
G1 X136.657 Y197.448 E82.91196
G1 X136.453 Y197.082 E82.9259
G1 X136.157 Y196.51 E82.94732
G1 X135.719 Y195.64 E82.97971
G1 X134.968 Y194.122 E83.03604
G1 X134.548 Y193.263 E83.06785
G1 X134.287 Y192.721 E83.08785
G1 X134.117 Y192.358 E83.10119
G1 X133.844 Y191.746 E83.12348
G1 X133.737 Y191.462 E83.13357
G1 X132.242 Y187.06 E83.28819
G1 X132.154 Y186.76 E83.29859
G1 X132.051 Y186.352 E83.31259
G1 X131.914 Y185.726 E83.3339
G1 X131.598 Y184.193 E83.38596
G1 X131.27 Y182.538 E83.44208
G1 X131.089 Y181.583 E83.47441
G1 X131.018 Y181.186 E83.48782
G1 X130.952 Y180.776 E83.50163
G1 X130.913 Y180.524 E83.51011
G1 X130.884 Y180.226 E83.52007
G1 X130.832 Y179.458 E83.54567
G1 X130.578 Y175.574 E83.67513
G1 X130.57 Y175.277 E83.68501
G1 X130.577 Y174.856 E83.69902
G1 X130.606 Y174.208 E83.72059
G1 X130.662 Y173.236 E83.75298
G1 X130.734 Y172.1 E83.79084
G1 X130.837 Y170.592 E83.84111
G1 X130.875 Y170.112 E83.85712
G1 X130.882 Y169.986 E83.86132
G1 X130.938 Y169.35 E83.88256
G1 X130.986 Y168.924 E83.89681
G1 X131.034 Y168.63 E83.90672
G1 X131.182 Y167.875 E83.93231
G1 X131.691 Y165.318 E84.01903
G1 X131.952 Y164.025 E84.0629
G1 X132.078 Y163.446 E84.08261
G1 X132.144 Y163.228 E84.09018
G1 X132.604 Y161.877 E84.13765
G1 X132.955 Y160.871 E84.17309
G1 X133.418 Y159.614 E84.21764
G1 X133.968 Y158.205 E84.26795
G1 X134.038 Y158.019 E84.27456
G1 X134.612 Y156.696 E84.32253
G1 X135.208 Y155.425 E84.36922
G1 X135.797 Y154.242 E84.41317
G1 X136.354 Y153.195 E84.45261
G1 X136.846 Y152.333 E84.48563
G1 X137.26 Y151.649 E84.51222
G1 X137.604 Y151.113 E84.5334
G1 X138.072 Y150.411 E84.56146
G1 X138.462 Y149.845 E84.58433
G1 X138.811 Y149.503 E84.60058
G1 X138.973 Y149.296 E84.60932
G1 X139.175 Y149.128 E84.61806
G1 X139.38 Y148.95 E84.62709
G1 X139.626 Y148.728 E84.63811
G1 X140.009 Y148.358 E84.65582
G1 X140.186 Y148.167 E84.66448
G1 X140.452 Y147.95 E84.6759
G1 X140.895 Y147.619 E84.69429
G1 X140.778 Y147.416 E84.70209
G1 X139.617 Y146.261 E84.75656
G1 X138.139 Y144.774 E84.82629
G1 X134.509 Y141.141 E84.9971
G1 X136.917 Y138.733 E85.11037
;TIME_ELAPSED:103.028652
;LAYER:7
;MESH:Warp_Reaction_Chamber_Lens.stl
G0 F12000 X136.917 Y138.733 Z1.6
;TYPE:WALL-OUTER
G1 F1897.3 X141.235 Y143.053 E85.31352
G1 X143.645 Y145.468 E85.427
G1 X145.416 Y143.698 E85.51028
G1 X138.688 Y136.963 E85.8269
G1 X141.286 Y134.365 E85.94911
G1 X144.802 Y137.877 E86.11439
G1 X145.323 Y138.4 E86.13895
G1 X145.882 Y138.953 E86.1651
G1 X147.146 Y140.215 E86.22451
G1 X147.673 Y140.747 E86.24941
G1 X148.013 Y140.288 E86.26841
G1 X148.391 Y139.895 E86.28655
G1 X148.598 Y139.686 E86.29633
G1 X148.779 Y139.487 E86.30528
G1 X149.022 Y139.209 E86.31756
G1 X149.201 Y138.999 E86.32674
G1 X149.428 Y138.817 E86.33642
G1 X149.64 Y138.624 E86.34595
G1 X149.954 Y138.38 E86.35918
G1 X150.234 Y138.174 E86.37074
G1 X150.526 Y137.965 E86.38268
G1 X150.864 Y137.731 E86.39636
G1 X151.062 Y137.585 E86.40454
G1 X151.468 Y137.322 E86.42063
G1 X151.782 Y137.126 E86.43294
G1 X152.296 Y136.814 E86.45294
G1 X153.165 Y136.319 E86.4862
G1 X154.22 Y135.758 E86.52594
G1 X155.399 Y135.169 E86.56978
G1 X156.669 Y134.573 E86.61644
G1 X157.992 Y134 E86.66439
G1 X159.324 Y133.472 E86.71205
G1 X160.646 Y132.986 E86.75889
G1 X161.928 Y132.538 E86.80406
G1 X163.048 Y132.163 E86.84335
G1 X163.449 Y132.046 E86.85724
G1 X163.738 Y131.971 E86.86717
G1 X164.097 Y131.893 E86.87939
G1 X164.722 Y131.763 E86.90062
G1 X168.617 Y130.989 E87.0327
G1 X168.924 Y130.94 E87.04304
G1 X169.342 Y130.891 E87.05704
G1 X169.985 Y130.836 E87.0785
G1 X171.461 Y130.73 E87.12772
G1 X173.233 Y130.615 E87.18678
G1 X174.208 Y130.56 E87.21926
G1 X174.857 Y130.531 E87.24087
G1 X175.275 Y130.523 E87.25478
G1 X175.575 Y130.533 E87.26476
G1 X180.235 Y130.837 E87.42008
G1 X180.532 Y130.869 E87.43002
G1 X180.953 Y130.931 E87.44417
G1 X181.589 Y131.044 E87.46566
G1 X183.039 Y131.322 E87.51476
G1 X184.78 Y131.67 E87.57381
G1 X185.738 Y131.869 E87.60636
G1 X186.366 Y132.009 E87.62776
G1 X186.772 Y132.109 E87.64166
G1 X187.071 Y132.198 E87.65204
G1 X191.479 Y133.694 E87.80686
G1 X191.769 Y133.806 E87.8172
G1 X192.156 Y133.973 E87.83122
G1 X192.738 Y134.245 E87.85259
G1 X194.069 Y134.891 E87.9018
G1 X195.662 Y135.678 E87.96089
G1 X196.535 Y136.117 E87.99339
G1 X197.107 Y136.415 E88.01485
G1 X197.473 Y136.616 E88.02873
G1 X197.737 Y136.781 E88.03909
G1 X201.608 Y139.366 E88.19391
G1 X201.86 Y139.55 E88.20429
G1 X202.185 Y139.807 E88.21807
G1 X202.681 Y140.224 E88.23962
G1 X203.801 Y141.195 E88.28892
G1 X205.135 Y142.364 E88.34791
G1 X205.953 Y143.097 E88.38445
G1 X206.34 Y143.452 E88.40191
G1 X206.641 Y143.741 E88.41579
G1 X206.85 Y143.964 E88.42596
G1 X207.087 Y144.231 E88.43783
G1 X207.697 Y144.93 E88.46869
G1 X209.929 Y147.472 E88.5812
G1 X210.115 Y147.703 E88.59107
G1 X210.37 Y148.046 E88.60528
G1 X210.738 Y148.574 E88.62669
G1 X211.569 Y149.801 E88.67598
G1 X212.555 Y151.277 E88.73501
G1 X213.089 Y152.092 E88.76742
G1 X213.224 Y152.307 E88.77587
G1 X213.443 Y152.646 E88.78929
G1 X213.656 Y152.999 E88.803
G1 X213.802 Y153.272 E88.8133
G1 X215.857 Y157.436 E88.96774
G1 X215.981 Y157.717 E88.97796
G1 X216.138 Y158.11 E88.99203
G1 X216.36 Y158.723 E89.01372
G1 X216.847 Y160.125 E89.06308
G1 X217.415 Y161.803 E89.122
G1 X217.688 Y162.635 E89.15113
G1 X217.721 Y162.73 E89.15447
G1 X217.915 Y163.349 E89.17605
G1 X218.032 Y163.748 E89.18988
G1 X218.102 Y164.046 E89.20006
G1 X219.011 Y168.617 E89.35507
G1 X219.059 Y168.918 E89.3652
G1 X219.109 Y169.342 E89.3794
G1 X219.164 Y169.983 E89.4008
G1 X219.235 Y170.959 E89.43335
G1 X219.312 Y172.097 E89.47129
G1 X219.385 Y173.231 E89.50908
G1 X219.44 Y174.206 E89.54156
G1 X219.469 Y174.852 E89.56307
G1 X219.477 Y175.271 E89.57701
G1 X219.467 Y175.575 E89.58713
G1 X219.164 Y180.227 E89.74218
G1 X219.132 Y180.528 E89.75225
G1 X219.07 Y180.947 E89.76633
G1 X218.956 Y181.589 E89.78802
G1 X218.678 Y183.039 E89.83713
G1 X218.33 Y184.78 E89.89618
G1 X218.131 Y185.738 E89.92872
G1 X217.991 Y186.366 E89.95012
G1 X217.891 Y186.772 E89.96403
G1 X217.802 Y187.071 E89.97441
G1 X216.306 Y191.479 E90.12923
G1 X216.197 Y191.762 E90.13932
G1 X216.027 Y192.156 E90.15359
G1 X215.754 Y192.74 E90.17503
G1 X215.326 Y193.624 E90.2077
G1 X215.313 Y193.656 E90.20885
G1 X214.794 Y194.709 E90.24789
G1 X214.703 Y194.883 E90.25442
G1 X214.445 Y195.395 E90.27349
G1 X214.173 Y195.949 E90.29402
G1 X214.07 Y196.132 E90.301
G1 X213.796 Y196.635 E90.32005
G1 X213.504 Y197.223 E90.34189
G1 X213.456 Y197.293 E90.34471
G1 X212.916 Y198.029 E90.37507
G1 X212.678 Y198.407 E90.38993
G1 X211.957 Y199.42 E90.43129
G1 X211.724 Y199.756 E90.44489
G1 X210.988 Y200.785 E90.48696
G1 X210.246 Y201.783 E90.52833
G1 X210.125 Y201.949 E90.53516
G1 X209.224 Y203.084 E90.58336
G1 X208.283 Y204.194 E90.63176
G1 X207.314 Y205.262 E90.67972
G1 X206.307 Y206.302 E90.72787
G1 X205.262 Y207.314 E90.77625
G1 X204.194 Y208.283 E90.82422
G1 X203.089 Y209.22 E90.8724
G1 X201.947 Y210.126 E90.92089
G1 X200.788 Y210.986 E90.96889
G1 X199.604 Y211.832 E91.01729
G1 X199.421 Y211.957 E91.02466
G1 X198.407 Y212.678 E91.06604
G1 X198.031 Y212.914 E91.08081
G1 X197.221 Y213.505 E91.11416
G1 X196.634 Y213.796 E91.13595
G1 X195.949 Y214.173 E91.16195
G1 X195.395 Y214.445 E91.18248
G1 X194.711 Y214.791 E91.20798
G1 X194.081 Y215.105 E91.23139
G1 X192.739 Y215.755 E91.28098
G1 X192.153 Y216.027 E91.30247
G1 X191.762 Y216.199 E91.31668
G1 X191.485 Y216.303 E91.32652
G1 X189.839 Y216.864 E91.38436
G1 X187.074 Y217.802 E91.48147
G1 X186.781 Y217.888 E91.49163
G1 X186.366 Y217.993 E91.50586
G1 X185.739 Y218.131 E91.52722
G1 X184.286 Y218.43 E91.57656
G1 X182.232 Y218.835 E91.64619
G1 X181.589 Y218.957 E91.66796
G1 X180.951 Y219.069 E91.6895
G1 X180.528 Y219.133 E91.70373
G1 X180.233 Y219.162 E91.71359
G1 X179.544 Y219.209 E91.73656
G1 X178.953 Y219.246 E91.75625
G1 X175.575 Y219.469 E91.86885
G1 X175.102 Y219.473 E91.88458
G1 X174.858 Y219.469 E91.8927
G1 X174.208 Y219.44 E91.91434
G1 X173.232 Y219.385 E91.94686
G1 X172.032 Y219.299 E91.98687
G1 X170.691 Y219.182 E92.03164
G1 X169.304 Y219.026 E92.07806
G1 X167.967 Y218.834 E92.12299
G1 X166.691 Y218.615 E92.16605
G1 X165.472 Y218.387 E92.2073
G1 X164.054 Y218.104 E92.25539
G1 X163.76 Y218.033 E92.26545
G1 X163.352 Y217.917 E92.27956
G1 X162.73 Y217.721 E92.30125
G1 X161.328 Y217.256 E92.35038
G1 X159.656 Y216.687 E92.40912
G1 X158.746 Y216.371 E92.44116
G1 X158.154 Y216.159 E92.46207
G1 X157.795 Y216.02 E92.47488
G1 X157.537 Y215.905 E92.48427
G1 X153.178 Y213.756 E92.64591
G1 X152.93 Y213.621 E92.65531
G1 X152.596 Y213.417 E92.66832
G1 X152.071 Y213.08 E92.68907
G1 X150.852 Y212.273 E92.7377
G1 X149.383 Y211.29 E92.79649
G1 X148.577 Y210.74 E92.82894
G1 X148.043 Y210.367 E92.8506
G1 X147.71 Y210.122 E92.86435
G1 X147.469 Y209.924 E92.87473
G1 X143.968 Y206.857 E93.02953
G1 X143.742 Y206.641 E93.03993
G1 X143.45 Y206.34 E93.05388
G1 X143.014 Y205.863 E93.07537
G1 X142.033 Y204.756 E93.12457
G1 X141.191 Y203.797 E93.16702
G1 X140.653 Y203.18 E93.19424
G1 X140.007 Y202.423 E93.22734
G1 X139.811 Y202.188 E93.23752
G1 X139.548 Y201.86 E93.2515
G1 X139.368 Y201.609 E93.26178
G1 X136.781 Y197.74 E93.41658
G1 X136.618 Y197.473 E93.42698
G1 X136.414 Y197.107 E93.44092
G1 X136.117 Y196.533 E93.46241
G1 X135.452 Y195.21 E93.51166
G1 X134.67 Y193.619 E93.57063
G1 X134.245 Y192.739 E93.60313
G1 X133.973 Y192.153 E93.62462
G1 X133.801 Y191.762 E93.63883
G1 X133.695 Y191.48 E93.64885
G1 X133.136 Y189.839 E93.70651
G1 X132.195 Y187.065 E93.80393
G1 X132.11 Y186.774 E93.81402
G1 X132.007 Y186.366 E93.82801
G1 X131.869 Y185.739 E93.84937
G1 X131.57 Y184.286 E93.8987
G1 X131.165 Y182.232 E93.96834
G1 X131.043 Y181.589 E93.9901
G1 X130.93 Y180.946 E94.01182
G1 X130.867 Y180.528 E94.02588
G1 X130.838 Y180.233 E94.03574
G1 X130.791 Y179.544 E94.05871
G1 X130.754 Y178.953 E94.0784
G1 X130.531 Y175.575 E94.191
G1 X130.527 Y175.102 E94.20673
G1 X130.531 Y174.858 E94.21485
G1 X130.56 Y174.209 E94.23646
G1 X130.647 Y172.73 E94.28573
G1 X130.764 Y170.957 E94.34483
G1 X130.836 Y169.986 E94.37721
G1 X130.893 Y169.342 E94.39872
G1 X130.94 Y168.915 E94.41301
G1 X130.988 Y168.625 E94.42278
G1 X131.121 Y167.947 E94.44576
G1 X131.83 Y164.392 E94.56633
G1 X131.994 Y163.617 E94.59268
G1 X132.049 Y163.372 E94.60103
G1 X132.095 Y163.23 E94.60599
G1 X132.547 Y161.899 E94.65275
G1 X132.931 Y160.806 E94.69128
G1 X133.368 Y159.614 E94.73351
G1 X133.935 Y158.163 E94.78532
G1 X133.993 Y158.009 E94.79079
G1 X134.572 Y156.671 E94.83928
G1 X135.167 Y155.404 E94.88584
G1 X135.401 Y154.937 E94.90321
G1 X135.759 Y154.214 E94.93005
G1 X136.316 Y153.17 E94.9694
G1 X136.815 Y152.297 E95.00285
G1 X137.123 Y151.784 E95.02275
G1 X137.229 Y151.614 E95.02941
G1 X137.475 Y151.228 E95.04464
G1 X138.039 Y150.376 E95.07862
G1 X138.268 Y150.049 E95.0919
G1 X138.464 Y149.761 E95.10348
G1 X138.619 Y149.573 E95.11159
G1 X138.652 Y149.591 E95.11284
G1 X138.953 Y149.241 E95.12819
G1 X139.163 Y149.066 E95.13728
G1 X139.378 Y148.879 E95.14676
G1 X139.628 Y148.656 E95.1579
G1 X140.002 Y148.296 E95.17517
G1 X140.166 Y148.127 E95.183
G1 X140.441 Y147.912 E95.19461
G1 X140.701 Y147.721 E95.20534
G1 X139.881 Y146.906 E95.2438
G1 X138.751 Y145.77 E95.29709
G1 X138.356 Y145.37 E95.31579
G1 X134.317 Y141.333 E95.50572
G1 X136.917 Y138.733 E95.62802
;MESH:NONMESH
G0 F300 X136.917 Y138.733 Z1.8
G0 F12000 X136.917 Y138.975
G0 X143.645 Y145.649
G0 X145.597 Y143.698
G0 X138.93 Y136.963
G0 X138.687 Y136.963
;TIME_ELAPSED:114.189122
;LAYER:8
;TYPE:WALL-OUTER
;MESH:Warp_Reaction_Chamber_Lens.stl
G1 F1900.3 X141.46 Y134.19 E95.75845
G1 X144.174 Y136.902 E95.88606
G1 X146.091 Y138.813 E95.97609
G1 X146.561 Y139.278 E95.99808
G1 X147.792 Y140.506 E96.05591
G1 X148.086 Y140.14 E96.07153
G1 X148.517 Y139.697 E96.09208
G1 X148.718 Y139.475 E96.10204
G1 X148.962 Y139.196 E96.11437
G1 X149.141 Y138.984 E96.1236
G1 X149.343 Y138.822 E96.13221
G1 X149.671 Y138.533 E96.14675
G1 X149.977 Y138.302 E96.1595
G1 X150.457 Y137.959 E96.17913
G1 X150.767 Y137.744 E96.19167
G1 X151.025 Y137.554 E96.20233
G1 X151.57 Y137.203 E96.22389
G1 X152.265 Y136.779 E96.25097
G1 X153.139 Y136.281 E96.28443
G1 X154.194 Y135.721 E96.32415
G1 X155.383 Y135.126 E96.36838
G1 X156.651 Y134.532 E96.41495
G1 X157.98 Y133.956 E96.46312
G1 X159.307 Y133.429 E96.51061
G1 X160.632 Y132.942 E96.55756
G1 X161.922 Y132.492 E96.60301
G1 X163.062 Y132.11 E96.64299
G1 X163.452 Y131.996 E96.65651
G1 X163.921 Y131.882 E96.67256
G1 X164.631 Y131.735 E96.69668
G1 X168.612 Y130.943 E96.83168
G1 X168.915 Y130.895 E96.84188
G1 X169.335 Y130.846 E96.85595
G1 X169.979 Y130.79 E96.87745
G1 X171.374 Y130.69 E96.92397
G1 X173.231 Y130.569 E96.98586
G1 X174.208 Y130.513 E97.01841
G1 X174.859 Y130.485 E97.04008
G1 X175.277 Y130.477 E97.05399
G1 X175.574 Y130.486 E97.06387
G1 X180.242 Y130.791 E97.21946
G1 X180.535 Y130.823 E97.22926
G1 X180.957 Y130.885 E97.24345
G1 X181.595 Y130.997 E97.26499
G1 X182.552 Y131.18 E97.2974
G1 X183.672 Y131.401 E97.33537
G1 X185.049 Y131.679 E97.38209
G1 X186.02 Y131.884 E97.4151
G1 X186.38 Y131.965 E97.42737
G1 X186.786 Y132.065 E97.44128
G1 X187.082 Y132.153 E97.45155
G1 X191.355 Y133.604 E97.60164
G1 X191.582 Y133.685 E97.60966
G1 X191.987 Y133.851 E97.62422
G1 X192.166 Y133.927 E97.63068
G1 X192.759 Y134.204 E97.65245
G1 X194.016 Y134.814 E97.69892
G1 X195.684 Y135.637 E97.76079
G1 X196.558 Y136.077 E97.79333
G1 X197.131 Y136.376 E97.81483
G1 X197.499 Y136.578 E97.82879
G1 X197.754 Y136.736 E97.83877
G1 X201.637 Y139.329 E97.99407
G1 X201.88 Y139.507 E98.00409
G1 X202.211 Y139.769 E98.01813
G1 X202.709 Y140.188 E98.03977
G1 X203.768 Y141.105 E98.08637
G1 X204.31 Y141.578 E98.11029
G1 X205.363 Y142.507 E98.157
G1 X205.895 Y142.981 E98.1807
G1 X206.374 Y143.421 E98.20233
G1 X206.675 Y143.71 E98.21621
G1 X206.886 Y143.935 E98.22647
G1 X207.11 Y144.187 E98.23768
G1 X208.423 Y145.688 E98.30401
G1 X209.967 Y147.445 E98.3818
G1 X210.15 Y147.673 E98.39153
G1 X210.402 Y148.013 E98.4056
G1 X210.775 Y148.546 E98.42724
G1 X211.56 Y149.706 E98.47383
G1 X211.961 Y150.303 E98.49775
G1 X212.74 Y151.476 E98.54458
G1 X213.13 Y152.07 E98.56822
G1 X213.363 Y152.44 E98.58276
G1 X213.483 Y152.625 E98.59009
G1 X213.697 Y152.98 E98.60388
G1 X213.842 Y153.248 E98.61401
G1 X215.832 Y157.285 E98.76371
G1 X215.936 Y157.506 E98.77184
G1 X216.106 Y157.909 E98.78638
G1 X216.179 Y158.092 E98.79294
G1 X216.403 Y158.704 E98.81461
G1 X216.862 Y160.029 E98.86125
G1 X217.094 Y160.71 E98.88518
G1 X217.542 Y162.044 E98.93198
G1 X217.765 Y162.718 E98.9556
G1 X217.961 Y163.343 E98.97738
G1 X218.077 Y163.739 E98.99111
G1 X218.146 Y164.034 E99.00118
G1 X218.267 Y164.634 E99.02154
G1 X218.735 Y166.996 E99.10163
G1 X219.057 Y168.612 E99.15643
G1 X219.104 Y168.909 E99.16644
G1 X219.154 Y169.335 E99.1807
G1 X219.21 Y169.976 E99.2021
G1 X219.31 Y171.374 E99.24872
G1 X219.431 Y173.229 E99.31055
G1 X219.48 Y174.124 E99.34036
G1 X219.487 Y174.206 E99.3431
G1 X219.515 Y174.854 E99.36467
G1 X219.523 Y175.273 E99.37861
G1 X219.514 Y175.574 E99.38862
G1 X219.21 Y180.234 E99.54395
G1 X219.178 Y180.532 E99.55391
G1 X219.116 Y180.951 E99.568
G1 X219.003 Y181.592 E99.58965
G1 X218.739 Y182.965 E99.63615
G1 X218.375 Y184.791 E99.69808
G1 X218.116 Y186.021 E99.73989
G1 X218.035 Y186.38 E99.75213
G1 X217.935 Y186.786 E99.76604
G1 X217.847 Y187.082 E99.77631
G1 X216.396 Y191.355 E99.9264
G1 X216.315 Y191.582 E99.93441
G1 X216.149 Y191.987 E99.94897
G1 X216.073 Y192.166 E99.95544
G1 X215.796 Y192.759 E99.97721
G1 X215.368 Y193.642 E100.00985
G1 X215.357 Y193.67 E100.01085
G1 X214.836 Y194.73 E100.05013
G1 X214.733 Y194.927 E100.05752
G1 X214.515 Y195.358 E100.07359
G1 X214.214 Y195.971 E100.0963
G1 X213.869 Y196.598 E100.12011
G1 X213.548 Y197.248 E100.14422
G1 X213.511 Y197.302 E100.14639
G1 X212.898 Y198.137 E100.18085
G1 X212.709 Y198.439 E100.1927
G1 X211.932 Y199.53 E100.23725
G1 X211.81 Y199.706 E100.24437
G1 X211.021 Y200.809 E100.28947
G1 X210.157 Y201.974 E100.33771
G1 X209.256 Y203.11 E100.38594
G1 X208.314 Y204.221 E100.43439
G1 X207.344 Y205.29 E100.4824
G1 X206.336 Y206.331 E100.53059
G1 X205.29 Y207.344 E100.57902
G1 X204.247 Y208.288 E100.62581
G1 X204.215 Y208.319 E100.62729
G1 X203.115 Y209.252 E100.67527
G1 X201.979 Y210.153 E100.72349
G1 X200.812 Y211.019 E100.77183
G1 X199.625 Y211.869 E100.82039
G1 X199.532 Y211.931 E100.8241
G1 X198.44 Y212.708 E100.86868
G1 X198.138 Y212.897 E100.88053
G1 X197.25 Y213.547 E100.91713
G1 X196.598 Y213.869 E100.94132
G1 X195.964 Y214.218 E100.96539
G1 X195.358 Y214.516 E100.98785
G1 X194.911 Y214.743 E101.00452
G1 X194.153 Y215.121 E101.03269
G1 X193.399 Y215.489 E101.0606
G1 X192.832 Y215.76 E101.0815
G1 X192.759 Y215.797 E101.08422
G1 X192.17 Y216.07 E101.10582
G1 X191.787 Y216.238 E101.11973
G1 X191.498 Y216.348 E101.13001
G1 X187.085 Y217.847 E101.28503
G1 X186.795 Y217.932 E101.29508
G1 X186.38 Y218.037 E101.30931
G1 X185.75 Y218.175 E101.33077
G1 X184.377 Y218.459 E101.3774
G1 X182.294 Y218.869 E101.44801
G1 X181.316 Y219.052 E101.4811
G1 X180.955 Y219.114 E101.49328
G1 X180.532 Y219.179 E101.50752
G1 X180.241 Y219.208 E101.51724
G1 X175.573 Y219.515 E101.67284
G1 X175.276 Y219.522 E101.68272
G1 X174.86 Y219.515 E101.69656
G1 X174.208 Y219.486 E101.71826
G1 X173.23 Y219.431 E101.75084
G1 X172.029 Y219.345 E101.79089
G1 X170.687 Y219.228 E101.8357
G1 X169.299 Y219.072 E101.88215
G1 X167.962 Y218.88 E101.92708
G1 X166.685 Y218.661 E101.97017
G1 X165.461 Y218.432 E102.01159
G1 X164.04 Y218.148 E102.05978
G1 X163.75 Y218.078 E102.06971
G1 X163.342 Y217.962 E102.08382
G1 X162.718 Y217.765 E102.10558
G1 X161.393 Y217.326 E102.152
G1 X159.64 Y216.73 E102.21359
G1 X158.729 Y216.414 E102.24566
G1 X158.137 Y216.202 E102.26657
G1 X157.776 Y216.062 E102.27945
G1 X157.522 Y215.949 E102.2887
G1 X153.151 Y213.795 E102.45077
G1 X152.916 Y213.666 E102.45969
G1 X152.574 Y213.458 E102.473
G1 X152.048 Y213.12 E102.4938
G1 X150.496 Y212.091 E102.55573
G1 X149.356 Y211.327 E102.60138
G1 X148.549 Y210.777 E102.63386
G1 X148.013 Y210.402 E102.65561
G1 X147.809 Y210.25 E102.66408
G1 X147.517 Y210.025 E102.67634
G1 X147.186 Y209.739 E102.69089
G1 X145.176 Y207.975 E102.77983
G1 X143.935 Y206.889 E102.83468
G1 X143.711 Y206.675 E102.84499
G1 X143.419 Y206.374 E102.85893
G1 X142.982 Y205.895 E102.8805
G1 X142.054 Y204.85 E102.92698
G1 X141.578 Y204.309 E102.95095
G1 X140.654 Y203.251 E102.99767
G1 X140.118 Y202.628 E103.025
G1 X139.773 Y202.214 E103.04293
G1 X139.512 Y201.888 E103.05682
G1 X139.331 Y201.637 E103.06711
G1 X136.74 Y197.762 E103.22215
G1 X136.58 Y197.498 E103.23242
G1 X136.376 Y197.131 E103.24638
G1 X136.078 Y196.558 E103.26786
G1 X135.449 Y195.306 E103.31447
G1 X134.511 Y193.399 E103.38515
G1 X134.24 Y192.832 E103.40605
G1 X134.2 Y192.753 E103.409
G1 X133.928 Y192.166 E103.43052
G1 X133.762 Y191.787 E103.44428
G1 X133.652 Y191.498 E103.45456
G1 X132.152 Y187.082 E103.60968
G1 X132.066 Y186.788 E103.61987
G1 X131.963 Y186.38 E103.63387
G1 X131.825 Y185.75 E103.65532
G1 X131.541 Y184.377 E103.70195
G1 X131.131 Y182.294 E103.77256
G1 X130.948 Y181.316 E103.80565
G1 X130.885 Y180.951 E103.81797
G1 X130.821 Y180.532 E103.83207
G1 X130.792 Y180.241 E103.8418
G1 X130.485 Y175.573 E103.99739
G1 X130.478 Y175.281 E104.0071
G1 X130.485 Y174.86 E104.02111
G1 X130.514 Y174.209 E104.04278
G1 X130.596 Y172.811 E104.08936
G1 X130.642 Y172.093 E104.11329
G1 X130.737 Y170.689 E104.16009
G1 X130.786 Y170.063 E104.18098
G1 X130.791 Y169.974 E104.18394
G1 X130.848 Y169.335 E104.20528
G1 X130.895 Y168.907 E104.2196
G1 X130.942 Y168.621 E104.22924
G1 X131.787 Y164.366 E104.37353
G1 X131.885 Y163.914 E104.38891
G1 X131.946 Y163.621 E104.39886
G1 X132.01 Y163.341 E104.40842
G1 X132.49 Y161.922 E104.45824
G1 X132.847 Y160.904 E104.49412
G1 X133.319 Y159.615 E104.53978
G1 X133.951 Y157.99 E104.59777
G1 X134.53 Y156.652 E104.64626
G1 X135.126 Y155.383 E104.69289
G1 X135.718 Y154.197 E104.73698
G1 X136.278 Y153.144 E104.77664
G1 X136.589 Y152.596 E104.7976
G1 X136.777 Y152.27 E104.81012
G1 X137.063 Y151.796 E104.82853
G1 X137.2 Y151.574 E104.83721
G1 X137.425 Y151.22 E104.85116
G1 X137.857 Y150.566 E104.87723
G1 X138.004 Y150.348 E104.88597
G1 X138.253 Y149.993 E104.9004
G1 X138.473 Y149.669 E104.91342
G1 X138.581 Y149.532 E104.91922
G1 X138.606 Y149.549 E104.92023
G1 X138.935 Y149.185 E104.93655
G1 X139.15 Y149.006 E104.94585
G1 X139.377 Y148.809 E104.95585
G1 X139.65 Y148.564 E104.96805
G1 X139.839 Y148.378 E104.97687
G1 X140.019 Y148.207 E104.98513
G1 X140.223 Y148.026 E104.9942
G1 X140.466 Y147.844 E105.0043
G1 X135.577 Y142.939 E105.23464
G1 X134.144 Y141.506 E105.30204
G1 X136.917 Y138.733 E105.43247
G1 X142.208 Y144.027 E105.68142
G1 X143.645 Y145.468 E105.7491
G1 X145.416 Y143.698 E105.83238
G1 X138.687 Y136.963 E106.14903
;TIME_ELAPSED:124.540512
;LAYER:9
;MESH:Warp_Reaction_Chamber_Lens.stl
G0 F12000 X138.687 Y136.963 Z2
;TYPE:WALL-OUTER
G1 F1898.4 X141.622 Y134.028 E106.28709
G1 X144.531 Y136.936 E106.42389
G1 X145.79 Y138.191 E106.48302
G1 X147.139 Y139.523 E106.54607
G1 X147.438 Y139.822 E106.56014
G1 X147.904 Y140.275 E106.58175
G1 X148.271 Y139.876 E106.59978
G1 X148.549 Y139.583 E106.61322
G1 X148.782 Y139.321 E106.62488
G1 X149.08 Y138.971 E106.64017
G1 X149.35 Y138.731 E106.65218
G1 X149.579 Y138.543 E106.66204
G1 X149.891 Y138.309 E106.67501
G1 X150.386 Y137.954 E106.69527
G1 X150.67 Y137.757 E106.70677
G1 X150.978 Y137.53 E106.71949
G1 X151.531 Y137.174 E106.74137
G1 X152.234 Y136.745 E106.76876
G1 X153.113 Y136.243 E106.80243
G1 X154.171 Y135.681 E106.84227
G1 X155.362 Y135.085 E106.88657
G1 X156.637 Y134.487 E106.93341
G1 X157.956 Y133.915 E106.98122
G1 X159.29 Y133.386 E107.02895
G1 X160.618 Y132.899 E107.076
G1 X161.914 Y132.446 E107.12166
G1 X163.075 Y132.056 E107.1624
G1 X163.628 Y131.906 E107.18146
G1 X163.895 Y131.841 E107.1906
G1 X164.541 Y131.706 E107.21255
G1 X168.607 Y130.897 E107.35043
G1 X168.907 Y130.85 E107.36053
G1 X169.327 Y130.8 E107.3746
G1 X169.973 Y130.744 E107.39617
G1 X171.288 Y130.649 E107.44002
G1 X172.09 Y130.596 E107.46675
G1 X173.441 Y130.511 E107.51177
G1 X174.208 Y130.467 E107.53733
G1 X174.86 Y130.44 E107.55903
G1 X175.279 Y130.431 E107.57297
G1 X175.573 Y130.44 E107.58275
G1 X180.249 Y130.745 E107.73861
G1 X180.543 Y130.777 E107.74844
G1 X180.961 Y130.839 E107.7625
G1 X181.601 Y130.952 E107.78411
G1 X182.891 Y131.199 E107.8278
G1 X184.801 Y131.58 E107.89258
G1 X185.976 Y131.827 E107.93251
G1 X186.397 Y131.922 E107.94687
G1 X186.807 Y132.022 E107.9609
G1 X187.093 Y132.108 E107.97084
G1 X191.524 Y133.611 E108.12646
G1 X191.793 Y133.716 E108.13606
G1 X192.188 Y133.887 E108.15038
G1 X192.774 Y134.16 E108.17188
G1 X193.96 Y134.735 E108.21572
G1 X194.681 Y135.089 E108.24244
G1 X195.894 Y135.692 E108.28749
G1 X196.578 Y136.036 E108.31295
G1 X197.156 Y136.339 E108.33466
G1 X197.533 Y136.545 E108.34895
G1 X197.781 Y136.7 E108.35868
G1 X201.673 Y139.298 E108.51432
G1 X201.906 Y139.469 E108.52393
G1 X202.238 Y139.732 E108.53802
G1 X202.737 Y140.151 E108.55969
G1 X204.34 Y141.543 E108.6303
G1 X205.198 Y142.297 E108.66829
G1 X206.089 Y143.097 E108.70812
G1 X206.407 Y143.389 E108.72248
G1 X206.626 Y143.601 E108.73261
G1 X206.839 Y143.817 E108.7427
G1 X207.046 Y144.047 E108.753
G1 X209.999 Y147.411 E108.90188
G1 X210.185 Y147.643 E108.91177
G1 X210.437 Y147.983 E108.92584
G1 X210.811 Y148.518 E108.94755
G1 X211.551 Y149.61 E108.99143
G1 X211.999 Y150.278 E109.01818
G1 X212.75 Y151.407 E109.06328
G1 X213.17 Y152.047 E109.08874
G1 X213.554 Y152.654 E109.11263
G1 X213.675 Y152.856 E109.12046
G1 X213.833 Y153.135 E109.13113
G1 X214.119 Y153.703 E109.15228
G1 X215.942 Y157.402 E109.28944
G1 X216.064 Y157.677 E109.29944
G1 X216.221 Y158.071 E109.31355
G1 X216.445 Y158.688 E109.33538
G1 X216.878 Y159.934 E109.37925
G1 X217.138 Y160.697 E109.40606
G1 X217.569 Y161.977 E109.45099
G1 X217.876 Y162.917 E109.48388
G1 X218.005 Y163.329 E109.49823
G1 X218.122 Y163.73 E109.51213
G1 X218.192 Y164.027 E109.52228
G1 X218.502 Y165.577 E109.57485
G1 X218.647 Y166.318 E109.59996
G1 X219.103 Y168.607 E109.67759
G1 X219.149 Y168.901 E109.68749
G1 X219.2 Y169.327 E109.70176
G1 X219.256 Y169.97 E109.72323
G1 X219.351 Y171.287 E109.76714
G1 X219.404 Y172.09 E109.79391
G1 X219.489 Y173.439 E109.83887
G1 X219.533 Y174.205 E109.86439
G1 X219.56 Y174.856 E109.88606
G1 X219.569 Y175.275 E109.9
G1 X219.56 Y175.573 E109.90991
G1 X219.256 Y180.24 E110.06547
G1 X219.224 Y180.536 E110.07537
G1 X219.162 Y180.955 E110.08946
G1 X219.049 Y181.598 E110.11117
G1 X218.8 Y182.892 E110.155
G1 X218.644 Y183.681 E110.18175
G1 X218.377 Y185.006 E110.22671
G1 X218.174 Y185.973 E110.25957
G1 X218.079 Y186.394 E110.27392
G1 X217.978 Y186.807 E110.28806
G1 X217.894 Y187.087 E110.29779
G1 X216.39 Y191.522 E110.45355
G1 X216.284 Y191.793 E110.46323
G1 X216.116 Y192.182 E110.47732
G1 X215.84 Y192.774 E110.49904
G1 X215.409 Y193.663 E110.5319
G1 X215.402 Y193.683 E110.53261
G1 X214.876 Y194.751 E110.57221
G1 X214.586 Y195.321 E110.59348
G1 X214.24 Y196.02 E110.61942
G1 X213.942 Y196.563 E110.64002
G1 X213.59 Y197.275 E110.66644
G1 X213.563 Y197.315 E110.66804
G1 X212.882 Y198.245 E110.70638
G1 X212.752 Y198.453 E110.71454
G1 X211.909 Y199.639 E110.76293
G1 X211.05 Y200.829 E110.81175
G1 X210.185 Y201.995 E110.86003
G1 X209.284 Y203.133 E110.90831
G1 X208.341 Y204.245 E110.95681
G1 X207.37 Y205.314 E111.00484
G1 X206.361 Y206.356 E111.05308
G1 X205.315 Y207.371 E111.10156
G1 X204.245 Y208.341 E111.14959
G1 X203.137 Y209.279 E111.19788
G1 X201.995 Y210.185 E111.24636
G1 X200.832 Y211.05 E111.29457
G1 X199.64 Y211.908 E111.34342
G1 X198.532 Y212.694 E111.3886
G1 X198.244 Y212.882 E111.40004
G1 X197.271 Y213.592 E111.4401
G1 X196.563 Y213.943 E111.46639
G1 X195.993 Y214.256 E111.48801
G1 X195.322 Y214.586 E111.51289
G1 X194.224 Y215.137 E111.55375
G1 X193.671 Y215.405 E111.57418
G1 X193.468 Y215.506 E111.58173
G1 X192.577 Y215.932 E111.61457
G1 X192.181 Y216.114 E111.62907
G1 X191.796 Y216.284 E111.64307
G1 X191.517 Y216.39 E111.65299
G1 X187.096 Y217.892 E111.80829
G1 X186.809 Y217.976 E111.81824
G1 X186.393 Y218.081 E111.83251
G1 X185.763 Y218.22 E111.85396
G1 X184.47 Y218.487 E111.89788
G1 X182.562 Y218.865 E111.96257
G1 X181.381 Y219.088 E112.00255
G1 X180.959 Y219.16 E112.01678
G1 X180.536 Y219.225 E112.03102
G1 X180.247 Y219.253 E112.04068
G1 X179.716 Y219.29 E112.05838
G1 X175.571 Y219.561 E112.19654
G1 X175.279 Y219.568 E112.20625
G1 X174.862 Y219.561 E112.22012
G1 X174.208 Y219.532 E112.2419
G1 X173.229 Y219.477 E112.27451
G1 X172.026 Y219.391 E112.31462
G1 X170.684 Y219.274 E112.35943
G1 X169.295 Y219.118 E112.40592
G1 X167.957 Y218.926 E112.45088
G1 X166.679 Y218.707 E112.494
G1 X165.45 Y218.477 E112.53559
G1 X164.035 Y218.193 E112.58359
G1 X163.734 Y218.122 E112.59388
G1 X163.332 Y218.007 E112.60778
G1 X162.908 Y217.872 E112.62258
G1 X162.709 Y217.811 E112.6295
G1 X161.459 Y217.397 E112.6733
G1 X159.624 Y216.773 E112.73777
G1 X158.711 Y216.456 E112.76991
G1 X158.119 Y216.244 E112.79082
G1 X157.858 Y216.142 E112.80014
G1 X157.599 Y216.033 E112.80949
G1 X157.35 Y215.916 E112.81864
G1 X153.227 Y213.882 E112.97155
G1 X152.879 Y213.698 E112.98465
G1 X152.55 Y213.497 E112.99747
G1 X152.025 Y213.16 E113.01822
G1 X150.494 Y212.145 E113.07931
G1 X149.326 Y211.363 E113.12606
G1 X148.521 Y210.813 E113.15849
G1 X147.984 Y210.438 E113.18028
G1 X147.65 Y210.192 E113.19407
G1 X147.414 Y209.999 E113.20421
G1 X144.185 Y207.168 E113.34704
G1 X143.902 Y206.922 E113.35951
G1 X143.682 Y206.71 E113.36967
G1 X143.387 Y206.407 E113.38374
G1 X142.949 Y205.928 E113.40533
G1 X142.076 Y204.944 E113.44908
G1 X141.543 Y204.339 E113.4759
G1 X140.653 Y203.32 E113.5209
G1 X140.011 Y202.57 E113.55373
G1 X139.735 Y202.241 E113.56802
G1 X139.467 Y201.906 E113.58228
G1 X139.295 Y201.666 E113.59211
G1 X136.694 Y197.778 E113.74769
G1 X136.545 Y197.53 E113.75731
G1 X136.337 Y197.156 E113.77155
G1 X136.038 Y196.581 E113.7931
G1 X135.445 Y195.402 E113.837
G1 X134.586 Y193.657 E113.90169
G1 X134.16 Y192.774 E113.93429
G1 X133.887 Y192.184 E113.95592
G1 X133.714 Y191.793 E113.97014
G1 X133.61 Y191.517 E113.97995
G1 X132.107 Y187.093 E114.13535
G1 X132.022 Y186.802 E114.14543
G1 X131.919 Y186.393 E114.15946
G1 X131.779 Y185.76 E114.18102
G1 X131.513 Y184.47 E114.22483
G1 X131.135 Y182.562 E114.28953
G1 X130.912 Y181.381 E114.3295
G1 X130.839 Y180.955 E114.34387
G1 X130.775 Y180.536 E114.35797
G1 X130.747 Y180.247 E114.36763
G1 X130.71 Y179.716 E114.38533
G1 X130.439 Y175.571 E114.52349
G1 X130.432 Y175.284 E114.53304
G1 X130.439 Y174.862 E114.54708
G1 X130.468 Y174.209 E114.56882
G1 X130.545 Y172.893 E114.61266
G1 X130.596 Y172.091 E114.63939
G1 X130.688 Y170.739 E114.68446
G1 X130.745 Y169.974 E114.70998
G1 X130.802 Y169.327 E114.73158
G1 X130.85 Y168.899 E114.7459
G1 X130.896 Y168.615 E114.75547
G1 X130.998 Y168.092 E114.7732
G1 X131.747 Y164.339 E114.90048
G1 X131.819 Y163.987 E114.91243
G1 X131.953 Y163.378 E114.93317
G1 X131.996 Y163.236 E114.93811
G1 X132.435 Y161.945 E114.98346
G1 X132.793 Y160.92 E115.01957
G1 X133.268 Y159.619 E115.06564
G1 X133.912 Y157.962 E115.12477
G1 X134.486 Y156.638 E115.17276
G1 X135.085 Y155.362 E115.21965
G1 X135.678 Y154.174 E115.26381
G1 X136.24 Y153.118 E115.3036
G1 X136.523 Y152.62 E115.32265
G1 X136.743 Y152.239 E115.33728
G1 X137.002 Y151.808 E115.354
G1 X137.171 Y151.534 E115.36471
G1 X137.375 Y151.213 E115.37736
G1 X137.967 Y150.319 E115.41302
G1 X138.141 Y150.084 E115.42275
G1 X138.35 Y149.769 E115.43532
G1 X138.535 Y149.502 E115.44613
G1 X138.578 Y149.45 E115.44837
G1 X138.605 Y149.469 E115.44947
G1 X138.92 Y149.125 E115.46498
G1 X139.137 Y148.945 E115.47436
G1 X139.337 Y148.773 E115.48313
G1 X139.681 Y148.463 E115.49854
G1 X140.227 Y147.948 E115.5235
G1 X139.777 Y147.485 E115.54497
G1 X137.871 Y145.562 E115.63503
G1 X133.982 Y141.668 E115.81807
G1 X136.917 Y138.733 E115.95612
G1 X142.121 Y143.94 E116.20098
G1 X143.645 Y145.468 E116.27275
G1 X145.416 Y143.698 E116.35603
G1 X138.687 Y136.963 E116.67269
;TIME_ELAPSED:134.985411
;LAYER:10
;MESH:Warp_Reaction_Chamber_Lens.stl
G0 F12000 X138.687 Y136.963 Z2.2
;TYPE:WALL-OUTER
G1 F1899.6 X141.772 Y133.878 E116.81779
G1 X146.341 Y138.444 E117.03264
G1 X146.626 Y138.724 E117.04592
G1 X148.004 Y140.094 E117.11055
G1 X148.482 Y139.577 E117.13397
G1 X148.721 Y139.309 E117.14592
G1 X149.021 Y138.956 E117.16132
G1 X149.268 Y138.733 E117.17239
G1 X149.494 Y138.548 E117.18211
G1 X149.804 Y138.315 E117.195
G1 X150.32 Y137.944 E117.21614
G1 X150.573 Y137.77 E117.22635
G1 X150.925 Y137.51 E117.24091
G1 X151.225 Y137.315 E117.25281
G1 X151.492 Y137.145 E117.26334
G1 X152.202 Y136.711 E117.29102
G1 X153.087 Y136.205 E117.32492
G1 X154.152 Y135.639 E117.36504
G1 X155.337 Y135.046 E117.40911
G1 X156.618 Y134.445 E117.45617
G1 X157.938 Y133.873 E117.50402
G1 X159.273 Y133.343 E117.55179
G1 X160.604 Y132.855 E117.59894
G1 X161.653 Y132.49 E117.63588
G1 X161.907 Y132.4 E117.64485
G1 X163.088 Y132.003 E117.68629
G1 X163.363 Y131.928 E117.69577
G1 X163.649 Y131.853 E117.7056
G1 X163.975 Y131.777 E117.71674
G1 X164.45 Y131.677 E117.73288
G1 X168.601 Y130.851 E117.87365
G1 X168.895 Y130.806 E117.88354
G1 X169.319 Y130.755 E117.89775
G1 X169.967 Y130.699 E117.91938
G1 X171.199 Y130.61 E117.96046
G1 X172.087 Y130.55 E117.99007
G1 X173.386 Y130.468 E118.03336
G1 X174.367 Y130.414 E118.06603
G1 X174.862 Y130.394 E118.08251
G1 X175.282 Y130.385 E118.09648
G1 X175.572 Y130.394 E118.10613
G1 X180.256 Y130.7 E118.26226
G1 X180.544 Y130.731 E118.27189
G1 X180.965 Y130.793 E118.28604
G1 X181.78 Y130.94 E118.31359
G1 X182.817 Y131.138 E118.3487
G1 X183.69 Y131.31 E118.3783
G1 X184.965 Y131.568 E118.42156
G1 X185.774 Y131.735 E118.44904
G1 X186.411 Y131.878 E118.47075
G1 X186.82 Y131.978 E118.48476
G1 X187.103 Y132.063 E118.49458
G1 X191.543 Y133.569 E118.65052
G1 X191.808 Y133.672 E118.65998
G1 X192.108 Y133.804 E118.67088
G1 X192.206 Y133.845 E118.67441
G1 X192.95 Y134.195 E118.70176
G1 X193.903 Y134.656 E118.73697
G1 X194.703 Y135.049 E118.76662
G1 X195.869 Y135.627 E118.8099
G1 X196.742 Y136.07 E118.84246
G1 X197.184 Y136.301 E118.85905
G1 X197.549 Y136.501 E118.87289
G1 X197.798 Y136.655 E118.88263
G1 X201.694 Y139.257 E119.03845
G1 X201.932 Y139.432 E119.04828
G1 X202.264 Y139.694 E119.06235
G1 X202.765 Y140.115 E119.08411
G1 X203.7 Y140.924 E119.12523
G1 X204.371 Y141.51 E119.15486
G1 X205.231 Y142.264 E119.1929
G1 X205.923 Y142.885 E119.22383
G1 X206.441 Y143.358 E119.24716
G1 X206.687 Y143.596 E119.25855
G1 X206.86 Y143.772 E119.26675
G1 X207.097 Y144.035 E119.27853
G1 X209.984 Y147.325 E119.42411
G1 X210.22 Y147.613 E119.4365
G1 X210.473 Y147.954 E119.45062
G1 X210.848 Y148.49 E119.47237
G1 X211.542 Y149.514 E119.51352
G1 X212.037 Y150.252 E119.54307
G1 X212.76 Y151.336 E119.58641
G1 X213.185 Y151.989 E119.61233
G1 X213.215 Y152.032 E119.61407
G1 X213.501 Y152.484 E119.63186
G1 X213.566 Y152.583 E119.6358
G1 X213.78 Y152.937 E119.64956
G1 X213.921 Y153.2 E119.65948
G1 X215.985 Y157.385 E119.81468
G1 X216.106 Y157.657 E119.82459
G1 X216.263 Y158.052 E119.83872
G1 X216.488 Y158.67 E119.8606
G1 X216.894 Y159.84 E119.90179
G1 X217.181 Y160.681 E119.93134
G1 X217.597 Y161.915 E119.97466
G1 X217.902 Y162.847 E120.00727
G1 X218.051 Y163.323 E120.02386
G1 X218.144 Y163.646 E120.03504
G1 X218.205 Y163.886 E120.04328
G1 X218.325 Y164.452 E120.06252
G1 X219.149 Y168.601 E120.20321
G1 X219.194 Y168.893 E120.21304
G1 X219.245 Y169.319 E120.22731
G1 X219.301 Y169.965 E120.24888
G1 X219.39 Y171.199 E120.29003
G1 X219.45 Y172.087 E120.31963
G1 X219.532 Y173.384 E120.36285
G1 X219.586 Y174.364 E120.3955
G1 X219.606 Y174.858 E120.41194
G1 X219.615 Y175.278 E120.42591
G1 X219.606 Y175.572 E120.4357
G1 X219.301 Y180.248 E120.59155
G1 X219.27 Y180.54 E120.60132
G1 X219.208 Y180.959 E120.61541
G1 X219.061 Y181.777 E120.64305
G1 X218.862 Y182.817 E120.67827
G1 X218.69 Y183.69 E120.70786
G1 X218.432 Y184.965 E120.75113
G1 X218.266 Y185.77 E120.77846
G1 X218.123 Y186.408 E120.80021
G1 X218.022 Y186.82 E120.81432
G1 X217.939 Y187.097 E120.82394
G1 X216.434 Y191.535 E120.9798
G1 X216.328 Y191.808 E120.98954
G1 X216.196 Y192.108 E121.00044
G1 X216.155 Y192.206 E121.00398
G1 X215.805 Y192.95 E121.03132
G1 X215.447 Y193.694 E121.05879
G1 X214.918 Y194.771 E121.09869
G1 X214.792 Y195.015 E121.10783
G1 X214.656 Y195.285 E121.11788
G1 X214.297 Y196.015 E121.14494
G1 X214.015 Y196.527 E121.16438
G1 X213.631 Y197.304 E121.19321
G1 X213.617 Y197.326 E121.19408
G1 X212.865 Y198.352 E121.23639
G1 X212.782 Y198.485 E121.2416
G1 X212.261 Y199.218 E121.27151
G1 X211.933 Y199.664 E121.28992
G1 X211.079 Y200.85 E121.33853
G1 X210.213 Y202.016 E121.38684
G1 X209.312 Y203.154 E121.43512
G1 X209.158 Y203.333 E121.44297
G1 X208.372 Y204.262 E121.48345
G1 X207.395 Y205.337 E121.53176
G1 X206.386 Y206.381 E121.58005
G1 X205.338 Y207.396 E121.62858
G1 X204.268 Y208.367 E121.67663
G1 X203.159 Y209.305 E121.72494
G1 X202.021 Y210.209 E121.77328
G1 X200.85 Y211.079 E121.8218
G1 X199.506 Y212.048 E121.87691
G1 X199.219 Y212.26 E121.88878
G1 X198.484 Y212.782 E121.91876
G1 X198.327 Y212.883 E121.92497
G1 X197.301 Y213.633 E121.96724
G1 X196.527 Y214.016 E121.99596
G1 X196.008 Y214.301 E122.01566
G1 X195.285 Y214.657 E122.04246
G1 X194.298 Y215.152 E122.07919
G1 X193.686 Y215.449 E122.10181
G1 X193.534 Y215.525 E122.10747
G1 X192.649 Y215.949 E122.1401
G1 X192.197 Y216.159 E122.15668
G1 X191.818 Y216.325 E122.17044
G1 X191.535 Y216.432 E122.18051
G1 X187.107 Y217.937 E122.33606
G1 X186.823 Y218.02 E122.3459
G1 X186.407 Y218.125 E122.36017
G1 X185.599 Y218.3 E122.38766
G1 X184.561 Y218.515 E122.42292
G1 X183.69 Y218.69 E122.45247
G1 X182.414 Y218.94 E122.49572
G1 X181.447 Y219.123 E122.52845
G1 X180.963 Y219.206 E122.54478
G1 X180.54 Y219.271 E122.55902
G1 X180.255 Y219.299 E122.56854
G1 X175.571 Y219.607 E122.72467
G1 X175.281 Y219.614 E122.73432
G1 X174.864 Y219.607 E122.74819
G1 X174.031 Y219.568 E122.77592
G1 X173.227 Y219.523 E122.80271
G1 X172.023 Y219.437 E122.84285
G1 X170.68 Y219.32 E122.88769
G1 X169.29 Y219.164 E122.93421
G1 X167.953 Y218.972 E122.97914
G1 X166.673 Y218.752 E123.02234
G1 X165.439 Y218.521 E123.06409
G1 X164.384 Y218.309 E123.09988
G1 X164.016 Y218.238 E123.11235
G1 X163.733 Y218.169 E123.12204
G1 X163.416 Y218.077 E123.13302
G1 X163.321 Y218.052 E123.13628
G1 X162.694 Y217.854 E123.15815
G1 X161.524 Y217.467 E123.19914
G1 X159.463 Y216.767 E123.27153
G1 X158.694 Y216.499 E123.29862
G1 X158.1 Y216.286 E123.31961
G1 X157.806 Y216.171 E123.33011
G1 X157.49 Y216.036 E123.34154
G1 X153.099 Y213.872 E123.50436
G1 X152.871 Y213.747 E123.513
G1 X152.61 Y213.585 E123.52322
G1 X152.535 Y213.542 E123.5261
G1 X151.859 Y213.104 E123.55289
G1 X150.25 Y212.038 E123.61708
G1 X149.172 Y211.312 E123.66031
G1 X148.532 Y210.875 E123.68608
G1 X147.954 Y210.473 E123.7095
G1 X147.62 Y210.227 E123.7233
G1 X147.387 Y210.036 E123.73332
G1 X143.924 Y207 E123.8865
G1 X143.725 Y206.817 E123.89549
G1 X143.356 Y206.441 E123.91301
G1 X142.917 Y205.96 E123.93467
G1 X142.096 Y205.038 E123.97573
G1 X141.509 Y204.371 E124.00528
G1 X140.652 Y203.39 E124.04861
G1 X140.148 Y202.803 E124.07434
G1 X139.695 Y202.263 E124.09778
G1 X139.429 Y201.932 E124.11191
G1 X139.259 Y201.695 E124.12161
G1 X136.659 Y197.807 E124.27717
G1 X136.502 Y197.548 E124.28725
G1 X136.298 Y197.18 E124.30124
G1 X135.998 Y196.604 E124.32284
G1 X135.441 Y195.498 E124.36403
G1 X134.475 Y193.534 E124.43683
G1 X134.051 Y192.649 E124.46947
G1 X133.841 Y192.197 E124.48604
G1 X133.674 Y191.816 E124.49988
G1 X133.568 Y191.535 E124.50987
G1 X132.063 Y187.107 E124.66542
G1 X131.978 Y186.816 E124.6755
G1 X131.875 Y186.407 E124.68953
G1 X131.7 Y185.599 E124.71703
G1 X131.485 Y184.561 E124.75228
G1 X131.31 Y183.69 E124.78183
G1 X131.06 Y182.414 E124.82508
G1 X130.877 Y181.447 E124.85781
G1 X130.793 Y180.959 E124.87428
G1 X130.729 Y180.54 E124.88838
G1 X130.701 Y180.255 E124.8979
G1 X130.393 Y175.571 E125.05403
G1 X130.386 Y175.286 E125.06351
G1 X130.393 Y174.864 E125.07755
G1 X130.432 Y174.032 E125.10525
G1 X130.494 Y172.973 E125.14054
G1 X130.55 Y172.088 E125.17003
G1 X130.638 Y170.788 E125.21337
G1 X130.713 Y169.811 E125.24596
G1 X130.757 Y169.319 E125.26239
G1 X130.804 Y168.891 E125.27671
G1 X130.85 Y168.611 E125.28615
G1 X131.704 Y164.315 E125.43183
G1 X131.76 Y164.061 E125.44048
G1 X131.813 Y163.798 E125.4494
G1 X131.883 Y163.488 E125.45997
G1 X131.952 Y163.223 E125.46908
G1 X132.378 Y161.968 E125.51316
G1 X132.738 Y160.937 E125.54948
G1 X133.21 Y159.643 E125.59529
G1 X133.867 Y157.952 E125.65563
G1 X134.446 Y156.614 E125.70412
G1 X135.044 Y155.341 E125.7509
G1 X135.638 Y154.151 E125.79514
G1 X136.205 Y153.087 E125.83524
G1 X136.709 Y152.207 E125.86897
G1 X136.942 Y151.82 E125.88399
G1 X137.142 Y151.495 E125.89668
G1 X137.327 Y151.205 E125.90813
G1 X137.511 Y150.922 E125.91935
G1 X137.934 Y150.286 E125.94476
G1 X138.136 Y150.013 E125.95605
G1 X138.358 Y149.68 E125.96936
G1 X138.542 Y149.413 E125.98015
G1 X138.578 Y149.371 E125.98199
G1 X138.605 Y149.39 E125.98309
G1 X138.909 Y149.063 E125.99794
G1 X139.124 Y148.884 E126.00724
G1 X139.345 Y148.695 E126.01691
G1 X139.682 Y148.39 E126.03203
G1 X140.046 Y148.051 E126.04858
G1 X139.001 Y146.996 E126.09796
G1 X138.677 Y146.672 E126.1132
G1 X138.398 Y146.388 E126.12645
G1 X133.832 Y141.818 E126.34131
G1 X136.917 Y138.733 E126.48642
G1 X142.035 Y143.854 E126.72723
G1 X143.645 Y145.468 E126.80305
G1 X145.416 Y143.698 E126.88633
G1 X138.687 Y136.963 E127.20298
;TIME_ELAPSED:145.430722
;LAYER:11
;MESH:Warp_Reaction_Chamber_Lens.stl
G0 F12000 X138.687 Y136.963 Z2.4
;TYPE:WALL-OUTER
G1 F1900.8 X141.911 Y133.739 E127.35463
G1 X143.137 Y134.967 E127.41234
G1 X148.096 Y139.922 E127.6455
G1 X148.534 Y139.441 E127.66714
G1 X148.875 Y139.045 E127.68452
G1 X149.273 Y138.663 E127.70287
G1 X149.416 Y138.546 E127.70902
G1 X149.749 Y138.297 E127.72285
G1 X150.25 Y137.939 E127.74333
G1 X150.475 Y137.783 E127.75243
G1 X150.883 Y137.482 E127.7693
G1 X151.452 Y137.116 E127.7918
G1 X152.171 Y136.676 E127.81983
G1 X153.061 Y136.167 E127.85393
G1 X154.129 Y135.599 E127.89417
G1 X155.316 Y135.005 E127.93832
G1 X156.598 Y134.403 E127.98542
G1 X157.92 Y133.83 E128.03334
G1 X159.257 Y133.3 E128.08118
G1 X160.59 Y132.811 E128.1284
G1 X161.899 Y132.354 E128.17452
G1 X163.101 Y131.949 E128.21671
G1 X163.401 Y131.868 E128.22704
G1 X163.705 Y131.79 E128.23748
G1 X163.962 Y131.732 E128.24624
G1 X164.36 Y131.648 E128.25977
G1 X168.309 Y130.861 E128.3937
G1 X168.556 Y130.814 E128.40206
G1 X168.891 Y130.759 E128.41335
G1 X169.311 Y130.71 E128.42742
G1 X170.064 Y130.645 E128.45255
G1 X171.113 Y130.569 E128.48754
G1 X172.084 Y130.504 E128.5199
G1 X173.331 Y130.425 E128.56146
G1 X174.306 Y130.371 E128.59394
G1 X174.863 Y130.348 E128.61248
G1 X175.284 Y130.339 E128.62649
G1 X175.571 Y130.348 E128.63604
G1 X180.263 Y130.654 E128.79243
G1 X180.546 Y130.685 E128.8019
G1 X180.969 Y130.747 E128.81612
G1 X181.712 Y130.879 E128.84121
G1 X182.743 Y131.076 E128.87613
G1 X183.699 Y131.265 E128.90854
G1 X184.922 Y131.512 E128.95004
G1 X185.881 Y131.712 E128.98262
G1 X186.421 Y131.833 E129.00103
G1 X186.802 Y131.928 E129.01409
G1 X187.117 Y132.019 E129.02499
G1 X191.554 Y133.525 E129.18083
G1 X191.831 Y133.632 E129.19071
G1 X192.218 Y133.8 E129.20474
G1 X192.809 Y134.075 E129.22642
G1 X193.849 Y134.578 E129.26485
G1 X194.723 Y135.007 E129.29723
G1 X195.84 Y135.561 E129.3387
G1 X196.711 Y136.002 E129.37117
G1 X197.204 Y136.26 E129.38968
G1 X197.541 Y136.446 E129.40248
G1 X197.828 Y136.62 E129.41364
G1 X201.478 Y139.056 E129.5596
G1 X201.691 Y139.201 E129.56817
G1 X201.958 Y139.393 E129.57911
G1 X202.255 Y139.63 E129.59174
G1 X202.291 Y139.656 E129.59322
G1 X202.793 Y140.078 E129.61503
G1 X203.667 Y140.834 E129.65347
G1 X204.401 Y141.475 E129.68588
G1 X205.339 Y142.3 E129.72743
G1 X205.969 Y142.865 E129.75557
G1 X206.475 Y143.327 E129.77836
G1 X206.757 Y143.6 E129.79142
G1 X206.978 Y143.83 E129.80203
G1 X209.87 Y147.128 E129.94792
G1 X209.888 Y147.146 E129.94877
G1 X210.073 Y147.356 E129.95807
G1 X210.26 Y147.59 E129.96804
G1 X210.508 Y147.923 E129.98185
G1 X210.942 Y148.547 E130.00713
G1 X211.533 Y149.418 E130.04214
G1 X212.077 Y150.228 E130.07459
G1 X212.769 Y151.267 E130.11611
G1 X213.252 Y152.004 E130.14542
G1 X213.459 Y152.335 E130.1584
G1 X213.606 Y152.561 E130.16737
G1 X213.804 Y152.893 E130.18023
G1 X213.96 Y153.177 E130.191
G1 X214.596 Y154.462 E130.23869
G1 X214.996 Y155.277 E130.26889
G1 X215.504 Y156.303 E130.30696
G1 X216.028 Y157.368 E130.34644
G1 X216.147 Y157.637 E130.35623
G1 X216.305 Y158.033 E130.37041
G1 X216.564 Y158.75 E130.39576
G1 X216.91 Y159.745 E130.4308
G1 X217.225 Y160.666 E130.46317
G1 X217.625 Y161.851 E130.50477
G1 X217.928 Y162.777 E130.53718
G1 X218.096 Y163.313 E130.55586
G1 X218.201 Y163.677 E130.56846
G1 X218.28 Y163.994 E130.57933
G1 X218.53 Y165.257 E130.62215
G1 X218.561 Y165.404 E130.62715
G1 X219.195 Y168.596 E130.73539
G1 X219.24 Y168.885 E130.74511
G1 X219.29 Y169.311 E130.75938
G1 X219.355 Y170.062 E130.78445
G1 X219.431 Y171.111 E130.81943
G1 X219.569 Y173.224 E130.88986
G1 X219.629 Y174.303 E130.92581
G1 X219.652 Y174.859 E130.94431
G1 X219.661 Y175.28 E130.95832
G1 X219.652 Y175.571 E130.968
G1 X219.347 Y180.255 E131.12412
G1 X219.316 Y180.543 E131.13376
G1 X219.254 Y180.963 E131.14788
G1 X219.121 Y181.709 E131.17308
G1 X218.923 Y182.743 E131.2081
G1 X218.735 Y183.699 E131.2405
G1 X218.488 Y184.922 E131.282
G1 X218.289 Y185.878 E131.31448
G1 X218.167 Y186.421 E131.33299
G1 X218.074 Y186.795 E131.34581
G1 X217.984 Y187.108 E131.35664
G1 X216.475 Y191.554 E131.5128
G1 X216.368 Y191.831 E131.52268
G1 X216.202 Y192.214 E131.53656
G1 X215.925 Y192.809 E131.55839
G1 X215.49 Y193.708 E131.59161
G1 X215.486 Y193.722 E131.59209
G1 X214.959 Y194.792 E131.63176
G1 X214.726 Y195.248 E131.64879
G1 X214.337 Y196.041 E131.67817
G1 X214.089 Y196.492 E131.69529
G1 X213.667 Y197.342 E131.72685
G1 X212.849 Y198.459 E131.7729
G1 X212.825 Y198.498 E131.77443
G1 X212.651 Y198.742 E131.78439
G1 X212.098 Y199.493 E131.81541
G1 X211.107 Y200.87 E131.87184
G1 X210.24 Y202.037 E131.92019
G1 X209.337 Y203.177 E131.96856
G1 X208.398 Y204.285 E132.01687
G1 X207.42 Y205.361 E132.06523
G1 X206.41 Y206.405 E132.11355
G1 X205.362 Y207.421 E132.16209
G1 X204.291 Y208.393 E132.2102
G1 X203.181 Y209.332 E132.25855
G1 X202.042 Y210.236 E132.30692
G1 X200.87 Y211.107 E132.35549
G1 X199.35 Y212.203 E132.41781
G1 X198.746 Y212.648 E132.44277
G1 X198.498 Y212.825 E132.4529
G1 X198.451 Y212.855 E132.45475
G1 X197.322 Y213.679 E132.50124
G1 X196.493 Y214.088 E132.53199
G1 X196.18 Y214.259 E132.54385
G1 X196.038 Y214.339 E132.54927
G1 X195.249 Y214.727 E132.57852
G1 X194.371 Y215.168 E132.6112
G1 X193.7 Y215.494 E132.63601
G1 X193.598 Y215.546 E132.63982
G1 X192.722 Y215.966 E132.67213
G1 X192.216 Y216.2 E132.69067
G1 X191.827 Y216.371 E132.7048
G1 X191.562 Y216.472 E132.71423
G1 X191.203 Y216.594 E132.72685
G1 X187.119 Y217.982 E132.87031
G1 X186.837 Y218.063 E132.88007
G1 X186.421 Y218.169 E132.89435
G1 X185.684 Y218.33 E132.91944
G1 X184.653 Y218.544 E132.95446
G1 X182.474 Y218.975 E133.02834
G1 X181.513 Y219.158 E133.06088
G1 X180.968 Y219.252 E133.07927
G1 X180.583 Y219.31 E133.09222
G1 X180.262 Y219.345 E133.10296
G1 X175.57 Y219.654 E133.25935
G1 X175.284 Y219.66 E133.26887
G1 X174.866 Y219.653 E133.28277
G1 X174.107 Y219.619 E133.30804
G1 X173.045 Y219.557 E133.34343
G1 X172.021 Y219.483 E133.37757
G1 X170.676 Y219.366 E133.42248
G1 X169.285 Y219.209 E133.46904
G1 X167.948 Y219.018 E133.51396
G1 X166.667 Y218.798 E133.55719
G1 X165.33 Y218.547 E133.60243
G1 X164.054 Y218.29 E133.64572
G1 X163.713 Y218.211 E133.65737
G1 X163.356 Y218.108 E133.66972
G1 X163.312 Y218.097 E133.67123
G1 X162.587 Y217.866 E133.69654
G1 X161.589 Y217.538 E133.73148
G1 X160.669 Y217.227 E133.76378
G1 X159.497 Y216.826 E133.80498
G1 X158.699 Y216.548 E133.83309
G1 X158.674 Y216.541 E133.83395
G1 X158.085 Y216.329 E133.85477
G1 X157.711 Y216.185 E133.8681
G1 X157.477 Y216.081 E133.87662
G1 X153.074 Y213.911 E134.03988
G1 X152.85 Y213.788 E134.04838
G1 X152.509 Y213.58 E134.06167
G1 X151.897 Y213.185 E134.08589
G1 X151.03 Y212.612 E134.12046
G1 X150.225 Y212.076 E134.15262
G1 X149.19 Y211.38 E134.19411
G1 X148.385 Y210.83 E134.22653
G1 X147.925 Y210.508 E134.24521
G1 X147.59 Y210.261 E134.25905
G1 X147.36 Y210.073 E134.26893
G1 X143.829 Y206.98 E134.42506
G1 X143.625 Y206.784 E134.43447
G1 X143.327 Y206.478 E134.44868
G1 X142.884 Y205.993 E134.47052
G1 X141.684 Y204.638 E134.53072
G1 X140.651 Y203.46 E134.58283
G1 X140.016 Y202.719 E134.61529
G1 X139.661 Y202.295 E134.63368
G1 X139.417 Y201.988 E134.64673
G1 X139.222 Y201.723 E134.65767
G1 X136.613 Y197.822 E134.81376
G1 X136.468 Y197.58 E134.82315
G1 X136.259 Y197.205 E134.83742
G1 X135.911 Y196.533 E134.86259
G1 X135.438 Y195.595 E134.89753
G1 X134.455 Y193.601 E134.97148
G1 X134.033 Y192.72 E135.00397
G1 X133.8 Y192.216 E135.02243
G1 X133.627 Y191.824 E135.03669
G1 X133.525 Y191.554 E135.04629
G1 X133.406 Y191.203 E135.05861
G1 X132.015 Y187.11 E135.20239
G1 X131.935 Y186.831 E135.21205
G1 X131.831 Y186.421 E135.22611
G1 X131.67 Y185.684 E135.25121
G1 X131.456 Y184.653 E135.28623
G1 X131.025 Y182.474 E135.36011
G1 X130.842 Y181.513 E135.39264
G1 X130.747 Y180.963 E135.41121
G1 X130.69 Y180.58 E135.42409
G1 X130.655 Y180.262 E135.43473
G1 X130.346 Y175.57 E135.59112
G1 X130.34 Y175.288 E135.6005
G1 X130.347 Y174.866 E135.61454
G1 X130.381 Y174.107 E135.63981
G1 X130.442 Y173.056 E135.67483
G1 X130.504 Y172.084 E135.70722
G1 X130.588 Y170.836 E135.74882
G1 X130.662 Y169.866 E135.78118
G1 X130.712 Y169.311 E135.79971
G1 X130.759 Y168.882 E135.81407
G1 X130.804 Y168.606 E135.82337
G1 X131.662 Y164.289 E135.96976
G1 X131.867 Y163.344 E136.00192
G1 X131.954 Y163.072 E136.01142
G1 X132.322 Y161.991 E136.0494
G1 X132.684 Y160.954 E136.08593
G1 X132.931 Y160.272 E136.11006
G1 X133.198 Y159.544 E136.13585
G1 X133.824 Y157.933 E136.19333
G1 X134.403 Y156.6 E136.24167
G1 X135.003 Y155.321 E136.28866
G1 X135.6 Y154.123 E136.33318
G1 X136.164 Y153.066 E136.37303
G1 X136.39 Y152.668 E136.38825
G1 X136.674 Y152.176 E136.40714
G1 X136.881 Y151.832 E136.4205
G1 X137.113 Y151.456 E136.43519
G1 X137.277 Y151.198 E136.44536
G1 X137.487 Y150.875 E136.45817
G1 X137.9 Y150.254 E136.48298
G1 X138.131 Y149.942 E136.49589
G1 X138.297 Y149.691 E136.5059
G1 X138.49 Y149.406 E136.51735
G1 X138.582 Y149.294 E136.52217
G1 X138.604 Y149.31 E136.52307
G1 X138.896 Y149 E136.53724
G1 X139.082 Y148.849 E136.54521
G1 X139.353 Y148.616 E136.55709
G1 X139.874 Y148.144 E136.58047
G1 X137.054 Y145.318 E136.71326
G1 X136.137 Y144.403 E136.75635
G1 X135.313 Y143.576 E136.79517
G1 X133.693 Y141.957 E136.87135
G1 X136.917 Y138.733 E137.023
G1 X140.364 Y142.181 E137.18516
G1 X143.645 Y145.468 E137.33963
G1 X145.416 Y143.698 E137.42291
G1 X138.687 Y136.963 E137.73956
;TIME_ELAPSED:155.876345
;LAYER:12
;MESH:Warp_Reaction_Chamber_Lens.stl
G0 F12000 X138.687 Y136.963 Z2.6
;TYPE:WALL-OUTER
G1 F1901.2 X142.04 Y133.61 E137.89727
G1 X148.184 Y139.752 E138.18622
G1 X148.598 Y139.284 E138.207
G1 X148.902 Y138.924 E138.22268
G1 X149.087 Y138.754 E138.23103
G1 X149.341 Y138.542 E138.24204
G1 X149.637 Y138.321 E138.25432
G1 X150.177 Y137.933 E138.27644
G1 X150.378 Y137.796 E138.28453
G1 X150.836 Y137.458 E138.30346
G1 X151.413 Y137.087 E138.32628
G1 X152.14 Y136.642 E138.35463
G1 X153.035 Y136.129 E138.38894
G1 X154.103 Y135.561 E138.42917
G1 X155.3 Y134.962 E138.47369
G1 X156.573 Y134.364 E138.52047
G1 X157.903 Y133.788 E138.56868
G1 X159.24 Y133.257 E138.61652
G1 X160.576 Y132.767 E138.66385
G1 X161.892 Y132.308 E138.71021
G1 X163.114 Y131.896 E138.7531
G1 X164.043 Y131.668 E138.78492
G1 X164.268 Y131.619 E138.79258
G1 X168.59 Y130.759 E138.93914
G1 X168.876 Y130.715 E138.94877
G1 X169.303 Y130.666 E138.96306
G1 X169.985 Y130.605 E138.98584
G1 X170.939 Y130.536 E139.01765
G1 X172.081 Y130.458 E139.05572
G1 X173.276 Y130.382 E139.09555
G1 X174.246 Y130.328 E139.12786
G1 X174.865 Y130.302 E139.14847
G1 X175.123 Y130.296 E139.15705
G1 X175.73 Y130.312 E139.17725
G1 X180.27 Y130.608 E139.32857
G1 X180.549 Y130.638 E139.3379
G1 X180.972 Y130.702 E139.35213
G1 X181.645 Y130.82 E139.37486
G1 X182.669 Y131.015 E139.40953
G1 X183.708 Y131.22 E139.44475
G1 X184.88 Y131.456 E139.48451
G1 X185.785 Y131.644 E139.51526
G1 X186.435 Y131.789 E139.53741
G1 X186.684 Y131.85 E139.54593
G1 X187.279 Y132.026 E139.56657
G1 X187.402 Y132.066 E139.57087
G1 X190.3 Y133.052 E139.67269
G1 X190.4 Y133.084 E139.67618
G1 X191.571 Y133.481 E139.7173
G1 X191.839 Y133.586 E139.72688
G1 X192.235 Y133.757 E139.74122
G1 X192.85 Y134.044 E139.7638
G1 X193.793 Y134.499 E139.79862
G1 X195.77 Y135.475 E139.87195
G1 X196.639 Y135.913 E139.90432
G1 X197.23 Y136.221 E139.92649
G1 X197.455 Y136.345 E139.93503
G1 X197.983 Y136.668 E139.95562
G1 X201.746 Y139.181 E140.10612
G1 X201.985 Y139.356 E140.11597
G1 X202.317 Y139.619 E140.13006
G1 X202.841 Y140.06 E140.15284
G1 X203.634 Y140.744 E140.18767
G1 X204.432 Y141.44 E140.22289
G1 X205.328 Y142.23 E140.26262
G1 X206.015 Y142.845 E140.29328
G1 X206.508 Y143.296 E140.31551
G1 X206.715 Y143.496 E140.32508
G1 X207.122 Y143.923 E140.3447
G1 X209.941 Y147.139 E140.48694
G1 X210.11 Y147.329 E140.4954
G1 X210.29 Y147.554 E140.50498
G1 X210.546 Y147.899 E140.51927
G1 X210.936 Y148.458 E140.54194
G1 X211.524 Y149.322 E140.5767
G1 X212.115 Y150.202 E140.61196
G1 X212.781 Y151.2 E140.65187
G1 X213.289 Y151.978 E140.68277
G1 X213.519 Y152.342 E140.69709
G1 X213.647 Y152.54 E140.70493
G1 X213.793 Y152.787 E140.71448
G1 X214.071 Y153.295 E140.73374
G1 X216.071 Y157.352 E140.88418
G1 X216.189 Y157.618 E140.89386
G1 X216.346 Y158.013 E140.90799
G1 X216.565 Y158.617 E140.92936
G1 X216.926 Y159.649 E140.96573
G1 X217.269 Y160.652 E141.00098
G1 X217.651 Y161.784 E141.04072
G1 X217.954 Y162.707 E141.07303
G1 X218.141 Y163.303 E141.09381
G1 X218.218 Y163.574 E141.10318
G1 X218.338 Y164.071 E141.12018
G1 X218.382 Y164.272 E141.12703
G1 X219.241 Y168.59 E141.27346
G1 X219.285 Y168.876 E141.28308
G1 X219.334 Y169.303 E141.29738
G1 X219.395 Y169.982 E141.32005
G1 X219.471 Y171.024 E141.3548
G1 X219.542 Y172.081 E141.39004
G1 X219.618 Y173.274 E141.4298
G1 X219.672 Y174.243 E141.46207
G1 X219.698 Y174.862 E141.48268
G1 X219.704 Y175.118 E141.4912
G1 X219.688 Y175.73 E141.51156
G1 X219.393 Y180.261 E141.66258
G1 X219.362 Y180.546 E141.67212
G1 X219.299 Y180.967 E141.68627
G1 X219.18 Y181.645 E141.70917
G1 X218.985 Y182.669 E141.74384
G1 X218.78 Y183.708 E141.77906
G1 X218.544 Y184.88 E141.81883
G1 X218.356 Y185.785 E141.84957
G1 X218.211 Y186.435 E141.87172
G1 X218.15 Y186.684 E141.88025
G1 X217.974 Y187.279 E141.90088
G1 X217.935 Y187.4 E141.90511
G1 X216.948 Y190.3 E142.007
G1 X216.917 Y190.398 E142.01042
G1 X216.519 Y191.571 E142.05162
G1 X216.414 Y191.839 E142.06119
G1 X216.246 Y192.229 E142.07531
G1 X215.956 Y192.85 E142.09811
G1 X215.525 Y193.744 E142.13112
G1 X214.999 Y194.816 E142.17084
G1 X214.797 Y195.211 E142.18559
G1 X214.38 Y196.06 E142.21705
G1 X214.156 Y196.468 E142.23253
G1 X213.734 Y197.326 E142.26434
G1 X213.711 Y197.363 E142.26578
G1 X213.174 Y198.101 E142.29614
G1 X212.932 Y198.43 E142.30972
G1 X212.838 Y198.544 E142.31464
G1 X212.199 Y199.411 E142.35046
G1 X211.135 Y200.89 E142.41106
G1 X210.268 Y202.058 E142.45944
G1 X209.364 Y203.199 E142.50786
G1 X208.424 Y204.307 E142.55619
G1 X207.445 Y205.384 E142.60459
G1 X206.435 Y206.43 E142.65296
G1 X205.385 Y207.446 E142.70155
G1 X204.313 Y208.419 E142.7497
G1 X203.203 Y209.359 E142.79808
G1 X202.063 Y210.264 E142.84649
G1 X200.89 Y211.135 E142.89509
G1 X199.412 Y212.198 E142.95564
G1 X198.51 Y212.864 E142.99293
G1 X198.441 Y212.923 E142.99595
G1 X197.365 Y213.709 E143.04027
G1 X197.297 Y213.748 E143.04288
G1 X196.456 Y214.162 E143.07405
G1 X196.06 Y214.38 E143.08909
G1 X195.212 Y214.797 E143.12052
G1 X194.444 Y215.183 E143.14911
G1 X193.714 Y215.538 E143.17611
G1 X193.669 Y215.562 E143.1778
G1 X192.79 Y215.985 E143.21025
G1 X192.233 Y216.243 E143.23066
G1 X191.97 Y216.357 E143.2402
G1 X191.419 Y216.57 E143.25985
G1 X187.13 Y218.027 E143.41051
G1 X186.853 Y218.107 E143.4201
G1 X186.397 Y218.221 E143.43573
G1 X185.77 Y218.359 E143.45708
G1 X184.745 Y218.572 E143.4919
G1 X183.708 Y218.78 E143.52708
G1 X182.533 Y219.011 E143.56691
G1 X181.582 Y219.192 E143.59911
G1 X180.965 Y219.299 E143.61993
G1 X180.717 Y219.336 E143.62827
G1 X180.108 Y219.402 E143.64865
G1 X175.57 Y219.7 E143.79991
G1 X175.286 Y219.706 E143.80936
G1 X174.867 Y219.699 E143.82329
G1 X174.182 Y219.669 E143.8461
G1 X173.131 Y219.609 E143.88111
G1 X172.017 Y219.529 E143.91826
G1 X170.672 Y219.412 E143.96316
G1 X169.281 Y219.255 E144.00972
G1 X167.943 Y219.064 E144.05468
G1 X166.661 Y218.844 E144.09794
G1 X165.37 Y218.601 E144.14163
G1 X163.986 Y218.325 E144.18857
G1 X163.71 Y218.259 E144.19801
G1 X163.301 Y218.141 E144.21217
G1 X162.645 Y217.934 E144.23505
G1 X161.656 Y217.607 E144.26969
G1 X160.654 Y217.269 E144.30486
G1 X159.529 Y216.886 E144.34439
G1 X158.659 Y216.584 E144.37502
G1 X158.069 Y216.372 E144.39587
G1 X157.833 Y216.277 E144.40433
G1 X157.219 Y216.005 E144.42667
G1 X153.05 Y213.951 E144.58125
G1 X152.826 Y213.826 E144.58978
G1 X152.488 Y213.62 E144.60294
G1 X151.936 Y213.265 E144.62477
G1 X151.075 Y212.697 E144.65908
G1 X150.197 Y212.113 E144.69415
G1 X149.208 Y211.449 E144.73377
G1 X148.446 Y210.927 E144.76449
G1 X147.895 Y210.543 E144.78683
G1 X147.669 Y210.374 E144.79622
G1 X147.21 Y210.003 E144.81585
G1 X144.012 Y207.202 E144.95724
G1 X143.803 Y207.016 E144.96655
G1 X143.594 Y206.818 E144.97612
G1 X143.298 Y206.512 E144.99028
G1 X142.853 Y206.028 E145.01215
G1 X141.667 Y204.689 E145.07164
G1 X140.652 Y203.529 E145.12291
G1 X140.051 Y202.831 E145.15354
G1 X139.619 Y202.316 E145.1759
G1 X139.445 Y202.095 E145.18526
G1 X139.097 Y201.618 E145.2049
G1 X137.326 Y198.968 E145.31091
G1 X136.573 Y197.845 E145.35588
G1 X136.429 Y197.605 E145.36519
G1 X136.22 Y197.229 E145.37949
G1 X135.906 Y196.625 E145.40214
G1 X135.434 Y195.691 E145.43694
G1 X134.438 Y193.669 E145.51191
G1 X134.015 Y192.79 E145.54436
G1 X133.755 Y192.229 E145.56492
G1 X133.643 Y191.97 E145.57431
G1 X133.46 Y191.492 E145.59133
G1 X133.388 Y191.295 E145.59831
G1 X131.97 Y187.121 E145.74493
G1 X131.891 Y186.846 E145.75444
G1 X131.779 Y186.397 E145.76983
G1 X131.641 Y185.77 E145.79119
G1 X131.428 Y184.745 E145.82601
G1 X131.22 Y183.708 E145.86118
G1 X130.989 Y182.533 E145.90101
G1 X130.807 Y181.579 E145.93332
G1 X130.743 Y181.199 E145.94613
G1 X130.701 Y180.966 E145.95401
G1 X130.663 Y180.71 E145.96261
G1 X130.598 Y180.101 E145.98299
G1 X130.3 Y175.57 E146.13401
G1 X130.294 Y175.29 E146.14333
G1 X130.301 Y174.867 E146.1574
G1 X130.331 Y174.181 E146.18024
G1 X130.391 Y173.137 E146.21502
G1 X130.458 Y172.082 E146.25018
G1 X130.539 Y170.886 E146.29005
G1 X130.611 Y169.92 E146.32227
G1 X130.666 Y169.303 E146.34287
G1 X130.694 Y169.047 E146.35143
G1 X130.791 Y168.434 E146.37208
G1 X131.621 Y164.263 E146.51353
G1 X131.756 Y163.636 E146.53486
G1 X132.025 Y162.721 E146.56658
G1 X132.272 Y161.996 E146.59205
G1 X132.629 Y160.969 E146.62822
G1 X132.814 Y160.456 E146.64635
G1 X133.169 Y159.491 E146.68055
G1 X133.787 Y157.903 E146.73723
G1 X134.361 Y156.58 E146.78519
G1 X134.962 Y155.301 E146.8322
G1 X135.352 Y154.522 E146.86117
G1 X135.56 Y154.101 E146.87679
G1 X136.081 Y153.128 E146.9135
G1 X136.126 Y153.04 E146.91679
G1 X136.324 Y152.692 E146.9301
G1 X136.64 Y152.145 E146.95111
G1 X136.821 Y151.844 E146.9628
G1 X137.084 Y151.416 E146.97951
G1 X137.227 Y151.191 E146.98837
G1 X137.463 Y150.829 E147.00274
G1 X137.872 Y150.213 E147.02734
G1 X138.125 Y149.871 E147.04149
G1 X138.372 Y149.501 E147.05628
G1 X138.538 Y149.258 E147.06607
G1 X138.594 Y149.229 E147.06817
G1 X138.982 Y148.859 E147.086
G1 X139.219 Y148.662 E147.09625
G1 X139.649 Y148.28 E147.11538
G1 X139.508 Y148.031 E147.1249
G1 X133.564 Y142.087 E147.40449
G1 X136.917 Y138.733 E147.56223
G1 X141.235 Y143.053 E147.76538
G1 X143.645 Y145.468 E147.87885
G1 X145.416 Y143.698 E147.96213
G1 X138.687 Y136.963 E148.27879
;TIME_ELAPSED:166.287348
;LAYER:13
;MESH:Warp_Reaction_Chamber_Lens.stl
G0 F12000 X138.687 Y136.963 Z2.8
;TYPE:WALL-OUTER
G1 F1901.9 X142.162 Y133.488 E148.44224
G1 X148.262 Y139.589 E148.72919
G1 X148.667 Y139.118 E148.74985
G1 X148.835 Y138.918 E148.75854
G1 X149.079 Y138.692 E148.7696
G1 X149.273 Y138.534 E148.77792
G1 X149.553 Y138.324 E148.78956
G1 X149.645 Y138.26 E148.79329
G1 X150.107 Y137.927 E148.81223
G1 X150.28 Y137.809 E148.81919
G1 X150.789 Y137.434 E148.84022
G1 X151.374 Y137.057 E148.86337
G1 X152.114 Y136.604 E148.89223
G1 X153.009 Y136.091 E148.92654
G1 X154.079 Y135.521 E148.96686
G1 X155.275 Y134.923 E149.01134
G1 X156.623 Y134.292 E149.06084
G1 X157.885 Y133.745 E149.10659
G1 X159.284 Y133.192 E149.15662
G1 X160.562 Y132.723 E149.2019
G1 X161.571 Y132.372 E149.23743
G1 X163.056 Y131.907 E149.28919
G1 X165.23 Y131.38 E149.36359
G1 X167.066 Y131.016 E149.42584
G1 X168.775 Y130.719 E149.48354
G1 X170.835 Y130.497 E149.55245
G1 X172.078 Y130.413 E149.59389
G1 X173.116 Y130.347 E149.62848
G1 X174.611 Y130.284 E149.67825
G1 X176.853 Y130.339 E149.75284
G1 X178.726 Y130.46 E149.81527
G1 X180.461 Y130.618 E149.87321
G1 X182.409 Y130.922 E149.93879
G1 X182.598 Y130.955 E149.94517
G1 X183.717 Y131.175 E149.9831
G1 X184.732 Y131.379 E150.01753
G1 X186.2 Y131.708 E150.06757
G1 X188.357 Y132.342 E150.14235
G1 X190.122 Y132.942 E150.20435
G1 X191.77 Y133.546 E150.26273
G1 X193.643 Y134.377 E150.33088
G1 X194.764 Y134.925 E150.37238
G1 X195.691 Y135.384 E150.40679
G1 X197.014 Y136.077 E150.45646
G1 X198.943 Y137.253 E150.5316
G1 X200.492 Y138.289 E150.59358
G1 X201.92 Y139.294 E150.65166
G1 X203.527 Y140.591 E150.72035
G1 X204.462 Y141.405 E150.76158
G1 X205.239 Y142.09 E150.79603
G1 X206.342 Y143.106 E150.84591
G1 X207.896 Y144.736 E150.92081
G1 X209.128 Y146.141 E150.98297
G1 X210.234 Y147.465 E151.04034
G1 X211.453 Y149.135 E151.10911
G1 X212.153 Y150.177 E151.15086
G1 X212.732 Y151.047 E151.18562
G1 X213.527 Y152.301 E151.23501
G1 X214.612 Y154.287 E151.31028
G1 X215.432 Y155.952 E151.37201
G1 X216.166 Y157.538 E151.43013
G1 X216.907 Y159.456 E151.49852
G1 X216.943 Y159.554 E151.50199
G1 X217.312 Y160.636 E151.54001
G1 X217.642 Y161.619 E151.5745
G1 X218.094 Y163.062 E151.6248
G1 X218.62 Y165.23 E151.699
G1 X218.984 Y167.065 E151.76122
G1 X219.283 Y168.788 E151.81938
G1 X219.503 Y170.833 E151.88779
G1 X219.587 Y172.078 E151.92929
G1 X219.653 Y173.111 E151.96372
G1 X219.716 Y174.616 E152.01382
G1 X219.661 Y176.853 E152.08825
G1 X219.54 Y178.726 E152.15067
G1 X219.382 Y180.461 E152.20862
G1 X219.065 Y182.494 E152.27705
G1 X218.897 Y183.353 E152.30617
G1 X218.621 Y184.732 E152.35294
G1 X218.293 Y186.196 E152.40284
G1 X217.658 Y188.357 E152.47775
G1 X217.058 Y190.121 E152.53973
G1 X216.454 Y191.77 E152.59814
G1 X215.582 Y193.733 E152.66958
G1 X215.04 Y194.837 E152.71048
G1 X214.867 Y195.175 E152.72311
G1 X214.587 Y195.745 E152.74423
G1 X213.923 Y197.014 E152.79187
G1 X213.392 Y197.885 E152.8258
G1 X213.189 Y198.166 E152.83733
G1 X213.003 Y198.371 E152.84654
G1 X212.299 Y199.33 E152.8861
G1 X211.163 Y200.91 E152.95083
G1 X210.295 Y202.079 E152.99925
G1 X209.391 Y203.221 E153.0477
G1 X208.445 Y204.336 E153.09633
G1 X207.471 Y205.408 E153.14451
G1 X206.459 Y206.454 E153.19291
G1 X205.409 Y207.472 E153.24156
G1 X204.336 Y208.445 E153.28973
G1 X203.225 Y209.386 E153.33816
G1 X202.084 Y210.291 E153.3866
G1 X200.91 Y211.163 E153.43524
G1 X199.331 Y212.298 E153.49991
G1 X198.527 Y212.892 E153.53316
G1 X198.309 Y213.082 E153.54278
G1 X197.69 Y213.532 E153.56823
G1 X195.873 Y214.525 E153.6371
G1 X195.176 Y214.868 E153.66294
G1 X194.519 Y215.197 E153.68738
G1 X193.835 Y215.532 E153.71271
G1 X192.473 Y216.162 E153.76262
G1 X190.384 Y216.97 E153.83712
G1 X188.607 Y217.572 E153.89952
G1 X186.926 Y218.097 E153.95809
G1 X184.938 Y218.579 E154.02613
G1 X184.836 Y218.602 E154.02961
G1 X182.701 Y219.024 E154.10199
G1 X181.224 Y219.281 E154.15186
G1 X178.993 Y219.521 E154.22649
G1 X177.121 Y219.642 E154.28888
G1 X175.371 Y219.716 E154.34714
G1 X173.32 Y219.665 E154.41538
G1 X173.216 Y219.661 E154.41884
G1 X172.015 Y219.575 E154.45889
G1 X170.611 Y219.451 E154.50576
G1 X169.276 Y219.301 E154.55045
G1 X167.896 Y219.102 E154.59682
G1 X166.655 Y218.89 E154.63869
G1 X165.468 Y218.666 E154.67887
G1 X163.809 Y218.295 E154.73541
G1 X161.718 Y217.679 E154.80791
G1 X159.711 Y216.997 E154.87842
G1 X158.247 Y216.461 E154.93027
G1 X156.204 Y215.556 E155.00459
G1 X154.518 Y214.725 E155.06711
G1 X152.982 Y213.921 E155.12477
G1 X151.116 Y212.781 E155.1975
G1 X150.172 Y212.153 E155.23521
G1 X149.312 Y211.575 E155.26967
G1 X148.075 Y210.702 E155.32003
G1 X146.336 Y209.299 E155.39435
G1 X144.932 Y208.067 E155.45647
G1 X143.661 Y206.898 E155.51391
G1 X142.225 Y205.391 E155.58314
G1 X141.405 Y204.462 E155.62436
G1 X140.722 Y203.679 E155.65891
G1 X139.763 Y202.531 E155.70867
G1 X138.435 Y200.712 E155.78357
G1 X137.397 Y199.158 E155.84573
G1 X136.465 Y197.685 E155.90371
G1 X135.476 Y195.873 E155.97237
G1 X134.925 Y194.764 E156.01355
G1 X134.466 Y193.829 E156.0482
G1 X133.831 Y192.456 E156.09851
G1 X133.025 Y190.372 E156.17283
G1 X132.429 Y188.608 E156.23476
G1 X131.907 Y186.943 E156.29279
G1 X131.421 Y184.938 E156.36141
G1 X131.398 Y184.836 E156.36489
G1 X130.975 Y182.696 E156.43744
G1 X130.719 Y181.226 E156.48707
G1 X130.478 Y178.985 E156.56204
G1 X130.358 Y177.121 E156.62416
G1 X130.284 Y175.366 E156.68258
G1 X130.335 Y173.325 E156.75049
G1 X130.34 Y173.219 E156.75402
G1 X130.413 Y172.078 E156.79205
G1 X130.482 Y171.039 E156.82668
G1 X130.619 Y169.532 E156.87701
G1 X130.964 Y167.325 E156.95131
G1 X131.329 Y165.49 E157.01353
G1 X131.705 Y163.81 E157.07079
G1 X132.321 Y161.715 E157.14342
G1 X132.574 Y160.988 E157.16903
G1 X132.791 Y160.386 E157.19031
G1 X133.139 Y159.439 E157.22387
G1 X133.746 Y157.881 E157.27948
G1 X134.319 Y156.561 E157.32734
G1 X134.921 Y155.28 E157.37442
G1 X135.342 Y154.439 E157.4057
G1 X135.517 Y154.084 E157.41886
G1 X136.05 Y153.09 E157.45638
G1 X136.089 Y153.014 E157.45922
G1 X136.258 Y152.716 E157.47061
G1 X136.607 Y152.114 E157.49376
G1 X136.761 Y151.855 E157.50378
G1 X137.055 Y151.377 E157.52244
G1 X137.177 Y151.184 E157.53004
G1 X137.439 Y150.782 E157.546
G1 X137.839 Y150.18 E157.57004
G1 X138.12 Y149.8 E157.58576
G1 X138.499 Y149.232 E157.60847
G1 X138.594 Y149.149 E157.61266
G1 X138.947 Y148.819 E157.62873
G1 X139.216 Y148.592 E157.64044
G1 X139.541 Y148.307 E157.65482
G1 X133.443 Y142.207 E157.9417
G1 X136.917 Y138.733 E158.1051
G1 X141.235 Y143.053 E158.30826
G1 X143.645 Y145.468 E158.42173
G1 X145.416 Y143.698 E158.50501
G1 X138.687 Y136.963 E158.82166
;MESH:NONMESH
G0 F300 X138.687 Y136.963 Z3
G0 F12000 X138.929 Y136.963
G0 X145.597 Y143.698
G0 X143.645 Y145.649
G0 X136.917 Y138.975
G0 X136.917 Y138.733
;TIME_ELAPSED:177.408484
;LAYER:14
;TYPE:WALL-OUTER
;MESH:Warp_Reaction_Chamber_Lens.stl
G1 F1904.2 X142.032 Y143.851 E159.06233
G1 X143.645 Y145.468 E159.13829
G1 X145.416 Y143.698 E159.22157
G1 X141.051 Y139.327 E159.42703
G1 X138.688 Y136.964 E159.53818
G1 X142.274 Y133.377 E159.70688
G1 X147.036 Y138.137 E159.93082
G1 X148.33 Y139.434 E159.99175
G1 X148.778 Y138.901 E160.01491
G1 X149.009 Y138.686 E160.02541
G1 X149.212 Y138.52 E160.03413
G1 X149.467 Y138.329 E160.04473
G1 X150.04 Y137.92 E160.06814
G1 X150.184 Y137.821 E160.07395
G1 X150.742 Y137.41 E160.097
G1 X151.336 Y137.028 E160.12049
G1 X152.083 Y136.57 E160.14964
G1 X152.988 Y136.05 E160.18435
G1 X154.056 Y135.481 E160.2246
G1 X154.988 Y135.016 E160.25924
G1 X157.1 Y134.035 E160.3367
G1 X157.536 Y133.844 E160.35253
G1 X157.782 Y133.74 E160.36141
G1 X160.261 Y132.783 E160.44979
G1 X163.056 Y131.907 E160.54722
G1 X164.111 Y131.653 E160.58331
G1 X164.334 Y131.597 E160.59095
G1 X165.889 Y131.221 E160.64416
G1 X168.777 Y130.719 E160.74166
G1 X171.685 Y130.406 E160.83894
G1 X174.611 Y130.284 E160.93634
G1 X177.539 Y130.355 E161.03376
G1 X180.446 Y130.615 E161.13083
G1 X183.347 Y131.069 E161.22849
G1 X186.201 Y131.708 E161.32577
G1 X188.999 Y132.531 E161.42277
G1 X191.756 Y133.54 E161.52042
G1 X194.43 Y134.724 E161.61768
G1 X197.014 Y136.077 E161.7147
G1 X199.513 Y137.6 E161.81203
G1 X201.909 Y139.285 E161.90946
G1 X204.194 Y141.128 E162.0071
G1 X206.363 Y143.127 E162.1052
G1 X208.361 Y145.223 E162.20152
G1 X210.235 Y147.467 E162.29875
G1 X211.966 Y149.838 E162.39639
G1 X213.529 Y152.305 E162.49353
G1 X214.934 Y154.879 E162.59106
G1 X216.161 Y157.524 E162.68804
G1 X217.219 Y160.263 E162.7857
G1 X218.094 Y163.063 E162.88327
G1 X218.781 Y165.899 E162.98033
G1 X219.281 Y168.773 E163.07735
G1 X219.594 Y171.679 E163.17456
G1 X219.716 Y174.616 E163.27233
G1 X219.645 Y177.539 E163.36958
G1 X219.385 Y180.446 E163.46665
G1 X218.931 Y183.347 E163.56432
G1 X218.293 Y186.197 E163.66145
G1 X217.466 Y189.008 E163.75891
G1 X216.46 Y191.756 E163.85624
G1 X215.276 Y194.43 E163.95351
G1 X213.923 Y197.014 E164.05052
G1 X213.197 Y198.205 E164.09691
G1 X213.113 Y198.274 E164.10053
G1 X212.79 Y198.718 E164.11879
G1 X212.399 Y199.249 E164.14072
G1 X211.191 Y200.931 E164.2096
G1 X210.323 Y202.1 E164.25803
G1 X209.417 Y203.243 E164.30654
G1 X208.471 Y204.359 E164.3552
G1 X207.496 Y205.432 E164.40342
G1 X206.483 Y206.478 E164.45185
G1 X205.433 Y207.497 E164.50051
G1 X204.359 Y208.471 E164.54874
G1 X203.247 Y209.412 E164.59719
G1 X202.105 Y210.319 E164.64569
G1 X200.93 Y211.191 E164.69436
G1 X199.25 Y212.398 E164.76316
G1 X198.55 Y212.915 E164.79211
G1 X198.277 Y213.111 E164.80328
G1 X198.186 Y213.219 E164.80798
G1 X197.694 Y213.53 E164.82734
G1 X195.114 Y214.937 E164.92508
G1 X192.472 Y216.162 E165.02194
G1 X189.729 Y217.221 E165.11974
G1 X186.941 Y218.094 E165.21691
G1 X184.111 Y218.779 E165.31375
G1 X181.219 Y219.282 E165.41138
G1 X178.315 Y219.594 E165.50853
G1 X175.346 Y219.715 E165.60736
G1 X172.459 Y219.645 E165.70341
G1 X169.787 Y219.406 E165.79263
G1 X169.445 Y219.368 E165.80408
G1 X166.644 Y218.93 E165.89837
G1 X163.803 Y218.293 E165.99521
G1 X161 Y217.469 E166.09238
G1 X158.247 Y216.46 E166.18991
G1 X155.567 Y215.275 E166.28737
G1 X152.981 Y213.92 E166.38447
G1 X150.484 Y212.398 E166.48173
G1 X148.086 Y210.711 E166.57925
G1 X145.797 Y208.864 E166.67708
G1 X143.66 Y206.897 E166.77368
G1 X141.639 Y204.778 E166.87107
G1 X139.761 Y202.527 E166.96858
G1 X138.034 Y200.162 E167.06598
G1 X136.472 Y197.698 E167.16301
G1 X135.066 Y195.121 E167.26065
G1 X133.838 Y192.472 E167.35776
G1 X132.781 Y189.737 E167.45528
G1 X131.906 Y186.941 E167.55273
G1 X131.221 Y184.111 E167.64957
G1 X130.719 Y181.226 E167.74697
G1 X130.405 Y178.308 E167.84458
G1 X130.285 Y175.354 E167.94291
G1 X130.355 Y172.459 E168.03923
G1 X130.618 Y169.534 E168.13691
G1 X131.069 Y166.653 E168.2339
G1 X131.682 Y163.914 E168.32725
G1 X131.788 Y163.528 E168.34056
G1 X132.531 Y161 E168.4282
G1 X133.248 Y159.042 E168.49755
G1 X133.665 Y157.963 E168.53603
G1 X134.571 Y155.917 E168.61045
G1 X134.88 Y155.26 E168.6346
G1 X135.332 Y154.357 E168.66819
G1 X135.48 Y154.054 E168.6794
G1 X136.05 Y152.989 E168.71958
G1 X136.571 Y152.083 E168.75434
G1 X137.027 Y151.337 E168.78342
G1 X137.127 Y151.177 E168.78969
G1 X137.415 Y150.735 E168.80724
G1 X137.805 Y150.148 E168.83068
G1 X138.114 Y149.729 E168.848
G1 X138.503 Y149.146 E168.87131
G1 X138.952 Y148.742 E168.8914
G1 X139.387 Y148.377 E168.91028
G1 X133.33 Y142.32 E169.19519
G1 X136.917 Y138.733 E169.36391
;TIME_ELAPSED:187.720523
;LAYER:15
;MESH:Warp_Reaction_Chamber_Lens.stl
G0 F12000 X136.917 Y138.733 Z3.2
;TYPE:WALL-OUTER
G1 F1901.5 X142.032 Y143.851 E169.60457
G1 X143.645 Y145.468 E169.68054
G1 X145.416 Y143.698 E169.76382
G1 X140.978 Y139.254 E169.97271
G1 X138.688 Y136.964 E170.08042
G1 X142.38 Y133.271 E170.25411
G1 X146.444 Y137.336 E170.44529
G1 X146.477 Y137.366 E170.44677
G1 X147.092 Y137.984 E170.47577
G1 X148.39 Y139.282 E170.53682
G1 X148.717 Y138.886 E170.5539
G1 X148.947 Y138.671 E170.56438
G1 X149.183 Y138.483 E170.57441
G1 X149.384 Y138.331 E170.58279
G1 X149.663 Y138.135 E170.59413
G1 X149.971 Y137.913 E170.60676
G1 X150.087 Y137.834 E170.61143
G1 X150.695 Y137.386 E170.63655
G1 X151.295 Y136.999 E170.66029
G1 X152.051 Y136.536 E170.68978
G1 X152.957 Y136.016 E170.72452
G1 X154.034 Y135.442 E170.76512
G1 X154.734 Y135.091 E170.79116
G1 X154.77 Y135.116 E170.79262
G1 X157.527 Y133.838 E170.89369
G1 X160.266 Y132.78 E170.99135
G1 X163.056 Y131.907 E171.08858
G1 X164.236 Y131.622 E171.12896
G1 X165.267 Y131.37 E171.16426
G1 X165.889 Y131.221 E171.18553
G1 X168.78 Y130.719 E171.28312
G1 X171.685 Y130.406 E171.3803
G1 X174.611 Y130.284 E171.47771
G1 X177.538 Y130.355 E171.57509
G1 X180.449 Y130.616 E171.6723
G1 X183.347 Y131.069 E171.76986
G1 X186.206 Y131.709 E171.8673
G1 X188.999 Y132.531 E171.96414
G1 X191.758 Y133.541 E172.06186
G1 X194.43 Y134.724 E172.15905
G1 X197.014 Y136.077 E172.25606
G1 X199.513 Y137.6 E172.3534
G1 X201.91 Y139.287 E172.45089
G1 X204.194 Y141.128 E172.54846
G1 X206.347 Y143.11 E172.64579
G1 X208.361 Y145.222 E172.74286
G1 X210.236 Y147.469 E172.84019
G1 X211.966 Y149.838 E172.93776
G1 X213.532 Y152.31 E173.03509
G1 X214.934 Y154.879 E173.13243
G1 X216.149 Y157.497 E173.22842
G1 X216.185 Y157.585 E173.23159
G1 X217.219 Y160.263 E173.32707
G1 X218.096 Y163.068 E173.42481
G1 X218.779 Y165.887 E173.52129
G1 X219.281 Y168.776 E173.61882
G1 X219.594 Y171.679 E173.71593
G1 X219.716 Y174.616 E173.8137
G1 X219.645 Y177.538 E173.91091
G1 X219.384 Y180.449 E174.00812
G1 X218.931 Y183.347 E174.10568
G1 X218.292 Y186.202 E174.20299
G1 X217.47 Y188.997 E174.29989
G1 X216.459 Y191.758 E174.39768
G1 X215.276 Y194.43 E174.49487
G1 X213.923 Y197.014 E174.59189
G1 X213.16 Y198.266 E174.64065
G1 X212.942 Y198.568 E174.65304
G1 X212.499 Y199.168 E174.67784
G1 X211.219 Y200.951 E174.75085
G1 X210.35 Y202.121 E174.79932
G1 X209.444 Y203.264 E174.84783
G1 X208.502 Y204.376 E174.8963
G1 X207.521 Y205.455 E174.94481
G1 X206.508 Y206.503 E174.99328
G1 X205.456 Y207.522 E175.042
G1 X204.382 Y208.497 E175.09024
G1 X203.268 Y209.439 E175.13877
G1 X202.126 Y210.346 E175.18727
G1 X200.951 Y211.219 E175.23596
G1 X199.169 Y212.498 E175.30891
G1 X198.568 Y212.942 E175.33377
G1 X198.207 Y213.202 E175.34856
G1 X198.188 Y213.218 E175.34939
G1 X197.686 Y213.534 E175.36912
G1 X195.113 Y214.937 E175.46659
G1 X192.467 Y216.164 E175.5636
G1 X189.74 Y217.218 E175.66084
G1 X186.938 Y218.094 E175.75848
G1 X184.111 Y218.779 E175.85523
G1 X181.214 Y219.282 E175.95303
G1 X178.315 Y219.594 E176.05
G1 X175.41 Y219.714 E176.14671
G1 X175.326 Y219.715 E176.1495
G1 X172.449 Y219.644 E176.24522
G1 X169.552 Y219.384 E176.34196
G1 X166.644 Y218.93 E176.43985
G1 X163.801 Y218.293 E176.53676
G1 X161 Y217.469 E176.63387
G1 X158.247 Y216.461 E176.73138
G1 X155.561 Y215.271 E176.82909
G1 X152.98 Y213.919 E176.926
G1 X150.484 Y212.398 E177.02321
G1 X148.081 Y210.707 E177.12094
G1 X145.806 Y208.872 E177.21816
G1 X143.658 Y206.895 E177.31525
G1 X141.639 Y204.778 E177.41255
G1 X139.758 Y202.523 E177.51022
G1 X138.034 Y200.162 E177.60746
G1 X136.471 Y197.696 E177.70456
G1 X135.066 Y195.121 E177.80213
G1 X133.84 Y192.479 E177.899
G1 X132.781 Y189.737 E177.99677
G1 X131.906 Y186.938 E178.0943
G1 X131.221 Y184.111 E178.19105
G1 X130.719 Y181.226 E178.28845
G1 X130.405 Y178.308 E178.38606
G1 X130.286 Y175.41 E178.48253
G1 X130.285 Y175.328 E178.48526
G1 X130.355 Y172.459 E178.58071
G1 X130.617 Y169.545 E178.67802
G1 X131.071 Y166.642 E178.77575
G1 X131.705 Y163.81 E178.87227
G1 X132.536 Y160.985 E178.97021
G1 X133.543 Y158.237 E179.06756
G1 X134.777 Y155.451 E179.1689
G1 X134.752 Y155.422 E179.17018
G1 X134.839 Y155.239 E179.17691
G1 X135.322 Y154.274 E179.21281
G1 X135.438 Y154.037 E179.22158
G1 X136.012 Y152.963 E179.26209
G1 X136.538 Y152.051 E179.2971
G1 X136.64 Y151.879 E179.30375
G1 X136.997 Y151.298 E179.32643
G1 X137.391 Y150.688 E179.35059
G1 X137.772 Y150.115 E179.37347
G1 X138.109 Y149.658 E179.39236
G1 X138.533 Y149.026 E179.41767
G1 X138.719 Y148.858 E179.42601
G1 X138.93 Y148.69 E179.43498
G1 X139.234 Y148.436 E179.44815
G1 X133.223 Y142.427 E179.73085
G1 X136.917 Y138.733 E179.9046
;MESH:NONMESH
G0 F300 X136.917 Y138.733 Z3.4
G0 F12000 X136.917 Y138.975
G0 X143.645 Y145.649
G0 X145.597 Y143.698
G0 X138.93 Y136.964
G0 X138.687 Y136.963
;TIME_ELAPSED:198.909146
;LAYER:16
;TYPE:WALL-OUTER
;MESH:Warp_Reaction_Chamber_Lens.stl
G1 F1903.7 X142.481 Y133.169 E180.08306
G1 X148.439 Y139.128 E180.36333
G1 X148.688 Y138.842 E180.37594
G1 X148.883 Y138.658 E180.38486
G1 X149.142 Y138.454 E180.39582
G1 X149.301 Y138.334 E180.40245
G1 X149.672 Y138.073 E180.41754
G1 X149.9 Y137.907 E180.42692
G1 X149.989 Y137.848 E180.43047
G1 X150.64 Y137.368 E180.45737
G1 X150.741 Y137.3 E180.46142
G1 X151.257 Y136.969 E180.48181
G1 X152.016 Y136.503 E180.51143
G1 X152.931 Y135.978 E180.54652
G1 X154.012 Y135.402 E180.58726
G1 X154.701 Y135.057 E180.61289
G1 X154.778 Y135.112 E180.61603
G1 X157.535 Y133.835 E180.71709
G1 X160.273 Y132.778 E180.81471
G1 X163.056 Y131.907 E180.9117
G1 X164.406 Y131.58 E180.9579
G1 X165.889 Y131.221 E181.00865
G1 X168.782 Y130.718 E181.10631
G1 X171.685 Y130.406 E181.20342
G1 X174.611 Y130.284 E181.30083
G1 X177.538 Y130.355 E181.39821
G1 X180.451 Y130.616 E181.49548
G1 X183.347 Y131.069 E181.59298
G1 X186.211 Y131.711 E181.6906
G1 X188.999 Y132.531 E181.78725
G1 X191.76 Y133.542 E181.88505
G1 X194.43 Y134.724 E181.98216
G1 X197.014 Y136.077 E182.07918
G1 X199.513 Y137.6 E182.17651
G1 X201.912 Y139.288 E182.27408
G1 X204.194 Y141.128 E182.37158
G1 X206.359 Y143.123 E182.4695
G1 X208.361 Y145.223 E182.566
G1 X210.238 Y147.47 E182.66338
G1 X211.966 Y149.838 E182.76088
G1 X213.526 Y152.299 E182.85779
G1 X214.934 Y154.879 E182.95555
G1 X216.162 Y157.528 E183.05266
G1 X217.219 Y160.263 E183.15018
G1 X218.097 Y163.073 E183.2481
G1 X218.779 Y165.887 E183.3444
G1 X219.282 Y168.778 E183.442
G1 X219.594 Y171.679 E183.53905
G1 X219.716 Y174.616 E183.63682
G1 X219.645 Y177.538 E183.73403
G1 X219.384 Y180.451 E183.83131
G1 X218.931 Y183.347 E183.9288
G1 X218.29 Y186.207 E184.02628
G1 X217.47 Y188.997 E184.123
G1 X216.458 Y191.76 E184.22087
G1 X215.275 Y194.43 E184.318
G1 X213.923 Y197.014 E184.415
G1 X212.942 Y198.624 E184.47771
G1 X212.6 Y199.087 E184.49685
G1 X211.247 Y200.971 E184.574
G1 X210.378 Y202.142 E184.6225
G1 X209.471 Y203.286 E184.67106
G1 X208.528 Y204.398 E184.71955
G1 X207.546 Y205.479 E184.76812
G1 X206.532 Y206.527 E184.81662
G1 X205.48 Y207.547 E184.86536
G1 X204.404 Y208.523 E184.91368
G1 X203.29 Y209.466 E184.96222
G1 X202.147 Y210.374 E185.01077
G1 X200.971 Y211.247 E185.05949
G1 X199.089 Y212.598 E185.13654
G1 X198.599 Y212.957 E185.15675
G1 X197.701 Y213.526 E185.1921
G1 X195.121 Y214.934 E185.28986
G1 X192.462 Y216.166 E185.38733
G1 X189.74 Y217.218 E185.48439
G1 X186.936 Y218.095 E185.58211
G1 X184.111 Y218.779 E185.67878
G1 X181.208 Y219.283 E185.77678
G1 X178.315 Y219.594 E185.87356
G1 X175.409 Y219.714 E185.97029
G1 X175.303 Y219.714 E185.97382
G1 X172.461 Y219.645 E186.06837
G1 X169.545 Y219.383 E186.16575
G1 X166.644 Y218.93 E186.26341
G1 X163.798 Y218.292 E186.36042
G1 X161 Y217.469 E186.45742
G1 X158.247 Y216.461 E186.55493
G1 X155.553 Y215.267 E186.65294
G1 X152.979 Y213.919 E186.74958
G1 X150.484 Y212.398 E186.84677
G1 X148.077 Y210.704 E186.94466
G1 X145.806 Y208.872 E187.04171
G1 X143.648 Y206.884 E187.1393
G1 X141.639 Y204.777 E187.23613
G1 X139.765 Y202.533 E187.33337
G1 X138.034 Y200.162 E187.43101
G1 X136.47 Y197.694 E187.52819
G1 X135.066 Y195.121 E187.62568
G1 X133.834 Y192.462 E187.72315
G1 X132.781 Y189.737 E187.82032
G1 X131.905 Y186.936 E187.91793
G1 X131.221 Y184.111 E188.0146
G1 X130.719 Y181.226 E188.112
G1 X130.405 Y178.308 E188.20961
G1 X130.351 Y176.96 E188.25448
G1 X130.284 Y175.376 E188.30721
G1 X130.355 Y172.459 E188.40426
G1 X130.615 Y169.557 E188.50117
G1 X131.073 Y166.633 E188.59961
G1 X131.705 Y163.81 E188.69583
G1 X132.53 Y161.003 E188.79314
G1 X133.547 Y158.229 E188.8914
G1 X134.777 Y155.452 E188.99242
G1 X134.719 Y155.384 E188.9954
G1 X134.797 Y155.218 E189.0015
G1 X135.4 Y154.011 E189.04637
G1 X135.956 Y152.975 E189.08548
G1 X136.059 Y152.788 E189.09258
G1 X136.502 Y152.021 E189.12204
G1 X136.966 Y151.261 E189.15165
G1 X137.369 Y150.638 E189.17633
G1 X137.732 Y150.09 E189.1982
G1 X138.107 Y149.583 E189.21917
G1 X138.133 Y149.539 E189.22087
G1 X138.531 Y148.949 E189.24454
G1 X138.715 Y148.79 E189.25263
G1 X139.089 Y148.492 E189.26853
G1 X133.47 Y142.875 E189.53279
G1 X133.125 Y142.526 E189.54911
G1 X136.917 Y138.733 E189.7275
G1 X142.264 Y144.083 E189.97907
G1 X143.645 Y145.468 E190.04413
G1 X145.416 Y143.698 E190.12741
G1 X138.687 Y136.963 E190.44406
;TIME_ELAPSED:209.294308
;LAYER:17
;MESH:Warp_Reaction_Chamber_Lens.stl
G0 F12000 X138.687 Y136.963 Z3.6
;TYPE:WALL-OUTER
G1 F1900.9 X142.574 Y133.076 E190.62689
G1 X148.467 Y138.97 E190.9041
G1 X148.835 Y138.626 E190.92086
G1 X149.125 Y138.404 E190.933
G1 X149.26 Y138.306 E190.93855
G1 X149.894 Y137.859 E190.96435
G1 X150.594 Y137.343 E190.99328
G1 X150.661 Y137.298 E190.99596
G1 X151.218 Y136.94 E191.01799
G1 X151.985 Y136.469 E191.04792
G1 X152.911 Y135.936 E191.08346
G1 X153.989 Y135.362 E191.12408
G1 X154.667 Y135.022 E191.14931
G1 X154.787 Y135.109 E191.15424
G1 X157.542 Y133.832 E191.25523
G1 X160.279 Y132.776 E191.35281
G1 X163.056 Y131.907 E191.44959
G1 X165.889 Y131.221 E191.54653
G1 X168.784 Y130.718 E191.64427
G1 X171.685 Y130.406 E191.74131
G1 X174.611 Y130.284 E191.83871
G1 X177.538 Y130.355 E191.93609
G1 X180.453 Y130.616 E192.03344
G1 X183.347 Y131.069 E192.13086
G1 X186.194 Y131.706 E192.2279
G1 X188.999 Y132.531 E192.32514
G1 X191.762 Y133.543 E192.42301
G1 X194.43 Y134.724 E192.52005
G1 X197.014 Y136.077 E192.61707
G1 X199.513 Y137.6 E192.7144
G1 X201.914 Y139.289 E192.81204
G1 X204.194 Y141.128 E192.90947
G1 X206.338 Y143.101 E193.00637
G1 X208.361 Y145.223 E193.10389
G1 X210.239 Y147.472 E193.20134
G1 X211.966 Y149.838 E193.29877
G1 X213.537 Y152.319 E193.39644
G1 X214.934 Y154.879 E193.49343
G1 X216.163 Y157.53 E193.59062
G1 X217.219 Y160.263 E193.68807
G1 X218.098 Y163.078 E193.78616
G1 X218.779 Y165.887 E193.88229
G1 X219.252 Y168.606 E193.97408
G1 X219.294 Y168.889 E193.9836
G1 X219.594 Y171.679 E194.07693
G1 X219.716 Y174.616 E194.1747
G1 X219.645 Y177.538 E194.27191
G1 X219.384 Y180.453 E194.36926
G1 X218.931 Y183.347 E194.46668
G1 X218.295 Y186.19 E194.56358
G1 X217.47 Y188.997 E194.66089
G1 X216.457 Y191.762 E194.75883
G1 X215.276 Y194.43 E194.85587
G1 X213.923 Y197.014 E194.95289
G1 X212.747 Y198.942 E195.028
G1 X211.275 Y200.991 E195.11191
G1 X210.405 Y202.163 E195.16046
G1 X209.497 Y203.308 E195.20906
G1 X208.554 Y204.421 E195.25758
G1 X207.571 Y205.503 E195.3062
G1 X206.557 Y206.552 E195.35473
G1 X205.504 Y207.572 E195.40349
G1 X204.427 Y208.549 E195.45185
G1 X203.312 Y209.492 E195.50042
G1 X202.168 Y210.401 E195.54902
G1 X200.993 Y211.273 E195.59769
G1 X199.008 Y212.697 E195.67894
G1 X197.701 Y213.526 E195.73042
G1 X195.121 Y214.934 E195.82818
G1 X192.457 Y216.168 E195.92583
G1 X189.74 Y217.218 E196.02271
G1 X187.11 Y218.04 E196.11435
G1 X186.834 Y218.12 E196.12391
G1 X184.111 Y218.779 E196.21709
G1 X181.203 Y219.283 E196.31526
G1 X178.315 Y219.594 E196.41187
G1 X175.41 Y219.714 E196.50857
G1 X175.278 Y219.713 E196.51296
G1 X172.461 Y219.645 E196.60668
G1 X169.557 Y219.385 E196.70366
G1 X166.644 Y218.93 E196.80172
G1 X163.838 Y218.301 E196.89736
G1 X163.694 Y218.261 E196.90233
G1 X161 Y217.469 E196.99573
G1 X158.247 Y216.461 E197.09324
G1 X155.57 Y215.276 E197.19061
G1 X152.978 Y213.918 E197.28793
G1 X150.484 Y212.398 E197.38508
G1 X148.074 Y210.701 E197.48311
G1 X145.806 Y208.872 E197.58002
G1 X143.655 Y206.892 E197.67726
G1 X141.639 Y204.777 E197.77444
G1 X139.765 Y202.533 E197.87168
G1 X138.034 Y200.162 E197.96932
G1 X136.469 Y197.692 E198.06657
G1 X135.066 Y195.121 E198.16399
G1 X133.84 Y192.479 E198.26086
G1 X132.781 Y189.737 E198.35863
G1 X131.905 Y186.934 E198.4563
G1 X131.221 Y184.111 E198.55291
G1 X130.719 Y181.226 E198.65031
G1 X130.405 Y178.308 E198.74792
G1 X130.286 Y175.418 E198.84412
G1 X130.287 Y175.278 E198.84878
G1 X130.355 Y172.459 E198.94257
G1 X130.618 Y169.534 E199.04025
G1 X131.075 Y166.624 E199.13822
G1 X131.705 Y163.81 E199.23413
G1 X132.53 Y161.003 E199.33144
G1 X133.541 Y158.243 E199.4292
G1 X134.777 Y155.452 E199.53073
G1 X134.687 Y155.346 E199.53535
G1 X134.756 Y155.197 E199.54081
G1 X135.358 Y153.993 E199.58559
G1 X135.925 Y152.936 E199.62548
G1 X135.993 Y152.813 E199.63016
G1 X136.518 Y151.905 E199.66504
G1 X136.978 Y151.156 E199.69428
G1 X137.345 Y150.591 E199.71668
G1 X137.698 Y150.058 E199.73795
G1 X138.101 Y149.512 E199.76052
G1 X138.118 Y149.483 E199.76164
G1 X138.536 Y148.863 E199.78651
G1 X138.708 Y148.724 E199.79386
G1 X138.945 Y148.539 E199.80386
G1 X138.082 Y147.672 E199.84455
G1 X137.717 Y147.309 E199.86167
G1 X136.041 Y145.631 E199.94055
G1 X135.456 Y145.049 E199.968
G1 X135.112 Y144.702 E199.98425
G1 X133.03 Y142.62 E200.08218
G1 X136.917 Y138.733 E200.26501
G1 X141.235 Y143.053 E200.46816
G1 X143.645 Y145.468 E200.58164
G1 X145.416 Y143.698 E200.66492
G1 X141.464 Y139.74 E200.85095
G1 X138.687 Y136.963 E200.98157
;TIME_ELAPSED:219.778713
;LAYER:18
;MESH:Warp_Reaction_Chamber_Lens.stl
G0 F12000 X138.687 Y136.963 Z3.8
;TYPE:WALL-OUTER
G1 F1900.8 X142.66 Y132.99 E201.16845
G1 X148.492 Y138.823 E201.44279
G1 X148.862 Y138.528 E201.45853
G1 X149.283 Y138.227 E201.47575
G1 X149.477 Y138.097 E201.48351
G1 X149.796 Y137.872 E201.4965
G1 X150.553 Y137.314 E201.52778
G1 X151.179 Y136.91 E201.55256
G1 X151.953 Y136.435 E201.58276
G1 X152.938 Y135.87 E201.62053
G1 X154.024 Y135.291 E201.66146
G1 X154.61 Y134.999 E201.68324
G1 X154.738 Y135.131 E201.68935
G1 X157.521 Y133.84 E201.79139
G1 X160.286 Y132.774 E201.88995
G1 X163.056 Y131.907 E201.98649
G1 X165.889 Y131.221 E202.08344
G1 X168.774 Y130.719 E202.18084
G1 X171.685 Y130.406 E202.27822
G1 X174.611 Y130.284 E202.37562
G1 X177.539 Y130.355 E202.47303
G1 X180.443 Y130.615 E202.57001
G1 X183.347 Y131.069 E202.66777
G1 X186.194 Y131.706 E202.7648
G1 X188.999 Y132.531 E202.86205
G1 X191.753 Y133.54 E202.9596
G1 X194.43 Y134.724 E203.05696
G1 X197.014 Y136.077 E203.15397
G1 X199.513 Y137.6 E203.25131
G1 X201.916 Y139.291 E203.34904
G1 X204.194 Y141.128 E203.44637
G1 X206.367 Y143.13 E203.54464
G1 X208.361 Y145.223 E203.64079
G1 X210.24 Y147.474 E203.73831
G1 X211.966 Y149.838 E203.83567
G1 X213.54 Y152.324 E203.93353
G1 X214.934 Y154.879 E204.03034
G1 X216.164 Y157.532 E204.1276
G1 X217.219 Y160.263 E204.22497
G1 X218.1 Y163.084 E204.32327
G1 X218.779 Y165.887 E204.41919
G1 X219.282 Y168.782 E204.51693
G1 X219.594 Y171.679 E204.61384
G1 X219.716 Y174.616 E204.71161
G1 X219.645 Y177.539 E204.80885
G1 X219.385 Y180.443 E204.90583
G1 X218.931 Y183.347 E205.00359
G1 X218.295 Y186.19 E205.10048
G1 X217.47 Y188.997 E205.19779
G1 X216.532 Y191.56 E205.28857
G1 X216.406 Y191.877 E205.29992
G1 X215.276 Y194.43 E205.39277
G1 X213.923 Y197.014 E205.48979
G1 X212.52 Y199.317 E205.57948
G1 X211.439 Y200.822 E205.64111
G1 X211.22 Y201.123 E205.65349
G1 X210.432 Y202.185 E205.69748
G1 X209.524 Y203.33 E205.74608
G1 X208.58 Y204.444 E205.79465
G1 X207.597 Y205.526 E205.84327
G1 X206.581 Y206.576 E205.89186
G1 X205.527 Y207.598 E205.94069
G1 X204.543 Y208.489 E205.98484
G1 X204.35 Y208.658 E205.99338
G1 X203.334 Y209.519 E206.03767
G1 X202.19 Y210.428 E206.08627
G1 X201.013 Y211.301 E206.13501
G1 X199.513 Y212.377 E206.19641
G1 X197.701 Y213.526 E206.26777
G1 X195.121 Y214.934 E206.36553
G1 X192.479 Y216.16 E206.4624
G1 X189.74 Y217.218 E206.56006
G1 X186.932 Y218.096 E206.65792
G1 X184.111 Y218.779 E206.75445
G1 X181.226 Y219.281 E206.85185
G1 X178.315 Y219.594 E206.94923
G1 X175.409 Y219.714 E207.04597
G1 X175.253 Y219.713 E207.05115
G1 X172.461 Y219.645 E207.14404
G1 X169.557 Y219.385 E207.24102
G1 X166.645 Y218.93 E207.33905
G1 X163.794 Y218.291 E207.43622
G1 X161 Y217.469 E207.53309
G1 X158.247 Y216.461 E207.6306
G1 X155.571 Y215.276 E207.72794
G1 X152.977 Y213.917 E207.82534
G1 X150.484 Y212.398 E207.92244
G1 X148.514 Y211.012 E208.00255
G1 X148.07 Y210.697 E208.02066
G1 X145.806 Y208.872 E208.11738
G1 X143.662 Y206.899 E208.21429
G1 X141.639 Y204.777 E208.3118
G1 X139.765 Y202.533 E208.40904
G1 X138.034 Y200.162 E208.50668
G1 X136.468 Y197.69 E208.60401
G1 X135.066 Y195.121 E208.70135
G1 X133.84 Y192.479 E208.79822
G1 X132.781 Y189.737 E208.89599
G1 X131.904 Y186.932 E208.99373
G1 X131.221 Y184.111 E209.09027
G1 X130.719 Y181.226 E209.18767
G1 X130.405 Y178.308 E209.28528
G1 X130.286 Y175.417 E209.38152
G1 X130.287 Y175.253 E209.38697
G1 X130.355 Y172.459 E209.47993
G1 X130.615 Y169.557 E209.57684
G1 X131.069 Y166.653 E209.6746
G1 X131.705 Y163.81 E209.77149
G1 X132.53 Y161.003 E209.8688
G1 X133.541 Y158.243 E209.96657
G1 X134.777 Y155.452 E210.06809
G1 X134.654 Y155.308 E210.07439
G1 X134.715 Y155.177 E210.0792
G1 X135.339 Y153.932 E210.12552
G1 X135.892 Y152.9 E210.16446
G1 X136.434 Y151.958 E210.2006
G1 X136.928 Y151.149 E210.23213
G1 X137.321 Y150.544 E210.25613
G1 X137.671 Y150.017 E210.27717
G1 X138.099 Y149.437 E210.30114
G1 X138.109 Y149.417 E210.30189
G1 X138.529 Y148.791 E210.32696
G1 X138.81 Y148.573 E210.33879
G1 X135.42 Y145.181 E210.49829
G1 X135.365 Y145.128 E210.50083
G1 X132.944 Y142.706 E210.61473
G1 X136.917 Y138.733 E210.80161
G1 X142.091 Y143.91 E211.04505
G1 X143.645 Y145.468 E211.11824
G1 X145.416 Y143.698 E211.20152
G1 X141.482 Y139.758 E211.3867
G1 X138.687 Y136.963 E211.51817
;TIME_ELAPSED:230.271011
;LAYER:19
;MESH:Warp_Reaction_Chamber_Lens.stl
G0 F12000 X138.687 Y136.963 Z4
;TYPE:WALL-OUTER
G1 F1900.1 X142.737 Y132.913 E211.70867
G1 X148.504 Y138.682 E211.97998
G1 X149.697 Y137.887 E212.02766
G1 X150.501 Y137.293 E212.06091
G1 X151.139 Y136.881 E212.08617
G1 X151.926 Y136.4 E212.11685
G1 X152.859 Y135.862 E212.15267
G1 X153.942 Y135.282 E212.19353
G1 X154.576 Y134.965 E212.2171
G1 X154.739 Y135.131 E212.22484
G1 X157.521 Y133.84 E212.32685
G1 X160.26 Y132.782 E212.42451
G1 X163.056 Y131.907 E212.52195
G1 X164.512 Y131.554 E212.57178
G1 X165.889 Y131.221 E212.6189
G1 X168.788 Y130.718 E212.71676
G1 X171.685 Y130.406 E212.81367
G1 X174.611 Y130.284 E212.91108
G1 X177.539 Y130.355 E213.00849
G1 X180.443 Y130.615 E213.10547
G1 X183.347 Y131.069 E213.20323
G1 X186.194 Y131.706 E213.30026
G1 X188.999 Y132.531 E213.39751
G1 X191.753 Y133.54 E213.49506
G1 X194.43 Y134.724 E213.59242
G1 X197.014 Y136.077 E213.68943
G1 X199.513 Y137.6 E213.78676
G1 X201.917 Y139.292 E213.88454
G1 X204.194 Y141.128 E213.98183
G1 X206.338 Y143.101 E214.07874
G1 X208.361 Y145.222 E214.17622
G1 X210.242 Y147.476 E214.27387
G1 X211.966 Y149.838 E214.37113
G1 X213.526 Y152.299 E214.46804
G1 X214.934 Y154.879 E214.5658
G1 X216.148 Y157.498 E214.66181
G1 X216.221 Y157.679 E214.6683
G1 X217.219 Y160.263 E214.76043
G1 X218.093 Y163.056 E214.85777
G1 X218.779 Y165.887 E214.95466
G1 X219.282 Y168.784 E215.05245
G1 X219.594 Y171.679 E215.1493
G1 X219.716 Y174.616 E215.24707
G1 X219.645 Y177.539 E215.34431
G1 X219.385 Y180.443 E215.44129
G1 X218.931 Y183.347 E215.53905
G1 X218.295 Y186.19 E215.63594
G1 X217.47 Y188.997 E215.73325
G1 X216.46 Y191.753 E215.83088
G1 X215.276 Y194.43 E215.92824
G1 X213.923 Y197.014 E216.02525
G1 X212.397 Y199.517 E216.12275
G1 X211.346 Y201.01 E216.18348
G1 X210.459 Y202.205 E216.23298
G1 X209.552 Y203.351 E216.28159
G1 X208.6 Y204.47 E216.33045
G1 X207.624 Y205.551 E216.37889
G1 X206.605 Y206.6 E216.42754
G1 X205.551 Y207.623 E216.47639
G1 X204.47 Y208.6 E216.52485
G1 X203.375 Y209.531 E216.57266
G1 X202.21 Y210.455 E216.62211
G1 X201.025 Y211.334 E216.67118
G1 X200.027 Y212.051 E216.71206
G1 X197.701 Y213.526 E216.80366
G1 X195.121 Y214.934 E216.90142
G1 X192.479 Y216.16 E216.99829
G1 X189.74 Y217.218 E217.09595
G1 X186.93 Y218.096 E217.19387
G1 X184.111 Y218.779 E217.29034
G1 X181.226 Y219.281 E217.38774
G1 X178.315 Y219.594 E217.48512
G1 X175.409 Y219.714 E217.58186
G1 X175.227 Y219.712 E217.58791
G1 X172.461 Y219.645 E217.67993
G1 X169.557 Y219.385 E217.77691
G1 X166.645 Y218.93 E217.87494
G1 X163.792 Y218.29 E217.97219
G1 X161 Y217.469 E218.06898
G1 X158.247 Y216.461 E218.16649
G1 X155.57 Y215.276 E218.26386
G1 X152.976 Y213.917 E218.36126
G1 X150.484 Y212.398 E218.45833
G1 X148.091 Y210.715 E218.55563
G1 X145.806 Y208.872 E218.65327
G1 X143.652 Y206.889 E218.75065
G1 X141.639 Y204.777 E218.84769
G1 X139.765 Y202.533 E218.94493
G1 X138.034 Y200.162 E219.04257
G1 X136.467 Y197.688 E219.13998
G1 X135.066 Y195.121 E219.23724
G1 X133.84 Y192.479 E219.33412
G1 X132.781 Y189.737 E219.43188
G1 X131.904 Y186.93 E219.52969
G1 X131.221 Y184.111 E219.62617
G1 X130.719 Y181.226 E219.72356
G1 X130.405 Y178.308 E219.82118
G1 X130.355 Y177.056 E219.86285
G1 X130.284 Y175.37 E219.91898
G1 X130.355 Y172.459 E220.01583
G1 X130.615 Y169.557 E220.11273
G1 X131.069 Y166.653 E220.21049
G1 X131.705 Y163.81 E220.30739
G1 X132.53 Y161.003 E220.4047
G1 X133.541 Y158.243 E220.50246
G1 X134.777 Y155.452 E220.60399
G1 X134.62 Y155.268 E220.61203
G1 X134.673 Y155.157 E220.61612
G1 X135.28 Y153.944 E220.66124
G1 X135.86 Y152.861 E220.7021
G1 X136.398 Y151.928 E220.73792
G1 X136.878 Y151.144 E220.7685
G1 X137.296 Y150.497 E220.79411
G1 X137.631 Y149.994 E220.81422
G1 X138.088 Y149.373 E220.83986
G1 X138.635 Y148.553 E220.87264
G1 X132.867 Y142.784 E221.14398
G1 X136.917 Y138.733 E221.3345
G1 X141.235 Y143.053 E221.53765
G1 X143.645 Y145.468 E221.65113
G1 X145.416 Y143.698 E221.73441
G1 X141.497 Y139.773 E221.91889
G1 X138.687 Y136.963 E222.05106
;TIME_ELAPSED:240.762400
;LAYER:20
;MESH:Warp_Reaction_Chamber_Lens.stl
G0 F12000 X138.687 Y136.963 Z4.2
;TYPE:WALL-OUTER
G1 F1900.4 X142.811 Y132.839 E222.24504
G1 X148.593 Y138.625 E222.5171
G1 X149.713 Y137.876 E222.56192
G1 X150.506 Y137.29 E222.59471
G1 X151.14 Y136.88 E222.61982
G1 X151.927 Y136.399 E222.6505
G1 X152.86 Y135.861 E222.68632
G1 X153.943 Y135.282 E222.72717
G1 X154.577 Y134.965 E222.75074
G1 X154.738 Y135.131 E222.75844
G1 X157.521 Y133.84 E222.86047
G1 X160.26 Y132.782 E222.95813
G1 X163.056 Y131.907 E223.05558
G1 X164.073 Y131.662 E223.09037
G1 X165.889 Y131.221 E223.15252
G1 X168.79 Y130.717 E223.25046
G1 X171.685 Y130.406 E223.3473
G1 X174.611 Y130.284 E223.4447
G1 X177.538 Y130.355 E223.54208
G1 X180.443 Y130.615 E223.63909
G1 X183.347 Y131.069 E223.73685
G1 X186.194 Y131.706 E223.83388
G1 X188.999 Y132.531 E223.93113
G1 X191.753 Y133.54 E224.02868
G1 X194.43 Y134.724 E224.12604
G1 X197.014 Y136.077 E224.22305
G1 X199.513 Y137.6 E224.32039
G1 X201.919 Y139.293 E224.41824
G1 X204.194 Y141.128 E224.51545
G1 X206.338 Y143.101 E224.61236
G1 X208.361 Y145.223 E224.70987
G1 X210.243 Y147.477 E224.80754
G1 X211.966 Y149.838 E224.90475
G1 X213.526 Y152.299 E225.00167
G1 X214.934 Y154.879 E225.09942
G1 X216.165 Y157.536 E225.19682
G1 X217.219 Y160.263 E225.29406
G1 X218.093 Y163.056 E225.3914
G1 X218.779 Y165.887 E225.48828
G1 X219.281 Y168.77 E225.58561
G1 X219.594 Y171.679 E225.68293
G1 X219.716 Y174.616 E225.78069
G1 X219.645 Y177.538 E225.87791
G1 X219.385 Y180.443 E225.97492
G1 X218.931 Y183.347 E226.07268
G1 X218.295 Y186.19 E226.16957
G1 X217.47 Y188.997 E226.26688
G1 X216.46 Y191.753 E226.36451
G1 X215.276 Y194.43 E226.46187
G1 X213.923 Y197.014 E226.55888
G1 X212.391 Y199.526 E226.65674
G1 X210.791 Y201.801 E226.74925
G1 X210.574 Y202.084 E226.76111
G1 X208.956 Y204.09 E226.84683
G1 X208.726 Y204.353 E226.85845
G1 X206.985 Y206.244 E226.94394
G1 X206.734 Y206.496 E226.95577
G1 X204.868 Y208.274 E227.0415
G1 X204.606 Y208.504 E227.05309
G1 X202.633 Y210.152 E227.13859
G1 X202.47 Y210.281 E227.14551
G1 X200.155 Y211.97 E227.24082
G1 X197.701 Y213.526 E227.33746
G1 X195.121 Y214.934 E227.43522
G1 X192.479 Y216.16 E227.5321
G1 X189.74 Y217.218 E227.62976
G1 X186.928 Y218.097 E227.72775
G1 X184.111 Y218.779 E227.82415
G1 X181.226 Y219.281 E227.92154
G1 X178.315 Y219.594 E228.01892
G1 X175.409 Y219.714 E228.11566
G1 X175.202 Y219.712 E228.12254
G1 X172.461 Y219.645 E228.21374
G1 X169.557 Y219.385 E228.31071
G1 X166.645 Y218.93 E228.40874
G1 X163.79 Y218.29 E228.50605
G1 X161 Y217.469 E228.60278
G1 X158.247 Y216.461 E228.70029
G1 X155.571 Y215.276 E228.79763
G1 X152.975 Y213.916 E228.89511
G1 X150.484 Y212.398 E228.99213
G1 X148.091 Y210.715 E229.08944
G1 X145.806 Y208.872 E229.18707
G1 X143.662 Y206.899 E229.28398
G1 X141.639 Y204.777 E229.3815
G1 X139.765 Y202.533 E229.47873
G1 X138.034 Y200.162 E229.57637
G1 X136.474 Y197.701 E229.67329
G1 X135.066 Y195.121 E229.77105
G1 X133.84 Y192.479 E229.86792
G1 X132.781 Y189.737 E229.96568
G1 X131.903 Y186.928 E230.06357
G1 X131.221 Y184.111 E230.15997
G1 X130.719 Y181.226 E230.25737
G1 X130.405 Y178.308 E230.35498
G1 X130.286 Y175.417 E230.45122
G1 X130.288 Y175.202 E230.45837
G1 X130.355 Y172.459 E230.54963
G1 X130.615 Y169.557 E230.64653
G1 X131.069 Y166.653 E230.7443
G1 X131.705 Y163.81 E230.84119
G1 X132.53 Y161.003 E230.9385
G1 X133.541 Y158.243 E231.03626
G1 X134.777 Y155.452 E231.13779
G1 X134.619 Y155.267 E231.14588
G1 X135.278 Y153.948 E231.19492
G1 X135.853 Y152.873 E231.23547
G1 X136.381 Y151.953 E231.27075
G1 X136.854 Y151.18 E231.30089
G1 X137.257 Y150.555 E231.32563
G1 X137.622 Y150.008 E231.3475
G1 X137.784 Y149.788 E231.35658
G1 X137.844 Y149.703 E231.36005
G1 X138.047 Y149.427 E231.37144
G1 X138.248 Y149.133 E231.38329
G1 X138.579 Y148.64 E231.40304
G1 X132.793 Y142.857 E231.67512
G1 X136.917 Y138.733 E231.8691
G1 X142.145 Y143.964 E232.11508
G1 X143.645 Y145.468 E232.18573
G1 X145.416 Y143.698 E232.26901
G1 X138.687 Y136.963 E232.58566
;MESH:NONMESH
G0 F300 X138.687 Y136.963 Z4.4
G0 F12000 X138.929 Y136.963
G0 X145.597 Y143.698
G0 X143.645 Y145.649
G0 X136.917 Y138.975
G0 X136.917 Y138.733
;TIME_ELAPSED:251.968800
;LAYER:21
;TYPE:WALL-OUTER
;MESH:Warp_Reaction_Chamber_Lens.stl
G1 F1902.9 X141.235 Y143.053 E232.78881
G1 X143.645 Y145.468 E232.90229
G1 X145.416 Y143.698 E232.98557
G1 X138.688 Y136.964 E233.30218
G1 X142.879 Y132.772 E233.49933
G1 X148.677 Y138.567 E233.77198
G1 X149.729 Y137.866 E233.81403
G1 X150.517 Y137.282 E233.84665
G1 X151.142 Y136.879 E233.87138
G1 X151.927 Y136.399 E233.90199
G1 X152.86 Y135.861 E233.93781
G1 X153.943 Y135.282 E233.97865
G1 X154.577 Y134.965 E234.00223
G1 X154.738 Y135.131 E234.00992
G1 X157.521 Y133.84 E234.11196
G1 X160.26 Y132.782 E234.20962
G1 X161.64 Y132.352 E234.25769
G1 X163.056 Y131.907 E234.30706
G1 X165.889 Y131.221 E234.40401
G1 X168.793 Y130.717 E234.50204
G1 X171.685 Y130.406 E234.59878
G1 X174.611 Y130.284 E234.69619
G1 X177.538 Y130.355 E234.79357
G1 X180.443 Y130.615 E234.89058
G1 X183.347 Y131.069 E234.98834
G1 X186.194 Y131.706 E235.08537
G1 X188.999 Y132.531 E235.18262
G1 X191.77 Y133.546 E235.28077
G1 X194.43 Y134.724 E235.37753
G1 X197.014 Y136.077 E235.47454
G1 X199.513 Y137.6 E235.57188
G1 X201.921 Y139.295 E235.66982
G1 X204.194 Y141.128 E235.76694
G1 X206.338 Y143.101 E235.86385
G1 X208.361 Y145.222 E235.96134
G1 X210.244 Y147.479 E236.0591
G1 X211.966 Y149.838 E236.15624
G1 X213.526 Y152.299 E236.25315
G1 X214.934 Y154.879 E236.35091
G1 X216.166 Y157.537 E236.44835
G1 X217.219 Y160.263 E236.54555
G1 X218.093 Y163.056 E236.64288
G1 X218.779 Y165.887 E236.73977
G1 X219.283 Y168.789 E236.83773
G1 X219.594 Y171.679 E236.93441
G1 X219.716 Y174.616 E237.03218
G1 X219.645 Y177.538 E237.1294
G1 X219.385 Y180.443 E237.2264
G1 X218.931 Y183.347 E237.32416
G1 X218.295 Y186.19 E237.42106
G1 X217.47 Y188.997 E237.51837
G1 X216.454 Y191.77 E237.61659
G1 X215.275 Y194.432 E237.71343
G1 X213.923 Y197.014 E237.81037
G1 X212.4 Y199.513 E237.9077
G1 X210.711 Y201.914 E238.00534
G1 X208.865 Y204.201 E238.10309
G1 X206.892 Y206.345 E238.2
G1 X204.764 Y208.372 E238.29775
G1 X202.536 Y210.233 E238.3943
G1 X200.162 Y211.966 E238.49206
G1 X197.701 Y213.526 E238.58898
G1 X195.121 Y214.934 E238.68674
G1 X192.479 Y216.16 E238.78361
G1 X189.74 Y217.218 E238.88127
G1 X186.926 Y218.097 E238.97932
G1 X184.111 Y218.779 E239.07566
G1 X181.226 Y219.281 E239.17306
G1 X178.315 Y219.594 E239.27043
G1 X175.408 Y219.714 E239.3672
G1 X175.177 Y219.711 E239.37489
G1 X172.461 Y219.645 E239.46525
G1 X169.557 Y219.385 E239.56222
G1 X166.645 Y218.93 E239.66025
G1 X163.788 Y218.289 E239.75764
G1 X161 Y217.469 E239.85429
G1 X158.247 Y216.461 E239.9518
G1 X155.57 Y215.276 E240.04917
G1 X152.983 Y213.921 E240.14631
G1 X150.484 Y212.398 E240.24364
G1 X148.091 Y210.715 E240.34095
G1 X145.806 Y208.872 E240.43859
G1 X143.64 Y206.876 E240.53655
G1 X141.639 Y204.777 E240.63301
G1 X139.765 Y202.533 E240.73025
G1 X138.034 Y200.162 E240.82789
G1 X136.474 Y197.701 E240.9248
G1 X135.066 Y195.121 E241.02256
G1 X133.84 Y192.479 E241.11943
G1 X132.781 Y189.737 E241.21719
G1 X131.903 Y186.926 E241.31514
G1 X131.221 Y184.111 E241.41148
G1 X130.719 Y181.226 E241.50888
G1 X130.405 Y178.308 E241.60649
G1 X130.286 Y175.416 E241.70276
G1 X130.289 Y175.177 E241.71071
G1 X130.355 Y172.459 E241.80114
G1 X130.615 Y169.557 E241.89804
G1 X131.069 Y166.653 E241.9958
G1 X131.705 Y163.81 E242.0927
G1 X132.53 Y161.003 E242.19001
G1 X133.541 Y158.243 E242.28777
G1 X134.777 Y155.452 E242.3893
G1 X134.618 Y155.267 E242.39741
G1 X134.676 Y155.148 E242.40181
G1 X135.274 Y153.953 E242.44626
G1 X135.845 Y152.885 E242.48654
G1 X136.08 Y152.47 E242.5024
G1 X136.363 Y151.979 E242.52125
G1 X136.826 Y151.222 E242.55076
G1 X137.219 Y150.611 E242.57493
G1 X137.616 Y150.016 E242.59872
G1 X137.794 Y149.777 E242.60863
G1 X138.117 Y149.329 E242.627
G1 X138.521 Y148.723 E242.65122
G1 X137.882 Y148.08 E242.68137
G1 X132.726 Y142.925 E242.92387
G1 X136.917 Y138.733 E243.12103
;MESH:NONMESH
G0 F300 X136.917 Y138.733 Z4.6
G0 F12000 X136.917 Y138.975
G0 X143.645 Y145.649
G0 X145.597 Y143.698
G0 X138.93 Y136.964
G0 X138.687 Y136.963
;TIME_ELAPSED:263.079932
;LAYER:22
;TYPE:WALL-OUTER
;MESH:Warp_Reaction_Chamber_Lens.stl
G1 F1903.2 X142.941 Y132.709 E243.32112
G1 X148.75 Y138.521 E243.59443
G1 X149.745 Y137.855 E243.63425
G1 X150.523 Y137.278 E243.66647
G1 X151.143 Y136.878 E243.69101
G1 X151.927 Y136.399 E243.72157
G1 X152.86 Y135.861 E243.75739
G1 X153.943 Y135.282 E243.79824
G1 X154.577 Y134.965 E243.82181
G1 X154.738 Y135.131 E243.8295
G1 X157.521 Y133.84 E243.93154
G1 X160.26 Y132.782 E244.0292
G1 X163.056 Y131.907 E244.12664
G1 X165.889 Y131.221 E244.22359
G1 X168.774 Y130.719 E244.32099
G1 X171.685 Y130.406 E244.41837
G1 X174.611 Y130.284 E244.51577
G1 X177.539 Y130.355 E244.61319
G1 X180.443 Y130.615 E244.71016
G1 X183.347 Y131.069 E244.80792
G1 X186.194 Y131.706 E244.90495
G1 X188.999 Y132.531 E245.0022
G1 X191.753 Y133.54 E245.09975
G1 X194.43 Y134.724 E245.19711
G1 X197.014 Y136.077 E245.29412
G1 X199.513 Y137.6 E245.39146
G1 X201.906 Y139.283 E245.48876
G1 X204.194 Y141.128 E245.58652
G1 X206.338 Y143.101 E245.68343
G1 X208.361 Y145.222 E245.78092
G1 X210.245 Y147.481 E245.87875
G1 X211.966 Y149.838 E245.97582
G1 X213.526 Y152.299 E246.07273
G1 X214.934 Y154.879 E246.17049
G1 X216.167 Y157.539 E246.26801
G1 X217.219 Y160.263 E246.36513
G1 X218.093 Y163.056 E246.46247
G1 X218.779 Y165.887 E246.55935
G1 X219.283 Y168.791 E246.65738
G1 X219.594 Y171.679 E246.75399
G1 X219.716 Y174.616 E246.85176
G1 X219.645 Y177.539 E246.94901
G1 X219.385 Y180.443 E247.04598
G1 X218.931 Y183.347 E247.14374
G1 X218.295 Y186.19 E247.24064
G1 X217.47 Y188.997 E247.33795
G1 X216.453 Y191.772 E247.43625
G1 X215.276 Y194.43 E247.53294
G1 X213.923 Y197.014 E247.62995
G1 X212.4 Y199.513 E247.72728
G1 X210.703 Y201.923 E247.82532
G1 X208.857 Y204.21 E247.92307
G1 X206.899 Y206.338 E248.01925
G1 X204.761 Y208.375 E248.11747
G1 X202.536 Y210.233 E248.21388
G1 X200.162 Y211.966 E248.31164
G1 X197.701 Y213.526 E248.40856
G1 X195.121 Y214.934 E248.50631
G1 X192.479 Y216.16 E248.60319
G1 X189.74 Y217.218 E248.70085
G1 X186.944 Y218.093 E248.79829
G1 X184.111 Y218.779 E248.89524
G1 X181.226 Y219.281 E248.99264
G1 X178.315 Y219.594 E249.09002
G1 X175.409 Y219.714 E249.18675
G1 X175.152 Y219.71 E249.1953
G1 X172.461 Y219.645 E249.28483
G1 X169.557 Y219.385 E249.3818
G1 X166.646 Y218.93 E249.4798
G1 X163.806 Y218.294 E249.5766
G1 X161 Y217.469 E249.67388
G1 X158.247 Y216.461 E249.77139
G1 X155.571 Y215.276 E249.86873
G1 X152.973 Y213.915 E249.96627
G1 X150.484 Y212.398 E250.06322
G1 X148.091 Y210.715 E250.16053
G1 X145.806 Y208.872 E250.25817
G1 X143.662 Y206.899 E250.35508
G1 X141.639 Y204.777 E250.45259
G1 X139.765 Y202.533 E250.54983
G1 X138.034 Y200.162 E250.64747
G1 X136.464 Y197.683 E250.74506
G1 X135.066 Y195.121 E250.84214
G1 X133.84 Y192.479 E250.93901
G1 X132.781 Y189.737 E251.03678
G1 X131.902 Y186.924 E251.1348
G1 X131.221 Y184.111 E251.23106
G1 X130.719 Y181.226 E251.32846
G1 X130.405 Y178.308 E251.42607
G1 X130.284 Y175.363 E251.52411
G1 X130.355 Y172.459 E251.62072
G1 X130.615 Y169.557 E251.71763
G1 X131.069 Y166.653 E251.81539
G1 X131.705 Y163.81 E251.91229
G1 X132.53 Y161.003 E252.0096
G1 X133.541 Y158.243 E252.10736
G1 X134.777 Y155.452 E252.20888
G1 X134.618 Y155.266 E252.21702
G1 X134.677 Y155.144 E252.22153
G1 X135.271 Y153.958 E252.26565
G1 X135.837 Y152.898 E252.30561
G1 X136.19 Y152.275 E252.32943
G1 X136.346 Y152.005 E252.3398
G1 X136.798 Y151.263 E252.3687
G1 X137.181 Y150.668 E252.39223
G1 X137.599 Y150.042 E252.41727
G1 X137.768 Y149.82 E252.42655
G1 X137.915 Y149.612 E252.43502
G1 X138.084 Y149.379 E252.44459
G1 X138.474 Y148.795 E252.46795
G1 X137.855 Y148.18 E252.49697
G1 X137.787 Y148.11 E252.50022
G1 X137.317 Y147.642 E252.52228
G1 X135.857 Y146.179 E252.59102
G1 X135.085 Y145.41 E252.62727
G1 X134.958 Y145.281 E252.63329
G1 X134.085 Y144.41 E252.6743
G1 X132.664 Y142.986 E252.74121
G1 X136.917 Y138.733 E252.94126
G1 X141.235 Y143.053 E253.14441
G1 X143.645 Y145.468 E253.25789
G1 X145.416 Y143.698 E253.34117
G1 X141.534 Y139.81 E253.52391
G1 X138.687 Y136.963 E253.65782
;TIME_ELAPSED:273.476869
;LAYER:23
;MESH:Warp_Reaction_Chamber_Lens.stl
G0 F12000 X138.687 Y136.963 Z4.8
;TYPE:WALL-OUTER
G1 F1900.9 X142.998 Y132.652 E253.8606
G1 X148.818 Y138.476 E254.13445
G1 X149.76 Y137.844 E254.17218
G1 X150.528 Y137.274 E254.20399
G1 X151.144 Y136.878 E254.22834
G1 X151.927 Y136.399 E254.25887
G1 X152.86 Y135.861 E254.29469
G1 X153.943 Y135.282 E254.33554
G1 X154.577 Y134.964 E254.35913
G1 X154.738 Y135.131 E254.36685
G1 X157.521 Y133.84 E254.46888
G1 X160.26 Y132.782 E254.56654
G1 X163.056 Y131.907 E254.66399
G1 X165.889 Y131.221 E254.76093
G1 X168.774 Y130.719 E254.85833
G1 X171.685 Y130.406 E254.95571
G1 X174.611 Y130.284 E255.05311
G1 X177.539 Y130.355 E255.15053
G1 X180.443 Y130.615 E255.2475
G1 X183.347 Y131.069 E255.34526
G1 X186.194 Y131.706 E255.4423
G1 X188.999 Y132.531 E255.53954
G1 X191.753 Y133.54 E255.63709
G1 X194.43 Y134.724 E255.73445
G1 X197.014 Y136.077 E255.83146
G1 X199.513 Y137.6 E255.9288
G1 X201.924 Y139.298 E256.02688
G1 X204.194 Y141.128 E256.12386
G1 X206.338 Y143.101 E256.22077
G1 X208.361 Y145.222 E256.31826
G1 X210.247 Y147.483 E256.41619
G1 X211.966 Y149.838 E256.51316
G1 X213.526 Y152.299 E256.61007
G1 X214.934 Y154.879 E256.70783
G1 X216.168 Y157.541 E256.80542
G1 X217.219 Y160.263 E256.90247
G1 X218.093 Y163.056 E256.99981
G1 X218.779 Y165.887 E257.09669
G1 X219.281 Y168.77 E257.19402
G1 X219.594 Y171.679 E257.29134
G1 X219.716 Y174.616 E257.38911
G1 X219.645 Y177.539 E257.48635
G1 X219.385 Y180.443 E257.58333
G1 X218.931 Y183.347 E257.68109
G1 X218.295 Y186.19 E257.77798
G1 X217.47 Y188.997 E257.87529
G1 X216.452 Y191.774 E257.97367
G1 X215.276 Y194.43 E258.07028
G1 X213.923 Y197.014 E258.16729
G1 X212.4 Y199.513 E258.26463
G1 X210.717 Y201.906 E258.36193
G1 X208.872 Y204.194 E258.45969
G1 X206.899 Y206.338 E258.5566
G1 X204.777 Y208.361 E258.65411
G1 X202.536 Y210.233 E258.75123
G1 X200.162 Y211.966 E258.84899
G1 X197.701 Y213.526 E258.9459
G1 X195.121 Y214.934 E259.04366
G1 X192.479 Y216.16 E259.14054
G1 X189.74 Y217.218 E259.2382
G1 X186.944 Y218.093 E259.33564
G1 X184.111 Y218.779 E259.43259
G1 X181.226 Y219.281 E259.52998
G1 X178.315 Y219.594 E259.62736
G1 X175.408 Y219.714 E259.72413
G1 X175.126 Y219.71 E259.73351
G1 X172.461 Y219.645 E259.82218
G1 X169.557 Y219.385 E259.91915
G1 X166.646 Y218.93 E260.01715
G1 X163.784 Y218.288 E260.1147
G1 X161 Y217.469 E260.21122
G1 X158.247 Y216.461 E260.30873
G1 X155.571 Y215.276 E260.40607
G1 X152.971 Y213.914 E260.5037
G1 X150.484 Y212.398 E260.60057
G1 X148.091 Y210.715 E260.69788
G1 X145.806 Y208.872 E260.79551
G1 X143.662 Y206.899 E260.89242
G1 X141.639 Y204.777 E260.98994
G1 X139.765 Y202.533 E261.08717
G1 X138.034 Y200.162 E261.18481
G1 X136.463 Y197.681 E261.28248
G1 X135.066 Y195.121 E261.37948
G1 X133.84 Y192.479 E261.47636
G1 X132.781 Y189.737 E261.57412
G1 X131.907 Y186.944 E261.67146
G1 X131.221 Y184.111 E261.76841
G1 X130.719 Y181.226 E261.86581
G1 X130.405 Y178.308 E261.96342
G1 X130.286 Y175.416 E262.05969
G1 X130.29 Y175.126 E262.06934
G1 X130.355 Y172.459 E262.15807
G1 X130.615 Y169.557 E262.25497
G1 X131.069 Y166.653 E262.35273
G1 X131.705 Y163.81 E262.44963
G1 X132.53 Y161.003 E262.54694
G1 X133.541 Y158.243 E262.6447
G1 X134.773 Y155.46 E262.74593
G1 X134.621 Y155.257 E262.75437
G1 X134.677 Y155.14 E262.75868
G1 X135.299 Y153.905 E262.80467
G1 X135.828 Y152.911 E262.84212
G1 X136.329 Y152.03 E262.87583
G1 X136.77 Y151.305 E262.90406
G1 X137.175 Y150.677 E262.92891
G1 X137.588 Y150.058 E262.95366
G1 X137.814 Y149.762 E262.96605
G1 X138.175 Y149.244 E262.98705
G1 X138.428 Y148.863 E263.00226
G1 X134.029 Y144.467 E263.2091
G1 X132.608 Y143.042 E263.27604
G1 X136.917 Y138.733 E263.47872
G1 X142.032 Y143.851 E263.71938
G1 X143.645 Y145.468 E263.79535
G1 X145.416 Y143.698 E263.87863
G1 X141.142 Y139.418 E264.0798
G1 X138.687 Y136.963 E264.19528
;TIME_ELAPSED:283.967142
;LAYER:24
;MESH:Warp_Reaction_Chamber_Lens.stl
G0 F12000 X138.687 Y136.963 Z5
;TYPE:WALL-OUTER
G1 F1901.1 X143.049 Y132.601 E264.40045
G1 X148.881 Y138.433 E264.67477
G1 X149.801 Y137.816 E264.71162
G1 X150.528 Y137.274 E264.74178
G1 X151.143 Y136.879 E264.76609
G1 X151.927 Y136.399 E264.79666
G1 X152.86 Y135.861 E264.83248
G1 X153.943 Y135.282 E264.87333
G1 X154.576 Y134.963 E264.89691
G1 X154.738 Y135.131 E264.90467
G1 X157.521 Y133.84 E265.00671
G1 X160.26 Y132.782 E265.10437
G1 X163.056 Y131.907 E265.20181
G1 X164.581 Y131.538 E265.25399
G1 X165.398 Y131.338 E265.28197
G1 X165.887 Y131.221 E265.29869
G1 X168.774 Y130.719 E265.39616
G1 X171.685 Y130.406 E265.49353
G1 X174.611 Y130.284 E265.59094
G1 X177.538 Y130.355 E265.68832
G1 X180.443 Y130.615 E265.78533
G1 X183.347 Y131.069 E265.88309
G1 X186.194 Y131.706 E265.98012
G1 X188.999 Y132.531 E266.07737
G1 X191.753 Y133.54 E266.17492
G1 X194.43 Y134.724 E266.27227
G1 X197.014 Y136.077 E266.36929
G1 X199.513 Y137.6 E266.46662
G1 X201.906 Y139.283 E266.56393
G1 X204.194 Y141.128 E266.66169
G1 X206.338 Y143.101 E266.7586
G1 X208.361 Y145.222 E266.85608
G1 X210.248 Y147.484 E266.95406
G1 X211.966 Y149.838 E267.05099
G1 X213.526 Y152.299 E267.1479
G1 X214.934 Y154.879 E267.24566
G1 X216.168 Y157.543 E267.34331
G1 X217.219 Y160.263 E267.44029
G1 X218.093 Y163.056 E267.53763
G1 X218.779 Y165.887 E267.63452
G1 X219.281 Y168.77 E267.73185
G1 X219.594 Y171.679 E267.82916
G1 X219.716 Y174.616 E267.92693
G1 X219.645 Y177.538 E268.02414
G1 X219.385 Y180.443 E268.12115
G1 X218.931 Y183.347 E268.21891
G1 X218.295 Y186.19 E268.31581
G1 X217.47 Y188.997 E268.41312
G1 X216.46 Y191.753 E268.51074
G1 X215.276 Y194.43 E268.6081
G1 X213.923 Y197.014 E268.70511
G1 X212.4 Y199.513 E268.80245
G1 X210.717 Y201.906 E268.89976
G1 X208.872 Y204.194 E268.99751
G1 X206.899 Y206.338 E269.09442
G1 X204.777 Y208.361 E269.19194
G1 X202.536 Y210.233 E269.28906
G1 X200.162 Y211.966 E269.38682
G1 X197.701 Y213.526 E269.48373
G1 X195.121 Y214.934 E269.58149
G1 X192.479 Y216.16 E269.67836
G1 X189.74 Y217.218 E269.77602
G1 X186.919 Y218.099 E269.87432
G1 X184.111 Y218.779 E269.97041
G1 X181.226 Y219.281 E270.06781
G1 X178.315 Y219.594 E270.16518
G1 X175.405 Y219.714 E270.26205
G1 X175.101 Y219.709 E270.27217
G1 X172.461 Y219.645 E270.36
G1 X169.557 Y219.385 E270.45697
G1 X166.646 Y218.93 E270.55497
G1 X163.806 Y218.294 E270.65177
G1 X161 Y217.469 E270.74905
G1 X158.247 Y216.461 E270.84655
G1 X155.571 Y215.276 E270.9439
G1 X152.97 Y213.913 E271.04156
G1 X150.484 Y212.398 E271.13839
G1 X148.091 Y210.715 E271.2357
G1 X145.806 Y208.872 E271.33334
G1 X143.635 Y206.872 E271.43151
G1 X141.639 Y204.778 E271.52773
G1 X139.765 Y202.533 E271.625
G1 X138.034 Y200.162 E271.72264
G1 X136.474 Y197.701 E271.81955
G1 X135.066 Y195.121 E271.91731
G1 X133.84 Y192.479 E272.01418
G1 X132.781 Y189.737 E272.11195
G1 X131.901 Y186.919 E272.21014
G1 X131.221 Y184.111 E272.30623
G1 X130.719 Y181.226 E272.40363
G1 X130.405 Y178.308 E272.50124
G1 X130.284 Y175.359 E272.59941
G1 X130.355 Y172.459 E272.69589
G1 X130.615 Y169.557 E272.7928
G1 X131.069 Y166.653 E272.89056
G1 X131.705 Y163.81 E272.98745
G1 X132.53 Y161.003 E273.08476
G1 X133.541 Y158.243 E273.18253
G1 X134.777 Y155.452 E273.28405
G1 X134.618 Y155.265 E273.29222
G1 X134.678 Y155.138 E273.29689
G1 X135.263 Y153.972 E273.34028
G1 X135.82 Y152.922 E273.37981
G1 X136.313 Y152.054 E273.41301
G1 X136.745 Y151.343 E273.44068
G1 X137.108 Y150.778 E273.46302
G1 X137.578 Y150.073 E273.4912
G1 X137.859 Y149.704 E273.50663
G1 X138.007 Y149.494 E273.51517
G1 X138.385 Y148.928 E273.53781
G1 X137.766 Y148.304 E273.56704
G1 X132.555 Y143.095 E273.8121
G1 X136.917 Y138.733 E274.01728
G1 X142.032 Y143.851 E274.25794
G1 X143.645 Y145.468 E274.33391
G1 X145.416 Y143.698 E274.41719
G1 X141.248 Y139.524 E274.61338
G1 X138.687 Y136.963 E274.73384
;MESH:NONMESH
G0 F300 X138.687 Y136.963 Z5.2
G0 F12000 X138.929 Y136.963
G0 X145.597 Y143.698
G0 X143.645 Y145.649
G0 X136.917 Y138.975
G0 X136.917 Y138.733
;TIME_ELAPSED:295.173564
;LAYER:25
;TYPE:WALL-OUTER
;MESH:Warp_Reaction_Chamber_Lens.stl
G1 F1903.6 X141.45 Y143.268 E274.94711
G1 X143.645 Y145.468 E275.05047
G1 X145.416 Y143.698 E275.13375
G1 X141.354 Y139.63 E275.32495
G1 X138.688 Y136.964 E275.45035
G1 X143.097 Y132.554 E275.65776
G1 X148.939 Y138.393 E275.93248
G1 X149.772 Y137.836 E275.96581
G1 X150.515 Y137.283 E275.99662
G1 X151.142 Y136.879 E276.02143
G1 X151.927 Y136.399 E276.05203
G1 X152.86 Y135.861 E276.08785
G1 X153.943 Y135.282 E276.1287
G1 X154.577 Y134.964 E276.15229
G1 X154.738 Y135.131 E276.16
G1 X157.521 Y133.84 E276.26204
G1 X160.26 Y132.782 E276.3597
G1 X163.056 Y131.907 E276.45714
G1 X164.62 Y131.529 E276.51066
G1 X165.413 Y131.335 E276.53781
G1 X165.889 Y131.221 E276.55409
G1 X168.801 Y130.716 E276.65239
G1 X171.685 Y130.406 E276.74886
G1 X174.611 Y130.284 E276.84627
G1 X177.538 Y130.355 E276.94365
G1 X180.443 Y130.615 E277.04066
G1 X183.347 Y131.069 E277.13842
G1 X186.194 Y131.706 E277.23545
G1 X188.999 Y132.531 E277.3327
G1 X191.753 Y133.54 E277.43025
G1 X194.43 Y134.724 E277.52761
G1 X197.014 Y136.077 E277.62462
G1 X199.513 Y137.6 E277.72196
G1 X201.906 Y139.283 E277.81926
G1 X204.194 Y141.128 E277.91702
G1 X206.338 Y143.101 E278.01393
G1 X208.361 Y145.223 E278.11144
G1 X210.233 Y147.464 E278.20856
G1 X211.966 Y149.838 E278.30632
G1 X213.526 Y152.299 E278.40323
G1 X214.934 Y154.879 E278.50099
G1 X216.169 Y157.545 E278.59871
G1 X217.219 Y160.263 E278.69563
G1 X218.093 Y163.056 E278.79296
G1 X218.779 Y165.887 E278.88985
G1 X219.281 Y168.77 E278.98718
G1 X219.594 Y171.679 E279.08449
G1 X219.716 Y174.616 E279.18226
G1 X219.645 Y177.538 E279.27948
G1 X219.385 Y180.443 E279.37648
G1 X218.931 Y183.347 E279.47424
G1 X218.295 Y186.19 E279.57114
G1 X217.47 Y188.997 E279.66845
G1 X216.46 Y191.753 E279.76608
G1 X215.276 Y194.43 E279.86343
G1 X213.923 Y197.014 E279.96045
G1 X212.4 Y199.513 E280.05778
G1 X210.717 Y201.906 E280.15509
G1 X208.872 Y204.194 E280.25285
G1 X206.899 Y206.338 E280.34975
G1 X204.777 Y208.361 E280.44727
G1 X202.536 Y210.233 E280.54439
G1 X200.162 Y211.966 E280.64215
G1 X197.701 Y213.526 E280.73906
G1 X195.121 Y214.934 E280.83682
G1 X192.479 Y216.16 E280.93369
G1 X189.74 Y217.218 E281.03135
G1 X186.944 Y218.093 E281.12879
G1 X184.111 Y218.779 E281.22574
G1 X181.226 Y219.281 E281.32314
G1 X178.315 Y219.594 E281.42052
G1 X177.247 Y219.637 E281.45607
G1 X177.139 Y219.643 E281.45967
G1 X175.361 Y219.715 E281.51885
G1 X172.46 Y219.645 E281.61537
G1 X169.557 Y219.385 E281.71231
G1 X166.646 Y218.93 E281.8103
G1 X163.806 Y218.294 E281.9071
G1 X161 Y217.469 E282.00438
G1 X158.247 Y216.461 E282.10189
G1 X155.571 Y215.276 E282.19923
G1 X152.969 Y213.913 E282.29693
G1 X150.484 Y212.398 E282.39373
G1 X148.091 Y210.715 E282.49103
G1 X145.806 Y208.872 E282.58867
G1 X143.662 Y206.899 E282.68558
G1 X141.639 Y204.777 E282.78309
G1 X139.765 Y202.533 E282.88033
G1 X138.034 Y200.162 E282.97797
G1 X136.474 Y197.701 E283.07488
G1 X135.066 Y195.121 E283.17264
G1 X133.84 Y192.479 E283.26952
G1 X132.781 Y189.737 E283.36728
G1 X131.907 Y186.944 E283.46462
G1 X131.221 Y184.111 E283.56157
G1 X130.719 Y181.226 E283.65896
G1 X130.405 Y178.308 E283.75658
G1 X130.363 Y177.247 E283.79189
G1 X130.357 Y177.139 E283.79549
G1 X130.285 Y175.369 E283.85441
G1 X130.355 Y172.459 E283.95123
G1 X130.615 Y169.557 E284.04813
G1 X131.069 Y166.653 E284.14589
G1 X131.705 Y163.81 E284.24279
G1 X132.53 Y161.003 E284.3401
G1 X133.541 Y158.243 E284.43786
G1 X134.777 Y155.452 E284.53939
G1 X134.616 Y155.264 E284.54762
G1 X135.26 Y153.977 E284.59549
G1 X135.813 Y152.934 E284.63475
G1 X136.298 Y152.077 E284.6675
G1 X136.721 Y151.379 E284.69465
G1 X137.075 Y150.827 E284.71646
G1 X137.566 Y150.09 E284.74591
G1 X137.905 Y149.646 E284.76449
G1 X138.341 Y148.993 E284.79061
G1 X138.213 Y148.848 E284.79704
G1 X132.507 Y143.143 E285.06541
G1 X136.917 Y138.733 E285.27284
;MESH:NONMESH
G0 F300 X136.917 Y138.733 Z5.4
G0 F12000 X136.917 Y138.975
G0 X143.645 Y145.649
G0 X145.597 Y143.698
G0 X138.93 Y136.964
G0 X138.687 Y136.963
;TIME_ELAPSED:306.284413
;LAYER:26
;TYPE:WALL-OUTER
;MESH:Warp_Reaction_Chamber_Lens.stl
G1 F1903.8 X143.141 Y132.509 E285.48235
G1 X148.99 Y138.36 E285.75751
G1 X149.77 Y137.837 E285.78875
G1 X150.525 Y137.277 E285.82001
G1 X151.142 Y136.879 E285.84443
G1 X151.927 Y136.399 E285.87504
G1 X152.86 Y135.861 E285.91086
G1 X153.943 Y135.282 E285.9517
G1 X154.576 Y134.963 E285.97528
G1 X154.738 Y135.131 E285.98304
G1 X157.521 Y133.84 E286.08508
G1 X160.26 Y132.782 E286.18274
G1 X163.056 Y131.907 E286.28018
G1 X164.036 Y131.671 E286.31371
G1 X165.428 Y131.331 E286.36137
G1 X165.887 Y131.221 E286.37707
G1 X168.774 Y130.719 E286.47453
G1 X171.685 Y130.406 E286.57191
G1 X174.611 Y130.284 E286.66931
G1 X177.539 Y130.355 E286.76672
G1 X180.443 Y130.615 E286.8637
G1 X183.347 Y131.069 E286.96146
G1 X186.194 Y131.706 E287.05849
G1 X188.999 Y132.531 E287.15574
G1 X191.753 Y133.54 E287.25329
G1 X194.43 Y134.724 E287.35065
G1 X197.014 Y136.077 E287.44766
G1 X199.513 Y137.6 E287.545
G1 X201.906 Y139.283 E287.6423
G1 X204.194 Y141.128 E287.74006
G1 X206.338 Y143.101 E287.83697
G1 X208.361 Y145.223 E287.93448
G1 X210.233 Y147.464 E288.0316
G1 X211.966 Y149.838 E288.12936
G1 X213.526 Y152.299 E288.22627
G1 X214.934 Y154.879 E288.32403
G1 X216.17 Y157.547 E288.42183
G1 X217.219 Y160.263 E288.51867
G1 X218.093 Y163.056 E288.61601
G1 X218.779 Y165.887 E288.71289
G1 X219.281 Y168.77 E288.81022
G1 X219.594 Y171.679 E288.90753
G1 X219.716 Y174.616 E289.0053
G1 X219.645 Y177.539 E289.10255
G1 X219.385 Y180.443 E289.19952
G1 X218.931 Y183.347 E289.29729
G1 X218.295 Y186.19 E289.39418
G1 X217.47 Y188.997 E289.49149
G1 X216.46 Y191.753 E289.58912
G1 X215.276 Y194.43 E289.68648
G1 X213.923 Y197.014 E289.78349
G1 X212.4 Y199.513 E289.88082
G1 X210.717 Y201.906 E289.97813
G1 X208.872 Y204.194 E290.07589
G1 X206.899 Y206.338 E290.1728
G1 X204.777 Y208.361 E290.27031
G1 X202.536 Y210.233 E290.36743
G1 X200.162 Y211.966 E290.46519
G1 X197.701 Y213.526 E290.5621
G1 X195.121 Y214.934 E290.65986
G1 X192.479 Y216.16 E290.75673
G1 X189.74 Y217.218 E290.85439
G1 X186.915 Y218.1 E290.95282
G1 X184.111 Y218.779 E291.04878
G1 X181.226 Y219.281 E291.14618
G1 X178.315 Y219.594 E291.24356
G1 X175.363 Y219.715 E291.34182
G1 X172.461 Y219.645 E291.43837
G1 X169.557 Y219.385 E291.53535
G1 X166.646 Y218.93 E291.63334
G1 X163.778 Y218.286 E291.73111
G1 X161 Y217.469 E291.82742
G1 X158.247 Y216.461 E291.92493
G1 X155.57 Y215.276 E292.0223
G1 X152.983 Y213.921 E292.11943
G1 X150.484 Y212.398 E292.21677
G1 X148.091 Y210.715 E292.31407
G1 X145.806 Y208.872 E292.41171
G1 X143.662 Y206.899 E292.50862
G1 X141.639 Y204.777 E292.60613
G1 X139.765 Y202.533 E292.70337
G1 X138.034 Y200.162 E292.80101
G1 X136.474 Y197.701 E292.89792
G1 X135.066 Y195.121 E292.99568
G1 X133.84 Y192.479 E293.09255
G1 X132.781 Y189.737 E293.19032
G1 X131.9 Y186.915 E293.28865
G1 X131.221 Y184.111 E293.3846
G1 X130.719 Y181.226 E293.482
G1 X130.405 Y178.308 E293.57961
G1 X130.364 Y177.281 E293.6138
G1 X130.284 Y175.384 E293.67695
G1 X130.355 Y172.459 E293.77426
G1 X130.615 Y169.557 E293.87117
G1 X131.069 Y166.653 E293.96893
G1 X131.705 Y163.81 E294.06583
G1 X132.53 Y161.003 E294.16314
G1 X133.541 Y158.243 E294.2609
G1 X134.777 Y155.452 E294.36243
G1 X134.616 Y155.263 E294.37068
G1 X134.679 Y155.133 E294.37549
G1 X135.257 Y153.981 E294.41836
G1 X135.805 Y152.944 E294.45737
G1 X136.283 Y152.099 E294.48966
G1 X136.693 Y151.419 E294.51607
G1 X137.042 Y150.877 E294.53751
G1 X137.557 Y150.106 E294.56835
G1 X137.915 Y149.631 E294.58813
G1 X138.312 Y149.037 E294.61189
G1 X137.14 Y147.861 E294.66711
G1 X135.777 Y146.501 E294.73115
G1 X132.465 Y143.186 E294.88701
G1 X136.917 Y138.733 E295.09644
G1 X142.032 Y143.851 E295.33711
G1 X143.645 Y145.468 E295.41307
G1 X145.416 Y143.698 E295.49635
G1 X141.461 Y139.737 E295.68252
G1 X138.687 Y136.963 E295.813
;TIME_ELAPSED:316.681798
;LAYER:27
;MESH:Warp_Reaction_Chamber_Lens.stl
G0 F12000 X138.687 Y136.963 Z5.6
;TYPE:WALL-OUTER
G1 F1901.5 X143.179 Y132.471 E296.02429
G1 X149.036 Y138.328 E296.29979
G1 X149.769 Y137.839 E296.3291
G1 X150.518 Y137.282 E296.36014
G1 X151.142 Y136.879 E296.38485
G1 X151.927 Y136.399 E296.41545
G1 X152.86 Y135.861 E296.45127
G1 X153.943 Y135.282 E296.49212
G1 X154.576 Y134.963 E296.51569
G1 X154.738 Y135.131 E296.52346
G1 X157.521 Y133.84 E296.62549
G1 X160.26 Y132.782 E296.72315
G1 X163.056 Y131.907 E296.8206
G1 X165.889 Y131.221 E296.91755
G1 X168.774 Y130.719 E297.01494
G1 X171.685 Y130.406 E297.11232
G1 X174.611 Y130.284 E297.20972
G1 X177.539 Y130.355 E297.30714
G1 X180.443 Y130.615 E297.40411
G1 X183.347 Y131.069 E297.50187
G1 X186.194 Y131.706 E297.59891
G1 X188.999 Y132.531 E297.69615
G1 X191.753 Y133.54 E297.79371
G1 X194.43 Y134.724 E297.89106
G1 X197.014 Y136.077 E297.98808
G1 X199.513 Y137.6 E298.08541
G1 X201.906 Y139.283 E298.18272
G1 X204.194 Y141.128 E298.28048
G1 X206.338 Y143.101 E298.37738
G1 X208.361 Y145.223 E298.4749
G1 X210.233 Y147.464 E298.57202
G1 X211.966 Y149.838 E298.66978
G1 X213.526 Y152.299 E298.76669
G1 X214.934 Y154.879 E298.86445
G1 X216.171 Y157.549 E298.96232
G1 X217.219 Y160.263 E299.05908
G1 X218.093 Y163.056 E299.15642
G1 X218.779 Y165.887 E299.2533
G1 X219.281 Y168.77 E299.35064
G1 X219.594 Y171.679 E299.44795
G1 X219.716 Y174.616 E299.54572
G1 X219.645 Y177.539 E299.64297
G1 X219.385 Y180.443 E299.73994
G1 X218.931 Y183.347 E299.8377
G1 X218.295 Y186.19 E299.9346
G1 X217.47 Y188.997 E300.03191
G1 X216.46 Y191.753 E300.12953
G1 X215.276 Y194.43 E300.22689
G1 X213.923 Y197.014 E300.3239
G1 X212.4 Y199.513 E300.42124
G1 X210.717 Y201.906 E300.51854
G1 X208.872 Y204.194 E300.6163
G1 X206.899 Y206.338 E300.71321
G1 X204.777 Y208.361 E300.81072
G1 X202.536 Y210.233 E300.90784
G1 X200.162 Y211.966 E301.0056
G1 X197.701 Y213.526 E301.10252
G1 X195.121 Y214.934 E301.20027
G1 X192.479 Y216.16 E301.29715
G1 X189.74 Y217.218 E301.39481
G1 X186.944 Y218.093 E301.49225
G1 X184.111 Y218.779 E301.5892
G1 X181.226 Y219.281 E301.6866
G1 X178.315 Y219.594 E301.78397
G1 X175.361 Y219.715 E301.88231
G1 X172.461 Y219.645 E301.97879
G1 X169.557 Y219.385 E302.07576
G1 X166.647 Y218.93 E302.17373
G1 X163.806 Y218.294 E302.27056
G1 X161 Y217.469 E302.36784
G1 X158.247 Y216.461 E302.46535
G1 X155.57 Y215.276 E302.56272
G1 X152.983 Y213.921 E302.65985
G1 X150.484 Y212.398 E302.75718
G1 X148.091 Y210.715 E302.85449
G1 X145.806 Y208.872 E302.95213
G1 X143.662 Y206.899 E303.04904
G1 X141.639 Y204.777 E303.14655
G1 X139.765 Y202.533 E303.24379
G1 X138.034 Y200.162 E303.34143
G1 X136.474 Y197.701 E303.43834
G1 X135.066 Y195.121 E303.5361
G1 X133.84 Y192.479 E303.63297
G1 X132.781 Y189.737 E303.73074
G1 X131.907 Y186.944 E303.82808
G1 X131.221 Y184.111 E303.92502
G1 X130.719 Y181.226 E304.02242
G1 X130.524 Y179.407 E304.08327
G1 X130.517 Y179.356 E304.08498
G1 X130.405 Y178.308 E304.12004
G1 X130.284 Y175.384 E304.21737
G1 X130.355 Y172.459 E304.31469
G1 X130.615 Y169.557 E304.41159
G1 X131.069 Y166.653 E304.50935
G1 X131.705 Y163.81 E304.60625
G1 X132.53 Y161.003 E304.70356
G1 X133.541 Y158.243 E304.80132
G1 X134.777 Y155.452 E304.90285
G1 X134.616 Y155.262 E304.91113
G1 X134.679 Y155.131 E304.91597
G1 X135.254 Y153.985 E304.95861
G1 X135.797 Y152.955 E304.99734
G1 X136.268 Y152.122 E305.02917
G1 X136.669 Y151.456 E305.05502
G1 X137.008 Y150.926 E305.07595
G1 X137.564 Y150.094 E305.10923
G1 X137.966 Y149.555 E305.13159
G1 X138.281 Y149.084 E305.15044
G1 X132.425 Y143.225 E305.42596
G1 X136.917 Y138.733 E305.63725
G1 X141.265 Y143.083 E305.84181
G1 X143.645 Y145.468 E305.95388
G1 X145.416 Y143.698 E306.03716
G1 X141.567 Y139.843 E306.21834
G1 X138.687 Y136.963 E306.35381
;TIME_ELAPSED:327.174169
;LAYER:28
;MESH:Warp_Reaction_Chamber_Lens.stl
G0 F12000 X138.687 Y136.963 Z5.8
;TYPE:WALL-OUTER
G1 F1901.6 X143.215 Y132.435 E306.56679
G1 X149.078 Y138.301 E306.84264
G1 X149.764 Y137.842 E306.87009
G1 X150.518 Y137.282 E306.90133
G1 X151.141 Y136.88 E306.92599
G1 X151.927 Y136.399 E306.95664
G1 X152.86 Y135.861 E306.99246
G1 X153.943 Y135.281 E307.03332
G1 X154.574 Y134.962 E307.05684
G1 X154.738 Y135.131 E307.06467
G1 X157.521 Y133.84 E307.16671
G1 X160.26 Y132.782 E307.26437
G1 X163.056 Y131.907 E307.36181
G1 X164.024 Y131.674 E307.39493
G1 X165.457 Y131.324 E307.44399
G1 X165.887 Y131.221 E307.4587
G1 X168.774 Y130.719 E307.55616
G1 X171.685 Y130.406 E307.65354
G1 X174.611 Y130.284 E307.75094
G1 X177.539 Y130.355 E307.84836
G1 X180.443 Y130.615 E307.94533
G1 X183.347 Y131.069 E308.04309
G1 X186.194 Y131.706 E308.14012
G1 X188.999 Y132.531 E308.23737
G1 X191.753 Y133.54 E308.33492
G1 X194.43 Y134.724 E308.43228
G1 X197.014 Y136.077 E308.52929
G1 X199.513 Y137.6 E308.62663
G1 X201.906 Y139.283 E308.72393
G1 X204.194 Y141.128 E308.82169
G1 X206.338 Y143.101 E308.9186
G1 X208.361 Y145.223 E309.01611
G1 X210.233 Y147.464 E309.11323
G1 X211.966 Y149.838 E309.21099
G1 X213.526 Y152.299 E309.30791
G1 X214.934 Y154.879 E309.40566
G1 X216.16 Y157.521 E309.50254
G1 X217.219 Y160.263 E309.6003
G1 X218.093 Y163.056 E309.69764
G1 X218.779 Y165.887 E309.79452
G1 X219.281 Y168.77 E309.89186
G1 X219.594 Y171.679 E309.98917
G1 X219.716 Y174.616 E310.08694
G1 X219.645 Y177.539 E310.18419
G1 X219.385 Y180.443 E310.28116
G1 X218.931 Y183.347 E310.37892
G1 X218.295 Y186.19 E310.47582
G1 X217.47 Y188.997 E310.57313
G1 X216.46 Y191.753 E310.67075
G1 X215.276 Y194.43 E310.76811
G1 X213.923 Y197.014 E310.86512
G1 X212.4 Y199.513 E310.96246
G1 X210.717 Y201.906 E311.05976
G1 X208.872 Y204.194 E311.15752
G1 X206.899 Y206.338 E311.25443
G1 X204.777 Y208.361 E311.35194
G1 X202.536 Y210.233 E311.44906
G1 X200.162 Y211.966 E311.54682
G1 X197.701 Y213.526 E311.64374
G1 X195.121 Y214.934 E311.74149
G1 X192.479 Y216.16 E311.83837
G1 X189.74 Y217.218 E311.93603
G1 X186.944 Y218.093 E312.03347
G1 X184.111 Y218.779 E312.13042
G1 X181.226 Y219.281 E312.22782
G1 X178.315 Y219.594 E312.32519
G1 X175.355 Y219.715 E312.42373
G1 X172.461 Y219.645 E312.52001
G1 X169.557 Y219.385 E312.61698
G1 X166.647 Y218.93 E312.71495
G1 X163.806 Y218.294 E312.81178
G1 X161 Y217.469 E312.90905
G1 X158.247 Y216.461 E313.00656
G1 X155.571 Y215.276 E313.10391
G1 X152.966 Y213.911 E313.20172
G1 X150.484 Y212.398 E313.2984
G1 X148.091 Y210.715 E313.39571
G1 X145.806 Y208.872 E313.49335
G1 X143.662 Y206.899 E313.59026
G1 X141.639 Y204.777 E313.68777
G1 X139.765 Y202.533 E313.78501
G1 X138.034 Y200.162 E313.88265
G1 X136.474 Y197.701 E313.97956
G1 X135.066 Y195.121 E314.07732
G1 X133.84 Y192.479 E314.17419
G1 X132.781 Y189.737 E314.27196
G1 X131.907 Y186.944 E314.36929
G1 X131.221 Y184.111 E314.46624
G1 X130.719 Y181.226 E314.56364
G1 X130.405 Y178.308 E314.66125
G1 X130.367 Y177.345 E314.69331
G1 X130.286 Y175.402 E314.75799
G1 X130.285 Y175.363 E314.75929
G1 X130.355 Y172.459 E314.8559
G1 X130.615 Y169.557 E314.95281
G1 X131.069 Y166.653 E315.05057
G1 X131.705 Y163.81 E315.14746
G1 X132.53 Y161.003 E315.24477
G1 X133.541 Y158.243 E315.34254
G1 X134.777 Y155.452 E315.44406
G1 X134.616 Y155.262 E315.45235
G1 X134.68 Y155.129 E315.45725
G1 X135.25 Y153.99 E315.49962
G1 X135.79 Y152.966 E315.53812
G1 X136.256 Y152.14 E315.56966
G1 X136.649 Y151.486 E315.59504
G1 X136.991 Y150.952 E315.61613
G1 X137.589 Y150.057 E315.65193
G1 X137.939 Y149.596 E315.67118
G1 X138.253 Y149.126 E315.68998
G1 X135.289 Y146.16 E315.82945
G1 X133.813 Y144.686 E315.89883
G1 X132.391 Y143.26 E315.96581
G1 X136.917 Y138.733 E316.17872
G1 X141.235 Y143.053 E316.38187
G1 X143.645 Y145.468 E316.49535
G1 X145.416 Y143.698 E316.57863
G1 X141.605 Y139.881 E316.75803
G1 X138.687 Y136.963 E316.89528
;TIME_ELAPSED:337.666607
;LAYER:29
;MESH:Warp_Reaction_Chamber_Lens.stl
G0 F12000 X138.687 Y136.963 Z6
;TYPE:WALL-OUTER
G1 F1901.7 X143.245 Y132.405 E317.10968
G1 X149.116 Y138.276 E317.38583
G1 X149.74 Y137.857 E317.41083
G1 X150.503 Y137.291 E317.44243
G1 X151.137 Y136.882 E317.46752
G1 X151.927 Y136.399 E317.49832
G1 X152.86 Y135.861 E317.53414
G1 X153.943 Y135.281 E317.575
G1 X154.574 Y134.962 E317.59852
G1 X154.738 Y135.131 E317.60635
G1 X157.521 Y133.84 E317.70839
G1 X160.26 Y132.782 E317.80605
G1 X163.056 Y131.907 E317.90349
G1 X165.889 Y131.221 E318.00044
G1 X168.774 Y130.719 E318.09784
G1 X171.685 Y130.406 E318.19522
G1 X174.611 Y130.284 E318.29262
G1 X176.365 Y130.326 E318.35097
G1 X176.423 Y130.329 E318.35291
G1 X177.539 Y130.355 E318.39003
G1 X180.443 Y130.615 E318.48701
G1 X183.347 Y131.069 E318.58477
G1 X186.194 Y131.706 E318.6818
G1 X188.999 Y132.531 E318.77905
G1 X191.753 Y133.54 E318.8766
G1 X194.43 Y134.724 E318.97396
G1 X197.014 Y136.077 E319.07097
G1 X199.513 Y137.6 E319.16831
G1 X201.906 Y139.283 E319.26561
G1 X204.194 Y141.128 E319.36337
G1 X206.338 Y143.101 E319.46028
G1 X208.361 Y145.223 E319.55779
G1 X210.233 Y147.464 E319.65491
G1 X211.966 Y149.838 E319.75267
G1 X213.526 Y152.299 E319.84958
G1 X214.934 Y154.879 E319.94734
G1 X216.16 Y157.521 E320.04421
G1 X217.219 Y160.263 E320.14198
G1 X218.093 Y163.056 E320.23932
G1 X218.779 Y165.887 E320.3362
G1 X219.281 Y168.77 E320.43353
G1 X219.594 Y171.679 E320.53085
G1 X219.716 Y174.616 E320.62861
G1 X219.674 Y176.365 E320.6868
G1 X219.671 Y176.423 E320.68874
G1 X219.645 Y177.539 E320.72586
G1 X219.385 Y180.443 E320.82284
G1 X218.931 Y183.347 E320.9206
G1 X218.295 Y186.19 E321.01749
G1 X217.47 Y188.997 E321.1148
G1 X216.46 Y191.753 E321.21243
G1 X215.276 Y194.43 E321.30979
G1 X213.923 Y197.014 E321.4068
G1 X212.4 Y199.513 E321.50414
G1 X210.717 Y201.906 E321.60144
G1 X208.872 Y204.194 E321.6992
G1 X206.899 Y206.338 E321.79611
G1 X204.777 Y208.361 E321.89362
G1 X202.536 Y210.233 E321.99074
G1 X200.162 Y211.966 E322.0885
G1 X197.701 Y213.526 E322.18541
G1 X195.121 Y214.934 E322.28317
G1 X192.479 Y216.16 E322.38004
G1 X189.74 Y217.218 E322.4777
G1 X186.944 Y218.093 E322.57515
G1 X184.111 Y218.779 E322.6721
G1 X181.226 Y219.281 E322.76949
G1 X178.315 Y219.594 E322.86687
G1 X175.353 Y219.715 E322.96547
G1 X172.461 Y219.645 E323.06169
G1 X169.557 Y219.385 E323.15866
G1 X166.647 Y218.93 E323.25662
G1 X163.806 Y218.294 E323.35345
G1 X161 Y217.469 E323.45073
G1 X158.247 Y216.461 E323.54824
G1 X155.57 Y215.276 E323.64561
G1 X152.983 Y213.921 E323.74275
G1 X150.484 Y212.398 E323.84008
G1 X148.091 Y210.715 E323.93739
G1 X145.806 Y208.872 E324.03503
G1 X143.662 Y206.899 E324.13194
G1 X141.639 Y204.777 E324.22945
G1 X139.765 Y202.533 E324.32669
G1 X138.034 Y200.162 E324.42433
G1 X136.474 Y197.701 E324.52124
G1 X135.066 Y195.121 E324.619
G1 X133.84 Y192.479 E324.71587
G1 X132.781 Y189.737 E324.81363
G1 X131.907 Y186.944 E324.91097
G1 X131.221 Y184.111 E325.00792
G1 X130.719 Y181.226 E325.10532
G1 X130.405 Y178.308 E325.20293
G1 X130.285 Y175.361 E325.30103
G1 X130.355 Y172.459 E325.39758
G1 X130.615 Y169.557 E325.49449
G1 X131.069 Y166.653 E325.59225
G1 X131.705 Y163.81 E325.68914
G1 X132.53 Y161.003 E325.78645
G1 X133.541 Y158.243 E325.88422
G1 X134.777 Y155.452 E325.98574
G1 X134.616 Y155.262 E325.99402
G1 X134.68 Y155.129 E325.99893
G1 X135.248 Y153.993 E326.04118
G1 X135.784 Y152.974 E326.07947
G1 X136.245 Y152.156 E326.1107
G1 X136.633 Y151.512 E326.13571
G1 X136.956 Y151.005 E326.1557
G1 X137.612 Y150.022 E326.19501
G1 X137.95 Y149.579 E326.21354
G1 X138.228 Y149.163 E326.23018
G1 X136.197 Y147.128 E326.32581
G1 X132.359 Y143.291 E326.50631
G1 X136.917 Y138.733 E326.72071
G1 X141.235 Y143.053 E326.92386
G1 X143.645 Y145.468 E327.03734
G1 X145.416 Y143.698 E327.12062
G1 X142.358 Y140.634 E327.2646
G1 X138.687 Y136.963 E327.43727
;MESH:NONMESH
G0 F300 X138.687 Y136.963 Z6.2
G0 F12000 X138.929 Y136.963
G0 X145.597 Y143.698
G0 X143.645 Y145.649
G0 X136.917 Y138.975
G0 X136.917 Y138.733
;TIME_ELAPSED:348.873486
;LAYER:30
;TYPE:WALL-OUTER
;MESH:Warp_Reaction_Chamber_Lens.stl
G1 F1904.2 X140.966 Y142.783 E327.62775
G1 X143.645 Y145.468 E327.7539
G1 X145.416 Y143.698 E327.83718
G1 X138.688 Y136.963 E328.15381
G1 X143.272 Y132.379 E328.36942
G1 X147.958 Y137.067 E328.58989
G1 X148.512 Y137.617 E328.61585
G1 X148.576 Y137.684 E328.61893
G1 X149.148 Y138.254 E328.64579
G1 X149.717 Y137.873 E328.66857
G1 X150.488 Y137.301 E328.7005
G1 X151.133 Y136.885 E328.72602
G1 X151.927 Y136.399 E328.75699
G1 X152.86 Y135.861 E328.79281
G1 X153.943 Y135.281 E328.83367
G1 X154.574 Y134.962 E328.85719
G1 X154.738 Y135.131 E328.86502
G1 X157.521 Y133.84 E328.96706
G1 X160.26 Y132.782 E329.06472
G1 X163.056 Y131.907 E329.16216
G1 X164.011 Y131.677 E329.19483
G1 X165.486 Y131.317 E329.24533
G1 X165.887 Y131.221 E329.25904
G1 X168.774 Y130.719 E329.35651
G1 X171.685 Y130.406 E329.45388
G1 X174.611 Y130.284 E329.55129
G1 X177.539 Y130.355 E329.6487
G1 X180.443 Y130.615 E329.74568
G1 X183.347 Y131.069 E329.84344
G1 X186.194 Y131.706 E329.94047
G1 X188.999 Y132.531 E330.03772
G1 X191.753 Y133.54 E330.13527
G1 X194.43 Y134.724 E330.23263
G1 X197.014 Y136.077 E330.32964
G1 X199.513 Y137.6 E330.42697
G1 X201.906 Y139.283 E330.52428
G1 X204.194 Y141.128 E330.62204
G1 X206.338 Y143.101 E330.71895
G1 X208.361 Y145.223 E330.81646
G1 X210.233 Y147.464 E330.91358
G1 X211.966 Y149.838 E331.01134
G1 X213.526 Y152.299 E331.10825
G1 X214.934 Y154.879 E331.20601
G1 X216.16 Y157.521 E331.30288
G1 X217.219 Y160.263 E331.40065
G1 X218.093 Y163.056 E331.49799
G1 X218.779 Y165.887 E331.59487
G1 X219.281 Y168.77 E331.6922
G1 X219.594 Y171.679 E331.78951
G1 X219.716 Y174.616 E331.88728
G1 X219.645 Y177.539 E331.98453
G1 X219.385 Y180.443 E332.0815
G1 X218.931 Y183.347 E332.17927
G1 X218.295 Y186.19 E332.27616
G1 X217.47 Y188.997 E332.37347
G1 X216.46 Y191.753 E332.4711
G1 X215.276 Y194.43 E332.56845
G1 X213.923 Y197.014 E332.66547
G1 X212.4 Y199.513 E332.7628
G1 X210.717 Y201.906 E332.86011
G1 X208.872 Y204.194 E332.95787
G1 X206.899 Y206.338 E333.05478
G1 X204.777 Y208.361 E333.15229
G1 X202.536 Y210.233 E333.24941
G1 X200.162 Y211.966 E333.34717
G1 X197.701 Y213.526 E333.44408
G1 X195.121 Y214.934 E333.54184
G1 X192.479 Y216.16 E333.63871
G1 X189.74 Y217.218 E333.73637
G1 X186.944 Y218.093 E333.83381
G1 X184.111 Y218.779 E333.93076
G1 X181.226 Y219.281 E334.02816
G1 X178.315 Y219.594 E334.12554
G1 X175.354 Y219.715 E334.2241
G1 X172.461 Y219.645 E334.32035
G1 X169.557 Y219.385 E334.41733
G1 X166.647 Y218.93 E334.51529
G1 X163.806 Y218.294 E334.61212
G1 X161 Y217.469 E334.7094
G1 X158.247 Y216.461 E334.80691
G1 X155.57 Y215.276 E334.90428
G1 X152.983 Y213.921 E335.00141
G1 X150.484 Y212.398 E335.09875
G1 X148.091 Y210.715 E335.19605
G1 X145.806 Y208.872 E335.29369
G1 X143.662 Y206.899 E335.3906
G1 X141.639 Y204.777 E335.48811
G1 X139.765 Y202.533 E335.58535
G1 X138.034 Y200.162 E335.68299
G1 X136.474 Y197.701 E335.77991
G1 X135.066 Y195.121 E335.87766
G1 X133.84 Y192.479 E335.97454
G1 X132.781 Y189.737 E336.0723
G1 X131.907 Y186.944 E336.16964
G1 X131.221 Y184.111 E336.26659
G1 X130.719 Y181.226 E336.36399
G1 X130.405 Y178.308 E336.4616
G1 X130.284 Y175.384 E336.55894
G1 X130.355 Y172.459 E336.65625
G1 X130.615 Y169.557 E336.75316
G1 X131.069 Y166.653 E336.85092
G1 X131.705 Y163.81 E336.94781
G1 X132.53 Y161.003 E337.04512
G1 X133.541 Y158.243 E337.14289
G1 X134.777 Y155.452 E337.24441
G1 X134.616 Y155.262 E337.25269
G1 X134.679 Y155.129 E337.25759
G1 X135.246 Y153.996 E337.29973
G1 X135.779 Y152.982 E337.33783
G1 X136.234 Y152.172 E337.36873
G1 X136.616 Y151.537 E337.39338
G1 X136.933 Y151.039 E337.41301
G1 X137.629 Y149.998 E337.45466
G1 X137.96 Y149.565 E337.47279
G1 X138.207 Y149.195 E337.48758
G1 X136.944 Y147.929 E337.54706
G1 X135.65 Y146.637 E337.60788
G1 X132.332 Y143.318 E337.76397
G1 X136.917 Y138.733 E337.97964
;MESH:NONMESH
G0 F300 X136.917 Y138.733 Z6.4
G0 F12000 X136.917 Y138.975
G0 X143.645 Y145.649
G0 X145.597 Y143.698
G0 X138.93 Y136.963
G0 X138.687 Y136.963
;TIME_ELAPSED:359.985237
;LAYER:31
;TYPE:WALL-OUTER
;MESH:Warp_Reaction_Chamber_Lens.stl
G1 F1904.3 X143.294 Y132.356 E338.19634
G1 X144.717 Y133.781 E338.26332
G1 X149.175 Y138.237 E338.47296
G1 X149.695 Y137.889 E338.49377
G1 X150.467 Y137.315 E338.52577
G1 X151.13 Y136.887 E338.55202
G1 X151.927 Y136.399 E338.5831
G1 X152.86 Y135.861 E338.61892
G1 X153.943 Y135.281 E338.65978
G1 X154.574 Y134.962 E338.6833
G1 X154.738 Y135.131 E338.69113
G1 X157.521 Y133.84 E338.79317
G1 X160.26 Y132.782 E338.89083
G1 X163.056 Y131.907 E338.98827
G1 X164.852 Y131.473 E339.04973
G1 X164.934 Y131.451 E339.05255
G1 X165.889 Y131.221 E339.08522
G1 X168.774 Y130.719 E339.18262
G1 X171.685 Y130.406 E339.28
G1 X174.611 Y130.284 E339.3774
G1 X177.539 Y130.355 E339.47481
G1 X180.443 Y130.615 E339.57179
G1 X183.347 Y131.069 E339.66955
G1 X186.194 Y131.706 E339.76658
G1 X188.999 Y132.531 E339.86383
G1 X191.753 Y133.54 E339.96138
G1 X194.43 Y134.724 E340.05874
G1 X197.014 Y136.077 E340.15575
G1 X199.513 Y137.6 E340.25309
G1 X201.906 Y139.283 E340.35039
G1 X204.194 Y141.128 E340.44815
G1 X206.338 Y143.101 E340.54506
G1 X208.361 Y145.223 E340.64257
G1 X210.233 Y147.464 E340.73969
G1 X211.966 Y149.838 E340.83745
G1 X213.526 Y152.299 E340.93436
G1 X214.934 Y154.879 E341.03212
G1 X216.16 Y157.521 E341.12899
G1 X217.219 Y160.263 E341.22676
G1 X218.093 Y163.056 E341.3241
G1 X218.779 Y165.887 E341.42098
G1 X219.281 Y168.77 E341.51831
G1 X219.594 Y171.679 E341.61563
G1 X219.716 Y174.616 E341.71339
G1 X219.645 Y177.539 E341.81064
G1 X219.385 Y180.443 E341.90762
G1 X218.931 Y183.347 E342.00538
G1 X218.295 Y186.19 E342.10227
G1 X217.47 Y188.997 E342.19958
G1 X216.46 Y191.753 E342.29721
G1 X215.276 Y194.43 E342.39457
G1 X213.923 Y197.014 E342.49158
G1 X212.4 Y199.513 E342.58892
G1 X210.717 Y201.906 E342.68622
G1 X208.872 Y204.194 E342.78398
G1 X206.899 Y206.338 E342.88089
G1 X204.777 Y208.361 E342.9784
G1 X202.536 Y210.233 E343.07552
G1 X200.162 Y211.966 E343.17328
G1 X197.701 Y213.526 E343.27019
G1 X195.121 Y214.934 E343.36795
G1 X192.479 Y216.16 E343.46482
G1 X189.74 Y217.218 E343.56248
G1 X186.944 Y218.093 E343.65993
G1 X184.111 Y218.779 E343.75688
G1 X181.226 Y219.281 E343.85427
G1 X178.315 Y219.594 E343.95165
G1 X175.405 Y219.715 E344.04852
G1 X174.923 Y219.705 E344.06456
G1 X172.461 Y219.645 E344.14647
G1 X169.557 Y219.385 E344.24344
G1 X166.648 Y218.931 E344.34137
G1 X163.806 Y218.294 E344.43824
G1 X161 Y217.469 E344.53552
G1 X158.247 Y216.461 E344.63303
G1 X155.57 Y215.276 E344.7304
G1 X152.983 Y213.921 E344.82753
G1 X150.484 Y212.398 E344.92486
G1 X148.091 Y210.715 E345.02217
G1 X145.806 Y208.872 E345.11981
G1 X143.662 Y206.899 E345.21672
G1 X141.639 Y204.777 E345.31423
G1 X139.765 Y202.533 E345.41147
G1 X138.034 Y200.162 E345.50911
G1 X136.474 Y197.701 E345.60602
G1 X135.066 Y195.121 E345.70378
G1 X133.84 Y192.479 E345.80065
G1 X132.781 Y189.737 E345.89842
G1 X131.907 Y186.944 E345.99575
G1 X131.221 Y184.111 E346.0927
G1 X130.719 Y181.226 E346.1901
G1 X130.405 Y178.308 E346.28771
G1 X130.371 Y177.442 E346.31654
G1 X130.284 Y175.384 E346.38505
G1 X130.355 Y172.459 E346.48237
G1 X130.615 Y169.557 E346.57927
G1 X131.069 Y166.653 E346.67703
G1 X131.705 Y163.81 E346.77393
G1 X132.53 Y161.003 E346.87124
G1 X133.541 Y158.243 E346.969
G1 X134.777 Y155.452 E347.07053
G1 X134.615 Y155.262 E347.07883
G1 X134.679 Y155.129 E347.08374
G1 X135.244 Y153.999 E347.12576
G1 X135.774 Y152.99 E347.16367
G1 X136.223 Y152.188 E347.19424
G1 X136.599 Y151.562 E347.21853
G1 X136.908 Y151.076 E347.23768
G1 X137.637 Y149.985 E347.28132
G1 X137.97 Y149.551 E347.29952
G1 X138.189 Y149.22 E347.31272
G1 X132.31 Y143.34 E347.58927
G1 X136.917 Y138.733 E347.80597
G1 X141.235 Y143.053 E348.00912
G1 X143.645 Y145.468 E348.1226
G1 X145.416 Y143.698 E348.20588
G1 X141.197 Y139.473 E348.40447
G1 X138.687 Y136.963 E348.52253
;MESH:NONMESH
G0 F300 X138.687 Y136.963 Z6.6
G0 F12000 X138.929 Y136.963
G0 X145.597 Y143.698
G0 X143.645 Y145.649
G0 X136.917 Y138.975
G0 X136.917 Y138.733
;TIME_ELAPSED:371.097158
;LAYER:32
;TYPE:WALL-OUTER
;MESH:Warp_Reaction_Chamber_Lens.stl
G1 F1904.3 X141.235 Y143.053 E348.72568
G1 X143.645 Y145.468 E348.83916
G1 X145.416 Y143.698 E348.92244
G1 X138.688 Y136.963 E349.23907
G1 X143.312 Y132.338 E349.45659
G1 X144.737 Y133.762 E349.5236
G1 X144.973 Y134.001 E349.53477
G1 X149.196 Y138.223 E349.73338
G1 X149.66 Y137.912 E349.75196
G1 X150.459 Y137.32 E349.78503
G1 X151.173 Y136.861 E349.81327
G1 X151.927 Y136.399 E349.84268
G1 X152.86 Y135.861 E349.8785
G1 X153.943 Y135.281 E349.91936
G1 X154.574 Y134.962 E349.94288
G1 X154.738 Y135.131 E349.95071
G1 X157.521 Y133.84 E350.05275
G1 X160.26 Y132.782 E350.15041
G1 X163.056 Y131.907 E350.24785
G1 X164.888 Y131.464 E350.31054
G1 X165.515 Y131.31 E350.33201
G1 X165.887 Y131.221 E350.34473
G1 X168.774 Y130.719 E350.4422
G1 X171.685 Y130.406 E350.53957
G1 X174.611 Y130.284 E350.63698
G1 X177.539 Y130.355 E350.73439
G1 X180.443 Y130.615 E350.83137
G1 X183.347 Y131.069 E350.92913
G1 X186.194 Y131.706 E351.02616
G1 X188.999 Y132.531 E351.12341
G1 X191.753 Y133.54 E351.22096
G1 X194.43 Y134.724 E351.31831
G1 X197.014 Y136.077 E351.41533
G1 X199.513 Y137.6 E351.51266
G1 X201.906 Y139.283 E351.60997
G1 X204.194 Y141.128 E351.70773
G1 X206.338 Y143.101 E351.80464
G1 X208.361 Y145.223 E351.90215
G1 X210.233 Y147.464 E351.99927
G1 X211.966 Y149.838 E352.09703
G1 X213.526 Y152.299 E352.19394
G1 X214.934 Y154.879 E352.2917
G1 X216.16 Y157.521 E352.38857
G1 X217.219 Y160.263 E352.48634
G1 X218.093 Y163.056 E352.58367
G1 X218.779 Y165.887 E352.68056
G1 X219.281 Y168.77 E352.77789
G1 X219.594 Y171.679 E352.8752
G1 X219.716 Y174.616 E352.97297
G1 X219.645 Y177.539 E353.07022
G1 X219.385 Y180.443 E353.16719
G1 X218.931 Y183.347 E353.26495
G1 X218.295 Y186.19 E353.36185
G1 X217.47 Y188.997 E353.45916
G1 X216.46 Y191.753 E353.55679
G1 X215.276 Y194.43 E353.65414
G1 X213.923 Y197.014 E353.75116
G1 X212.4 Y199.513 E353.84849
G1 X210.717 Y201.906 E353.9458
G1 X208.872 Y204.194 E354.04356
G1 X206.899 Y206.338 E354.14047
G1 X204.777 Y208.361 E354.23798
G1 X202.536 Y210.233 E354.3351
G1 X200.162 Y211.966 E354.43286
G1 X197.701 Y213.526 E354.52977
G1 X195.121 Y214.934 E354.62753
G1 X192.479 Y216.16 E354.7244
G1 X189.74 Y217.218 E354.82206
G1 X186.944 Y218.093 E354.9195
G1 X184.111 Y218.779 E355.01645
G1 X181.226 Y219.281 E355.11385
G1 X178.315 Y219.594 E355.21123
G1 X175.405 Y219.715 E355.3081
G1 X173.618 Y219.674 E355.36755
G1 X172.461 Y219.645 E355.40605
G1 X169.557 Y219.385 E355.50302
G1 X166.648 Y218.931 E355.60094
G1 X163.806 Y218.294 E355.69781
G1 X161 Y217.469 E355.79509
G1 X158.247 Y216.461 E355.8926
G1 X155.57 Y215.276 E355.98997
G1 X152.983 Y213.921 E356.08711
G1 X150.484 Y212.398 E356.18444
G1 X148.091 Y210.715 E356.28175
G1 X145.806 Y208.872 E356.37939
G1 X143.662 Y206.899 E356.47629
G1 X141.639 Y204.777 E356.57381
G1 X139.765 Y202.533 E356.67105
G1 X138.034 Y200.162 E356.76869
G1 X136.474 Y197.701 E356.8656
G1 X135.066 Y195.121 E356.96336
G1 X133.84 Y192.479 E357.06023
G1 X132.781 Y189.737 E357.15799
G1 X131.907 Y186.944 E357.25533
G1 X131.221 Y184.111 E357.35228
G1 X130.719 Y181.226 E357.44968
G1 X130.405 Y178.308 E357.54729
G1 X130.285 Y175.4 E357.64409
G1 X130.355 Y172.459 E357.74194
G1 X130.615 Y169.557 E357.83885
G1 X131.069 Y166.653 E357.93661
G1 X131.705 Y163.81 E358.0335
G1 X132.53 Y161.003 E358.13081
G1 X133.541 Y158.243 E358.22858
G1 X134.777 Y155.452 E358.3301
G1 X134.615 Y155.262 E358.33841
G1 X134.707 Y155.071 E358.34546
G1 X135.275 Y153.939 E358.38758
G1 X135.771 Y152.996 E358.42302
G1 X136.218 Y152.195 E358.45353
G1 X136.599 Y151.561 E358.47813
G1 X136.894 Y151.097 E358.49642
G1 X137.645 Y149.973 E358.54138
G1 X137.981 Y149.533 E358.55979
G1 X138.174 Y149.243 E358.57138
G1 X137.664 Y148.729 E358.59546
G1 X137.539 Y148.606 E358.6013
G1 X132.293 Y143.358 E358.8481
G1 X136.917 Y138.733 E359.06562
;MESH:NONMESH
G0 F300 X136.917 Y138.733 Z6.8
G0 F12000 X136.917 Y138.975
G0 X143.645 Y145.649
G0 X145.597 Y143.698
G0 X138.93 Y136.963
G0 X138.687 Y136.963
;TIME_ELAPSED:382.209131
;LAYER:33
;TYPE:WALL-OUTER
;MESH:Warp_Reaction_Chamber_Lens.stl
G1 F1904.4 X143.325 Y132.325 E359.28378
G1 X149.211 Y138.212 E359.56066
G1 X149.588 Y137.96 E359.57574
G1 X150.151 Y137.543 E359.59905
G1 X150.438 Y137.335 E359.61083
G1 X151.124 Y136.891 E359.63801
G1 X151.927 Y136.399 E359.66934
G1 X152.86 Y135.861 E359.70516
G1 X153.943 Y135.281 E359.74602
G1 X154.574 Y134.962 E359.76953
G1 X154.738 Y135.131 E359.77737
G1 X157.521 Y133.84 E359.8794
G1 X160.26 Y132.782 E359.97706
G1 X163.056 Y131.907 E360.07451
G1 X165.889 Y131.221 E360.17146
G1 X168.774 Y130.719 E360.26885
G1 X171.685 Y130.406 E360.36623
G1 X174.384 Y130.294 E360.45608
G1 X174.746 Y130.287 E360.46812
G1 X177.538 Y130.355 E360.56101
G1 X180.443 Y130.615 E360.65802
G1 X183.347 Y131.069 E360.75578
G1 X186.194 Y131.706 E360.85281
G1 X188.999 Y132.531 E360.95006
G1 X191.753 Y133.54 E361.04761
G1 X194.43 Y134.724 E361.14497
G1 X197.014 Y136.077 E361.24198
G1 X199.513 Y137.6 E361.33932
G1 X201.906 Y139.283 E361.43662
G1 X204.194 Y141.128 E361.53438
G1 X206.338 Y143.101 E361.63129
G1 X208.361 Y145.223 E361.7288
G1 X210.233 Y147.464 E361.82592
G1 X211.966 Y149.838 E361.92368
G1 X213.526 Y152.299 E362.02059
G1 X214.934 Y154.879 E362.11835
G1 X216.16 Y157.521 E362.21522
G1 X217.219 Y160.263 E362.31299
G1 X218.093 Y163.056 E362.41033
G1 X218.779 Y165.887 E362.50721
G1 X219.281 Y168.77 E362.60454
G1 X219.594 Y171.679 E362.70185
G1 X219.706 Y174.38 E362.79177
G1 X219.713 Y174.742 E362.80381
G1 X219.645 Y177.538 E362.89683
G1 X219.385 Y180.443 E362.99384
G1 X218.931 Y183.347 E363.0916
G1 X218.295 Y186.19 E363.1885
G1 X217.47 Y188.997 E363.28581
G1 X216.46 Y191.753 E363.38343
G1 X215.276 Y194.43 E363.48079
G1 X213.923 Y197.014 E363.5778
G1 X212.4 Y199.513 E363.67514
G1 X210.717 Y201.906 E363.77244
G1 X208.872 Y204.194 E363.8702
G1 X206.899 Y206.338 E363.96711
G1 X204.777 Y208.361 E364.06462
G1 X202.536 Y210.233 E364.16174
G1 X200.162 Y211.966 E364.2595
G1 X197.701 Y213.526 E364.35642
G1 X195.121 Y214.934 E364.45417
G1 X192.479 Y216.16 E364.55105
G1 X189.74 Y217.218 E364.64871
G1 X186.944 Y218.093 E364.74615
G1 X184.111 Y218.779 E364.8431
G1 X181.226 Y219.281 E364.9405
G1 X178.315 Y219.594 E365.03787
G1 X175.403 Y219.715 E365.13481
G1 X174.873 Y219.704 E365.15244
G1 X172.461 Y219.645 E365.23269
G1 X169.557 Y219.385 E365.32966
G1 X166.648 Y218.931 E365.42759
G1 X163.806 Y218.294 E365.52446
G1 X161 Y217.469 E365.62174
G1 X158.247 Y216.461 E365.71925
G1 X155.57 Y215.276 E365.81662
G1 X152.983 Y213.921 E365.91375
G1 X150.484 Y212.398 E366.01109
G1 X148.091 Y210.715 E366.10839
G1 X145.806 Y208.872 E366.20603
G1 X143.662 Y206.899 E366.30294
G1 X141.639 Y204.777 E366.40045
G1 X139.765 Y202.533 E366.49769
G1 X138.034 Y200.162 E366.59533
G1 X136.474 Y197.701 E366.69224
G1 X135.066 Y195.121 E366.79
G1 X133.84 Y192.479 E366.88688
G1 X132.781 Y189.737 E366.98464
G1 X131.907 Y186.944 E367.08198
G1 X131.221 Y184.111 E367.17893
G1 X130.719 Y181.226 E367.27632
G1 X130.405 Y178.308 E367.37394
G1 X130.284 Y175.384 E367.47127
G1 X130.355 Y172.459 E367.56859
G1 X130.615 Y169.557 E367.6655
G1 X131.069 Y166.653 E367.76326
G1 X131.705 Y163.81 E367.86015
G1 X132.53 Y161.003 E367.95746
G1 X133.541 Y158.243 E368.05522
G1 X134.777 Y155.452 E368.15675
G1 X134.615 Y155.262 E368.16505
G1 X134.678 Y155.13 E368.16992
G1 X135.241 Y154.004 E368.21179
G1 X135.768 Y153 E368.2495
G1 X136.211 Y152.208 E368.27969
G1 X136.577 Y151.595 E368.30343
G1 X136.88 Y151.119 E368.3222
G1 X137.651 Y149.964 E368.36839
G1 X137.996 Y149.511 E368.38733
G1 X138.162 Y149.258 E368.39739
G1 X137.749 Y148.842 E368.41689
G1 X136.972 Y148.067 E368.45339
G1 X135.599 Y146.691 E368.51804
G1 X132.279 Y143.372 E368.67418
G1 X136.917 Y138.733 E368.89236
G1 X142.032 Y143.851 E369.13303
G1 X143.645 Y145.468 E369.20899
G1 X145.416 Y143.698 E369.29227
G1 X138.687 Y136.963 E369.60892
;TIME_ELAPSED:392.606530
;LAYER:34
;MESH:Warp_Reaction_Chamber_Lens.stl
G0 F12000 X138.687 Y136.963 Z7
;TYPE:WALL-OUTER
G1 F1902 X143.335 Y132.315 E369.82755
G1 X148.588 Y137.566 E370.07459
G1 X148.79 Y137.77 E370.08414
G1 X149.225 Y138.202 E370.10453
G1 X149.516 Y138.008 E370.11616
G1 X149.891 Y137.73 E370.13169
G1 X150.428 Y137.342 E370.15372
G1 X151.122 Y136.893 E370.18121
G1 X151.928 Y136.398 E370.21267
G1 X152.86 Y135.861 E370.24845
G1 X153.943 Y135.281 E370.28931
G1 X154.574 Y134.962 E370.31283
G1 X154.738 Y135.131 E370.32066
G1 X157.521 Y133.84 E370.4227
G1 X160.26 Y132.782 E370.52036
G1 X163.056 Y131.907 E370.6178
G1 X165.889 Y131.221 E370.71475
G1 X168.774 Y130.719 E370.81214
G1 X171.685 Y130.406 E370.90952
G1 X174.611 Y130.284 E371.00693
G1 X177.539 Y130.355 E371.10434
G1 X180.443 Y130.615 E371.20131
G1 X183.347 Y131.069 E371.29908
G1 X186.194 Y131.706 E371.39611
G1 X188.999 Y132.531 E371.49335
G1 X191.753 Y133.54 E371.59091
G1 X194.43 Y134.724 E371.68826
G1 X197.014 Y136.077 E371.78528
G1 X199.513 Y137.6 E371.88261
G1 X201.906 Y139.283 E371.97992
G1 X204.194 Y141.128 E372.07768
G1 X206.338 Y143.101 E372.17459
G1 X208.361 Y145.223 E372.2721
G1 X210.233 Y147.464 E372.36922
G1 X211.966 Y149.838 E372.46698
G1 X213.526 Y152.299 E372.56389
G1 X214.934 Y154.879 E372.66165
G1 X216.16 Y157.521 E372.75852
G1 X217.219 Y160.263 E372.85629
G1 X218.093 Y163.056 E372.95362
G1 X218.779 Y165.887 E373.05051
G1 X219.281 Y168.77 E373.14784
G1 X219.594 Y171.679 E373.24515
G1 X219.716 Y174.616 E373.34292
G1 X219.645 Y177.539 E373.44017
G1 X219.385 Y180.443 E373.53714
G1 X218.931 Y183.347 E373.6349
G1 X218.295 Y186.19 E373.7318
G1 X217.47 Y188.997 E373.82911
G1 X216.46 Y191.753 E373.92674
G1 X215.276 Y194.43 E374.02409
G1 X213.923 Y197.014 E374.12111
G1 X212.4 Y199.513 E374.21844
G1 X210.717 Y201.906 E374.31575
G1 X208.872 Y204.194 E374.41351
G1 X206.899 Y206.338 E374.51042
G1 X204.777 Y208.361 E374.60793
G1 X202.536 Y210.233 E374.70505
G1 X200.162 Y211.966 E374.80281
G1 X197.701 Y213.526 E374.89972
G1 X195.121 Y214.934 E374.99748
G1 X192.479 Y216.16 E375.09435
G1 X189.74 Y217.218 E375.19201
G1 X186.944 Y218.093 E375.28945
G1 X184.111 Y218.779 E375.3864
G1 X181.226 Y219.281 E375.4838
G1 X178.315 Y219.594 E375.58118
G1 X175.35 Y219.715 E375.67988
G1 X172.461 Y219.645 E375.77599
G1 X169.557 Y219.385 E375.87297
G1 X166.648 Y218.931 E375.97089
G1 X163.806 Y218.294 E376.06776
G1 X161 Y217.469 E376.16504
G1 X158.247 Y216.461 E376.26255
G1 X155.57 Y215.276 E376.35992
G1 X152.983 Y213.921 E376.45705
G1 X150.484 Y212.398 E376.55439
G1 X148.091 Y210.715 E376.65169
G1 X145.806 Y208.872 E376.74933
G1 X143.662 Y206.899 E376.84624
G1 X141.639 Y204.777 E376.94375
G1 X139.765 Y202.533 E377.04099
G1 X138.034 Y200.162 E377.13863
G1 X136.474 Y197.701 E377.23555
G1 X135.066 Y195.121 E377.3333
G1 X133.84 Y192.479 E377.43018
G1 X132.781 Y189.737 E377.52794
G1 X131.907 Y186.944 E377.62528
G1 X131.221 Y184.111 E377.72223
G1 X130.719 Y181.226 E377.81963
G1 X130.405 Y178.308 E377.91724
G1 X130.375 Y177.539 E377.94284
G1 X130.284 Y175.384 E378.01458
G1 X130.355 Y172.459 E378.11189
G1 X130.615 Y169.557 E378.2088
G1 X131.069 Y166.653 E378.30656
G1 X131.705 Y163.81 E378.40345
G1 X132.53 Y161.003 E378.50076
G1 X133.541 Y158.243 E378.59853
G1 X134.777 Y155.452 E378.70005
G1 X134.614 Y155.261 E378.7084
G1 X135.241 Y154.005 E378.75509
G1 X135.766 Y153.003 E378.79272
G1 X136.21 Y152.21 E378.82295
G1 X136.57 Y151.605 E378.84636
G1 X136.871 Y151.132 E378.86501
G1 X137.652 Y149.963 E378.91177
G1 X137.809 Y149.752 E378.92052
G1 X138.016 Y149.481 E378.93186
G1 X138.156 Y149.271 E378.94025
G1 X136.042 Y147.155 E379.03974
G1 X135.587 Y146.703 E379.06107
G1 X132.269 Y143.382 E379.21721
G1 X136.917 Y138.733 E379.43586
G1 X142.032 Y143.851 E379.67652
G1 X143.645 Y145.468 E379.75249
G1 X145.416 Y143.698 E379.83577
G1 X138.687 Y136.963 E380.15242
;TIME_ELAPSED:403.099406
;LAYER:35
;MESH:Warp_Reaction_Chamber_Lens.stl
G0 F12000 X138.687 Y136.963 Z7.2
;TYPE:WALL-OUTER
G1 F1902.1 X143.342 Y132.308 E380.37138
G1 X149.236 Y138.202 E380.64861
G1 X150.417 Y137.349 E380.69707
G1 X151.119 Y136.895 E380.72487
G1 X151.928 Y136.398 E380.75645
G1 X152.86 Y135.861 E380.79223
G1 X153.943 Y135.281 E380.83309
G1 X154.574 Y134.962 E380.8566
G1 X154.738 Y135.131 E380.86444
G1 X157.521 Y133.84 E380.96647
G1 X160.26 Y132.782 E381.06413
G1 X163.056 Y131.907 E381.16158
G1 X165.006 Y131.436 E381.2283
G1 X165.08 Y131.416 E381.23085
G1 X165.889 Y131.221 E381.25853
G1 X168.774 Y130.719 E381.35592
G1 X171.685 Y130.406 E381.4533
G1 X174.611 Y130.284 E381.55071
G1 X177.538 Y130.355 E381.64809
G1 X180.443 Y130.615 E381.74509
G1 X183.347 Y131.069 E381.84286
G1 X186.194 Y131.706 E381.93989
G1 X188.999 Y132.531 E382.03713
G1 X191.753 Y133.54 E382.13469
G1 X194.43 Y134.724 E382.23204
G1 X197.014 Y136.077 E382.32906
G1 X199.513 Y137.6 E382.42639
G1 X201.906 Y139.283 E382.5237
G1 X204.194 Y141.128 E382.62146
G1 X206.338 Y143.101 E382.71837
G1 X208.361 Y145.223 E382.81588
G1 X210.233 Y147.464 E382.913
G1 X211.966 Y149.838 E383.01076
G1 X213.526 Y152.299 E383.10767
G1 X214.934 Y154.879 E383.20543
G1 X216.16 Y157.521 E383.3023
G1 X217.219 Y160.263 E383.40007
G1 X218.093 Y163.056 E383.4974
G1 X218.779 Y165.887 E383.59429
G1 X219.281 Y168.77 E383.69162
G1 X219.594 Y171.679 E383.78893
G1 X219.716 Y174.616 E383.8867
G1 X219.645 Y177.538 E383.98392
G1 X219.385 Y180.443 E384.08092
G1 X218.931 Y183.347 E384.17868
G1 X218.295 Y186.19 E384.27558
G1 X217.47 Y188.997 E384.37289
G1 X216.46 Y191.753 E384.47052
G1 X215.276 Y194.43 E384.56787
G1 X213.923 Y197.014 E384.66489
G1 X212.4 Y199.513 E384.76222
G1 X210.717 Y201.906 E384.85953
G1 X208.872 Y204.194 E384.95729
G1 X206.899 Y206.338 E385.0542
G1 X204.777 Y208.361 E385.15171
G1 X202.536 Y210.233 E385.24883
G1 X200.162 Y211.966 E385.34659
G1 X197.701 Y213.526 E385.4435
G1 X195.121 Y214.934 E385.54126
G1 X192.479 Y216.16 E385.63813
G1 X189.74 Y217.218 E385.73579
G1 X186.944 Y218.093 E385.83323
G1 X184.111 Y218.779 E385.93018
G1 X181.226 Y219.281 E386.02758
G1 X178.315 Y219.594 E386.12496
G1 X175.398 Y219.715 E386.22206
G1 X172.461 Y219.645 E386.31977
G1 X169.557 Y219.385 E386.41675
G1 X166.649 Y218.931 E386.51464
G1 X163.806 Y218.294 E386.61154
G1 X161 Y217.469 E386.70882
G1 X158.247 Y216.461 E386.80633
G1 X155.57 Y215.276 E386.9037
G1 X152.983 Y213.921 E387.00083
G1 X150.484 Y212.398 E387.09817
G1 X148.091 Y210.715 E387.19548
G1 X145.806 Y208.872 E387.29311
G1 X143.662 Y206.899 E387.39002
G1 X141.639 Y204.777 E387.48754
G1 X139.765 Y202.533 E387.58477
G1 X138.034 Y200.162 E387.68241
G1 X136.474 Y197.701 E387.77933
G1 X135.066 Y195.121 E387.87708
G1 X133.84 Y192.479 E387.97396
G1 X132.781 Y189.737 E388.07172
G1 X131.907 Y186.944 E388.16906
G1 X131.221 Y184.111 E388.26601
G1 X130.719 Y181.226 E388.36341
G1 X130.405 Y178.308 E388.46102
G1 X130.285 Y175.406 E388.55762
G1 X130.355 Y172.459 E388.65567
G1 X130.615 Y169.557 E388.75258
G1 X131.069 Y166.653 E388.85034
G1 X131.705 Y163.81 E388.94723
G1 X132.53 Y161.003 E389.04454
G1 X133.541 Y158.243 E389.14231
G1 X134.777 Y155.452 E389.24383
G1 X134.615 Y155.262 E389.25214
G1 X134.677 Y155.132 E389.25693
G1 X135.24 Y154.006 E389.2988
G1 X135.764 Y153.006 E389.33635
G1 X136.202 Y152.221 E389.36625
G1 X136.567 Y151.61 E389.38992
G1 X136.86 Y151.148 E389.40811
G1 X137.658 Y149.954 E389.45588
G1 X138.158 Y149.285 E389.48366
G1 X132.263 Y143.388 E389.76099
G1 X136.917 Y138.733 E389.97992
G1 X142.032 Y143.851 E390.22058
G1 X143.645 Y145.468 E390.29655
G1 X145.416 Y143.698 E390.37983
G1 X140.933 Y139.209 E390.59084
G1 X138.687 Y136.963 E390.69648
;TIME_ELAPSED:413.593311
;LAYER:36
;MESH:Warp_Reaction_Chamber_Lens.stl
G0 F12000 X138.687 Y136.963 Z7.4
;TYPE:WALL-OUTER
G1 F1902.1 X143.344 Y132.306 E390.91553
G1 X149.239 Y138.2 E391.19279
G1 X150.409 Y137.355 E391.24079
G1 X151.117 Y136.896 E391.26886
G1 X151.928 Y136.398 E391.30051
G1 X152.865 Y135.858 E391.33648
G1 X153.943 Y135.281 E391.37715
G1 X154.574 Y134.962 E391.40066
G1 X154.738 Y135.131 E391.4085
G1 X157.521 Y133.84 E391.51053
G1 X160.26 Y132.782 E391.60819
G1 X163.056 Y131.907 E391.70564
G1 X165.889 Y131.221 E391.80259
G1 X168.774 Y130.719 E391.89998
G1 X171.685 Y130.406 E391.99736
G1 X174.611 Y130.284 E392.09477
G1 X177.539 Y130.355 E392.19218
G1 X180.443 Y130.615 E392.28915
G1 X183.347 Y131.069 E392.38691
G1 X186.194 Y131.706 E392.48395
G1 X188.999 Y132.531 E392.58119
G1 X191.753 Y133.54 E392.67875
G1 X194.43 Y134.724 E392.7761
G1 X197.014 Y136.077 E392.87312
G1 X199.513 Y137.6 E392.97045
G1 X201.906 Y139.283 E393.06776
G1 X204.194 Y141.128 E393.16552
G1 X206.338 Y143.101 E393.26242
G1 X208.361 Y145.223 E393.35994
G1 X210.233 Y147.464 E393.45706
G1 X211.966 Y149.838 E393.55482
G1 X213.526 Y152.299 E393.65173
G1 X214.934 Y154.879 E393.74949
G1 X216.16 Y157.521 E393.84636
G1 X217.219 Y160.263 E393.94413
G1 X218.093 Y163.056 E394.04146
G1 X218.779 Y165.887 E394.13835
G1 X219.279 Y168.756 E394.23521
G1 X219.594 Y171.679 E394.33299
G1 X219.716 Y174.616 E394.43076
G1 X219.645 Y177.539 E394.52801
G1 X219.385 Y180.443 E394.62498
G1 X218.931 Y183.347 E394.72274
G1 X218.295 Y186.19 E394.81964
G1 X217.47 Y188.997 E394.91695
G1 X216.46 Y191.753 E395.01458
G1 X215.276 Y194.43 E395.11193
G1 X213.923 Y197.014 E395.20895
G1 X212.4 Y199.513 E395.30628
G1 X210.717 Y201.906 E395.40359
G1 X208.872 Y204.194 E395.50135
G1 X206.899 Y206.338 E395.59825
G1 X204.777 Y208.361 E395.69577
G1 X202.536 Y210.233 E395.79289
G1 X200.162 Y211.966 E395.89065
G1 X197.701 Y213.526 E395.98756
G1 X195.121 Y214.934 E396.08532
G1 X192.479 Y216.16 E396.18219
G1 X189.74 Y217.218 E396.27985
G1 X186.944 Y218.093 E396.37729
G1 X184.111 Y218.779 E396.47424
G1 X181.226 Y219.281 E396.57164
G1 X178.315 Y219.594 E396.66902
G1 X175.398 Y219.715 E396.76612
G1 X172.461 Y219.645 E396.86383
G1 X169.557 Y219.385 E396.96081
G1 X166.649 Y218.931 E397.0587
G1 X163.806 Y218.294 E397.1556
G1 X161 Y217.469 E397.25288
G1 X158.247 Y216.461 E397.35039
G1 X155.57 Y215.276 E397.44776
G1 X152.983 Y213.921 E397.54489
G1 X150.484 Y212.398 E397.64223
G1 X148.091 Y210.715 E397.73953
G1 X145.806 Y208.872 E397.83717
G1 X143.662 Y206.899 E397.93408
G1 X141.639 Y204.777 E398.03159
G1 X139.765 Y202.533 E398.12883
G1 X138.034 Y200.162 E398.22647
G1 X136.474 Y197.701 E398.32339
G1 X135.066 Y195.121 E398.42114
G1 X133.84 Y192.479 E398.51802
G1 X132.781 Y189.737 E398.61578
G1 X131.907 Y186.944 E398.71312
G1 X131.221 Y184.111 E398.81007
G1 X130.719 Y181.226 E398.90747
G1 X130.405 Y178.308 E399.00508
G1 X130.285 Y175.406 E399.10168
G1 X130.285 Y175.345 E399.10371
G1 X130.355 Y172.459 E399.19973
G1 X130.615 Y169.557 E399.29664
G1 X131.069 Y166.653 E399.3944
G1 X131.705 Y163.81 E399.49129
G1 X132.53 Y161.003 E399.5886
G1 X133.541 Y158.243 E399.68637
G1 X134.777 Y155.452 E399.78789
G1 X134.614 Y155.261 E399.79624
G1 X135.24 Y154.007 E399.84286
G1 X135.764 Y153.005 E399.88047
G1 X136.203 Y152.22 E399.91038
G1 X136.558 Y151.623 E399.93348
G1 X136.852 Y151.16 E399.95172
G1 X137.658 Y149.954 E399.99997
G1 X138.156 Y149.287 E400.02766
G1 X136.957 Y148.085 E400.08412
G1 X135.567 Y146.697 E400.14946
G1 X134.685 Y145.813 E400.19099
G1 X134.67 Y145.8 E400.19165
G1 X132.261 Y143.39 E400.30499
G1 X136.917 Y138.733 E400.52401
G1 X142.032 Y143.851 E400.76468
G1 X143.645 Y145.468 E400.84064
G1 X145.415 Y143.697 E400.92392
G1 X140.94 Y139.216 E401.13455
G1 X138.687 Y136.963 E401.24053
;TIME_ELAPSED:424.087529
;LAYER:37
;MESH:Warp_Reaction_Chamber_Lens.stl
G0 F12000 X138.687 Y136.963 Z7.6
;TYPE:WALL-OUTER
G1 F1902.1 X143.342 Y132.308 E401.45949
G1 X149.236 Y138.202 E401.73672
G1 X150.418 Y137.349 E401.7852
G1 X151.119 Y136.894 E401.813
G1 X151.927 Y136.399 E401.84452
G1 X152.86 Y135.861 E401.88034
G1 X153.943 Y135.281 E401.9212
G1 X154.574 Y134.962 E401.94471
G1 X154.738 Y135.131 E401.95255
G1 X157.521 Y133.84 E402.05458
G1 X160.26 Y132.782 E402.15224
G1 X163.056 Y131.907 E402.24969
G1 X165.889 Y131.221 E402.34664
G1 X168.774 Y130.719 E402.44403
G1 X171.685 Y130.406 E402.54141
G1 X174.611 Y130.284 E402.63881
G1 X177.539 Y130.355 E402.73623
G1 X180.443 Y130.615 E402.8332
G1 X183.347 Y131.069 E402.93096
G1 X186.194 Y131.706 E403.028
G1 X188.999 Y132.531 E403.12524
G1 X191.753 Y133.54 E403.2228
G1 X194.43 Y134.724 E403.32015
G1 X197.014 Y136.077 E403.41717
G1 X199.513 Y137.6 E403.5145
G1 X201.906 Y139.283 E403.61181
G1 X204.194 Y141.128 E403.70957
G1 X206.338 Y143.101 E403.80647
G1 X208.361 Y145.223 E403.90399
G1 X210.233 Y147.464 E404.00111
G1 X211.966 Y149.838 E404.09887
G1 X213.526 Y152.299 E404.19578
G1 X214.934 Y154.879 E404.29354
G1 X216.16 Y157.521 E404.39041
G1 X217.219 Y160.263 E404.48817
G1 X218.093 Y163.056 E404.58551
G1 X218.779 Y165.887 E404.6824
G1 X219.281 Y168.77 E404.77973
G1 X219.594 Y171.679 E404.87704
G1 X219.716 Y174.616 E404.97481
G1 X219.645 Y177.539 E405.07206
G1 X219.385 Y180.443 E405.16903
G1 X218.931 Y183.347 E405.26679
G1 X218.295 Y186.19 E405.36369
G1 X217.47 Y188.997 E405.461
G1 X216.46 Y191.753 E405.55862
G1 X215.276 Y194.43 E405.65598
G1 X213.923 Y197.014 E405.75299
G1 X212.4 Y199.513 E405.85033
G1 X210.717 Y201.906 E405.94764
G1 X208.872 Y204.194 E406.04539
G1 X206.899 Y206.338 E406.1423
G1 X204.777 Y208.361 E406.23982
G1 X202.536 Y210.233 E406.33694
G1 X200.162 Y211.966 E406.4347
G1 X197.701 Y213.526 E406.53161
G1 X195.121 Y214.934 E406.62937
G1 X192.479 Y216.16 E406.72624
G1 X189.74 Y217.218 E406.8239
G1 X186.944 Y218.093 E406.92134
G1 X184.111 Y218.779 E407.01829
G1 X181.226 Y219.281 E407.11569
G1 X178.315 Y219.594 E407.21307
G1 X175.397 Y219.715 E407.3102
G1 X172.461 Y219.645 E407.40788
G1 X169.557 Y219.385 E407.50486
G1 X166.649 Y218.931 E407.60275
G1 X163.806 Y218.294 E407.69965
G1 X161 Y217.469 E407.79693
G1 X158.247 Y216.461 E407.89444
G1 X155.57 Y215.276 E407.99181
G1 X153.116 Y213.991 E408.08394
G1 X152.934 Y213.891 E408.09085
G1 X150.484 Y212.398 E408.18628
G1 X148.091 Y210.715 E408.28358
G1 X145.806 Y208.872 E408.38122
G1 X143.662 Y206.899 E408.47813
G1 X141.639 Y204.777 E408.57564
G1 X139.765 Y202.533 E408.67288
G1 X138.034 Y200.162 E408.77052
G1 X136.474 Y197.701 E408.86743
G1 X135.066 Y195.121 E408.96519
G1 X133.84 Y192.479 E409.06206
G1 X132.781 Y189.737 E409.15983
G1 X131.907 Y186.944 E409.25717
G1 X131.221 Y184.111 E409.35412
G1 X130.719 Y181.226 E409.45151
G1 X130.405 Y178.308 E409.54913
G1 X130.379 Y177.635 E409.57153
G1 X130.284 Y175.384 E409.64646
G1 X130.355 Y172.459 E409.74378
G1 X130.615 Y169.557 E409.84068
G1 X131.069 Y166.653 E409.93844
G1 X131.705 Y163.81 E410.03534
G1 X132.53 Y161.003 E410.13265
G1 X133.541 Y158.243 E410.23041
G1 X134.777 Y155.452 E410.33194
G1 X134.615 Y155.262 E410.34024
G1 X134.676 Y155.133 E410.34499
G1 X135.24 Y154.006 E410.3869
G1 X135.764 Y153.006 E410.42445
G1 X136.206 Y152.216 E410.45456
G1 X136.565 Y151.613 E410.4779
G1 X136.861 Y151.147 E410.49627
G1 X137.658 Y149.954 E410.54399
G1 X138.158 Y149.284 E410.57179
G1 X132.262 Y143.389 E410.8491
G1 X136.917 Y138.733 E411.06808
G1 X142.032 Y143.851 E411.30874
G1 X143.645 Y145.468 E411.38471
G1 X145.416 Y143.698 E411.46799
G1 X140.932 Y139.208 E411.67904
G1 X138.687 Y136.963 E411.78464
;TIME_ELAPSED:434.581377
;LAYER:38
;MESH:Warp_Reaction_Chamber_Lens.stl
G0 F12000 X138.687 Y136.963 Z7.8
;TYPE:WALL-OUTER
G1 F1902 X143.334 Y132.316 E412.00322
G1 X144.374 Y133.354 E412.05209
G1 X147.132 Y136.113 E412.18184
G1 X149.224 Y138.202 E412.28017
G1 X149.519 Y138.006 E412.29195
G1 X149.902 Y137.722 E412.30781
G1 X150.429 Y137.341 E412.32944
G1 X151.121 Y136.892 E412.35688
G1 X151.927 Y136.399 E412.3883
G1 X152.86 Y135.861 E412.42412
G1 X153.943 Y135.281 E412.46498
G1 X154.574 Y134.962 E412.4885
G1 X154.738 Y135.131 E412.49633
G1 X157.521 Y133.84 E412.59837
G1 X160.26 Y132.782 E412.69603
G1 X163.056 Y131.907 E412.79347
G1 X165.119 Y131.408 E412.86407
G1 X165.887 Y131.221 E412.89036
G1 X168.554 Y130.757 E412.98039
G1 X168.825 Y130.713 E412.98953
G1 X171.685 Y130.406 E413.0852
G1 X174.611 Y130.284 E413.1826
G1 X177.538 Y130.355 E413.27998
G1 X180.443 Y130.615 E413.37699
G1 X183.347 Y131.069 E413.47475
G1 X186.194 Y131.706 E413.57178
G1 X188.999 Y132.531 E413.66903
G1 X191.753 Y133.54 E413.76658
G1 X194.43 Y134.724 E413.86394
G1 X197.014 Y136.077 E413.96095
G1 X199.513 Y137.6 E414.05829
G1 X201.906 Y139.283 E414.15559
G1 X204.194 Y141.128 E414.25335
G1 X206.338 Y143.101 E414.35026
G1 X208.361 Y145.223 E414.44777
G1 X210.233 Y147.464 E414.54489
G1 X211.966 Y149.838 E414.64265
G1 X213.526 Y152.299 E414.73956
G1 X214.934 Y154.879 E414.83732
G1 X216.16 Y157.521 E414.93419
G1 X217.219 Y160.263 E415.03196
G1 X218.093 Y163.056 E415.1293
G1 X218.779 Y165.887 E415.22618
G1 X219.281 Y168.77 E415.32351
G1 X219.594 Y171.679 E415.42083
G1 X219.716 Y174.616 E415.51859
G1 X219.645 Y177.538 E415.61581
G1 X219.385 Y180.443 E415.71282
G1 X218.931 Y183.347 E415.81058
G1 X218.295 Y186.19 E415.90747
G1 X217.47 Y188.997 E416.00478
G1 X216.46 Y191.753 E416.10241
G1 X215.276 Y194.43 E416.19977
G1 X213.923 Y197.014 E416.29678
G1 X212.4 Y199.513 E416.39412
G1 X210.717 Y201.906 E416.49142
G1 X208.872 Y204.194 E416.58918
G1 X206.899 Y206.338 E416.68609
G1 X204.777 Y208.361 E416.7836
G1 X202.536 Y210.233 E416.88072
G1 X200.162 Y211.966 E416.97848
G1 X197.701 Y213.526 E417.07539
G1 X195.121 Y214.934 E417.17315
G1 X192.479 Y216.16 E417.27002
G1 X189.74 Y217.218 E417.36768
G1 X186.944 Y218.093 E417.46513
G1 X184.111 Y218.779 E417.56208
G1 X181.226 Y219.281 E417.65947
G1 X178.315 Y219.594 E417.75685
G1 X175.397 Y219.715 E417.85399
G1 X172.461 Y219.645 E417.95167
G1 X169.557 Y219.385 E418.04864
G1 X166.649 Y218.931 E418.14653
G1 X163.806 Y218.294 E418.24344
G1 X161 Y217.469 E418.34071
G1 X158.247 Y216.461 E418.43822
G1 X155.57 Y215.276 E418.5356
G1 X152.983 Y213.921 E418.63273
G1 X150.484 Y212.398 E418.73006
G1 X148.091 Y210.715 E418.82737
G1 X145.806 Y208.872 E418.92501
G1 X143.662 Y206.899 E419.02192
G1 X141.639 Y204.777 E419.11943
G1 X139.765 Y202.533 E419.21667
G1 X138.034 Y200.162 E419.31431
G1 X136.474 Y197.701 E419.41122
G1 X135.066 Y195.121 E419.50898
G1 X133.84 Y192.479 E419.60585
G1 X132.781 Y189.737 E419.70362
G1 X131.907 Y186.944 E419.80095
G1 X131.221 Y184.111 E419.8979
G1 X130.719 Y181.226 E419.9953
G1 X130.405 Y178.308 E420.09291
G1 X130.38 Y177.668 E420.11422
G1 X130.284 Y175.384 E420.19025
G1 X130.355 Y172.459 E420.28756
G1 X130.615 Y169.557 E420.38447
G1 X131.069 Y166.653 E420.48223
G1 X131.705 Y163.81 E420.57913
G1 X132.53 Y161.003 E420.67644
G1 X133.541 Y158.243 E420.7742
G1 X134.777 Y155.452 E420.87573
G1 X134.614 Y155.261 E420.88408
G1 X135.241 Y154.004 E420.9308
G1 X135.766 Y153.003 E420.96839
G1 X136.21 Y152.209 E420.99865
G1 X136.571 Y151.604 E421.02208
G1 X136.872 Y151.131 E421.04073
G1 X137.652 Y149.963 E421.08744
G1 X138.015 Y149.482 E421.10749
G1 X138.156 Y149.269 E421.11598
G1 X135.016 Y146.13 E421.26365
G1 X134.698 Y145.809 E421.27868
G1 X134.052 Y145.166 E421.309
G1 X133.694 Y144.805 E421.32591
G1 X132.269 Y143.382 E421.39289
G1 X136.917 Y138.733 E421.61154
G1 X140.364 Y142.181 E421.7737
G1 X143.645 Y145.468 E421.92817
G1 X145.416 Y143.698 E422.01145
G1 X138.687 Y136.963 E422.3281
;MESH:NONMESH
G0 F300 X138.687 Y136.963 Z8
G0 F12000 X138.929 Y136.963
G0 X145.597 Y143.698
G0 X143.645 Y145.649
G0 X136.917 Y138.975
G0 X136.917 Y138.733
;TIME_ELAPSED:445.788611
;LAYER:39
;TYPE:WALL-OUTER
;MESH:Warp_Reaction_Chamber_Lens.stl
G1 F1904.4 X141.235 Y143.053 E422.53125
G1 X143.645 Y145.468 E422.64473
G1 X145.416 Y143.698 E422.72801
G1 X138.688 Y136.963 E423.04464
G1 X143.325 Y132.325 E423.26277
G1 X145.207 Y134.206 E423.35127
G1 X145.752 Y134.754 E423.37698
G1 X146.159 Y135.158 E423.39605
G1 X146.644 Y135.645 E423.41891
G1 X148.272 Y137.271 E423.49544
G1 X149.211 Y138.212 E423.53965
G1 X149.592 Y137.958 E423.55488
G1 X150.162 Y137.535 E423.57849
G1 X150.439 Y137.334 E423.58988
G1 X151.124 Y136.891 E423.61701
G1 X151.927 Y136.399 E423.64833
G1 X152.86 Y135.861 E423.68415
G1 X153.943 Y135.281 E423.72501
G1 X154.574 Y134.962 E423.74853
G1 X154.738 Y135.131 E423.75636
G1 X157.521 Y133.84 E423.8584
G1 X160.26 Y132.782 E423.95606
G1 X163.056 Y131.907 E424.0535
G1 X165.889 Y131.221 E424.15045
G1 X168.774 Y130.719 E424.24785
G1 X171.685 Y130.406 E424.34523
G1 X174.611 Y130.284 E424.44263
G1 X177.539 Y130.355 E424.54004
G1 X180.443 Y130.615 E424.63702
G1 X183.347 Y131.069 E424.73478
G1 X186.194 Y131.706 E424.83181
G1 X188.999 Y132.531 E424.92906
G1 X191.753 Y133.54 E425.02661
G1 X194.43 Y134.724 E425.12397
G1 X197.014 Y136.077 E425.22098
G1 X199.513 Y137.6 E425.31832
G1 X201.906 Y139.283 E425.41562
G1 X204.194 Y141.128 E425.51338
G1 X206.338 Y143.101 E425.61029
G1 X208.361 Y145.223 E425.7078
G1 X210.233 Y147.464 E425.80492
G1 X211.966 Y149.838 E425.90268
G1 X213.526 Y152.299 E425.99959
G1 X214.934 Y154.879 E426.09735
G1 X216.16 Y157.521 E426.19423
G1 X217.219 Y160.263 E426.29199
G1 X218.093 Y163.056 E426.38933
G1 X218.779 Y165.887 E426.48621
G1 X219.281 Y168.77 E426.58354
G1 X219.594 Y171.679 E426.68086
G1 X219.716 Y174.616 E426.77863
G1 X219.645 Y177.539 E426.87587
G1 X219.385 Y180.443 E426.97285
G1 X218.931 Y183.347 E427.07061
G1 X218.295 Y186.19 E427.1675
G1 X217.47 Y188.997 E427.26481
G1 X216.46 Y191.753 E427.36244
G1 X215.276 Y194.43 E427.4598
G1 X213.923 Y197.014 E427.55681
G1 X212.4 Y199.513 E427.65415
G1 X210.717 Y201.906 E427.75145
G1 X208.872 Y204.194 E427.84921
G1 X206.899 Y206.338 E427.94612
G1 X204.777 Y208.361 E428.04363
G1 X202.536 Y210.233 E428.14075
G1 X200.162 Y211.966 E428.23851
G1 X197.701 Y213.526 E428.33542
G1 X195.121 Y214.934 E428.43318
G1 X192.479 Y216.16 E428.53006
G1 X189.74 Y217.218 E428.62771
G1 X186.944 Y218.093 E428.72516
G1 X184.111 Y218.779 E428.82211
G1 X181.226 Y219.281 E428.9195
G1 X178.315 Y219.594 E429.01688
G1 X175.396 Y219.715 E429.11405
G1 X172.461 Y219.645 E429.2117
G1 X169.557 Y219.385 E429.30867
G1 X166.649 Y218.931 E429.40656
G1 X163.806 Y218.294 E429.50347
G1 X161 Y217.469 E429.60075
G1 X158.247 Y216.461 E429.69826
G1 X155.57 Y215.276 E429.79563
G1 X152.983 Y213.921 E429.89276
G1 X150.484 Y212.398 E429.99009
G1 X148.091 Y210.715 E430.0874
G1 X145.806 Y208.872 E430.18504
G1 X143.662 Y206.899 E430.28195
G1 X141.639 Y204.777 E430.37946
G1 X139.765 Y202.533 E430.4767
G1 X138.034 Y200.162 E430.57434
G1 X136.474 Y197.701 E430.67125
G1 X135.066 Y195.121 E430.76901
G1 X133.84 Y192.479 E430.86588
G1 X132.781 Y189.737 E430.96365
G1 X131.907 Y186.944 E431.06098
G1 X131.221 Y184.111 E431.15793
G1 X130.719 Y181.226 E431.25533
G1 X130.564 Y179.774 E431.3039
G1 X130.553 Y179.688 E431.30678
G1 X130.405 Y178.308 E431.35295
G1 X130.285 Y175.404 E431.44962
G1 X130.285 Y175.339 E431.45178
G1 X130.355 Y172.459 E431.54759
G1 X130.615 Y169.557 E431.6445
G1 X131.069 Y166.653 E431.74226
G1 X131.705 Y163.81 E431.83916
G1 X132.53 Y161.003 E431.93647
G1 X133.541 Y158.243 E432.03423
G1 X134.777 Y155.452 E432.13576
G1 X134.615 Y155.262 E432.14406
G1 X134.677 Y155.131 E432.14888
G1 X135.242 Y154.003 E432.19084
G1 X135.769 Y153 E432.22853
G1 X136.212 Y152.207 E432.25874
G1 X136.581 Y151.589 E432.28268
G1 X136.878 Y151.121 E432.30111
G1 X137.65 Y149.965 E432.34735
G1 X137.995 Y149.512 E432.36629
G1 X138.164 Y149.257 E432.37646
G1 X135.6 Y146.69 E432.49713
G1 X133.214 Y144.306 E432.60932
G1 X132.28 Y143.371 E432.65327
G1 X136.917 Y138.733 E432.87141
;MESH:NONMESH
G0 F300 X136.917 Y138.733 Z8.2
G0 F12000 X136.917 Y138.975
G0 X143.645 Y145.649
G0 X145.597 Y143.698
G0 X138.93 Y136.963
G0 X138.687 Y136.963
;TIME_ELAPSED:456.900491
;LAYER:40
;TYPE:WALL-OUTER
;MESH:Warp_Reaction_Chamber_Lens.stl
G1 F1904.3 X143.311 Y132.339 E433.08891
G1 X149.194 Y138.223 E433.36565
G1 X149.664 Y137.91 E433.38443
G1 X150.46 Y137.319 E433.4174
G1 X151.166 Y136.866 E433.4453
G1 X151.928 Y136.398 E433.47505
G1 X152.86 Y135.861 E433.51082
G1 X153.983 Y135.261 E433.55317
G1 X154.574 Y134.962 E433.5752
G1 X154.738 Y135.131 E433.58303
G1 X157.521 Y133.84 E433.68507
G1 X160.26 Y132.782 E433.78273
G1 X163.078 Y131.902 E433.88092
G1 X165.887 Y131.221 E433.97705
G1 X168.774 Y130.719 E434.07452
G1 X171.685 Y130.406 E434.1719
G1 X174.611 Y130.284 E434.2693
G1 X177.539 Y130.355 E434.36671
G1 X180.443 Y130.615 E434.46369
G1 X183.347 Y131.069 E434.56145
G1 X186.194 Y131.706 E434.65848
G1 X188.999 Y132.531 E434.75573
G1 X191.753 Y133.54 E434.85328
G1 X194.43 Y134.724 E434.95064
G1 X197.014 Y136.077 E435.04765
G1 X199.513 Y137.6 E435.14499
G1 X201.906 Y139.283 E435.24229
G1 X204.194 Y141.128 E435.34005
G1 X206.338 Y143.101 E435.43696
G1 X208.361 Y145.223 E435.53447
G1 X210.233 Y147.464 E435.63159
G1 X211.966 Y149.838 E435.72935
G1 X213.526 Y152.299 E435.82626
G1 X214.934 Y154.879 E435.92402
G1 X216.16 Y157.521 E436.02089
G1 X217.219 Y160.263 E436.11866
G1 X218.093 Y163.056 E436.216
G1 X218.779 Y165.887 E436.31288
G1 X219.281 Y168.77 E436.41021
G1 X219.594 Y171.679 E436.50752
G1 X219.716 Y174.616 E436.60529
G1 X219.645 Y177.539 E436.70254
G1 X219.385 Y180.443 E436.79952
G1 X218.931 Y183.347 E436.89728
G1 X218.295 Y186.19 E436.99417
G1 X217.47 Y188.997 E437.09148
G1 X216.46 Y191.753 E437.18911
G1 X215.276 Y194.43 E437.28647
G1 X213.923 Y197.014 E437.38348
G1 X212.4 Y199.513 E437.48082
G1 X210.717 Y201.906 E437.57812
G1 X208.872 Y204.194 E437.67588
G1 X206.899 Y206.338 E437.77279
G1 X204.777 Y208.361 E437.8703
G1 X202.536 Y210.233 E437.96742
G1 X200.162 Y211.966 E438.06518
G1 X197.701 Y213.526 E438.16209
G1 X195.121 Y214.934 E438.25985
G1 X192.479 Y216.16 E438.35672
G1 X189.74 Y217.218 E438.45438
G1 X186.944 Y218.093 E438.55183
G1 X184.111 Y218.779 E438.64878
G1 X181.226 Y219.281 E438.74617
G1 X178.315 Y219.594 E438.84355
G1 X175.395 Y219.715 E438.94075
G1 X172.461 Y219.645 E439.03837
G1 X169.557 Y219.385 E439.13534
G1 X166.65 Y218.931 E439.2332
G1 X163.806 Y218.294 E439.33014
G1 X161 Y217.469 E439.42741
G1 X158.247 Y216.461 E439.52492
G1 X155.57 Y215.276 E439.62229
G1 X152.983 Y213.921 E439.71943
G1 X150.484 Y212.398 E439.81676
G1 X148.091 Y210.715 E439.91407
G1 X145.806 Y208.872 E440.01171
G1 X143.662 Y206.899 E440.10862
G1 X141.639 Y204.777 E440.20613
G1 X139.765 Y202.533 E440.30337
G1 X138.034 Y200.162 E440.40101
G1 X136.474 Y197.701 E440.49792
G1 X135.066 Y195.121 E440.59568
G1 X133.84 Y192.479 E440.69255
G1 X132.781 Y189.737 E440.79032
G1 X131.907 Y186.944 E440.88765
G1 X131.221 Y184.111 E440.9846
G1 X130.719 Y181.226 E441.082
G1 X130.405 Y178.308 E441.17961
G1 X130.284 Y175.384 E441.27695
G1 X130.355 Y172.459 E441.37426
G1 X130.615 Y169.557 E441.47117
G1 X131.069 Y166.653 E441.56893
G1 X131.705 Y163.81 E441.66583
G1 X132.53 Y161.003 E441.76314
G1 X133.541 Y158.243 E441.8609
G1 X134.777 Y155.452 E441.96242
G1 X134.614 Y155.262 E441.97075
G1 X134.701 Y155.082 E441.9774
G1 X135.27 Y153.949 E442.01957
G1 X135.771 Y152.997 E442.05535
G1 X136.216 Y152.201 E442.08568
G1 X136.598 Y151.56 E442.1105
G1 X136.89 Y151.104 E442.12851
G1 X137.644 Y149.974 E442.17369
G1 X137.982 Y149.532 E442.1922
G1 X138.175 Y149.24 E442.20384
G1 X132.292 Y143.358 E442.48053
G1 X136.917 Y138.733 E442.69808
G1 X141.235 Y143.053 E442.90123
G1 X143.645 Y145.468 E443.01471
G1 X145.416 Y143.698 E443.09799
G1 X138.687 Y136.963 E443.41464
;TIME_ELAPSED:467.298158
;LAYER:41
;MESH:Warp_Reaction_Chamber_Lens.stl
G0 F12000 X138.687 Y136.963 Z8.4
;TYPE:WALL-OUTER
G1 F1901.9 X143.293 Y132.357 E443.63129
G1 X149.173 Y138.238 E443.90789
G1 X149.696 Y137.888 E443.92883
G1 X150.468 Y137.314 E443.96082
G1 X151.131 Y136.886 E443.98707
G1 X151.927 Y136.399 E444.01811
G1 X152.86 Y135.861 E444.05393
G1 X153.943 Y135.281 E444.09479
G1 X154.574 Y134.961 E444.11832
G1 X154.738 Y135.131 E444.12618
G1 X157.521 Y133.84 E444.22821
G1 X160.26 Y132.782 E444.32587
G1 X163.056 Y131.907 E444.42332
G1 X165.234 Y131.38 E444.49785
G1 X165.887 Y131.221 E444.5202
G1 X168.774 Y130.719 E444.61766
G1 X171.685 Y130.406 E444.71504
G1 X174.611 Y130.284 E444.81245
G1 X176.001 Y130.317 E444.85869
G1 X176.097 Y130.321 E444.86189
G1 X177.539 Y130.355 E444.90986
G1 X180.443 Y130.615 E445.00683
G1 X183.347 Y131.069 E445.10459
G1 X186.194 Y131.706 E445.20163
G1 X188.999 Y132.531 E445.29887
G1 X191.753 Y133.54 E445.39643
G1 X194.43 Y134.724 E445.49378
G1 X197.014 Y136.077 E445.5908
G1 X199.513 Y137.6 E445.68813
G1 X201.906 Y139.283 E445.78544
G1 X204.194 Y141.128 E445.8832
G1 X206.338 Y143.101 E445.98011
G1 X208.361 Y145.223 E446.07762
G1 X210.233 Y147.464 E446.17474
G1 X211.966 Y149.838 E446.2725
G1 X213.526 Y152.299 E446.36941
G1 X214.934 Y154.879 E446.46717
G1 X216.16 Y157.521 E446.56404
G1 X217.219 Y160.263 E446.66181
G1 X218.093 Y163.056 E446.75914
G1 X218.779 Y165.887 E446.85603
G1 X219.125 Y167.88 E446.92331
G1 X219.277 Y168.743 E446.95245
G1 X219.594 Y171.679 E447.05067
G1 X219.716 Y174.616 E447.14844
G1 X219.683 Y176.001 E447.19452
G1 X219.679 Y176.097 E447.19771
G1 X219.645 Y177.539 E447.24569
G1 X219.385 Y180.443 E447.34266
G1 X218.931 Y183.347 E447.44042
G1 X218.295 Y186.19 E447.53732
G1 X217.47 Y188.997 E447.63463
G1 X216.46 Y191.753 E447.73226
G1 X215.276 Y194.43 E447.82961
G1 X213.923 Y197.014 E447.92663
G1 X212.4 Y199.513 E448.02396
G1 X210.717 Y201.906 E448.12127
G1 X208.872 Y204.194 E448.21903
G1 X206.899 Y206.338 E448.31593
G1 X204.777 Y208.361 E448.41345
G1 X202.536 Y210.233 E448.51057
G1 X200.162 Y211.966 E448.60833
G1 X197.701 Y213.526 E448.70524
G1 X195.121 Y214.934 E448.803
G1 X192.479 Y216.16 E448.89987
G1 X189.74 Y217.218 E448.99753
G1 X186.944 Y218.093 E449.09497
G1 X184.111 Y218.779 E449.19192
G1 X181.226 Y219.281 E449.28932
G1 X178.315 Y219.594 E449.3867
G1 X175.4 Y219.715 E449.48373
G1 X172.461 Y219.645 E449.58151
G1 X169.557 Y219.385 E449.67849
G1 X166.65 Y218.931 E449.77635
G1 X163.806 Y218.294 E449.87328
G1 X161 Y217.469 E449.97056
G1 X158.247 Y216.461 E450.06807
G1 X155.57 Y215.276 E450.16544
G1 X152.983 Y213.921 E450.26257
G1 X150.484 Y212.398 E450.35991
G1 X148.091 Y210.715 E450.45721
G1 X145.806 Y208.872 E450.55485
G1 X143.662 Y206.899 E450.65176
G1 X141.639 Y204.777 E450.74927
G1 X139.765 Y202.533 E450.84651
G1 X138.034 Y200.162 E450.94415
G1 X136.474 Y197.701 E451.04107
G1 X135.066 Y195.121 E451.13882
G1 X133.84 Y192.479 E451.2357
G1 X132.781 Y189.737 E451.33346
G1 X131.907 Y186.944 E451.4308
G1 X131.221 Y184.111 E451.52775
G1 X130.719 Y181.226 E451.62515
G1 X130.405 Y178.308 E451.72276
G1 X130.384 Y177.764 E451.74087
G1 X130.284 Y175.384 E451.8201
G1 X130.355 Y172.459 E451.91741
G1 X130.615 Y169.557 E452.01432
G1 X131.069 Y166.653 E452.11208
G1 X131.714 Y163.777 E452.21011
G1 X131.821 Y163.419 E452.22254
G1 X132.53 Y161.003 E452.30628
G1 X133.541 Y158.243 E452.40405
G1 X134.777 Y155.452 E452.50557
G1 X134.614 Y155.262 E452.5139
G1 X134.678 Y155.13 E452.51878
G1 X135.244 Y153.999 E452.56084
G1 X135.774 Y152.99 E452.59875
G1 X136.225 Y152.187 E452.62938
G1 X136.6 Y151.561 E452.65365
G1 X136.911 Y151.072 E452.67293
G1 X137.637 Y149.986 E452.71637
G1 X137.969 Y149.552 E452.73455
G1 X138.19 Y149.218 E452.74787
G1 X137.502 Y148.531 E452.78021
G1 X132.31 Y143.34 E453.0244
G1 X136.917 Y138.733 E453.2411
G1 X141.698 Y143.516 E453.46603
G1 X143.645 Y145.468 E453.55773
G1 X145.416 Y143.698 E453.64101
G1 X141.193 Y139.469 E453.83978
G1 X138.687 Y136.963 E453.95766
;MESH:NONMESH
G0 F300 X138.687 Y136.963 Z8.6
G0 F12000 X138.929 Y136.963
G0 X145.597 Y143.698
G0 X143.645 Y145.649
G0 X136.917 Y138.975
G0 X136.917 Y138.733
;TIME_ELAPSED:478.505445
;LAYER:42
;TYPE:WALL-OUTER
;MESH:Warp_Reaction_Chamber_Lens.stl
G1 F1904.2 X142.032 Y143.851 E454.19832
G1 X143.645 Y145.468 E454.27429
G1 X145.416 Y143.698 E454.35757
G1 X141.103 Y139.379 E454.56058
G1 X138.688 Y136.964 E454.67417
G1 X143.271 Y132.38 E454.88977
G1 X146.589 Y135.696 E455.04579
G1 X147.329 Y136.439 E455.08067
G1 X149.146 Y138.255 E455.16611
G1 X149.719 Y137.873 E455.18901
G1 X150.478 Y137.307 E455.2205
G1 X151.134 Y136.884 E455.24647
G1 X151.927 Y136.399 E455.27738
G1 X152.86 Y135.861 E455.3132
G1 X153.943 Y135.282 E455.35405
G1 X154.576 Y134.963 E455.37763
G1 X154.738 Y135.131 E455.38539
G1 X157.521 Y133.84 E455.48743
G1 X160.26 Y132.782 E455.58509
G1 X163.056 Y131.907 E455.68253
G1 X165.889 Y131.221 E455.77948
G1 X168.774 Y130.719 E455.87687
G1 X171.685 Y130.406 E455.97425
G1 X174.611 Y130.284 E456.07166
G1 X177.538 Y130.355 E456.16904
G1 X180.443 Y130.615 E456.26604
G1 X183.347 Y131.069 E456.36381
G1 X186.194 Y131.706 E456.46084
G1 X188.999 Y132.531 E456.55808
G1 X191.753 Y133.54 E456.65564
G1 X194.43 Y134.724 E456.75299
G1 X197.014 Y136.077 E456.85001
G1 X199.513 Y137.6 E456.94734
G1 X201.906 Y139.283 E457.04465
G1 X204.194 Y141.128 E457.14241
G1 X206.338 Y143.101 E457.23932
G1 X208.361 Y145.223 E457.33683
G1 X210.233 Y147.464 E457.43395
G1 X211.966 Y149.838 E457.53171
G1 X213.526 Y152.299 E457.62862
G1 X214.934 Y154.879 E457.72638
G1 X216.16 Y157.521 E457.82325
G1 X217.219 Y160.263 E457.92102
G1 X218.093 Y163.056 E458.01835
G1 X218.779 Y165.887 E458.11524
G1 X219.277 Y168.743 E458.21166
G1 X219.594 Y171.679 E458.30988
G1 X219.716 Y174.616 E458.40765
G1 X219.645 Y177.538 E458.50487
G1 X219.385 Y180.443 E458.60187
G1 X218.931 Y183.347 E458.69963
G1 X218.295 Y186.19 E458.79653
G1 X217.47 Y188.997 E458.89384
G1 X216.46 Y191.753 E458.99147
G1 X215.276 Y194.43 E459.08882
G1 X213.923 Y197.014 E459.18584
G1 X212.4 Y199.513 E459.28317
G1 X210.717 Y201.906 E459.38048
G1 X208.872 Y204.194 E459.47824
G1 X206.899 Y206.338 E459.57514
G1 X204.777 Y208.361 E459.67266
G1 X202.536 Y210.233 E459.76978
G1 X200.162 Y211.966 E459.86754
G1 X197.701 Y213.526 E459.96445
G1 X195.121 Y214.934 E460.06221
G1 X192.479 Y216.16 E460.15908
G1 X189.74 Y217.218 E460.25674
G1 X186.944 Y218.093 E460.35418
G1 X184.111 Y218.779 E460.45113
G1 X181.226 Y219.281 E460.54853
G1 X178.315 Y219.594 E460.64591
G1 X175.399 Y219.715 E460.74298
G1 X172.461 Y219.645 E460.84072
G1 X169.557 Y219.385 E460.9377
G1 X166.65 Y218.931 E461.03556
G1 X163.806 Y218.294 E461.13249
G1 X161 Y217.469 E461.22977
G1 X158.247 Y216.461 E461.32728
G1 X155.57 Y215.276 E461.42465
G1 X152.983 Y213.921 E461.52178
G1 X150.484 Y212.398 E461.61912
G1 X148.091 Y210.715 E461.71642
G1 X145.806 Y208.872 E461.81406
G1 X143.662 Y206.899 E461.91097
G1 X141.639 Y204.777 E462.00848
G1 X139.765 Y202.533 E462.10572
G1 X138.034 Y200.162 E462.20336
G1 X136.474 Y197.701 E462.30028
G1 X135.066 Y195.121 E462.39803
G1 X133.84 Y192.479 E462.49491
G1 X132.781 Y189.737 E462.59267
G1 X131.907 Y186.944 E462.69001
G1 X131.221 Y184.111 E462.78696
G1 X130.719 Y181.226 E462.88436
G1 X130.574 Y179.865 E462.92988
G1 X130.562 Y179.77 E462.93306
G1 X130.405 Y178.308 E462.98197
G1 X130.285 Y175.394 E463.07897
G1 X130.355 Y172.459 E463.17662
G1 X130.615 Y169.557 E463.27353
G1 X131.069 Y166.653 E463.37129
G1 X131.705 Y163.81 E463.46818
G1 X132.53 Y161.003 E463.56549
G1 X133.541 Y158.243 E463.66326
G1 X134.777 Y155.452 E463.76478
G1 X134.615 Y155.262 E463.77308
G1 X134.679 Y155.13 E463.77796
G1 X135.247 Y153.996 E463.82015
G1 X135.779 Y152.982 E463.85823
G1 X136.235 Y152.171 E463.88918
G1 X136.617 Y151.535 E463.91385
G1 X136.932 Y151.04 E463.93337
G1 X137.628 Y149.999 E463.97502
G1 X137.959 Y149.566 E463.99315
G1 X138.208 Y149.193 E464.00806
G1 X132.332 Y143.318 E464.28443
G1 X136.917 Y138.733 E464.50009
;MESH:NONMESH
G0 F300 X136.917 Y138.733 Z8.8
G0 F12000 X136.917 Y138.975
G0 X143.645 Y145.649
G0 X145.597 Y143.698
G0 X138.93 Y136.964
G0 X138.687 Y136.963
;TIME_ELAPSED:489.617322
;LAYER:43
;TYPE:WALL-OUTER
;MESH:Warp_Reaction_Chamber_Lens.stl
G1 F1904.1 X143.244 Y132.406 E464.71444
G1 X149.114 Y138.277 E464.99057
G1 X149.741 Y137.856 E465.01569
G1 X150.504 Y137.29 E465.04729
G1 X151.138 Y136.882 E465.07236
G1 X151.927 Y136.399 E465.10313
G1 X152.86 Y135.861 E465.13895
G1 X153.943 Y135.281 E465.17981
G1 X154.574 Y134.962 E465.20333
G1 X154.738 Y135.131 E465.21116
G1 X157.521 Y133.84 E465.3132
G1 X160.26 Y132.782 E465.41086
G1 X163.056 Y131.907 E465.5083
G1 X165.67 Y131.273 E465.59777
G1 X166.025 Y131.198 E465.60983
G1 X168.774 Y130.719 E465.70264
G1 X171.685 Y130.406 E465.80002
G1 X174.611 Y130.284 E465.89743
G1 X177.539 Y130.355 E465.99484
G1 X180.443 Y130.615 E466.09181
G1 X183.347 Y131.069 E466.18957
G1 X186.194 Y131.706 E466.28661
G1 X188.999 Y132.531 E466.38385
G1 X191.753 Y133.54 E466.48141
G1 X194.43 Y134.724 E466.57876
G1 X197.014 Y136.077 E466.67578
G1 X199.513 Y137.6 E466.77311
G1 X201.906 Y139.283 E466.87042
G1 X204.194 Y141.128 E466.96818
G1 X206.338 Y143.101 E467.06508
G1 X208.361 Y145.223 E467.1626
G1 X210.233 Y147.464 E467.25972
G1 X211.966 Y149.838 E467.35748
G1 X213.526 Y152.299 E467.45439
G1 X214.934 Y154.879 E467.55215
G1 X216.16 Y157.521 E467.64902
G1 X217.219 Y160.263 E467.74679
G1 X218.093 Y163.056 E467.84412
G1 X218.779 Y165.887 E467.94101
G1 X219.281 Y168.77 E468.03834
G1 X219.594 Y171.679 E468.13565
G1 X219.716 Y174.616 E468.23342
G1 X219.645 Y177.539 E468.33067
G1 X219.385 Y180.443 E468.42764
G1 X218.931 Y183.347 E468.5254
G1 X218.295 Y186.19 E468.6223
G1 X217.47 Y188.997 E468.71961
G1 X216.46 Y191.753 E468.81724
G1 X215.276 Y194.43 E468.91459
G1 X213.923 Y197.014 E469.01161
G1 X212.4 Y199.513 E469.10894
G1 X210.717 Y201.906 E469.20625
G1 X208.872 Y204.194 E469.30401
G1 X206.899 Y206.338 E469.40091
G1 X204.777 Y208.361 E469.49843
G1 X202.536 Y210.233 E469.59555
G1 X200.162 Y211.966 E469.69331
G1 X197.701 Y213.526 E469.79022
G1 X195.121 Y214.934 E469.88798
G1 X192.479 Y216.16 E469.98485
G1 X189.74 Y217.218 E470.08251
G1 X186.944 Y218.093 E470.17995
G1 X184.111 Y218.779 E470.2769
G1 X181.226 Y219.281 E470.3743
G1 X178.315 Y219.594 E470.47168
G1 X175.399 Y219.715 E470.56875
G1 X172.46 Y219.645 E470.66653
G1 X169.557 Y219.385 E470.76347
G1 X166.65 Y218.931 E470.86133
G1 X163.806 Y218.294 E470.95826
G1 X161 Y217.469 E471.05554
G1 X158.247 Y216.461 E471.15305
G1 X155.57 Y215.276 E471.25042
G1 X152.983 Y213.921 E471.34755
G1 X150.484 Y212.398 E471.44489
G1 X148.091 Y210.715 E471.54219
G1 X145.806 Y208.872 E471.63983
G1 X143.662 Y206.899 E471.73674
G1 X141.639 Y204.777 E471.83425
G1 X139.765 Y202.533 E471.93149
G1 X138.034 Y200.162 E472.02913
G1 X136.474 Y197.701 E472.12605
G1 X135.066 Y195.121 E472.2238
G1 X133.84 Y192.479 E472.32068
G1 X132.781 Y189.737 E472.41844
G1 X131.907 Y186.944 E472.51578
G1 X131.221 Y184.111 E472.61273
G1 X130.719 Y181.226 E472.71013
G1 X130.405 Y178.308 E472.80774
G1 X130.285 Y175.394 E472.90474
G1 X130.355 Y172.459 E473.00239
G1 X130.615 Y169.557 E473.0993
G1 X131.069 Y166.653 E473.19706
G1 X131.713 Y163.781 E473.29495
G1 X132.359 Y161.59 E473.37093
G1 X132.53 Y161.003 E473.39126
G1 X133.541 Y158.243 E473.48902
G1 X134.777 Y155.452 E473.59055
G1 X134.615 Y155.262 E473.59885
G1 X134.679 Y155.13 E473.60373
G1 X135.249 Y153.993 E473.64603
G1 X135.785 Y152.974 E473.68433
G1 X136.246 Y152.155 E473.71559
G1 X136.634 Y151.51 E473.74062
G1 X136.957 Y151.003 E473.76062
G1 X137.611 Y150.024 E473.79978
G1 X137.949 Y149.58 E473.81834
G1 X138.231 Y149.161 E473.83513
G1 X132.361 Y143.29 E474.11126
G1 X136.917 Y138.733 E474.32559
G1 X141.235 Y143.053 E474.52874
G1 X143.645 Y145.468 E474.64222
G1 X145.416 Y143.698 E474.7255
G1 X142.357 Y140.633 E474.86952
G1 X138.687 Y136.963 E475.04215
;TIME_ELAPSED:500.014982
;LAYER:44
;MESH:Warp_Reaction_Chamber_Lens.stl
G0 F12000 X138.687 Y136.963 Z9
;TYPE:WALL-OUTER
G1 F1901.6 X143.212 Y132.438 E475.25499
G1 X149.076 Y138.303 E475.53084
G1 X149.765 Y137.84 E475.55845
G1 X150.513 Y137.285 E475.58943
G1 X151.141 Y136.879 E475.6143
G1 X151.927 Y136.399 E475.64493
G1 X152.86 Y135.861 E475.68075
G1 X153.943 Y135.281 E475.72161
G1 X154.574 Y134.962 E475.74513
G1 X154.738 Y135.131 E475.75296
G1 X157.521 Y133.84 E475.855
G1 X160.26 Y132.782 E475.95266
G1 X163.073 Y131.903 E476.05068
G1 X165.889 Y131.221 E476.14705
G1 X168.774 Y130.719 E476.24445
G1 X171.685 Y130.406 E476.34183
G1 X174.611 Y130.284 E476.43923
G1 X177.322 Y130.35 E476.52943
G1 X177.661 Y130.365 E476.54071
G1 X180.443 Y130.615 E476.63361
G1 X183.347 Y131.069 E476.73138
G1 X186.194 Y131.706 E476.82841
G1 X188.999 Y132.531 E476.92565
G1 X191.753 Y133.54 E477.02321
G1 X194.43 Y134.724 E477.12056
G1 X197.014 Y136.077 E477.21758
G1 X199.513 Y137.6 E477.31491
G1 X201.906 Y139.283 E477.41222
G1 X204.194 Y141.128 E477.50998
G1 X206.338 Y143.101 E477.60689
G1 X208.361 Y145.223 E477.7044
G1 X210.233 Y147.464 E477.80152
G1 X211.966 Y149.838 E477.89928
G1 X213.526 Y152.299 E477.99619
G1 X214.934 Y154.879 E478.09395
G1 X216.16 Y157.521 E478.19082
G1 X217.219 Y160.263 E478.28859
G1 X218.093 Y163.056 E478.38592
G1 X218.779 Y165.887 E478.48281
G1 X219.281 Y168.77 E478.58014
G1 X219.594 Y171.679 E478.67745
G1 X219.716 Y174.616 E478.77522
G1 X219.65 Y177.322 E478.86525
G1 X219.635 Y177.661 E478.87654
G1 X219.385 Y180.443 E478.96944
G1 X218.931 Y183.347 E479.0672
G1 X218.295 Y186.19 E479.1641
G1 X217.47 Y188.997 E479.26141
G1 X216.46 Y191.753 E479.35903
G1 X215.276 Y194.43 E479.45639
G1 X213.923 Y197.014 E479.5534
G1 X212.4 Y199.513 E479.65074
G1 X210.717 Y201.906 E479.74804
G1 X208.872 Y204.194 E479.8458
G1 X206.899 Y206.338 E479.94271
G1 X204.777 Y208.361 E480.04022
G1 X202.536 Y210.233 E480.13734
G1 X200.162 Y211.966 E480.2351
G1 X197.701 Y213.526 E480.33202
G1 X195.121 Y214.934 E480.42977
G1 X192.479 Y216.16 E480.52665
G1 X189.74 Y217.218 E480.62431
G1 X186.944 Y218.093 E480.72175
G1 X184.111 Y218.779 E480.8187
G1 X181.226 Y219.281 E480.9161
G1 X178.315 Y219.594 E481.01347
G1 X175.398 Y219.715 E481.11058
G1 X172.461 Y219.645 E481.20829
G1 X169.557 Y219.385 E481.30526
G1 X166.651 Y218.931 E481.40309
G1 X163.806 Y218.294 E481.50006
G1 X161 Y217.469 E481.59734
G1 X158.247 Y216.461 E481.69485
G1 X155.57 Y215.276 E481.79222
G1 X152.983 Y213.921 E481.88935
G1 X150.484 Y212.398 E481.98669
G1 X148.091 Y210.715 E482.08399
G1 X145.806 Y208.872 E482.18163
G1 X143.662 Y206.899 E482.27854
G1 X141.639 Y204.777 E482.37605
G1 X139.765 Y202.533 E482.47329
G1 X138.034 Y200.162 E482.57093
G1 X136.474 Y197.701 E482.66784
G1 X135.066 Y195.121 E482.7656
G1 X133.84 Y192.479 E482.86247
G1 X132.781 Y189.737 E482.96024
G1 X131.907 Y186.944 E483.05758
G1 X131.221 Y184.111 E483.15452
G1 X130.719 Y181.226 E483.25192
G1 X130.405 Y178.308 E483.34954
G1 X130.284 Y175.384 E483.44687
G1 X130.355 Y172.459 E483.54419
G1 X130.615 Y169.557 E483.64109
G1 X131.069 Y166.653 E483.73885
G1 X131.705 Y163.81 E483.83575
G1 X132.53 Y161.003 E483.93306
G1 X133.541 Y158.243 E484.03082
G1 X134.777 Y155.452 E484.13235
G1 X134.616 Y155.263 E484.1406
G1 X134.734 Y155.02 E484.14959
G1 X135.251 Y153.99 E484.18792
G1 X135.79 Y152.965 E484.22644
G1 X136.257 Y152.139 E484.258
G1 X136.677 Y151.441 E484.28509
G1 X136.989 Y150.954 E484.30433
G1 X137.586 Y150.06 E484.34008
G1 X137.938 Y149.597 E484.35943
G1 X138.254 Y149.124 E484.37835
G1 X132.391 Y143.26 E484.65415
G1 X136.917 Y138.733 E484.86706
G1 X141.235 Y143.053 E485.07022
G1 X143.645 Y145.468 E485.18369
G1 X145.416 Y143.698 E485.26697
G1 X141.604 Y139.88 E485.44642
G1 X138.687 Y136.963 E485.58362
;TIME_ELAPSED:510.507569
;LAYER:45
;MESH:Warp_Reaction_Chamber_Lens.stl
G0 F12000 X138.687 Y136.963 Z9.2
;TYPE:WALL-OUTER
G1 F1901.5 X143.178 Y132.472 E485.79487
G1 X149.034 Y138.331 E486.07038
G1 X149.769 Y137.837 E486.09984
G1 X150.518 Y137.282 E486.13085
G1 X151.142 Y136.879 E486.15555
G1 X151.927 Y136.399 E486.18616
G1 X152.86 Y135.861 E486.22198
G1 X153.943 Y135.282 E486.26282
G1 X154.576 Y134.963 E486.2864
G1 X154.738 Y135.131 E486.29416
G1 X157.521 Y133.84 E486.3962
G1 X160.26 Y132.782 E486.49386
G1 X163.056 Y131.907 E486.5913
G1 X165.889 Y131.221 E486.68825
G1 X168.774 Y130.719 E486.78565
G1 X171.685 Y130.406 E486.88302
G1 X174.611 Y130.284 E486.98043
G1 X177.539 Y130.355 E487.07784
G1 X180.443 Y130.615 E487.17482
G1 X183.347 Y131.069 E487.27258
G1 X186.194 Y131.706 E487.36961
G1 X188.999 Y132.531 E487.46686
G1 X191.753 Y133.54 E487.56441
G1 X194.43 Y134.724 E487.66177
G1 X197.014 Y136.077 E487.75878
G1 X199.513 Y137.6 E487.85612
G1 X201.906 Y139.283 E487.95342
G1 X204.194 Y141.128 E488.05118
G1 X206.338 Y143.101 E488.14809
G1 X208.361 Y145.223 E488.2456
G1 X210.233 Y147.464 E488.34272
G1 X211.966 Y149.838 E488.44048
G1 X213.526 Y152.299 E488.53739
G1 X214.934 Y154.879 E488.63515
G1 X216.16 Y157.521 E488.73202
G1 X217.219 Y160.263 E488.82979
G1 X218.093 Y163.056 E488.92713
G1 X218.779 Y165.887 E489.02401
G1 X219.281 Y168.77 E489.12134
G1 X219.594 Y171.679 E489.21865
G1 X219.716 Y174.616 E489.31642
G1 X219.645 Y177.539 E489.41367
G1 X219.385 Y180.443 E489.51065
G1 X218.931 Y183.347 E489.60841
G1 X218.295 Y186.19 E489.7053
G1 X217.47 Y188.997 E489.80261
G1 X216.46 Y191.753 E489.90024
G1 X215.276 Y194.43 E489.9976
G1 X213.923 Y197.014 E490.09461
G1 X212.4 Y199.513 E490.19194
G1 X210.717 Y201.906 E490.28925
G1 X208.872 Y204.194 E490.38701
G1 X206.899 Y206.338 E490.48392
G1 X204.777 Y208.361 E490.58143
G1 X202.536 Y210.233 E490.67855
G1 X200.162 Y211.966 E490.77631
G1 X197.701 Y213.526 E490.87322
G1 X195.121 Y214.934 E490.97098
G1 X192.479 Y216.16 E491.06785
G1 X189.74 Y217.218 E491.16551
G1 X186.944 Y218.093 E491.26296
G1 X184.111 Y218.779 E491.3599
G1 X181.226 Y219.281 E491.4573
G1 X178.315 Y219.594 E491.55468
G1 X175.398 Y219.715 E491.65178
G1 X172.461 Y219.645 E491.7495
G1 X169.557 Y219.385 E491.84647
G1 X166.651 Y218.931 E491.9443
G1 X163.806 Y218.294 E492.04126
G1 X161 Y217.469 E492.13854
G1 X158.247 Y216.461 E492.23605
G1 X155.57 Y215.276 E492.33342
G1 X152.983 Y213.921 E492.43056
G1 X150.484 Y212.398 E492.52789
G1 X148.091 Y210.715 E492.6252
G1 X145.806 Y208.872 E492.72284
G1 X143.662 Y206.899 E492.81974
G1 X141.639 Y204.777 E492.91726
G1 X139.765 Y202.533 E493.0145
G1 X138.034 Y200.162 E493.11214
G1 X136.474 Y197.701 E493.20905
G1 X135.066 Y195.121 E493.30681
G1 X133.84 Y192.479 E493.40368
G1 X132.781 Y189.737 E493.50144
G1 X131.907 Y186.944 E493.59878
G1 X131.221 Y184.111 E493.69573
G1 X130.719 Y181.226 E493.79313
G1 X130.405 Y178.308 E493.89074
G1 X130.285 Y175.393 E493.98778
G1 X130.349 Y172.685 E494.07787
G1 X130.365 Y172.348 E494.08909
G1 X130.615 Y169.557 E494.18229
G1 X131.069 Y166.653 E494.28005
G1 X131.712 Y163.783 E494.37788
G1 X132.53 Y161.003 E494.47426
G1 X133.541 Y158.243 E494.57202
G1 X134.777 Y155.452 E494.67355
G1 X134.616 Y155.262 E494.68183
G1 X134.68 Y155.13 E494.68671
G1 X135.254 Y153.985 E494.72931
G1 X135.798 Y152.954 E494.76808
G1 X136.269 Y152.12 E494.79994
G1 X136.67 Y151.454 E494.82579
G1 X137.01 Y150.924 E494.84674
G1 X137.561 Y150.097 E494.87979
G1 X137.926 Y149.615 E494.8999
G1 X138.282 Y149.082 E494.92122
G1 X132.427 Y143.223 E495.19671
G1 X136.917 Y138.733 E495.40791
G1 X142.032 Y143.851 E495.64857
G1 X143.645 Y145.468 E495.72454
G1 X145.416 Y143.698 E495.80782
G1 X141.562 Y139.838 E495.98924
G1 X138.687 Y136.963 E496.12447
;TIME_ELAPSED:521.000039
;LAYER:46
;MESH:Warp_Reaction_Chamber_Lens.stl
G0 F12000 X138.687 Y136.963 Z9.4
;TYPE:WALL-OUTER
G1 F1901.4 X143.138 Y132.512 E496.33383
G1 X148.988 Y138.36 E496.60895
G1 X149.771 Y137.837 E496.64027
G1 X150.52 Y137.281 E496.67129
G1 X151.142 Y136.879 E496.69593
G1 X151.927 Y136.399 E496.72653
G1 X152.86 Y135.861 E496.76235
G1 X153.943 Y135.282 E496.8032
G1 X154.576 Y134.963 E496.82677
G1 X154.738 Y135.131 E496.83453
G1 X157.521 Y133.84 E496.93657
G1 X160.26 Y132.782 E497.03423
G1 X163.071 Y131.904 E497.13218
G1 X165.889 Y131.221 E497.22862
G1 X168.774 Y130.719 E497.32602
G1 X171.685 Y130.406 E497.4234
G1 X174.611 Y130.284 E497.5208
G1 X177.539 Y130.355 E497.61821
G1 X180.443 Y130.615 E497.71519
G1 X183.347 Y131.069 E497.81295
G1 X186.194 Y131.706 E497.90998
G1 X188.999 Y132.531 E498.00723
G1 X191.753 Y133.54 E498.10478
G1 X194.43 Y134.724 E498.20214
G1 X197.014 Y136.077 E498.29915
G1 X199.513 Y137.6 E498.39649
G1 X201.906 Y139.283 E498.49379
G1 X204.194 Y141.128 E498.59155
G1 X206.338 Y143.101 E498.68846
G1 X208.361 Y145.223 E498.78597
G1 X210.233 Y147.464 E498.88309
G1 X211.966 Y149.838 E498.98085
G1 X213.526 Y152.299 E499.07776
G1 X214.934 Y154.879 E499.17552
G1 X216.16 Y157.521 E499.27239
G1 X217.219 Y160.263 E499.37016
G1 X218.093 Y163.056 E499.4675
G1 X218.779 Y165.887 E499.56438
G1 X219.281 Y168.77 E499.66171
G1 X219.594 Y171.679 E499.75903
G1 X219.716 Y174.616 E499.85679
G1 X219.645 Y177.539 E499.95404
G1 X219.385 Y180.443 E500.05102
G1 X218.931 Y183.347 E500.14878
G1 X218.295 Y186.19 E500.24567
G1 X217.47 Y188.997 E500.34298
G1 X216.46 Y191.753 E500.44061
G1 X215.276 Y194.43 E500.53797
G1 X213.923 Y197.014 E500.63498
G1 X212.4 Y199.513 E500.73232
G1 X210.717 Y201.906 E500.82962
G1 X208.872 Y204.194 E500.92738
G1 X206.899 Y206.338 E501.02429
G1 X204.777 Y208.361 E501.1218
G1 X202.536 Y210.233 E501.21892
G1 X200.162 Y211.966 E501.31668
G1 X197.701 Y213.526 E501.41359
G1 X195.121 Y214.934 E501.51135
G1 X192.479 Y216.16 E501.60822
G1 X189.74 Y217.218 E501.70588
G1 X186.944 Y218.093 E501.80333
G1 X184.111 Y218.779 E501.90028
G1 X181.226 Y219.281 E501.99767
G1 X178.315 Y219.594 E502.09505
G1 X175.397 Y219.715 E502.19219
G1 X172.461 Y219.645 E502.28987
G1 X169.557 Y219.385 E502.38684
G1 X166.651 Y218.931 E502.48467
G1 X163.806 Y218.294 E502.58164
G1 X161 Y217.469 E502.67891
G1 X158.247 Y216.461 E502.77642
G1 X155.57 Y215.276 E502.87379
G1 X152.983 Y213.921 E502.97093
G1 X150.484 Y212.398 E503.06826
G1 X148.091 Y210.715 E503.16557
G1 X145.806 Y208.872 E503.26321
G1 X143.662 Y206.899 E503.36012
G1 X141.639 Y204.777 E503.45763
G1 X139.765 Y202.533 E503.55487
G1 X138.034 Y200.162 E503.65251
G1 X136.474 Y197.701 E503.74942
G1 X135.066 Y195.121 E503.84718
G1 X133.84 Y192.479 E503.94405
G1 X132.781 Y189.737 E504.04182
G1 X131.907 Y186.944 E504.13915
G1 X131.221 Y184.111 E504.2361
G1 X130.719 Y181.226 E504.3335
G1 X130.405 Y178.308 E504.43111
G1 X130.285 Y175.392 E504.52818
G1 X130.355 Y172.459 E504.62576
G1 X130.615 Y169.557 E504.72267
G1 X131.069 Y166.653 E504.82043
G1 X131.705 Y163.81 E504.91733
G1 X132.53 Y161.003 E505.01464
G1 X133.541 Y158.243 E505.1124
G1 X134.777 Y155.452 E505.21392
G1 X134.616 Y155.263 E505.22218
G1 X135.257 Y153.981 E505.26985
G1 X135.808 Y152.939 E505.30906
G1 X136.287 Y152.093 E505.34139
G1 X136.695 Y151.417 E505.36765
G1 X137.043 Y150.874 E505.3891
G1 X137.556 Y150.105 E505.41985
G1 X137.914 Y149.633 E505.43955
G1 X138.314 Y149.035 E505.46348
G1 X137.689 Y148.406 E505.49298
G1 X137.558 Y148.277 E505.49909
G1 X137.142 Y147.859 E505.5187
G1 X135.57 Y146.289 E505.5926
G1 X132.466 Y143.184 E505.73863
G1 X136.917 Y138.733 E505.94799
G1 X141.235 Y143.053 E506.15114
G1 X143.645 Y145.468 E506.26462
G1 X145.416 Y143.698 E506.3479
G1 X141.456 Y139.732 E506.5343
G1 X138.687 Y136.963 E506.66455
;MESH:NONMESH
G0 F300 X138.687 Y136.963 Z9.6
G0 F12000 X138.929 Y136.963
G0 X145.597 Y143.698
G0 X143.645 Y145.649
G0 X136.917 Y138.975
G0 X136.917 Y138.733
;TIME_ELAPSED:532.207003
;LAYER:47
;TYPE:WALL-OUTER
;MESH:Warp_Reaction_Chamber_Lens.stl
G1 F1903.6 X142.032 Y143.851 E506.90521
G1 X143.645 Y145.468 E506.98118
G1 X145.416 Y143.698 E507.06446
G1 X141.35 Y139.626 E507.25585
G1 X138.688 Y136.964 E507.38106
G1 X143.096 Y132.555 E507.58842
G1 X147.764 Y137.226 E507.80806
G1 X148.312 Y137.771 E507.83377
G1 X148.936 Y138.396 E507.86314
G1 X149.773 Y137.836 E507.89664
G1 X150.527 Y137.276 E507.92788
G1 X151.143 Y136.879 E507.95225
G1 X151.927 Y136.399 E507.98283
G1 X152.86 Y135.861 E508.01865
G1 X153.943 Y135.282 E508.05949
G1 X154.576 Y134.963 E508.08307
G1 X154.738 Y135.131 E508.09083
G1 X157.521 Y133.84 E508.19287
G1 X160.26 Y132.782 E508.29053
G1 X163.07 Y131.904 E508.38845
G1 X165.729 Y131.259 E508.47945
G1 X165.991 Y131.204 E508.48835
G1 X168.774 Y130.719 E508.58231
G1 X171.685 Y130.406 E508.67969
G1 X174.611 Y130.284 E508.77709
G1 X177.539 Y130.355 E508.87451
G1 X180.443 Y130.615 E508.97148
G1 X183.347 Y131.069 E509.06924
G1 X186.194 Y131.706 E509.16627
G1 X188.999 Y132.531 E509.26352
G1 X191.753 Y133.54 E509.36107
G1 X194.43 Y134.724 E509.45843
G1 X197.014 Y136.077 E509.55544
G1 X199.513 Y137.6 E509.65278
G1 X201.906 Y139.283 E509.75009
G1 X204.194 Y141.128 E509.84784
G1 X206.338 Y143.101 E509.94475
G1 X208.361 Y145.223 E510.04226
G1 X210.233 Y147.464 E510.13938
G1 X211.966 Y149.838 E510.23714
G1 X213.526 Y152.299 E510.33406
G1 X214.934 Y154.879 E510.43181
G1 X216.16 Y157.521 E510.52869
G1 X217.219 Y160.263 E510.62645
G1 X218.093 Y163.056 E510.72379
G1 X218.779 Y165.887 E510.82068
G1 X219.281 Y168.77 E510.91801
G1 X219.594 Y171.679 E511.01532
G1 X219.716 Y174.616 E511.11309
G1 X219.645 Y177.539 E511.21034
G1 X219.385 Y180.443 E511.30731
G1 X218.931 Y183.347 E511.40507
G1 X218.295 Y186.19 E511.50197
G1 X217.47 Y188.997 E511.59928
G1 X216.46 Y191.753 E511.6969
G1 X215.276 Y194.43 E511.79426
G1 X213.923 Y197.014 E511.89127
G1 X212.4 Y199.513 E511.98861
G1 X210.717 Y201.906 E512.08591
G1 X208.872 Y204.194 E512.18367
G1 X206.899 Y206.338 E512.28058
G1 X204.777 Y208.361 E512.37809
G1 X202.536 Y210.233 E512.47521
G1 X200.162 Y211.966 E512.57297
G1 X197.701 Y213.526 E512.66989
G1 X195.121 Y214.934 E512.76764
G1 X192.479 Y216.16 E512.86452
G1 X189.74 Y217.218 E512.96218
G1 X186.944 Y218.093 E513.05962
G1 X184.111 Y218.779 E513.15657
G1 X181.226 Y219.281 E513.25397
G1 X178.315 Y219.594 E513.35134
G1 X175.396 Y219.715 E513.44851
G1 X172.461 Y219.645 E513.54616
G1 X169.557 Y219.385 E513.64313
G1 X166.651 Y218.931 E513.74096
G1 X163.806 Y218.294 E513.83793
G1 X161 Y217.469 E513.93521
G1 X158.247 Y216.461 E514.03272
G1 X155.57 Y215.276 E514.13009
G1 X152.983 Y213.921 E514.22722
G1 X150.484 Y212.398 E514.32456
G1 X148.091 Y210.715 E514.42186
G1 X145.806 Y208.872 E514.5195
G1 X143.662 Y206.899 E514.61641
G1 X141.639 Y204.777 E514.71392
G1 X139.765 Y202.533 E514.81116
G1 X138.034 Y200.162 E514.9088
G1 X136.474 Y197.701 E515.00571
G1 X135.066 Y195.121 E515.10347
G1 X133.84 Y192.479 E515.20034
G1 X132.781 Y189.737 E515.29811
G1 X131.907 Y186.944 E515.39545
G1 X131.221 Y184.111 E515.4924
G1 X130.719 Y181.226 E515.58979
G1 X130.405 Y178.308 E515.68741
G1 X130.285 Y175.391 E515.78451
G1 X130.35 Y172.652 E515.87563
G1 X130.363 Y172.366 E515.88516
G1 X130.615 Y169.557 E515.97896
G1 X131.069 Y166.653 E516.07672
G1 X131.711 Y163.788 E516.17437
G1 X132.376 Y161.532 E516.2526
G1 X132.53 Y161.003 E516.27092
G1 X133.541 Y158.243 E516.36869
G1 X134.777 Y155.452 E516.47021
G1 X134.616 Y155.264 E516.47844
G1 X135.261 Y153.972 E516.52647
G1 X135.596 Y153.346 E516.55009
G1 X135.813 Y152.933 E516.56561
G1 X136.299 Y152.075 E516.5984
G1 X136.722 Y151.377 E516.62555
G1 X137.077 Y150.825 E516.64738
G1 X137.567 Y150.089 E516.67679
G1 X137.903 Y149.649 E516.6952
G1 X138.216 Y149.182 E516.7139
G1 X138.346 Y148.98 E516.72189
G1 X137.725 Y148.355 E516.75119
G1 X137.677 Y148.31 E516.75338
G1 X132.509 Y143.141 E516.99649
G1 X136.917 Y138.733 E517.20383
;MESH:NONMESH
G0 F300 X136.917 Y138.733 Z9.8
G0 F12000 X136.917 Y138.975
G0 X143.645 Y145.649
G0 X145.597 Y143.698
G0 X138.93 Y136.964
G0 X138.687 Y136.963
;TIME_ELAPSED:543.318605
;LAYER:48
;TYPE:WALL-OUTER
;MESH:Warp_Reaction_Chamber_Lens.stl
G1 F1903.5 X143.047 Y132.603 E517.40891
G1 X148.878 Y138.435 E517.68321
G1 X149.791 Y137.822 E517.71978
G1 X150.518 Y137.282 E517.7499
G1 X151.143 Y136.878 E517.77466
G1 X151.927 Y136.399 E517.80521
G1 X152.86 Y135.861 E517.84103
G1 X153.943 Y135.282 E517.88188
G1 X154.576 Y134.963 E517.90546
G1 X154.738 Y135.131 E517.91322
G1 X157.521 Y133.84 E518.01526
G1 X160.26 Y132.782 E518.11292
G1 X163.056 Y131.907 E518.21036
G1 X165.89 Y131.221 E518.30734
G1 X168.774 Y130.719 E518.4047
G1 X171.685 Y130.406 E518.50208
G1 X174.611 Y130.284 E518.59949
G1 X177.539 Y130.355 E518.6969
G1 X180.443 Y130.615 E518.79387
G1 X183.347 Y131.069 E518.89163
G1 X186.194 Y131.706 E518.98867
G1 X188.999 Y132.531 E519.08591
G1 X191.753 Y133.54 E519.18347
G1 X194.43 Y134.724 E519.28082
G1 X197.014 Y136.077 E519.37784
G1 X199.513 Y137.6 E519.47517
G1 X201.906 Y139.283 E519.57248
G1 X204.194 Y141.128 E519.67024
G1 X206.338 Y143.101 E519.76715
G1 X208.361 Y145.223 E519.86466
G1 X210.233 Y147.464 E519.96178
G1 X211.966 Y149.838 E520.05954
G1 X213.526 Y152.299 E520.15645
G1 X214.934 Y154.879 E520.25421
G1 X216.16 Y157.521 E520.35108
G1 X217.219 Y160.263 E520.44885
G1 X218.093 Y163.056 E520.54618
G1 X218.779 Y165.887 E520.64307
G1 X219.281 Y168.77 E520.7404
G1 X219.594 Y171.679 E520.83771
G1 X219.716 Y174.616 E520.93548
G1 X219.645 Y177.539 E521.03273
G1 X219.385 Y180.443 E521.1297
G1 X218.931 Y183.347 E521.22746
G1 X218.295 Y186.19 E521.32436
G1 X217.47 Y188.997 E521.42167
G1 X216.46 Y191.753 E521.5193
G1 X215.276 Y194.43 E521.61665
G1 X213.923 Y197.014 E521.71367
G1 X212.4 Y199.513 E521.811
G1 X210.717 Y201.906 E521.90831
G1 X208.872 Y204.194 E522.00607
G1 X206.899 Y206.338 E522.10297
G1 X204.777 Y208.361 E522.20049
G1 X202.536 Y210.233 E522.29761
G1 X200.162 Y211.966 E522.39537
G1 X197.701 Y213.526 E522.49228
G1 X195.121 Y214.934 E522.59004
G1 X192.479 Y216.16 E522.68691
G1 X189.74 Y217.218 E522.78457
G1 X186.944 Y218.093 E522.88201
G1 X184.111 Y218.779 E522.97896
G1 X181.226 Y219.281 E523.07636
G1 X178.315 Y219.594 E523.17374
G1 X175.396 Y219.715 E523.27091
G1 X172.461 Y219.645 E523.36855
G1 X169.557 Y219.385 E523.46553
G1 X166.651 Y218.931 E523.56335
G1 X163.806 Y218.294 E523.66032
G1 X161 Y217.469 E523.7576
G1 X158.247 Y216.461 E523.85511
G1 X155.57 Y215.276 E523.95248
G1 X152.983 Y213.921 E524.04961
G1 X150.484 Y212.398 E524.14695
G1 X148.091 Y210.715 E524.24425
G1 X145.806 Y208.872 E524.34189
G1 X143.662 Y206.899 E524.4388
G1 X141.639 Y204.777 E524.53631
G1 X139.765 Y202.533 E524.63355
G1 X138.034 Y200.162 E524.73119
G1 X136.474 Y197.701 E524.82811
G1 X135.066 Y195.121 E524.92586
G1 X133.84 Y192.479 E525.02274
G1 X132.781 Y189.737 E525.1205
G1 X131.907 Y186.944 E525.21784
G1 X131.221 Y184.111 E525.31479
G1 X130.719 Y181.226 E525.41219
G1 X130.405 Y178.308 E525.5098
G1 X130.284 Y175.384 E525.60713
G1 X130.355 Y172.459 E525.70445
G1 X130.615 Y169.557 E525.80136
G1 X131.069 Y166.653 E525.89912
G1 X131.711 Y163.789 E525.99674
G1 X132.53 Y161.003 E526.09332
G1 X133.541 Y158.243 E526.19109
G1 X134.777 Y155.452 E526.29261
G1 X134.618 Y155.265 E526.30077
G1 X134.678 Y155.138 E526.30545
G1 X135.264 Y153.972 E526.34885
G1 X135.821 Y152.921 E526.38841
G1 X136.314 Y152.053 E526.42161
G1 X136.746 Y151.341 E526.44931
G1 X137.11 Y150.775 E526.47169
G1 X137.579 Y150.072 E526.4998
G1 X137.857 Y149.707 E526.51506
G1 X138.006 Y149.495 E526.52368
G1 X138.387 Y148.925 E526.54648
G1 X137.224 Y147.758 E526.60128
G1 X132.558 Y143.093 E526.82073
G1 X136.917 Y138.733 E527.02579
G1 X141.546 Y143.364 E527.24357
G1 X143.645 Y145.468 E527.34242
G1 X145.416 Y143.698 E527.4257
G1 X141.559 Y139.835 E527.60726
G1 X138.687 Y136.963 E527.74235
;TIME_ELAPSED:553.715620
;LAYER:49
;MESH:Warp_Reaction_Chamber_Lens.stl
G0 F12000 X138.687 Y136.963 Z10
;TYPE:WALL-OUTER
G1 F1901 X142.995 Y132.655 E527.94499
G1 X148.815 Y138.478 E528.21881
G1 X149.759 Y137.845 E528.25661
G1 X150.527 Y137.275 E528.28842
G1 X151.2 Y136.844 E528.31501
G1 X151.927 Y136.399 E528.34336
G1 X152.86 Y135.861 E528.37918
G1 X153.943 Y135.282 E528.42002
G1 X154.577 Y134.965 E528.4436
G1 X154.738 Y135.131 E528.45129
G1 X157.521 Y133.84 E528.55333
G1 X160.26 Y132.782 E528.65099
G1 X163.056 Y131.907 E528.74843
G1 X165.889 Y131.221 E528.84538
G1 X168.774 Y130.719 E528.94278
G1 X171.685 Y130.406 E529.04015
G1 X174.611 Y130.284 E529.13756
G1 X177.539 Y130.355 E529.23497
G1 X180.443 Y130.615 E529.33195
G1 X183.347 Y131.069 E529.42971
G1 X186.194 Y131.706 E529.52674
G1 X188.999 Y132.531 E529.62399
G1 X191.753 Y133.54 E529.72154
G1 X194.43 Y134.724 E529.8189
G1 X197.014 Y136.077 E529.91591
G1 X199.513 Y137.6 E530.01325
G1 X201.906 Y139.283 E530.11055
G1 X204.194 Y141.128 E530.20831
G1 X206.338 Y143.101 E530.30522
G1 X208.361 Y145.223 E530.40273
G1 X210.233 Y147.464 E530.49985
G1 X211.966 Y149.838 E530.59761
G1 X213.526 Y152.299 E530.69452
G1 X214.934 Y154.879 E530.79228
G1 X216.16 Y157.521 E530.88915
G1 X217.219 Y160.263 E530.98692
G1 X218.093 Y163.056 E531.08426
G1 X218.779 Y165.887 E531.18114
G1 X219.281 Y168.77 E531.27847
G1 X219.594 Y171.679 E531.37578
G1 X219.716 Y174.616 E531.47355
G1 X219.645 Y177.539 E531.5708
G1 X219.385 Y180.443 E531.66778
G1 X218.931 Y183.347 E531.76554
G1 X218.295 Y186.19 E531.86243
G1 X217.47 Y188.997 E531.95974
G1 X216.46 Y191.753 E532.05737
G1 X215.276 Y194.43 E532.15473
G1 X213.923 Y197.014 E532.25174
G1 X212.4 Y199.513 E532.34907
G1 X210.717 Y201.906 E532.44638
G1 X208.872 Y204.194 E532.54414
G1 X206.899 Y206.338 E532.64105
G1 X204.777 Y208.361 E532.73856
G1 X202.536 Y210.233 E532.83568
G1 X200.162 Y211.966 E532.93344
G1 X197.701 Y213.526 E533.03035
G1 X195.121 Y214.934 E533.12811
G1 X192.479 Y216.16 E533.22498
G1 X189.74 Y217.218 E533.32264
G1 X186.944 Y218.093 E533.42009
G1 X184.111 Y218.779 E533.51703
G1 X181.226 Y219.281 E533.61443
G1 X178.315 Y219.594 E533.71181
G1 X175.395 Y219.715 E533.80901
G1 X172.461 Y219.645 E533.90663
G1 X169.557 Y219.385 E534.0036
G1 X166.652 Y218.931 E534.10139
G1 X163.806 Y218.294 E534.19839
G1 X161 Y217.469 E534.29567
G1 X158.247 Y216.461 E534.39318
G1 X155.57 Y215.276 E534.49055
G1 X152.983 Y213.921 E534.58768
G1 X150.484 Y212.398 E534.68502
G1 X148.091 Y210.715 E534.78233
G1 X145.806 Y208.872 E534.87996
G1 X143.662 Y206.899 E534.97687
G1 X141.639 Y204.777 E535.07439
G1 X139.765 Y202.533 E535.17163
G1 X138.034 Y200.162 E535.26926
G1 X136.474 Y197.701 E535.36618
G1 X135.066 Y195.121 E535.46394
G1 X133.84 Y192.479 E535.56081
G1 X132.781 Y189.737 E535.65857
G1 X131.907 Y186.944 E535.75591
G1 X131.221 Y184.111 E535.85286
G1 X130.719 Y181.226 E535.95026
G1 X130.405 Y178.308 E536.04787
G1 X130.285 Y175.39 E536.14501
G1 X130.351 Y172.618 E536.23723
G1 X130.361 Y172.383 E536.24505
G1 X130.615 Y169.557 E536.33942
G1 X131.069 Y166.653 E536.43719
G1 X131.705 Y163.81 E536.53408
G1 X132.53 Y161.003 E536.63139
G1 X133.541 Y158.243 E536.72915
G1 X134.777 Y155.452 E536.83068
G1 X134.618 Y155.266 E536.83882
G1 X134.678 Y155.14 E536.84346
G1 X135.267 Y153.967 E536.88712
G1 X135.829 Y152.91 E536.92693
G1 X136.33 Y152.029 E536.96064
G1 X136.772 Y151.303 E536.98891
G1 X137.18 Y150.67 E537.01396
G1 X137.589 Y150.057 E537.03847
G1 X137.811 Y149.765 E537.05067
G1 X138.007 Y149.487 E537.06198
G1 X138.154 Y149.273 E537.07062
G1 X138.431 Y148.861 E537.08713
G1 X132.608 Y143.042 E537.36093
G1 X136.917 Y138.733 E537.56361
G1 X140.364 Y142.181 E537.72577
G1 X143.645 Y145.468 E537.88024
G1 X145.416 Y143.698 E537.96352
G1 X141.137 Y139.413 E538.16493
G1 X138.687 Y136.963 E538.28017
;TIME_ELAPSED:564.207619
;LAYER:50
;MESH:Warp_Reaction_Chamber_Lens.stl
G0 F12000 X138.687 Y136.963 Z10.2
;TYPE:WALL-OUTER
G1 F1900.8 X142.939 Y132.711 E538.48018
G1 X148.747 Y138.523 E538.75346
G1 X149.743 Y137.856 E538.79333
G1 X150.522 Y137.279 E538.82557
G1 X151.142 Y136.879 E538.85011
G1 X151.927 Y136.399 E538.88072
G1 X152.86 Y135.861 E538.91654
G1 X153.943 Y135.282 E538.95738
G1 X154.577 Y134.965 E538.98096
G1 X154.738 Y135.131 E538.98865
G1 X157.521 Y133.84 E539.09069
G1 X160.26 Y132.782 E539.18835
G1 X163.067 Y131.905 E539.28616
G1 X165.889 Y131.221 E539.38274
G1 X168.774 Y130.719 E539.48013
G1 X171.685 Y130.406 E539.57751
G1 X174.658 Y130.284 E539.67648
G1 X177.539 Y130.355 E539.77233
G1 X180.443 Y130.615 E539.8693
G1 X183.347 Y131.069 E539.96706
G1 X186.194 Y131.706 E540.0641
G1 X188.999 Y132.531 E540.16134
G1 X191.753 Y133.54 E540.2589
G1 X194.43 Y134.724 E540.35625
G1 X197.014 Y136.077 E540.45327
G1 X199.513 Y137.6 E540.5506
G1 X201.906 Y139.283 E540.64791
G1 X204.194 Y141.128 E540.74567
G1 X206.338 Y143.101 E540.84257
G1 X208.361 Y145.223 E540.94009
G1 X210.233 Y147.464 E541.03721
G1 X211.966 Y149.838 E541.13497
G1 X213.526 Y152.299 E541.23188
G1 X214.934 Y154.879 E541.32964
G1 X216.16 Y157.521 E541.42651
G1 X217.219 Y160.263 E541.52428
G1 X218.093 Y163.056 E541.62161
G1 X218.779 Y165.887 E541.7185
G1 X219.281 Y168.77 E541.81583
G1 X219.594 Y171.679 E541.91314
G1 X219.716 Y174.652 E542.01211
G1 X219.645 Y177.539 E542.10816
G1 X219.385 Y180.443 E542.20513
G1 X218.931 Y183.347 E542.30289
G1 X218.295 Y186.19 E542.39979
G1 X217.47 Y188.997 E542.4971
G1 X216.461 Y191.753 E542.59471
G1 X215.264 Y194.454 E542.69298
G1 X213.923 Y197.014 E542.7891
G1 X212.4 Y199.513 E542.88643
G1 X210.717 Y201.906 E542.98374
G1 X208.872 Y204.194 E543.0815
G1 X206.899 Y206.338 E543.1784
G1 X204.778 Y208.361 E543.27589
G1 X202.519 Y210.245 E543.37373
G1 X200.162 Y211.966 E543.4708
G1 X197.701 Y213.526 E543.56771
G1 X195.121 Y214.934 E543.66547
G1 X192.479 Y216.16 E543.76234
G1 X189.74 Y217.218 E543.86
G1 X186.944 Y218.093 E543.95744
G1 X184.111 Y218.779 E544.05439
G1 X181.226 Y219.281 E544.15179
G1 X178.315 Y219.594 E544.24917
G1 X175.395 Y219.715 E544.34637
G1 X172.461 Y219.645 E544.44398
G1 X169.557 Y219.385 E544.54096
G1 X166.652 Y218.931 E544.63875
G1 X163.806 Y218.294 E544.73575
G1 X161 Y217.469 E544.83303
G1 X158.247 Y216.461 E544.93054
G1 X155.57 Y215.276 E545.02791
G1 X152.983 Y213.921 E545.12504
G1 X150.484 Y212.398 E545.22238
G1 X148.091 Y210.715 E545.31968
G1 X145.806 Y208.872 E545.41732
G1 X143.662 Y206.899 E545.51423
G1 X141.639 Y204.777 E545.61174
G1 X139.765 Y202.533 E545.70898
G1 X138.034 Y200.162 E545.80662
G1 X136.474 Y197.701 E545.90353
G1 X135.066 Y195.121 E546.00129
G1 X133.84 Y192.479 E546.09817
G1 X132.781 Y189.737 E546.19593
G1 X131.907 Y186.944 E546.29327
G1 X131.221 Y184.111 E546.39022
G1 X130.719 Y181.226 E546.48761
G1 X130.405 Y178.308 E546.58523
G1 X130.285 Y175.39 E546.68236
G1 X130.351 Y172.602 E546.77512
G1 X130.361 Y172.393 E546.78208
G1 X130.615 Y169.557 E546.87678
G1 X131.069 Y166.653 E546.97454
G1 X131.705 Y163.81 E547.07144
G1 X132.53 Y161.003 E547.16875
G1 X133.541 Y158.243 E547.26651
G1 X134.777 Y155.452 E547.36803
G1 X134.619 Y155.267 E547.37613
G1 X134.677 Y155.144 E547.38065
G1 X135.271 Y153.958 E547.42477
G1 X135.838 Y152.896 E547.46481
G1 X136.185 Y152.283 E547.48824
G1 X136.347 Y152.003 E547.499
G1 X136.8 Y151.261 E547.52791
G1 X137.183 Y150.665 E547.55147
G1 X137.6 Y150.041 E547.57644
G1 X137.766 Y149.823 E547.58555
G1 X138.049 Y149.431 E547.60163
G1 X138.476 Y148.792 E547.62719
G1 X137.319 Y147.639 E547.68152
G1 X132.666 Y142.985 E547.90041
G1 X136.917 Y138.733 E548.10038
G1 X141.235 Y143.053 E548.30354
G1 X143.645 Y145.468 E548.41701
G1 X145.416 Y143.698 E548.50029
G1 X141.031 Y139.307 E548.70669
G1 X138.687 Y136.963 E548.81694
;MESH:NONMESH
G0 F300 X138.687 Y136.963 Z10.4
G0 F12000 X138.929 Y136.963
G0 X145.597 Y143.698
G0 X143.645 Y145.649
G0 X136.917 Y138.975
G0 X136.917 Y138.733
;TIME_ELAPSED:575.413790
;LAYER:51
;TYPE:WALL-OUTER
;MESH:Warp_Reaction_Chamber_Lens.stl
G1 F1902.9 X141.006 Y142.823 E549.0093
G1 X143.645 Y145.468 E549.13357
G1 X145.416 Y143.698 E549.21685
G1 X141.521 Y139.797 E549.4002
G1 X138.688 Y136.964 E549.53346
G1 X142.877 Y132.774 E549.73052
G1 X146.979 Y136.875 E549.92344
G1 X147.523 Y137.423 E549.94912
G1 X148.674 Y138.57 E550.00317
G1 X149.728 Y137.866 E550.04533
G1 X150.517 Y137.282 E550.07797
G1 X151.141 Y136.88 E550.10266
G1 X151.927 Y136.399 E550.13331
G1 X152.86 Y135.861 E550.16913
G1 X153.943 Y135.282 E550.20998
G1 X154.577 Y134.965 E550.23355
G1 X154.738 Y135.131 E550.24125
G1 X157.521 Y133.84 E550.34328
G1 X160.26 Y132.782 E550.44094
G1 X162.834 Y131.977 E550.53064
G1 X163.09 Y131.899 E550.53954
G1 X165.89 Y131.221 E550.63536
G1 X168.774 Y130.719 E550.73273
G1 X171.685 Y130.406 E550.83011
G1 X174.655 Y130.284 E550.92897
G1 X177.538 Y130.355 E551.02489
G1 X180.443 Y130.615 E551.1219
G1 X183.347 Y131.069 E551.21966
G1 X186.194 Y131.706 E551.31669
G1 X188.999 Y132.531 E551.41394
G1 X191.753 Y133.54 E551.51149
G1 X194.43 Y134.724 E551.60885
G1 X197.014 Y136.077 E551.70586
G1 X199.513 Y137.6 E551.8032
G1 X201.906 Y139.283 E551.9005
G1 X204.194 Y141.128 E551.99826
G1 X206.338 Y143.101 E552.09517
G1 X208.361 Y145.223 E552.19268
G1 X210.233 Y147.464 E552.2898
G1 X211.966 Y149.838 E552.38756
G1 X213.526 Y152.299 E552.48447
G1 X214.934 Y154.879 E552.58223
G1 X216.16 Y157.521 E552.67911
G1 X217.219 Y160.263 E552.77687
G1 X218.093 Y163.056 E552.87421
G1 X218.779 Y165.887 E552.97109
G1 X219.281 Y168.77 E553.06842
G1 X219.594 Y171.679 E553.16574
G1 X219.716 Y174.66 E553.26497
G1 X219.645 Y177.538 E553.36072
G1 X219.385 Y180.443 E553.45773
G1 X218.931 Y183.347 E553.55549
G1 X218.295 Y186.19 E553.65238
G1 X217.47 Y188.997 E553.74969
G1 X216.46 Y191.753 E553.84732
G1 X215.276 Y194.43 E553.94468
G1 X213.923 Y197.014 E554.04169
G1 X212.4 Y199.513 E554.13903
G1 X210.717 Y201.906 E554.23633
G1 X208.872 Y204.194 E554.33409
G1 X206.899 Y206.338 E554.431
G1 X204.777 Y208.361 E554.52851
G1 X202.529 Y210.238 E554.62592
G1 X200.162 Y211.966 E554.72339
G1 X197.701 Y213.526 E554.8203
G1 X195.121 Y214.934 E554.91806
G1 X192.479 Y216.16 E555.01493
G1 X189.74 Y217.218 E555.11259
G1 X186.944 Y218.093 E555.21004
G1 X184.111 Y218.779 E555.30698
G1 X181.226 Y219.281 E555.40438
G1 X178.315 Y219.594 E555.50176
G1 X175.393 Y219.715 E555.59903
G1 X172.461 Y219.645 E555.69658
G1 X169.557 Y219.385 E555.79355
G1 X166.652 Y218.931 E555.89134
G1 X163.806 Y218.294 E555.98834
G1 X161 Y217.469 E556.08562
G1 X158.247 Y216.461 E556.18313
G1 X155.57 Y215.276 E556.2805
G1 X152.983 Y213.921 E556.37763
G1 X150.484 Y212.398 E556.47497
G1 X148.091 Y210.715 E556.57228
G1 X145.806 Y208.872 E556.66992
G1 X143.662 Y206.899 E556.76682
G1 X141.639 Y204.777 E556.86434
G1 X139.765 Y202.533 E556.96158
G1 X138.034 Y200.162 E557.05922
G1 X136.474 Y197.701 E557.15613
G1 X135.066 Y195.121 E557.25389
G1 X133.84 Y192.479 E557.35076
G1 X132.781 Y189.737 E557.44852
G1 X131.907 Y186.944 E557.54586
G1 X131.221 Y184.111 E557.64281
G1 X130.719 Y181.226 E557.74021
G1 X130.405 Y178.308 E557.83782
G1 X130.284 Y175.384 E557.93516
G1 X130.355 Y172.459 E558.03247
G1 X130.615 Y169.557 E558.12938
G1 X131.069 Y166.653 E558.22714
G1 X131.709 Y163.794 E558.32458
G1 X132.53 Y161.003 E558.42135
G1 X133.541 Y158.243 E558.51911
G1 X134.777 Y155.452 E558.62063
G1 X134.619 Y155.268 E558.6287
G1 X134.676 Y155.148 E558.63312
G1 X135.275 Y153.952 E558.67761
G1 X135.846 Y152.883 E558.71792
G1 X136.075 Y152.478 E558.73339
G1 X136.365 Y151.978 E558.75262
G1 X136.827 Y151.22 E558.78214
G1 X137.221 Y150.609 E558.80632
G1 X137.612 Y150.023 E558.82975
G1 X137.79 Y149.782 E558.83972
G1 X138.116 Y149.33 E558.85825
G1 X138.524 Y148.72 E558.88266
G1 X137.377 Y147.569 E558.93671
G1 X136.034 Y146.229 E558.99981
G1 X135.152 Y145.344 E559.04137
G1 X132.728 Y142.922 E559.15534
G1 X136.917 Y138.733 E559.35237
;MESH:NONMESH
G0 F300 X136.917 Y138.733 Z10.6
G0 F12000 X136.917 Y138.975
G0 X143.645 Y145.649
G0 X145.597 Y143.698
G0 X138.93 Y136.964
G0 X138.687 Y136.963
;TIME_ELAPSED:586.524752
;LAYER:52
;TYPE:WALL-OUTER
;MESH:Warp_Reaction_Chamber_Lens.stl
G1 F1902.7 X142.807 Y132.843 E559.54617
G1 X148.589 Y138.627 E559.81818
G1 X149.712 Y137.877 E559.8631
G1 X150.511 Y137.286 E559.89615
G1 X151.14 Y136.881 E559.92103
G1 X151.927 Y136.399 E559.95173
G1 X152.86 Y135.861 E559.98755
G1 X153.943 Y135.282 E560.02839
G1 X154.577 Y134.965 E560.05197
G1 X154.738 Y135.131 E560.05966
G1 X157.521 Y133.84 E560.1617
G1 X160.26 Y132.782 E560.25936
G1 X163.064 Y131.906 E560.35706
G1 X165.889 Y131.221 E560.45375
G1 X168.774 Y130.719 E560.55114
G1 X171.685 Y130.406 E560.64852
G1 X174.647 Y130.284 E560.74712
G1 X177.538 Y130.355 E560.84331
G1 X180.443 Y130.615 E560.94031
G1 X183.347 Y131.069 E561.03807
G1 X186.194 Y131.706 E561.13511
G1 X188.999 Y132.531 E561.23235
G1 X191.753 Y133.54 E561.32991
G1 X194.43 Y134.724 E561.42726
G1 X197.014 Y136.077 E561.52428
G1 X199.513 Y137.6 E561.62161
G1 X201.906 Y139.283 E561.71892
G1 X204.194 Y141.128 E561.81668
G1 X206.338 Y143.101 E561.91359
G1 X208.361 Y145.223 E562.0111
G1 X210.233 Y147.464 E562.10822
G1 X211.966 Y149.838 E562.20598
G1 X213.526 Y152.299 E562.30289
G1 X214.934 Y154.879 E562.40065
G1 X216.16 Y157.521 E562.49752
G1 X217.219 Y160.263 E562.59529
G1 X218.093 Y163.056 E562.69262
G1 X218.779 Y165.887 E562.78951
G1 X219.281 Y168.77 E562.88684
G1 X219.594 Y171.679 E562.98415
G1 X219.716 Y174.641 E563.08275
G1 X219.645 Y177.538 E563.17914
G1 X219.385 Y180.443 E563.27614
G1 X218.931 Y183.347 E563.3739
G1 X218.295 Y186.19 E563.4708
G1 X217.47 Y188.997 E563.56811
G1 X216.46 Y191.753 E563.66574
G1 X215.276 Y194.43 E563.76309
G1 X213.923 Y197.014 E563.86011
G1 X212.4 Y199.513 E563.95744
G1 X210.804 Y201.782 E564.04971
G1 X210.65 Y201.989 E564.05829
G1 X208.972 Y204.069 E564.14718
G1 X208.809 Y204.263 E564.1556
G1 X207.001 Y206.226 E564.24437
G1 X206.822 Y206.412 E564.25295
G1 X204.888 Y208.255 E564.34181
G1 X204.7 Y208.425 E564.35024
G1 X202.653 Y210.135 E564.43895
G1 X202.45 Y210.296 E564.44757
G1 X200.162 Y211.966 E564.54178
G1 X197.701 Y213.526 E564.6387
G1 X195.121 Y214.934 E564.73645
G1 X192.479 Y216.16 E564.83333
G1 X189.74 Y217.218 E564.93099
G1 X186.944 Y218.093 E565.02843
G1 X184.111 Y218.779 E565.12538
G1 X181.226 Y219.281 E565.22278
G1 X178.536 Y219.571 E565.31276
G1 X178.266 Y219.596 E565.32178
G1 X175.394 Y219.715 E565.41739
G1 X172.461 Y219.645 E565.51497
G1 X169.557 Y219.385 E565.61194
G1 X166.652 Y218.931 E565.70973
G1 X163.806 Y218.294 E565.80674
G1 X161 Y217.469 E565.90401
G1 X158.247 Y216.461 E566.00152
G1 X155.57 Y215.276 E566.09889
G1 X152.983 Y213.921 E566.19603
G1 X150.484 Y212.398 E566.29336
G1 X148.091 Y210.715 E566.39067
G1 X145.806 Y208.872 E566.48831
G1 X143.662 Y206.899 E566.58522
G1 X141.639 Y204.777 E566.68273
G1 X139.765 Y202.533 E566.77997
G1 X138.034 Y200.162 E566.87761
G1 X136.474 Y197.701 E566.97452
G1 X135.066 Y195.121 E567.07228
G1 X133.84 Y192.479 E567.16915
G1 X132.781 Y189.737 E567.26692
G1 X131.907 Y186.944 E567.36425
G1 X131.221 Y184.111 E567.4612
G1 X130.719 Y181.226 E567.5586
G1 X130.405 Y178.308 E567.65621
G1 X130.284 Y175.384 E567.75355
G1 X130.355 Y172.459 E567.85086
G1 X130.615 Y169.557 E567.94777
G1 X131.069 Y166.653 E568.04553
G1 X131.708 Y163.797 E568.14287
G1 X131.805 Y163.473 E568.15412
G1 X132.53 Y161.003 E568.23974
G1 X133.541 Y158.243 E568.3375
G1 X134.775 Y155.455 E568.43891
G1 X134.62 Y155.264 E568.44709
G1 X135.278 Y153.947 E568.49606
G1 X135.855 Y152.87 E568.53669
G1 X135.966 Y152.673 E568.54421
G1 X136.382 Y151.952 E568.5719
G1 X136.852 Y151.183 E568.60188
G1 X137.261 Y150.55 E568.62694
G1 X137.623 Y150.006 E568.64868
G1 X138.136 Y149.303 E568.67762
G1 X138.58 Y148.635 E568.7043
G1 X132.796 Y142.854 E568.97629
G1 X136.917 Y138.733 E569.17013
G1 X141.235 Y143.053 E569.37328
G1 X143.645 Y145.468 E569.48676
G1 X145.416 Y143.698 E569.57004
G1 X141.508 Y139.784 E569.754
G1 X138.687 Y136.963 E569.88669
;TIME_ELAPSED:596.920911
;LAYER:53
;MESH:Warp_Reaction_Chamber_Lens.stl
G0 F12000 X138.687 Y136.963 Z10.8
;TYPE:WALL-OUTER
G1 F1900.1 X142.733 Y132.917 E570.077
G1 X148.505 Y138.689 E570.3485
G1 X149.702 Y137.886 E570.39644
G1 X150.499 Y137.299 E570.42936
G1 X151.145 Y136.881 E570.45495
G1 X151.924 Y136.402 E570.48537
G1 X152.861 Y135.862 E570.52134
G1 X153.944 Y135.283 E570.56218
G1 X154.578 Y134.966 E570.58576
G1 X154.738 Y135.131 E570.5934
G1 X157.521 Y133.84 E570.69544
G1 X160.26 Y132.782 E570.7931
G1 X163.063 Y131.906 E570.89078
G1 X165.889 Y131.221 E570.98749
G1 X168.774 Y130.719 E571.08489
G1 X171.685 Y130.406 E571.18227
G1 X174.644 Y130.284 E571.28077
G1 X177.584 Y130.358 E571.37858
G1 X180.443 Y130.615 E571.47406
G1 X183.347 Y131.069 E571.57182
G1 X186.194 Y131.706 E571.66885
G1 X188.999 Y132.531 E571.7661
G1 X191.753 Y133.54 E571.86365
G1 X194.43 Y134.724 E571.96101
G1 X197.014 Y136.077 E572.05802
G1 X199.513 Y137.6 E572.15536
G1 X201.906 Y139.283 E572.25266
G1 X204.194 Y141.128 E572.35042
G1 X206.338 Y143.101 E572.44733
G1 X208.361 Y145.223 E572.54484
G1 X210.233 Y147.464 E572.64196
G1 X211.966 Y149.838 E572.73972
G1 X213.526 Y152.299 E572.83663
G1 X214.934 Y154.879 E572.93439
G1 X216.16 Y157.521 E573.03126
G1 X217.219 Y160.263 E573.12903
G1 X218.073 Y162.991 E573.2241
G1 X218.14 Y163.254 E573.23313
G1 X218.779 Y165.887 E573.32325
G1 X219.281 Y168.77 E573.42058
G1 X219.594 Y171.679 E573.51789
G1 X219.716 Y174.649 E573.61676
G1 X219.642 Y177.584 E573.71441
G1 X219.385 Y180.443 E573.80988
G1 X218.931 Y183.347 E573.90764
G1 X218.295 Y186.19 E574.00454
G1 X217.47 Y188.997 E574.10185
G1 X216.46 Y191.753 E574.19947
G1 X215.276 Y194.43 E574.29683
G1 X213.923 Y197.014 E574.39384
G1 X212.4 Y199.513 E574.49118
G1 X211.462 Y200.847 E574.54542
G1 X211.331 Y201.029 E574.55288
G1 X210.458 Y202.204 E574.60157
G1 X209.547 Y203.355 E574.65039
G1 X208.605 Y204.465 E574.69881
G1 X207.621 Y205.548 E574.74748
G1 X206.604 Y206.599 E574.79612
G1 X205.55 Y207.621 E574.84495
G1 X204.472 Y208.598 E574.89334
G1 X203.355 Y209.545 E574.94205
G1 X202.209 Y210.454 E574.9907
G1 X201.033 Y211.327 E575.03941
G1 X199.996 Y212.071 E575.08186
G1 X197.701 Y213.526 E575.17224
G1 X195.121 Y214.934 E575.27
G1 X192.479 Y216.16 E575.36687
G1 X189.74 Y217.218 E575.46453
G1 X186.944 Y218.093 E575.56197
G1 X184.111 Y218.779 E575.65892
G1 X181.226 Y219.281 E575.75632
G1 X178.315 Y219.594 E575.8537
G1 X175.393 Y219.715 E575.95097
G1 X172.46 Y219.645 E576.04855
G1 X169.557 Y219.385 E576.14549
G1 X166.653 Y218.931 E576.24325
G1 X163.806 Y218.294 E576.34028
G1 X161 Y217.469 E576.43756
G1 X158.223 Y216.451 E576.53593
G1 X157.282 Y216.032 E576.57019
G1 X155.57 Y215.276 E576.63244
G1 X152.983 Y213.921 E576.72957
G1 X150.484 Y212.398 E576.82691
G1 X148.091 Y210.715 E576.92421
G1 X145.806 Y208.872 E577.02185
G1 X143.662 Y206.899 E577.11876
G1 X141.639 Y204.777 E577.21627
G1 X139.765 Y202.533 E577.31351
G1 X138.034 Y200.162 E577.41115
G1 X136.474 Y197.701 E577.50806
G1 X135.066 Y195.121 E577.60582
G1 X133.84 Y192.479 E577.7027
G1 X132.781 Y189.737 E577.80046
G1 X131.907 Y186.944 E577.8978
G1 X131.221 Y184.111 E577.99475
G1 X130.719 Y181.226 E578.09214
G1 X130.405 Y178.308 E578.18976
G1 X130.284 Y175.384 E578.28709
G1 X130.355 Y172.459 E578.38441
G1 X130.615 Y169.557 E578.48132
G1 X131.069 Y166.653 E578.57908
G1 X131.708 Y163.799 E578.67635
G1 X131.804 Y163.478 E578.68749
G1 X132.53 Y161.003 E578.77328
G1 X133.541 Y158.243 E578.87104
G1 X134.777 Y155.452 E578.97257
G1 X134.623 Y155.271 E578.98047
G1 X134.677 Y155.155 E578.98473
G1 X135.283 Y153.945 E579.02974
G1 X135.862 Y152.861 E579.07061
G1 X136.4 Y151.928 E579.10644
G1 X136.881 Y151.144 E579.13703
G1 X137.296 Y150.5 E579.16251
G1 X137.633 Y149.994 E579.18273
G1 X138.087 Y149.376 E579.20824
G1 X138.642 Y148.551 E579.24131
G1 X132.87 Y142.781 E579.51276
G1 X136.917 Y138.733 E579.70314
G1 X142.055 Y143.874 E579.94488
G1 X143.645 Y145.468 E580.01977
G1 X145.416 Y143.698 E580.10305
G1 X141.496 Y139.772 E580.28757
G1 X138.687 Y136.963 E580.4197
;TIME_ELAPSED:607.412106
;LAYER:54
;MESH:Warp_Reaction_Chamber_Lens.stl
G0 F12000 X138.687 Y136.963 Z11
;TYPE:WALL-OUTER
G1 F1900.7 X142.656 Y132.994 E580.60639
G1 X148.49 Y138.829 E580.88083
G1 X148.867 Y138.527 E580.89689
G1 X149.281 Y138.231 E580.91382
G1 X149.468 Y138.106 E580.9213
G1 X149.801 Y137.871 E580.93486
G1 X150.579 Y137.299 E580.96697
G1 X151.181 Y136.912 E580.99078
G1 X151.955 Y136.437 E581.02098
G1 X152.901 Y135.893 E581.05728
G1 X153.965 Y135.323 E581.09742
G1 X154.611 Y135 E581.12145
G1 X154.738 Y135.131 E581.12751
G1 X157.521 Y133.84 E581.22955
G1 X160.26 Y132.782 E581.32721
G1 X163.08 Y131.902 E581.42547
G1 X165.726 Y131.261 E581.51602
G1 X166.121 Y131.181 E581.52942
G1 X168.774 Y130.719 E581.61899
G1 X171.685 Y130.406 E581.71637
G1 X174.639 Y130.284 E581.8147
G1 X177.538 Y130.355 E581.91115
G1 X180.443 Y130.615 E582.00816
G1 X183.383 Y131.076 E582.10714
G1 X186.194 Y131.706 E582.20295
G1 X188.999 Y132.531 E582.3002
G1 X191.753 Y133.54 E582.39775
G1 X194.43 Y134.724 E582.49511
G1 X197.014 Y136.077 E582.59212
G1 X199.513 Y137.6 E582.68946
G1 X201.906 Y139.283 E582.78676
G1 X204.221 Y141.152 E582.88572
G1 X206.338 Y143.101 E582.98143
G1 X208.361 Y145.223 E583.07894
G1 X210.233 Y147.464 E583.17606
G1 X211.966 Y149.838 E583.27382
G1 X213.526 Y152.299 E583.37073
G1 X214.934 Y154.879 E583.46849
G1 X216.16 Y157.521 E583.56536
G1 X217.219 Y160.263 E583.66313
G1 X218.093 Y163.056 E583.76047
G1 X218.779 Y165.887 E583.85735
G1 X219.281 Y168.77 E583.95468
G1 X219.594 Y171.679 E584.05199
G1 X219.716 Y174.644 E584.15069
G1 X219.645 Y177.538 E584.24698
G1 X219.385 Y180.443 E584.34399
G1 X218.924 Y183.383 E584.44296
G1 X218.295 Y186.19 E584.53864
G1 X217.47 Y188.997 E584.63595
G1 X216.461 Y191.753 E584.73357
G1 X215.27 Y194.441 E584.83135
G1 X213.923 Y197.014 E584.92795
G1 X212.529 Y199.301 E585.01703
G1 X211.302 Y201.01 E585.08701
G1 X210.431 Y202.183 E585.1356
G1 X209.519 Y203.334 E585.18444
G1 X208.578 Y204.443 E585.23282
G1 X207.596 Y205.525 E585.28142
G1 X206.58 Y206.575 E585.33001
G1 X205.526 Y207.597 E585.37884
G1 X204.448 Y208.573 E585.42721
G1 X203.328 Y209.522 E585.47603
G1 X203.227 Y209.604 E585.48036
G1 X202.188 Y210.427 E585.52445
G1 X201.01 Y211.302 E585.57325
G1 X199.503 Y212.384 E585.63496
G1 X197.701 Y213.526 E585.70591
G1 X195.121 Y214.934 E585.80367
G1 X192.479 Y216.16 E585.90054
G1 X189.74 Y217.218 E585.9982
G1 X186.944 Y218.093 E586.09565
G1 X184.111 Y218.779 E586.1926
G1 X181.226 Y219.281 E586.28999
G1 X178.315 Y219.594 E586.38737
G1 X175.392 Y219.716 E586.48468
G1 X172.461 Y219.645 E586.58219
G1 X169.557 Y219.385 E586.67916
G1 X166.653 Y218.931 E586.77692
G1 X163.806 Y218.294 E586.87396
G1 X161 Y217.469 E586.97124
G1 X158.247 Y216.461 E587.06875
G1 X155.57 Y215.276 E587.16612
G1 X152.983 Y213.921 E587.26325
G1 X150.484 Y212.398 E587.36058
G1 X148.091 Y210.715 E587.45789
G1 X145.806 Y208.872 E587.55553
G1 X143.662 Y206.899 E587.65244
G1 X141.639 Y204.777 E587.74995
G1 X139.765 Y202.533 E587.84719
G1 X138.034 Y200.162 E587.94483
G1 X136.474 Y197.701 E588.04174
G1 X135.066 Y195.121 E588.1395
G1 X133.84 Y192.479 E588.23637
G1 X132.781 Y189.737 E588.33414
G1 X131.907 Y186.944 E588.43148
G1 X131.221 Y184.111 E588.52842
G1 X130.719 Y181.226 E588.62582
G1 X130.405 Y178.308 E588.72343
G1 X130.284 Y175.384 E588.82077
G1 X130.355 Y172.459 E588.91809
G1 X130.615 Y169.557 E589.01499
G1 X131.069 Y166.653 E589.11275
G1 X131.707 Y163.8 E589.20999
G1 X132.53 Y161.003 E589.30696
G1 X133.541 Y158.243 E589.40472
G1 X134.777 Y155.452 E589.50625
G1 X134.655 Y155.309 E589.5125
G1 X134.716 Y155.177 E589.51734
G1 X135.323 Y153.967 E589.56236
G1 X135.93 Y152.835 E589.60508
G1 X136.461 Y151.916 E589.64038
G1 X136.91 Y151.184 E589.66895
G1 X137.302 Y150.577 E589.69298
G1 X137.326 Y150.537 E589.69453
G1 X137.667 Y150.027 E589.71494
G1 X138.099 Y149.441 E589.73915
G1 X138.111 Y149.419 E589.73998
G1 X138.422 Y148.956 E589.75853
G1 X138.586 Y148.752 E589.76724
G1 X138.81 Y148.565 E589.77695
G1 X132.947 Y142.703 E590.0527
G1 X136.917 Y138.733 E590.23944
G1 X141.235 Y143.053 E590.44259
G1 X143.645 Y145.468 E590.55607
G1 X145.416 Y143.698 E590.63934
G1 X138.687 Y136.963 E590.956
;TIME_ELAPSED:617.903917
;LAYER:55
;MESH:Warp_Reaction_Chamber_Lens.stl
G0 F12000 X138.687 Y136.963 Z11.2
;TYPE:WALL-OUTER
G1 F1901.1 X142.57 Y133.08 E591.13864
G1 X144.996 Y135.508 E591.2528
G1 X145.633 Y136.142 E591.28269
G1 X145.887 Y136.398 E591.29469
G1 X146.63 Y137.138 E591.32956
G1 X148.466 Y138.978 E591.41602
G1 X148.843 Y138.623 E591.43324
G1 X149.159 Y138.38 E591.4465
G1 X149.898 Y137.858 E591.47659
G1 X150.593 Y137.347 E591.50528
G1 X151.224 Y136.939 E591.53028
G1 X151.986 Y136.471 E591.56002
G1 X152.913 Y135.938 E591.59558
G1 X153.989 Y135.363 E591.63616
G1 X154.645 Y135.035 E591.66056
G1 X154.738 Y135.131 E591.665
G1 X157.521 Y133.84 E591.76704
G1 X160.26 Y132.782 E591.8647
G1 X163.075 Y131.903 E591.96278
G1 X165.889 Y131.221 E592.05909
G1 X168.774 Y130.719 E592.15648
G1 X171.685 Y130.406 E592.25386
G1 X174.633 Y130.284 E592.352
G1 X177.566 Y130.357 E592.44958
G1 X180.443 Y130.615 E592.54565
G1 X183.374 Y131.074 E592.64433
G1 X186.194 Y131.706 E592.74045
G1 X189.026 Y132.54 E592.83864
G1 X191.753 Y133.539 E592.93523
G1 X194.453 Y134.736 E593.03347
G1 X197.033 Y136.088 E593.13035
G1 X199.536 Y137.616 E593.22788
G1 X201.906 Y139.283 E593.32426
G1 X204.194 Y141.128 E593.42201
G1 X206.338 Y143.101 E593.51892
G1 X208.361 Y145.223 E593.61643
G1 X210.233 Y147.464 E593.71355
G1 X211.966 Y149.838 E593.81131
G1 X213.526 Y152.299 E593.90823
G1 X214.934 Y154.879 E594.00599
G1 X216.16 Y157.521 E594.10286
G1 X217.227 Y160.289 E594.20153
G1 X218.093 Y163.056 E594.29796
G1 X218.779 Y165.887 E594.39484
G1 X219.281 Y168.77 E594.49217
G1 X219.594 Y171.679 E594.58949
G1 X219.716 Y174.638 E594.68799
G1 X219.643 Y177.566 E594.7854
G1 X219.385 Y180.443 E594.88148
G1 X218.926 Y183.374 E594.98015
G1 X218.295 Y186.19 E595.07613
G1 X217.47 Y188.997 E595.17344
G1 X216.46 Y191.753 E595.27107
G1 X215.272 Y194.438 E595.36872
G1 X213.923 Y197.014 E595.46544
G1 X212.755 Y198.929 E595.54005
G1 X212.13 Y199.796 E595.57559
G1 X211.274 Y200.99 E595.62446
G1 X210.403 Y202.162 E595.67302
G1 X209.493 Y203.312 E595.7218
G1 X208.552 Y204.421 E595.77017
G1 X207.571 Y205.501 E595.8187
G1 X206.555 Y206.55 E595.86727
G1 X205.502 Y207.572 E595.91608
G1 X204.426 Y208.547 E595.96437
G1 X203.311 Y209.492 E596.01299
G1 X202.167 Y210.399 E596.06154
G1 X200.992 Y211.272 E596.11023
G1 X198.993 Y212.706 E596.19206
G1 X197.701 Y213.526 E596.24295
G1 X195.121 Y214.934 E596.34071
G1 X192.479 Y216.16 E596.43758
G1 X189.74 Y217.218 E596.53524
G1 X186.944 Y218.093 E596.63269
G1 X184.111 Y218.779 E596.72964
G1 X181.226 Y219.281 E596.82703
G1 X178.521 Y219.572 E596.91752
G1 X178.214 Y219.598 E596.92777
G1 X175.392 Y219.716 E597.02171
G1 X172.461 Y219.645 E597.11922
G1 X169.557 Y219.385 E597.2162
G1 X166.653 Y218.931 E597.31396
G1 X163.806 Y218.294 E597.41099
G1 X161 Y217.469 E597.50827
G1 X158.231 Y216.454 E597.60636
G1 X155.57 Y215.276 E597.70315
G1 X152.983 Y213.921 E597.80028
G1 X150.461 Y212.382 E597.89855
G1 X148.091 Y210.715 E597.99492
G1 X145.806 Y208.872 E598.09256
G1 X143.662 Y206.899 E598.18947
G1 X141.639 Y204.777 E598.28698
G1 X139.765 Y202.533 E598.38422
G1 X138.034 Y200.162 E598.48186
G1 X136.474 Y197.701 E598.57877
G1 X135.066 Y195.121 E598.67653
G1 X133.84 Y192.479 E598.7734
G1 X132.781 Y189.737 E598.87117
G1 X131.907 Y186.944 E598.96851
G1 X131.221 Y184.111 E599.06546
G1 X130.717 Y181.204 E599.16359
G1 X130.405 Y178.308 E599.26046
G1 X130.284 Y175.384 E599.3578
G1 X130.355 Y172.459 E599.45511
G1 X130.615 Y169.557 E599.55202
G1 X131.069 Y166.653 E599.64978
G1 X131.713 Y163.783 E599.74761
G1 X132.41 Y161.417 E599.82965
G1 X132.531 Y161 E599.84409
G1 X133.541 Y158.243 E599.94175
G1 X134.777 Y155.452 E600.04327
G1 X134.688 Y155.348 E600.04783
G1 X134.758 Y155.198 E600.05333
G1 X135.363 Y153.99 E600.09827
G1 X135.996 Y152.811 E600.14278
G1 X136.521 Y151.904 E600.17763
G1 X136.939 Y151.224 E600.20418
G1 X137.304 Y150.66 E600.22652
G1 X137.343 Y150.595 E600.22905
G1 X137.644 Y150.147 E600.247
G1 X137.708 Y150.048 E600.25092
G1 X138.102 Y149.515 E600.27296
G1 X138.119 Y149.486 E600.27408
G1 X138.536 Y148.867 E600.29891
G1 X138.712 Y148.724 E600.30645
G1 X138.952 Y148.536 E600.31659
G1 X133.033 Y142.618 E600.59498
G1 X136.917 Y138.733 E600.77769
G1 X142.181 Y144 E601.02536
G1 X143.645 Y145.468 E601.09432
G1 X145.416 Y143.698 E601.1776
G1 X138.687 Y136.963 E601.49425
;MESH:NONMESH
G0 F300 X138.687 Y136.963 Z11.4
G0 F12000 X138.929 Y136.963
G0 X145.597 Y143.698
G0 X143.645 Y145.649
G0 X136.917 Y138.975
G0 X136.917 Y138.733
;TIME_ELAPSED:629.106864
;LAYER:56
;TYPE:WALL-OUTER
;MESH:Warp_Reaction_Chamber_Lens.stl
G1 F1903.7 X141.235 Y143.053 E601.6974
G1 X143.645 Y145.468 E601.81088
G1 X145.416 Y143.698 E601.89416
G1 X138.688 Y136.964 E602.21077
G1 X142.476 Y133.175 E602.38896
G1 X148.437 Y139.133 E602.66928
G1 X148.688 Y138.846 E602.68196
G1 X148.894 Y138.653 E602.69135
G1 X149.137 Y138.46 E602.70167
G1 X149.305 Y138.333 E602.70868
G1 X149.671 Y138.076 E602.72355
G1 X149.905 Y137.907 E602.73315
G1 X149.994 Y137.846 E602.73674
G1 X150.64 Y137.371 E602.76341
G1 X151.258 Y136.971 E602.78789
G1 X152.022 Y136.503 E602.81769
G1 X152.939 Y135.976 E602.85287
G1 X154.011 Y135.403 E602.8933
G1 X154.678 Y135.069 E602.91811
G1 X154.738 Y135.131 E602.92098
G1 X157.521 Y133.84 E603.02302
G1 X160.26 Y132.782 E603.12068
G1 X163.071 Y131.904 E603.21863
G1 X165.803 Y131.242 E603.31212
G1 X166.016 Y131.199 E603.31935
G1 X168.745 Y130.723 E603.41149
G1 X171.687 Y130.406 E603.5099
G1 X174.628 Y130.284 E603.60781
G1 X177.558 Y130.356 E603.70529
G1 X180.443 Y130.615 E603.80163
G1 X183.347 Y131.069 E603.89939
G1 X186.194 Y131.706 E603.99642
G1 X189.017 Y132.537 E604.0943
G1 X191.753 Y133.539 E604.19121
G1 X194.446 Y134.732 E604.28918
G1 X197.028 Y136.085 E604.38613
G1 X199.529 Y137.611 E604.48357
G1 X201.906 Y139.283 E604.58023
G1 X204.208 Y141.141 E604.67863
G1 X206.338 Y143.101 E604.7749
G1 X208.378 Y145.243 E604.87328
G1 X210.233 Y147.464 E604.96953
G1 X211.976 Y149.854 E605.06792
G1 X213.526 Y152.299 E605.1642
G1 X214.934 Y154.879 E605.26196
G1 X216.16 Y157.521 E605.35883
G1 X217.224 Y160.281 E605.45722
G1 X218.093 Y163.056 E605.55393
G1 X218.779 Y165.887 E605.65082
G1 X219.281 Y168.77 E605.74815
G1 X219.594 Y171.679 E605.84546
G1 X219.716 Y174.633 E605.9438
G1 X219.644 Y177.558 E606.04111
G1 X219.385 Y180.443 E606.13745
G1 X218.931 Y183.347 E606.23521
G1 X218.295 Y186.19 E606.33211
G1 X217.47 Y188.997 E606.42942
G1 X216.461 Y191.753 E606.52703
G1 X215.273 Y194.436 E606.62463
G1 X213.923 Y197.014 E606.72142
G1 X212.953 Y198.605 E606.78339
G1 X212.595 Y199.09 E606.80344
G1 X211.246 Y200.97 E606.8804
G1 X210.376 Y202.141 E606.92892
G1 X209.466 Y203.29 E606.97767
G1 X208.526 Y204.397 E607.02598
G1 X207.542 Y205.482 E607.07469
G1 X206.531 Y206.526 E607.12303
G1 X205.478 Y207.546 E607.17179
G1 X204.403 Y208.521 E607.22006
G1 X203.288 Y209.466 E607.26867
G1 X202.969 Y209.721 E607.28226
G1 X202.146 Y210.372 E607.31716
G1 X200.97 Y211.246 E607.36589
G1 X199.092 Y212.594 E607.44278
G1 X198.603 Y212.954 E607.46298
G1 X197.701 Y213.526 E607.4985
G1 X195.121 Y214.934 E607.59626
G1 X192.479 Y216.16 E607.69313
G1 X189.74 Y217.218 E607.79079
G1 X186.944 Y218.093 E607.88823
G1 X184.092 Y218.782 E607.98582
G1 X181.226 Y219.281 E608.08258
G1 X178.457 Y219.579 E608.17521
G1 X178.247 Y219.596 E608.18221
G1 X175.391 Y219.716 E608.27729
G1 X172.46 Y219.645 E608.3748
G1 X169.557 Y219.385 E608.47174
G1 X166.653 Y218.931 E608.5695
G1 X163.806 Y218.294 E608.66654
G1 X160.982 Y217.463 E608.76445
G1 X158.234 Y216.456 E608.86179
G1 X155.57 Y215.276 E608.9587
G1 X152.983 Y213.921 E609.05583
G1 X150.468 Y212.387 E609.15381
G1 X148.091 Y210.715 E609.25047
G1 X145.806 Y208.872 E609.34811
G1 X143.662 Y206.899 E609.44502
G1 X141.627 Y204.764 E609.54312
G1 X139.765 Y202.533 E609.63977
G1 X138.024 Y200.146 E609.73803
G1 X136.474 Y197.701 E609.83432
G1 X135.066 Y195.121 E609.93208
G1 X133.84 Y192.479 E610.02895
G1 X132.781 Y189.737 E610.12672
G1 X131.907 Y186.944 E610.22405
G1 X131.218 Y184.092 E610.32164
G1 X130.718 Y181.209 E610.41896
G1 X130.405 Y178.308 E610.51601
G1 X130.284 Y175.384 E610.61334
G1 X130.355 Y172.459 E610.71066
G1 X130.615 Y169.557 E610.80757
G1 X131.069 Y166.653 E610.90533
G1 X131.711 Y163.788 E611.00298
G1 X132.53 Y161.003 E611.09953
G1 X133.541 Y158.243 E611.1973
G1 X134.777 Y155.452 E611.29882
G1 X134.721 Y155.386 E611.3017
G1 X134.799 Y155.219 E611.30783
G1 X135.403 Y154.013 E611.35269
G1 X136.062 Y152.787 E611.39898
G1 X136.504 Y152.023 E611.42834
G1 X136.971 Y151.258 E611.45815
G1 X137.367 Y150.642 E611.48251
G1 X137.734 Y150.092 E611.5045
G1 X138.106 Y149.588 E611.52533
G1 X138.139 Y149.534 E611.52744
G1 X138.284 Y149.321 E611.53601
G1 X138.529 Y148.954 E611.55069
G1 X138.716 Y148.793 E611.55889
G1 X139.094 Y148.489 E611.57503
G1 X135.582 Y144.977 E611.74022
G1 X135.566 Y144.958 E611.74105
G1 X134.565 Y143.96 E611.78806
G1 X133.128 Y142.522 E611.85568
G1 X136.917 Y138.733 E612.0339
;TIME_ELAPSED:639.495893
;LAYER:57
;MESH:Warp_Reaction_Chamber_Lens.stl
G0 F12000 X136.917 Y138.733 Z11.6
;TYPE:WALL-OUTER
G1 F1901.4 X142.032 Y143.851 E612.27456
G1 X143.645 Y145.468 E612.35053
G1 X145.416 Y143.698 E612.43381
G1 X140.981 Y139.257 E612.64256
G1 X138.688 Y136.964 E612.75041
G1 X142.375 Y133.276 E612.92386
G1 X143.879 Y134.778 E612.99456
G1 X144.81 Y135.711 E613.0384
G1 X144.879 Y135.777 E613.04157
G1 X148.386 Y139.287 E613.2066
G1 X148.72 Y138.888 E613.22391
G1 X148.96 Y138.663 E613.23485
G1 X149.14 Y138.517 E613.24256
G1 X149.388 Y138.331 E613.25287
G1 X149.978 Y137.912 E613.27694
G1 X150.091 Y137.833 E613.28152
G1 X150.686 Y137.395 E613.3061
G1 X151.297 Y137.001 E613.33028
G1 X152.053 Y136.538 E613.35976
G1 X152.965 Y136.014 E613.39475
G1 X154.035 Y135.443 E613.43509
G1 X154.712 Y135.104 E613.46027
G1 X154.738 Y135.131 E613.46151
G1 X157.521 Y133.84 E613.56355
G1 X160.26 Y132.782 E613.66121
G1 X163.067 Y131.905 E613.75902
G1 X165.9 Y131.22 E613.85596
G1 X168.774 Y130.719 E613.953
G1 X171.695 Y130.406 E614.0507
G1 X174.623 Y130.284 E614.14818
G1 X177.549 Y130.355 E614.24552
G1 X180.443 Y130.615 E614.34217
G1 X183.357 Y131.071 E614.44026
G1 X186.194 Y131.706 E614.53696
G1 X189.009 Y132.534 E614.63455
G1 X191.753 Y133.539 E614.73175
G1 X194.438 Y134.728 E614.82941
G1 X197.024 Y136.083 E614.92652
G1 X199.522 Y137.606 E615.02383
G1 X201.906 Y139.283 E615.12077
G1 X204.199 Y141.133 E615.21876
G1 X206.338 Y143.101 E615.31544
G1 X208.368 Y145.23 E615.41328
G1 X210.233 Y147.464 E615.51007
G1 X211.971 Y149.846 E615.60814
G1 X213.526 Y152.299 E615.70474
G1 X214.934 Y154.879 E615.8025
G1 X216.16 Y157.521 E615.89937
G1 X217.222 Y160.273 E615.99748
G1 X218.093 Y163.056 E616.09447
G1 X218.779 Y165.887 E616.19136
G1 X219.281 Y168.77 E616.28869
G1 X219.594 Y171.689 E616.38633
G1 X219.716 Y174.628 E616.48417
G1 X219.645 Y177.549 E616.58135
G1 X219.385 Y180.443 E616.67799
G1 X218.929 Y183.357 E616.77609
G1 X218.295 Y186.19 E616.87265
G1 X217.47 Y188.997 E616.96996
G1 X216.46 Y191.753 E617.06759
G1 X215.275 Y194.432 E617.16502
G1 X213.914 Y197.03 E617.26257
G1 X213.17 Y198.251 E617.31012
G1 X212.941 Y198.567 E617.3231
G1 X212.494 Y199.172 E617.34812
G1 X211.217 Y200.952 E617.42098
G1 X210.348 Y202.12 E617.4694
G1 X209.439 Y203.269 E617.51813
G1 X208.5 Y204.375 E617.56639
G1 X207.52 Y205.454 E617.61487
G1 X207.143 Y205.847 E617.63298
G1 X206.506 Y206.501 E617.66335
G1 X205.455 Y207.521 E617.71206
G1 X204.38 Y208.495 E617.76031
G1 X203.268 Y209.438 E617.8088
G1 X202.12 Y210.348 E617.85752
G1 X200.952 Y211.217 E617.90594
G1 X199.173 Y212.494 E617.97878
G1 X198.568 Y212.939 E618.00376
G1 X198.213 Y213.196 E618.01834
G1 X198.177 Y213.224 E618.01985
G1 X197.701 Y213.526 E618.0386
G1 X195.121 Y214.934 E618.13636
G1 X192.479 Y216.16 E618.23323
G1 X189.74 Y217.218 E618.33089
G1 X186.944 Y218.093 E618.42834
G1 X184.101 Y218.78 E618.52562
G1 X181.226 Y219.281 E618.62268
G1 X178.394 Y219.586 E618.71742
G1 X178.279 Y219.595 E618.72125
G1 X175.391 Y219.716 E618.81739
G1 X172.461 Y219.645 E618.91488
G1 X169.557 Y219.385 E619.01185
G1 X166.653 Y218.931 E619.10961
G1 X163.806 Y218.294 E619.20664
G1 X160.991 Y217.466 E619.30424
G1 X158.238 Y216.458 E619.40175
G1 X155.57 Y215.276 E619.4988
G1 X153 Y213.93 E619.59529
G1 X150.484 Y212.398 E619.69327
G1 X148.091 Y210.715 E619.79057
G1 X145.806 Y208.872 E619.88821
G1 X143.662 Y206.899 E619.98512
G1 X141.628 Y204.764 E620.0832
G1 X139.767 Y202.536 E620.17975
G1 X138.029 Y200.153 E620.27785
G1 X136.474 Y197.701 E620.37442
G1 X135.062 Y195.112 E620.47251
G1 X133.84 Y192.479 E620.56905
G1 X132.778 Y189.727 E620.66717
G1 X131.907 Y186.944 E620.76416
G1 X131.22 Y184.101 E620.86144
G1 X130.718 Y181.214 E620.9589
G1 X130.405 Y178.297 E621.05648
G1 X130.284 Y175.384 E621.15345
G1 X130.355 Y172.449 E621.25109
G1 X130.615 Y169.557 E621.34767
G1 X131.069 Y166.653 E621.44543
G1 X131.713 Y163.781 E621.54333
G1 X132.53 Y161.003 E621.63963
G1 X133.541 Y158.243 E621.7374
G1 X134.746 Y155.522 E621.83638
G1 X134.741 Y155.449 E621.83881
G1 X134.84 Y155.239 E621.84653
G1 X135.443 Y154.036 E621.89129
G1 X135.905 Y153.174 E621.92382
G1 X136.128 Y152.763 E621.93937
G1 X136.54 Y152.052 E621.9667
G1 X136.642 Y151.88 E621.97335
G1 X136.997 Y151.302 E621.99591
G1 X137.391 Y150.689 E622.02015
G1 X137.768 Y150.125 E622.04271
G1 X138.11 Y149.662 E622.06186
G1 X138.508 Y149.064 E622.08575
G1 X138.671 Y148.899 E622.09346
G1 X138.932 Y148.693 E622.10452
G1 X139.239 Y148.432 E622.11793
G1 X137.916 Y147.111 E622.18011
G1 X137.319 Y146.51 E622.20828
G1 X135.661 Y144.856 E622.28618
G1 X133.228 Y142.422 E622.40064
G1 X136.917 Y138.733 E622.57416
;TIME_ELAPSED:649.949020
;LAYER:58
;MESH:Warp_Reaction_Chamber_Lens.stl
G0 F12000 X136.917 Y138.733 Z11.8
;TYPE:WALL-OUTER
G1 F1901.8 X140.364 Y142.181 E622.73632
G1 X143.645 Y145.468 E622.89079
G1 X145.416 Y143.698 E622.97407
G1 X138.688 Y136.964 E623.29067
G1 X142.27 Y133.381 E623.45918
G1 X148.327 Y139.44 E623.74413
G1 X148.784 Y138.897 E623.76774
G1 X149.01 Y138.687 E623.778
G1 X149.208 Y138.526 E623.78649
G1 X149.47 Y138.329 E623.79739
G1 X150.188 Y137.82 E623.82666
G1 X150.733 Y137.419 E623.84917
G1 X151.338 Y137.03 E623.87309
G1 X152.085 Y136.571 E623.90225
G1 X152.99 Y136.052 E623.93695
G1 X154.057 Y135.483 E623.97717
G1 X155.043 Y134.99 E624.01384
G1 X157.032 Y134.067 E624.08677
G1 X157.824 Y133.723 E624.11548
G1 X160.012 Y132.878 E624.1935
G1 X160.342 Y132.757 E624.20519
G1 X163.063 Y131.906 E624.30001
G1 X165.878 Y131.223 E624.39635
G1 X168.774 Y130.719 E624.49412
G1 X171.686 Y130.406 E624.59154
G1 X174.617 Y130.284 E624.6891
G1 X177.54 Y130.355 E624.78635
G1 X180.443 Y130.615 E624.88329
G1 X183.348 Y131.069 E624.98109
G1 X186.194 Y131.706 E625.07809
G1 X189.001 Y132.531 E625.1754
G1 X191.753 Y133.54 E625.27289
G1 X194.43 Y134.724 E625.37024
G1 X197.019 Y136.08 E625.46745
G1 X199.515 Y137.601 E625.56467
G1 X201.906 Y139.283 E625.6619
G1 X204.195 Y141.129 E625.7597
G1 X206.338 Y143.101 E625.85657
G1 X208.372 Y145.235 E625.95462
G1 X210.233 Y147.464 E626.0512
G1 X211.966 Y149.839 E626.14899
G1 X213.526 Y152.299 E626.24587
G1 X214.934 Y154.881 E626.34369
G1 X216.16 Y157.521 E626.4405
G1 X217.217 Y160.259 E626.53812
G1 X218.093 Y163.056 E626.6356
G1 X218.779 Y165.887 E626.73249
G1 X219.281 Y168.77 E626.82982
G1 X219.594 Y171.68 E626.92716
G1 X219.716 Y174.622 E627.0251
G1 X219.645 Y177.54 E627.12218
G1 X219.385 Y180.443 E627.21912
G1 X218.931 Y183.348 E627.31691
G1 X218.295 Y186.19 E627.41378
G1 X217.47 Y188.997 E627.51109
G1 X216.461 Y191.753 E627.6087
G1 X215.274 Y194.433 E627.70619
G1 X213.918 Y197.023 E627.80343
G1 X213.198 Y198.204 E627.84943
G1 X213.109 Y198.278 E627.85328
G1 X212.394 Y199.254 E627.89352
G1 X211.189 Y200.932 E627.96223
G1 X210.321 Y202.099 E628.01061
G1 X209.416 Y203.242 E628.0591
G1 X208.47 Y204.357 E628.10773
G1 X207.495 Y205.43 E628.15595
G1 X206.482 Y206.477 E628.20441
G1 X205.431 Y207.496 E628.25309
G1 X204.357 Y208.47 E628.30132
G1 X203.246 Y209.411 E628.34974
G1 X202.099 Y210.321 E628.39844
G1 X200.932 Y211.189 E628.44681
G1 X199.253 Y212.394 E628.51555
G1 X198.279 Y213.108 E628.55572
G1 X198.187 Y213.218 E628.56049
G1 X197.701 Y213.526 E628.57963
G1 X195.121 Y214.934 E628.67738
G1 X192.479 Y216.16 E628.77426
G1 X189.74 Y217.218 E628.87192
G1 X186.944 Y218.093 E628.96936
G1 X184.11 Y218.779 E629.06634
G1 X181.226 Y219.281 E629.16371
G1 X178.305 Y219.594 E629.26141
G1 X175.39 Y219.716 E629.35845
G1 X172.461 Y219.645 E629.4559
G1 X169.873 Y219.413 E629.54232
G1 X169.404 Y219.361 E629.55802
G1 X166.65 Y218.931 E629.65073
G1 X163.806 Y218.294 E629.74766
G1 X160.999 Y217.469 E629.84497
G1 X158.242 Y216.459 E629.94263
G1 X155.57 Y215.276 E630.03982
G1 X152.983 Y213.921 E630.13695
G1 X150.483 Y212.397 E630.23433
G1 X148.091 Y210.715 E630.33159
G1 X145.806 Y208.872 E630.42923
G1 X143.662 Y206.899 E630.52614
G1 X141.638 Y204.776 E630.6237
G1 X139.765 Y202.533 E630.72089
G1 X138.025 Y200.148 E630.81909
G1 X136.474 Y197.701 E630.91544
G1 X135.066 Y195.12 E631.01323
G1 X133.84 Y192.479 E631.11007
G1 X132.779 Y189.727 E631.20817
G1 X131.907 Y186.944 E631.30517
G1 X131.221 Y184.11 E631.40216
G1 X130.719 Y181.22 E631.49972
G1 X130.405 Y178.298 E631.59746
G1 X130.284 Y175.384 E631.69447
G1 X130.355 Y172.458 E631.79181
G1 X130.615 Y169.557 E631.88869
G1 X131.069 Y166.653 E631.98645
G1 X131.71 Y163.792 E632.08397
G1 X132.53 Y161.003 E632.18065
G1 X133.276 Y158.967 E632.25277
G1 X133.702 Y157.879 E632.29164
G1 X134.536 Y155.996 E632.36013
G1 X134.715 Y155.612 E632.37422
G1 X134.72 Y155.606 E632.37448
G1 X134.881 Y155.26 E632.38718
G1 X135.482 Y154.063 E632.43173
G1 X136.056 Y152.984 E632.47238
G1 X136.573 Y152.084 E632.5069
G1 X136.703 Y151.868 E632.51528
G1 X137.026 Y151.342 E632.53581
G1 X137.308 Y150.906 E632.55308
G1 X137.414 Y150.736 E632.55975
G1 X137.801 Y150.157 E632.58291
G1 X138.115 Y149.733 E632.60046
G1 X138.385 Y149.327 E632.61667
G1 X138.532 Y149.111 E632.62536
G1 X138.591 Y149.073 E632.6277
G1 X138.952 Y148.745 E632.64392
G1 X139.216 Y148.525 E632.65535
G1 X139.386 Y148.366 E632.66309
G1 X133.334 Y142.316 E632.94771
G1 X136.917 Y138.733 E633.11625
;MESH:NONMESH
G0 F300 X136.917 Y138.733 Z12
G0 F12000 X136.917 Y138.975
G0 X143.645 Y145.649
G0 X145.597 Y143.698
G0 X138.93 Y136.964
G0 X138.687 Y136.963
;TIME_ELAPSED:661.072505
;LAYER:59
;TYPE:WALL-OUTER
;MESH:Warp_Reaction_Chamber_Lens.stl
G1 F1903.9 X142.156 Y133.494 E633.27942
G1 X148.258 Y139.595 E633.56641
G1 X148.657 Y139.136 E633.58664
G1 X148.842 Y138.914 E633.59625
G1 X149.081 Y138.693 E633.60708
G1 X149.276 Y138.535 E633.61543
G1 X149.553 Y138.327 E633.62695
G1 X150.115 Y137.925 E633.64993
G1 X150.285 Y137.807 E633.65681
G1 X150.78 Y137.443 E633.67725
G1 X151.377 Y137.059 E633.70086
G1 X152.116 Y136.606 E633.72969
G1 X153.015 Y136.09 E633.76416
G1 X154.079 Y135.522 E633.80428
G1 X155.352 Y134.889 E633.85157
G1 X156.562 Y134.323 E633.896
G1 X157.884 Y133.746 E633.94397
G1 X159.225 Y133.218 E633.99191
G1 X160.629 Y132.701 E634.04167
G1 X161.595 Y132.365 E634.07569
G1 X163.059 Y131.907 E634.12671
G1 X165.168 Y131.395 E634.19889
G1 X167.141 Y131.002 E634.2658
G1 X168.774 Y130.719 E634.32092
G1 X170.777 Y130.504 E634.38793
G1 X172.121 Y130.411 E634.43274
G1 X173.223 Y130.342 E634.46946
G1 X174.612 Y130.284 E634.5157
G1 X176.798 Y130.338 E634.58843
G1 X178.803 Y130.468 E634.65525
G1 X180.443 Y130.615 E634.71002
G1 X182.443 Y130.927 E634.77734
G1 X183.758 Y131.185 E634.82192
G1 X184.842 Y131.404 E634.8587
G1 X186.195 Y131.706 E634.90481
G1 X188.303 Y132.326 E634.97789
G1 X190.194 Y132.968 E635.04431
G1 X191.753 Y133.54 E635.09954
G1 X193.596 Y134.355 E635.16657
G1 X193.731 Y134.419 E635.17153
G1 X194.725 Y134.909 E635.20839
G1 X194.8 Y134.944 E635.21115
G1 X195.787 Y135.435 E635.24781
G1 X197.015 Y136.077 E635.2939
G1 X198.896 Y137.224 E635.36718
G1 X200.553 Y138.333 E635.43349
G1 X201.906 Y139.283 E635.48848
G1 X203.482 Y140.554 E635.55582
G1 X204.493 Y141.434 E635.6004
G1 X205.319 Y142.163 E635.63704
G1 X206.338 Y143.101 E635.68311
G1 X207.858 Y144.696 E635.75639
G1 X209.177 Y146.2 E635.82292
G1 X210.233 Y147.464 E635.87771
G1 X211.419 Y149.088 E635.94459
G1 X212.151 Y150.176 E635.9882
G1 X212.787 Y151.134 E636.02645
G1 X213.526 Y152.299 E636.07234
G1 X214.582 Y154.231 E636.14557
G1 X215.465 Y156.022 E636.21198
G1 X216.16 Y157.521 E636.26694
G1 X216.886 Y159.402 E636.334
G1 X217.324 Y160.677 E636.37884
G1 X217.675 Y161.722 E636.4155
G1 X218.093 Y163.056 E636.462
G1 X218.618 Y165.23 E636.53638
G1 X218.998 Y167.141 E636.60119
G1 X219.281 Y168.77 E636.65618
G1 X219.496 Y170.776 E636.72328
G1 X219.589 Y172.119 E636.76806
G1 X219.658 Y173.219 E636.80472
G1 X219.716 Y174.617 E636.85125
G1 X219.662 Y176.798 E636.92382
G1 X219.532 Y178.803 E636.99064
G1 X219.385 Y180.443 E637.04541
G1 X219.073 Y182.443 E637.11273
G1 X218.815 Y183.758 E637.1573
G1 X218.597 Y184.838 E637.19395
G1 X218.295 Y186.189 E637.23999
G1 X217.657 Y188.354 E637.31506
G1 X217.032 Y190.192 E637.37963
G1 X216.46 Y191.753 E637.43493
G1 X215.648 Y193.589 E637.5017
G1 X215.174 Y194.561 E637.53767
G1 X214.862 Y195.181 E637.56075
G1 X214.552 Y195.811 E637.58411
G1 X213.918 Y197.022 E637.62957
G1 X213.403 Y197.867 E637.66248
G1 X213.083 Y198.304 E637.6805
G1 X212.89 Y198.525 E637.69026
G1 X212.294 Y199.334 E637.72368
G1 X211.162 Y200.909 E637.78819
G1 X210.294 Y202.078 E637.83662
G1 X209.39 Y203.22 E637.88506
G1 X208.449 Y204.329 E637.93343
G1 X207.469 Y205.407 E637.98189
G1 X206.458 Y206.453 E638.03027
G1 X205.408 Y207.47 E638.07889
G1 X204.335 Y208.444 E638.12709
G1 X203.224 Y209.385 E638.17552
G1 X202.083 Y210.29 E638.22396
G1 X200.909 Y211.162 E638.2726
G1 X199.334 Y212.293 E638.33709
G1 X198.525 Y212.89 E638.37053
G1 X198.314 Y213.075 E638.37986
G1 X197.678 Y213.539 E638.40605
G1 X195.914 Y214.502 E638.47289
G1 X195.159 Y214.873 E638.50087
G1 X194.792 Y215.059 E638.51455
G1 X194.514 Y215.197 E638.52488
G1 X193.731 Y215.58 E638.55387
G1 X192.479 Y216.16 E638.59976
G1 X191.685 Y216.465 E638.62805
G1 X190.424 Y216.955 E638.67305
G1 X188.534 Y217.596 E638.73943
G1 X186.969 Y218.085 E638.79396
G1 X184.994 Y218.564 E638.86155
G1 X184.841 Y218.598 E638.86677
G1 X183.673 Y218.832 E638.90639
G1 X182.594 Y219.043 E638.94295
G1 X181.226 Y219.281 E638.98914
G1 X178.993 Y219.519 E639.06383
G1 X177.042 Y219.646 E639.12886
G1 X175.39 Y219.716 E639.18385
G1 X173.382 Y219.668 E639.25066
G1 X171.947 Y219.568 E639.2985
G1 X170.669 Y219.454 E639.34117
G1 X169.276 Y219.3 E639.38779
G1 X167.941 Y219.107 E639.43265
G1 X166.579 Y218.874 E639.47861
G1 X165.413 Y218.653 E639.51808
G1 X163.805 Y218.294 E639.57288
G1 X161.875 Y217.727 E639.63979
G1 X160.68 Y217.324 E639.68173
G1 X159.628 Y216.966 E639.71869
G1 X158.246 Y216.46 E639.76764
G1 X156.26 Y215.581 E639.83988
G1 X155.616 Y215.265 E639.86374
G1 X154.394 Y214.66 E639.90909
G1 X152.983 Y213.921 E639.96207
G1 X151.231 Y212.853 E640.03031
G1 X150.139 Y212.127 E640.07392
G1 X149.223 Y211.511 E640.11064
G1 X148.091 Y210.715 E640.15667
G1 X146.38 Y209.335 E640.22978
G1 X144.875 Y208.015 E640.29636
G1 X143.662 Y206.899 E640.35118
G1 X142.265 Y205.434 E640.41851
G1 X141.406 Y204.461 E640.46168
G1 X140.652 Y203.596 E640.49985
G1 X139.765 Y202.533 E640.54589
G1 X138.469 Y200.758 E640.61899
G1 X137.356 Y199.093 E640.6856
G1 X136.474 Y197.701 E640.74041
G1 X135.504 Y195.925 E640.80772
G1 X134.908 Y194.725 E640.85228
G1 X134.42 Y193.731 E640.88911
G1 X133.84 Y192.479 E640.93501
G1 X133.028 Y190.372 E641.01011
G1 X132.405 Y188.535 E641.07463
G1 X131.907 Y186.944 E641.13007
G1 X131.436 Y184.994 E641.1968
G1 X131.402 Y184.841 E641.20201
G1 X131.168 Y183.673 E641.24163
G1 X130.956 Y182.59 E641.27833
G1 X130.719 Y181.225 E641.32441
G1 X130.48 Y178.985 E641.39934
G1 X130.354 Y177.044 E641.46403
G1 X130.284 Y175.384 E641.51929
G1 X130.332 Y173.387 E641.58573
G1 X130.417 Y172.037 E641.63072
G1 X130.492 Y170.932 E641.66756
G1 X130.615 Y169.557 E641.71348
G1 X130.955 Y167.381 E641.78673
G1 X131.347 Y165.412 E641.8535
G1 X131.707 Y163.803 E641.90834
G1 X132.31 Y161.752 E641.97944
G1 X132.535 Y161.102 E642.00232
G1 X132.978 Y159.88 E642.04555
G1 X133.138 Y159.445 E642.06097
G1 X133.736 Y157.917 E642.11554
G1 X133.781 Y157.806 E642.11953
G1 X134.322 Y156.564 E642.16459
G1 X134.922 Y155.281 E642.21169
G1 X135.522 Y154.081 E642.25632
G1 X135.925 Y153.331 E642.28464
G1 X136.091 Y153.015 E642.29651
G1 X136.261 Y152.715 E642.30798
G1 X136.607 Y152.115 E642.33101
G1 X136.763 Y151.856 E642.34107
G1 X137.055 Y151.38 E642.35964
G1 X137.438 Y150.784 E642.38321
G1 X137.835 Y150.19 E642.40697
G1 X138.121 Y149.804 E642.42295
G1 X138.292 Y149.544 E642.4333
G1 X138.499 Y149.235 E642.44567
G1 X138.592 Y149.153 E642.44979
G1 X138.955 Y148.817 E642.46624
G1 X139.495 Y148.355 E642.48988
G1 X139.351 Y148.105 E642.49948
G1 X133.447 Y142.203 E642.77714
G1 X136.917 Y138.733 E642.94035
G1 X140.364 Y142.181 E643.10251
G1 X143.645 Y145.468 E643.25698
G1 X145.416 Y143.698 E643.34026
G1 X141.128 Y139.404 E643.5421
G1 X138.687 Y136.963 E643.65691
;TIME_ELAPSED:671.380868
;LAYER:60
;MESH:Warp_Reaction_Chamber_Lens.stl
G0 F12000 X138.687 Y136.963 Z12.2
;TYPE:WALL-OUTER
G1 F1901.6 X142.035 Y133.615 E643.81439
G1 X143.462 Y135.044 E643.88156
G1 X148.179 Y139.758 E644.10337
G1 X148.493 Y139.407 E644.11903
G1 X148.718 Y139.149 E644.13042
G1 X148.906 Y138.924 E644.14017
G1 X149.092 Y138.754 E644.14855
G1 X149.352 Y138.537 E644.15981
G1 X149.637 Y138.325 E644.17163
G1 X150.185 Y137.931 E644.19407
G1 X150.383 Y137.795 E644.20206
G1 X150.829 Y137.467 E644.22048
G1 X151.415 Y137.088 E644.24369
G1 X152.147 Y136.641 E644.27222
G1 X153.041 Y136.128 E644.3065
G1 X154.102 Y135.562 E644.34649
G1 X155.296 Y134.965 E644.39089
G1 X156.582 Y134.364 E644.43811
G1 X157.902 Y133.789 E644.486
G1 X159.242 Y133.26 E644.53391
G1 X160.576 Y132.768 E644.5812
G1 X161.936 Y132.296 E644.62908
G1 X163.113 Y131.899 E644.6704
G1 X163.348 Y131.837 E644.67848
G1 X163.989 Y131.682 E644.70041
G1 X164.264 Y131.624 E644.70976
G1 X165.242 Y131.427 E644.74294
G1 X168.6 Y130.761 E644.85681
G1 X168.883 Y130.715 E644.86634
G1 X169.31 Y130.667 E644.88063
G1 X169.965 Y130.609 E644.90251
G1 X170.937 Y130.538 E644.93492
G1 X172.204 Y130.452 E644.97716
G1 X173.225 Y130.388 E645.01118
G1 X174.208 Y130.332 E645.04393
G1 X174.88 Y130.303 E645.0663
G1 X175.165 Y130.298 E645.07578
G1 X175.685 Y130.31 E645.09308
G1 X180.269 Y130.611 E645.24588
G1 X180.554 Y130.641 E645.25541
G1 X180.978 Y130.705 E645.26967
G1 X181.623 Y130.819 E645.29145
G1 X182.584 Y131 E645.32398
G1 X183.829 Y131.246 E645.36619
G1 X184.83 Y131.449 E645.40016
G1 X185.796 Y131.649 E645.43297
G1 X186.447 Y131.794 E645.45515
G1 X186.727 Y131.863 E645.46475
G1 X187.237 Y132.013 E645.48243
G1 X191.57 Y133.485 E645.63463
G1 X191.845 Y133.591 E645.64443
G1 X192.239 Y133.762 E645.65872
G1 X192.832 Y134.038 E645.68047
G1 X193.719 Y134.465 E645.71322
G1 X194.852 Y135.021 E645.75519
G1 X195.769 Y135.478 E645.78927
G1 X196.682 Y135.937 E645.82326
G1 X197.302 Y136.262 E645.84654
G1 X197.493 Y136.368 E645.85381
G1 X197.945 Y136.644 E645.87142
G1 X198.875 Y137.268 E645.90867
G1 X198.92 Y137.295 E645.91042
G1 X200.687 Y138.478 E645.98114
G1 X201.758 Y139.192 E646.02395
G1 X201.99 Y139.362 E646.03352
G1 X202.321 Y139.625 E646.04758
G1 X202.835 Y140.059 E646.06996
G1 X202.842 Y140.063 E646.07022
G1 X203.524 Y140.653 E646.10022
G1 X203.573 Y140.692 E646.1023
G1 X204.065 Y141.124 E646.12408
G1 X204.523 Y141.522 E646.14426
G1 X205.289 Y142.199 E646.17826
G1 X206.053 Y142.88 E646.2123
G1 X206.517 Y143.306 E646.23325
G1 X206.724 Y143.506 E646.24283
G1 X207.091 Y143.891 E646.26052
G1 X210.109 Y147.332 E646.41275
G1 X210.293 Y147.56 E646.42249
G1 X210.563 Y147.93 E646.43773
G1 X210.569 Y147.934 E646.43797
G1 X210.935 Y148.458 E646.45922
G1 X211.474 Y149.249 E646.49106
G1 X212.181 Y150.303 E646.53327
G1 X212.747 Y151.158 E646.56738
G1 X213.31 Y152.014 E646.60145
G1 X213.69 Y152.616 E646.62513
G1 X213.8 Y152.8 E646.63226
G1 X214.05 Y153.256 E646.64956
G1 X216.069 Y157.355 E646.80153
G1 X216.195 Y157.634 E646.81171
G1 X216.352 Y158.041 E646.82622
G1 X216.356 Y158.047 E646.82646
G1 X216.573 Y158.644 E646.84759
G1 X216.895 Y159.566 E646.88007
G1 X217.306 Y160.768 E646.92232
G1 X217.632 Y161.74 E646.95642
G1 X217.953 Y162.711 E646.99044
G1 X218.143 Y163.316 E647.01153
G1 X218.222 Y163.588 E647.02095
G1 X218.345 Y164.096 E647.03833
G1 X218.563 Y165.199 E647.07573
G1 X218.575 Y165.25 E647.07747
G1 X219.239 Y168.594 E647.19087
G1 X219.285 Y168.883 E647.2006
G1 X219.333 Y169.306 E647.21476
G1 X219.391 Y169.962 E647.23666
G1 X219.462 Y170.937 E647.26918
G1 X219.548 Y172.202 E647.31135
G1 X219.612 Y173.224 E647.34541
G1 X219.67 Y174.246 E647.37945
G1 X219.697 Y174.874 E647.40036
G1 X219.702 Y175.162 E647.40994
G1 X219.69 Y175.685 E647.42734
G1 X219.39 Y180.261 E647.57986
G1 X219.359 Y180.554 E647.58966
G1 X219.296 Y180.973 E647.60376
G1 X219.181 Y181.623 E647.62571
G1 X219 Y182.584 E647.65824
G1 X218.754 Y183.829 E647.70045
G1 X218.551 Y184.831 E647.73445
G1 X218.344 Y185.833 E647.76848
G1 X218.206 Y186.447 E647.78941
G1 X218.137 Y186.727 E647.799
G1 X217.987 Y187.237 E647.81668
G1 X216.515 Y191.571 E647.96892
G1 X216.407 Y191.854 E647.979
G1 X216.24 Y192.235 E647.99283
G1 X215.962 Y192.832 E648.01473
G1 X215.538 Y193.712 E648.04722
G1 X215.123 Y194.562 E648.07868
G1 X214.939 Y194.929 E648.09234
G1 X214.792 Y195.214 E648.10301
G1 X214.382 Y196.05 E648.13397
G1 X214.157 Y196.461 E648.14956
G1 X213.878 Y197.023 E648.17043
G1 X213.723 Y197.342 E648.18222
G1 X212.922 Y198.439 E648.2274
G1 X212.863 Y198.506 E648.23037
G1 X212.194 Y199.415 E648.26791
G1 X211.134 Y200.889 E648.3283
G1 X210.266 Y202.057 E648.3767
G1 X209.363 Y203.198 E648.42509
G1 X208.423 Y204.306 E648.47342
G1 X207.444 Y205.383 E648.52183
G1 X206.433 Y206.428 E648.57019
G1 X205.384 Y207.445 E648.61878
G1 X204.312 Y208.418 E648.66694
G1 X203.202 Y209.358 E648.71531
G1 X202.062 Y210.262 E648.76371
G1 X200.889 Y211.134 E648.81232
G1 X200.051 Y211.739 E648.8467
G1 X199.415 Y212.193 E648.87269
G1 X198.449 Y212.905 E648.9126
G1 X198.428 Y212.93 E648.91369
G1 X197.346 Y213.72 E648.95824
G1 X196.458 Y214.159 E648.99119
G1 X196.052 Y214.382 E649.0066
G1 X195.197 Y214.802 E649.03828
G1 X194.435 Y215.185 E649.06665
G1 X192.789 Y215.983 E649.12749
G1 X192.22 Y216.247 E649.14835
G1 X191.958 Y216.362 E649.15787
G1 X191.56 Y216.514 E649.17204
G1 X191.304 Y216.606 E649.18108
G1 X187.126 Y218.024 E649.32783
G1 X186.836 Y218.11 E649.33789
G1 X186.401 Y218.218 E649.3528
G1 X185.789 Y218.352 E649.37364
G1 X184.832 Y218.552 E649.40615
G1 X183.588 Y218.802 E649.44836
G1 X182.582 Y218.998 E649.48245
G1 X181.571 Y219.191 E649.51668
G1 X180.958 Y219.298 E649.53738
G1 X180.666 Y219.342 E649.5472
G1 X180.25 Y219.386 E649.56111
G1 X179.98 Y219.408 E649.57012
G1 X175.571 Y219.697 E649.71708
G1 X175.278 Y219.704 E649.72683
G1 X174.86 Y219.697 E649.74073
G1 X174.2 Y219.668 E649.7627
G1 X173.227 Y219.612 E649.79512
G1 X172.014 Y219.528 E649.83556
G1 X170.673 Y219.408 E649.88034
G1 X169.28 Y219.254 E649.92696
G1 X167.946 Y219.061 E649.97179
G1 X166.83 Y218.871 E650.00944
G1 X166.501 Y218.814 E650.02054
G1 X165.421 Y218.608 E650.05711
G1 X163.995 Y218.323 E650.10548
G1 X163.695 Y218.252 E650.11573
G1 X163.296 Y218.137 E650.12954
G1 X162.665 Y217.938 E650.15155
G1 X161.74 Y217.633 E650.18395
G1 X160.538 Y217.229 E650.22612
G1 X159.577 Y216.9 E650.25991
G1 X158.659 Y216.582 E650.29222
G1 X158.076 Y216.371 E650.31284
G1 X157.793 Y216.259 E650.32296
G1 X157.231 Y216.009 E650.34342
G1 X153.051 Y213.946 E650.49846
G1 X152.82 Y213.82 E650.50721
G1 X152.493 Y213.619 E650.51998
G1 X151.95 Y213.272 E650.54141
G1 X151.193 Y212.772 E650.57158
G1 X151.141 Y212.74 E650.57362
G1 X150.098 Y212.045 E650.6153
G1 X149.251 Y211.474 E650.64928
G1 X148.439 Y210.921 E650.68195
G1 X147.89 Y210.537 E650.70424
G1 X147.658 Y210.365 E650.71384
G1 X147.245 Y210.031 E650.73151
G1 X143.798 Y207.009 E650.88398
G1 X143.589 Y206.811 E650.89355
G1 X143.292 Y206.502 E650.90781
G1 X142.847 Y206.018 E650.92968
G1 X142.198 Y205.29 E650.96211
G1 X141.36 Y204.338 E651.0043
G1 X140.688 Y203.566 E651.03834
G1 X140.017 Y202.789 E651.07248
G1 X139.616 Y202.31 E651.09326
G1 X139.432 Y202.078 E651.10311
G1 X139.216 Y201.783 E651.11527
G1 X139.029 Y201.514 E651.12617
G1 X136.576 Y197.842 E651.27304
G1 X136.426 Y197.597 E651.2826
G1 X136.219 Y197.222 E651.29684
G1 X135.917 Y196.642 E651.31859
G1 X135.477 Y195.769 E651.35111
G1 X134.913 Y194.632 E651.39332
G1 X134.463 Y193.711 E651.42742
G1 X134.016 Y192.788 E651.46153
G1 X133.751 Y192.216 E651.48249
G1 X133.638 Y191.957 E651.49189
G1 X133.446 Y191.461 E651.50958
G1 X131.976 Y187.126 E651.66183
G1 X131.89 Y186.836 E651.67189
G1 X131.782 Y186.401 E651.6868
G1 X131.648 Y185.789 E651.70763
G1 X131.448 Y184.832 E651.74015
G1 X131.198 Y183.588 E651.78235
G1 X131.002 Y182.582 E651.81644
G1 X130.809 Y181.573 E651.85061
G1 X130.701 Y180.953 E651.87154
G1 X130.658 Y180.665 E651.88123
G1 X130.603 Y180.146 E651.89859
G1 X130.303 Y175.571 E652.05108
G1 X130.296 Y175.283 E652.06066
G1 X130.303 Y174.86 E652.07473
G1 X130.332 Y174.201 E652.09667
G1 X130.388 Y173.226 E652.12915
G1 X130.468 Y171.959 E652.17138
G1 X130.538 Y170.937 E652.20545
G1 X130.615 Y169.913 E652.2396
G1 X130.669 Y169.29 E652.2604
G1 X130.701 Y169.004 E652.26997
G1 X130.758 Y168.641 E652.2822
G1 X130.815 Y168.317 E652.29314
G1 X131.003 Y167.383 E652.32483
G1 X131.01 Y167.338 E652.32634
G1 X131.623 Y164.265 E652.43056
G1 X131.721 Y163.805 E652.44621
G1 X131.793 Y163.513 E652.45621
G1 X132.012 Y162.764 E652.48216
G1 X132.269 Y162.01 E652.50866
G1 X132.632 Y160.97 E652.5453
G1 X132.974 Y160.026 E652.57869
G1 X133.168 Y159.498 E652.5974
G1 X133.784 Y157.916 E652.65386
G1 X134.364 Y156.583 E652.70222
G1 X134.963 Y155.301 E652.74928
G1 X135.562 Y154.104 E652.7938
G1 X135.935 Y153.41 E652.82
G1 X136.129 Y153.041 E652.83387
G1 X136.327 Y152.691 E652.84724
G1 X136.642 Y152.147 E652.86815
G1 X136.825 Y151.843 E652.87995
G1 X137.084 Y151.42 E652.89645
G1 X137.311 Y151.069 E652.91035
G1 X137.462 Y150.831 E652.91973
G1 X137.868 Y150.223 E652.94405
G1 X138.126 Y149.875 E652.95845
G1 X138.373 Y149.503 E652.97331
G1 X138.538 Y149.262 E652.98302
G1 X138.594 Y149.233 E652.98512
G1 X138.964 Y148.88 E653.00213
G1 X139.215 Y148.669 E653.01303
G1 X139.711 Y148.225 E653.03517
G1 X133.569 Y142.082 E653.3241
G1 X136.917 Y138.733 E653.4816
G1 X140.557 Y142.374 E653.65284
G1 X143.645 Y145.468 E653.79823
G1 X145.416 Y143.698 E653.88151
G1 X138.687 Y136.963 E654.19816
;TIME_ELAPSED:681.796557
;LAYER:61
;MESH:Warp_Reaction_Chamber_Lens.stl
G0 F12000 X138.687 Y136.963 Z12.4
;TYPE:WALL-OUTER
G1 F1900.7 X141.905 Y133.745 E654.34953
G1 X148.091 Y139.928 E654.64043
G1 X148.556 Y139.421 E654.66331
G1 X148.873 Y139.05 E654.67954
G1 X149.266 Y138.67 E654.69772
G1 X149.414 Y138.552 E654.70402
G1 X149.72 Y138.32 E654.71679
G1 X150.253 Y137.939 E654.73858
G1 X150.48 Y137.782 E654.74776
G1 X150.876 Y137.491 E654.7641
G1 X151.454 Y137.117 E654.787
G1 X152.173 Y136.678 E654.81502
G1 X153.062 Y136.169 E654.84909
G1 X154.126 Y135.602 E654.88919
G1 X155.321 Y135.004 E654.93364
G1 X156.601 Y134.406 E654.98063
G1 X157.92 Y133.831 E655.02848
G1 X159.259 Y133.303 E655.07636
G1 X160.59 Y132.812 E655.12354
G1 X162 Y132.322 E655.17319
G1 X163.089 Y131.955 E655.21141
G1 X163.442 Y131.858 E655.22359
G1 X163.702 Y131.794 E655.23249
G1 X164 Y131.726 E655.24266
G1 X165.256 Y131.471 E655.28529
G1 X168.597 Y130.808 E655.39858
G1 X168.939 Y130.755 E655.41009
G1 X169.37 Y130.708 E655.42451
G1 X169.99 Y130.653 E655.44521
G1 X170.94 Y130.584 E655.47689
G1 X172.287 Y130.493 E655.52179
G1 X173.228 Y130.434 E655.55315
G1 X174.208 Y130.378 E655.5858
G1 X174.925 Y130.348 E655.60967
G1 X175.313 Y130.343 E655.62258
G1 X175.605 Y130.351 E655.63229
G1 X180.262 Y130.657 E655.78752
G1 X180.591 Y130.693 E655.79853
G1 X181.024 Y130.76 E655.8131
G1 X181.638 Y130.867 E655.83383
G1 X182.574 Y131.046 E655.86552
G1 X183.898 Y131.307 E655.91041
G1 X184.821 Y131.494 E655.94173
G1 X185.785 Y131.693 E655.97447
G1 X186.42 Y131.835 E655.99611
G1 X186.857 Y131.944 E656.01109
G1 X187.147 Y132.03 E656.02115
G1 X191.552 Y133.528 E656.1759
G1 X191.824 Y133.631 E656.18558
G1 X192.269 Y133.827 E656.20175
G1 X192.832 Y134.089 E656.2224
G1 X193.694 Y134.504 E656.25422
G1 X194.904 Y135.099 E656.29907
G1 X195.747 Y135.519 E656.3304
G1 X196.713 Y136.005 E656.36636
G1 X197.257 Y136.291 E656.3868
G1 X197.605 Y136.485 E656.40005
G1 X197.848 Y136.635 E656.40955
G1 X201.721 Y139.223 E656.56448
G1 X202.002 Y139.43 E656.57609
G1 X202.334 Y139.697 E656.59026
G1 X202.813 Y140.099 E656.61106
G1 X203.537 Y140.722 E656.64283
G1 X204.4 Y141.475 E656.68092
G1 X205.258 Y142.234 E656.71902
G1 X205.994 Y142.887 E656.75175
G1 X206.518 Y143.37 E656.77545
G1 X206.797 Y143.641 E656.78839
G1 X207 Y143.856 E656.79822
G1 X210.07 Y147.358 E656.95312
G1 X210.289 Y147.631 E656.96476
G1 X210.54 Y147.975 E656.97892
G1 X210.899 Y148.487 E656.99972
G1 X211.436 Y149.275 E657.03144
G1 X212.187 Y150.396 E657.07631
G1 X212.708 Y151.182 E657.10768
G1 X213.303 Y152.088 E657.14373
G1 X213.632 Y152.61 E657.16425
G1 X213.838 Y152.953 E657.17756
G1 X213.98 Y153.218 E657.18756
G1 X214.097 Y153.46 E657.1965
G1 X214.112 Y153.485 E657.19747
G1 X215.894 Y157.101 E657.33155
G1 X216.025 Y157.371 E657.34153
G1 X216.168 Y157.692 E657.35322
G1 X216.323 Y158.09 E657.36742
G1 X216.537 Y158.679 E657.38827
G1 X216.852 Y159.582 E657.42008
G1 X217.288 Y160.859 E657.46496
G1 X217.588 Y161.754 E657.49635
G1 X217.927 Y162.78 E657.53229
G1 X218.113 Y163.372 E657.55293
G1 X218.216 Y163.74 E657.56564
G1 X218.286 Y164.035 E657.57573
G1 X219.192 Y168.597 E657.73042
G1 X219.244 Y168.934 E657.74176
G1 X219.292 Y169.366 E657.75622
G1 X219.347 Y169.986 E657.77692
G1 X219.408 Y170.831 E657.8051
G1 X219.417 Y170.94 E657.80874
G1 X219.507 Y172.287 E657.85364
G1 X219.566 Y173.226 E657.88493
G1 X219.627 Y174.306 E657.92091
G1 X219.652 Y174.92 E657.94135
G1 X219.657 Y175.31 E657.95432
G1 X219.649 Y175.605 E657.96414
G1 X219.344 Y180.253 E658.11906
G1 X219.307 Y180.591 E658.13037
G1 X219.241 Y181.02 E658.14481
G1 X219.133 Y181.638 E658.16567
G1 X218.954 Y182.574 E658.19737
G1 X218.693 Y183.898 E658.24225
G1 X218.506 Y184.82 E658.27354
G1 X218.286 Y185.88 E658.30955
G1 X218.151 Y186.479 E658.32997
G1 X218.056 Y186.857 E658.34294
G1 X217.97 Y187.147 E658.353
G1 X216.472 Y191.552 E658.50775
G1 X216.37 Y191.821 E658.51732
G1 X216.173 Y192.269 E658.53359
G1 X215.911 Y192.832 E658.55425
G1 X215.496 Y193.694 E658.58607
G1 X215.071 Y194.561 E658.61818
G1 X214.857 Y194.989 E658.6341
G1 X214.714 Y195.269 E658.64456
G1 X214.337 Y196.034 E658.67292
G1 X214.084 Y196.496 E658.69044
G1 X213.671 Y197.332 E658.72145
G1 X212.851 Y198.453 E658.76765
G1 X212.812 Y198.512 E658.77
G1 X212.635 Y198.761 E658.78016
G1 X212.093 Y199.496 E658.81054
G1 X211.105 Y200.869 E658.8668
G1 X210.239 Y202.036 E658.91513
G1 X209.336 Y203.176 E658.9635
G1 X208.397 Y204.283 E659.01178
G1 X207.419 Y205.359 E659.06014
G1 X206.409 Y206.404 E659.10848
G1 X205.36 Y207.42 E659.15705
G1 X204.289 Y208.392 E659.20516
G1 X203.18 Y209.331 E659.25349
G1 X202.041 Y210.235 E659.30185
G1 X200.869 Y211.105 E659.3504
G1 X199.496 Y212.093 E659.40666
G1 X198.765 Y212.632 E659.43687
G1 X198.501 Y212.82 E659.44765
G1 X198.455 Y212.849 E659.44946
G1 X197.314 Y213.681 E659.49643
G1 X196.496 Y214.085 E659.52677
G1 X196.014 Y214.348 E659.54503
G1 X195.235 Y214.731 E659.5739
G1 X194.793 Y214.956 E659.5904
G1 X194.361 Y215.17 E659.60644
G1 X192.811 Y215.921 E659.66372
G1 X192.156 Y216.225 E659.68774
G1 X191.805 Y216.377 E659.70046
G1 X191.56 Y216.469 E659.70916
G1 X191.261 Y216.57 E659.71966
G1 X191.24 Y216.58 E659.72044
G1 X187.116 Y217.979 E659.86528
G1 X186.783 Y218.076 E659.87681
G1 X186.363 Y218.179 E659.8912
G1 X185.776 Y218.307 E659.91118
G1 X185.751 Y218.314 E659.91204
G1 X184.821 Y218.508 E659.94364
G1 X183.499 Y218.773 E659.98848
G1 X182.574 Y218.953 E660.01983
G1 X181.513 Y219.155 E660.05575
G1 X180.908 Y219.26 E660.07617
G1 X180.516 Y219.317 E660.08935
G1 X180.229 Y219.346 E660.09894
G1 X179.071 Y219.421 E660.13754
G1 X175.572 Y219.65 E660.25417
G1 X175.235 Y219.658 E660.26538
G1 X174.806 Y219.648 E660.27965
G1 X174.181 Y219.621 E660.30046
G1 X173.228 Y219.566 E660.33221
G1 X172.017 Y219.482 E660.37258
G1 X170.677 Y219.362 E660.41733
G1 X169.285 Y219.208 E660.46391
G1 X167.951 Y219.015 E660.50874
G1 X166.663 Y218.797 E660.55219
G1 X165.432 Y218.563 E660.59386
G1 X164.002 Y218.278 E660.64236
G1 X163.674 Y218.198 E660.65359
G1 X163.256 Y218.076 E660.66807
G1 X162.654 Y217.887 E660.68906
G1 X161.753 Y217.589 E660.72062
G1 X160.478 Y217.159 E660.76538
G1 X159.592 Y216.856 E660.79652
G1 X158.675 Y216.539 E660.82879
G1 X158.03 Y216.306 E660.8516
G1 X157.698 Y216.176 E660.86346
G1 X157.451 Y216.066 E660.87245
G1 X153.078 Y213.909 E661.03463
G1 X152.808 Y213.76 E661.04489
G1 X152.467 Y213.55 E661.05821
G1 X151.958 Y213.223 E661.07833
G1 X151.264 Y212.763 E661.10602
G1 X151.169 Y212.703 E661.10976
G1 X150.671 Y212.369 E661.1297
G1 X150.225 Y212.075 E661.14747
G1 X149.277 Y211.436 E661.18549
G1 X148.463 Y210.883 E661.21823
G1 X148.174 Y210.678 E661.23001
G1 X147.931 Y210.509 E661.23985
G1 X147.585 Y210.253 E661.25417
G1 X147.334 Y210.05 E661.26491
G1 X144.799 Y207.824 E661.37711
G1 X144.018 Y207.142 E661.4116
G1 X143.73 Y206.881 E661.42453
G1 X143.585 Y206.741 E661.43123
G1 X143.288 Y206.431 E661.44551
G1 X142.867 Y205.971 E661.46625
G1 X142.232 Y205.259 E661.49798
G1 X141.341 Y204.247 E661.54283
G1 X140.724 Y203.537 E661.57411
G1 X140.015 Y202.716 E661.61019
G1 X139.623 Y202.246 E661.63055
G1 X139.383 Y201.941 E661.64346
G1 X139.204 Y201.693 E661.65363
G1 X136.622 Y197.827 E661.80825
G1 X136.445 Y197.537 E661.81955
G1 X136.234 Y197.152 E661.83416
G1 X135.948 Y196.602 E661.85477
G1 X135.517 Y195.748 E661.88659
G1 X134.918 Y194.539 E661.93147
G1 X134.504 Y193.691 E661.96285
G1 X134.036 Y192.719 E661.99874
G1 X133.775 Y192.156 E662.01937
G1 X133.623 Y191.805 E662.0321
G1 X133.531 Y191.56 E662.0408
G1 X133.43 Y191.261 E662.0513
G1 X133.42 Y191.24 E662.05207
G1 X132.021 Y187.116 E662.19691
G1 X131.924 Y186.782 E662.20848
G1 X131.821 Y186.363 E662.22283
G1 X131.685 Y185.745 E662.24388
G1 X131.492 Y184.821 E662.27527
G1 X131.227 Y183.499 E662.32012
G1 X131.047 Y182.574 E662.35146
G1 X130.844 Y181.509 E662.38752
G1 X130.739 Y180.902 E662.40801
G1 X130.683 Y180.514 E662.42105
G1 X130.654 Y180.229 E662.43058
G1 X130.579 Y179.071 E662.46917
G1 X130.35 Y175.572 E662.5858
G1 X130.342 Y175.24 E662.59685
G1 X130.352 Y174.806 E662.61128
G1 X130.379 Y174.182 E662.63206
G1 X130.434 Y173.227 E662.66387
G1 X130.52 Y171.881 E662.70873
G1 X130.584 Y170.942 E662.74004
G1 X130.665 Y169.863 E662.77603
G1 X130.72 Y169.251 E662.79646
G1 X130.765 Y168.855 E662.80972
G1 X130.813 Y168.562 E662.81959
G1 X131.039 Y167.436 E662.85779
G1 X131.665 Y164.291 E662.96445
G1 X131.872 Y163.334 E662.99701
G1 X131.961 Y163.058 E663.00666
G1 X132.325 Y161.989 E663.04422
G1 X132.686 Y160.953 E663.08071
G1 X132.839 Y160.529 E663.0957
G1 X133.2 Y159.546 E663.13053
G1 X133.804 Y157.995 E663.18589
G1 X133.826 Y157.934 E663.18805
G1 X134.406 Y156.602 E663.23637
G1 X135.004 Y155.322 E663.28336
G1 X135.602 Y154.127 E663.3278
G1 X135.945 Y153.488 E663.35192
G1 X136.166 Y153.067 E663.36774
G1 X136.394 Y152.666 E663.38308
G1 X136.677 Y152.178 E663.40184
G1 X136.885 Y151.829 E663.41536
G1 X137.114 Y151.459 E663.42983
G1 X137.486 Y150.878 E663.45277
G1 X137.902 Y150.255 E663.47769
G1 X138.131 Y149.946 E663.49048
G1 X138.363 Y149.595 E663.50448
G1 X138.538 Y149.342 E663.51471
G1 X138.577 Y149.296 E663.51671
G1 X138.603 Y149.314 E663.51776
G1 X138.898 Y149.004 E663.532
G1 X139.083 Y148.852 E663.53996
G1 X139.375 Y148.602 E663.55275
G1 X139.88 Y148.14 E663.57551
G1 X137.06 Y145.312 E663.70834
G1 X136.143 Y144.397 E663.75143
G1 X133.699 Y141.951 E663.86644
G1 X136.917 Y138.733 E664.0178
G1 X142.032 Y143.851 E664.25846
G1 X143.645 Y145.468 E664.33443
G1 X145.416 Y143.698 E664.41771
G1 X141.274 Y139.55 E664.61268
G1 X138.687 Y136.963 E664.73436
;TIME_ELAPSED:692.241969
;LAYER:62
;MESH:Warp_Reaction_Chamber_Lens.stl
G0 F12000 X138.687 Y136.963 Z12.6
;TYPE:WALL-OUTER
G1 F1899.6 X141.766 Y133.884 E664.87919
G1 X144.212 Y136.331 E664.99426
G1 X144.552 Y136.668 E665.01019
G1 X145.609 Y137.724 E665.05988
G1 X147.251 Y139.359 E665.13695
G1 X147.673 Y139.776 E665.15668
G1 X147.998 Y140.103 E665.17202
G1 X148.486 Y139.576 E665.19591
G1 X148.756 Y139.273 E665.2094
G1 X149.024 Y138.957 E665.22319
G1 X149.278 Y138.728 E665.23456
G1 X149.491 Y138.552 E665.24375
G1 X149.876 Y138.265 E665.25972
G1 X150.322 Y137.946 E665.27796
G1 X150.577 Y137.769 E665.28828
G1 X150.922 Y137.515 E665.30253
G1 X151.494 Y137.147 E665.32515
G1 X152.204 Y136.713 E665.35283
G1 X153.088 Y136.207 E665.38671
G1 X154.149 Y135.642 E665.42669
G1 X155.342 Y135.045 E665.47106
G1 X156.62 Y134.448 E665.51798
G1 X157.938 Y133.874 E665.56579
G1 X159.276 Y133.346 E665.61363
G1 X160.607 Y132.855 E665.66082
G1 X162.06 Y132.352 E665.71196
G1 X163.084 Y132.007 E665.7479
G1 X163.446 Y131.905 E665.76041
G1 X163.71 Y131.84 E665.76945
G1 X164.056 Y131.761 E665.78125
G1 X164.321 Y131.707 E665.79025
G1 X164.353 Y131.698 E665.79135
G1 X168.603 Y130.854 E665.93547
G1 X168.902 Y130.806 E665.94554
G1 X169.32 Y130.759 E665.95953
G1 X170.014 Y130.698 E665.9827
G1 X170.782 Y130.642 E666.00832
G1 X170.945 Y130.629 E666.01375
G1 X172.371 Y130.534 E666.06129
G1 X173.23 Y130.48 E666.08991
G1 X174.208 Y130.424 E666.1225
G1 X174.862 Y130.396 E666.14427
G1 X175.28 Y130.389 E666.15817
G1 X175.573 Y130.396 E666.16792
G1 X180.255 Y130.703 E666.32398
G1 X180.539 Y130.732 E666.33347
G1 X180.963 Y130.797 E666.34774
G1 X181.652 Y130.917 E666.371
G1 X182.567 Y131.091 E666.40198
G1 X183.969 Y131.368 E666.44951
G1 X185.774 Y131.738 E666.5108
G1 X186.406 Y131.879 E666.53233
G1 X186.815 Y131.981 E666.54635
G1 X187.097 Y132.064 E666.55613
G1 X191.541 Y133.573 E666.71223
G1 X191.891 Y133.709 E666.72472
G1 X192.301 Y133.892 E666.73965
G1 X192.831 Y134.139 E666.7591
G1 X193.675 Y134.546 E666.79026
G1 X194.446 Y134.926 E666.81885
G1 X194.701 Y135.049 E666.82827
G1 X195.725 Y135.559 E666.86632
G1 X196.747 Y136.075 E666.9044
G1 X197.279 Y136.355 E666.92439
G1 X197.599 Y136.536 E666.93662
G1 X197.862 Y136.7 E666.94693
G1 X198.752 Y137.296 E666.98255
G1 X198.867 Y137.371 E666.98712
G1 X200.63 Y138.551 E667.05768
G1 X201.515 Y139.14 E667.09304
G1 X201.794 Y139.335 E667.10436
G1 X202.009 Y139.494 E667.11325
G1 X202.262 Y139.697 E667.12404
G1 X202.799 Y140.148 E667.14737
G1 X203.507 Y140.758 E667.17845
G1 X204.582 Y141.698 E667.22595
G1 X205.814 Y142.788 E667.28066
G1 X206.077 Y143.027 E667.29248
G1 X206.518 Y143.434 E667.31244
G1 X206.785 Y143.696 E667.32488
G1 X206.997 Y143.923 E667.33521
G1 X210.033 Y147.387 E667.48841
G1 X210.22 Y147.618 E667.4983
G1 X210.276 Y147.691 E667.50136
G1 X210.534 Y148.047 E667.51598
G1 X210.873 Y148.53 E667.53561
G1 X211.399 Y149.302 E667.56668
G1 X212.194 Y150.489 E667.61419
G1 X213.208 Y152.025 E667.67541
G1 X213.616 Y152.671 E667.70082
G1 X213.807 Y152.995 E667.71333
G1 X213.955 Y153.271 E667.72375
G1 X215.982 Y157.388 E667.87638
G1 X216.107 Y157.667 E667.88654
G1 X216.26 Y158.055 E667.90042
G1 X216.501 Y158.715 E667.92379
G1 X216.809 Y159.599 E667.95492
G1 X217.18 Y160.681 E667.99296
G1 X217.544 Y161.766 E668.03103
G1 X217.901 Y162.849 E668.06896
G1 X218.078 Y163.423 E668.08893
G1 X218.181 Y163.791 E668.10164
G1 X218.248 Y164.078 E668.11145
G1 X218.456 Y165.132 E668.14718
G1 X218.485 Y165.269 E668.15184
G1 X219.146 Y168.603 E668.26488
G1 X219.194 Y168.902 E668.27496
G1 X219.241 Y169.32 E668.28895
G1 X219.302 Y170.012 E668.31205
G1 X219.371 Y170.945 E668.34317
G1 X219.466 Y172.371 E668.3907
G1 X219.52 Y173.228 E668.41926
G1 X219.584 Y174.367 E668.45721
G1 X219.607 Y174.966 E668.47714
G1 X219.611 Y175.339 E668.48955
G1 X219.6 Y175.643 E668.49967
G1 X219.298 Y180.247 E668.65313
G1 X219.268 Y180.538 E668.66286
G1 X219.204 Y180.959 E668.67702
G1 X219.084 Y181.649 E668.70031
G1 X218.909 Y182.567 E668.7314
G1 X218.632 Y183.969 E668.77893
G1 X218.461 Y184.809 E668.80744
G1 X218.229 Y185.928 E668.84545
G1 X218.121 Y186.406 E668.86175
G1 X218.019 Y186.815 E668.87577
G1 X217.936 Y187.097 E668.88555
G1 X216.43 Y191.533 E669.04136
G1 X216.291 Y191.891 E669.05413
G1 X216.11 Y192.297 E669.06892
G1 X215.861 Y192.831 E669.08851
G1 X215.454 Y193.674 E669.11965
G1 X215.02 Y194.56 E669.15246
G1 X214.775 Y195.048 E669.17062
G1 X214.639 Y195.314 E669.18056
G1 X214.295 Y196.012 E669.20644
G1 X214.01 Y196.531 E669.22614
G1 X213.633 Y197.299 E669.25459
G1 X212.866 Y198.346 E669.29776
G1 X212.754 Y198.519 E669.30461
G1 X212.247 Y199.234 E669.33377
G1 X211.931 Y199.663 E669.35149
G1 X211.077 Y200.849 E669.4001
G1 X210.211 Y202.015 E669.44841
G1 X209.309 Y203.154 E669.49673
G1 X208.366 Y204.266 E669.54522
G1 X207.394 Y205.336 E669.5933
G1 X206.541 Y206.219 E669.63414
G1 X206.22 Y206.541 E669.64926
G1 X205.337 Y207.395 E669.69012
G1 X204.266 Y208.366 E669.7382
G1 X203.158 Y209.304 E669.78648
G1 X202.02 Y210.207 E669.8348
G1 X200.849 Y211.077 E669.88332
G1 X199.577 Y211.993 E669.93546
G1 X199.238 Y212.244 E669.94949
G1 X198.484 Y212.78 E669.98026
G1 X198.348 Y212.865 E669.98559
G1 X197.298 Y213.633 E670.02886
G1 X196.531 Y214.011 E670.0573
G1 X195.983 Y214.311 E670.07808
G1 X195.273 Y214.66 E670.10439
G1 X194.281 Y215.158 E670.14131
G1 X192.793 Y215.879 E670.1963
G1 X192.096 Y216.2 E670.22183
G1 X191.759 Y216.345 E670.23403
G1 X191.468 Y216.454 E670.24436
G1 X187.105 Y217.934 E670.3976
G1 X186.815 Y218.019 E670.40765
G1 X186.73 Y218.042 E670.41058
G1 X186.303 Y218.145 E670.42519
G1 X185.727 Y218.271 E670.4448
G1 X184.811 Y218.463 E670.47593
G1 X183.411 Y218.743 E670.52341
G1 X182.568 Y218.907 E670.55198
G1 X181.444 Y219.121 E670.59003
G1 X180.964 Y219.204 E670.60624
G1 X180.543 Y219.266 E670.62039
G1 X180.254 Y219.297 E670.63006
G1 X175.573 Y219.604 E670.78608
G1 X175.281 Y219.612 E670.7958
G1 X174.862 Y219.604 E670.80974
G1 X174.163 Y219.574 E670.83301
G1 X173.228 Y219.521 E670.86415
G1 X172.023 Y219.436 E670.90433
G1 X170.681 Y219.316 E670.94915
G1 X169.29 Y219.162 E670.99569
G1 X167.955 Y218.969 E671.04056
G1 X166.669 Y218.751 E671.08394
G1 X165.443 Y218.518 E671.12545
G1 X164.022 Y218.234 E671.17364
G1 X163.644 Y218.143 E671.18658
G1 X163.214 Y218.015 E671.2015
G1 X162.652 Y217.837 E671.2211
G1 X161.765 Y217.546 E671.25215
G1 X160.417 Y217.091 E671.29947
G1 X158.694 Y216.497 E671.36009
G1 X158.007 Y216.248 E671.38439
G1 X157.74 Y216.144 E671.39393
G1 X157.433 Y216.006 E671.40512
G1 X153.102 Y213.869 E671.56575
G1 X152.874 Y213.744 E671.5744
G1 X152.532 Y213.536 E671.58771
G1 X151.965 Y213.173 E671.6101
G1 X151.332 Y212.753 E671.63537
G1 X151.194 Y212.665 E671.64082
G1 X150.015 Y211.878 E671.68796
G1 X148.491 Y210.847 E671.74916
G1 X147.869 Y210.408 E671.77448
G1 X147.574 Y210.186 E671.78676
G1 X147.335 Y209.988 E671.79708
G1 X144.832 Y207.792 E671.90783
G1 X144.031 Y207.092 E671.94321
G1 X143.776 Y206.859 E671.9547
G1 X143.587 Y206.677 E671.96343
G1 X143.363 Y206.443 E671.9742
G1 X142.888 Y205.924 E671.9976
G1 X142.265 Y205.228 E672.02867
G1 X141.323 Y204.156 E672.07614
G1 X140.758 Y203.507 E672.10476
G1 X140.116 Y202.764 E672.13742
G1 X139.7 Y202.266 E672.159
G1 X139.432 Y201.93 E672.17329
G1 X139.22 Y201.635 E672.18538
G1 X136.657 Y197.797 E672.33888
G1 X136.503 Y197.546 E672.34867
G1 X136.301 Y197.179 E672.3626
G1 X135.977 Y196.559 E672.38587
G1 X135.558 Y195.726 E672.41688
G1 X134.925 Y194.447 E672.46435
G1 X134.547 Y193.673 E672.493
G1 X134.119 Y192.789 E672.52566
G1 X133.8 Y192.096 E672.55104
G1 X133.655 Y191.759 E672.56324
G1 X133.546 Y191.468 E672.57358
G1 X132.066 Y187.105 E672.72681
G1 X131.981 Y186.815 E672.73686
G1 X131.958 Y186.73 E672.73979
G1 X131.854 Y186.299 E672.75454
G1 X131.729 Y185.727 E672.77401
G1 X131.537 Y184.811 E672.80514
G1 X131.257 Y183.411 E672.85263
G1 X131.093 Y182.568 E672.88119
G1 X130.879 Y181.444 E672.91925
G1 X130.795 Y180.958 E672.93565
G1 X130.733 Y180.539 E672.94974
G1 X130.703 Y180.254 E672.95927
G1 X130.396 Y175.573 E673.11529
G1 X130.388 Y175.286 E673.12484
G1 X130.396 Y174.862 E673.13895
G1 X130.427 Y174.162 E673.16225
G1 X130.48 Y173.229 E673.19334
G1 X130.571 Y171.804 E673.24083
G1 X130.631 Y170.946 E673.26943
G1 X130.715 Y169.804 E673.30752
G1 X130.759 Y169.32 E673.32368
G1 X130.807 Y168.892 E673.33801
G1 X130.865 Y168.54 E673.34987
G1 X131.707 Y164.316 E673.49313
G1 X131.891 Y163.458 E673.52232
G1 X131.949 Y163.238 E673.52988
G1 X132.083 Y162.848 E673.5436
G1 X132.092 Y162.815 E673.54474
G1 X132.381 Y161.966 E673.57457
G1 X132.741 Y160.934 E673.61092
G1 X132.862 Y160.599 E673.62277
G1 X133.246 Y159.554 E673.65979
G1 X133.868 Y157.953 E673.71692
G1 X134.448 Y156.621 E673.76524
G1 X135.045 Y155.343 E673.81216
G1 X135.642 Y154.15 E673.85653
G1 X135.955 Y153.567 E673.87854
G1 X136.204 Y153.093 E673.89634
G1 X136.46 Y152.642 E673.91359
G1 X136.712 Y152.209 E673.93026
G1 X136.946 Y151.817 E673.94544
G1 X137.143 Y151.499 E673.95788
G1 X137.509 Y150.927 E673.98047
G1 X137.942 Y150.28 E674.00636
G1 X138.137 Y150.017 E674.01725
G1 X138.356 Y149.684 E674.03051
G1 X138.537 Y149.423 E674.04107
G1 X138.577 Y149.376 E674.04312
G1 X138.605 Y149.395 E674.04425
G1 X138.909 Y149.066 E674.05915
G1 X139.113 Y148.898 E674.06794
G1 X139.376 Y148.672 E674.07947
G1 X139.682 Y148.393 E674.09324
G1 X140.054 Y148.045 E674.11019
G1 X137.205 Y145.179 E674.2446
G1 X134.903 Y142.877 E674.35287
G1 X133.839 Y141.811 E674.40297
G1 X136.917 Y138.733 E674.54775
G1 X142.039 Y143.858 E674.78874
G1 X143.645 Y145.468 E674.86438
G1 X145.416 Y143.698 E674.94766
G1 X138.687 Y136.963 E675.26431
;TIME_ELAPSED:702.687175
;LAYER:63
;MESH:Warp_Reaction_Chamber_Lens.stl
G0 F12000 X138.687 Y136.963 Z12.8
;TYPE:WALL-OUTER
G1 F1898.4 X141.615 Y134.035 E675.40203
G1 X143.045 Y135.466 E675.46932
G1 X145.784 Y138.198 E675.59799
G1 X147.897 Y140.285 E675.69677
G1 X148.559 Y139.576 E675.72903
G1 X148.825 Y139.276 E675.74237
G1 X149.084 Y138.971 E675.75568
G1 X149.353 Y138.732 E675.76764
G1 X149.583 Y138.542 E675.77757
G1 X149.894 Y138.308 E675.79051
G1 X150.391 Y137.953 E675.81083
G1 X150.674 Y137.756 E675.82229
G1 X150.969 Y137.539 E675.83447
G1 X151.534 Y137.175 E675.85683
G1 X152.235 Y136.747 E675.88415
G1 X153.114 Y136.245 E675.91781
G1 X154.175 Y135.68 E675.95779
G1 X155.358 Y135.088 E676.00179
G1 X156.639 Y134.49 E676.04881
G1 X157.955 Y133.916 E676.09657
G1 X159.292 Y133.389 E676.14436
G1 X160.618 Y132.9 E676.19137
G1 X161.918 Y132.448 E676.23715
G1 X163.063 Y132.062 E676.27734
G1 X163.632 Y131.907 E676.29695
G1 X163.902 Y131.843 E676.30618
G1 X164.236 Y131.773 E676.31753
G1 X164.395 Y131.737 E676.32295
G1 X168.608 Y130.9 E676.46582
G1 X168.91 Y130.852 E676.47599
G1 X169.327 Y130.805 E676.48994
G1 X170.04 Y130.742 E676.51375
G1 X170.949 Y130.675 E676.54407
G1 X172.089 Y130.597 E676.58207
G1 X173.231 Y130.526 E676.62013
G1 X174.208 Y130.47 E676.65268
G1 X174.86 Y130.442 E676.67438
G1 X175.278 Y130.435 E676.68829
G1 X175.574 Y130.442 E676.69813
G1 X180.058 Y130.735 E676.84759
G1 X180.365 Y130.76 E676.85784
G1 X180.672 Y130.798 E676.86812
G1 X180.957 Y130.842 E676.87772
G1 X181.661 Y130.967 E676.9015
G1 X182.561 Y131.136 E676.93195
G1 X184.038 Y131.429 E676.98204
G1 X185.762 Y131.782 E677.04057
G1 X186.392 Y131.923 E677.06204
G1 X186.8 Y132.024 E677.07602
G1 X187.093 Y132.11 E677.08618
G1 X191.515 Y133.612 E677.2415
G1 X191.8 Y133.721 E677.25165
G1 X192.185 Y133.889 E677.26562
G1 X192.831 Y134.19 E677.28933
G1 X193.656 Y134.588 E677.31979
G1 X194.353 Y134.932 E677.34565
G1 X194.681 Y135.09 E677.35776
G1 X196.577 Y136.038 E677.42826
G1 X197.156 Y136.341 E677.45
G1 X197.528 Y136.546 E677.46412
G1 X197.776 Y136.699 E677.47381
G1 X198.093 Y136.909 E677.48646
G1 X198.691 Y137.311 E677.51043
G1 X198.844 Y137.411 E677.51651
G1 X200.601 Y138.587 E677.58683
G1 X201.509 Y139.192 E677.62312
G1 X201.756 Y139.365 E677.63315
G1 X202.01 Y139.554 E677.64368
G1 X202.235 Y139.735 E677.65328
G1 X202.785 Y140.197 E677.67717
G1 X203.478 Y140.794 E677.70759
G1 X204.613 Y141.786 E677.75773
G1 X205.929 Y142.952 E677.81621
G1 X206.405 Y143.391 E677.83775
G1 X206.708 Y143.683 E677.85174
G1 X206.918 Y143.904 E677.86188
G1 X208.673 Y145.904 E677.95038
G1 X209.153 Y146.454 E677.97466
G1 X209.996 Y147.414 E678.01716
G1 X210.188 Y147.652 E678.02733
G1 X210.264 Y147.751 E678.03148
G1 X210.435 Y147.986 E678.04114
G1 X210.846 Y148.573 E678.06498
G1 X211.642 Y149.748 E678.11218
G1 X212.2 Y150.582 E678.14556
G1 X213.168 Y152.048 E678.20399
G1 X213.519 Y152.602 E678.2258
G1 X213.735 Y152.961 E678.23973
G1 X213.879 Y153.226 E678.24977
G1 X215.94 Y157.405 E678.40474
G1 X216.062 Y157.677 E678.41466
G1 X216.218 Y158.074 E678.42885
G1 X216.464 Y158.751 E678.4528
G1 X216.766 Y159.614 E678.48321
G1 X217.253 Y161.041 E678.53336
G1 X217.5 Y161.778 E678.55922
G1 X217.875 Y162.919 E678.59916
G1 X218.047 Y163.479 E678.61865
G1 X218.121 Y163.74 E678.62767
G1 X218.189 Y164.021 E678.63729
G1 X219.1 Y168.608 E678.79283
G1 X219.147 Y168.901 E678.8027
G1 X219.195 Y169.323 E678.81683
G1 X219.258 Y170.037 E678.84067
G1 X219.325 Y170.949 E678.87108
G1 X219.403 Y172.089 E678.90909
G1 X219.474 Y173.229 E678.94708
G1 X219.53 Y174.206 E678.97963
G1 X219.558 Y174.854 E679.0012
G1 X219.565 Y175.275 E679.0152
G1 X219.558 Y175.574 E679.02515
G1 X219.265 Y180.058 E679.17461
G1 X219.24 Y180.365 E679.18485
G1 X219.203 Y180.667 E679.19497
G1 X219.158 Y180.957 E679.20473
G1 X219.033 Y181.661 E679.22851
G1 X218.864 Y182.561 E679.25897
G1 X218.571 Y184.038 E679.30905
G1 X218.219 Y185.758 E679.36745
G1 X218.077 Y186.392 E679.38906
G1 X217.976 Y186.8 E679.40304
G1 X217.89 Y187.093 E679.41319
G1 X216.388 Y191.515 E679.56852
G1 X216.279 Y191.8 E679.57867
G1 X216.111 Y192.185 E679.59264
G1 X215.81 Y192.831 E679.61634
G1 X215.412 Y193.656 E679.64681
G1 X215.138 Y194.213 E679.66746
G1 X215.132 Y194.23 E679.66806
G1 X214.693 Y195.107 E679.70068
G1 X214.565 Y195.358 E679.71005
G1 X214.258 Y195.983 E679.73321
G1 X213.938 Y196.567 E679.75536
G1 X213.586 Y197.279 E679.78177
G1 X212.883 Y198.24 E679.82138
G1 X212.75 Y198.451 E679.82967
G1 X211.765 Y199.837 E679.88623
G1 X211.048 Y200.828 E679.92691
G1 X210.128 Y202.066 E679.97821
G1 X209.282 Y203.132 E680.02347
G1 X208.34 Y204.244 E680.07195
G1 X207.432 Y205.244 E680.11687
G1 X206.36 Y206.355 E680.16822
G1 X205.313 Y207.369 E680.2167
G1 X204.244 Y208.34 E680.26473
G1 X203.207 Y209.219 E680.30994
G1 X202.07 Y210.125 E680.3583
G1 X201.925 Y210.235 E680.36435
G1 X200.829 Y211.049 E680.40976
G1 X199.63 Y211.912 E680.45889
G1 X198.458 Y212.743 E680.50668
G1 X198.24 Y212.883 E680.5153
G1 X197.309 Y213.561 E680.5536
G1 X197.238 Y213.607 E680.55642
G1 X196.567 Y213.938 E680.5813
G1 X195.984 Y214.257 E680.60341
G1 X195.324 Y214.582 E680.62787
G1 X194.752 Y214.873 E680.64922
G1 X194.206 Y215.143 E680.66948
G1 X192.773 Y215.838 E680.72245
G1 X192.184 Y216.111 E680.74404
G1 X191.8 Y216.279 E680.75798
G1 X191.515 Y216.388 E680.76813
G1 X188.995 Y217.245 E680.85666
G1 X188.303 Y217.478 E680.88095
G1 X187.093 Y217.889 E680.92345
G1 X186.8 Y217.976 E680.93362
G1 X186.392 Y218.077 E680.9476
G1 X185.697 Y218.231 E680.97127
G1 X184.801 Y218.418 E681.00172
G1 X183.323 Y218.714 E681.05185
G1 X181.601 Y219.046 E681.11018
G1 X180.96 Y219.158 E681.13182
G1 X180.539 Y219.22 E681.14598
G1 X180.247 Y219.251 E681.15574
G1 X175.574 Y219.558 E681.3115
G1 X175.279 Y219.566 E681.32132
G1 X174.86 Y219.558 E681.33526
G1 X174.144 Y219.527 E681.35909
G1 X173.231 Y219.474 E681.38951
G1 X172.022 Y219.39 E681.42982
G1 X170.685 Y219.27 E681.47447
G1 X169.294 Y219.116 E681.52101
G1 X167.96 Y218.923 E681.56584
G1 X166.679 Y218.705 E681.60906
G1 X165.452 Y218.474 E681.65059
G1 X164.036 Y218.19 E681.69862
G1 X163.734 Y218.118 E681.70895
G1 X163.609 Y218.084 E681.71326
G1 X163.333 Y218.004 E681.72282
G1 X162.646 Y217.787 E681.74678
G1 X161.779 Y217.502 E681.77713
G1 X161.045 Y217.252 E681.80292
G1 X160.697 Y217.137 E681.81511
G1 X159.625 Y216.77 E681.8528
G1 X158.711 Y216.454 E681.88497
G1 X157.988 Y216.191 E681.91055
G1 X157.753 Y216.098 E681.91896
G1 X157.515 Y215.993 E681.92761
G1 X156.328 Y215.411 E681.97158
G1 X155.629 Y215.064 E681.99754
G1 X153.122 Y213.828 E682.0905
G1 X152.894 Y213.703 E682.09915
G1 X152.792 Y213.642 E682.10311
G1 X152.426 Y213.414 E682.11745
G1 X151.973 Y213.123 E682.13536
G1 X151.221 Y212.627 E682.16532
G1 X150.275 Y211.998 E682.2031
G1 X149.33 Y211.361 E682.24101
G1 X148.522 Y210.811 E682.27352
G1 X147.986 Y210.435 E682.29529
G1 X147.645 Y210.183 E682.3094
G1 X147.415 Y209.997 E682.31923
G1 X143.898 Y206.913 E682.47481
G1 X143.688 Y206.714 E682.48444
G1 X143.391 Y206.405 E682.49869
G1 X142.907 Y205.878 E682.52249
G1 X142.299 Y205.196 E682.55288
G1 X141.544 Y204.34 E682.59084
G1 X140.153 Y202.736 E682.66146
G1 X139.737 Y202.239 E682.68301
G1 X139.47 Y201.904 E682.69726
G1 X139.297 Y201.665 E682.70707
G1 X136.698 Y197.775 E682.86268
G1 X136.542 Y197.521 E682.87259
G1 X136.34 Y197.154 E682.88652
G1 X136.009 Y196.519 E682.91034
G1 X135.599 Y195.704 E682.94068
G1 X135.091 Y194.682 E682.97864
G1 X134.589 Y193.654 E683.01669
G1 X134.161 Y192.772 E683.0493
G1 X133.889 Y192.184 E683.07085
G1 X133.721 Y191.8 E683.08479
G1 X133.612 Y191.515 E683.09494
G1 X132.755 Y188.995 E683.18347
G1 X132.522 Y188.303 E683.20775
G1 X132.111 Y187.093 E683.25026
G1 X132.024 Y186.8 E683.26042
G1 X131.923 Y186.392 E683.2744
G1 X131.769 Y185.697 E683.29808
G1 X131.582 Y184.801 E683.32852
G1 X131.286 Y183.323 E683.37866
G1 X130.953 Y181.597 E683.43712
G1 X130.841 Y180.954 E683.45883
G1 X130.779 Y180.535 E683.47292
G1 X130.748 Y180.239 E683.48282
G1 X130.442 Y175.574 E683.63831
G1 X130.434 Y175.284 E683.64796
G1 X130.442 Y174.86 E683.66206
G1 X130.474 Y174.143 E683.68594
G1 X130.526 Y173.23 E683.71635
G1 X130.576 Y172.454 E683.74221
G1 X130.597 Y172.09 E683.75434
G1 X130.676 Y170.951 E683.79232
G1 X130.747 Y169.972 E683.82496
G1 X130.805 Y169.328 E683.84647
G1 X130.852 Y168.91 E683.86046
G1 X130.899 Y168.609 E683.87059
G1 X131.749 Y164.342 E684.0153
G1 X131.928 Y163.499 E684.04396
G1 X131.998 Y163.235 E684.05305
G1 X132.118 Y162.887 E684.06529
G1 X132.437 Y161.944 E684.0984
G1 X132.795 Y160.92 E684.13448
G1 X133.271 Y159.615 E684.18068
G1 X133.91 Y157.972 E684.23932
G1 X134.489 Y156.64 E684.28762
G1 X135.086 Y155.363 E684.33451
G1 X135.682 Y154.172 E684.37881
G1 X135.965 Y153.646 E684.39867
G1 X136.242 Y153.119 E684.41847
G1 X136.526 Y152.618 E684.43763
G1 X136.745 Y152.24 E684.45216
G1 X137.005 Y151.807 E684.46896
G1 X137.172 Y151.537 E684.47952
G1 X137.533 Y150.973 E684.50179
G1 X137.969 Y150.321 E684.52788
G1 X138.142 Y150.088 E684.53753
G1 X138.349 Y149.773 E684.55006
G1 X138.535 Y149.506 E684.56089
G1 X138.578 Y149.455 E684.56311
G1 X138.605 Y149.474 E684.5642
G1 X138.924 Y149.125 E684.57993
G1 X139.123 Y148.961 E684.58851
G1 X139.378 Y148.743 E684.59967
G1 X139.68 Y148.466 E684.6133
G1 X140.237 Y147.943 E684.63871
G1 X139.487 Y147.179 E684.67432
G1 X137.926 Y145.605 E684.74805
G1 X135.419 Y143.091 E684.86613
G1 X133.989 Y141.661 E684.9334
G1 X136.917 Y138.733 E685.07112
G1 X141.235 Y143.053 E685.27427
G1 X143.645 Y145.468 E685.38775
G1 X145.416 Y143.698 E685.47103
G1 X141.32 Y139.596 E685.66383
G1 X138.687 Y136.963 E685.78768
;TIME_ELAPSED:713.132086
;LAYER:64
;MESH:Warp_Reaction_Chamber_Lens.stl
G0 F12000 X138.687 Y136.963 Z13
;TYPE:WALL-OUTER
G1 F1897.9 X141.453 Y134.197 E685.91779
G1 X142.886 Y135.631 E685.98521
G1 X146.056 Y138.792 E686.13411
G1 X146.493 Y139.224 E686.15455
G1 X147.786 Y140.516 E686.21534
G1 X148.08 Y140.152 E686.2309
G1 X148.527 Y139.689 E686.25231
G1 X148.767 Y139.425 E686.26418
G1 X149.143 Y138.986 E686.2834
G1 X149.347 Y138.822 E686.29211
G1 X149.54 Y138.642 E686.30088
G1 X149.675 Y138.533 E686.30666
G1 X149.981 Y138.302 E686.31941
G1 X150.46 Y137.959 E686.339
G1 X150.771 Y137.743 E686.3516
G1 X151.016 Y137.563 E686.36171
G1 X151.572 Y137.205 E686.3837
G1 X152.267 Y136.781 E686.41078
G1 X153.14 Y136.283 E686.44421
G1 X154.194 Y135.722 E686.48392
G1 X155.383 Y135.127 E686.52814
G1 X156.658 Y134.532 E686.57494
G1 X157.973 Y133.959 E686.62265
G1 X159.309 Y133.432 E686.67042
G1 X160.632 Y132.944 E686.71732
G1 X161.926 Y132.494 E686.76288
G1 X163.051 Y132.115 E686.80237
G1 X163.339 Y132.033 E686.81233
G1 X163.654 Y131.948 E686.82318
G1 X163.924 Y131.885 E686.8324
G1 X164.434 Y131.777 E686.84974
G1 X168.621 Y130.944 E686.99173
G1 X168.909 Y130.898 E687.00143
G1 X169.335 Y130.85 E687.01569
G1 X170.064 Y130.786 E687.04003
G1 X170.953 Y130.721 E687.06968
G1 X171.648 Y130.675 E687.09284
G1 X172.091 Y130.643 E687.10761
G1 X173.232 Y130.572 E687.14564
G1 X174.209 Y130.516 E687.17819
G1 X174.858 Y130.488 E687.19979
G1 X175.275 Y130.48 E687.21366
G1 X175.575 Y130.489 E687.22365
G1 X180.241 Y130.794 E687.37917
G1 X180.539 Y130.825 E687.38913
G1 X180.953 Y130.888 E687.40306
G1 X181.676 Y131.015 E687.42748
G1 X182.552 Y131.182 E687.45714
G1 X184.11 Y131.49 E687.50996
G1 X184.789 Y131.628 E687.53301
G1 X185.749 Y131.827 E687.56561
G1 X186.379 Y131.967 E687.58708
G1 X186.785 Y132.068 E687.60099
G1 X187.075 Y132.154 E687.61106
G1 X187.466 Y132.284 E687.62476
G1 X188.909 Y132.776 E687.67547
G1 X189.668 Y133.032 E687.70211
G1 X191.497 Y133.655 E687.76637
G1 X191.785 Y133.765 E687.77663
G1 X192.164 Y133.93 E687.79038
G1 X192.831 Y134.241 E687.81485
G1 X193.637 Y134.63 E687.84462
G1 X194.662 Y135.132 E687.88258
G1 X195.681 Y135.64 E687.92045
G1 X196.557 Y136.08 E687.95306
G1 X197.129 Y136.379 E687.97452
G1 X197.504 Y136.586 E687.98877
G1 X197.758 Y136.742 E687.99868
G1 X200.031 Y138.259 E688.08958
G1 X200.572 Y138.623 E688.11126
G1 X201.503 Y139.243 E688.14847
G1 X201.714 Y139.391 E688.15704
G1 X202.016 Y139.618 E688.1696
G1 X202.209 Y139.772 E688.17782
G1 X202.772 Y140.246 E688.20229
G1 X203.451 Y140.829 E688.23206
G1 X204.643 Y141.874 E688.28478
G1 X205.637 Y142.755 E688.32896
G1 X206.102 Y143.174 E688.34978
G1 X206.371 Y143.422 E688.36195
G1 X206.68 Y143.72 E688.37623
G1 X206.881 Y143.932 E688.38594
G1 X209.738 Y147.188 E688.53002
G1 X209.959 Y147.442 E688.54122
G1 X210.153 Y147.682 E688.55148
G1 X210.399 Y148.015 E688.56525
G1 X210.821 Y148.618 E688.58973
G1 X211.324 Y149.357 E688.61946
G1 X211.96 Y150.303 E688.65738
G1 X212.591 Y151.255 E688.69536
G1 X213.128 Y152.071 E688.72785
G1 X213.479 Y152.625 E688.74967
G1 X213.694 Y152.983 E688.76356
G1 X213.844 Y153.257 E688.77395
G1 X215.827 Y157.277 E688.92303
G1 X215.942 Y157.522 E688.93204
G1 X216.086 Y157.861 E688.94429
G1 X216.178 Y158.097 E688.95271
G1 X216.428 Y158.786 E688.97709
G1 X216.723 Y159.632 E689.00689
G1 X217.093 Y160.711 E689.04483
G1 X217.456 Y161.794 E689.08282
G1 X217.763 Y162.719 E689.11523
G1 X217.959 Y163.344 E689.13702
G1 X218.074 Y163.743 E689.15083
G1 X218.144 Y164.034 E689.16079
G1 X219.055 Y168.614 E689.3161
G1 X219.102 Y168.909 E689.32604
G1 X219.15 Y169.335 E689.34029
G1 X219.214 Y170.062 E689.36457
G1 X219.279 Y170.953 E689.39428
G1 X219.325 Y171.648 E689.41745
G1 X219.357 Y172.091 E689.43222
G1 X219.428 Y173.232 E689.47024
G1 X219.484 Y174.206 E689.50269
G1 X219.512 Y174.853 E689.52423
G1 X219.52 Y175.271 E689.53814
G1 X219.511 Y175.575 E689.54825
G1 X219.207 Y180.233 E689.70351
G1 X219.176 Y180.532 E689.71351
G1 X219.113 Y180.949 E689.72753
G1 X218.985 Y181.676 E689.75209
G1 X218.818 Y182.552 E689.78175
G1 X218.51 Y184.11 E689.83457
G1 X218.372 Y184.789 E689.85761
G1 X218.174 Y185.746 E689.89012
G1 X218.033 Y186.379 E689.91169
G1 X217.932 Y186.785 E689.9256
G1 X217.846 Y187.075 E689.93566
G1 X217.716 Y187.466 E689.94937
G1 X217.224 Y188.909 E690.00008
G1 X216.968 Y189.668 E690.02672
G1 X216.345 Y191.497 E690.09098
G1 X216.235 Y191.785 E690.10124
G1 X216.07 Y192.164 E690.11498
G1 X215.759 Y192.831 E690.13946
G1 X215.37 Y193.636 E690.1692
G1 X214.916 Y194.559 E690.20341
G1 X214.611 Y195.166 E690.226
G1 X214.49 Y195.402 E690.23483
G1 X214.216 Y195.961 E690.25553
G1 X213.865 Y196.602 E690.27984
G1 X213.546 Y197.248 E690.3038
G1 X212.898 Y198.134 E690.34031
G1 X212.713 Y198.429 E690.35189
G1 X211.768 Y199.762 E690.40624
G1 X210.987 Y200.853 E690.45086
G1 X210.122 Y202.013 E690.49899
G1 X209.215 Y203.154 E690.54747
G1 X208.281 Y204.253 E690.59544
G1 X207.305 Y205.326 E690.64368
G1 X206.334 Y206.329 E690.69012
G1 X205.248 Y207.378 E690.74034
G1 X204.179 Y208.346 E690.7883
G1 X203.072 Y209.283 E690.83654
G1 X201.934 Y210.183 E690.8848
G1 X200.793 Y211.029 E690.93204
G1 X199.623 Y211.867 E690.97991
G1 X199.484 Y211.963 E690.98552
G1 X198.432 Y212.709 E691.02842
G1 X198.133 Y212.899 E691.0402
G1 X197.299 Y213.507 E691.07453
G1 X197.201 Y213.57 E691.0784
G1 X196.602 Y213.864 E691.1006
G1 X195.962 Y214.215 E691.12487
G1 X195.349 Y214.517 E691.1476
G1 X194.731 Y214.831 E691.17066
G1 X194.324 Y215.033 E691.18577
G1 X192.754 Y215.797 E691.24384
G1 X192.168 Y216.068 E691.26532
G1 X191.785 Y216.235 E691.27921
G1 X191.496 Y216.345 E691.2895
G1 X190.286 Y216.758 E691.33202
G1 X187.082 Y217.844 E691.44454
G1 X186.786 Y217.932 E691.45482
G1 X186.382 Y218.032 E691.46866
G1 X185.666 Y218.191 E691.49305
G1 X184.79 Y218.373 E691.52281
G1 X183.235 Y218.684 E691.57555
G1 X181.594 Y219 E691.63114
G1 X180.955 Y219.112 E691.65271
G1 X180.531 Y219.176 E691.66698
G1 X180.24 Y219.205 E691.6767
G1 X175.575 Y219.512 E691.8322
G1 X175.277 Y219.52 E691.84211
G1 X174.858 Y219.512 E691.85605
G1 X174.124 Y219.479 E691.88049
G1 X173.233 Y219.428 E691.91017
G1 X172.025 Y219.344 E691.95045
G1 X170.689 Y219.225 E691.99506
G1 X169.299 Y219.07 E692.04158
G1 X167.965 Y218.877 E692.08641
G1 X166.681 Y218.66 E692.12972
G1 X165.465 Y218.429 E692.17089
G1 X164.049 Y218.146 E692.21891
G1 X163.743 Y218.073 E692.22938
G1 X163.343 Y217.959 E692.24321
G1 X162.64 Y217.736 E692.26774
G1 X161.792 Y217.458 E692.29742
G1 X160.714 Y217.095 E692.33526
G1 X158.729 Y216.412 E692.40508
G1 X157.958 Y216.13 E692.43238
G1 X157.673 Y216.014 E692.44262
G1 X157.398 Y215.886 E692.4527
G1 X156.56 Y215.471 E692.48381
G1 X156.344 Y215.367 E692.49178
G1 X155.719 Y215.057 E692.51498
G1 X154.959 Y214.684 E692.54314
G1 X153.279 Y213.855 E692.60545
G1 X152.963 Y213.689 E692.61732
G1 X152.575 Y213.455 E692.63239
G1 X151.98 Y213.072 E692.65593
G1 X151.245 Y212.588 E692.6852
G1 X149.933 Y211.712 E692.73767
G1 X148.547 Y210.773 E692.79335
G1 X148.337 Y210.624 E692.80192
G1 X148.019 Y210.403 E692.8148
G1 X147.675 Y210.148 E692.82904
G1 X147.448 Y209.963 E692.83878
G1 X146.48 Y209.117 E692.88154
G1 X144.053 Y206.989 E692.98889
G1 X143.765 Y206.725 E693.00189
G1 X143.423 Y206.372 E693.01824
G1 X142.928 Y205.831 E693.04263
G1 X142.332 Y205.165 E693.07235
G1 X141.286 Y203.973 E693.1251
G1 X140.189 Y202.708 E693.18079
G1 X139.776 Y202.214 E693.2022
G1 X139.514 Y201.884 E693.21622
G1 X139.333 Y201.635 E693.22646
G1 X136.743 Y197.76 E693.38148
G1 X136.582 Y197.497 E693.39173
G1 X136.498 Y197.349 E693.39739
G1 X136.279 Y196.94 E693.41283
G1 X136.041 Y196.48 E693.43005
G1 X135.639 Y195.683 E693.45974
G1 X134.935 Y194.26 E693.51255
G1 X134.204 Y192.755 E693.56819
G1 X133.93 Y192.164 E693.58986
G1 X133.765 Y191.785 E693.60361
G1 X133.655 Y191.497 E693.61386
G1 X133.242 Y190.286 E693.65642
G1 X132.156 Y187.082 E693.76894
G1 X132.068 Y186.786 E693.77921
G1 X131.967 Y186.379 E693.79316
G1 X131.809 Y185.666 E693.81745
G1 X131.627 Y184.79 E693.84721
G1 X131.316 Y183.235 E693.89995
G1 X130.999 Y181.591 E693.95564
G1 X130.887 Y180.949 E693.97731
G1 X130.824 Y180.531 E693.99137
G1 X130.795 Y180.24 E694.0011
G1 X130.488 Y175.575 E694.15659
G1 X130.48 Y175.282 E694.16634
G1 X130.488 Y174.858 E694.18045
G1 X130.521 Y174.124 E694.20488
G1 X130.572 Y173.231 E694.23463
G1 X130.643 Y172.093 E694.27256
G1 X130.722 Y170.955 E694.3105
G1 X130.793 Y169.977 E694.34311
G1 X130.85 Y169.335 E694.36455
G1 X130.898 Y168.909 E694.37881
G1 X130.944 Y168.621 E694.38851
G1 X131.023 Y168.216 E694.40223
G1 X131.846 Y164.096 E694.54197
G1 X131.998 Y163.394 E694.56586
G1 X132.048 Y163.233 E694.57147
G1 X132.156 Y162.921 E694.58245
G1 X132.22 Y162.723 E694.58937
G1 X132.494 Y161.921 E694.61756
G1 X132.85 Y160.902 E694.65346
G1 X133.32 Y159.618 E694.69894
G1 X133.903 Y158.123 E694.75231
G1 X133.956 Y157.982 E694.75732
G1 X134.531 Y156.659 E694.8053
G1 X135.127 Y155.384 E694.85211
G1 X135.721 Y154.199 E694.8962
G1 X136.28 Y153.145 E694.93588
G1 X136.592 Y152.595 E694.95691
G1 X136.78 Y152.27 E694.9694
G1 X137.066 Y151.795 E694.98784
G1 X137.202 Y151.577 E694.99638
G1 X137.559 Y151.016 E695.0185
G1 X137.665 Y150.861 E695.02475
G1 X138.006 Y150.349 E695.04521
G1 X138.254 Y149.995 E695.05958
G1 X138.467 Y149.679 E695.07226
G1 X138.58 Y149.537 E695.07829
G1 X138.605 Y149.554 E695.0793
G1 X138.936 Y149.188 E695.09571
G1 X139.133 Y149.024 E695.10424
G1 X139.379 Y148.813 E695.11502
G1 X139.679 Y148.538 E695.12855
G1 X140.152 Y148.086 E695.15031
G1 X140.473 Y147.833 E695.16391
G1 X139.776 Y147.138 E695.19665
G1 X137.547 Y144.898 E695.30175
G1 X134.15 Y141.5 E695.46156
G1 X136.917 Y138.733 E695.59171
G1 X141.235 Y143.053 E695.79486
G1 X143.645 Y145.468 E695.90834
G1 X145.416 Y143.698 E695.99162
G1 X141.299 Y139.575 E696.18541
G1 X138.687 Y136.963 E696.30827
;MESH:NONMESH
G0 F300 X138.687 Y136.963 Z13.2
G0 F12000 X138.929 Y136.963
G0 X145.597 Y143.698
G0 X143.645 Y145.649
G0 X136.917 Y138.975
G0 X136.917 Y138.733
;TIME_ELAPSED:724.292759
;LAYER:65
;TYPE:WALL-OUTER
;MESH:Warp_Reaction_Chamber_Lens.stl
G1 F1899.6 X140.364 Y142.181 E696.47043
G1 X143.645 Y145.468 E696.6249
G1 X145.416 Y143.698 E696.70818
G1 X138.688 Y136.964 E697.02478
G1 X141.28 Y134.371 E697.14673
G1 X142.725 Y135.817 E697.21472
G1 X143.806 Y136.895 E697.26549
G1 X145.296 Y138.387 E697.33563
G1 X146.34 Y139.423 E697.38455
G1 X147.187 Y140.271 E697.42441
G1 X147.666 Y140.757 E697.44711
G1 X147.959 Y140.365 E697.46338
G1 X148.117 Y140.173 E697.47165
G1 X148.311 Y139.988 E697.48057
G1 X148.702 Y139.576 E697.49946
G1 X148.963 Y139.283 E697.51251
G1 X149.202 Y139.002 E697.52478
G1 X149.432 Y138.816 E697.53462
G1 X149.65 Y138.618 E697.54441
G1 X149.953 Y138.384 E697.55715
G1 X150.24 Y138.172 E697.56902
G1 X150.529 Y137.966 E697.58082
G1 X150.868 Y137.73 E697.59456
G1 X151.073 Y137.581 E697.60299
G1 X151.614 Y137.233 E697.62438
G1 X151.781 Y137.129 E697.63093
G1 X152.298 Y136.816 E697.65103
G1 X153.166 Y136.321 E697.68426
G1 X154.221 Y135.759 E697.72402
G1 X155.399 Y135.171 E697.76781
G1 X156.677 Y134.574 E697.81472
G1 X157.991 Y134.001 E697.8624
G1 X159.326 Y133.475 E697.91013
G1 X160.646 Y132.988 E697.95692
G1 X161.931 Y132.542 E698.00216
G1 X163.038 Y132.17 E698.04101
G1 X163.119 Y132.152 E698.04377
G1 X163.455 Y132.047 E698.05547
G1 X163.885 Y131.941 E698.0702
G1 X164.477 Y131.814 E698.09034
G1 X168.62 Y130.992 E698.23082
G1 X168.927 Y130.943 E698.24116
G1 X169.344 Y130.894 E698.25513
G1 X170.089 Y130.83 E698.28
G1 X170.96 Y130.766 E698.30905
G1 X172.094 Y130.689 E698.34685
G1 X173.234 Y130.618 E698.38484
G1 X174.209 Y130.562 E698.41732
G1 X174.856 Y130.534 E698.43886
G1 X175.273 Y130.526 E698.45273
G1 X175.576 Y130.535 E698.46282
G1 X180.234 Y130.84 E698.61807
G1 X180.528 Y130.87 E698.6279
G1 X180.95 Y130.934 E698.6421
G1 X181.689 Y131.064 E698.66706
G1 X182.544 Y131.227 E698.69601
G1 X184.179 Y131.551 E698.75144
G1 X185.733 Y131.87 E698.80421
G1 X186.258 Y131.986 E698.82209
G1 X186.608 Y132.07 E698.83406
G1 X186.925 Y132.157 E698.845
G1 X187.243 Y132.257 E698.85608
G1 X189.722 Y133.1 E698.94317
G1 X191.478 Y133.697 E699.00486
G1 X191.769 Y133.808 E699.01522
G1 X192.148 Y133.974 E699.02898
G1 X192.83 Y134.292 E699.05401
G1 X193.618 Y134.672 E699.08311
G1 X194.641 Y135.173 E699.12099
G1 X195.66 Y135.681 E699.15886
G1 X196.534 Y136.12 E699.19139
G1 X197.104 Y136.417 E699.21277
G1 X197.479 Y136.625 E699.22703
G1 X197.736 Y136.783 E699.23707
G1 X200.066 Y138.338 E699.33024
G1 X201.606 Y139.369 E699.39188
G1 X201.858 Y139.552 E699.40223
G1 X202.182 Y139.81 E699.41601
G1 X202.758 Y140.294 E699.44103
G1 X203.42 Y140.865 E699.47011
G1 X204.278 Y141.614 E699.50799
G1 X205.864 Y143.017 E699.57842
G1 X206.338 Y143.454 E699.59986
G1 X206.519 Y143.626 E699.60817
G1 X206.756 Y143.866 E699.61939
G1 X206.972 Y144.104 E699.63008
G1 X209.922 Y147.469 E699.77892
G1 X210.113 Y147.705 E699.78901
G1 X210.364 Y148.045 E699.80307
G1 X210.798 Y148.664 E699.82821
G1 X211.286 Y149.383 E699.85712
G1 X211.922 Y150.328 E699.895
G1 X213.088 Y152.094 E699.96539
G1 X213.437 Y152.644 E699.98705
G1 X213.567 Y152.857 E699.99535
G1 X213.735 Y153.151 E700.00661
G1 X213.884 Y153.442 E700.01749
G1 X215.854 Y157.439 E700.1657
G1 X215.979 Y157.717 E700.17584
G1 X216.134 Y158.112 E700.18995
G1 X216.392 Y158.822 E700.21508
G1 X216.81 Y160.024 E700.2574
G1 X217.218 Y161.225 E700.29959
G1 X217.412 Y161.806 E700.31996
G1 X217.718 Y162.732 E700.3524
G1 X217.824 Y163.061 E700.3639
G1 X217.913 Y163.349 E700.37392
G1 X218.029 Y163.752 E700.38787
G1 X218.1 Y164.047 E700.39796
G1 X219.008 Y168.62 E700.55303
G1 X219.056 Y168.918 E700.56307
G1 X219.106 Y169.344 E700.57734
G1 X219.17 Y170.087 E700.60214
G1 X219.234 Y170.96 E700.63125
G1 X219.311 Y172.094 E700.66906
G1 X219.382 Y173.234 E700.70705
G1 X219.438 Y174.206 E700.73943
G1 X219.466 Y174.851 E700.7609
G1 X219.474 Y175.269 E700.77481
G1 X219.465 Y175.576 E700.78502
G1 X219.161 Y180.226 E700.94001
G1 X219.13 Y180.527 E700.95008
G1 X219.067 Y180.945 E700.96414
G1 X218.936 Y181.689 E700.98926
G1 X218.773 Y182.544 E701.01821
G1 X218.449 Y184.179 E701.07365
G1 X218.13 Y185.734 E701.12645
G1 X217.989 Y186.366 E701.14798
G1 X217.93 Y186.608 E701.15627
G1 X217.843 Y186.925 E701.1672
G1 X217.743 Y187.243 E701.17829
G1 X216.9 Y189.722 E701.26538
G1 X216.303 Y191.478 E701.32707
G1 X216.192 Y191.769 E701.33742
G1 X216.026 Y192.148 E701.35119
G1 X215.708 Y192.83 E701.37621
G1 X215.328 Y193.618 E701.40531
G1 X215.112 Y194.055 E701.42153
G1 X215.102 Y194.081 E701.42245
G1 X214.789 Y194.71 E701.44582
G1 X214.416 Y195.448 E701.47332
G1 X214.17 Y195.945 E701.49177
G1 X213.79 Y196.638 E701.51805
G1 X213.503 Y197.223 E701.53973
G1 X212.915 Y198.026 E701.57283
G1 X212.676 Y198.406 E701.58776
G1 X211.96 Y199.414 E701.62888
G1 X211.72 Y199.757 E701.64281
G1 X210.983 Y200.785 E701.68488
G1 X210.122 Y201.946 E701.73295
G1 X209.217 Y203.087 E701.78139
G1 X208.285 Y204.186 E701.82932
G1 X207.312 Y205.259 E701.87749
G1 X206.305 Y206.3 E701.92567
G1 X205.259 Y207.312 E701.97407
G1 X204.19 Y208.281 E702.02206
G1 X203.087 Y209.217 E702.07018
G1 X201.951 Y210.118 E702.1184
G1 X200.716 Y211.034 E702.16954
G1 X199.6 Y211.832 E702.21517
G1 X199.336 Y212.015 E702.22586
G1 X198.409 Y212.672 E702.26365
G1 X198.025 Y212.916 E702.27878
G1 X197.288 Y213.453 E702.30911
G1 X197.172 Y213.528 E702.31371
G1 X196.638 Y213.791 E702.3335
G1 X195.892 Y214.198 E702.36177
G1 X195.387 Y214.446 E702.38048
G1 X194.71 Y214.79 E702.40574
G1 X194.052 Y215.116 E702.43016
G1 X192.738 Y215.753 E702.47873
G1 X192.152 Y216.025 E702.50022
G1 X191.919 Y216.128 E702.50869
G1 X191.62 Y216.25 E702.51943
G1 X191.306 Y216.363 E702.53053
G1 X187.071 Y217.799 E702.67926
G1 X186.772 Y217.888 E702.68964
G1 X186.365 Y217.989 E702.70359
G1 X185.636 Y218.15 E702.72842
G1 X184.78 Y218.328 E702.7575
G1 X183.147 Y218.655 E702.81289
G1 X181.588 Y218.954 E702.86569
G1 X180.95 Y219.066 E702.88723
G1 X180.526 Y219.13 E702.90149
G1 X180.233 Y219.16 E702.91129
G1 X175.576 Y219.465 E703.06652
G1 X175.273 Y219.474 E703.0766
G1 X174.857 Y219.466 E703.09044
G1 X174.105 Y219.432 E703.11547
G1 X173.235 Y219.382 E703.14446
G1 X172.028 Y219.298 E703.1847
G1 X170.693 Y219.179 E703.22928
G1 X169.303 Y219.025 E703.27579
G1 X167.97 Y218.831 E703.3206
G1 X166.687 Y218.614 E703.36387
G1 X165.476 Y218.384 E703.40487
G1 X164.063 Y218.102 E703.4528
G1 X163.753 Y218.028 E703.4634
G1 X163.353 Y217.914 E703.47723
G1 X162.634 Y217.686 E703.50232
G1 X161.806 Y217.414 E703.5313
G1 X160.234 Y216.882 E703.5865
G1 X158.746 Y216.369 E703.63885
G1 X158.156 Y216.157 E703.6597
G1 X157.797 Y216.017 E703.67252
G1 X157.538 Y215.902 E703.68195
G1 X153.18 Y213.754 E703.84354
G1 X152.932 Y213.618 E703.85295
G1 X152.598 Y213.414 E703.86597
G1 X151.987 Y213.022 E703.89011
G1 X150.328 Y211.922 E703.95632
G1 X149.384 Y211.286 E703.99418
G1 X148.575 Y210.736 E704.02671
G1 X148.045 Y210.364 E704.04825
G1 X147.842 Y210.216 E704.05661
G1 X147.58 Y210.013 E704.06763
G1 X147.332 Y209.803 E704.07844
G1 X143.965 Y206.849 E704.22742
G1 X143.787 Y206.683 E704.23551
G1 X143.453 Y206.337 E704.25151
G1 X142.947 Y205.784 E704.27644
G1 X142.105 Y204.836 E704.31861
G1 X141.267 Y203.882 E704.36084
G1 X140.226 Y202.68 E704.41373
G1 X139.813 Y202.185 E704.43517
G1 X139.653 Y201.987 E704.44364
G1 X139.452 Y201.723 E704.45467
G1 X139.267 Y201.456 E704.46548
G1 X136.779 Y197.73 E704.61449
G1 X136.619 Y197.471 E704.62462
G1 X136.42 Y197.107 E704.63842
G1 X136.295 Y196.871 E704.6473
G1 X136.072 Y196.44 E704.66344
G1 X135.173 Y194.639 E704.73039
G1 X134.673 Y193.616 E704.76826
G1 X134.246 Y192.737 E704.80076
G1 X133.975 Y192.152 E704.82221
G1 X133.872 Y191.919 E704.83068
G1 X133.747 Y191.613 E704.84167
G1 X133.637 Y191.306 E704.85252
G1 X132.201 Y187.071 E705.00125
G1 X132.112 Y186.772 E705.01163
G1 X132.011 Y186.365 E705.02558
G1 X131.85 Y185.636 E705.05041
G1 X131.672 Y184.78 E705.07949
G1 X131.345 Y183.147 E705.13488
G1 X131.045 Y181.585 E705.18778
G1 X130.933 Y180.945 E705.20939
G1 X130.87 Y180.527 E705.22345
G1 X130.84 Y180.233 E705.23328
G1 X130.535 Y175.576 E705.38851
G1 X130.526 Y175.279 E705.39839
G1 X130.534 Y174.857 E705.41243
G1 X130.568 Y174.105 E705.43746
G1 X130.618 Y173.233 E705.46651
G1 X130.689 Y172.096 E705.50441
G1 X130.768 Y170.959 E705.54231
G1 X130.838 Y169.983 E705.57486
G1 X130.895 Y169.344 E705.5962
G1 X130.943 Y168.927 E705.61016
G1 X130.991 Y168.62 E705.62049
G1 X131.537 Y165.871 E705.71371
G1 X131.833 Y164.393 E705.76384
G1 X132.023 Y163.5 E705.79421
G1 X132.101 Y163.219 E705.80391
G1 X132.55 Y161.898 E705.85032
G1 X132.905 Y160.885 E705.88602
G1 X133.024 Y160.556 E705.89765
G1 X133.371 Y159.614 E705.93104
G1 X133.936 Y158.165 E705.98277
G1 X133.998 Y158.001 E705.9886
G1 X134.573 Y156.679 E706.03655
G1 X135.168 Y155.405 E706.08332
G1 X135.761 Y154.218 E706.12745
G1 X135.984 Y153.804 E706.14309
G1 X136.318 Y153.171 E706.1669
G1 X136.659 Y152.571 E706.18985
G1 X136.815 Y152.303 E706.20016
G1 X137.128 Y151.781 E706.22041
G1 X137.58 Y151.069 E706.24846
G1 X137.667 Y150.942 E706.25358
G1 X138.041 Y150.378 E706.27609
G1 X138.269 Y150.051 E706.28934
G1 X138.459 Y149.77 E706.30063
G1 X138.617 Y149.578 E706.3089
G1 X138.65 Y149.596 E706.31015
G1 X138.954 Y149.244 E706.32562
G1 X139.143 Y149.087 E706.33379
G1 X139.381 Y148.884 E706.34419
G1 X139.679 Y148.61 E706.35766
G1 X139.86 Y148.43 E706.36615
G1 X140.081 Y148.22 E706.37629
G1 X140.338 Y147.992 E706.38771
G1 X140.709 Y147.713 E706.40315
G1 X139.809 Y146.82 E706.44532
G1 X138.342 Y145.342 E706.51458
G1 X136.744 Y143.746 E706.5897
G1 X135.772 Y142.77 E706.63552
G1 X134.325 Y141.325 E706.70353
G1 X136.917 Y138.733 E706.82545
;TIME_ELAPSED:734.643480
;LAYER:66
;MESH:Warp_Reaction_Chamber_Lens.stl
G0 F12000 X136.917 Y138.733 Z13.4
;TYPE:WALL-OUTER
G1 F1896.3 X141.235 Y143.053 E707.0286
G1 X143.645 Y145.468 E707.14208
G1 X145.416 Y143.698 E707.22536
G1 X138.688 Y136.963 E707.54199
G1 X141.088 Y134.562 E707.6549
G1 X143.317 Y136.792 E707.75977
G1 X145.019 Y138.49 E707.83973
G1 X146.196 Y139.659 E707.89491
G1 X146.827 Y140.292 E707.92463
G1 X147.531 Y141.004 E707.95794
G1 X147.885 Y140.522 E707.97783
G1 X148.086 Y140.265 E707.98868
G1 X148.275 Y140.088 E707.99729
G1 X148.635 Y139.725 E708.0143
G1 X148.833 Y139.51 E708.02402
G1 X149.032 Y139.286 E708.03398
G1 X149.264 Y139.015 E708.04585
G1 X149.516 Y138.81 E708.05665
G1 X149.756 Y138.597 E708.06733
G1 X150.155 Y138.289 E708.08409
G1 X150.598 Y137.973 E708.10219
G1 X150.965 Y137.717 E708.11707
G1 X151.119 Y137.605 E708.12341
G1 X151.651 Y137.263 E708.14444
G1 X152.329 Y136.85 E708.17085
G1 X153.192 Y136.359 E708.20387
G1 X154.244 Y135.799 E708.24351
G1 X155.419 Y135.212 E708.28719
G1 X156.696 Y134.616 E708.33406
G1 X158.009 Y134.044 E708.3817
G1 X159.343 Y133.518 E708.42939
G1 X160.66 Y133.031 E708.4761
G1 X161.938 Y132.588 E708.52108
G1 X163.004 Y132.23 E708.55848
G1 X163.097 Y132.207 E708.56167
G1 X163.389 Y132.115 E708.57185
G1 X163.743 Y132.022 E708.58403
G1 X164.028 Y131.956 E708.59376
G1 X164.518 Y131.854 E708.6104
G1 X164.999 Y131.759 E708.62671
G1 X165.319 Y131.693 E708.63758
G1 X168.632 Y131.036 E708.74992
G1 X168.928 Y130.989 E708.75988
G1 X169.187 Y130.958 E708.76856
G1 X169.349 Y130.941 E708.77398
G1 X169.994 Y130.884 E708.79551
G1 X171.306 Y130.789 E708.83927
G1 X172.097 Y130.735 E708.86564
G1 X173.235 Y130.664 E708.90356
G1 X174.209 Y130.608 E708.93601
G1 X174.855 Y130.58 E708.95751
G1 X175.271 Y130.572 E708.97135
G1 X175.577 Y130.581 E708.98153
G1 X180.227 Y130.886 E709.13653
G1 X180.523 Y130.916 E709.14642
G1 X180.946 Y130.98 E709.16065
G1 X181.701 Y131.114 E709.18615
G1 X183.653 Y131.492 E709.25228
G1 X184.769 Y131.718 E709.29016
G1 X185.726 Y131.915 E709.32265
G1 X186.351 Y132.055 E709.34396
G1 X186.757 Y132.156 E709.35787
G1 X187.06 Y132.246 E709.36838
G1 X187.502 Y132.394 E709.38389
G1 X191.459 Y133.739 E709.52289
G1 X191.753 Y133.852 E709.53337
G1 X191.986 Y133.952 E709.5418
G1 X192.422 Y134.151 E709.55774
G1 X192.83 Y134.343 E709.57274
G1 X193.597 Y134.713 E709.60106
G1 X194.074 Y134.949 E709.61876
G1 X194.62 Y135.214 E709.63895
G1 X196.512 Y136.16 E709.70931
G1 X197.08 Y136.456 E709.73061
G1 X197.454 Y136.663 E709.74483
G1 X197.708 Y136.819 E709.75474
G1 X201.578 Y139.405 E709.90955
G1 X201.825 Y139.584 E709.9197
G1 X202.155 Y139.847 E709.93373
G1 X202.745 Y140.343 E709.95937
G1 X203.39 Y140.899 E709.98769
G1 X203.649 Y141.128 E709.99919
G1 X204.248 Y141.648 E710.02557
G1 X205.831 Y143.05 E710.0959
G1 X206.303 Y143.485 E710.11725
G1 X206.605 Y143.775 E710.13118
G1 X206.822 Y144.004 E710.14167
G1 X209.885 Y147.496 E710.29617
G1 X210.078 Y147.734 E710.30636
G1 X210.329 Y148.074 E710.32041
G1 X210.772 Y148.707 E710.34611
G1 X211.249 Y149.409 E710.37434
G1 X212.22 Y150.86 E710.43241
G1 X213.048 Y152.117 E710.48247
G1 X213.396 Y152.665 E710.50406
G1 X213.554 Y152.924 E710.51415
G1 X213.706 Y153.194 E710.52446
G1 X213.862 Y153.5 E710.53588
G1 X215.765 Y157.36 E710.67902
G1 X215.931 Y157.721 E710.69224
G1 X216.093 Y158.132 E710.70693
G1 X216.314 Y158.742 E710.72851
G1 X216.637 Y159.663 E710.76097
G1 X217.006 Y160.74 E710.79884
G1 X217.674 Y162.743 E710.86906
G1 X217.869 Y163.364 E710.89071
G1 X217.983 Y163.761 E710.90445
G1 X218.056 Y164.067 E710.91491
G1 X218.943 Y168.52 E711.06593
G1 X219.006 Y168.889 E711.07838
G1 X219.042 Y169.183 E711.08823
G1 X219.059 Y169.347 E711.09372
G1 X219.116 Y169.991 E711.11522
G1 X219.187 Y170.963 E711.14764
G1 X219.265 Y172.097 E711.18544
G1 X219.336 Y173.235 E711.22336
G1 X219.392 Y174.206 E711.25571
G1 X219.411 Y174.609 E711.26913
G1 X219.42 Y174.85 E711.27715
G1 X219.428 Y175.267 E711.29103
G1 X219.419 Y175.577 E711.30134
G1 X219.114 Y180.226 E711.4563
G1 X219.084 Y180.523 E711.46623
G1 X219.021 Y180.941 E711.48029
G1 X218.887 Y181.698 E711.50586
G1 X218.508 Y183.653 E711.57209
G1 X218.282 Y184.769 E711.60996
G1 X218.086 Y185.722 E711.64232
G1 X217.945 Y186.351 E711.66376
G1 X217.844 Y186.757 E711.67768
G1 X217.756 Y187.054 E711.68798
G1 X217.607 Y187.5 E711.70362
G1 X216.261 Y191.459 E711.8427
G1 X216.151 Y191.746 E711.85292
G1 X216.05 Y191.982 E711.86146
G1 X215.849 Y192.422 E711.87755
G1 X215.657 Y192.83 E711.89255
G1 X215.286 Y193.599 E711.92095
G1 X215.1 Y193.977 E711.93496
G1 X215.09 Y194.002 E711.93585
G1 X214.813 Y194.559 E711.95654
G1 X214.342 Y195.492 E711.99131
G1 X214.129 Y195.923 E712.0073
G1 X213.717 Y196.673 E712.03576
G1 X213.46 Y197.198 E712.0552
G1 X212.933 Y197.918 E712.08488
G1 X212.639 Y198.383 E712.10317
G1 X211.985 Y199.305 E712.14077
G1 X211.798 Y199.577 E712.15175
G1 X211.524 Y199.962 E712.16747
G1 X210.951 Y200.759 E712.20011
G1 X210.09 Y201.921 E712.24822
G1 X209.189 Y203.055 E712.29639
G1 X208.944 Y203.347 E712.30907
G1 X208.253 Y204.159 E712.34453
G1 X207.999 Y204.442 E712.35718
G1 X207.282 Y205.231 E712.39264
G1 X206.276 Y206.271 E712.44076
G1 X205.231 Y207.282 E712.48912
G1 X204.164 Y208.249 E712.53702
G1 X203.059 Y209.186 E712.5852
G1 X202.762 Y209.424 E712.59786
G1 X201.926 Y210.086 E712.63333
G1 X200.759 Y210.951 E712.68164
G1 X199.58 Y211.796 E712.72989
G1 X199.306 Y211.984 E712.74094
G1 X198.386 Y212.635 E712.77843
G1 X197.918 Y212.933 E712.79688
G1 X197.279 Y213.398 E712.82316
G1 X197.138 Y213.489 E712.82875
G1 X196.673 Y213.717 E712.84597
G1 X195.923 Y214.129 E712.87443
G1 X195.289 Y214.443 E712.89796
G1 X194.69 Y214.748 E712.92032
G1 X193.975 Y215.103 E712.94687
G1 X192.723 Y215.709 E712.99313
G1 X192.133 Y215.982 E713.01476
G1 X191.866 Y216.101 E713.02448
G1 X191.574 Y216.218 E713.03494
G1 X191.252 Y216.333 E713.04631
G1 X187.06 Y217.754 E713.19353
G1 X186.757 Y217.844 E713.20405
G1 X186.351 Y217.945 E713.21796
G1 X185.605 Y218.109 E713.24337
G1 X184.769 Y218.283 E713.27177
G1 X183.058 Y218.625 E713.3298
G1 X181.583 Y218.909 E713.37976
G1 X180.946 Y219.02 E713.40127
G1 X180.523 Y219.084 E713.4155
G1 X180.226 Y219.114 E713.42543
G1 X175.577 Y219.419 E713.58038
G1 X175.271 Y219.428 E713.59057
G1 X174.855 Y219.42 E713.6044
G1 X174.086 Y219.385 E713.63001
G1 X173.236 Y219.336 E713.65833
G1 X172.031 Y219.252 E713.6985
G1 X170.697 Y219.133 E713.74305
G1 X169.308 Y218.979 E713.78953
G1 X167.974 Y218.785 E713.83436
G1 X166.693 Y218.568 E713.87758
G1 X165.487 Y218.339 E713.91841
G1 X164.185 Y218.08 E713.96256
G1 X163.808 Y217.995 E713.97541
G1 X163.517 Y217.914 E713.98546
G1 X163.365 Y217.869 E713.99073
G1 X162.628 Y217.635 E714.01645
G1 X161.819 Y217.37 E714.04476
G1 X161.319 Y217.199 E714.06234
G1 X160.742 Y217.007 E714.08257
G1 X159.673 Y216.641 E714.12015
G1 X158.764 Y216.326 E714.15214
G1 X158.174 Y216.115 E714.17299
G1 X157.816 Y215.975 E714.18577
G1 X157.56 Y215.861 E714.19509
G1 X156.375 Y215.28 E714.23899
G1 X155.899 Y215.043 E714.25667
G1 X153.199 Y213.712 E714.35679
G1 X152.962 Y213.582 E714.36578
G1 X152.62 Y213.374 E714.3791
G1 X151.995 Y212.972 E714.40381
G1 X151.294 Y212.51 E714.43174
G1 X150.353 Y211.884 E714.46933
G1 X148.603 Y210.7 E714.5396
G1 X148.446 Y210.588 E714.54602
G1 X148.148 Y210.382 E714.55807
G1 X147.832 Y210.153 E714.57105
G1 X147.591 Y209.963 E714.58125
G1 X147.332 Y209.741 E714.5926
G1 X144.004 Y206.822 E714.73983
G1 X143.775 Y206.605 E714.75033
G1 X143.484 Y206.303 E714.76428
G1 X142.967 Y205.737 E714.78977
G1 X142.174 Y204.844 E714.8295
G1 X141.648 Y204.248 E714.85593
G1 X140.262 Y202.652 E714.92624
G1 X139.85 Y202.159 E714.94761
G1 X139.664 Y201.928 E714.95747
G1 X139.477 Y201.677 E714.96788
G1 X139.282 Y201.396 E714.97926
G1 X136.819 Y197.708 E715.12676
G1 X136.663 Y197.454 E715.13668
G1 X136.456 Y197.08 E715.15089
G1 X136.104 Y196.4 E715.17636
G1 X135.72 Y195.639 E715.20471
G1 X135.215 Y194.621 E715.24251
G1 X134.289 Y192.719 E715.31287
G1 X134.018 Y192.133 E715.33434
G1 X133.896 Y191.859 E715.34432
G1 X133.782 Y191.574 E715.35453
G1 X133.667 Y191.252 E715.3659
G1 X132.246 Y187.06 E715.51312
G1 X132.156 Y186.757 E715.52363
G1 X132.055 Y186.351 E715.53755
G1 X131.891 Y185.605 E715.56295
G1 X131.717 Y184.769 E715.59135
G1 X131.375 Y183.058 E715.64939
G1 X131.09 Y181.579 E715.69948
G1 X130.979 Y180.942 E715.72099
G1 X130.916 Y180.523 E715.73508
G1 X130.886 Y180.226 E715.74501
G1 X130.581 Y175.577 E715.89997
G1 X130.572 Y175.277 E715.90995
G1 X130.58 Y174.855 E715.92399
G1 X130.615 Y174.087 E715.94956
G1 X130.735 Y172.099 E716.0158
G1 X130.814 Y170.964 E716.05364
G1 X130.884 Y169.989 E716.08616
G1 X130.918 Y169.591 E716.09944
G1 X130.941 Y169.351 E716.10746
G1 X130.989 Y168.926 E716.12169
G1 X131.036 Y168.631 E716.13162
G1 X131.596 Y165.807 E716.22738
G1 X131.794 Y164.823 E716.26076
G1 X131.873 Y164.424 E716.27429
G1 X132.003 Y163.799 E716.29552
G1 X132.083 Y163.436 E716.30788
G1 X132.147 Y163.227 E716.31515
G1 X132.607 Y161.875 E716.36265
G1 X132.965 Y160.852 E716.3987
G1 X133.421 Y159.612 E716.44265
G1 X133.969 Y158.207 E716.4928
G1 X134.04 Y158.02 E716.49946
G1 X134.615 Y156.698 E716.54741
G1 X134.817 Y156.269 E716.56318
G1 X135.209 Y155.425 E716.59413
G1 X135.801 Y154.241 E716.63816
G1 X135.994 Y153.883 E716.65168
G1 X136.356 Y153.197 E716.67748
G1 X136.725 Y152.547 E716.70234
G1 X136.849 Y152.332 E716.7106
G1 X137.186 Y151.773 E716.73231
G1 X137.604 Y151.115 E716.75824
G1 X138.074 Y150.413 E716.78633
G1 X138.454 Y149.858 E716.80871
G1 X138.612 Y149.663 E716.81705
G1 X138.81 Y149.507 E716.82544
G1 X138.97 Y149.303 E716.83406
G1 X139.153 Y149.15 E716.84199
G1 X139.381 Y148.954 E716.85199
G1 X139.626 Y148.733 E716.86297
G1 X140.007 Y148.363 E716.88063
G1 X140.191 Y148.165 E716.88962
G1 X140.367 Y148.014 E716.89734
G1 X140.956 Y147.577 E716.92173
G1 X139.614 Y146.242 E716.98469
G1 X138.138 Y144.756 E717.05435
G1 X134.518 Y141.133 E717.22469
G1 X136.917 Y138.733 E717.33756
;TIME_ELAPSED:745.050409
;LAYER:67
;MESH:Warp_Reaction_Chamber_Lens.stl
G0 F12000 X136.917 Y138.733 Z13.6
;TYPE:WALL-OUTER
G1 F1895.4 X142.032 Y143.851 E717.57822
G1 X143.645 Y145.468 E717.65419
G1 X145.416 Y143.698 E717.73747
G1 X138.688 Y136.964 E718.05407
G1 X140.877 Y134.774 E718.15706
G1 X145.892 Y139.787 E718.3929
G1 X146.18 Y140.072 E718.40638
G1 X147.369 Y141.262 E718.46233
G1 X147.71 Y140.824 E718.48079
G1 X147.91 Y140.55 E718.49208
G1 X148.078 Y140.341 E718.50099
G1 X148.289 Y140.141 E718.51066
G1 X148.708 Y139.723 E718.53035
G1 X148.915 Y139.499 E718.54049
G1 X149.145 Y139.238 E718.55206
G1 X149.327 Y139.026 E718.56136
G1 X149.602 Y138.805 E718.57309
G1 X149.86 Y138.577 E718.58454
G1 X150.248 Y138.279 E718.60081
G1 X150.667 Y137.979 E718.61795
G1 X151.063 Y137.705 E718.63397
G1 X151.168 Y137.629 E718.63828
G1 X151.633 Y137.328 E718.65671
G1 X152.36 Y136.884 E718.68504
G1 X153.218 Y136.397 E718.71785
G1 X154.266 Y135.839 E718.75734
G1 X155.44 Y135.253 E718.80098
G1 X156.715 Y134.657 E718.84779
G1 X158.027 Y134.086 E718.89538
G1 X159.359 Y133.561 E718.943
G1 X160.674 Y133.075 E718.98963
G1 X161.946 Y132.634 E719.03441
G1 X163.019 Y132.274 E719.07205
G1 X163.07 Y132.264 E719.07378
G1 X163.456 Y132.144 E719.08723
G1 X163.752 Y132.068 E719.09739
G1 X164.008 Y132.008 E719.10614
G1 X164.311 Y131.944 E719.11644
G1 X166.961 Y131.413 E719.20633
G1 X168.636 Y131.082 E719.26312
G1 X168.934 Y131.034 E719.27316
G1 X169.359 Y130.986 E719.28738
G1 X169.999 Y130.93 E719.30875
G1 X170.968 Y130.859 E719.34106
G1 X172.102 Y130.781 E719.37887
G1 X173.237 Y130.71 E719.41669
G1 X174.209 Y130.654 E719.44908
G1 X174.853 Y130.626 E719.47052
G1 X175.269 Y130.618 E719.48435
G1 X175.579 Y130.627 E719.49467
G1 X180.22 Y130.932 E719.64936
G1 X180.522 Y130.962 E719.65946
G1 X180.943 Y131.025 E719.67362
G1 X181.714 Y131.162 E719.69966
G1 X182.529 Y131.318 E719.72726
G1 X182.969 Y131.406 E719.74218
G1 X183.644 Y131.537 E719.76505
G1 X184.759 Y131.763 E719.80289
G1 X185.709 Y131.959 E719.83516
G1 X186.343 Y132.1 E719.85676
G1 X186.672 Y132.18 E719.86802
G1 X186.96 Y132.263 E719.87799
G1 X187.289 Y132.37 E719.88949
G1 X188.656 Y132.836 E719.93753
G1 X191.372 Y133.757 E720.03292
G1 X191.714 Y133.885 E720.04506
G1 X192.004 Y134.01 E720.05557
G1 X192.828 Y134.393 E720.08579
G1 X194.601 Y135.256 E720.15137
G1 X195.617 Y135.762 E720.18912
G1 X196.489 Y136.2 E720.22158
G1 X197.055 Y136.495 E720.24281
G1 X197.429 Y136.702 E720.25703
G1 X197.686 Y136.861 E720.26708
G1 X198.757 Y137.574 E720.30987
G1 X198.973 Y137.721 E720.31856
G1 X200.137 Y138.496 E720.36507
G1 X200.486 Y138.731 E720.37907
G1 X201.234 Y139.229 E720.40895
G1 X201.554 Y139.445 E720.4218
G1 X201.799 Y139.622 E720.43185
G1 X202.129 Y139.885 E720.44588
G1 X202.624 Y140.301 E720.46739
G1 X203.361 Y140.936 E720.49975
G1 X204.218 Y141.684 E720.53758
G1 X205.072 Y142.435 E720.5754
G1 X205.796 Y143.08 E720.60766
G1 X206.27 Y143.517 E720.6291
G1 X206.518 Y143.753 E720.64048
G1 X206.789 Y144.036 E720.65352
G1 X209.848 Y147.524 E720.80782
G1 X210.049 Y147.771 E720.81841
G1 X210.222 Y148.003 E720.82804
G1 X210.507 Y148.407 E720.84448
G1 X210.743 Y148.748 E720.85828
G1 X211.845 Y150.379 E720.92375
G1 X213.008 Y152.14 E720.99394
G1 X213.355 Y152.686 E721.01545
G1 X213.534 Y152.98 E721.0269
G1 X213.684 Y153.251 E721.0372
G1 X213.838 Y153.554 E721.04851
G1 X215.768 Y157.474 E721.19383
G1 X215.894 Y157.75 E721.20393
G1 X216.051 Y158.151 E721.21825
G1 X216.272 Y158.76 E721.2398
G1 X216.594 Y159.679 E721.27219
G1 X216.962 Y160.755 E721.31001
G1 X217.324 Y161.834 E721.34786
G1 X217.63 Y162.755 E721.38014
G1 X217.772 Y163.2 E721.39568
G1 X217.823 Y163.369 E721.40155
G1 X217.938 Y163.772 E721.41549
G1 X218.013 Y164.081 E721.42606
G1 X218.587 Y166.962 E721.52377
G1 X218.917 Y168.63 E721.58032
G1 X218.966 Y168.934 E721.59056
G1 X219.014 Y169.359 E721.60479
G1 X219.07 Y169.997 E721.62609
G1 X219.142 Y170.967 E721.65844
G1 X219.219 Y172.101 E721.69625
G1 X219.29 Y173.237 E721.7341
G1 X219.346 Y174.206 E721.76639
G1 X219.374 Y174.848 E721.78776
G1 X219.382 Y175.265 E721.80163
G1 X219.373 Y175.579 E721.81208
G1 X219.068 Y180.219 E721.96674
G1 X219.038 Y180.52 E721.9768
G1 X218.976 Y180.937 E721.99082
G1 X218.838 Y181.714 E722.01707
G1 X218.682 Y182.529 E722.04467
G1 X218.594 Y182.969 E722.05959
G1 X218.463 Y183.644 E722.08246
G1 X218.237 Y184.759 E722.1203
G1 X218.041 Y185.711 E722.15263
G1 X217.941 Y186.162 E722.16799
G1 X217.818 Y186.68 E722.1857
G1 X217.737 Y186.96 E722.1954
G1 X217.63 Y187.289 E722.2069
G1 X217.164 Y188.656 E722.25494
G1 X216.245 Y191.367 E722.35015
G1 X216.118 Y191.709 E722.36228
G1 X215.94 Y192.116 E722.37706
G1 X215.607 Y192.829 E722.40323
G1 X215.074 Y193.929 E722.44388
G1 X214.706 Y194.669 E722.47137
G1 X214.267 Y195.537 E722.50372
G1 X214.087 Y195.901 E722.51723
G1 X213.645 Y196.708 E722.54783
G1 X213.416 Y197.172 E722.56504
G1 X212.949 Y197.811 E722.59137
G1 X212.602 Y198.36 E722.61297
G1 X212.011 Y199.193 E722.64694
G1 X211.763 Y199.554 E722.66151
G1 X211.403 Y200.061 E722.68219
G1 X210.918 Y200.735 E722.70981
G1 X210.057 Y201.896 E722.75788
G1 X209.158 Y203.029 E722.80599
G1 X208.218 Y204.137 E722.85431
G1 X207.252 Y205.203 E722.90216
G1 X206.247 Y206.242 E722.95024
G1 X205.203 Y207.252 E722.99855
G1 X204.136 Y208.219 E723.04645
G1 X203.72 Y208.574 E723.06464
G1 X203.034 Y209.154 E723.09452
G1 X201.901 Y210.053 E723.14262
G1 X200.737 Y210.916 E723.19082
G1 X199.553 Y211.764 E723.23925
G1 X199.195 Y212.01 E723.2537
G1 X198.363 Y212.598 E723.28759
G1 X197.811 Y212.949 E723.30934
G1 X197.172 Y213.416 E723.33567
G1 X196.708 Y213.645 E723.35288
G1 X195.832 Y214.123 E723.38607
G1 X195.348 Y214.361 E723.40401
G1 X194.669 Y214.707 E723.42935
G1 X193.897 Y215.089 E723.458
G1 X192.704 Y215.667 E723.50209
G1 X192.284 Y215.863 E723.51751
G1 X191.798 Y216.08 E723.53521
G1 X191.447 Y216.217 E723.54774
G1 X187.048 Y217.71 E723.70225
G1 X186.775 Y217.793 E723.71174
G1 X186.338 Y217.901 E723.72671
G1 X185.575 Y218.069 E723.7527
G1 X184.475 Y218.295 E723.79005
G1 X183.644 Y218.463 E723.81825
G1 X182.128 Y218.758 E723.86962
G1 X181.576 Y218.863 E723.88831
G1 X180.943 Y218.975 E723.90969
G1 X180.522 Y219.038 E723.92384
G1 X180.219 Y219.068 E723.93397
G1 X175.657 Y219.369 E724.08603
G1 X175.268 Y219.382 E724.09898
G1 X174.853 Y219.374 E724.11279
G1 X174.068 Y219.338 E724.13892
G1 X173.238 Y219.29 E724.16657
G1 X172.034 Y219.206 E724.20672
G1 X170.701 Y219.087 E724.25123
G1 X169.313 Y218.933 E724.29768
G1 X167.979 Y218.739 E724.34251
G1 X166.699 Y218.523 E724.38569
G1 X165.498 Y218.295 E724.42635
G1 X164.09 Y218.013 E724.47411
G1 X163.773 Y217.938 E724.48494
G1 X163.374 Y217.824 E724.49874
G1 X162.756 Y217.629 E724.5203
G1 X161.833 Y217.326 E724.55261
G1 X161.41 Y217.181 E724.56748
G1 X160.756 Y216.963 E724.59041
G1 X159.689 Y216.598 E724.62792
G1 X158.785 Y216.285 E724.65974
G1 X158.537 Y216.194 E724.66852
G1 X158.193 Y216.073 E724.68065
G1 X157.835 Y215.933 E724.69344
G1 X157.568 Y215.814 E724.70316
G1 X157.343 Y215.705 E724.71147
G1 X153.289 Y213.706 E724.86181
G1 X152.975 Y213.537 E724.87367
G1 X152.739 Y213.395 E724.88283
G1 X152.002 Y212.922 E724.91196
G1 X151.674 Y212.703 E724.92508
G1 X151.317 Y212.47 E724.93926
G1 X149.809 Y211.462 E724.99959
G1 X148.631 Y210.663 E725.04693
G1 X148.104 Y210.294 E725.06833
G1 X147.764 Y210.043 E725.08238
G1 X147.524 Y209.848 E725.09267
G1 X144.032 Y206.785 E725.24716
G1 X143.805 Y206.571 E725.25754
G1 X143.603 Y206.362 E725.2672
G1 X143.267 Y205.999 E725.28366
G1 X142.987 Y205.691 E725.2975
G1 X142.433 Y205.071 E725.32515
G1 X141.23 Y203.699 E725.38584
G1 X140.299 Y202.624 E725.43314
G1 X139.888 Y202.133 E725.45444
G1 X139.622 Y201.799 E725.46864
G1 X139.445 Y201.554 E725.4787
G1 X139.298 Y201.337 E725.48741
G1 X136.903 Y197.753 E725.63078
G1 X136.713 Y197.45 E725.64268
G1 X136.495 Y197.055 E725.65768
G1 X136.135 Y196.36 E725.68372
G1 X135.761 Y195.618 E725.71135
G1 X135.255 Y194.6 E725.74916
G1 X134.332 Y192.702 E725.81936
G1 X134.137 Y192.284 E725.8347
G1 X133.92 Y191.798 E725.8524
G1 X133.781 Y191.442 E725.86512
G1 X132.288 Y187.042 E726.01966
G1 X132.207 Y186.774 E726.02897
G1 X132.099 Y186.338 E726.04391
G1 X131.93 Y185.572 E726.07
G1 X131.537 Y183.644 E726.13544
G1 X131.242 Y182.128 E726.18681
G1 X131.136 Y181.573 E726.2056
G1 X131.024 Y180.937 E726.22708
G1 X130.962 Y180.52 E726.2411
G1 X130.932 Y180.219 E726.25116
G1 X130.631 Y175.657 E726.40323
G1 X130.618 Y175.299 E726.41514
G1 X130.626 Y174.853 E726.42998
G1 X130.662 Y174.068 E726.45612
G1 X130.781 Y172.102 E726.52162
G1 X130.929 Y169.995 E726.59188
G1 X130.986 Y169.359 E726.61311
G1 X131.034 Y168.934 E726.62734
G1 X131.082 Y168.637 E726.63735
G1 X131.739 Y165.331 E726.74945
G1 X131.915 Y164.449 E726.77937
G1 X131.989 Y164.087 E726.79166
G1 X132.125 Y163.459 E726.81303
G1 X132.196 Y163.225 E726.82116
G1 X132.663 Y161.852 E726.8694
G1 X133.005 Y160.874 E726.90386
G1 X133.47 Y159.611 E726.94862
G1 X134.002 Y158.249 E726.99726
G1 X134.082 Y158.039 E727.00473
G1 X134.657 Y156.717 E727.05268
G1 X135.25 Y155.446 E727.09933
G1 X135.84 Y154.267 E727.14318
G1 X136.394 Y153.223 E727.18249
G1 X136.791 Y152.523 E727.20925
G1 X136.883 Y152.363 E727.21539
G1 X137.246 Y151.762 E727.23874
G1 X137.631 Y151.159 E727.26254
G1 X138.108 Y150.444 E727.29113
G1 X138.448 Y149.945 E727.31121
G1 X138.608 Y149.762 E727.31929
G1 X138.809 Y149.586 E727.32818
G1 X138.985 Y149.362 E727.33765
G1 X139.164 Y149.214 E727.34538
G1 X139.384 Y149.024 E727.35505
G1 X139.677 Y148.755 E727.36828
G1 X139.884 Y148.544 E727.37811
G1 X140.098 Y148.334 E727.38808
G1 X140.257 Y148.152 E727.39612
G1 X140.479 Y147.98 E727.40546
G1 X140.778 Y147.755 E727.41791
G1 X141.217 Y147.417 E727.43633
G1 X140.412 Y146.609 E727.47427
G1 X140.026 Y146.226 E727.49235
G1 X137.223 Y143.417 E727.62434
G1 X136.558 Y142.755 E727.65555
G1 X136.17 Y142.364 E727.67387
G1 X134.727 Y140.923 E727.7417
G1 X136.917 Y138.733 E727.84471
;MESH:NONMESH
G0 F300 X136.917 Y138.733 Z13.8
G0 F12000 X136.917 Y138.975
G0 X143.645 Y145.649
G0 X145.597 Y143.698
G0 X138.93 Y136.964
G0 X138.687 Y136.963
;TIME_ELAPSED:756.170941
;LAYER:68
;TYPE:WALL-OUTER
;MESH:Warp_Reaction_Chamber_Lens.stl
G1 F1897 X140.645 Y135.005 E727.93681
G1 X147.185 Y141.544 E728.2444
G1 X147.484 Y141.175 E728.2602
G1 X147.738 Y140.846 E728.27403
G1 X147.935 Y140.576 E728.28514
G1 X148.11 Y140.363 E728.29431
G1 X148.282 Y140.196 E728.30228
G1 X148.51 Y139.993 E728.31244
G1 X148.918 Y139.576 E728.33184
G1 X149.17 Y139.293 E728.34445
G1 X149.388 Y139.039 E728.35558
G1 X149.686 Y138.799 E728.3683
G1 X149.972 Y138.551 E728.38089
G1 X150.335 Y138.273 E728.3961
G1 X150.736 Y137.986 E728.4125
G1 X151.205 Y137.659 E728.43152
G1 X151.745 Y137.311 E728.45289
G1 X152.392 Y136.919 E728.47805
G1 X153.244 Y136.435 E728.51064
G1 X154.289 Y135.879 E728.55001
G1 X155.461 Y135.294 E728.59358
G1 X156.734 Y134.699 E728.64031
G1 X158.045 Y134.128 E728.68787
G1 X159.376 Y133.603 E728.73546
G1 X160.688 Y133.119 E728.78197
G1 X161.953 Y132.68 E728.82651
G1 X163.001 Y132.329 E728.86327
G1 X163.044 Y132.32 E728.86473
G1 X163.468 Y132.189 E728.87949
G1 X163.76 Y132.113 E728.88953
G1 X164.008 Y132.054 E728.898
G1 X164.602 Y131.93 E728.91819
G1 X164.931 Y131.866 E728.92933
G1 X167.042 Y131.444 E729.00094
G1 X168.636 Y131.129 E729.05498
G1 X168.933 Y131.08 E729.06499
G1 X169.367 Y131.031 E729.07952
G1 X170.164 Y130.963 E729.10612
G1 X172.103 Y130.826 E729.17077
G1 X173.238 Y130.756 E729.20859
G1 X174.209 Y130.7 E729.24094
G1 X174.851 Y130.672 E729.26232
G1 X175.266 Y130.664 E729.27612
G1 X175.579 Y130.673 E729.28654
G1 X180.213 Y130.977 E729.441
G1 X180.52 Y131.009 E729.45126
G1 X180.939 Y131.071 E729.46535
G1 X181.727 Y131.212 E729.49198
G1 X182.524 Y131.364 E729.51896
G1 X184.39 Y131.734 E729.58223
G1 X185.702 Y132.004 E729.62679
G1 X186.324 Y132.143 E729.64798
G1 X186.728 Y132.243 E729.66183
G1 X187.037 Y132.335 E729.67255
G1 X191.423 Y133.824 E729.82661
G1 X191.69 Y133.925 E729.8361
G1 X192.1 Y134.103 E729.85097
G1 X192.828 Y134.444 E729.8777
G1 X194.58 Y135.298 E729.94253
G1 X195.596 Y135.803 E729.98027
G1 X196.462 Y136.237 E730.01248
G1 X197.031 Y136.534 E730.03383
G1 X197.404 Y136.74 E730.048
G1 X197.616 Y136.87 E730.05628
G1 X198.108 Y137.196 E730.07591
G1 X200.457 Y138.768 E730.16992
G1 X201.195 Y139.258 E730.19938
G1 X201.52 Y139.477 E730.21241
G1 X201.774 Y139.661 E730.22285
G1 X202.04 Y139.871 E730.23412
G1 X202.718 Y140.442 E730.2636
G1 X203.332 Y140.971 E730.29056
G1 X204.188 Y141.717 E730.32832
G1 X205.039 Y142.469 E730.36609
G1 X205.763 Y143.113 E730.39832
G1 X206.235 Y143.547 E730.41965
G1 X206.543 Y143.843 E730.43386
G1 X206.753 Y144.065 E730.44402
G1 X209.811 Y147.551 E730.59825
G1 X210.008 Y147.794 E730.60866
G1 X210.261 Y148.137 E730.62283
G1 X210.718 Y148.792 E730.6494
G1 X211.307 Y149.66 E730.68429
G1 X211.807 Y150.405 E730.71413
G1 X212.619 Y151.631 E730.76304
G1 X212.968 Y152.163 E730.7842
G1 X213.316 Y152.71 E730.80576
G1 X213.531 Y153.066 E730.8196
G1 X213.655 Y153.293 E730.8282
G1 X213.815 Y153.613 E730.8401
G1 X215.725 Y157.491 E730.98388
G1 X215.845 Y157.756 E730.99355
G1 X216.009 Y158.17 E731.00836
G1 X216.229 Y158.777 E731.02984
G1 X216.552 Y159.696 E731.06224
G1 X217.164 Y161.498 E731.12553
G1 X217.585 Y162.767 E731.17
G1 X217.778 Y163.38 E731.19138
G1 X217.887 Y163.753 E731.2043
G1 X217.966 Y164.087 E731.21572
G1 X218.026 Y164.379 E731.22563
G1 X218.862 Y168.584 E731.36823
G1 X218.92 Y168.933 E731.38
G1 X218.969 Y169.367 E731.39452
G1 X219.037 Y170.161 E731.42103
G1 X219.174 Y172.103 E731.48578
G1 X219.244 Y173.238 E731.5236
G1 X219.3 Y174.206 E731.55585
G1 X219.328 Y174.846 E731.57716
G1 X219.336 Y175.262 E731.591
G1 X219.327 Y175.579 E731.60154
G1 X219.024 Y180.205 E731.75573
G1 X218.992 Y180.516 E731.76613
G1 X218.93 Y180.933 E731.78016
G1 X218.789 Y181.724 E731.80688
G1 X218.636 Y182.524 E731.83397
G1 X218.266 Y184.39 E731.89724
G1 X217.997 Y185.698 E731.94166
G1 X217.857 Y186.324 E731.96299
G1 X217.757 Y186.728 E731.97683
G1 X217.665 Y187.037 E731.98756
G1 X216.176 Y191.422 E732.14158
G1 X216.061 Y191.723 E732.1523
G1 X215.897 Y192.1 E732.16597
G1 X215.556 Y192.829 E732.19274
G1 X215.059 Y193.855 E732.23066
G1 X214.71 Y194.559 E732.25679
G1 X214.193 Y195.581 E732.29489
G1 X214.05 Y195.872 E732.30567
G1 X213.572 Y196.744 E732.33875
G1 X213.373 Y197.147 E732.35369
G1 X212.966 Y197.704 E732.37664
G1 X212.566 Y198.338 E732.40157
G1 X212.036 Y199.083 E732.43198
G1 X211.726 Y199.532 E732.45013
G1 X211.279 Y200.162 E732.47582
G1 X210.885 Y200.711 E732.4983
G1 X210.024 Y201.871 E732.54634
G1 X209.126 Y203.003 E732.5944
G1 X208.187 Y204.11 E732.64268
G1 X207.222 Y205.175 E732.69048
G1 X206.218 Y206.213 E732.73852
G1 X205.175 Y207.222 E732.78678
G1 X204.11 Y208.187 E732.83458
G1 X203.007 Y209.123 E732.8827
G1 X202.451 Y209.566 E732.90634
G1 X201.876 Y210.02 E732.93071
G1 X200.714 Y210.883 E732.97885
G1 X199.913 Y211.457 E733.01163
G1 X199.533 Y211.726 E733.02711
G1 X199.084 Y212.035 E733.04524
G1 X198.341 Y212.562 E733.07554
G1 X197.705 Y212.965 E733.10058
G1 X197.26 Y213.288 E733.11887
G1 X197.065 Y213.414 E733.12659
G1 X196.744 Y213.571 E733.13848
G1 X195.879 Y214.046 E733.1713
G1 X195.407 Y214.28 E733.18882
G1 X194.649 Y214.665 E733.2171
G1 X193.82 Y215.075 E733.24786
G1 X192.687 Y215.624 E733.28973
G1 X192.213 Y215.846 E733.30714
G1 X191.742 Y216.055 E733.32428
G1 X191.422 Y216.176 E733.33566
G1 X188.574 Y217.145 E733.43572
G1 X187.088 Y217.649 E733.48791
G1 X186.747 Y217.753 E733.49976
G1 X186.324 Y217.857 E733.51425
G1 X185.545 Y218.028 E733.54078
G1 X184.391 Y218.265 E733.57996
G1 X182.882 Y218.566 E733.63114
G1 X181.57 Y218.817 E733.67557
G1 X180.939 Y218.929 E733.69688
G1 X180.519 Y218.991 E733.711
G1 X180.269 Y219.018 E733.71937
G1 X177.205 Y219.221 E733.8215
G1 X175.58 Y219.327 E733.87566
G1 X175.266 Y219.336 E733.88611
G1 X174.931 Y219.331 E733.89725
G1 X174.429 Y219.31 E733.91396
G1 X174.049 Y219.291 E733.92662
G1 X173.24 Y219.244 E733.95357
G1 X172.037 Y219.16 E733.99368
G1 X170.705 Y219.041 E734.03816
G1 X169.317 Y218.887 E734.08461
G1 X167.984 Y218.693 E734.12941
G1 X166.705 Y218.477 E734.17255
G1 X165.509 Y218.25 E734.21304
G1 X164.157 Y217.981 E734.25889
G1 X163.783 Y217.893 E734.27167
G1 X163.384 Y217.779 E734.28547
G1 X162.768 Y217.584 E734.30696
G1 X161.845 Y217.281 E734.33927
G1 X161.501 Y217.163 E734.35137
G1 X160.771 Y216.92 E734.37696
G1 X158.802 Y216.242 E734.44622
G1 X158.213 Y216.031 E734.46703
G1 X157.854 Y215.891 E734.47985
G1 X157.584 Y215.77 E734.48969
G1 X156.408 Y215.193 E734.53326
G1 X156.079 Y215.029 E734.54548
G1 X153.298 Y213.659 E734.6486
G1 X153.004 Y213.501 E734.6597
G1 X152.663 Y213.293 E734.67298
G1 X152.01 Y212.872 E734.69882
G1 X151.742 Y212.693 E734.70954
G1 X151.344 Y212.432 E734.72537
G1 X150.403 Y211.806 E734.76296
G1 X148.659 Y210.627 E734.83298
G1 X148.173 Y210.288 E734.85269
G1 X147.794 Y210.008 E734.86836
G1 X147.551 Y209.811 E734.87877
G1 X145.031 Y207.599 E734.99029
G1 X144.365 Y207.018 E735.01969
G1 X144.065 Y206.754 E735.03298
G1 X143.843 Y206.543 E735.04316
G1 X143.547 Y206.235 E735.05737
G1 X143.007 Y205.644 E735.084
G1 X142.225 Y204.765 E735.12313
G1 X141.716 Y204.187 E735.14874
G1 X140.335 Y202.596 E735.21882
G1 X139.924 Y202.103 E735.24016
G1 X139.66 Y201.773 E735.25422
G1 X139.478 Y201.52 E735.26459
G1 X139.314 Y201.278 E735.27431
G1 X136.901 Y197.663 E735.41887
G1 X136.74 Y197.404 E735.42901
G1 X136.534 Y197.031 E735.44318
G1 X136.166 Y196.32 E735.46981
G1 X135.297 Y194.578 E735.53456
G1 X134.959 Y193.889 E735.56009
G1 X134.375 Y192.684 E735.60462
G1 X134.152 Y192.209 E735.62208
G1 X133.944 Y191.739 E735.63917
G1 X133.824 Y191.422 E735.65044
G1 X132.855 Y188.574 E735.7505
G1 X132.349 Y187.082 E735.8029
G1 X132.247 Y186.746 E735.81458
G1 X132.143 Y186.324 E735.82904
G1 X131.971 Y185.542 E735.85567
G1 X131.735 Y184.391 E735.89475
G1 X131.434 Y182.882 E735.94593
G1 X131.182 Y181.567 E735.99046
G1 X131.07 Y180.933 E736.01187
G1 X131.008 Y180.516 E736.02589
G1 X130.982 Y180.269 E736.03415
G1 X130.779 Y177.205 E736.13629
G1 X130.673 Y175.58 E736.19045
G1 X130.664 Y175.272 E736.2007
G1 X130.669 Y174.931 E736.21204
G1 X130.69 Y174.429 E736.22875
G1 X130.709 Y174.049 E736.24141
G1 X130.827 Y172.105 E736.30618
G1 X130.905 Y170.973 E736.34392
G1 X130.975 Y170.001 E736.37634
G1 X131.031 Y169.368 E736.39747
G1 X131.079 Y168.943 E736.4117
G1 X131.128 Y168.642 E736.42184
G1 X131.377 Y167.38 E736.46462
G1 X131.956 Y164.478 E736.56305
G1 X131.969 Y164.425 E736.56486
G1 X132.138 Y163.612 E736.59248
G1 X132.204 Y163.345 E736.60163
G1 X132.8 Y161.597 E736.66305
G1 X133.053 Y160.877 E736.68844
G1 X133.519 Y159.611 E736.73331
G1 X134.035 Y158.292 E736.78041
G1 X134.124 Y158.058 E736.78874
G1 X134.699 Y156.736 E736.83669
G1 X135.292 Y155.466 E736.88331
G1 X135.879 Y154.29 E736.92702
G1 X136.432 Y153.249 E736.96623
G1 X136.858 Y152.497 E736.99497
G1 X137.306 Y151.75 E737.02395
G1 X137.674 Y151.178 E737.04657
G1 X138.139 Y150.481 E737.07444
G1 X138.168 Y150.445 E737.07597
G1 X138.318 Y150.213 E737.08516
G1 X138.534 Y149.908 E737.09759
G1 X138.596 Y149.852 E737.10037
G1 X138.808 Y149.666 E737.10975
G1 X139 Y149.422 E737.12008
G1 X139.218 Y149.24 E737.12952
G1 X139.529 Y148.964 E737.14335
G1 X140.002 Y148.503 E737.16532
G1 X140.192 Y148.274 E737.17522
G1 X140.386 Y148.106 E737.18375
G1 X140.575 Y147.948 E737.19195
G1 X140.8 Y147.784 E737.20121
G1 X141.129 Y147.531 E737.21501
G1 X141.497 Y147.231 E737.2308
G1 X134.958 Y140.692 E737.53838
G1 X136.917 Y138.733 E737.63052
G1 X141.471 Y143.289 E737.84478
G1 X143.645 Y145.468 E737.94715
G1 X145.416 Y143.698 E738.03043
G1 X140.952 Y139.228 E738.24055
G1 X138.687 Y136.963 E738.34708
;TIME_ELAPSED:766.481240
;LAYER:69
;MESH:Warp_Reaction_Chamber_Lens.stl
G0 F12000 X138.687 Y136.963 Z14
;TYPE:WALL-OUTER
G1 F1893.7 X140.386 Y135.264 E738.427
G1 X146.973 Y141.851 E738.73683
G1 X147.376 Y141.369 E738.75773
G1 X147.692 Y140.965 E738.77479
G1 X147.869 Y140.728 E738.78463
G1 X148.055 Y140.489 E738.7947
G1 X148.235 Y140.297 E738.80345
G1 X148.428 Y140.131 E738.81192
G1 X148.853 Y139.72 E738.83158
G1 X149.078 Y139.477 E738.8426
G1 X149.267 Y139.263 E738.85209
G1 X149.447 Y139.055 E738.86124
G1 X149.772 Y138.794 E738.87511
G1 X150.093 Y138.518 E738.88919
G1 X150.416 Y138.271 E738.90271
G1 X150.804 Y137.993 E738.91859
G1 X151.28 Y137.663 E738.93785
G1 X151.769 Y137.349 E738.95718
G1 X152.472 Y136.926 E738.98447
G1 X153.27 Y136.473 E739.01499
G1 X154.312 Y135.919 E739.05424
G1 X155.481 Y135.335 E739.0977
G1 X156.754 Y134.741 E739.14442
G1 X158.063 Y134.171 E739.19191
G1 X159.393 Y133.646 E739.23947
G1 X160.702 Y133.163 E739.28588
G1 X161.96 Y132.726 E739.33017
G1 X162.992 Y132.381 E739.36636
G1 X163.02 Y132.375 E739.36731
G1 X163.461 Y132.239 E739.38266
G1 X163.806 Y132.149 E739.39452
G1 X164.071 Y132.088 E739.40357
G1 X164.642 Y131.97 E739.42296
G1 X168.622 Y131.178 E739.55793
G1 X168.958 Y131.123 E739.56925
G1 X169.375 Y131.076 E739.58321
G1 X170.011 Y131.021 E739.60444
G1 X170.975 Y130.95 E739.63659
G1 X172.108 Y130.873 E739.67436
G1 X172.956 Y130.819 E739.70263
G1 X174.209 Y130.746 E739.74437
G1 X174.849 Y130.718 E739.76568
G1 X175.299 Y130.71 E739.78065
G1 X175.58 Y130.72 E739.79
G1 X180.205 Y131.023 E739.94416
G1 X180.558 Y131.06 E739.95596
G1 X180.934 Y131.117 E739.96861
G1 X181.561 Y131.229 E739.9898
G1 X182.516 Y131.409 E740.02212
G1 X184.46 Y131.795 E740.08804
G1 X185.684 Y132.048 E740.12961
G1 X186.29 Y132.181 E740.15024
G1 X186.731 Y132.29 E740.16535
G1 X187.02 Y132.379 E740.17541
G1 X189.942 Y133.368 E740.27801
G1 X191.381 Y133.857 E740.32856
G1 X191.715 Y133.984 E740.34045
G1 X192.084 Y134.146 E740.35385
G1 X192.828 Y134.495 E740.38118
G1 X194.56 Y135.339 E740.44527
G1 X195.574 Y135.843 E740.48293
G1 X196.439 Y136.277 E740.51512
G1 X197.01 Y136.575 E740.53654
G1 X197.377 Y136.777 E740.55047
G1 X197.646 Y136.945 E740.56102
G1 X201.472 Y139.499 E740.71402
G1 X201.754 Y139.702 E740.72558
G1 X202.076 Y139.96 E740.7393
G1 X202.703 Y140.489 E740.76659
G1 X203.303 Y141.007 E740.79295
G1 X204.157 Y141.752 E740.83064
G1 X205.202 Y142.674 E740.877
G1 X205.731 Y143.146 E740.90058
G1 X206.161 Y143.539 E740.91995
G1 X206.507 Y143.871 E740.9359
G1 X206.725 Y144.103 E740.94649
G1 X209.773 Y147.578 E741.10023
G1 X209.978 Y147.83 E741.11103
G1 X210.223 Y148.163 E741.12478
G1 X210.495 Y148.55 E741.14052
G1 X211.137 Y149.49 E741.17838
G1 X211.769 Y150.43 E741.21605
G1 X212.539 Y151.593 E741.26244
G1 X212.929 Y152.186 E741.28605
G1 X213.276 Y152.732 E741.30756
G1 X213.493 Y153.09 E741.32149
G1 X213.642 Y153.369 E741.33201
G1 X215.672 Y157.482 E741.48456
G1 X215.834 Y157.847 E741.49784
G1 X215.967 Y158.19 E741.51008
G1 X216.187 Y158.795 E741.53149
G1 X216.508 Y159.712 E741.56381
G1 X216.875 Y160.785 E741.60152
G1 X217.236 Y161.861 E741.63927
G1 X217.541 Y162.779 E741.67145
G1 X217.733 Y163.39 E741.69275
G1 X217.85 Y163.795 E741.70677
G1 X217.922 Y164.1 E741.71719
G1 X218.826 Y168.648 E741.87142
G1 X218.877 Y168.958 E741.88187
G1 X218.924 Y169.375 E741.89582
G1 X218.979 Y170.009 E741.91699
G1 X219.05 Y170.975 E741.94921
G1 X219.127 Y172.107 E741.98694
G1 X219.181 Y172.955 E742.01521
G1 X219.254 Y174.206 E742.05689
G1 X219.282 Y174.843 E742.07809
G1 X219.29 Y175.296 E742.09316
G1 X219.28 Y175.58 E742.10261
G1 X218.977 Y180.205 E742.25677
G1 X218.94 Y180.558 E742.26858
G1 X218.884 Y180.929 E742.28106
G1 X218.771 Y181.561 E742.30241
G1 X218.591 Y182.516 E742.33473
G1 X218.205 Y184.46 E742.40065
G1 X217.952 Y185.686 E742.44229
G1 X217.813 Y186.31 E742.46355
G1 X217.71 Y186.73 E742.47793
G1 X217.621 Y187.02 E742.48802
G1 X217.443 Y187.551 E742.50665
G1 X217.357 Y187.8 E742.51541
G1 X216.632 Y189.942 E742.59063
G1 X216.143 Y191.381 E742.64118
G1 X216.016 Y191.715 E742.65306
G1 X215.854 Y192.084 E742.66646
G1 X215.505 Y192.829 E742.69383
G1 X215.043 Y193.782 E742.72905
G1 X214.659 Y194.558 E742.75785
G1 X214.159 Y195.543 E742.79459
G1 X214.004 Y195.856 E742.80621
G1 X213.499 Y196.779 E742.8412
G1 X213.328 Y197.124 E742.85401
G1 X212.982 Y197.596 E742.87347
G1 X212.529 Y198.315 E742.90174
G1 X212.062 Y198.972 E742.92855
G1 X211.692 Y199.51 E742.95026
G1 X211.372 Y199.963 E742.96871
G1 X210.851 Y200.687 E742.99838
G1 X209.992 Y201.847 E743.04639
G1 X209.09 Y202.982 E743.09461
G1 X208.161 Y204.077 E743.14237
G1 X207.192 Y205.147 E743.19038
G1 X206.189 Y206.184 E743.23836
G1 X205.147 Y207.192 E743.28658
G1 X204.077 Y208.161 E743.3346
G1 X202.982 Y209.09 E743.38236
G1 X201.852 Y209.988 E743.43036
G1 X200.687 Y210.851 E743.47859
G1 X199.964 Y211.371 E743.50821
G1 X199.509 Y211.691 E743.52671
G1 X198.973 Y212.061 E743.54837
G1 X198.318 Y212.525 E743.57507
G1 X197.596 Y212.982 E743.60349
G1 X197.124 Y213.328 E743.62295
G1 X196.779 Y213.499 E743.63576
G1 X195.853 Y214.005 E743.67086
G1 X195.772 Y214.048 E743.67391
G1 X195.466 Y214.198 E743.68524
G1 X194.628 Y214.624 E743.71651
G1 X193.743 Y215.062 E743.74935
G1 X192.667 Y215.583 E743.78911
G1 X192.089 Y215.852 E743.81032
G1 X191.674 Y216.032 E743.82536
G1 X191.404 Y216.134 E743.83496
G1 X188.491 Y217.124 E743.93729
G1 X188.236 Y217.208 E743.94622
G1 X187.05 Y217.613 E743.98791
G1 X186.712 Y217.715 E743.99965
G1 X186.314 Y217.812 E744.01327
G1 X185.854 Y217.915 E744.02895
G1 X184.738 Y218.149 E744.06688
G1 X182.794 Y218.536 E744.1328
G1 X181.564 Y218.772 E744.17446
G1 X180.934 Y218.883 E744.19574
G1 X180.506 Y218.947 E744.21013
G1 X180.205 Y218.977 E744.22019
G1 X175.604 Y219.28 E744.37355
G1 X175.219 Y219.29 E744.38636
G1 X174.849 Y219.282 E744.39867
G1 X174.03 Y219.244 E744.42594
G1 X173.241 Y219.198 E744.45223
G1 X172.04 Y219.114 E744.49227
G1 X170.709 Y218.995 E744.53672
G1 X169.322 Y218.841 E744.58313
G1 X167.988 Y218.647 E744.62797
G1 X166.716 Y218.431 E744.67088
G1 X165.518 Y218.205 E744.71143
G1 X164.118 Y217.925 E744.75891
G1 X163.785 Y217.847 E744.77029
G1 X163.394 Y217.734 E744.78383
G1 X162.78 Y217.54 E744.80524
G1 X161.859 Y217.237 E744.83749
G1 X160.786 Y216.876 E744.87514
G1 X159.721 Y216.511 E744.91259
G1 X158.816 Y216.198 E744.94444
G1 X158.238 Y215.992 E744.96485
G1 X157.833 Y215.833 E744.97932
G1 X157.604 Y215.729 E744.98768
G1 X157.305 Y215.584 E744.99874
G1 X153.277 Y213.596 E745.14814
G1 X153.022 Y213.458 E745.15778
G1 X152.686 Y213.253 E745.17087
G1 X152.017 Y212.822 E745.19734
G1 X151.81 Y212.683 E745.20563
G1 X151.367 Y212.393 E745.22324
G1 X150.43 Y211.769 E745.26069
G1 X149.276 Y210.991 E745.30698
G1 X148.687 Y210.59 E745.33068
G1 X148.163 Y210.223 E745.35196
G1 X147.825 Y209.974 E745.36592
G1 X147.579 Y209.773 E745.37648
G1 X144.103 Y206.725 E745.53025
G1 X143.86 Y206.497 E745.54133
G1 X143.579 Y206.202 E745.55488
G1 X143.146 Y205.73 E745.57619
G1 X142.5 Y205.008 E745.60841
G1 X141.752 Y204.157 E745.64609
G1 X140.837 Y203.106 E745.69244
G1 X140.372 Y202.568 E745.71609
G1 X139.963 Y202.08 E745.73727
G1 X139.698 Y201.749 E745.75137
G1 X139.515 Y201.492 E745.76187
G1 X139.327 Y201.216 E745.77297
G1 X137.803 Y198.933 E745.86427
G1 X136.953 Y197.663 E745.9151
G1 X136.769 Y197.365 E745.92675
G1 X136.576 Y197.011 E745.94016
G1 X136.197 Y196.28 E745.96754
G1 X135.717 Y195.321 E746.00321
G1 X135.339 Y194.56 E746.03147
G1 X134.416 Y192.666 E746.10155
G1 X134.146 Y192.085 E746.12286
G1 X133.968 Y191.674 E746.13776
G1 X133.866 Y191.404 E746.14736
G1 X132.875 Y188.489 E746.24976
G1 X132.792 Y188.236 E746.25861
G1 X132.385 Y187.044 E746.30051
G1 X132.283 Y186.707 E746.31222
G1 X132.187 Y186.311 E746.32577
G1 X132.084 Y185.851 E746.34145
G1 X131.851 Y184.738 E746.37927
G1 X131.464 Y182.794 E746.4452
G1 X131.228 Y181.564 E746.48685
G1 X131.116 Y180.929 E746.5083
G1 X131.053 Y180.506 E746.52252
G1 X131.023 Y180.205 E746.53259
G1 X130.72 Y175.604 E746.68595
G1 X130.71 Y175.224 E746.69859
G1 X130.718 Y174.849 E746.71107
G1 X130.747 Y174.209 E746.73237
G1 X130.82 Y172.956 E746.77412
G1 X130.873 Y172.108 E746.80238
G1 X130.951 Y170.977 E746.84009
G1 X131.021 Y170.007 E746.87243
G1 X131.076 Y169.376 E746.8935
G1 X131.13 Y168.915 E746.90894
G1 X131.174 Y168.646 E746.918
G1 X131.282 Y168.095 E746.93668
G1 X131.335 Y167.837 E746.94544
G1 X131.423 Y167.385 E746.96075
G1 X131.998 Y164.504 E747.05847
G1 X132.008 Y164.464 E747.05984
G1 X132.141 Y163.814 E747.0819
G1 X132.212 Y163.494 E747.09281
G1 X132.295 Y163.22 E747.10233
G1 X132.548 Y162.476 E747.12847
G1 X132.772 Y161.818 E747.15158
G1 X133.102 Y160.881 E747.18462
G1 X133.569 Y159.61 E747.22966
G1 X134.068 Y158.334 E747.27523
G1 X134.166 Y158.076 E747.28441
G1 X134.741 Y156.755 E747.33233
G1 X135.333 Y155.486 E747.3789
G1 X135.92 Y154.313 E747.42253
G1 X136.47 Y153.275 E747.4616
G1 X136.954 Y152.424 E747.49416
G1 X137.353 Y151.76 E747.51993
G1 X137.677 Y151.258 E747.5398
G1 X138.441 Y150.115 E747.58553
G1 X138.585 Y149.938 E747.59312
G1 X138.807 Y149.745 E747.6029
G1 X139.015 Y149.48 E747.6141
G1 X139.219 Y149.312 E747.62289
G1 X139.592 Y148.98 E747.6395
G1 X139.999 Y148.574 E747.65862
G1 X140.166 Y148.374 E747.66729
G1 X140.342 Y148.187 E747.67583
G1 X140.582 Y147.987 E747.68622
G1 X140.822 Y147.812 E747.6961
G1 X141.147 Y147.562 E747.70974
G1 X141.524 Y147.254 E747.72593
G1 X141.805 Y147.019 E747.73811
G1 X136.654 Y141.866 E747.98045
G1 X136.345 Y141.56 E747.99491
G1 X135.218 Y140.432 E748.04795
G1 X136.917 Y138.733 E748.12786
G1 X142.032 Y143.851 E748.36853
G1 X143.645 Y145.468 E748.44449
G1 X145.416 Y143.698 E748.52777
G1 X141.036 Y139.312 E748.73393
G1 X138.687 Y136.963 E748.84442
;MESH:NONMESH
G0 F300 X138.687 Y136.963 Z14.2
G0 F12000 X138.929 Y136.963
G0 X145.597 Y143.698
G0 X143.645 Y145.649
G0 X136.917 Y138.975
G0 X136.917 Y138.733
;TIME_ELAPSED:777.600693
;LAYER:70
;TYPE:WALL-OUTER
;MESH:Warp_Reaction_Chamber_Lens.stl
G1 F1895.1 X142.032 Y143.851 E749.08509
G1 X143.645 Y145.468 E749.16105
G1 X145.416 Y143.698 E749.24433
G1 X141.12 Y139.396 E749.44654
G1 X138.688 Y136.964 E749.56094
G1 X140.089 Y135.562 E749.62686
G1 X146.72 Y142.195 E749.93881
G1 X147.107 Y141.748 E749.95847
G1 X147.409 Y141.383 E749.97423
G1 X147.676 Y141.046 E749.98853
G1 X147.99 Y140.625 E750.006
G1 X148.174 Y140.411 E750.01539
G1 X148.377 Y140.224 E750.02456
G1 X148.599 Y140.042 E750.03411
G1 X148.786 Y139.858 E750.04284
G1 X149.031 Y139.609 E750.05446
G1 X149.282 Y139.327 E750.06701
G1 X149.509 Y139.067 E750.07849
G1 X149.858 Y138.787 E750.09338
G1 X150.204 Y138.492 E750.1085
G1 X150.503 Y138.265 E750.12098
G1 X151.023 Y137.895 E750.14221
G1 X151.308 Y137.7 E750.1537
G1 X151.863 Y137.345 E750.17561
G1 X152.499 Y136.963 E750.20028
G1 X153.297 Y136.511 E750.23079
G1 X154.335 Y135.959 E750.26989
G1 X155.502 Y135.376 E750.31328
G1 X156.773 Y134.783 E750.35993
G1 X158.081 Y134.213 E750.40738
G1 X159.41 Y133.689 E750.4549
G1 X160.716 Y133.207 E750.5012
G1 X161.967 Y132.772 E750.54525
G1 X162.974 Y132.436 E750.58056
G1 X162.994 Y132.432 E750.58124
G1 X163.477 Y132.282 E750.59806
G1 X163.802 Y132.198 E750.60922
G1 X164.106 Y132.127 E750.61961
G1 X165.555 Y131.835 E750.66877
G1 X168.655 Y131.219 E750.77389
G1 X168.992 Y131.166 E750.78524
G1 X169.414 Y131.117 E750.79937
G1 X170.213 Y131.052 E750.82603
G1 X171.182 Y130.982 E750.85834
G1 X172.11 Y130.919 E750.88928
G1 X173.04 Y130.86 E750.92028
G1 X174.275 Y130.79 E750.96142
G1 X174.863 Y130.763 E750.98099
G1 X175.283 Y130.756 E750.99497
G1 X175.601 Y130.766 E751.00555
G1 X180.21 Y131.069 E751.15917
G1 X180.495 Y131.1 E751.16871
G1 X180.66 Y131.122 E751.17425
G1 X180.955 Y131.166 E751.18417
G1 X181.751 Y131.31 E751.21107
G1 X182.705 Y131.494 E751.24339
G1 X183.617 Y131.673 E751.2743
G1 X185.678 Y132.093 E751.34426
G1 X185.739 Y132.108 E751.34635
G1 X186.311 Y132.233 E751.36582
G1 X186.721 Y132.337 E751.37989
G1 X187.037 Y132.431 E751.39085
G1 X191.396 Y133.912 E751.54397
G1 X191.716 Y134.035 E751.55538
G1 X192.098 Y134.202 E751.56924
G1 X192.827 Y134.546 E751.59605
G1 X194.539 Y135.38 E751.65939
G1 X196.42 Y136.319 E751.72932
G1 X196.995 Y136.618 E751.75087
G1 X197.373 Y136.829 E751.76527
G1 X197.638 Y136.993 E751.77564
G1 X201.471 Y139.556 E751.929
G1 X201.749 Y139.758 E751.94043
G1 X202.074 Y140.017 E751.95425
G1 X202.69 Y140.538 E751.98108
G1 X203.273 Y141.042 E752.00671
G1 X204.127 Y141.787 E752.04441
G1 X205.114 Y142.658 E752.08819
G1 X205.698 Y143.179 E752.11422
G1 X206.179 Y143.619 E752.1359
G1 X206.483 Y143.913 E752.14997
G1 X206.708 Y144.152 E752.16089
G1 X209.721 Y147.587 E752.31286
G1 X209.954 Y147.875 E752.32518
G1 X210.209 Y148.221 E752.33947
G1 X210.767 Y149.028 E752.37211
G1 X211.211 Y149.684 E752.39845
G1 X211.731 Y150.458 E752.42947
G1 X212.246 Y151.231 E752.46036
G1 X212.889 Y152.209 E752.49929
G1 X213.24 Y152.761 E752.52105
G1 X213.458 Y153.124 E752.53513
G1 X213.603 Y153.397 E752.54541
G1 X213.769 Y153.73 E752.55779
G1 X215.644 Y157.533 E752.69881
G1 X215.785 Y157.849 E752.71032
G1 X215.937 Y158.238 E752.72421
G1 X216.21 Y159 E752.75113
G1 X216.53 Y159.92 E752.78353
G1 X216.831 Y160.799 E752.81443
G1 X217.192 Y161.875 E752.85218
G1 X217.496 Y162.791 E752.88428
G1 X217.695 Y163.417 E752.90613
G1 X217.808 Y163.82 E752.92005
G1 X217.884 Y164.14 E752.93099
G1 X218.781 Y168.655 E753.08409
G1 X218.833 Y168.986 E753.09524
G1 X218.883 Y169.414 E753.10957
G1 X218.948 Y170.211 E753.13617
G1 X219.018 Y171.182 E753.16855
G1 X219.081 Y172.11 E753.19948
G1 X219.14 Y173.039 E753.23044
G1 X219.208 Y174.206 E753.26932
G1 X219.237 Y174.857 E753.291
G1 X219.244 Y175.28 E753.30507
G1 X219.234 Y175.601 E753.31575
G1 X218.932 Y180.202 E753.46911
G1 X218.901 Y180.49 E753.47874
G1 X218.878 Y180.66 E753.48445
G1 X218.834 Y180.955 E753.49437
G1 X218.69 Y181.751 E753.52127
G1 X218.506 Y182.705 E753.55359
G1 X218.327 Y183.617 E753.5845
G1 X217.908 Y185.675 E753.65436
G1 X217.767 Y186.311 E753.67602
G1 X217.663 Y186.721 E753.69009
G1 X217.569 Y187.037 E753.70106
G1 X216.088 Y191.396 E753.85418
G1 X215.965 Y191.716 E753.86558
G1 X215.798 Y192.098 E753.87945
G1 X215.454 Y192.828 E753.90629
G1 X215.024 Y193.716 E753.9391
G1 X214.608 Y194.556 E753.97028
G1 X214.088 Y195.58 E754.00848
G1 X213.967 Y195.827 E754.01762
G1 X213.425 Y196.815 E754.05511
G1 X213.286 Y197.096 E754.06553
G1 X212.999 Y197.489 E754.08172
G1 X212.492 Y198.292 E754.1133
G1 X212.087 Y198.862 E754.13656
G1 X211.659 Y199.484 E754.16167
G1 X211.036 Y200.361 E754.19745
G1 X210.818 Y200.663 E754.20984
G1 X209.959 Y201.822 E754.25782
G1 X209.062 Y202.951 E754.30578
G1 X208.39 Y203.745 E754.34038
G1 X208.125 Y204.055 E754.35394
G1 X207.433 Y204.821 E754.38828
G1 X207.162 Y205.118 E754.40165
G1 X206.16 Y206.155 E754.44961
G1 X205.123 Y207.158 E754.4976
G1 X204.05 Y208.13 E754.54575
G1 X202.956 Y209.058 E754.59346
G1 X201.827 Y209.955 E754.64142
G1 X200.665 Y210.816 E754.68953
G1 X200.015 Y211.282 E754.71613
G1 X199.487 Y211.657 E754.73767
G1 X198.864 Y212.086 E754.76283
G1 X198.295 Y212.488 E754.786
G1 X197.489 Y212.999 E754.81774
G1 X197.097 Y213.286 E754.8339
G1 X196.814 Y213.425 E754.84438
G1 X195.9 Y213.928 E754.87908
G1 X194.607 Y214.582 E754.92728
G1 X193.665 Y215.048 E754.96223
G1 X192.652 Y215.539 E754.99967
G1 X192.061 Y215.814 E755.02135
G1 X191.664 Y215.987 E755.03576
G1 X191.365 Y216.099 E755.04638
G1 X187.007 Y217.579 E755.19946
G1 X186.678 Y217.676 E755.21086
G1 X186.267 Y217.777 E755.22494
G1 X185.483 Y217.947 E755.25162
G1 X184.728 Y218.105 E755.27728
G1 X184.532 Y218.142 E755.28391
G1 X183.617 Y218.327 E755.31496
G1 X182.507 Y218.545 E755.35258
G1 X181.558 Y218.726 E755.38472
G1 X180.917 Y218.84 E755.40637
G1 X180.493 Y218.901 E755.42062
G1 X180.177 Y218.934 E755.43119
G1 X179.422 Y218.982 E755.45635
G1 X178.917 Y219.017 E755.47319
G1 X175.568 Y219.235 E755.58481
G1 X175.237 Y219.244 E755.59582
G1 X174.818 Y219.236 E755.60976
G1 X174.011 Y219.197 E755.63663
G1 X173.243 Y219.152 E755.66222
G1 X172.043 Y219.068 E755.70223
G1 X170.713 Y218.949 E755.74664
G1 X169.326 Y218.795 E755.79306
G1 X167.993 Y218.601 E755.83786
G1 X166.722 Y218.386 E755.88074
G1 X165.742 Y218.202 E755.9139
G1 X164.577 Y217.971 E755.9534
G1 X164.145 Y217.883 E755.96807
G1 X164.11 Y217.878 E755.96924
G1 X163.784 Y217.799 E755.9804
G1 X163.368 Y217.68 E755.99479
G1 X162.794 Y217.496 E756.01484
G1 X161.872 Y217.193 E756.04712
G1 X160.802 Y216.832 E756.08468
G1 X159.737 Y216.468 E756.12211
G1 X158.833 Y216.156 E756.15392
G1 X158.735 Y216.119 E756.1574
G1 X158.244 Y215.944 E756.17474
G1 X157.871 Y215.798 E756.18806
G1 X157.592 Y215.674 E756.19822
G1 X153.298 Y213.556 E756.35746
G1 X153.028 Y213.408 E756.3677
G1 X152.681 Y213.196 E756.38123
G1 X152.026 Y212.772 E756.40718
G1 X151.225 Y212.243 E756.43911
G1 X150.456 Y211.73 E756.46985
G1 X149.365 Y210.996 E756.51359
G1 X148.715 Y210.554 E756.53973
G1 X148.179 Y210.18 E756.56147
G1 X147.843 Y209.93 E756.5754
G1 X147.606 Y209.737 E756.58557
G1 X144.122 Y206.682 E756.73968
G1 X143.919 Y206.487 E756.74905
G1 X143.797 Y206.364 E756.75481
G1 X143.587 Y206.146 E756.76488
G1 X143.047 Y205.551 E756.7916
G1 X142.401 Y204.825 E756.82392
G1 X141.787 Y204.127 E756.85484
G1 X140.922 Y203.134 E756.89864
G1 X140.408 Y202.54 E756.92477
G1 X139.988 Y202.039 E756.94651
G1 X139.754 Y201.742 E756.95909
G1 X139.549 Y201.462 E756.97063
G1 X136.975 Y197.61 E757.12472
G1 X136.799 Y197.323 E757.13592
G1 X136.6 Y196.96 E757.14969
G1 X136.229 Y196.24 E757.17663
G1 X135.794 Y195.372 E757.20892
G1 X135.379 Y194.537 E757.23993
G1 X134.802 Y193.355 E757.28368
G1 X134.46 Y192.649 E757.30977
G1 X134.186 Y192.061 E757.33135
G1 X134.013 Y191.664 E757.34575
G1 X133.901 Y191.366 E757.35634
G1 X132.421 Y187.007 E757.50945
G1 X132.324 Y186.677 E757.52089
G1 X132.223 Y186.267 E757.53493
G1 X132.053 Y185.483 E757.56162
G1 X131.895 Y184.728 E757.58727
G1 X131.858 Y184.532 E757.59391
G1 X131.673 Y183.617 E757.62495
G1 X131.455 Y182.507 E757.66258
G1 X131.273 Y181.555 E757.69482
G1 X131.159 Y180.911 E757.71657
G1 X131.098 Y180.489 E757.73075
G1 X131.065 Y180.169 E757.74145
G1 X131.018 Y179.422 E757.76634
G1 X130.983 Y178.917 E757.78318
G1 X130.765 Y175.568 E757.8948
G1 X130.756 Y175.242 E757.90565
G1 X130.764 Y174.818 E757.91976
G1 X130.804 Y174.011 E757.94663
G1 X130.861 Y173.04 E757.97898
G1 X130.919 Y172.111 E758.00994
G1 X130.997 Y170.982 E758.04758
G1 X131.066 Y170.013 E758.07989
G1 X131.123 Y169.368 E758.10143
G1 X131.172 Y168.938 E758.11582
G1 X131.223 Y168.63 E758.1262
G1 X132.042 Y164.521 E758.26556
G1 X132.259 Y163.49 E758.3006
G1 X132.346 Y163.214 E758.31023
G1 X132.817 Y161.827 E758.35895
G1 X133.15 Y160.884 E758.39221
G1 X133.443 Y160.082 E758.42061
G1 X133.618 Y159.61 E758.43735
G1 X134.101 Y158.376 E758.48143
G1 X134.208 Y158.095 E758.49143
G1 X134.683 Y157 E758.53112
G1 X134.859 Y156.612 E758.5453
G1 X135.374 Y155.507 E758.58584
G1 X135.882 Y154.487 E758.62374
G1 X136.507 Y153.301 E758.66833
G1 X137.001 Y152.433 E758.70155
G1 X137.398 Y151.777 E758.72705
G1 X137.711 Y151.288 E758.74636
G1 X138.388 Y150.276 E758.78686
G1 X138.533 Y150.07 E758.79524
G1 X138.578 Y150.022 E758.79743
G1 X138.804 Y149.826 E758.80738
G1 X139.028 Y149.542 E758.81941
G1 X139.219 Y149.383 E758.82767
G1 X139.581 Y149.062 E758.84377
G1 X139.812 Y148.833 E758.85458
G1 X139.995 Y148.646 E758.86329
G1 X140.174 Y148.43 E758.87262
G1 X140.348 Y148.233 E758.88136
G1 X140.536 Y148.079 E758.88944
G1 X140.792 Y147.877 E758.90029
G1 X141 Y147.722 E758.90892
G1 X141.337 Y147.455 E758.92322
G1 X141.702 Y147.153 E758.93897
G1 X141.908 Y146.976 E758.94801
G1 X142.146 Y146.765 E758.95858
G1 X135.515 Y140.135 E759.27046
G1 X136.917 Y138.733 E759.33641
;MESH:NONMESH
G0 F300 X136.917 Y138.733 Z14.4
G0 F12000 X136.849 Y138.801
;TIME_ELAPSED:787.991292
;LAYER:71
;TYPE:WALL-OUTER
;MESH:Warp_Reaction_Chamber_Lens.stl
G1 F1891.6 X143.571 Y145.527 E759.65269
G1 X143.871 Y145.257 E759.66611
G1 X144.164 Y144.967 E759.67982
G1 X144.907 Y144.223 E759.71479
G1 X145.284 Y143.847 E759.7325
G1 X145.468 Y143.613 E759.7424
G1 X142.851 Y140.992 E759.86559
G1 X138.755 Y136.896 E760.05826
G1 X139.739 Y135.911 E760.10456
G1 X146.412 Y142.584 E760.41844
G1 X146.823 Y142.131 E760.43879
G1 X147.145 Y141.758 E760.45517
G1 X147.442 Y141.398 E760.4707
G1 X147.706 Y141.066 E760.4848
G1 X148.017 Y140.649 E760.50211
G1 X148.188 Y140.456 E760.51068
G1 X148.436 Y140.229 E760.52187
G1 X148.67 Y140.039 E760.53189
G1 X148.857 Y139.857 E760.54057
G1 X149.097 Y139.617 E760.55186
G1 X149.388 Y139.289 E760.56644
G1 X149.565 Y139.085 E760.57543
G1 X149.957 Y138.768 E760.59219
G1 X150.101 Y138.639 E760.59862
G1 X150.327 Y138.459 E760.60823
G1 X150.591 Y138.258 E760.61927
G1 X150.934 Y138.012 E760.63331
G1 X151.361 Y137.723 E760.65046
G1 X151.854 Y137.405 E760.66997
G1 X152.481 Y137.027 E760.69432
G1 X153.323 Y136.549 E760.72652
G1 X154.358 Y135.999 E760.76551
G1 X155.523 Y135.417 E760.80882
G1 X156.792 Y134.825 E760.85539
G1 X158.1 Y134.256 E760.90284
G1 X159.426 Y133.732 E760.95026
G1 X160.73 Y133.251 E760.99649
G1 X161.975 Y132.818 E761.04033
G1 X162.97 Y132.487 E761.07521
G1 X163.474 Y132.331 E761.09275
G1 X163.825 Y132.24 E761.10481
G1 X164.09 Y132.179 E761.11386
G1 X165.45 Y131.903 E761.16001
G1 X168.656 Y131.266 E761.26873
G1 X169.02 Y131.209 E761.28098
G1 X169.384 Y131.168 E761.29317
G1 X170.023 Y131.113 E761.3145
G1 X170.985 Y131.042 E761.34658
G1 X172.114 Y130.965 E761.38422
G1 X173.125 Y130.901 E761.41791
G1 X174.209 Y130.838 E761.45403
G1 X174.852 Y130.809 E761.47544
G1 X175.295 Y130.803 E761.49017
G1 X175.6 Y130.813 E761.50032
G1 X180.2 Y131.115 E761.65365
G1 X180.549 Y131.152 E761.66532
G1 X180.919 Y131.208 E761.67777
G1 X181.491 Y131.31 E761.69709
G1 X182.496 Y131.499 E761.7311
G1 X182.615 Y131.524 E761.73515
G1 X183.608 Y131.718 E761.7688
G1 X185.667 Y132.138 E761.83869
G1 X186.289 Y132.275 E761.85988
G1 X186.65 Y132.367 E761.87227
G1 X186.991 Y132.467 E761.88409
G1 X187.392 Y132.6 E761.89814
G1 X191.374 Y133.953 E762.03802
G1 X191.718 Y134.086 E762.05028
G1 X192.049 Y134.232 E762.06232
G1 X192.34 Y134.366 E762.07297
G1 X192.827 Y134.597 E762.0909
G1 X194.519 Y135.422 E762.15351
G1 X195.531 Y135.924 E762.19108
G1 X196.394 Y136.358 E762.22321
G1 X196.968 Y136.656 E762.24472
G1 X197.327 Y136.855 E762.25837
G1 X197.613 Y137.032 E762.26956
G1 X200.278 Y138.812 E762.37615
G1 X201.439 Y139.59 E762.42264
G1 X201.737 Y139.807 E762.4349
G1 X202.022 Y140.035 E762.44704
G1 X202.466 Y140.408 E762.46632
G1 X203.245 Y141.078 E762.5005
G1 X204.098 Y141.822 E762.53814
G1 X204.855 Y142.488 E762.57168
G1 X205.666 Y143.21 E762.60779
G1 X206.139 Y143.643 E762.62912
G1 X206.459 Y143.955 E762.64399
G1 X206.674 Y144.184 E762.65443
G1 X209.704 Y147.638 E762.80725
G1 X209.935 Y147.926 E762.81953
G1 X210.149 Y148.217 E762.83155
G1 X210.333 Y148.479 E762.84219
G1 X210.7 Y149.012 E762.86372
G1 X211.129 Y149.643 E762.8891
G1 X211.692 Y150.481 E762.92267
G1 X212.378 Y151.516 E762.96397
G1 X212.849 Y152.233 E762.99251
G1 X213.198 Y152.78 E763.01409
G1 X213.424 Y153.16 E763.02879
G1 X213.574 Y153.438 E763.0393
G1 X215.588 Y157.523 E763.19078
G1 X215.733 Y157.847 E763.20259
G1 X215.825 Y158.076 E763.2108
G1 X215.993 Y158.526 E763.22677
G1 X216.174 Y159.036 E763.24477
G1 X216.46 Y159.858 E763.27372
G1 X216.788 Y160.813 E763.3073
G1 X217.452 Y162.802 E763.37705
G1 X217.645 Y163.413 E763.39836
G1 X217.766 Y163.844 E763.41325
G1 X217.838 Y164.15 E763.4237
G1 X218.734 Y168.656 E763.57651
G1 X218.79 Y169.011 E763.58846
G1 X218.832 Y169.384 E763.60095
G1 X218.887 Y170.021 E763.62221
G1 X218.958 Y170.985 E763.65436
G1 X219.035 Y172.114 E763.692
G1 X219.099 Y173.123 E763.72563
G1 X219.162 Y174.206 E763.76171
G1 X219.191 Y174.846 E763.78302
G1 X219.197 Y175.292 E763.79785
G1 X219.187 Y175.6 E763.8081
G1 X218.886 Y180.192 E763.96116
G1 X218.848 Y180.549 E763.9731
G1 X218.793 Y180.914 E763.98538
G1 X218.69 Y181.491 E764.00487
G1 X218.501 Y182.496 E764.03888
G1 X218.476 Y182.615 E764.04293
G1 X218.282 Y183.608 E764.07658
G1 X217.862 Y185.667 E764.14647
G1 X217.725 Y186.289 E764.16766
G1 X217.635 Y186.643 E764.17981
G1 X217.533 Y186.991 E764.19187
G1 X217.4 Y187.392 E764.20592
G1 X216.047 Y191.374 E764.3458
G1 X215.914 Y191.718 E764.35806
G1 X215.768 Y192.049 E764.3701
G1 X215.634 Y192.34 E764.38075
G1 X215.402 Y192.829 E764.39875
G1 X215.013 Y193.635 E764.42852
G1 X214.561 Y194.548 E764.4624
G1 X214.543 Y194.58 E764.46363
G1 X213.922 Y195.811 E764.50948
G1 X213.351 Y196.85 E764.54892
G1 X213.245 Y197.068 E764.55698
G1 X213.016 Y197.382 E764.5699
G1 X212.455 Y198.269 E764.60481
G1 X212.113 Y198.751 E764.62447
G1 X211.622 Y199.464 E764.65326
G1 X211.197 Y200.066 E764.67777
G1 X210.784 Y200.639 E764.70126
G1 X209.927 Y201.797 E764.74918
G1 X209.027 Y202.929 E764.79728
G1 X208.099 Y204.023 E764.84499
G1 X207.132 Y205.09 E764.89289
G1 X206.131 Y206.126 E764.9408
G1 X205.09 Y207.132 E764.98895
G1 X204.027 Y208.095 E765.03666
G1 X202.929 Y209.027 E765.08456
G1 X201.802 Y209.923 E765.13245
G1 X200.639 Y210.784 E765.18058
G1 X200.067 Y211.196 E765.20402
G1 X199.464 Y211.622 E765.22858
G1 X198.753 Y212.112 E765.2573
G1 X198.277 Y212.448 E765.27668
G1 X197.382 Y213.016 E765.31193
G1 X197.068 Y213.245 E765.32486
G1 X196.85 Y213.352 E765.33294
G1 X195.844 Y213.905 E765.37112
G1 X194.587 Y214.541 E765.41797
G1 X193.588 Y215.035 E765.45504
G1 X192.632 Y215.498 E765.49037
G1 X192.053 Y215.768 E765.51162
G1 X191.68 Y215.93 E765.52514
G1 X191.349 Y216.056 E765.53692
G1 X186.999 Y217.532 E765.68971
G1 X186.723 Y217.613 E765.69927
G1 X186.448 Y217.686 E765.70874
G1 X186.294 Y217.723 E765.714
G1 X185.665 Y217.861 E765.73542
G1 X184.642 Y218.073 E765.77017
G1 X183.608 Y218.282 E765.80526
G1 X182.393 Y218.52 E765.84644
G1 X181.552 Y218.68 E765.87491
G1 X180.921 Y218.793 E765.89623
G1 X180.472 Y218.858 E765.91132
G1 X180.173 Y218.888 E765.92131
G1 X179.46 Y218.933 E765.94508
G1 X175.573 Y219.189 E766.07464
G1 X175.217 Y219.197 E766.08648
G1 X174.852 Y219.19 E766.09862
G1 X174.53 Y219.177 E766.10934
G1 X173.883 Y219.143 E766.13089
G1 X173.24 Y219.107 E766.15231
G1 X172.049 Y219.022 E766.19203
G1 X170.856 Y218.917 E766.23186
G1 X169.331 Y218.749 E766.28289
G1 X167.998 Y218.555 E766.32769
G1 X166.728 Y218.34 E766.37053
G1 X165.54 Y218.116 E766.41074
G1 X164.128 Y217.834 E766.45863
G1 X163.776 Y217.749 E766.47067
G1 X163.42 Y217.646 E766.483
G1 X162.803 Y217.451 E766.50452
G1 X161.813 Y217.123 E766.53921
G1 X160.815 Y216.789 E766.57421
G1 X158.85 Y216.113 E766.64333
G1 X158.265 Y215.903 E766.664
G1 X157.877 Y215.75 E766.67787
G1 X157.61 Y215.631 E766.6876
G1 X153.326 Y213.518 E766.84647
G1 X153.035 Y213.358 E766.85752
G1 X152.734 Y213.174 E766.86925
G1 X152.473 Y213.008 E766.87954
G1 X151.416 Y212.315 E766.92158
G1 X150.48 Y211.692 E766.95897
G1 X149.455 Y211.002 E767.00007
G1 X148.744 Y210.518 E767.02868
G1 X148.221 Y210.153 E767.04989
G1 X147.856 Y209.881 E767.06503
G1 X147.618 Y209.687 E767.07524
G1 X144.158 Y206.652 E767.22832
G1 X143.898 Y206.403 E767.2403
G1 X143.645 Y206.139 E767.25246
G1 X143.211 Y205.665 E767.27383
G1 X142.489 Y204.856 E767.3099
G1 X141.821 Y204.097 E767.34353
G1 X141.007 Y203.162 E767.38476
G1 X140.445 Y202.512 E767.41334
G1 X140.031 Y202.019 E767.43475
G1 X139.753 Y201.666 E767.4497
G1 X139.575 Y201.418 E767.45985
G1 X137.022 Y197.598 E767.61267
G1 X136.873 Y197.352 E767.62223
G1 X136.656 Y196.967 E767.63693
G1 X136.359 Y196.393 E767.65843
G1 X135.922 Y195.531 E767.69057
G1 X134.976 Y193.611 E767.76176
G1 X134.502 Y192.632 E767.79794
G1 X134.23 Y192.049 E767.81933
G1 X134.07 Y191.68 E767.83271
G1 X133.944 Y191.349 E767.84449
G1 X132.468 Y186.999 E767.99727
G1 X132.387 Y186.723 E768.00684
G1 X132.313 Y186.444 E768.01644
G1 X132.276 Y186.29 E768.02171
G1 X132.139 Y185.665 E768.04299
G1 X131.927 Y184.642 E768.07774
G1 X131.718 Y183.608 E768.11283
G1 X131.48 Y182.393 E768.154
G1 X131.319 Y181.549 E768.18258
G1 X131.206 Y180.915 E768.204
G1 X131.142 Y180.47 E768.21895
G1 X131.112 Y180.173 E768.22888
G1 X131.067 Y179.46 E768.25264
G1 X130.811 Y175.573 E768.38221
G1 X130.803 Y175.221 E768.39392
G1 X130.81 Y174.852 E768.40619
G1 X130.823 Y174.531 E768.41688
G1 X130.894 Y173.243 E768.45978
G1 X130.965 Y172.114 E768.49741
G1 X131.112 Y170.019 E768.56726
G1 X131.167 Y169.385 E768.58842
G1 X131.22 Y168.933 E768.60356
G1 X131.269 Y168.638 E768.61351
G1 X131.386 Y168.048 E768.63351
G1 X132.084 Y164.546 E768.75228
G1 X132.197 Y164.001 E768.77079
G1 X132.303 Y163.509 E768.78753
G1 X132.396 Y163.211 E768.79792
G1 X132.863 Y161.835 E768.84625
G1 X133.198 Y160.887 E768.87969
G1 X133.667 Y159.609 E768.92497
G1 X134.135 Y158.418 E768.96753
G1 X134.25 Y158.114 E768.97834
G1 X134.825 Y156.793 E769.02626
G1 X135.415 Y155.528 E769.07268
G1 X135.953 Y154.448 E769.11281
G1 X136.545 Y153.327 E769.15498
G1 X137.026 Y152.48 E769.18737
G1 X137.436 Y151.801 E769.21375
G1 X137.746 Y151.32 E769.23279
G1 X138.195 Y150.652 E769.25956
G1 X138.356 Y150.406 E769.26934
G1 X138.516 Y150.176 E769.27866
G1 X138.802 Y149.906 E769.29174
G1 X139.042 Y149.601 E769.30465
G1 X139.253 Y149.424 E769.31381
G1 X139.53 Y149.18 E769.32608
G1 X139.761 Y148.95 E769.33692
G1 X139.978 Y148.728 E769.34725
G1 X140.355 Y148.277 E769.3668
G1 X140.527 Y148.13 E769.37433
G1 X140.727 Y147.972 E769.3828
G1 X141.02 Y147.751 E769.39501
G1 X141.352 Y147.488 E769.4091
G1 X141.712 Y147.191 E769.42462
G1 X142.085 Y146.869 E769.44101
G1 X142.538 Y146.458 E769.46135
G1 X137.757 Y141.679 E769.68619
G1 X137.302 Y141.221 E769.70766
G1 X135.865 Y139.785 E769.77523
G1 X136.849 Y138.801 E769.82152
;TIME_ELAPSED:798.306637
G1 F2100 E768.32152
M140 S0
M107
G91 ;Relative positioning
G1 E-2 F2700 ;Retract a bit
G1 E-2 Z0.2 F2400 ;Retract and raise Z
G1 X5 Y5 F3000 ;Wipe out
G1 Z10 ;Raise Z more
G90 ;Absolute positionning

G1 X0 Y350 ;Present print
M106 S0 ;Turn-off fan
M104 S0 ;Turn-off hotend
M140 S0 ;Turn-off bed

M84 X Y E ;Disable all steppers but Z

M82 ;absolute extrusion mode
M104 S0
;End of Gcode
;SETTING_3 {"extruder_quality": ["[general]\\nversion = 4\\nname = Standard 1 - 
;SETTING_3 DD+Tree Support\\ndefinition = creality_ender5plus\\n\\n[metadata]\\n
;SETTING_3 intent_category = default\\nquality_type = standard\\nsetting_version
;SETTING_3  = 16\\nposition = 0\\ntype = quality_changes\\n\\n[values]\\nbottom_
;SETTING_3 layers = 0\\ninfill_sparse_density = 0\\nmaterial_print_temperature =
;SETTING_3  210\\nretraction_amount = 1.5\\nretraction_speed = 35\\nskirt_line_c
;SETTING_3 ount = 1\\ntop_layers = 0\\nwall_line_count = 1\\nz_seam_type = short
;SETTING_3 est\\n\\n"], "global_quality": "[general]\\nversion = 4\\nname = Stan
;SETTING_3 dard 1 - DD+Tree Support\\ndefinition = creality_ender5plus\\n\\n[met
;SETTING_3 adata]\\nquality_type = standard\\nsetting_version = 16\\ntype = qual
;SETTING_3 ity_changes\\n\\n[values]\\nadhesion_type = skirt\\nsupport_enable = 
;SETTING_3 False\\nsupport_structure = tree\\nsupport_type = buildplate\\n\\n"}
